timestamp,uptime_s,device_name,device_suffix,hostname,run_id,channel,operation,payload_bytes,elapsed_ms,fl_round,client_id,sample_label,sample_label_name
11:00:35.265,0.8,gateway,gateway_A,raspberrypi,2,ESP32->RPi,deserialize,116,0.079,0,esp32_edge_normal_2,0,normal
11:00:36.055,1.6,gateway,gateway_A,raspberrypi,2,ESP32->RPi,deserialize,120,0.062,0,esp32_edge_normal_3,0,normal
11:00:36.920,2.4,gateway,gateway_A,raspberrypi,2,ESP32->RPi,deserialize,115,0.065,0,esp32_edge_normal_1,0,normal
11:00:38.268,3.8,gateway,gateway_A,raspberrypi,2,ESP32->RPi,deserialize,119,0.12,0,esp32_edge_normal_2,0,normal
11:00:41.054,6.6,gateway,gateway_A,raspberrypi,2,ESP32->RPi,deserialize,121,0.135,0,esp32_edge_normal_3,0,normal
11:00:41.918,7.4,gateway,gateway_A,raspberrypi,2,ESP32->RPi,deserialize,115,0.064,0,esp32_edge_normal_1,0,normal
11:00:43.265,8.8,gateway,gateway_A,raspberrypi,2,ESP32->RPi,deserialize,117,0.063,0,esp32_edge_normal_2,0,normal
11:00:46.054,11.6,gateway,gateway_A,raspberrypi,2,ESP32->RPi,deserialize,118,0.06,0,esp32_edge_normal_3,0,normal
11:00:46.919,12.4,gateway,gateway_A,raspberrypi,2,ESP32->RPi,deserialize,116,0.135,0,esp32_edge_normal_1,0,normal
11:00:48.269,13.8,gateway,gateway_A,raspberrypi,2,ESP32->RPi,deserialize,115,0.243,0,esp32_edge_normal_2,0,normal
11:00:51.054,16.6,gateway,gateway_A,raspberrypi,2,ESP32->RPi,deserialize,121,0.137,0,esp32_edge_normal_3,0,normal
11:00:51.917,17.4,gateway,gateway_A,raspberrypi,2,ESP32->RPi,deserialize,115,0.066,0,esp32_edge_normal_1,0,normal
11:00:53.315,18.8,gateway,gateway_A,raspberrypi,2,ESP32->RPi,deserialize,115,0.06,0,esp32_edge_normal_2,0,normal
11:00:56.071,21.6,gateway,gateway_A,raspberrypi,2,ESP32->RPi,deserialize,121,0.063,0,esp32_edge_normal_3,0,normal
11:00:56.983,22.5,gateway,gateway_A,raspberrypi,2,ESP32->RPi,deserialize,114,0.135,0,esp32_edge_normal_1,0,normal
11:00:58.418,23.9,gateway,gateway_A,raspberrypi,2,ESP32->RPi,deserialize,116,0.207,0,esp32_edge_normal_2,0,normal
11:01:01.085,26.6,gateway,gateway_A,raspberrypi,2,ESP32->RPi,deserialize,118,0.093,0,esp32_edge_normal_3,0,normal
11:01:01.932,27.4,gateway,gateway_A,raspberrypi,2,ESP32->RPi,deserialize,117,0.115,0,esp32_edge_normal_1,0,normal
11:01:03.270,28.8,gateway,gateway_A,raspberrypi,2,ESP32->RPi,deserialize,116,0.136,0,esp32_edge_normal_2,0,normal
11:01:06.099,31.6,gateway,gateway_A,raspberrypi,2,ESP32->RPi,deserialize,118,0.131,0,esp32_edge_normal_3,0,normal
11:01:06.929,32.4,gateway,gateway_A,raspberrypi,2,ESP32->RPi,deserialize,121,0.135,0,esp32_edge_normal_1,0,normal
11:01:08.339,33.8,gateway,gateway_A,raspberrypi,2,ESP32->RPi,deserialize,116,0.136,0,esp32_edge_normal_2,0,normal
11:01:11.097,36.6,gateway,gateway_A,raspberrypi,2,ESP32->RPi,deserialize,114,0.13,0,esp32_edge_normal_3,0,normal
11:01:11.924,37.4,gateway,gateway_A,raspberrypi,2,ESP32->RPi,deserialize,119,0.135,0,esp32_edge_normal_1,0,normal
11:01:13.281,38.8,gateway,gateway_A,raspberrypi,2,ESP32->RPi,deserialize,113,0.119,0,esp32_edge_normal_2,0,normal
11:01:16.110,41.6,gateway,gateway_A,raspberrypi,2,ESP32->RPi,deserialize,117,0.134,0,esp32_edge_normal_3,0,normal
11:01:16.924,42.4,gateway,gateway_A,raspberrypi,2,ESP32->RPi,deserialize,116,0.184,0,esp32_edge_normal_1,0,normal
11:01:18.272,43.8,gateway,gateway_A,raspberrypi,2,ESP32->RPi,deserialize,116,0.135,0,esp32_edge_normal_2,0,normal
11:01:21.130,46.6,gateway,gateway_A,raspberrypi,2,ESP32->RPi,deserialize,115,0.136,0,esp32_edge_normal_3,0,normal
11:01:21.932,47.4,gateway,gateway_A,raspberrypi,2,ESP32->RPi,deserialize,116,0.133,0,esp32_edge_normal_1,0,normal
11:01:28.822,54.3,gateway,gateway_A,raspberrypi,2,RPi->PC,serialize,3644,0.816,0,,,
11:01:28.854,54.4,gateway,gateway_A,raspberrypi,2,ESP32->RPi,deserialize,121,0.16,0,esp32_edge_normal_2,0,normal
11:01:28.855,54.4,gateway,gateway_A,raspberrypi,2,ESP32->RPi,deserialize,117,0.087,0,esp32_edge_normal_3,0,normal
11:01:28.856,54.4,gateway,gateway_A,raspberrypi,2,ESP32->RPi,deserialize,120,0.06,0,esp32_edge_normal_1,0,normal
11:01:28.857,54.4,gateway,gateway_A,raspberrypi,2,ESP32->RPi,deserialize,118,0.099,0,esp32_edge_normal_2,0,normal
11:01:31.176,56.7,gateway,gateway_A,raspberrypi,2,ESP32->RPi,deserialize,113,0.065,0,esp32_edge_normal_3,0,normal
11:01:31.918,57.4,gateway,gateway_A,raspberrypi,2,ESP32->RPi,deserialize,117,0.065,0,esp32_edge_normal_1,0,normal
11:01:32.966,58.5,gateway,gateway_A,raspberrypi,2,PC->RPi,deserialize,3538,0.585,0,,,
11:01:32.982,58.5,gateway,gateway_A,raspberrypi,2,RPi->ESP32,serialize,3538,1.074,1,,,
11:01:33.283,58.8,gateway,gateway_A,raspberrypi,2,ESP32->RPi,deserialize,117,0.14,1,esp32_edge_normal_2,0,normal
11:01:36.180,61.7,gateway,gateway_A,raspberrypi,2,ESP32->RPi,deserialize,115,0.14,1,esp32_edge_normal_3,0,normal
11:01:36.917,62.4,gateway,gateway_A,raspberrypi,2,ESP32->RPi,deserialize,118,0.214,1,esp32_edge_normal_1,0,normal
11:01:38.265,63.8,gateway,gateway_A,raspberrypi,2,ESP32->RPi,deserialize,117,0.214,1,esp32_edge_normal_2,0,normal
11:01:41.120,66.6,gateway,gateway_A,raspberrypi,2,ESP32->RPi,deserialize,106,0.129,1,esp32_edge_normal_3,0,normal
11:01:41.919,67.4,gateway,gateway_A,raspberrypi,2,ESP32->RPi,deserialize,114,0.134,1,esp32_edge_normal_1,0,normal
11:01:43.264,68.8,gateway,gateway_A,raspberrypi,2,ESP32->RPi,deserialize,116,0.064,1,esp32_edge_normal_2,0,normal
11:01:46.053,71.6,gateway,gateway_A,raspberrypi,2,ESP32->RPi,deserialize,117,0.065,1,esp32_edge_normal_3,0,normal
11:01:46.914,72.4,gateway,gateway_A,raspberrypi,2,ESP32->RPi,deserialize,120,0.065,1,esp32_edge_normal_1,0,normal
11:01:48.267,73.8,gateway,gateway_A,raspberrypi,2,ESP32->RPi,deserialize,120,0.135,1,esp32_edge_normal_2,0,normal
11:01:51.054,76.6,gateway,gateway_A,raspberrypi,2,ESP32->RPi,deserialize,115,0.182,1,esp32_edge_normal_3,0,normal
11:01:51.985,77.5,gateway,gateway_A,raspberrypi,2,ESP32->RPi,deserialize,115,0.137,1,esp32_edge_normal_1,0,normal
11:01:53.273,78.8,gateway,gateway_A,raspberrypi,2,ESP32->RPi,deserialize,121,0.136,1,esp32_edge_normal_2,0,normal
11:01:56.148,81.7,gateway,gateway_A,raspberrypi,2,ESP32->RPi,deserialize,121,0.138,1,esp32_edge_normal_3,0,normal
11:01:56.925,82.4,gateway,gateway_A,raspberrypi,2,ESP32->RPi,deserialize,121,0.137,1,esp32_edge_normal_1,0,normal
11:01:58.262,83.8,gateway,gateway_A,raspberrypi,2,ESP32->RPi,deserialize,121,0.136,1,esp32_edge_normal_2,0,normal
11:02:01.063,86.6,gateway,gateway_A,raspberrypi,2,ESP32->RPi,deserialize,114,0.134,1,esp32_edge_normal_3,0,normal
11:02:01.915,87.4,gateway,gateway_A,raspberrypi,2,ESP32->RPi,deserialize,118,0.065,1,esp32_edge_normal_1,0,normal
11:02:03.263,88.8,gateway,gateway_A,raspberrypi,2,ESP32->RPi,deserialize,116,0.062,1,esp32_edge_normal_2,0,normal
11:02:06.080,91.6,gateway,gateway_A,raspberrypi,2,ESP32->RPi,deserialize,121,0.061,1,esp32_edge_normal_3,0,normal
11:02:06.981,92.5,gateway,gateway_A,raspberrypi,2,ESP32->RPi,deserialize,115,0.188,1,esp32_edge_normal_1,0,normal
11:02:08.262,93.8,gateway,gateway_A,raspberrypi,2,ESP32->RPi,deserialize,115,0.136,1,esp32_edge_normal_2,0,normal
11:02:11.061,96.6,gateway,gateway_A,raspberrypi,2,ESP32->RPi,deserialize,117,0.135,1,esp32_edge_normal_3,0,normal
11:02:11.922,97.4,gateway,gateway_A,raspberrypi,2,ESP32->RPi,deserialize,120,0.139,1,esp32_edge_normal_1,0,normal
11:02:12.887,98.4,gateway,gateway_A,raspberrypi,2,RPi->PC,serialize,3642,0.408,1,,,
11:02:13.262,98.8,gateway,gateway_A,raspberrypi,2,ESP32->RPi,deserialize,116,0.071,1,esp32_edge_normal_2,0,normal
11:02:15.647,101.2,gateway,gateway_A,raspberrypi,2,PC->RPi,deserialize,3536,0.214,1,,,
11:02:15.653,101.2,gateway,gateway_A,raspberrypi,2,RPi->ESP32,serialize,3536,0.39,2,,,
11:02:16.049,101.6,gateway,gateway_A,raspberrypi,2,ESP32->RPi,deserialize,114,0.069,2,esp32_edge_normal_3,0,normal
11:02:16.920,102.4,gateway,gateway_A,raspberrypi,2,ESP32->RPi,deserialize,120,0.068,2,esp32_edge_normal_1,0,normal
11:02:18.261,103.8,gateway,gateway_A,raspberrypi,2,ESP32->RPi,deserialize,116,0.205,2,esp32_edge_normal_2,0,normal
11:02:21.133,106.6,gateway,gateway_A,raspberrypi,2,ESP32->RPi,deserialize,117,0.22,2,esp32_edge_normal_3,0,normal
11:02:21.915,107.4,gateway,gateway_A,raspberrypi,2,ESP32->RPi,deserialize,116,0.136,2,esp32_edge_normal_1,0,normal
11:02:23.264,108.8,gateway,gateway_A,raspberrypi,2,ESP32->RPi,deserialize,116,0.14,2,esp32_edge_normal_2,0,normal
11:02:26.151,111.7,gateway,gateway_A,raspberrypi,2,ESP32->RPi,deserialize,119,0.14,2,esp32_edge_normal_3,0,normal
11:02:26.914,112.4,gateway,gateway_A,raspberrypi,2,ESP32->RPi,deserialize,118,0.143,2,esp32_edge_normal_1,0,normal
11:02:28.262,113.8,gateway,gateway_A,raspberrypi,2,ESP32->RPi,deserialize,116,0.184,2,esp32_edge_normal_2,0,normal
11:02:31.050,116.6,gateway,gateway_A,raspberrypi,2,ESP32->RPi,deserialize,118,0.133,2,esp32_edge_normal_3,0,normal
11:02:31.915,117.4,gateway,gateway_A,raspberrypi,2,ESP32->RPi,deserialize,121,0.134,2,esp32_edge_normal_1,0,normal
11:02:33.272,118.8,gateway,gateway_A,raspberrypi,2,ESP32->RPi,deserialize,120,0.132,2,esp32_edge_normal_2,0,normal
11:02:36.049,121.6,gateway,gateway_A,raspberrypi,2,ESP32->RPi,deserialize,119,0.135,2,esp32_edge_normal_3,0,normal
11:02:36.916,122.4,gateway,gateway_A,raspberrypi,2,ESP32->RPi,deserialize,117,0.138,2,esp32_edge_normal_1,0,normal
11:02:38.264,123.8,gateway,gateway_A,raspberrypi,2,ESP32->RPi,deserialize,115,0.135,2,esp32_edge_normal_2,0,normal
11:02:41.116,126.6,gateway,gateway_A,raspberrypi,2,ESP32->RPi,deserialize,117,0.136,2,esp32_edge_normal_3,0,normal
11:02:41.947,127.5,gateway,gateway_A,raspberrypi,2,ESP32->RPi,deserialize,118,0.136,2,esp32_edge_normal_1,0,normal
11:02:43.271,128.8,gateway,gateway_A,raspberrypi,2,ESP32->RPi,deserialize,115,0.14,2,esp32_edge_normal_2,0,normal
11:02:46.058,131.6,gateway,gateway_A,raspberrypi,2,ESP32->RPi,deserialize,121,0.136,2,esp32_edge_normal_3,0,normal
11:02:46.918,132.4,gateway,gateway_A,raspberrypi,2,ESP32->RPi,deserialize,121,0.135,2,esp32_edge_normal_1,0,normal
11:02:48.263,133.8,gateway,gateway_A,raspberrypi,2,ESP32->RPi,deserialize,116,0.133,2,esp32_edge_normal_2,0,normal
11:02:51.136,136.6,gateway,gateway_A,raspberrypi,2,ESP32->RPi,deserialize,120,0.139,2,esp32_edge_normal_3,0,normal
11:02:51.914,137.4,gateway,gateway_A,raspberrypi,2,ESP32->RPi,deserialize,117,0.138,2,esp32_edge_normal_1,0,normal
11:02:53.266,138.8,gateway,gateway_A,raspberrypi,2,ESP32->RPi,deserialize,107,0.134,2,esp32_edge_normal_2,0,normal
11:02:56.167,141.7,gateway,gateway_A,raspberrypi,2,ESP32->RPi,deserialize,119,0.135,2,esp32_edge_normal_3,0,normal
11:02:56.913,142.4,gateway,gateway_A,raspberrypi,2,ESP32->RPi,deserialize,116,0.137,2,esp32_edge_normal_1,0,normal
11:02:58.264,143.8,gateway,gateway_A,raspberrypi,2,ESP32->RPi,deserialize,114,0.135,2,esp32_edge_normal_2,0,normal
11:03:01.050,146.6,gateway,gateway_A,raspberrypi,2,ESP32->RPi,deserialize,118,0.203,2,esp32_edge_normal_3,0,normal
11:03:01.921,147.4,gateway,gateway_A,raspberrypi,2,ESP32->RPi,deserialize,117,0.139,2,esp32_edge_normal_1,0,normal
11:03:03.010,148.5,gateway,gateway_A,raspberrypi,2,RPi->PC,serialize,3618,0.535,2,,,
11:03:03.307,148.8,gateway,gateway_A,raspberrypi,2,ESP32->RPi,deserialize,107,0.068,2,esp32_edge_normal_2,0,normal
11:03:05.614,151.1,gateway,gateway_A,raspberrypi,2,PC->RPi,deserialize,3541,0.216,2,,,
11:03:05.621,151.1,gateway,gateway_A,raspberrypi,2,RPi->ESP32,serialize,3541,0.378,3,,,
11:03:06.055,151.6,gateway,gateway_A,raspberrypi,2,ESP32->RPi,deserialize,117,0.065,3,esp32_edge_normal_3,0,normal
11:03:06.917,152.4,gateway,gateway_A,raspberrypi,2,ESP32->RPi,deserialize,117,0.065,3,esp32_edge_normal_1,0,normal
11:03:08.367,153.9,gateway,gateway_A,raspberrypi,2,ESP32->RPi,deserialize,116,0.187,3,esp32_edge_normal_2,0,normal
11:03:11.104,156.6,gateway,gateway_A,raspberrypi,2,ESP32->RPi,deserialize,117,0.137,3,esp32_edge_normal_3,0,normal
11:03:11.939,157.4,gateway,gateway_A,raspberrypi,2,ESP32->RPi,deserialize,116,0.134,3,esp32_edge_normal_1,0,normal
11:03:13.260,158.8,gateway,gateway_A,raspberrypi,2,ESP32->RPi,deserialize,116,0.136,3,esp32_edge_normal_2,0,normal
11:03:16.122,161.6,gateway,gateway_A,raspberrypi,2,ESP32->RPi,deserialize,115,0.133,3,esp32_edge_normal_3,0,normal
11:03:16.912,162.4,gateway,gateway_A,raspberrypi,2,ESP32->RPi,deserialize,120,0.153,3,esp32_edge_normal_1,0,normal
11:03:18.259,163.8,gateway,gateway_A,raspberrypi,2,ESP32->RPi,deserialize,115,0.135,3,esp32_edge_normal_2,0,normal
11:03:21.050,166.6,gateway,gateway_A,raspberrypi,2,ESP32->RPi,deserialize,118,0.134,3,esp32_edge_normal_3,0,normal
11:03:21.913,167.4,gateway,gateway_A,raspberrypi,2,ESP32->RPi,deserialize,119,0.138,3,esp32_edge_normal_1,0,normal
11:03:23.272,168.8,gateway,gateway_A,raspberrypi,2,ESP32->RPi,deserialize,117,0.136,3,esp32_edge_normal_2,0,normal
11:03:26.160,171.7,gateway,gateway_A,raspberrypi,2,ESP32->RPi,deserialize,116,0.136,3,esp32_edge_normal_3,0,normal
11:03:26.917,172.4,gateway,gateway_A,raspberrypi,2,ESP32->RPi,deserialize,119,0.227,3,esp32_edge_normal_1,0,normal
11:03:28.276,173.8,gateway,gateway_A,raspberrypi,2,ESP32->RPi,deserialize,114,0.136,3,esp32_edge_normal_2,0,normal
11:03:31.081,176.6,gateway,gateway_A,raspberrypi,2,ESP32->RPi,deserialize,104,0.138,3,esp32_edge_normal_3,0,normal
11:03:31.913,177.4,gateway,gateway_A,raspberrypi,2,ESP32->RPi,deserialize,115,0.138,3,esp32_edge_normal_1,0,normal
11:03:33.277,178.8,gateway,gateway_A,raspberrypi,2,ESP32->RPi,deserialize,118,0.13,3,esp32_edge_normal_2,0,normal
11:03:36.061,181.6,gateway,gateway_A,raspberrypi,2,ESP32->RPi,deserialize,119,0.12,3,esp32_edge_normal_3,0,normal
11:03:36.913,182.4,gateway,gateway_A,raspberrypi,2,ESP32->RPi,deserialize,117,0.138,3,esp32_edge_normal_1,0,normal
11:03:38.258,183.8,gateway,gateway_A,raspberrypi,2,ESP32->RPi,deserialize,119,0.135,3,esp32_edge_normal_2,0,normal
11:03:41.114,186.6,gateway,gateway_A,raspberrypi,2,ESP32->RPi,deserialize,120,0.139,3,esp32_edge_normal_3,0,normal
11:03:41.910,187.4,gateway,gateway_A,raspberrypi,2,ESP32->RPi,deserialize,107,0.134,3,esp32_edge_normal_1,0,normal
11:03:43.262,188.8,gateway,gateway_A,raspberrypi,2,ESP32->RPi,deserialize,116,0.136,3,esp32_edge_normal_2,0,normal
11:03:46.134,191.6,gateway,gateway_A,raspberrypi,2,ESP32->RPi,deserialize,119,0.157,3,esp32_edge_normal_3,0,normal
11:03:46.912,192.4,gateway,gateway_A,raspberrypi,2,ESP32->RPi,deserialize,117,0.134,3,esp32_edge_normal_1,0,normal
11:03:48.258,193.8,gateway,gateway_A,raspberrypi,2,ESP32->RPi,deserialize,117,0.138,3,esp32_edge_normal_2,0,normal
11:03:51.064,196.6,gateway,gateway_A,raspberrypi,2,ESP32->RPi,deserialize,120,0.134,3,esp32_edge_normal_3,0,normal
11:03:51.924,197.4,gateway,gateway_A,raspberrypi,2,ESP32->RPi,deserialize,118,0.13,3,esp32_edge_normal_1,0,normal
11:03:53.169,198.7,gateway,gateway_A,raspberrypi,2,RPi->PC,serialize,3610,0.434,3,,,
11:03:53.256,198.8,gateway,gateway_A,raspberrypi,2,ESP32->RPi,deserialize,113,0.073,3,esp32_edge_normal_2,0,normal
11:03:55.782,201.3,gateway,gateway_A,raspberrypi,2,PC->RPi,deserialize,3536,0.22,3,,,
11:03:55.788,201.3,gateway,gateway_A,raspberrypi,2,RPi->ESP32,serialize,3536,0.372,4,,,
11:03:56.044,201.6,gateway,gateway_A,raspberrypi,2,ESP32->RPi,deserialize,120,0.066,4,esp32_edge_normal_3,0,normal
11:03:56.911,202.4,gateway,gateway_A,raspberrypi,2,ESP32->RPi,deserialize,119,0.068,4,esp32_edge_normal_1,0,normal
11:03:58.259,203.8,gateway,gateway_A,raspberrypi,2,ESP32->RPi,deserialize,117,0.191,4,esp32_edge_normal_2,0,normal
11:04:01.075,206.6,gateway,gateway_A,raspberrypi,2,ESP32->RPi,deserialize,116,0.097,4,esp32_edge_normal_3,0,normal
11:04:01.908,207.4,gateway,gateway_A,raspberrypi,2,ESP32->RPi,deserialize,114,0.069,4,esp32_edge_normal_1,0,normal
11:04:03.257,208.8,gateway,gateway_A,raspberrypi,2,ESP32->RPi,deserialize,117,0.066,4,esp32_edge_normal_2,0,normal
11:04:06.085,211.6,gateway,gateway_A,raspberrypi,2,ESP32->RPi,deserialize,109,0.066,4,esp32_edge_normal_3,0,normal
11:04:06.996,212.5,gateway,gateway_A,raspberrypi,2,ESP32->RPi,deserialize,116,0.141,4,esp32_edge_normal_1,0,normal
11:04:08.272,213.8,gateway,gateway_A,raspberrypi,2,ESP32->RPi,deserialize,115,0.143,4,esp32_edge_normal_2,0,normal
11:04:11.045,216.6,gateway,gateway_A,raspberrypi,2,ESP32->RPi,deserialize,119,0.143,4,esp32_edge_normal_3,0,normal
11:04:11.911,217.4,gateway,gateway_A,raspberrypi,2,ESP32->RPi,deserialize,120,0.135,4,esp32_edge_normal_1,0,normal
11:04:13.267,218.8,gateway,gateway_A,raspberrypi,2,ESP32->RPi,deserialize,115,0.137,4,esp32_edge_normal_2,0,normal
11:04:16.128,221.6,gateway,gateway_A,raspberrypi,2,ESP32->RPi,deserialize,116,0.136,4,esp32_edge_normal_3,0,normal
11:04:16.911,222.4,gateway,gateway_A,raspberrypi,2,ESP32->RPi,deserialize,114,0.135,4,esp32_edge_normal_1,0,normal
11:04:18.261,223.8,gateway,gateway_A,raspberrypi,2,ESP32->RPi,deserialize,115,0.136,4,esp32_edge_normal_2,0,normal
11:04:21.057,226.6,gateway,gateway_A,raspberrypi,2,ESP32->RPi,deserialize,121,0.135,4,esp32_edge_normal_3,0,normal
11:04:21.928,227.4,gateway,gateway_A,raspberrypi,2,ESP32->RPi,deserialize,115,0.065,4,esp32_edge_normal_1,0,normal
11:04:23.266,228.8,gateway,gateway_A,raspberrypi,2,ESP32->RPi,deserialize,120,0.065,4,esp32_edge_normal_2,0,normal
11:04:26.081,231.6,gateway,gateway_A,raspberrypi,2,ESP32->RPi,deserialize,119,0.065,4,esp32_edge_normal_3,0,normal
11:04:26.910,232.4,gateway,gateway_A,raspberrypi,2,ESP32->RPi,deserialize,117,0.14,4,esp32_edge_normal_1,0,normal
11:04:28.259,233.8,gateway,gateway_A,raspberrypi,2,ESP32->RPi,deserialize,116,0.14,4,esp32_edge_normal_2,0,normal
11:04:31.080,236.6,gateway,gateway_A,raspberrypi,2,ESP32->RPi,deserialize,120,0.134,4,esp32_edge_normal_3,0,normal
11:04:31.948,237.5,gateway,gateway_A,raspberrypi,2,ESP32->RPi,deserialize,107,0.137,4,esp32_edge_normal_1,0,normal
11:04:33.285,238.8,gateway,gateway_A,raspberrypi,2,ESP32->RPi,deserialize,116,0.133,4,esp32_edge_normal_2,0,normal
11:04:36.104,241.6,gateway,gateway_A,raspberrypi,2,ESP32->RPi,deserialize,119,0.138,4,esp32_edge_normal_3,0,normal
11:04:38.350,243.9,gateway,gateway_A,raspberrypi,2,ESP32->RPi,deserialize,120,0.139,4,esp32_edge_normal_2,0,normal
11:04:41.046,246.6,gateway,gateway_A,raspberrypi,2,ESP32->RPi,deserialize,118,0.135,4,esp32_edge_normal_3,0,normal
11:04:43.365,248.9,gateway,gateway_A,raspberrypi,2,ESP32->RPi,deserialize,115,0.064,4,esp32_edge_normal_2,0,normal
11:04:46.131,251.6,gateway,gateway_A,raspberrypi,2,ESP32->RPi,deserialize,119,0.065,4,esp32_edge_normal_3,0,normal
11:04:47.067,252.6,gateway,gateway_A,raspberrypi,2,RPi->PC,serialize,3619,0.43,4,,,
11:04:47.099,252.6,gateway,gateway_A,raspberrypi,2,PC->RPi,deserialize,3528,0.348,4,,,
11:04:47.110,252.6,gateway,gateway_A,raspberrypi,2,RPi->ESP32,serialize,3528,0.543,5,,,
11:04:48.259,253.8,gateway,gateway_A,raspberrypi,2,ESP32->RPi,deserialize,116,0.064,5,esp32_edge_normal_2,0,normal
11:04:51.051,256.6,gateway,gateway_A,raspberrypi,2,ESP32->RPi,deserialize,117,0.068,5,esp32_edge_normal_3,0,normal
11:04:53.260,258.8,gateway,gateway_A,raspberrypi,2,ESP32->RPi,deserialize,117,0.142,5,esp32_edge_normal_2,0,normal
11:04:56.043,261.6,gateway,gateway_A,raspberrypi,2,ESP32->RPi,deserialize,117,0.065,5,esp32_edge_normal_3,0,normal
11:04:58.321,263.8,gateway,gateway_A,raspberrypi,2,ESP32->RPi,deserialize,114,0.069,5,esp32_edge_normal_2,0,normal
11:04:59.755,265.3,gateway,gateway_A,raspberrypi,2,ESP32->RPi,deserialize,107,0.127,5,esp32_edge_simulator_1,2,scan_A
11:05:01.050,266.6,gateway,gateway_A,raspberrypi,2,ESP32->RPi,deserialize,121,0.14,5,esp32_edge_normal_3,0,normal
11:05:03.258,268.8,gateway,gateway_A,raspberrypi,2,ESP32->RPi,deserialize,116,0.143,5,esp32_edge_normal_2,0,normal
11:05:04.794,270.3,gateway,gateway_A,raspberrypi,2,ESP32->RPi,deserialize,117,0.127,5,esp32_edge_simulator_1,0,normal
11:05:06.046,271.6,gateway,gateway_A,raspberrypi,2,ESP32->RPi,deserialize,115,0.141,5,esp32_edge_normal_3,0,normal
11:05:08.361,273.9,gateway,gateway_A,raspberrypi,2,ESP32->RPi,deserialize,119,0.14,5,esp32_edge_normal_2,0,normal
11:05:09.744,275.3,gateway,gateway_A,raspberrypi,2,ESP32->RPi,deserialize,123,0.125,5,esp32_edge_simulator_1,0,normal
11:05:11.043,276.6,gateway,gateway_A,raspberrypi,2,ESP32->RPi,deserialize,116,0.137,5,esp32_edge_normal_3,0,normal
11:05:13.268,278.8,gateway,gateway_A,raspberrypi,2,ESP32->RPi,deserialize,115,0.14,5,esp32_edge_normal_2,0,normal
11:05:14.739,280.2,gateway,gateway_A,raspberrypi,2,ESP32->RPi,deserialize,117,0.139,5,esp32_edge_simulator_1,0,normal
11:05:16.045,281.6,gateway,gateway_A,raspberrypi,2,ESP32->RPi,deserialize,117,0.189,5,esp32_edge_normal_3,0,normal
11:05:18.254,283.8,gateway,gateway_A,raspberrypi,2,ESP32->RPi,deserialize,119,0.185,5,esp32_edge_normal_2,0,normal
11:05:19.745,285.3,gateway,gateway_A,raspberrypi,2,ESP32->RPi,deserialize,110,0.134,5,esp32_edge_simulator_1,0,normal
11:05:21.050,286.6,gateway,gateway_A,raspberrypi,2,ESP32->RPi,deserialize,121,0.133,5,esp32_edge_normal_3,0,normal
11:05:23.309,288.8,gateway,gateway_A,raspberrypi,2,ESP32->RPi,deserialize,115,0.118,5,esp32_edge_normal_2,0,normal
11:05:24.737,290.2,gateway,gateway_A,raspberrypi,2,ESP32->RPi,deserialize,81,0.122,5,esp32_edge_simulator_1,2,scan_A
11:05:26.045,291.6,gateway,gateway_A,raspberrypi,2,ESP32->RPi,deserialize,114,0.136,5,esp32_edge_normal_3,0,normal
11:05:28.321,293.8,gateway,gateway_A,raspberrypi,2,ESP32->RPi,deserialize,120,0.137,5,esp32_edge_normal_2,0,normal
11:05:29.739,295.2,gateway,gateway_A,raspberrypi,2,ESP32->RPi,deserialize,124,0.134,5,esp32_edge_simulator_1,0,normal
11:05:31.041,296.5,gateway,gateway_A,raspberrypi,2,ESP32->RPi,deserialize,117,0.183,5,esp32_edge_normal_3,0,normal
11:05:33.254,298.8,gateway,gateway_A,raspberrypi,2,ESP32->RPi,deserialize,117,0.134,5,esp32_edge_normal_2,0,normal
11:05:34.740,300.2,gateway,gateway_A,raspberrypi,2,ESP32->RPi,deserialize,120,0.134,5,esp32_edge_simulator_1,0,normal
11:05:36.041,301.5,gateway,gateway_A,raspberrypi,2,ESP32->RPi,deserialize,121,0.135,5,esp32_edge_normal_3,0,normal
11:05:38.356,303.9,gateway,gateway_A,raspberrypi,2,ESP32->RPi,deserialize,118,0.136,5,esp32_edge_normal_2,0,normal
11:05:39.736,305.2,gateway,gateway_A,raspberrypi,2,ESP32->RPi,deserialize,81,0.11,5,esp32_edge_simulator_1,2,scan_A
11:05:40.877,306.4,gateway,gateway_A,raspberrypi,2,RPi->PC,serialize,3646,0.425,5,,,
11:05:41.048,306.6,gateway,gateway_A,raspberrypi,2,ESP32->RPi,deserialize,118,0.07,5,esp32_edge_normal_3,0,normal
11:05:43.269,308.8,gateway,gateway_A,raspberrypi,2,ESP32->RPi,deserialize,118,0.069,5,esp32_edge_normal_2,0,normal
11:05:44.735,310.2,gateway,gateway_A,raspberrypi,2,ESP32->RPi,deserialize,100,0.07,5,esp32_edge_simulator_1,2,scan_A
11:05:45.133,310.6,gateway,gateway_A,raspberrypi,2,PC->RPi,deserialize,3532,0.656,5,,,
11:05:45.146,310.7,gateway,gateway_A,raspberrypi,2,RPi->ESP32,serialize,3532,0.848,6,,,
11:05:46.041,311.5,gateway,gateway_A,raspberrypi,2,ESP32->RPi,deserialize,116,0.064,6,esp32_edge_normal_3,0,normal
11:05:48.252,313.8,gateway,gateway_A,raspberrypi,2,ESP32->RPi,deserialize,120,0.071,6,esp32_edge_normal_2,0,normal
11:05:49.738,315.2,gateway,gateway_A,raspberrypi,2,ESP32->RPi,deserialize,123,0.069,6,esp32_edge_simulator_1,0,normal
11:05:51.041,316.5,gateway,gateway_A,raspberrypi,2,ESP32->RPi,deserialize,117,0.255,6,esp32_edge_normal_3,0,normal
11:05:53.305,318.8,gateway,gateway_A,raspberrypi,2,ESP32->RPi,deserialize,113,0.138,6,esp32_edge_normal_2,0,normal
11:05:54.738,320.2,gateway,gateway_A,raspberrypi,2,ESP32->RPi,deserialize,123,0.125,6,esp32_edge_simulator_1,0,normal
11:05:56.042,321.6,gateway,gateway_A,raspberrypi,2,ESP32->RPi,deserialize,118,0.123,6,esp32_edge_normal_3,0,normal
11:05:58.328,323.8,gateway,gateway_A,raspberrypi,2,ESP32->RPi,deserialize,114,0.137,6,esp32_edge_normal_2,0,normal
11:05:59.738,325.2,gateway,gateway_A,raspberrypi,2,ESP32->RPi,deserialize,81,0.126,6,esp32_edge_simulator_1,2,scan_A
11:06:01.046,326.6,gateway,gateway_A,raspberrypi,2,ESP32->RPi,deserialize,117,0.139,6,esp32_edge_normal_3,0,normal
11:06:03.256,328.8,gateway,gateway_A,raspberrypi,2,ESP32->RPi,deserialize,115,0.137,6,esp32_edge_normal_2,0,normal
11:06:04.796,330.3,gateway,gateway_A,raspberrypi,2,ESP32->RPi,deserialize,100,0.139,6,esp32_edge_simulator_1,2,scan_A
11:06:06.040,331.5,gateway,gateway_A,raspberrypi,2,ESP32->RPi,deserialize,115,0.14,6,esp32_edge_normal_3,0,normal
11:06:09.514,335.0,gateway,gateway_A,raspberrypi,2,ESP32->RPi,deserialize,116,0.14,6,esp32_edge_normal_2,0,normal
11:06:09.738,335.2,gateway,gateway_A,raspberrypi,2,ESP32->RPi,deserialize,124,0.103,6,esp32_edge_simulator_1,0,normal
11:06:11.067,336.6,gateway,gateway_A,raspberrypi,2,ESP32->RPi,deserialize,117,0.122,6,esp32_edge_normal_3,0,normal
11:06:13.252,338.8,gateway,gateway_A,raspberrypi,2,ESP32->RPi,deserialize,121,0.136,6,esp32_edge_normal_2,0,normal
11:06:14.735,340.2,gateway,gateway_A,raspberrypi,2,ESP32->RPi,deserialize,113,0.141,6,esp32_edge_simulator_1,1,mqtt_bruteforce
11:06:16.043,341.6,gateway,gateway_A,raspberrypi,2,ESP32->RPi,deserialize,118,0.188,6,esp32_edge_normal_3,0,normal
11:06:18.291,343.8,gateway,gateway_A,raspberrypi,2,ESP32->RPi,deserialize,121,0.12,6,esp32_edge_normal_2,0,normal
11:06:19.739,345.2,gateway,gateway_A,raspberrypi,2,ESP32->RPi,deserialize,123,0.139,6,esp32_edge_simulator_1,0,normal
11:06:21.041,346.5,gateway,gateway_A,raspberrypi,2,ESP32->RPi,deserialize,118,0.238,6,esp32_edge_normal_3,0,normal
11:06:23.281,348.8,gateway,gateway_A,raspberrypi,2,ESP32->RPi,deserialize,118,0.121,6,esp32_edge_normal_2,0,normal
11:06:24.758,350.3,gateway,gateway_A,raspberrypi,2,ESP32->RPi,deserialize,107,0.108,6,esp32_edge_simulator_1,2,scan_A
11:06:26.098,351.6,gateway,gateway_A,raspberrypi,2,ESP32->RPi,deserialize,120,0.138,6,esp32_edge_normal_3,0,normal
11:06:28.264,353.8,gateway,gateway_A,raspberrypi,2,ESP32->RPi,deserialize,116,0.139,6,esp32_edge_normal_2,0,normal
11:06:29.774,355.3,gateway,gateway_A,raspberrypi,2,ESP32->RPi,deserialize,118,0.122,6,esp32_edge_simulator_1,0,normal
11:06:30.709,356.2,gateway,gateway_A,raspberrypi,2,RPi->PC,serialize,3649,0.472,6,,,
11:06:31.090,356.6,gateway,gateway_A,raspberrypi,2,ESP32->RPi,deserialize,116,0.069,6,esp32_edge_normal_3,0,normal
11:06:33.481,359.0,gateway,gateway_A,raspberrypi,2,ESP32->RPi,deserialize,118,0.067,6,esp32_edge_normal_2,0,normal
11:06:34.760,360.3,gateway,gateway_A,raspberrypi,2,ESP32->RPi,deserialize,115,0.067,6,esp32_edge_simulator_1,0,normal
11:06:35.408,360.9,gateway,gateway_A,raspberrypi,2,PC->RPi,deserialize,3526,0.541,6,,,
11:06:35.423,360.9,gateway,gateway_A,raspberrypi,2,RPi->ESP32,serialize,3526,0.999,7,,,
11:06:36.054,361.6,gateway,gateway_A,raspberrypi,2,ESP32->RPi,deserialize,118,0.067,7,esp32_edge_normal_3,0,normal
11:06:38.367,363.9,gateway,gateway_A,raspberrypi,2,ESP32->RPi,deserialize,116,0.066,7,esp32_edge_normal_2,0,normal
11:06:39.781,365.3,gateway,gateway_A,raspberrypi,2,ESP32->RPi,deserialize,121,0.069,7,esp32_edge_simulator_1,0,normal
11:06:41.248,366.8,gateway,gateway_A,raspberrypi,2,ESP32->RPi,deserialize,120,0.144,7,esp32_edge_normal_3,0,normal
11:06:43.420,368.9,gateway,gateway_A,raspberrypi,2,ESP32->RPi,deserialize,115,0.145,7,esp32_edge_normal_2,0,normal
11:06:44.766,370.3,gateway,gateway_A,raspberrypi,2,ESP32->RPi,deserialize,81,0.132,7,esp32_edge_simulator_1,2,scan_A
11:06:46.072,371.6,gateway,gateway_A,raspberrypi,2,ESP32->RPi,deserialize,116,0.144,7,esp32_edge_normal_3,0,normal
11:06:48.275,373.8,gateway,gateway_A,raspberrypi,2,ESP32->RPi,deserialize,119,0.189,7,esp32_edge_normal_2,0,normal
11:06:49.924,375.4,gateway,gateway_A,raspberrypi,2,ESP32->RPi,deserialize,110,0.068,7,esp32_edge_simulator_1,1,mqtt_bruteforce
11:06:51.067,376.6,gateway,gateway_A,raspberrypi,2,ESP32->RPi,deserialize,114,0.062,7,esp32_edge_normal_3,0,normal
11:06:53.310,378.8,gateway,gateway_A,raspberrypi,2,ESP32->RPi,deserialize,118,0.064,7,esp32_edge_normal_2,0,normal
11:06:54.733,380.2,gateway,gateway_A,raspberrypi,2,ESP32->RPi,deserialize,111,0.121,7,esp32_edge_simulator_1,1,mqtt_bruteforce
11:06:56.041,381.5,gateway,gateway_A,raspberrypi,2,ESP32->RPi,deserialize,118,0.135,7,esp32_edge_normal_3,0,normal
11:06:58.259,383.8,gateway,gateway_A,raspberrypi,2,ESP32->RPi,deserialize,113,0.135,7,esp32_edge_normal_2,0,normal
11:06:59.734,385.2,gateway,gateway_A,raspberrypi,2,ESP32->RPi,deserialize,114,0.138,7,esp32_edge_simulator_1,1,mqtt_bruteforce
11:07:01.039,386.5,gateway,gateway_A,raspberrypi,2,ESP32->RPi,deserialize,118,0.204,7,esp32_edge_normal_3,0,normal
11:07:03.254,388.8,gateway,gateway_A,raspberrypi,2,ESP32->RPi,deserialize,120,0.066,7,esp32_edge_normal_2,0,normal
11:07:04.792,390.3,gateway,gateway_A,raspberrypi,2,ESP32->RPi,deserialize,110,0.066,7,esp32_edge_simulator_1,1,mqtt_bruteforce
11:07:06.040,391.5,gateway,gateway_A,raspberrypi,2,ESP32->RPi,deserialize,117,0.061,7,esp32_edge_normal_3,0,normal
11:07:08.250,393.8,gateway,gateway_A,raspberrypi,2,ESP32->RPi,deserialize,114,0.141,7,esp32_edge_normal_2,0,normal
11:07:09.736,395.2,gateway,gateway_A,raspberrypi,2,ESP32->RPi,deserialize,122,0.132,7,esp32_edge_simulator_1,0,normal
11:07:11.056,396.6,gateway,gateway_A,raspberrypi,2,ESP32->RPi,deserialize,114,0.136,7,esp32_edge_normal_3,0,normal
11:07:13.282,398.8,gateway,gateway_A,raspberrypi,2,ESP32->RPi,deserialize,115,0.141,7,esp32_edge_normal_2,0,normal
11:07:14.733,400.2,gateway,gateway_A,raspberrypi,2,ESP32->RPi,deserialize,117,0.14,7,esp32_edge_simulator_1,1,mqtt_bruteforce
11:07:16.168,401.7,gateway,gateway_A,raspberrypi,2,ESP32->RPi,deserialize,117,0.124,7,esp32_edge_normal_3,0,normal
11:07:18.305,403.8,gateway,gateway_A,raspberrypi,2,ESP32->RPi,deserialize,115,0.134,7,esp32_edge_normal_2,0,normal
11:07:19.755,405.3,gateway,gateway_A,raspberrypi,2,ESP32->RPi,deserialize,120,0.136,7,esp32_edge_simulator_1,0,normal
11:07:20.881,406.4,gateway,gateway_A,raspberrypi,2,RPi->PC,serialize,3635,0.481,7,,,
11:07:21.325,406.8,gateway,gateway_A,raspberrypi,2,ESP32->RPi,deserialize,121,0.07,7,esp32_edge_normal_3,0,normal
11:07:23.272,408.8,gateway,gateway_A,raspberrypi,2,ESP32->RPi,deserialize,121,0.067,7,esp32_edge_normal_2,0,normal
11:07:24.756,410.3,gateway,gateway_A,raspberrypi,2,ESP32->RPi,deserialize,119,0.068,7,esp32_edge_simulator_1,0,normal
11:07:25.713,411.2,gateway,gateway_A,raspberrypi,2,PC->RPi,deserialize,3536,0.691,7,,,
11:07:25.728,411.2,gateway,gateway_A,raspberrypi,2,RPi->ESP32,serialize,3536,1.022,8,,,
11:07:26.037,411.5,gateway,gateway_A,raspberrypi,2,ESP32->RPi,deserialize,117,0.139,8,esp32_edge_normal_3,0,normal
11:07:28.343,413.9,gateway,gateway_A,raspberrypi,2,ESP32->RPi,deserialize,120,0.143,8,esp32_edge_normal_2,0,normal
11:07:29.737,415.2,gateway,gateway_A,raspberrypi,2,ESP32->RPi,deserialize,118,0.067,8,esp32_edge_simulator_1,0,normal
11:07:31.053,416.6,gateway,gateway_A,raspberrypi,2,ESP32->RPi,deserialize,116,0.068,8,esp32_edge_normal_3,0,normal
11:07:33.349,418.9,gateway,gateway_A,raspberrypi,2,ESP32->RPi,deserialize,120,0.068,8,esp32_edge_normal_2,0,normal
11:07:34.736,420.2,gateway,gateway_A,raspberrypi,2,ESP32->RPi,deserialize,106,0.138,8,esp32_edge_simulator_1,1,mqtt_bruteforce
11:07:36.037,421.5,gateway,gateway_A,raspberrypi,2,ESP32->RPi,deserialize,121,0.122,8,esp32_edge_normal_3,0,normal
11:07:38.369,423.9,gateway,gateway_A,raspberrypi,2,ESP32->RPi,deserialize,117,0.139,8,esp32_edge_normal_2,0,normal
11:07:39.736,425.2,gateway,gateway_A,raspberrypi,2,ESP32->RPi,deserialize,117,0.138,8,esp32_edge_simulator_1,0,normal
11:07:41.037,426.5,gateway,gateway_A,raspberrypi,2,ESP32->RPi,deserialize,120,0.138,8,esp32_edge_normal_3,0,normal
11:07:43.289,428.8,gateway,gateway_A,raspberrypi,2,ESP32->RPi,deserialize,118,0.136,8,esp32_edge_normal_2,0,normal
11:07:44.735,430.2,gateway,gateway_A,raspberrypi,2,ESP32->RPi,deserialize,112,0.138,8,esp32_edge_simulator_1,1,mqtt_bruteforce
11:07:46.037,431.5,gateway,gateway_A,raspberrypi,2,ESP32->RPi,deserialize,120,0.215,8,esp32_edge_normal_3,0,normal
11:07:48.248,433.8,gateway,gateway_A,raspberrypi,2,ESP32->RPi,deserialize,119,0.066,8,esp32_edge_normal_2,0,normal
11:07:49.732,435.2,gateway,gateway_A,raspberrypi,2,ESP32->RPi,deserialize,114,0.065,8,esp32_edge_simulator_1,1,mqtt_bruteforce
11:07:51.037,436.5,gateway,gateway_A,raspberrypi,2,ESP32->RPi,deserialize,118,0.065,8,esp32_edge_normal_3,0,normal
11:07:53.420,438.9,gateway,gateway_A,raspberrypi,2,ESP32->RPi,deserialize,111,0.138,8,esp32_edge_normal_2,0,normal
11:07:54.739,440.2,gateway,gateway_A,raspberrypi,2,ESP32->RPi,deserialize,81,0.105,8,esp32_edge_simulator_1,2,scan_A
11:07:56.037,441.5,gateway,gateway_A,raspberrypi,2,ESP32->RPi,deserialize,115,0.137,8,esp32_edge_normal_3,0,normal
11:07:58.341,443.8,gateway,gateway_A,raspberrypi,2,ESP32->RPi,deserialize,121,0.136,8,esp32_edge_normal_2,0,normal
11:07:59.734,445.2,gateway,gateway_A,raspberrypi,2,ESP32->RPi,deserialize,120,0.138,8,esp32_edge_simulator_1,0,normal
11:08:01.036,446.5,gateway,gateway_A,raspberrypi,2,ESP32->RPi,deserialize,116,0.137,8,esp32_edge_normal_3,0,normal
11:08:03.357,448.9,gateway,gateway_A,raspberrypi,2,ESP32->RPi,deserialize,115,0.067,8,esp32_edge_normal_2,0,normal
11:08:04.792,450.3,gateway,gateway_A,raspberrypi,2,ESP32->RPi,deserialize,119,0.066,8,esp32_edge_simulator_1,0,normal
11:08:06.081,451.6,gateway,gateway_A,raspberrypi,2,ESP32->RPi,deserialize,117,0.065,8,esp32_edge_normal_3,0,normal
11:08:08.349,453.9,gateway,gateway_A,raspberrypi,2,ESP32->RPi,deserialize,114,0.135,8,esp32_edge_normal_2,0,normal
11:08:09.734,455.2,gateway,gateway_A,raspberrypi,2,ESP32->RPi,deserialize,119,0.15,8,esp32_edge_simulator_1,0,normal
11:08:10.834,456.3,gateway,gateway_A,raspberrypi,2,RPi->PC,serialize,3638,0.437,8,,,
11:08:11.038,456.5,gateway,gateway_A,raspberrypi,2,ESP32->RPi,deserialize,121,0.07,8,esp32_edge_normal_3,0,normal
11:08:13.252,458.8,gateway,gateway_A,raspberrypi,2,ESP32->RPi,deserialize,113,0.069,8,esp32_edge_normal_2,0,normal
11:08:14.736,460.2,gateway,gateway_A,raspberrypi,2,ESP32->RPi,deserialize,104,0.067,8,esp32_edge_simulator_1,2,scan_A
11:08:15.084,460.6,gateway,gateway_A,raspberrypi,2,PC->RPi,deserialize,3530,0.59,8,,,
11:08:15.098,460.6,gateway,gateway_A,raspberrypi,2,RPi->ESP32,serialize,3530,1.011,9,,,
11:08:16.036,461.5,gateway,gateway_A,raspberrypi,2,ESP32->RPi,deserialize,118,0.14,9,esp32_edge_normal_3,0,normal
11:08:18.303,463.8,gateway,gateway_A,raspberrypi,2,ESP32->RPi,deserialize,113,0.142,9,esp32_edge_normal_2,0,normal
11:08:19.732,465.2,gateway,gateway_A,raspberrypi,2,ESP32->RPi,deserialize,112,0.141,9,esp32_edge_simulator_1,1,mqtt_bruteforce
11:08:21.037,466.5,gateway,gateway_A,raspberrypi,2,ESP32->RPi,deserialize,114,0.139,9,esp32_edge_normal_3,0,normal
11:08:23.321,468.8,gateway,gateway_A,raspberrypi,2,ESP32->RPi,deserialize,114,0.214,9,esp32_edge_normal_2,0,normal
11:08:24.732,470.2,gateway,gateway_A,raspberrypi,2,ESP32->RPi,deserialize,105,0.14,9,esp32_edge_simulator_1,2,scan_A
11:08:26.038,471.5,gateway,gateway_A,raspberrypi,2,ESP32->RPi,deserialize,116,0.139,9,esp32_edge_normal_3,0,normal
11:08:28.337,473.8,gateway,gateway_A,raspberrypi,2,ESP32->RPi,deserialize,119,0.069,9,esp32_edge_normal_2,0,normal
11:08:29.737,475.2,gateway,gateway_A,raspberrypi,2,ESP32->RPi,deserialize,107,0.066,9,esp32_edge_simulator_1,2,scan_A
11:08:31.034,476.5,gateway,gateway_A,raspberrypi,2,ESP32->RPi,deserialize,115,0.067,9,esp32_edge_normal_3,0,normal
11:08:33.363,478.9,gateway,gateway_A,raspberrypi,2,ESP32->RPi,deserialize,116,0.14,9,esp32_edge_normal_2,0,normal
11:08:34.733,480.2,gateway,gateway_A,raspberrypi,2,ESP32->RPi,deserialize,81,0.128,9,esp32_edge_simulator_1,2,scan_A
11:08:36.038,481.5,gateway,gateway_A,raspberrypi,2,ESP32->RPi,deserialize,119,0.127,9,esp32_edge_normal_3,0,normal
11:08:38.375,483.9,gateway,gateway_A,raspberrypi,2,ESP32->RPi,deserialize,119,0.137,9,esp32_edge_normal_2,0,normal
11:08:39.734,485.2,gateway,gateway_A,raspberrypi,2,ESP32->RPi,deserialize,107,0.136,9,esp32_edge_simulator_1,2,scan_A
11:08:41.035,486.5,gateway,gateway_A,raspberrypi,2,ESP32->RPi,deserialize,121,0.16,9,esp32_edge_normal_3,0,normal
11:08:43.391,488.9,gateway,gateway_A,raspberrypi,2,ESP32->RPi,deserialize,113,0.135,9,esp32_edge_normal_2,0,normal
11:08:44.730,490.2,gateway,gateway_A,raspberrypi,2,ESP32->RPi,deserialize,107,0.135,9,esp32_edge_simulator_1,2,scan_A
11:08:46.035,491.5,gateway,gateway_A,raspberrypi,2,ESP32->RPi,deserialize,116,0.136,9,esp32_edge_normal_3,0,normal
11:08:48.409,493.9,gateway,gateway_A,raspberrypi,2,ESP32->RPi,deserialize,117,0.137,9,esp32_edge_normal_2,0,normal
11:08:49.732,495.2,gateway,gateway_A,raspberrypi,2,ESP32->RPi,deserialize,120,0.136,9,esp32_edge_simulator_1,0,normal
11:08:51.035,496.5,gateway,gateway_A,raspberrypi,2,ESP32->RPi,deserialize,121,0.139,9,esp32_edge_normal_3,0,normal
11:08:53.428,498.9,gateway,gateway_A,raspberrypi,2,ESP32->RPi,deserialize,117,0.136,9,esp32_edge_normal_2,0,normal
11:08:54.730,500.2,gateway,gateway_A,raspberrypi,2,ESP32->RPi,deserialize,113,0.136,9,esp32_edge_simulator_1,1,mqtt_bruteforce
11:08:56.035,501.5,gateway,gateway_A,raspberrypi,2,ESP32->RPi,deserialize,115,0.137,9,esp32_edge_normal_3,0,normal
11:08:58.444,504.0,gateway,gateway_A,raspberrypi,2,ESP32->RPi,deserialize,121,0.137,9,esp32_edge_normal_2,0,normal
11:08:59.731,505.2,gateway,gateway_A,raspberrypi,2,ESP32->RPi,deserialize,101,0.138,9,esp32_edge_simulator_1,2,scan_A
11:09:00.826,506.3,gateway,gateway_A,raspberrypi,2,RPi->PC,serialize,3638,0.434,9,,,
11:09:01.034,506.5,gateway,gateway_A,raspberrypi,2,ESP32->RPi,deserialize,119,0.069,9,esp32_edge_normal_3,0,normal
11:09:03.256,508.8,gateway,gateway_A,raspberrypi,2,ESP32->RPi,deserialize,114,0.068,9,esp32_edge_normal_2,0,normal
11:09:04.797,510.3,gateway,gateway_A,raspberrypi,2,ESP32->RPi,deserialize,107,0.064,9,esp32_edge_simulator_1,2,scan_A
11:09:05.238,510.7,gateway,gateway_A,raspberrypi,2,PC->RPi,deserialize,3531,0.568,9,,,
11:09:05.253,510.8,gateway,gateway_A,raspberrypi,2,RPi->ESP32,serialize,3531,1.095,10,,,
11:09:06.042,511.5,gateway,gateway_A,raspberrypi,2,ESP32->RPi,deserialize,116,0.145,10,esp32_edge_normal_3,0,normal
11:09:08.246,513.8,gateway,gateway_A,raspberrypi,2,ESP32->RPi,deserialize,118,0.138,10,esp32_edge_normal_2,0,normal
11:09:09.733,515.2,gateway,gateway_A,raspberrypi,2,ESP32->RPi,deserialize,114,0.137,10,esp32_edge_simulator_1,1,mqtt_bruteforce
11:09:11.033,516.5,gateway,gateway_A,raspberrypi,2,ESP32->RPi,deserialize,117,0.141,10,esp32_edge_normal_3,0,normal
11:09:13.292,518.8,gateway,gateway_A,raspberrypi,2,ESP32->RPi,deserialize,113,0.182,10,esp32_edge_normal_2,0,normal
11:09:14.731,520.2,gateway,gateway_A,raspberrypi,2,ESP32->RPi,deserialize,81,0.127,10,esp32_edge_simulator_1,2,scan_A
11:09:16.033,521.5,gateway,gateway_A,raspberrypi,2,ESP32->RPi,deserialize,113,0.136,10,esp32_edge_normal_3,0,normal
11:09:18.310,523.8,gateway,gateway_A,raspberrypi,2,ESP32->RPi,deserialize,114,0.133,10,esp32_edge_normal_2,0,normal
11:09:19.731,525.2,gateway,gateway_A,raspberrypi,2,ESP32->RPi,deserialize,120,0.136,10,esp32_edge_simulator_1,0,normal
11:09:21.036,526.5,gateway,gateway_A,raspberrypi,2,ESP32->RPi,deserialize,112,0.136,10,esp32_edge_normal_3,0,normal
11:09:23.327,528.8,gateway,gateway_A,raspberrypi,2,ESP32->RPi,deserialize,115,0.134,10,esp32_edge_normal_2,0,normal
11:09:24.736,530.2,gateway,gateway_A,raspberrypi,2,ESP32->RPi,deserialize,108,0.138,10,esp32_edge_simulator_1,2,scan_A
11:09:26.033,531.5,gateway,gateway_A,raspberrypi,2,ESP32->RPi,deserialize,119,0.064,10,esp32_edge_normal_3,0,normal
11:09:28.344,533.9,gateway,gateway_A,raspberrypi,2,ESP32->RPi,deserialize,119,0.066,10,esp32_edge_normal_2,0,normal
11:09:29.737,535.2,gateway,gateway_A,raspberrypi,2,ESP32->RPi,deserialize,103,0.066,10,esp32_edge_simulator_1,2,scan_A
11:09:31.036,536.5,gateway,gateway_A,raspberrypi,2,ESP32->RPi,deserialize,115,0.138,10,esp32_edge_normal_3,0,normal
11:09:33.250,538.8,gateway,gateway_A,raspberrypi,2,ESP32->RPi,deserialize,117,0.066,10,esp32_edge_normal_2,0,normal
11:09:34.730,540.2,gateway,gateway_A,raspberrypi,2,ESP32->RPi,deserialize,119,0.067,10,esp32_edge_simulator_1,0,normal
11:09:36.032,541.5,gateway,gateway_A,raspberrypi,2,ESP32->RPi,deserialize,105,0.066,10,esp32_edge_normal_3,0,normal
11:09:38.380,543.9,gateway,gateway_A,raspberrypi,2,ESP32->RPi,deserialize,116,0.122,10,esp32_edge_normal_2,0,normal
11:09:39.732,545.2,gateway,gateway_A,raspberrypi,2,ESP32->RPi,deserialize,124,0.139,10,esp32_edge_simulator_1,0,normal
11:09:41.043,546.6,gateway,gateway_A,raspberrypi,2,ESP32->RPi,deserialize,118,0.137,10,esp32_edge_normal_3,0,normal
11:09:43.397,548.9,gateway,gateway_A,raspberrypi,2,ESP32->RPi,deserialize,117,0.137,10,esp32_edge_normal_2,0,normal
11:09:44.734,550.2,gateway,gateway_A,raspberrypi,2,ESP32->RPi,deserialize,110,0.141,10,esp32_edge_simulator_1,1,mqtt_bruteforce
11:09:46.034,551.5,gateway,gateway_A,raspberrypi,2,ESP32->RPi,deserialize,119,0.139,10,esp32_edge_normal_3,0,normal
11:09:48.247,553.8,gateway,gateway_A,raspberrypi,2,ESP32->RPi,deserialize,112,0.138,10,esp32_edge_normal_2,0,normal
11:09:49.732,555.2,gateway,gateway_A,raspberrypi,2,ESP32->RPi,deserialize,121,0.132,10,esp32_edge_simulator_1,0,normal
11:09:50.680,556.2,gateway,gateway_A,raspberrypi,2,RPi->PC,serialize,3636,0.421,10,,,
11:09:51.039,556.5,gateway,gateway_A,raspberrypi,2,ESP32->RPi,deserialize,117,0.076,10,esp32_edge_normal_3,0,normal
11:09:53.243,558.8,gateway,gateway_A,raspberrypi,2,ESP32->RPi,deserialize,118,0.066,10,esp32_edge_normal_2,0,normal
11:09:54.728,560.2,gateway,gateway_A,raspberrypi,2,ESP32->RPi,deserialize,111,0.065,10,esp32_edge_simulator_1,1,mqtt_bruteforce
11:09:55.279,560.8,gateway,gateway_A,raspberrypi,2,PC->RPi,deserialize,3532,0.587,10,,,
11:09:55.294,560.8,gateway,gateway_A,raspberrypi,2,RPi->ESP32,serialize,3532,1.068,11,,,
11:09:56.032,561.5,gateway,gateway_A,raspberrypi,2,ESP32->RPi,deserialize,118,0.122,11,esp32_edge_normal_3,0,normal
11:09:58.480,564.0,gateway,gateway_A,raspberrypi,2,ESP32->RPi,deserialize,113,0.142,11,esp32_edge_normal_2,0,normal
11:09:59.729,565.2,gateway,gateway_A,raspberrypi,2,ESP32->RPi,deserialize,120,0.196,11,esp32_edge_simulator_1,0,normal
11:10:01.057,566.6,gateway,gateway_A,raspberrypi,2,ESP32->RPi,deserialize,118,0.11,11,esp32_edge_normal_3,0,normal
11:10:03.262,568.8,gateway,gateway_A,raspberrypi,2,ESP32->RPi,deserialize,116,0.064,11,esp32_edge_normal_2,0,normal
11:10:04.803,570.3,gateway,gateway_A,raspberrypi,2,ESP32->RPi,deserialize,107,0.068,11,esp32_edge_simulator_1,2,scan_A
11:10:06.032,571.5,gateway,gateway_A,raspberrypi,2,ESP32->RPi,deserialize,117,0.065,11,esp32_edge_normal_3,0,normal
11:10:08.243,573.8,gateway,gateway_A,raspberrypi,2,ESP32->RPi,deserialize,108,0.132,11,esp32_edge_normal_2,0,normal
11:10:09.729,575.2,gateway,gateway_A,raspberrypi,2,ESP32->RPi,deserialize,123,0.141,11,esp32_edge_simulator_1,0,normal
11:10:11.033,576.5,gateway,gateway_A,raspberrypi,2,ESP32->RPi,deserialize,116,0.136,11,esp32_edge_normal_3,0,normal
11:10:13.245,578.8,gateway,gateway_A,raspberrypi,2,ESP32->RPi,deserialize,115,0.137,11,esp32_edge_normal_2,0,normal
11:10:14.734,580.2,gateway,gateway_A,raspberrypi,2,ESP32->RPi,deserialize,118,0.065,11,esp32_edge_simulator_1,0,normal
11:10:16.034,581.5,gateway,gateway_A,raspberrypi,2,ESP32->RPi,deserialize,116,0.065,11,esp32_edge_normal_3,0,normal
11:10:18.315,583.8,gateway,gateway_A,raspberrypi,2,ESP32->RPi,deserialize,117,0.065,11,esp32_edge_normal_2,0,normal
11:10:19.730,585.2,gateway,gateway_A,raspberrypi,2,ESP32->RPi,deserialize,112,0.123,11,esp32_edge_simulator_1,1,mqtt_bruteforce
11:10:21.034,586.5,gateway,gateway_A,raspberrypi,2,ESP32->RPi,deserialize,116,0.136,11,esp32_edge_normal_3,0,normal
11:10:23.345,588.9,gateway,gateway_A,raspberrypi,2,ESP32->RPi,deserialize,115,0.137,11,esp32_edge_normal_2,0,normal
11:10:24.732,590.2,gateway,gateway_A,raspberrypi,2,ESP32->RPi,deserialize,121,0.136,11,esp32_edge_simulator_1,0,normal
11:10:26.032,591.5,gateway,gateway_A,raspberrypi,2,ESP32->RPi,deserialize,117,0.135,11,esp32_edge_normal_3,0,normal
11:10:28.257,593.8,gateway,gateway_A,raspberrypi,2,ESP32->RPi,deserialize,120,0.138,11,esp32_edge_normal_2,0,normal
11:10:29.726,595.2,gateway,gateway_A,raspberrypi,2,ESP32->RPi,deserialize,111,0.066,11,esp32_edge_simulator_1,1,mqtt_bruteforce
11:10:31.031,596.5,gateway,gateway_A,raspberrypi,2,ESP32->RPi,deserialize,117,0.065,11,esp32_edge_normal_3,0,normal
11:10:33.248,598.8,gateway,gateway_A,raspberrypi,2,ESP32->RPi,deserialize,117,0.113,11,esp32_edge_normal_2,0,normal
11:10:34.727,600.2,gateway,gateway_A,raspberrypi,2,ESP32->RPi,deserialize,110,0.135,11,esp32_edge_simulator_1,1,mqtt_bruteforce
11:10:36.031,601.5,gateway,gateway_A,raspberrypi,2,ESP32->RPi,deserialize,121,0.135,11,esp32_edge_normal_3,0,normal
11:10:38.289,603.8,gateway,gateway_A,raspberrypi,2,ESP32->RPi,deserialize,113,0.136,11,esp32_edge_normal_2,0,normal
11:10:39.798,605.3,gateway,gateway_A,raspberrypi,2,ESP32->RPi,deserialize,102,0.138,11,esp32_edge_simulator_1,2,scan_A
11:10:40.740,606.2,gateway,gateway_A,raspberrypi,2,RPi->PC,serialize,3647,0.464,11,,,
11:10:41.064,606.6,gateway,gateway_A,raspberrypi,2,ESP32->RPi,deserialize,106,0.072,11,esp32_edge_normal_3,0,normal
11:10:43.307,608.8,gateway,gateway_A,raspberrypi,2,ESP32->RPi,deserialize,119,0.068,11,esp32_edge_normal_2,0,normal
11:10:44.726,610.2,gateway,gateway_A,raspberrypi,2,ESP32->RPi,deserialize,109,0.068,11,esp32_edge_simulator_1,1,mqtt_bruteforce
11:10:45.106,610.6,gateway,gateway_A,raspberrypi,2,PC->RPi,deserialize,3517,0.572,11,,,
11:10:45.120,610.6,gateway,gateway_A,raspberrypi,2,RPi->ESP32,serialize,3517,0.964,12,,,
11:10:46.031,611.5,gateway,gateway_A,raspberrypi,2,ESP32->RPi,deserialize,116,0.07,12,esp32_edge_normal_3,0,normal
11:10:48.249,613.8,gateway,gateway_A,raspberrypi,2,ESP32->RPi,deserialize,114,0.067,12,esp32_edge_normal_2,0,normal
11:10:49.725,615.2,gateway,gateway_A,raspberrypi,2,ESP32->RPi,deserialize,113,0.068,12,esp32_edge_simulator_1,1,mqtt_bruteforce
11:10:51.030,616.5,gateway,gateway_A,raspberrypi,2,ESP32->RPi,deserialize,115,0.141,12,esp32_edge_normal_3,0,normal
11:10:53.273,618.8,gateway,gateway_A,raspberrypi,2,ESP32->RPi,deserialize,115,0.065,12,esp32_edge_normal_2,0,normal
11:10:54.727,620.2,gateway,gateway_A,raspberrypi,2,ESP32->RPi,deserialize,113,0.066,12,esp32_edge_simulator_1,1,mqtt_bruteforce
11:10:56.036,621.5,gateway,gateway_A,raspberrypi,2,ESP32->RPi,deserialize,116,0.066,12,esp32_edge_normal_3,0,normal
11:10:58.355,623.9,gateway,gateway_A,raspberrypi,2,ESP32->RPi,deserialize,121,0.14,12,esp32_edge_normal_2,0,normal
11:10:59.726,625.2,gateway,gateway_A,raspberrypi,2,ESP32->RPi,deserialize,112,0.14,12,esp32_edge_simulator_1,1,mqtt_bruteforce
11:11:01.039,626.5,gateway,gateway_A,raspberrypi,2,ESP32->RPi,deserialize,116,0.116,12,esp32_edge_normal_3,0,normal
11:11:03.242,628.8,gateway,gateway_A,raspberrypi,2,ESP32->RPi,deserialize,120,0.066,12,esp32_edge_normal_2,0,normal
11:11:04.793,630.3,gateway,gateway_A,raspberrypi,2,ESP32->RPi,deserialize,119,0.064,12,esp32_edge_simulator_1,0,normal
11:11:06.033,631.5,gateway,gateway_A,raspberrypi,2,ESP32->RPi,deserialize,121,0.064,12,esp32_edge_normal_3,0,normal
11:11:08.312,633.8,gateway,gateway_A,raspberrypi,2,ESP32->RPi,deserialize,121,0.139,12,esp32_edge_normal_2,0,normal
11:11:09.736,635.2,gateway,gateway_A,raspberrypi,2,ESP32->RPi,deserialize,122,0.137,12,esp32_edge_simulator_1,0,normal
11:11:11.031,636.5,gateway,gateway_A,raspberrypi,2,ESP32->RPi,deserialize,115,0.137,12,esp32_edge_normal_3,0,normal
11:11:13.242,638.8,gateway,gateway_A,raspberrypi,2,ESP32->RPi,deserialize,121,0.137,12,esp32_edge_normal_2,0,normal
11:11:14.725,640.2,gateway,gateway_A,raspberrypi,2,ESP32->RPi,deserialize,108,0.138,12,esp32_edge_simulator_1,1,mqtt_bruteforce
11:11:16.048,641.6,gateway,gateway_A,raspberrypi,2,ESP32->RPi,deserialize,114,0.143,12,esp32_edge_normal_3,0,normal
11:11:18.323,643.8,gateway,gateway_A,raspberrypi,2,ESP32->RPi,deserialize,121,0.136,12,esp32_edge_normal_2,0,normal
11:11:19.725,645.2,gateway,gateway_A,raspberrypi,2,ESP32->RPi,deserialize,108,0.139,12,esp32_edge_simulator_1,1,mqtt_bruteforce
11:11:21.029,646.5,gateway,gateway_A,raspberrypi,2,ESP32->RPi,deserialize,115,0.208,12,esp32_edge_normal_3,0,normal
11:11:23.341,648.8,gateway,gateway_A,raspberrypi,2,ESP32->RPi,deserialize,115,0.138,12,esp32_edge_normal_2,0,normal
11:11:24.762,650.3,gateway,gateway_A,raspberrypi,2,ESP32->RPi,deserialize,107,0.138,12,esp32_edge_simulator_1,2,scan_A
11:11:26.035,651.5,gateway,gateway_A,raspberrypi,2,ESP32->RPi,deserialize,120,0.14,12,esp32_edge_normal_3,0,normal
11:11:28.245,653.8,gateway,gateway_A,raspberrypi,2,ESP32->RPi,deserialize,118,0.137,12,esp32_edge_normal_2,0,normal
11:11:29.727,655.2,gateway,gateway_A,raspberrypi,2,ESP32->RPi,deserialize,124,0.138,12,esp32_edge_simulator_1,0,normal
11:11:30.842,656.4,gateway,gateway_A,raspberrypi,2,RPi->PC,serialize,3624,0.424,12,,,
11:11:31.041,656.5,gateway,gateway_A,raspberrypi,2,ESP32->RPi,deserialize,119,0.072,12,esp32_edge_normal_3,0,normal
11:11:33.245,658.8,gateway,gateway_A,raspberrypi,2,ESP32->RPi,deserialize,115,0.069,12,esp32_edge_normal_2,0,normal
11:11:34.726,660.2,gateway,gateway_A,raspberrypi,2,ESP32->RPi,deserialize,105,0.069,12,esp32_edge_simulator_1,2,scan_A
11:11:35.300,660.8,gateway,gateway_A,raspberrypi,2,PC->RPi,deserialize,3517,0.56,12,,,
11:11:35.315,660.8,gateway,gateway_A,raspberrypi,2,RPi->ESP32,serialize,3517,1.014,13,,,
11:11:36.039,661.5,gateway,gateway_A,raspberrypi,2,ESP32->RPi,deserialize,121,0.068,13,esp32_edge_normal_3,0,normal
11:11:38.299,663.8,gateway,gateway_A,raspberrypi,2,ESP32->RPi,deserialize,117,0.067,13,esp32_edge_normal_2,0,normal
11:11:39.736,665.2,gateway,gateway_A,raspberrypi,2,ESP32->RPi,deserialize,111,0.067,13,esp32_edge_simulator_1,1,mqtt_bruteforce
11:11:41.032,666.5,gateway,gateway_A,raspberrypi,2,ESP32->RPi,deserialize,119,0.143,13,esp32_edge_normal_3,0,normal
11:11:43.308,668.8,gateway,gateway_A,raspberrypi,2,ESP32->RPi,deserialize,117,0.114,13,esp32_edge_normal_2,0,normal
11:11:44.765,670.3,gateway,gateway_A,raspberrypi,2,ESP32->RPi,deserialize,110,0.143,13,esp32_edge_simulator_1,1,mqtt_bruteforce
11:11:46.056,671.6,gateway,gateway_A,raspberrypi,2,ESP32->RPi,deserialize,106,0.134,13,esp32_edge_normal_3,0,normal
11:11:48.241,673.7,gateway,gateway_A,raspberrypi,2,ESP32->RPi,deserialize,120,0.064,13,esp32_edge_normal_2,0,normal
11:11:49.725,675.2,gateway,gateway_A,raspberrypi,2,ESP32->RPi,deserialize,111,0.066,13,esp32_edge_simulator_1,1,mqtt_bruteforce
11:11:51.029,676.5,gateway,gateway_A,raspberrypi,2,ESP32->RPi,deserialize,119,0.064,13,esp32_edge_normal_3,0,normal
11:11:53.249,678.8,gateway,gateway_A,raspberrypi,2,ESP32->RPi,deserialize,116,0.135,13,esp32_edge_normal_2,0,normal
11:11:54.733,680.2,gateway,gateway_A,raspberrypi,2,ESP32->RPi,deserialize,117,0.138,13,esp32_edge_simulator_1,0,normal
11:11:56.045,681.6,gateway,gateway_A,raspberrypi,2,ESP32->RPi,deserialize,116,0.136,13,esp32_edge_normal_3,0,normal
11:11:58.260,683.8,gateway,gateway_A,raspberrypi,2,ESP32->RPi,deserialize,119,0.138,13,esp32_edge_normal_2,0,normal
11:12:02.050,687.6,gateway,gateway_A,raspberrypi,2,ESP32->RPi,deserialize,105,0.066,13,esp32_edge_simulator_1,2,scan_A
11:12:02.051,687.6,gateway,gateway_A,raspberrypi,2,ESP32->RPi,deserialize,118,0.026,13,esp32_edge_normal_3,0,normal
11:12:03.275,688.8,gateway,gateway_A,raspberrypi,2,ESP32->RPi,deserialize,118,0.065,13,esp32_edge_normal_2,0,normal
11:12:04.796,690.3,gateway,gateway_A,raspberrypi,2,ESP32->RPi,deserialize,108,0.128,13,esp32_edge_simulator_1,2,scan_A
11:12:06.045,691.6,gateway,gateway_A,raspberrypi,2,ESP32->RPi,deserialize,119,0.065,13,esp32_edge_normal_3,0,normal
11:12:08.337,693.8,gateway,gateway_A,raspberrypi,2,ESP32->RPi,deserialize,121,0.14,13,esp32_edge_normal_2,0,normal
11:12:09.739,695.2,gateway,gateway_A,raspberrypi,2,ESP32->RPi,deserialize,112,0.142,13,esp32_edge_simulator_1,1,mqtt_bruteforce
11:12:11.039,696.5,gateway,gateway_A,raspberrypi,2,ESP32->RPi,deserialize,120,0.135,13,esp32_edge_normal_3,0,normal
11:12:13.243,698.8,gateway,gateway_A,raspberrypi,2,ESP32->RPi,deserialize,118,0.139,13,esp32_edge_normal_2,0,normal
11:12:14.726,700.2,gateway,gateway_A,raspberrypi,2,ESP32->RPi,deserialize,107,0.135,13,esp32_edge_simulator_1,2,scan_A
11:12:16.033,701.5,gateway,gateway_A,raspberrypi,2,ESP32->RPi,deserialize,119,0.133,13,esp32_edge_normal_3,0,normal
11:12:18.329,703.8,gateway,gateway_A,raspberrypi,2,ESP32->RPi,deserialize,116,0.137,13,esp32_edge_normal_2,0,normal
11:12:19.724,705.2,gateway,gateway_A,raspberrypi,2,ESP32->RPi,deserialize,111,0.139,13,esp32_edge_simulator_1,1,mqtt_bruteforce
11:12:20.824,706.3,gateway,gateway_A,raspberrypi,2,RPi->PC,serialize,3637,0.412,13,,,
11:12:21.027,706.5,gateway,gateway_A,raspberrypi,2,ESP32->RPi,deserialize,120,0.07,13,esp32_edge_normal_3,0,normal
11:12:23.346,708.9,gateway,gateway_A,raspberrypi,2,ESP32->RPi,deserialize,120,0.068,13,esp32_edge_normal_2,0,normal
11:12:24.726,710.2,gateway,gateway_A,raspberrypi,2,ESP32->RPi,deserialize,117,0.069,13,esp32_edge_simulator_1,0,normal
11:12:25.177,710.7,gateway,gateway_A,raspberrypi,2,PC->RPi,deserialize,3528,0.68,13,,,
11:12:25.195,710.7,gateway,gateway_A,raspberrypi,2,RPi->ESP32,serialize,3528,1.389,14,,,
11:12:26.026,711.5,gateway,gateway_A,raspberrypi,2,ESP32->RPi,deserialize,117,0.141,14,esp32_edge_normal_3,0,normal
11:12:28.261,713.8,gateway,gateway_A,raspberrypi,2,ESP32->RPi,deserialize,113,0.069,14,esp32_edge_normal_2,0,normal
11:12:29.723,715.2,gateway,gateway_A,raspberrypi,2,ESP32->RPi,deserialize,110,0.069,14,esp32_edge_simulator_1,1,mqtt_bruteforce
11:12:31.026,716.5,gateway,gateway_A,raspberrypi,2,ESP32->RPi,deserialize,121,0.074,14,esp32_edge_normal_3,0,normal
11:12:33.279,718.8,gateway,gateway_A,raspberrypi,2,ESP32->RPi,deserialize,121,0.135,14,esp32_edge_normal_2,0,normal
11:12:34.728,720.2,gateway,gateway_A,raspberrypi,2,ESP32->RPi,deserialize,112,0.138,14,esp32_edge_simulator_1,1,mqtt_bruteforce
11:12:36.026,721.5,gateway,gateway_A,raspberrypi,2,ESP32->RPi,deserialize,113,0.135,14,esp32_edge_normal_3,0,normal
11:12:38.298,723.8,gateway,gateway_A,raspberrypi,2,ESP32->RPi,deserialize,116,0.136,14,esp32_edge_normal_2,0,normal
11:12:39.731,725.2,gateway,gateway_A,raspberrypi,2,ESP32->RPi,deserialize,121,0.136,14,esp32_edge_simulator_1,0,normal
11:12:41.027,726.5,gateway,gateway_A,raspberrypi,2,ESP32->RPi,deserialize,120,0.069,14,esp32_edge_normal_3,0,normal
11:12:43.313,728.8,gateway,gateway_A,raspberrypi,2,ESP32->RPi,deserialize,117,0.064,14,esp32_edge_normal_2,0,normal
11:12:44.725,730.2,gateway,gateway_A,raspberrypi,2,ESP32->RPi,deserialize,112,0.063,14,esp32_edge_simulator_1,1,mqtt_bruteforce
11:12:46.027,731.5,gateway,gateway_A,raspberrypi,2,ESP32->RPi,deserialize,116,0.133,14,esp32_edge_normal_3,0,normal
11:12:48.339,733.8,gateway,gateway_A,raspberrypi,2,ESP32->RPi,deserialize,120,0.138,14,esp32_edge_normal_2,0,normal
11:12:49.726,735.2,gateway,gateway_A,raspberrypi,2,ESP32->RPi,deserialize,121,0.14,14,esp32_edge_simulator_1,0,normal
11:12:51.030,736.5,gateway,gateway_A,raspberrypi,2,ESP32->RPi,deserialize,120,0.138,14,esp32_edge_normal_3,0,normal
11:12:53.350,738.9,gateway,gateway_A,raspberrypi,2,ESP32->RPi,deserialize,117,0.135,14,esp32_edge_normal_2,0,normal
11:12:54.724,740.2,gateway,gateway_A,raspberrypi,2,ESP32->RPi,deserialize,120,0.14,14,esp32_edge_simulator_1,0,normal
11:12:56.027,741.5,gateway,gateway_A,raspberrypi,2,ESP32->RPi,deserialize,120,0.137,14,esp32_edge_normal_3,0,normal
11:12:58.266,743.8,gateway,gateway_A,raspberrypi,2,ESP32->RPi,deserialize,116,0.107,14,esp32_edge_normal_2,0,normal
11:12:59.726,745.2,gateway,gateway_A,raspberrypi,2,ESP32->RPi,deserialize,118,0.136,14,esp32_edge_simulator_1,0,normal
11:13:01.036,746.5,gateway,gateway_A,raspberrypi,2,ESP32->RPi,deserialize,121,0.162,14,esp32_edge_normal_3,0,normal
11:13:03.285,748.8,gateway,gateway_A,raspberrypi,2,ESP32->RPi,deserialize,116,0.141,14,esp32_edge_normal_2,0,normal
11:13:04.797,750.3,gateway,gateway_A,raspberrypi,2,ESP32->RPi,deserialize,107,0.14,14,esp32_edge_simulator_1,2,scan_A
11:13:06.026,751.5,gateway,gateway_A,raspberrypi,2,ESP32->RPi,deserialize,115,0.136,14,esp32_edge_normal_3,0,normal
11:13:08.253,753.8,gateway,gateway_A,raspberrypi,2,ESP32->RPi,deserialize,121,0.135,14,esp32_edge_normal_2,0,normal
11:13:09.735,755.2,gateway,gateway_A,raspberrypi,2,ESP32->RPi,deserialize,123,0.138,14,esp32_edge_simulator_1,0,normal
11:13:10.829,756.3,gateway,gateway_A,raspberrypi,2,RPi->PC,serialize,3641,0.402,14,,,
11:13:11.027,756.5,gateway,gateway_A,raspberrypi,2,ESP32->RPi,deserialize,120,0.069,14,esp32_edge_normal_3,0,normal
11:13:13.317,758.8,gateway,gateway_A,raspberrypi,2,ESP32->RPi,deserialize,115,0.064,14,esp32_edge_normal_2,0,normal
11:13:14.731,760.2,gateway,gateway_A,raspberrypi,2,ESP32->RPi,deserialize,124,0.064,14,esp32_edge_simulator_1,0,normal
11:13:15.112,760.6,gateway,gateway_A,raspberrypi,2,PC->RPi,deserialize,3533,0.58,14,,,
11:13:15.126,760.6,gateway,gateway_A,raspberrypi,2,RPi->ESP32,serialize,3533,1.008,15,,,
11:13:16.028,761.5,gateway,gateway_A,raspberrypi,2,ESP32->RPi,deserialize,116,0.066,15,esp32_edge_normal_3,0,normal
11:13:18.334,763.8,gateway,gateway_A,raspberrypi,2,ESP32->RPi,deserialize,118,0.061,15,esp32_edge_normal_2,0,normal
11:13:19.729,765.2,gateway,gateway_A,raspberrypi,2,ESP32->RPi,deserialize,108,0.063,15,esp32_edge_simulator_1,2,scan_A
11:13:21.033,766.5,gateway,gateway_A,raspberrypi,2,ESP32->RPi,deserialize,121,0.134,15,esp32_edge_normal_3,0,normal
11:13:23.251,768.8,gateway,gateway_A,raspberrypi,2,ESP32->RPi,deserialize,114,0.139,15,esp32_edge_normal_2,0,normal
11:13:24.724,770.2,gateway,gateway_A,raspberrypi,2,ESP32->RPi,deserialize,117,0.136,15,esp32_edge_simulator_1,0,normal
11:13:26.030,771.5,gateway,gateway_A,raspberrypi,2,ESP32->RPi,deserialize,119,0.135,15,esp32_edge_normal_3,0,normal
11:13:28.268,773.8,gateway,gateway_A,raspberrypi,2,ESP32->RPi,deserialize,117,0.061,15,esp32_edge_normal_2,0,normal
11:13:29.723,775.2,gateway,gateway_A,raspberrypi,2,ESP32->RPi,deserialize,110,0.063,15,esp32_edge_simulator_1,1,mqtt_bruteforce
11:13:31.027,776.5,gateway,gateway_A,raspberrypi,2,ESP32->RPi,deserialize,120,0.063,15,esp32_edge_normal_3,0,normal
11:13:33.286,778.8,gateway,gateway_A,raspberrypi,2,ESP32->RPi,deserialize,115,0.134,15,esp32_edge_normal_2,0,normal
11:13:34.723,780.2,gateway,gateway_A,raspberrypi,2,ESP32->RPi,deserialize,121,0.138,15,esp32_edge_simulator_1,0,normal
11:13:36.028,781.5,gateway,gateway_A,raspberrypi,2,ESP32->RPi,deserialize,115,0.136,15,esp32_edge_normal_3,0,normal
11:13:38.304,783.8,gateway,gateway_A,raspberrypi,2,ESP32->RPi,deserialize,118,0.137,15,esp32_edge_normal_2,0,normal
11:13:39.721,785.2,gateway,gateway_A,raspberrypi,2,ESP32->RPi,deserialize,110,0.185,15,esp32_edge_simulator_1,1,mqtt_bruteforce
11:13:41.025,786.5,gateway,gateway_A,raspberrypi,2,ESP32->RPi,deserialize,115,0.135,15,esp32_edge_normal_3,0,normal
11:13:43.323,788.8,gateway,gateway_A,raspberrypi,2,ESP32->RPi,deserialize,114,0.139,15,esp32_edge_normal_2,0,normal
11:13:44.724,790.2,gateway,gateway_A,raspberrypi,2,ESP32->RPi,deserialize,110,0.136,15,esp32_edge_simulator_1,1,mqtt_bruteforce
11:13:46.029,791.5,gateway,gateway_A,raspberrypi,2,ESP32->RPi,deserialize,121,0.26,15,esp32_edge_normal_3,0,normal
11:13:48.242,793.8,gateway,gateway_A,raspberrypi,2,ESP32->RPi,deserialize,119,0.107,15,esp32_edge_normal_2,0,normal
11:13:49.730,795.2,gateway,gateway_A,raspberrypi,2,ESP32->RPi,deserialize,116,0.06,15,esp32_edge_simulator_1,0,normal
11:13:51.027,796.5,gateway,gateway_A,raspberrypi,2,ESP32->RPi,deserialize,121,0.064,15,esp32_edge_normal_3,0,normal
11:13:53.236,798.7,gateway,gateway_A,raspberrypi,2,ESP32->RPi,deserialize,120,0.064,15,esp32_edge_normal_2,0,normal
11:13:54.724,800.2,gateway,gateway_A,raspberrypi,2,ESP32->RPi,deserialize,118,0.141,15,esp32_edge_simulator_1,0,normal
11:13:56.024,801.5,gateway,gateway_A,raspberrypi,2,ESP32->RPi,deserialize,114,0.066,15,esp32_edge_normal_3,0,normal
11:13:58.282,803.8,gateway,gateway_A,raspberrypi,2,ESP32->RPi,deserialize,118,0.064,15,esp32_edge_normal_2,0,normal
11:13:59.721,805.2,gateway,gateway_A,raspberrypi,2,ESP32->RPi,deserialize,81,0.064,15,esp32_edge_simulator_1,2,scan_A
11:14:00.830,806.3,gateway,gateway_A,raspberrypi,2,RPi->PC,serialize,3635,0.402,15,,,
11:14:01.021,806.5,gateway,gateway_A,raspberrypi,2,ESP32->RPi,deserialize,114,0.071,15,esp32_edge_normal_3,0,normal
11:14:03.288,808.8,gateway,gateway_A,raspberrypi,2,ESP32->RPi,deserialize,116,0.065,15,esp32_edge_normal_2,0,normal
11:14:04.798,810.3,gateway,gateway_A,raspberrypi,2,ESP32->RPi,deserialize,115,0.067,15,esp32_edge_simulator_1,0,normal
11:14:05.466,811.0,gateway,gateway_A,raspberrypi,2,PC->RPi,deserialize,3539,0.573,15,,,
11:14:05.481,811.0,gateway,gateway_A,raspberrypi,2,RPi->ESP32,serialize,3539,0.958,16,,,
11:14:06.024,811.5,gateway,gateway_A,raspberrypi,2,ESP32->RPi,deserialize,117,0.138,16,esp32_edge_normal_3,0,normal
11:14:08.331,813.8,gateway,gateway_A,raspberrypi,2,ESP32->RPi,deserialize,119,0.137,16,esp32_edge_normal_2,0,normal
11:14:09.721,815.2,gateway,gateway_A,raspberrypi,2,ESP32->RPi,deserialize,81,0.124,16,esp32_edge_simulator_1,2,scan_A
11:14:11.026,816.5,gateway,gateway_A,raspberrypi,2,ESP32->RPi,deserialize,116,0.138,16,esp32_edge_normal_3,0,normal
11:14:13.240,818.7,gateway,gateway_A,raspberrypi,2,ESP32->RPi,deserialize,121,0.139,16,esp32_edge_normal_2,0,normal
11:14:14.731,820.2,gateway,gateway_A,raspberrypi,2,ESP32->RPi,deserialize,108,0.138,16,esp32_edge_simulator_1,2,scan_A
11:14:16.023,821.5,gateway,gateway_A,raspberrypi,2,ESP32->RPi,deserialize,121,0.063,16,esp32_edge_normal_3,0,normal
11:14:18.341,823.8,gateway,gateway_A,raspberrypi,2,ESP32->RPi,deserialize,119,0.066,16,esp32_edge_normal_2,0,normal
11:14:19.720,825.2,gateway,gateway_A,raspberrypi,2,ESP32->RPi,deserialize,109,0.066,16,esp32_edge_simulator_1,1,mqtt_bruteforce
11:14:21.032,826.5,gateway,gateway_A,raspberrypi,2,ESP32->RPi,deserialize,116,0.135,16,esp32_edge_normal_3,0,normal
11:14:23.258,828.8,gateway,gateway_A,raspberrypi,2,ESP32->RPi,deserialize,114,0.14,16,esp32_edge_normal_2,0,normal
11:14:24.721,830.2,gateway,gateway_A,raspberrypi,2,ESP32->RPi,deserialize,106,0.134,16,esp32_edge_simulator_1,2,scan_A
11:14:26.029,831.5,gateway,gateway_A,raspberrypi,2,ESP32->RPi,deserialize,115,0.14,16,esp32_edge_normal_3,0,normal
11:14:28.275,833.8,gateway,gateway_A,raspberrypi,2,ESP32->RPi,deserialize,114,0.138,16,esp32_edge_normal_2,0,normal
11:14:29.720,835.2,gateway,gateway_A,raspberrypi,2,ESP32->RPi,deserialize,113,0.138,16,esp32_edge_simulator_1,1,mqtt_bruteforce
11:14:31.024,836.5,gateway,gateway_A,raspberrypi,2,ESP32->RPi,deserialize,114,0.138,16,esp32_edge_normal_3,0,normal
11:14:33.293,838.8,gateway,gateway_A,raspberrypi,2,ESP32->RPi,deserialize,113,0.136,16,esp32_edge_normal_2,0,normal
11:14:34.735,840.2,gateway,gateway_A,raspberrypi,2,ESP32->RPi,deserialize,124,0.135,16,esp32_edge_simulator_1,0,normal
11:14:36.025,841.5,gateway,gateway_A,raspberrypi,2,ESP32->RPi,deserialize,120,0.131,16,esp32_edge_normal_3,0,normal
11:14:38.238,843.7,gateway,gateway_A,raspberrypi,2,ESP32->RPi,deserialize,119,0.134,16,esp32_edge_normal_2,0,normal
11:14:39.726,845.2,gateway,gateway_A,raspberrypi,2,ESP32->RPi,deserialize,81,0.123,16,esp32_edge_simulator_1,2,scan_A
11:14:41.028,846.5,gateway,gateway_A,raspberrypi,2,ESP32->RPi,deserialize,121,0.137,16,esp32_edge_normal_3,0,normal
11:14:43.236,848.7,gateway,gateway_A,raspberrypi,2,ESP32->RPi,deserialize,116,0.136,16,esp32_edge_normal_2,0,normal
11:14:44.721,850.2,gateway,gateway_A,raspberrypi,2,ESP32->RPi,deserialize,120,0.135,16,esp32_edge_simulator_1,0,normal
11:14:46.027,851.5,gateway,gateway_A,raspberrypi,2,ESP32->RPi,deserialize,118,0.136,16,esp32_edge_normal_3,0,normal
11:14:48.345,853.9,gateway,gateway_A,raspberrypi,2,ESP32->RPi,deserialize,118,0.13,16,esp32_edge_normal_2,0,normal
11:14:49.719,855.2,gateway,gateway_A,raspberrypi,2,ESP32->RPi,deserialize,112,0.137,16,esp32_edge_simulator_1,1,mqtt_bruteforce
11:14:50.676,856.2,gateway,gateway_A,raspberrypi,2,RPi->PC,serialize,3632,0.423,16,,,
11:14:51.024,856.5,gateway,gateway_A,raspberrypi,2,ESP32->RPi,deserialize,114,0.073,16,esp32_edge_normal_3,0,normal
11:14:53.363,858.9,gateway,gateway_A,raspberrypi,2,ESP32->RPi,deserialize,114,0.066,16,esp32_edge_normal_2,0,normal
11:14:54.723,860.2,gateway,gateway_A,raspberrypi,2,ESP32->RPi,deserialize,110,0.063,16,esp32_edge_simulator_1,0,normal
11:14:55.163,860.7,gateway,gateway_A,raspberrypi,2,PC->RPi,deserialize,3530,0.652,16,,,
11:14:55.177,860.7,gateway,gateway_A,raspberrypi,2,RPi->ESP32,serialize,3530,1.081,17,,,
11:14:56.025,861.5,gateway,gateway_A,raspberrypi,2,ESP32->RPi,deserialize,115,0.067,17,esp32_edge_normal_3,0,normal
11:14:58.284,863.8,gateway,gateway_A,raspberrypi,2,ESP32->RPi,deserialize,114,0.065,17,esp32_edge_normal_2,0,normal
11:14:59.736,865.2,gateway,gateway_A,raspberrypi,2,ESP32->RPi,deserialize,81,0.059,17,esp32_edge_simulator_1,2,scan_A
11:15:01.022,866.5,gateway,gateway_A,raspberrypi,2,ESP32->RPi,deserialize,117,0.14,17,esp32_edge_normal_3,0,normal
11:15:03.301,868.8,gateway,gateway_A,raspberrypi,2,ESP32->RPi,deserialize,114,0.065,17,esp32_edge_normal_2,0,normal
11:15:04.799,870.3,gateway,gateway_A,raspberrypi,2,ESP32->RPi,deserialize,98,0.066,17,esp32_edge_simulator_1,2,scan_A
11:15:06.024,871.5,gateway,gateway_A,raspberrypi,2,ESP32->RPi,deserialize,116,0.065,17,esp32_edge_normal_3,0,normal
11:15:08.338,873.8,gateway,gateway_A,raspberrypi,2,ESP32->RPi,deserialize,118,0.135,17,esp32_edge_normal_2,0,normal
11:15:09.719,875.2,gateway,gateway_A,raspberrypi,2,ESP32->RPi,deserialize,120,0.063,17,esp32_edge_simulator_1,0,normal
11:15:11.021,876.5,gateway,gateway_A,raspberrypi,2,ESP32->RPi,deserialize,120,0.064,17,esp32_edge_normal_3,0,normal
11:15:13.338,878.8,gateway,gateway_A,raspberrypi,2,ESP32->RPi,deserialize,121,0.064,17,esp32_edge_normal_2,0,normal
11:15:14.726,880.2,gateway,gateway_A,raspberrypi,2,ESP32->RPi,deserialize,102,0.132,17,esp32_edge_simulator_1,2,scan_A
11:15:16.028,881.5,gateway,gateway_A,raspberrypi,2,ESP32->RPi,deserialize,121,0.127,17,esp32_edge_normal_3,0,normal
11:15:18.246,883.8,gateway,gateway_A,raspberrypi,2,ESP32->RPi,deserialize,117,0.135,17,esp32_edge_normal_2,0,normal
11:15:19.719,885.2,gateway,gateway_A,raspberrypi,2,ESP32->RPi,deserialize,106,0.119,17,esp32_edge_simulator_1,2,scan_A
11:15:21.026,886.5,gateway,gateway_A,raspberrypi,2,ESP32->RPi,deserialize,120,0.139,17,esp32_edge_normal_3,0,normal
11:15:23.233,888.7,gateway,gateway_A,raspberrypi,2,ESP32->RPi,deserialize,117,0.136,17,esp32_edge_normal_2,0,normal
11:15:24.728,890.2,gateway,gateway_A,raspberrypi,2,ESP32->RPi,deserialize,124,0.139,17,esp32_edge_simulator_1,0,normal
11:15:26.023,891.5,gateway,gateway_A,raspberrypi,2,ESP32->RPi,deserialize,116,0.137,17,esp32_edge_normal_3,0,normal
11:15:28.283,893.8,gateway,gateway_A,raspberrypi,2,ESP32->RPi,deserialize,117,0.134,17,esp32_edge_normal_2,0,normal
11:15:29.718,895.2,gateway,gateway_A,raspberrypi,2,ESP32->RPi,deserialize,81,0.125,17,esp32_edge_simulator_1,2,scan_A
11:15:31.021,896.5,gateway,gateway_A,raspberrypi,2,ESP32->RPi,deserialize,117,0.135,17,esp32_edge_normal_3,0,normal
11:15:33.299,898.8,gateway,gateway_A,raspberrypi,2,ESP32->RPi,deserialize,113,0.136,17,esp32_edge_normal_2,0,normal
11:15:34.718,900.2,gateway,gateway_A,raspberrypi,2,ESP32->RPi,deserialize,113,0.135,17,esp32_edge_simulator_1,1,mqtt_bruteforce
11:15:36.021,901.5,gateway,gateway_A,raspberrypi,2,ESP32->RPi,deserialize,118,0.136,17,esp32_edge_normal_3,0,normal
11:15:38.235,903.7,gateway,gateway_A,raspberrypi,2,ESP32->RPi,deserialize,120,0.138,17,esp32_edge_normal_2,0,normal
11:15:39.719,905.2,gateway,gateway_A,raspberrypi,2,ESP32->RPi,deserialize,102,0.134,17,esp32_edge_simulator_1,2,scan_A
11:15:40.682,906.2,gateway,gateway_A,raspberrypi,2,RPi->PC,serialize,3637,0.435,17,,,
11:15:41.021,906.5,gateway,gateway_A,raspberrypi,2,ESP32->RPi,deserialize,120,0.068,17,esp32_edge_normal_3,0,normal
11:15:43.333,908.8,gateway,gateway_A,raspberrypi,2,ESP32->RPi,deserialize,117,0.066,17,esp32_edge_normal_2,0,normal
11:15:44.720,910.2,gateway,gateway_A,raspberrypi,2,ESP32->RPi,deserialize,113,0.068,17,esp32_edge_simulator_1,1,mqtt_bruteforce
11:15:45.088,910.6,gateway,gateway_A,raspberrypi,2,PC->RPi,deserialize,3526,0.626,17,,,
11:15:45.103,910.6,gateway,gateway_A,raspberrypi,2,RPi->ESP32,serialize,3526,1.043,18,,,
11:15:46.031,911.5,gateway,gateway_A,raspberrypi,2,ESP32->RPi,deserialize,118,0.066,18,esp32_edge_normal_3,0,normal
11:15:48.257,913.8,gateway,gateway_A,raspberrypi,2,ESP32->RPi,deserialize,113,0.07,18,esp32_edge_normal_2,0,normal
11:15:49.719,915.2,gateway,gateway_A,raspberrypi,2,ESP32->RPi,deserialize,116,0.07,18,esp32_edge_simulator_1,1,mqtt_bruteforce
11:15:51.023,916.5,gateway,gateway_A,raspberrypi,2,ESP32->RPi,deserialize,119,0.146,18,esp32_edge_normal_3,0,normal
11:15:53.234,918.7,gateway,gateway_A,raspberrypi,2,ESP32->RPi,deserialize,114,0.142,18,esp32_edge_normal_2,0,normal
11:15:54.724,920.2,gateway,gateway_A,raspberrypi,2,ESP32->RPi,deserialize,119,0.136,18,esp32_edge_simulator_1,0,normal
11:15:56.018,921.5,gateway,gateway_A,raspberrypi,2,ESP32->RPi,deserialize,112,0.065,18,esp32_edge_normal_3,0,normal
11:15:58.245,923.8,gateway,gateway_A,raspberrypi,2,ESP32->RPi,deserialize,115,0.065,18,esp32_edge_normal_2,0,normal
11:15:59.717,925.2,gateway,gateway_A,raspberrypi,2,ESP32->RPi,deserialize,113,0.066,18,esp32_edge_simulator_1,1,mqtt_bruteforce
11:16:01.020,926.5,gateway,gateway_A,raspberrypi,2,ESP32->RPi,deserialize,116,0.145,18,esp32_edge_normal_3,0,normal
11:16:03.409,928.9,gateway,gateway_A,raspberrypi,2,ESP32->RPi,deserialize,119,0.065,18,esp32_edge_normal_2,0,normal
11:16:04.799,930.3,gateway,gateway_A,raspberrypi,2,ESP32->RPi,deserialize,108,0.064,18,esp32_edge_simulator_1,2,scan_A
11:16:06.019,931.5,gateway,gateway_A,raspberrypi,2,ESP32->RPi,deserialize,120,0.065,18,esp32_edge_normal_3,0,normal
11:16:08.331,933.8,gateway,gateway_A,raspberrypi,2,ESP32->RPi,deserialize,120,0.14,18,esp32_edge_normal_2,0,normal
11:16:09.719,935.2,gateway,gateway_A,raspberrypi,2,ESP32->RPi,deserialize,109,0.138,18,esp32_edge_simulator_1,1,mqtt_bruteforce
11:16:11.020,936.5,gateway,gateway_A,raspberrypi,2,ESP32->RPi,deserialize,113,0.14,18,esp32_edge_normal_3,0,normal
11:16:13.235,938.7,gateway,gateway_A,raspberrypi,2,ESP32->RPi,deserialize,119,0.134,18,esp32_edge_normal_2,0,normal
11:16:14.719,940.2,gateway,gateway_A,raspberrypi,2,ESP32->RPi,deserialize,118,0.139,18,esp32_edge_simulator_1,0,normal
11:16:16.022,941.5,gateway,gateway_A,raspberrypi,2,ESP32->RPi,deserialize,120,0.139,18,esp32_edge_normal_3,0,normal
11:16:18.231,943.7,gateway,gateway_A,raspberrypi,2,ESP32->RPi,deserialize,113,0.138,18,esp32_edge_normal_2,0,normal
11:16:19.721,945.2,gateway,gateway_A,raspberrypi,2,ESP32->RPi,deserialize,117,0.138,18,esp32_edge_simulator_1,0,normal
11:16:21.020,946.5,gateway,gateway_A,raspberrypi,2,ESP32->RPi,deserialize,121,0.137,18,esp32_edge_normal_3,0,normal
11:16:23.233,948.7,gateway,gateway_A,raspberrypi,2,ESP32->RPi,deserialize,116,0.138,18,esp32_edge_normal_2,0,normal
11:16:24.717,950.2,gateway,gateway_A,raspberrypi,2,ESP32->RPi,deserialize,111,0.14,18,esp32_edge_simulator_1,1,mqtt_bruteforce
11:16:26.018,951.5,gateway,gateway_A,raspberrypi,2,ESP32->RPi,deserialize,116,0.138,18,esp32_edge_normal_3,0,normal
11:16:28.289,953.8,gateway,gateway_A,raspberrypi,2,ESP32->RPi,deserialize,116,0.138,18,esp32_edge_normal_2,0,normal
11:16:29.721,955.2,gateway,gateway_A,raspberrypi,2,ESP32->RPi,deserialize,112,0.139,18,esp32_edge_simulator_1,1,mqtt_bruteforce
11:16:30.855,956.4,gateway,gateway_A,raspberrypi,2,RPi->PC,serialize,3638,0.422,18,,,
11:16:31.023,956.5,gateway,gateway_A,raspberrypi,2,ESP32->RPi,deserialize,116,0.071,18,esp32_edge_normal_3,0,normal
11:16:33.235,958.7,gateway,gateway_A,raspberrypi,2,ESP32->RPi,deserialize,112,0.069,18,esp32_edge_normal_2,0,normal
11:16:34.718,960.2,gateway,gateway_A,raspberrypi,2,ESP32->RPi,deserialize,122,0.068,18,esp32_edge_simulator_1,0,normal
11:16:35.335,960.8,gateway,gateway_A,raspberrypi,2,PC->RPi,deserialize,3525,0.68,18,,,
11:16:35.349,960.9,gateway,gateway_A,raspberrypi,2,RPi->ESP32,serialize,3525,1.081,19,,,
11:16:36.018,961.5,gateway,gateway_A,raspberrypi,2,ESP32->RPi,deserialize,121,0.066,19,esp32_edge_normal_3,0,normal
11:16:38.233,963.7,gateway,gateway_A,raspberrypi,2,ESP32->RPi,deserialize,107,0.07,19,esp32_edge_normal_2,0,normal
11:16:39.715,965.2,gateway,gateway_A,raspberrypi,2,ESP32->RPi,deserialize,113,0.068,19,esp32_edge_simulator_1,1,mqtt_bruteforce
11:16:41.021,966.5,gateway,gateway_A,raspberrypi,2,ESP32->RPi,deserialize,115,0.146,19,esp32_edge_normal_3,0,normal
11:16:43.347,968.9,gateway,gateway_A,raspberrypi,2,ESP32->RPi,deserialize,120,0.139,19,esp32_edge_normal_2,0,normal
11:16:44.729,970.2,gateway,gateway_A,raspberrypi,2,ESP32->RPi,deserialize,120,0.136,19,esp32_edge_simulator_1,0,normal
11:16:46.020,971.5,gateway,gateway_A,raspberrypi,2,ESP32->RPi,deserialize,120,0.14,19,esp32_edge_normal_3,0,normal
11:16:48.358,973.9,gateway,gateway_A,raspberrypi,2,ESP32->RPi,deserialize,116,0.065,19,esp32_edge_normal_2,0,normal
11:16:49.721,975.2,gateway,gateway_A,raspberrypi,2,ESP32->RPi,deserialize,122,0.065,19,esp32_edge_simulator_1,0,normal
11:16:51.033,976.5,gateway,gateway_A,raspberrypi,2,ESP32->RPi,deserialize,119,0.064,19,esp32_edge_normal_3,0,normal
11:16:53.235,978.7,gateway,gateway_A,raspberrypi,2,ESP32->RPi,deserialize,116,0.138,19,esp32_edge_normal_2,0,normal
11:16:54.719,980.2,gateway,gateway_A,raspberrypi,2,ESP32->RPi,deserialize,119,0.137,19,esp32_edge_simulator_1,0,normal
11:16:56.020,981.5,gateway,gateway_A,raspberrypi,2,ESP32->RPi,deserialize,112,0.165,19,esp32_edge_normal_3,0,normal
11:16:58.230,983.7,gateway,gateway_A,raspberrypi,2,ESP32->RPi,deserialize,117,0.138,19,esp32_edge_normal_2,0,normal
11:16:59.716,985.2,gateway,gateway_A,raspberrypi,2,ESP32->RPi,deserialize,114,0.141,19,esp32_edge_simulator_1,1,mqtt_bruteforce
11:17:01.022,986.5,gateway,gateway_A,raspberrypi,2,ESP32->RPi,deserialize,120,0.138,19,esp32_edge_normal_3,0,normal
11:17:03.411,988.9,gateway,gateway_A,raspberrypi,2,ESP32->RPi,deserialize,116,0.11,19,esp32_edge_normal_2,0,normal
11:17:04.803,990.3,gateway,gateway_A,raspberrypi,2,ESP32->RPi,deserialize,100,0.111,19,esp32_edge_simulator_1,2,scan_A
11:17:06.019,991.5,gateway,gateway_A,raspberrypi,2,ESP32->RPi,deserialize,115,0.135,19,esp32_edge_normal_3,0,normal
11:17:08.244,993.8,gateway,gateway_A,raspberrypi,2,ESP32->RPi,deserialize,115,0.12,19,esp32_edge_normal_2,0,normal
11:17:09.716,995.2,gateway,gateway_A,raspberrypi,2,ESP32->RPi,deserialize,105,0.138,19,esp32_edge_simulator_1,2,scan_A
11:17:11.028,996.5,gateway,gateway_A,raspberrypi,2,ESP32->RPi,deserialize,117,0.139,19,esp32_edge_normal_3,0,normal
11:17:13.234,998.7,gateway,gateway_A,raspberrypi,2,ESP32->RPi,deserialize,115,0.14,19,esp32_edge_normal_2,0,normal
11:17:14.719,1000.2,gateway,gateway_A,raspberrypi,2,ESP32->RPi,deserialize,123,0.14,19,esp32_edge_simulator_1,0,normal
11:17:16.017,1001.5,gateway,gateway_A,raspberrypi,2,ESP32->RPi,deserialize,120,0.122,19,esp32_edge_normal_3,0,normal
11:17:18.259,1003.8,gateway,gateway_A,raspberrypi,2,ESP32->RPi,deserialize,120,0.134,19,esp32_edge_normal_2,0,normal
11:17:19.717,1005.2,gateway,gateway_A,raspberrypi,2,ESP32->RPi,deserialize,96,0.139,19,esp32_edge_simulator_1,2,scan_A
11:17:20.810,1006.3,gateway,gateway_A,raspberrypi,2,RPi->PC,serialize,3638,0.469,19,,,
11:17:21.022,1006.5,gateway,gateway_A,raspberrypi,2,ESP32->RPi,deserialize,116,0.07,19,esp32_edge_normal_3,0,normal
11:17:23.275,1008.8,gateway,gateway_A,raspberrypi,2,ESP32->RPi,deserialize,116,0.066,19,esp32_edge_normal_2,0,normal
11:17:24.716,1010.2,gateway,gateway_A,raspberrypi,2,ESP32->RPi,deserialize,114,0.065,19,esp32_edge_simulator_1,1,mqtt_bruteforce
11:17:25.360,1010.9,gateway,gateway_A,raspberrypi,2,PC->RPi,deserialize,3522,0.59,19,,,
11:17:25.374,1010.9,gateway,gateway_A,raspberrypi,2,RPi->ESP32,serialize,3522,1.022,20,,,
11:17:26.018,1011.5,gateway,gateway_A,raspberrypi,2,ESP32->RPi,deserialize,120,0.138,20,esp32_edge_normal_3,0,normal
11:17:28.295,1013.8,gateway,gateway_A,raspberrypi,2,ESP32->RPi,deserialize,117,0.141,20,esp32_edge_normal_2,0,normal
11:17:29.715,1015.2,gateway,gateway_A,raspberrypi,2,ESP32->RPi,deserialize,110,0.141,20,esp32_edge_simulator_1,1,mqtt_bruteforce
11:17:31.018,1016.5,gateway,gateway_A,raspberrypi,2,ESP32->RPi,deserialize,115,0.141,20,esp32_edge_normal_3,0,normal
11:17:33.312,1018.8,gateway,gateway_A,raspberrypi,2,ESP32->RPi,deserialize,115,0.139,20,esp32_edge_normal_2,0,normal
11:17:34.717,1020.2,gateway,gateway_A,raspberrypi,2,ESP32->RPi,deserialize,116,0.258,20,esp32_edge_simulator_1,0,normal
11:17:36.017,1021.5,gateway,gateway_A,raspberrypi,2,ESP32->RPi,deserialize,117,0.066,20,esp32_edge_normal_3,0,normal
11:17:38.228,1023.7,gateway,gateway_A,raspberrypi,2,ESP32->RPi,deserialize,118,0.064,20,esp32_edge_normal_2,0,normal
11:17:39.739,1025.2,gateway,gateway_A,raspberrypi,2,ESP32->RPi,deserialize,112,0.064,20,esp32_edge_simulator_1,1,mqtt_bruteforce
11:17:41.058,1026.6,gateway,gateway_A,raspberrypi,2,ESP32->RPi,deserialize,120,0.133,20,esp32_edge_normal_3,0,normal
11:17:43.245,1028.8,gateway,gateway_A,raspberrypi,2,ESP32->RPi,deserialize,117,0.138,20,esp32_edge_normal_2,0,normal
11:17:44.714,1030.2,gateway,gateway_A,raspberrypi,2,ESP32->RPi,deserialize,105,0.136,20,esp32_edge_simulator_1,2,scan_A
11:17:46.032,1031.5,gateway,gateway_A,raspberrypi,2,ESP32->RPi,deserialize,117,0.134,20,esp32_edge_normal_3,0,normal
11:17:48.228,1033.7,gateway,gateway_A,raspberrypi,2,ESP32->RPi,deserialize,112,0.065,20,esp32_edge_normal_2,0,normal
11:17:49.716,1035.2,gateway,gateway_A,raspberrypi,2,ESP32->RPi,deserialize,123,0.066,20,esp32_edge_simulator_1,0,normal
11:17:51.016,1036.5,gateway,gateway_A,raspberrypi,2,ESP32->RPi,deserialize,115,0.064,20,esp32_edge_normal_3,0,normal
11:17:53.238,1038.7,gateway,gateway_A,raspberrypi,2,ESP32->RPi,deserialize,117,0.136,20,esp32_edge_normal_2,0,normal
11:17:54.717,1040.2,gateway,gateway_A,raspberrypi,2,ESP32->RPi,deserialize,121,0.138,20,esp32_edge_simulator_1,0,normal
11:17:56.017,1041.5,gateway,gateway_A,raspberrypi,2,ESP32->RPi,deserialize,120,0.185,20,esp32_edge_normal_3,0,normal
11:17:58.298,1043.8,gateway,gateway_A,raspberrypi,2,ESP32->RPi,deserialize,117,0.14,20,esp32_edge_normal_2,0,normal
11:17:59.714,1045.2,gateway,gateway_A,raspberrypi,2,ESP32->RPi,deserialize,107,0.138,20,esp32_edge_simulator_1,1,mqtt_bruteforce
11:18:01.016,1046.5,gateway,gateway_A,raspberrypi,2,ESP32->RPi,deserialize,117,0.153,20,esp32_edge_normal_3,0,normal
11:18:03.337,1048.8,gateway,gateway_A,raspberrypi,2,ESP32->RPi,deserialize,113,0.14,20,esp32_edge_normal_2,0,normal
11:18:04.714,1050.2,gateway,gateway_A,raspberrypi,2,ESP32->RPi,deserialize,109,0.14,20,esp32_edge_simulator_1,1,mqtt_bruteforce
11:18:06.025,1051.5,gateway,gateway_A,raspberrypi,2,ESP32->RPi,deserialize,117,0.137,20,esp32_edge_normal_3,0,normal
11:18:08.357,1053.9,gateway,gateway_A,raspberrypi,2,ESP32->RPi,deserialize,118,0.204,20,esp32_edge_normal_2,0,normal
11:18:09.715,1055.2,gateway,gateway_A,raspberrypi,2,ESP32->RPi,deserialize,120,0.139,20,esp32_edge_simulator_1,0,normal
11:18:10.961,1056.5,gateway,gateway_A,raspberrypi,2,RPi->PC,serialize,3628,0.476,20,,,
11:18:11.018,1056.5,gateway,gateway_A,raspberrypi,2,ESP32->RPi,deserialize,121,0.069,20,esp32_edge_normal_3,0,normal
11:18:13.231,1058.7,gateway,gateway_A,raspberrypi,2,ESP32->RPi,deserialize,116,0.068,20,esp32_edge_normal_2,0,normal
11:18:14.714,1060.2,gateway,gateway_A,raspberrypi,2,ESP32->RPi,deserialize,113,0.069,20,esp32_edge_simulator_1,1,mqtt_bruteforce
11:18:15.146,1060.7,gateway,gateway_A,raspberrypi,2,PC->RPi,deserialize,3527,0.595,20,,,
11:18:15.160,1060.7,gateway,gateway_A,raspberrypi,2,RPi->ESP32,serialize,3527,0.942,21,,,
11:18:16.037,1061.5,gateway,gateway_A,raspberrypi,2,ESP32->RPi,deserialize,121,0.253,21,esp32_edge_normal_3,0,normal
11:18:18.232,1063.7,gateway,gateway_A,raspberrypi,2,ESP32->RPi,deserialize,119,0.146,21,esp32_edge_normal_2,0,normal
11:18:19.716,1065.2,gateway,gateway_A,raspberrypi,2,ESP32->RPi,deserialize,119,0.068,21,esp32_edge_simulator_1,0,normal
11:18:21.021,1066.5,gateway,gateway_A,raspberrypi,2,ESP32->RPi,deserialize,117,0.067,21,esp32_edge_normal_3,0,normal
11:18:23.284,1068.8,gateway,gateway_A,raspberrypi,2,ESP32->RPi,deserialize,118,0.066,21,esp32_edge_normal_2,0,normal
11:18:24.724,1070.2,gateway,gateway_A,raspberrypi,2,ESP32->RPi,deserialize,119,0.142,21,esp32_edge_simulator_1,0,normal
11:18:26.016,1071.5,gateway,gateway_A,raspberrypi,2,ESP32->RPi,deserialize,120,0.139,21,esp32_edge_normal_3,0,normal
11:18:28.507,1074.0,gateway,gateway_A,raspberrypi,2,ESP32->RPi,deserialize,121,0.152,21,esp32_edge_normal_2,0,normal
11:18:29.713,1075.2,gateway,gateway_A,raspberrypi,2,ESP32->RPi,deserialize,116,0.064,21,esp32_edge_simulator_1,0,normal
11:18:31.019,1076.5,gateway,gateway_A,raspberrypi,2,ESP32->RPi,deserialize,113,0.066,21,esp32_edge_normal_3,0,normal
11:18:33.318,1078.8,gateway,gateway_A,raspberrypi,2,ESP32->RPi,deserialize,121,0.064,21,esp32_edge_normal_2,0,normal
11:18:34.721,1080.2,gateway,gateway_A,raspberrypi,2,ESP32->RPi,deserialize,122,0.134,21,esp32_edge_simulator_1,0,normal
11:18:36.032,1081.5,gateway,gateway_A,raspberrypi,2,ESP32->RPi,deserialize,116,0.064,21,esp32_edge_normal_3,0,normal
11:18:38.335,1083.8,gateway,gateway_A,raspberrypi,2,ESP32->RPi,deserialize,117,0.065,21,esp32_edge_normal_2,0,normal
11:18:39.717,1085.2,gateway,gateway_A,raspberrypi,2,ESP32->RPi,deserialize,113,0.066,21,esp32_edge_simulator_1,1,mqtt_bruteforce
11:18:41.016,1086.5,gateway,gateway_A,raspberrypi,2,ESP32->RPi,deserialize,117,0.186,21,esp32_edge_normal_3,0,normal
11:18:43.252,1088.8,gateway,gateway_A,raspberrypi,2,ESP32->RPi,deserialize,116,0.136,21,esp32_edge_normal_2,0,normal
11:18:44.716,1090.2,gateway,gateway_A,raspberrypi,2,ESP32->RPi,deserialize,108,0.138,21,esp32_edge_simulator_1,2,scan_A
11:18:46.017,1091.5,gateway,gateway_A,raspberrypi,2,ESP32->RPi,deserialize,116,0.14,21,esp32_edge_normal_3,0,normal
11:18:48.270,1093.8,gateway,gateway_A,raspberrypi,2,ESP32->RPi,deserialize,117,0.137,21,esp32_edge_normal_2,0,normal
11:18:49.714,1095.2,gateway,gateway_A,raspberrypi,2,ESP32->RPi,deserialize,106,0.136,21,esp32_edge_simulator_1,2,scan_A
11:18:51.023,1096.5,gateway,gateway_A,raspberrypi,2,ESP32->RPi,deserialize,117,0.138,21,esp32_edge_normal_3,0,normal
11:18:53.287,1098.8,gateway,gateway_A,raspberrypi,2,ESP32->RPi,deserialize,115,0.137,21,esp32_edge_normal_2,0,normal
11:18:54.716,1100.2,gateway,gateway_A,raspberrypi,2,ESP32->RPi,deserialize,117,0.137,21,esp32_edge_simulator_1,0,normal
11:18:56.020,1101.5,gateway,gateway_A,raspberrypi,2,ESP32->RPi,deserialize,115,0.135,21,esp32_edge_normal_3,0,normal
11:18:58.306,1103.8,gateway,gateway_A,raspberrypi,2,ESP32->RPi,deserialize,118,0.136,21,esp32_edge_normal_2,0,normal
11:18:59.718,1105.2,gateway,gateway_A,raspberrypi,2,ESP32->RPi,deserialize,122,0.138,21,esp32_edge_simulator_1,0,normal
11:19:00.929,1106.4,gateway,gateway_A,raspberrypi,2,RPi->PC,serialize,3631,0.415,21,,,
11:19:01.037,1106.5,gateway,gateway_A,raspberrypi,2,ESP32->RPi,deserialize,121,0.069,21,esp32_edge_normal_3,0,normal
11:19:03.340,1108.8,gateway,gateway_A,raspberrypi,2,ESP32->RPi,deserialize,117,0.069,21,esp32_edge_normal_2,0,normal
11:19:04.805,1110.3,gateway,gateway_A,raspberrypi,2,ESP32->RPi,deserialize,111,0.067,21,esp32_edge_simulator_1,1,mqtt_bruteforce
11:19:05.247,1110.8,gateway,gateway_A,raspberrypi,2,PC->RPi,deserialize,3530,0.592,21,,,
11:19:05.262,1110.8,gateway,gateway_A,raspberrypi,2,RPi->ESP32,serialize,3530,0.863,22,,,
11:19:06.038,1111.5,gateway,gateway_A,raspberrypi,2,ESP32->RPi,deserialize,116,0.065,22,esp32_edge_normal_3,0,normal
11:19:08.391,1113.9,gateway,gateway_A,raspberrypi,2,ESP32->RPi,deserialize,120,0.067,22,esp32_edge_normal_2,0,normal
11:19:09.721,1115.2,gateway,gateway_A,raspberrypi,2,ESP32->RPi,deserialize,123,0.069,22,esp32_edge_simulator_1,0,normal
11:19:11.019,1116.5,gateway,gateway_A,raspberrypi,2,ESP32->RPi,deserialize,113,0.141,22,esp32_edge_normal_3,0,normal
11:19:13.256,1118.8,gateway,gateway_A,raspberrypi,2,ESP32->RPi,deserialize,118,0.067,22,esp32_edge_normal_2,0,normal
11:19:14.712,1120.2,gateway,gateway_A,raspberrypi,2,ESP32->RPi,deserialize,107,0.068,22,esp32_edge_simulator_1,2,scan_A
11:19:16.023,1121.5,gateway,gateway_A,raspberrypi,2,ESP32->RPi,deserialize,117,0.069,22,esp32_edge_normal_3,0,normal
11:19:18.273,1123.8,gateway,gateway_A,raspberrypi,2,ESP32->RPi,deserialize,107,0.141,22,esp32_edge_normal_2,0,normal
11:19:19.718,1125.2,gateway,gateway_A,raspberrypi,2,ESP32->RPi,deserialize,116,0.143,22,esp32_edge_simulator_1,0,normal
11:19:21.015,1126.5,gateway,gateway_A,raspberrypi,2,ESP32->RPi,deserialize,117,0.144,22,esp32_edge_normal_3,0,normal
11:19:23.291,1128.8,gateway,gateway_A,raspberrypi,2,ESP32->RPi,deserialize,117,0.138,22,esp32_edge_normal_2,0,normal
11:19:24.716,1130.2,gateway,gateway_A,raspberrypi,2,ESP32->RPi,deserialize,121,0.14,22,esp32_edge_simulator_1,0,normal
11:19:26.045,1131.6,gateway,gateway_A,raspberrypi,2,ESP32->RPi,deserialize,112,0.14,22,esp32_edge_normal_3,0,normal
11:19:28.321,1133.8,gateway,gateway_A,raspberrypi,2,ESP32->RPi,deserialize,119,0.12,22,esp32_edge_normal_2,0,normal
11:19:29.712,1135.2,gateway,gateway_A,raspberrypi,2,ESP32->RPi,deserialize,113,0.136,22,esp32_edge_simulator_1,1,mqtt_bruteforce
11:19:31.044,1136.6,gateway,gateway_A,raspberrypi,2,ESP32->RPi,deserialize,120,0.139,22,esp32_edge_normal_3,0,normal
11:19:33.328,1138.8,gateway,gateway_A,raspberrypi,2,ESP32->RPi,deserialize,118,0.137,22,esp32_edge_normal_2,0,normal
11:19:34.714,1140.2,gateway,gateway_A,raspberrypi,2,ESP32->RPi,deserialize,117,0.065,22,esp32_edge_simulator_1,0,normal
11:19:36.047,1141.6,gateway,gateway_A,raspberrypi,2,ESP32->RPi,deserialize,116,0.065,22,esp32_edge_normal_3,0,normal
11:19:38.367,1143.9,gateway,gateway_A,raspberrypi,2,ESP32->RPi,deserialize,119,0.066,22,esp32_edge_normal_2,0,normal
11:19:39.713,1145.2,gateway,gateway_A,raspberrypi,2,ESP32->RPi,deserialize,102,0.137,22,esp32_edge_simulator_1,2,scan_A
11:19:41.018,1146.5,gateway,gateway_A,raspberrypi,2,ESP32->RPi,deserialize,120,0.185,22,esp32_edge_normal_3,0,normal
11:19:43.383,1148.9,gateway,gateway_A,raspberrypi,2,ESP32->RPi,deserialize,117,0.139,22,esp32_edge_normal_2,0,normal
11:19:44.713,1150.2,gateway,gateway_A,raspberrypi,2,ESP32->RPi,deserialize,105,0.136,22,esp32_edge_simulator_1,1,mqtt_bruteforce
11:19:46.018,1151.5,gateway,gateway_A,raspberrypi,2,ESP32->RPi,deserialize,121,0.135,22,esp32_edge_normal_3,0,normal
11:19:48.231,1153.7,gateway,gateway_A,raspberrypi,2,ESP32->RPi,deserialize,117,0.136,22,esp32_edge_normal_2,0,normal
11:19:49.716,1155.2,gateway,gateway_A,raspberrypi,2,ESP32->RPi,deserialize,120,0.109,22,esp32_edge_simulator_1,0,normal
11:19:50.803,1156.3,gateway,gateway_A,raspberrypi,2,RPi->PC,serialize,3640,0.447,22,,,
11:19:51.015,1156.5,gateway,gateway_A,raspberrypi,2,ESP32->RPi,deserialize,120,0.07,22,esp32_edge_normal_3,0,normal
11:19:53.301,1158.8,gateway,gateway_A,raspberrypi,2,ESP32->RPi,deserialize,117,0.067,22,esp32_edge_normal_2,0,normal
11:19:54.710,1160.2,gateway,gateway_A,raspberrypi,2,ESP32->RPi,deserialize,106,0.064,22,esp32_edge_simulator_1,2,scan_A
11:19:55.075,1160.6,gateway,gateway_A,raspberrypi,2,PC->RPi,deserialize,3524,0.626,22,,,
11:19:55.090,1160.6,gateway,gateway_A,raspberrypi,2,RPi->ESP32,serialize,3524,0.983,23,,,
11:19:56.024,1161.5,gateway,gateway_A,raspberrypi,2,ESP32->RPi,deserialize,115,0.066,23,esp32_edge_normal_3,0,normal
11:19:58.311,1163.8,gateway,gateway_A,raspberrypi,2,ESP32->RPi,deserialize,114,0.065,23,esp32_edge_normal_2,0,normal
11:19:59.711,1165.2,gateway,gateway_A,raspberrypi,2,ESP32->RPi,deserialize,112,0.065,23,esp32_edge_simulator_1,1,mqtt_bruteforce
11:20:01.012,1166.5,gateway,gateway_A,raspberrypi,2,ESP32->RPi,deserialize,115,0.144,23,esp32_edge_normal_3,0,normal
11:20:03.330,1168.8,gateway,gateway_A,raspberrypi,2,ESP32->RPi,deserialize,119,0.136,23,esp32_edge_normal_2,0,normal
11:20:04.824,1170.3,gateway,gateway_A,raspberrypi,2,ESP32->RPi,deserialize,124,0.138,23,esp32_edge_simulator_1,0,normal
11:20:06.031,1171.5,gateway,gateway_A,raspberrypi,2,ESP32->RPi,deserialize,119,0.139,23,esp32_edge_normal_3,0,normal
11:20:08.227,1173.7,gateway,gateway_A,raspberrypi,2,ESP32->RPi,deserialize,119,0.137,23,esp32_edge_normal_2,0,normal
11:20:09.711,1175.2,gateway,gateway_A,raspberrypi,2,ESP32->RPi,deserialize,112,0.137,23,esp32_edge_simulator_1,1,mqtt_bruteforce
11:20:11.012,1176.5,gateway,gateway_A,raspberrypi,2,ESP32->RPi,deserialize,118,0.139,23,esp32_edge_normal_3,0,normal
11:20:13.226,1178.7,gateway,gateway_A,raspberrypi,2,ESP32->RPi,deserialize,118,0.066,23,esp32_edge_normal_2,0,normal
11:20:14.714,1180.2,gateway,gateway_A,raspberrypi,2,ESP32->RPi,deserialize,107,0.064,23,esp32_edge_simulator_1,2,scan_A
11:20:16.016,1181.5,gateway,gateway_A,raspberrypi,2,ESP32->RPi,deserialize,117,0.066,23,esp32_edge_normal_3,0,normal
11:20:18.280,1183.8,gateway,gateway_A,raspberrypi,2,ESP32->RPi,deserialize,120,0.135,23,esp32_edge_normal_2,0,normal
11:20:19.714,1185.2,gateway,gateway_A,raspberrypi,2,ESP32->RPi,deserialize,124,0.159,23,esp32_edge_simulator_1,0,normal
11:20:21.013,1186.5,gateway,gateway_A,raspberrypi,2,ESP32->RPi,deserialize,120,0.136,23,esp32_edge_normal_3,0,normal
11:20:23.299,1188.8,gateway,gateway_A,raspberrypi,2,ESP32->RPi,deserialize,111,0.137,23,esp32_edge_normal_2,0,normal
11:20:24.712,1190.2,gateway,gateway_A,raspberrypi,2,ESP32->RPi,deserialize,107,0.137,23,esp32_edge_simulator_1,2,scan_A
11:20:26.016,1191.5,gateway,gateway_A,raspberrypi,2,ESP32->RPi,deserialize,115,0.136,23,esp32_edge_normal_3,0,normal
11:20:28.315,1193.8,gateway,gateway_A,raspberrypi,2,ESP32->RPi,deserialize,115,0.134,23,esp32_edge_normal_2,0,normal
11:20:29.715,1195.2,gateway,gateway_A,raspberrypi,2,ESP32->RPi,deserialize,120,0.137,23,esp32_edge_simulator_1,0,normal
11:20:31.036,1196.5,gateway,gateway_A,raspberrypi,2,ESP32->RPi,deserialize,120,0.139,23,esp32_edge_normal_3,0,normal
11:20:33.333,1198.8,gateway,gateway_A,raspberrypi,2,ESP32->RPi,deserialize,119,0.134,23,esp32_edge_normal_2,0,normal
11:20:34.714,1200.2,gateway,gateway_A,raspberrypi,2,ESP32->RPi,deserialize,100,0.119,23,esp32_edge_simulator_1,2,scan_A
11:20:36.017,1201.5,gateway,gateway_A,raspberrypi,2,ESP32->RPi,deserialize,116,0.109,23,esp32_edge_normal_3,0,normal
11:20:38.249,1203.8,gateway,gateway_A,raspberrypi,2,ESP32->RPi,deserialize,115,0.136,23,esp32_edge_normal_2,0,normal
11:20:39.711,1205.2,gateway,gateway_A,raspberrypi,2,ESP32->RPi,deserialize,119,0.142,23,esp32_edge_simulator_1,0,normal
11:20:40.822,1206.3,gateway,gateway_A,raspberrypi,2,RPi->PC,serialize,3627,0.414,23,,,
11:20:41.012,1206.5,gateway,gateway_A,raspberrypi,2,ESP32->RPi,deserialize,116,0.07,23,esp32_edge_normal_3,0,normal
11:20:43.264,1208.8,gateway,gateway_A,raspberrypi,2,ESP32->RPi,deserialize,121,0.062,23,esp32_edge_normal_2,0,normal
11:20:44.709,1210.2,gateway,gateway_A,raspberrypi,2,ESP32->RPi,deserialize,112,0.097,23,esp32_edge_simulator_1,1,mqtt_bruteforce
11:20:45.048,1210.6,gateway,gateway_A,raspberrypi,2,PC->RPi,deserialize,3537,0.658,23,,,
11:20:45.063,1210.6,gateway,gateway_A,raspberrypi,2,RPi->ESP32,serialize,3537,0.995,24,,,
11:20:46.012,1211.5,gateway,gateway_A,raspberrypi,2,ESP32->RPi,deserialize,118,0.139,24,esp32_edge_normal_3,0,normal
11:20:48.284,1213.8,gateway,gateway_A,raspberrypi,2,ESP32->RPi,deserialize,121,0.138,24,esp32_edge_normal_2,0,normal
11:20:49.709,1215.2,gateway,gateway_A,raspberrypi,2,ESP32->RPi,deserialize,112,0.12,24,esp32_edge_simulator_1,1,mqtt_bruteforce
11:20:51.012,1216.5,gateway,gateway_A,raspberrypi,2,ESP32->RPi,deserialize,117,0.137,24,esp32_edge_normal_3,0,normal
11:20:53.317,1218.8,gateway,gateway_A,raspberrypi,2,ESP32->RPi,deserialize,117,0.14,24,esp32_edge_normal_2,0,normal
11:20:54.714,1220.2,gateway,gateway_A,raspberrypi,2,ESP32->RPi,deserialize,123,0.139,24,esp32_edge_simulator_1,0,normal
11:20:56.010,1221.5,gateway,gateway_A,raspberrypi,2,ESP32->RPi,deserialize,116,0.065,24,esp32_edge_normal_3,0,normal
11:20:58.321,1223.8,gateway,gateway_A,raspberrypi,2,ESP32->RPi,deserialize,120,0.067,24,esp32_edge_normal_2,0,normal
11:20:59.708,1225.2,gateway,gateway_A,raspberrypi,2,ESP32->RPi,deserialize,111,0.062,24,esp32_edge_simulator_1,1,mqtt_bruteforce
11:21:01.013,1226.5,gateway,gateway_A,raspberrypi,2,ESP32->RPi,deserialize,119,0.149,24,esp32_edge_normal_3,0,normal
11:21:03.227,1228.7,gateway,gateway_A,raspberrypi,2,ESP32->RPi,deserialize,117,0.132,24,esp32_edge_normal_2,0,normal
11:21:04.709,1230.2,gateway,gateway_A,raspberrypi,2,ESP32->RPi,deserialize,108,0.135,24,esp32_edge_simulator_1,2,scan_A
11:21:06.012,1231.5,gateway,gateway_A,raspberrypi,2,ESP32->RPi,deserialize,117,0.136,24,esp32_edge_normal_3,0,normal
11:21:08.226,1233.7,gateway,gateway_A,raspberrypi,2,ESP32->RPi,deserialize,120,0.136,24,esp32_edge_normal_2,0,normal
11:21:09.710,1235.2,gateway,gateway_A,raspberrypi,2,ESP32->RPi,deserialize,111,0.141,24,esp32_edge_simulator_1,1,mqtt_bruteforce
11:21:11.011,1236.5,gateway,gateway_A,raspberrypi,2,ESP32->RPi,deserialize,117,0.137,24,esp32_edge_normal_3,0,normal
11:21:13.224,1238.7,gateway,gateway_A,raspberrypi,2,ESP32->RPi,deserialize,120,0.119,24,esp32_edge_normal_2,0,normal
11:21:14.708,1240.2,gateway,gateway_A,raspberrypi,2,ESP32->RPi,deserialize,105,0.138,24,esp32_edge_simulator_1,2,scan_A
11:21:16.010,1241.5,gateway,gateway_A,raspberrypi,2,ESP32->RPi,deserialize,116,0.136,24,esp32_edge_normal_3,0,normal
11:21:18.224,1243.7,gateway,gateway_A,raspberrypi,2,ESP32->RPi,deserialize,116,0.135,24,esp32_edge_normal_2,0,normal
11:21:19.708,1245.2,gateway,gateway_A,raspberrypi,2,ESP32->RPi,deserialize,111,0.139,24,esp32_edge_simulator_1,1,mqtt_bruteforce
11:21:21.089,1246.6,gateway,gateway_A,raspberrypi,2,ESP32->RPi,deserialize,117,0.137,24,esp32_edge_normal_3,0,normal
11:21:23.227,1248.7,gateway,gateway_A,raspberrypi,2,ESP32->RPi,deserialize,114,0.136,24,esp32_edge_normal_2,0,normal
11:21:24.708,1250.2,gateway,gateway_A,raspberrypi,2,ESP32->RPi,deserialize,81,0.121,24,esp32_edge_simulator_1,2,scan_A
11:21:26.011,1251.5,gateway,gateway_A,raspberrypi,2,ESP32->RPi,deserialize,112,0.134,24,esp32_edge_normal_3,0,normal
11:21:28.292,1253.8,gateway,gateway_A,raspberrypi,2,ESP32->RPi,deserialize,115,0.132,24,esp32_edge_normal_2,0,normal
11:21:29.722,1255.2,gateway,gateway_A,raspberrypi,2,ESP32->RPi,deserialize,123,0.189,24,esp32_edge_simulator_1,0,normal
11:21:30.796,1256.3,gateway,gateway_A,raspberrypi,2,RPi->PC,serialize,3646,0.412,24,,,
11:21:31.020,1256.5,gateway,gateway_A,raspberrypi,2,ESP32->RPi,deserialize,117,0.067,24,esp32_edge_normal_3,0,normal
11:21:33.222,1258.7,gateway,gateway_A,raspberrypi,2,ESP32->RPi,deserialize,116,0.067,24,esp32_edge_normal_2,0,normal
11:21:34.710,1260.2,gateway,gateway_A,raspberrypi,2,ESP32->RPi,deserialize,108,0.066,24,esp32_edge_simulator_1,1,mqtt_bruteforce
11:21:35.118,1260.6,gateway,gateway_A,raspberrypi,2,PC->RPi,deserialize,3530,0.58,24,,,
11:21:35.132,1260.6,gateway,gateway_A,raspberrypi,2,RPi->ESP32,serialize,3530,0.975,25,,,
11:21:36.010,1261.5,gateway,gateway_A,raspberrypi,2,ESP32->RPi,deserialize,120,0.068,25,esp32_edge_normal_3,0,normal
11:21:38.224,1263.7,gateway,gateway_A,raspberrypi,2,ESP32->RPi,deserialize,118,0.064,25,esp32_edge_normal_2,0,normal
11:21:39.707,1265.2,gateway,gateway_A,raspberrypi,2,ESP32->RPi,deserialize,111,0.064,25,esp32_edge_simulator_1,1,mqtt_bruteforce
11:21:41.008,1266.5,gateway,gateway_A,raspberrypi,2,ESP32->RPi,deserialize,117,0.138,25,esp32_edge_normal_3,0,normal
11:21:43.225,1268.7,gateway,gateway_A,raspberrypi,2,ESP32->RPi,deserialize,118,0.146,25,esp32_edge_normal_2,0,normal
11:21:44.707,1270.2,gateway,gateway_A,raspberrypi,2,ESP32->RPi,deserialize,106,0.062,25,esp32_edge_simulator_1,2,scan_A
11:21:46.010,1271.5,gateway,gateway_A,raspberrypi,2,ESP32->RPi,deserialize,117,0.067,25,esp32_edge_normal_3,0,normal
11:21:48.222,1273.7,gateway,gateway_A,raspberrypi,2,ESP32->RPi,deserialize,120,0.069,25,esp32_edge_normal_2,0,normal
11:21:49.708,1275.2,gateway,gateway_A,raspberrypi,2,ESP32->RPi,deserialize,109,0.141,25,esp32_edge_simulator_1,1,mqtt_bruteforce
11:21:51.014,1276.5,gateway,gateway_A,raspberrypi,2,ESP32->RPi,deserialize,115,0.144,25,esp32_edge_normal_3,0,normal
11:21:53.231,1278.7,gateway,gateway_A,raspberrypi,2,ESP32->RPi,deserialize,119,0.14,25,esp32_edge_normal_2,0,normal
11:21:54.710,1280.2,gateway,gateway_A,raspberrypi,2,ESP32->RPi,deserialize,108,0.067,25,esp32_edge_simulator_1,2,scan_A
11:21:56.016,1281.5,gateway,gateway_A,raspberrypi,2,ESP32->RPi,deserialize,117,0.065,25,esp32_edge_normal_3,0,normal
11:21:58.224,1283.7,gateway,gateway_A,raspberrypi,2,ESP32->RPi,deserialize,114,0.063,25,esp32_edge_normal_2,0,normal
11:21:59.707,1285.2,gateway,gateway_A,raspberrypi,2,ESP32->RPi,deserialize,109,0.123,25,esp32_edge_simulator_1,1,mqtt_bruteforce
11:22:01.010,1286.5,gateway,gateway_A,raspberrypi,2,ESP32->RPi,deserialize,119,0.143,25,esp32_edge_normal_3,0,normal
11:22:03.222,1288.7,gateway,gateway_A,raspberrypi,2,ESP32->RPi,deserialize,117,0.136,25,esp32_edge_normal_2,0,normal
11:22:06.040,1291.5,gateway,gateway_A,raspberrypi,2,ESP32->RPi,deserialize,109,0.12,25,esp32_edge_simulator_1,1,mqtt_bruteforce
11:22:06.044,1291.6,gateway,gateway_A,raspberrypi,2,ESP32->RPi,deserialize,116,0.109,25,esp32_edge_normal_3,0,normal
11:22:08.235,1293.7,gateway,gateway_A,raspberrypi,2,ESP32->RPi,deserialize,113,0.136,25,esp32_edge_normal_2,0,normal
11:22:09.711,1295.2,gateway,gateway_A,raspberrypi,2,ESP32->RPi,deserialize,124,0.134,25,esp32_edge_simulator_1,0,normal
11:22:11.010,1296.5,gateway,gateway_A,raspberrypi,2,ESP32->RPi,deserialize,119,0.134,25,esp32_edge_normal_3,0,normal
11:22:13.223,1298.7,gateway,gateway_A,raspberrypi,2,ESP32->RPi,deserialize,117,0.136,25,esp32_edge_normal_2,0,normal
11:22:14.710,1300.2,gateway,gateway_A,raspberrypi,2,ESP32->RPi,deserialize,121,0.121,25,esp32_edge_simulator_1,0,normal
11:22:16.009,1301.5,gateway,gateway_A,raspberrypi,2,ESP32->RPi,deserialize,115,0.133,25,esp32_edge_normal_3,0,normal
11:22:18.222,1303.7,gateway,gateway_A,raspberrypi,2,ESP32->RPi,deserialize,117,0.14,25,esp32_edge_normal_2,0,normal
11:22:19.707,1305.2,gateway,gateway_A,raspberrypi,2,ESP32->RPi,deserialize,101,0.124,25,esp32_edge_simulator_1,2,scan_A
11:22:20.724,1306.2,gateway,gateway_A,raspberrypi,2,RPi->PC,serialize,3636,0.417,25,,,
11:22:21.021,1306.5,gateway,gateway_A,raspberrypi,2,ESP32->RPi,deserialize,117,0.068,25,esp32_edge_normal_3,0,normal
11:22:23.222,1308.7,gateway,gateway_A,raspberrypi,2,ESP32->RPi,deserialize,115,0.066,25,esp32_edge_normal_2,0,normal
11:22:24.710,1310.2,gateway,gateway_A,raspberrypi,2,ESP32->RPi,deserialize,119,0.066,25,esp32_edge_simulator_1,0,normal
11:22:25.094,1310.6,gateway,gateway_A,raspberrypi,2,PC->RPi,deserialize,3516,0.575,25,,,
11:22:25.109,1310.6,gateway,gateway_A,raspberrypi,2,RPi->ESP32,serialize,3516,1.125,26,,,
11:22:26.011,1311.5,gateway,gateway_A,raspberrypi,2,ESP32->RPi,deserialize,115,0.141,26,esp32_edge_normal_3,0,normal
11:22:28.224,1313.7,gateway,gateway_A,raspberrypi,2,ESP32->RPi,deserialize,119,0.065,26,esp32_edge_normal_2,0,normal
11:22:29.708,1315.2,gateway,gateway_A,raspberrypi,2,ESP32->RPi,deserialize,118,0.068,26,esp32_edge_simulator_1,0,normal
11:22:31.019,1316.5,gateway,gateway_A,raspberrypi,2,ESP32->RPi,deserialize,116,0.067,26,esp32_edge_normal_3,0,normal
11:22:33.235,1318.7,gateway,gateway_A,raspberrypi,2,ESP32->RPi,deserialize,112,0.136,26,esp32_edge_normal_2,0,normal
11:22:34.710,1320.2,gateway,gateway_A,raspberrypi,2,ESP32->RPi,deserialize,122,0.154,26,esp32_edge_simulator_1,0,normal
11:22:36.007,1321.5,gateway,gateway_A,raspberrypi,2,ESP32->RPi,deserialize,115,0.136,26,esp32_edge_normal_3,0,normal
11:22:38.221,1323.7,gateway,gateway_A,raspberrypi,2,ESP32->RPi,deserialize,119,0.136,26,esp32_edge_normal_2,0,normal
11:22:39.716,1325.2,gateway,gateway_A,raspberrypi,2,ESP32->RPi,deserialize,109,0.135,26,esp32_edge_simulator_1,0,normal
11:22:41.013,1326.5,gateway,gateway_A,raspberrypi,2,ESP32->RPi,deserialize,120,0.134,26,esp32_edge_normal_3,0,normal
11:22:43.222,1328.7,gateway,gateway_A,raspberrypi,2,ESP32->RPi,deserialize,117,0.136,26,esp32_edge_normal_2,0,normal
11:22:44.711,1330.2,gateway,gateway_A,raspberrypi,2,ESP32->RPi,deserialize,118,0.066,26,esp32_edge_simulator_1,0,normal
11:22:46.007,1331.5,gateway,gateway_A,raspberrypi,2,ESP32->RPi,deserialize,114,0.063,26,esp32_edge_normal_3,0,normal
11:22:48.223,1333.7,gateway,gateway_A,raspberrypi,2,ESP32->RPi,deserialize,114,0.065,26,esp32_edge_normal_2,0,normal
11:22:49.706,1335.2,gateway,gateway_A,raspberrypi,2,ESP32->RPi,deserialize,81,0.121,26,esp32_edge_simulator_1,2,scan_A
11:22:51.006,1336.5,gateway,gateway_A,raspberrypi,2,ESP32->RPi,deserialize,117,0.137,26,esp32_edge_normal_3,0,normal
11:22:53.224,1338.7,gateway,gateway_A,raspberrypi,2,ESP32->RPi,deserialize,116,0.137,26,esp32_edge_normal_2,0,normal
11:22:54.707,1340.2,gateway,gateway_A,raspberrypi,2,ESP32->RPi,deserialize,109,0.143,26,esp32_edge_simulator_1,1,mqtt_bruteforce
11:22:56.016,1341.5,gateway,gateway_A,raspberrypi,2,ESP32->RPi,deserialize,118,0.187,26,esp32_edge_normal_3,0,normal
11:22:58.223,1343.7,gateway,gateway_A,raspberrypi,2,ESP32->RPi,deserialize,110,0.12,26,esp32_edge_normal_2,0,normal
11:22:59.710,1345.2,gateway,gateway_A,raspberrypi,2,ESP32->RPi,deserialize,119,0.139,26,esp32_edge_simulator_1,0,normal
11:23:01.072,1346.6,gateway,gateway_A,raspberrypi,2,ESP32->RPi,deserialize,120,0.119,26,esp32_edge_normal_3,0,normal
11:23:03.224,1348.7,gateway,gateway_A,raspberrypi,2,ESP32->RPi,deserialize,117,0.136,26,esp32_edge_normal_2,0,normal
11:23:04.709,1350.2,gateway,gateway_A,raspberrypi,2,ESP32->RPi,deserialize,119,0.137,26,esp32_edge_simulator_1,0,normal
11:23:06.010,1351.5,gateway,gateway_A,raspberrypi,2,ESP32->RPi,deserialize,117,0.137,26,esp32_edge_normal_3,0,normal
11:23:08.222,1353.7,gateway,gateway_A,raspberrypi,2,ESP32->RPi,deserialize,117,0.136,26,esp32_edge_normal_2,0,normal
11:23:09.706,1355.2,gateway,gateway_A,raspberrypi,2,ESP32->RPi,deserialize,107,0.12,26,esp32_edge_simulator_1,1,mqtt_bruteforce
11:23:10.804,1356.3,gateway,gateway_A,raspberrypi,2,RPi->PC,serialize,3618,0.425,26,,,
11:23:11.008,1356.5,gateway,gateway_A,raspberrypi,2,ESP32->RPi,deserialize,120,0.069,26,esp32_edge_normal_3,0,normal
11:23:13.220,1358.7,gateway,gateway_A,raspberrypi,2,ESP32->RPi,deserialize,106,0.064,26,esp32_edge_normal_2,0,normal
11:23:14.704,1360.2,gateway,gateway_A,raspberrypi,2,ESP32->RPi,deserialize,107,0.067,26,esp32_edge_simulator_1,1,mqtt_bruteforce
11:23:15.281,1360.8,gateway,gateway_A,raspberrypi,2,PC->RPi,deserialize,3532,0.666,26,,,
11:23:15.295,1360.8,gateway,gateway_A,raspberrypi,2,RPi->ESP32,serialize,3532,0.965,27,,,
11:23:16.014,1361.5,gateway,gateway_A,raspberrypi,2,ESP32->RPi,deserialize,112,0.183,27,esp32_edge_normal_3,0,normal
11:23:18.226,1363.7,gateway,gateway_A,raspberrypi,2,ESP32->RPi,deserialize,117,0.067,27,esp32_edge_normal_2,0,normal
11:23:19.709,1365.2,gateway,gateway_A,raspberrypi,2,ESP32->RPi,deserialize,114,0.146,27,esp32_edge_simulator_1,1,mqtt_bruteforce
11:23:21.008,1366.5,gateway,gateway_A,raspberrypi,2,ESP32->RPi,deserialize,112,0.068,27,esp32_edge_normal_3,0,normal
11:23:23.226,1368.7,gateway,gateway_A,raspberrypi,2,ESP32->RPi,deserialize,117,0.143,27,esp32_edge_normal_2,0,normal
11:23:24.704,1370.2,gateway,gateway_A,raspberrypi,2,ESP32->RPi,deserialize,81,0.06,27,esp32_edge_simulator_1,2,scan_A
11:23:26.005,1371.5,gateway,gateway_A,raspberrypi,2,ESP32->RPi,deserialize,114,0.066,27,esp32_edge_normal_3,0,normal
11:23:28.223,1373.7,gateway,gateway_A,raspberrypi,2,ESP32->RPi,deserialize,117,0.067,27,esp32_edge_normal_2,0,normal
11:23:29.708,1375.2,gateway,gateway_A,raspberrypi,2,ESP32->RPi,deserialize,81,0.123,27,esp32_edge_simulator_1,2,scan_A
11:23:31.012,1376.5,gateway,gateway_A,raspberrypi,2,ESP32->RPi,deserialize,117,0.136,27,esp32_edge_normal_3,0,normal
11:23:33.220,1378.7,gateway,gateway_A,raspberrypi,2,ESP32->RPi,deserialize,117,0.135,27,esp32_edge_normal_2,0,normal
11:23:34.706,1380.2,gateway,gateway_A,raspberrypi,2,ESP32->RPi,deserialize,120,0.117,27,esp32_edge_simulator_1,0,normal
11:23:36.013,1381.5,gateway,gateway_A,raspberrypi,2,ESP32->RPi,deserialize,117,0.065,27,esp32_edge_normal_3,0,normal
11:23:38.220,1383.7,gateway,gateway_A,raspberrypi,2,ESP32->RPi,deserialize,121,0.065,27,esp32_edge_normal_2,0,normal
11:23:39.714,1385.2,gateway,gateway_A,raspberrypi,2,ESP32->RPi,deserialize,122,0.065,27,esp32_edge_simulator_1,0,normal
11:23:41.009,1386.5,gateway,gateway_A,raspberrypi,2,ESP32->RPi,deserialize,113,0.12,27,esp32_edge_normal_3,0,normal
11:23:43.221,1388.7,gateway,gateway_A,raspberrypi,2,ESP32->RPi,deserialize,117,0.208,27,esp32_edge_normal_2,0,normal
11:23:44.707,1390.2,gateway,gateway_A,raspberrypi,2,ESP32->RPi,deserialize,111,0.137,27,esp32_edge_simulator_1,1,mqtt_bruteforce
11:23:46.007,1391.5,gateway,gateway_A,raspberrypi,2,ESP32->RPi,deserialize,116,0.14,27,esp32_edge_normal_3,0,normal
11:23:48.229,1393.7,gateway,gateway_A,raspberrypi,2,ESP32->RPi,deserialize,120,0.081,27,esp32_edge_normal_2,0,normal
11:23:49.712,1395.2,gateway,gateway_A,raspberrypi,2,ESP32->RPi,deserialize,81,0.126,27,esp32_edge_simulator_1,2,scan_A
11:23:51.006,1396.5,gateway,gateway_A,raspberrypi,2,ESP32->RPi,deserialize,121,0.119,27,esp32_edge_normal_3,0,normal
11:23:53.219,1398.7,gateway,gateway_A,raspberrypi,2,ESP32->RPi,deserialize,115,0.135,27,esp32_edge_normal_2,0,normal
11:23:54.708,1400.2,gateway,gateway_A,raspberrypi,2,ESP32->RPi,deserialize,113,0.138,27,esp32_edge_simulator_1,1,mqtt_bruteforce
11:23:56.009,1401.5,gateway,gateway_A,raspberrypi,2,ESP32->RPi,deserialize,121,0.136,27,esp32_edge_normal_3,0,normal
11:23:58.222,1403.7,gateway,gateway_A,raspberrypi,2,ESP32->RPi,deserialize,117,0.142,27,esp32_edge_normal_2,0,normal
11:23:59.708,1405.2,gateway,gateway_A,raspberrypi,2,ESP32->RPi,deserialize,119,0.137,27,esp32_edge_simulator_1,0,normal
11:24:00.894,1406.4,gateway,gateway_A,raspberrypi,2,RPi->PC,serialize,3622,0.421,27,,,
11:24:01.007,1406.5,gateway,gateway_A,raspberrypi,2,ESP32->RPi,deserialize,117,0.081,27,esp32_edge_normal_3,0,normal
11:24:03.219,1408.7,gateway,gateway_A,raspberrypi,2,ESP32->RPi,deserialize,117,0.07,27,esp32_edge_normal_2,0,normal
11:24:04.708,1410.2,gateway,gateway_A,raspberrypi,2,ESP32->RPi,deserialize,120,0.068,27,esp32_edge_simulator_1,0,normal
11:24:05.096,1410.6,gateway,gateway_A,raspberrypi,2,PC->RPi,deserialize,3524,0.572,27,,,
11:24:05.110,1410.6,gateway,gateway_A,raspberrypi,2,RPi->ESP32,serialize,3524,1.0,28,,,
11:24:06.326,1411.8,gateway,gateway_A,raspberrypi,2,ESP32->RPi,deserialize,113,0.068,28,esp32_edge_normal_3,0,normal
11:24:09.476,1415.0,gateway,gateway_A,raspberrypi,2,ESP32->RPi,deserialize,107,0.068,28,esp32_edge_normal_2,0,normal
11:24:09.703,1415.2,gateway,gateway_A,raspberrypi,2,ESP32->RPi,deserialize,81,0.062,28,esp32_edge_simulator_1,2,scan_A
11:24:11.005,1416.5,gateway,gateway_A,raspberrypi,2,ESP32->RPi,deserialize,116,0.129,28,esp32_edge_normal_3,0,normal
11:24:13.222,1418.7,gateway,gateway_A,raspberrypi,2,ESP32->RPi,deserialize,117,0.127,28,esp32_edge_normal_2,0,normal
11:24:14.708,1420.2,gateway,gateway_A,raspberrypi,2,ESP32->RPi,deserialize,107,0.146,28,esp32_edge_simulator_1,2,scan_A
11:24:16.007,1421.5,gateway,gateway_A,raspberrypi,2,ESP32->RPi,deserialize,116,0.144,28,esp32_edge_normal_3,0,normal
11:24:18.226,1423.7,gateway,gateway_A,raspberrypi,2,ESP32->RPi,deserialize,120,0.123,28,esp32_edge_normal_2,0,normal
11:24:19.706,1425.2,gateway,gateway_A,raspberrypi,2,ESP32->RPi,deserialize,120,0.139,28,esp32_edge_simulator_1,0,normal
11:24:21.009,1426.5,gateway,gateway_A,raspberrypi,2,ESP32->RPi,deserialize,116,0.123,28,esp32_edge_normal_3,0,normal
11:24:23.221,1428.7,gateway,gateway_A,raspberrypi,2,ESP32->RPi,deserialize,120,0.135,28,esp32_edge_normal_2,0,normal
11:24:24.710,1430.2,gateway,gateway_A,raspberrypi,2,ESP32->RPi,deserialize,124,0.065,28,esp32_edge_simulator_1,0,normal
11:24:26.013,1431.5,gateway,gateway_A,raspberrypi,2,ESP32->RPi,deserialize,118,0.065,28,esp32_edge_normal_3,0,normal
11:24:28.218,1433.7,gateway,gateway_A,raspberrypi,2,ESP32->RPi,deserialize,115,0.065,28,esp32_edge_normal_2,0,normal
11:24:29.708,1435.2,gateway,gateway_A,raspberrypi,2,ESP32->RPi,deserialize,121,0.136,28,esp32_edge_simulator_1,0,normal
11:24:31.006,1436.5,gateway,gateway_A,raspberrypi,2,ESP32->RPi,deserialize,118,0.122,28,esp32_edge_normal_3,0,normal
11:24:33.220,1438.7,gateway,gateway_A,raspberrypi,2,ESP32->RPi,deserialize,114,0.132,28,esp32_edge_normal_2,0,normal
11:24:34.712,1440.2,gateway,gateway_A,raspberrypi,2,ESP32->RPi,deserialize,123,0.137,28,esp32_edge_simulator_1,0,normal
11:24:36.006,1441.5,gateway,gateway_A,raspberrypi,2,ESP32->RPi,deserialize,116,0.133,28,esp32_edge_normal_3,0,normal
11:24:38.220,1443.7,gateway,gateway_A,raspberrypi,2,ESP32->RPi,deserialize,116,0.137,28,esp32_edge_normal_2,0,normal
11:24:39.710,1445.2,gateway,gateway_A,raspberrypi,2,ESP32->RPi,deserialize,107,0.141,28,esp32_edge_simulator_1,2,scan_A
11:24:41.017,1446.5,gateway,gateway_A,raspberrypi,2,ESP32->RPi,deserialize,114,0.123,28,esp32_edge_normal_3,0,normal
11:24:43.219,1448.7,gateway,gateway_A,raspberrypi,2,ESP32->RPi,deserialize,107,0.108,28,esp32_edge_normal_2,0,normal
11:24:44.706,1450.2,gateway,gateway_A,raspberrypi,2,ESP32->RPi,deserialize,124,0.14,28,esp32_edge_simulator_1,0,normal
11:24:46.018,1451.5,gateway,gateway_A,raspberrypi,2,ESP32->RPi,deserialize,118,0.141,28,esp32_edge_normal_3,0,normal
11:24:48.220,1453.7,gateway,gateway_A,raspberrypi,2,ESP32->RPi,deserialize,117,0.14,28,esp32_edge_normal_2,0,normal
11:24:49.703,1455.2,gateway,gateway_A,raspberrypi,2,ESP32->RPi,deserialize,113,0.137,28,esp32_edge_simulator_1,1,mqtt_bruteforce
11:24:50.698,1456.2,gateway,gateway_A,raspberrypi,2,RPi->PC,serialize,3634,0.421,28,,,
11:24:51.003,1456.5,gateway,gateway_A,raspberrypi,2,ESP32->RPi,deserialize,107,0.071,28,esp32_edge_normal_3,0,normal
11:24:53.218,1458.7,gateway,gateway_A,raspberrypi,2,ESP32->RPi,deserialize,118,0.067,28,esp32_edge_normal_2,0,normal
11:24:54.702,1460.2,gateway,gateway_A,raspberrypi,2,ESP32->RPi,deserialize,113,0.117,28,esp32_edge_simulator_1,1,mqtt_bruteforce
11:24:55.238,1460.7,gateway,gateway_A,raspberrypi,2,PC->RPi,deserialize,3528,0.573,28,,,
11:24:55.252,1460.8,gateway,gateway_A,raspberrypi,2,RPi->ESP32,serialize,3528,1.008,29,,,
11:24:56.004,1461.5,gateway,gateway_A,raspberrypi,2,ESP32->RPi,deserialize,117,0.068,29,esp32_edge_normal_3,0,normal
11:24:58.217,1463.7,gateway,gateway_A,raspberrypi,2,ESP32->RPi,deserialize,115,0.069,29,esp32_edge_normal_2,0,normal
11:24:59.707,1465.2,gateway,gateway_A,raspberrypi,2,ESP32->RPi,deserialize,117,0.069,29,esp32_edge_simulator_1,0,normal
11:25:01.014,1466.5,gateway,gateway_A,raspberrypi,2,ESP32->RPi,deserialize,114,0.15,29,esp32_edge_normal_3,0,normal
11:25:03.217,1468.7,gateway,gateway_A,raspberrypi,2,ESP32->RPi,deserialize,118,0.068,29,esp32_edge_normal_2,0,normal
11:25:04.716,1470.2,gateway,gateway_A,raspberrypi,2,ESP32->RPi,deserialize,108,0.065,29,esp32_edge_simulator_1,2,scan_A
11:25:06.018,1471.5,gateway,gateway_A,raspberrypi,2,ESP32->RPi,deserialize,116,0.067,29,esp32_edge_normal_3,0,normal
11:25:08.227,1473.7,gateway,gateway_A,raspberrypi,2,ESP32->RPi,deserialize,119,0.14,29,esp32_edge_normal_2,0,normal
11:25:09.704,1475.2,gateway,gateway_A,raspberrypi,2,ESP32->RPi,deserialize,112,0.139,29,esp32_edge_simulator_1,1,mqtt_bruteforce
11:25:11.009,1476.5,gateway,gateway_A,raspberrypi,2,ESP32->RPi,deserialize,119,0.141,29,esp32_edge_normal_3,0,normal
11:25:13.223,1478.7,gateway,gateway_A,raspberrypi,2,ESP32->RPi,deserialize,113,0.142,29,esp32_edge_normal_2,0,normal
11:25:14.704,1480.2,gateway,gateway_A,raspberrypi,2,ESP32->RPi,deserialize,112,0.066,29,esp32_edge_simulator_1,1,mqtt_bruteforce
11:25:16.004,1481.5,gateway,gateway_A,raspberrypi,2,ESP32->RPi,deserialize,117,0.066,29,esp32_edge_normal_3,0,normal
11:25:18.228,1483.7,gateway,gateway_A,raspberrypi,2,ESP32->RPi,deserialize,117,0.066,29,esp32_edge_normal_2,0,normal
11:25:19.707,1485.2,gateway,gateway_A,raspberrypi,2,ESP32->RPi,deserialize,120,0.138,29,esp32_edge_simulator_1,0,normal
11:25:21.005,1486.5,gateway,gateway_A,raspberrypi,2,ESP32->RPi,deserialize,121,0.142,29,esp32_edge_normal_3,0,normal
11:25:23.216,1488.7,gateway,gateway_A,raspberrypi,2,ESP32->RPi,deserialize,116,0.14,29,esp32_edge_normal_2,0,normal
11:25:24.702,1490.2,gateway,gateway_A,raspberrypi,2,ESP32->RPi,deserialize,107,0.139,29,esp32_edge_simulator_1,2,scan_A
11:25:26.021,1491.5,gateway,gateway_A,raspberrypi,2,ESP32->RPi,deserialize,114,0.065,29,esp32_edge_normal_3,0,normal
11:25:28.222,1493.7,gateway,gateway_A,raspberrypi,2,ESP32->RPi,deserialize,115,0.107,29,esp32_edge_normal_2,0,normal
11:25:29.715,1495.2,gateway,gateway_A,raspberrypi,2,ESP32->RPi,deserialize,108,0.064,29,esp32_edge_simulator_1,1,mqtt_bruteforce
11:25:31.012,1496.5,gateway,gateway_A,raspberrypi,2,ESP32->RPi,deserialize,120,0.137,29,esp32_edge_normal_3,0,normal
11:25:33.218,1498.7,gateway,gateway_A,raspberrypi,2,ESP32->RPi,deserialize,115,0.141,29,esp32_edge_normal_2,0,normal
11:25:34.706,1500.2,gateway,gateway_A,raspberrypi,2,ESP32->RPi,deserialize,113,0.14,29,esp32_edge_simulator_1,1,mqtt_bruteforce
11:25:36.014,1501.5,gateway,gateway_A,raspberrypi,2,ESP32->RPi,deserialize,119,0.136,29,esp32_edge_normal_3,0,normal
11:25:38.216,1503.7,gateway,gateway_A,raspberrypi,2,ESP32->RPi,deserialize,114,0.135,29,esp32_edge_normal_2,0,normal
11:25:39.702,1505.2,gateway,gateway_A,raspberrypi,2,ESP32->RPi,deserialize,114,0.137,29,esp32_edge_simulator_1,1,mqtt_bruteforce
11:25:40.835,1506.3,gateway,gateway_A,raspberrypi,2,RPi->PC,serialize,3641,0.493,29,,,
11:25:41.004,1506.5,gateway,gateway_A,raspberrypi,2,ESP32->RPi,deserialize,117,0.071,29,esp32_edge_normal_3,0,normal
11:25:43.225,1508.7,gateway,gateway_A,raspberrypi,2,ESP32->RPi,deserialize,115,0.068,29,esp32_edge_normal_2,0,normal
11:25:44.701,1510.2,gateway,gateway_A,raspberrypi,2,ESP32->RPi,deserialize,81,0.061,29,esp32_edge_simulator_1,2,scan_A
11:25:45.232,1510.7,gateway,gateway_A,raspberrypi,2,PC->RPi,deserialize,3527,0.6,29,,,
11:25:45.247,1510.8,gateway,gateway_A,raspberrypi,2,RPi->ESP32,serialize,3527,1.027,30,,,
11:25:46.001,1511.5,gateway,gateway_A,raspberrypi,2,ESP32->RPi,deserialize,117,0.067,30,esp32_edge_normal_3,0,normal
11:25:48.220,1513.7,gateway,gateway_A,raspberrypi,2,ESP32->RPi,deserialize,117,0.067,30,esp32_edge_normal_2,0,normal
11:25:49.704,1515.2,gateway,gateway_A,raspberrypi,2,ESP32->RPi,deserialize,122,0.068,30,esp32_edge_simulator_1,0,normal
11:25:51.009,1516.5,gateway,gateway_A,raspberrypi,2,ESP32->RPi,deserialize,117,0.231,30,esp32_edge_normal_3,0,normal
11:25:53.216,1518.7,gateway,gateway_A,raspberrypi,2,ESP32->RPi,deserialize,120,0.069,30,esp32_edge_normal_2,0,normal
11:25:54.701,1520.2,gateway,gateway_A,raspberrypi,2,ESP32->RPi,deserialize,112,0.107,30,esp32_edge_simulator_1,1,mqtt_bruteforce
11:25:56.002,1521.5,gateway,gateway_A,raspberrypi,2,ESP32->RPi,deserialize,119,0.068,30,esp32_edge_normal_3,0,normal
11:25:58.216,1523.7,gateway,gateway_A,raspberrypi,2,ESP32->RPi,deserialize,113,0.138,30,esp32_edge_normal_2,0,normal
11:25:59.703,1525.2,gateway,gateway_A,raspberrypi,2,ESP32->RPi,deserialize,107,0.137,30,esp32_edge_simulator_1,2,scan_A
11:26:01.003,1526.5,gateway,gateway_A,raspberrypi,2,ESP32->RPi,deserialize,114,0.134,30,esp32_edge_normal_3,0,normal
11:26:03.216,1528.7,gateway,gateway_A,raspberrypi,2,ESP32->RPi,deserialize,115,0.136,30,esp32_edge_normal_2,0,normal
11:26:04.702,1530.2,gateway,gateway_A,raspberrypi,2,ESP32->RPi,deserialize,112,0.134,30,esp32_edge_simulator_1,1,mqtt_bruteforce
11:26:06.020,1531.5,gateway,gateway_A,raspberrypi,2,ESP32->RPi,deserialize,120,0.14,30,esp32_edge_normal_3,0,normal
11:26:08.237,1533.7,gateway,gateway_A,raspberrypi,2,ESP32->RPi,deserialize,117,0.139,30,esp32_edge_normal_2,0,normal
11:26:09.708,1535.2,gateway,gateway_A,raspberrypi,2,ESP32->RPi,deserialize,113,0.139,30,esp32_edge_simulator_1,1,mqtt_bruteforce
11:26:11.002,1536.5,gateway,gateway_A,raspberrypi,2,ESP32->RPi,deserialize,112,0.108,30,esp32_edge_normal_3,0,normal
11:26:13.215,1538.7,gateway,gateway_A,raspberrypi,2,ESP32->RPi,deserialize,121,0.122,30,esp32_edge_normal_2,0,normal
11:26:14.702,1540.2,gateway,gateway_A,raspberrypi,2,ESP32->RPi,deserialize,81,0.122,30,esp32_edge_simulator_1,2,scan_A
11:26:16.003,1541.5,gateway,gateway_A,raspberrypi,2,ESP32->RPi,deserialize,120,0.136,30,esp32_edge_normal_3,0,normal
11:26:18.217,1543.7,gateway,gateway_A,raspberrypi,2,ESP32->RPi,deserialize,120,0.202,30,esp32_edge_normal_2,0,normal
11:26:19.710,1545.2,gateway,gateway_A,raspberrypi,2,ESP32->RPi,deserialize,124,0.137,30,esp32_edge_simulator_1,0,normal
11:26:21.007,1546.5,gateway,gateway_A,raspberrypi,2,ESP32->RPi,deserialize,120,0.138,30,esp32_edge_normal_3,0,normal
11:26:23.268,1548.8,gateway,gateway_A,raspberrypi,2,ESP32->RPi,deserialize,114,0.14,30,esp32_edge_normal_2,0,normal
