timestamp,uptime_s,device_name,device_suffix,hostname,run_id,channel,operation,payload_bytes,elapsed_ms,fl_round,client_id,sample_label,sample_label_name
11:00:35.214,0.8,gateway,gateway_B,gatewayB,2,ESP32->RPi,deserialize,119,0.068,0,esp32_edge_normal_3,0,normal
11:00:39.162,4.7,gateway,gateway_B,gatewayB,2,ESP32->RPi,deserialize,118,0.144,0,esp32_edge_normal_2,0,normal
11:00:39.509,5.1,gateway,gateway_B,gatewayB,2,ESP32->RPi,deserialize,120,0.067,0,esp32_edge_normal_1,0,normal
11:00:39.802,5.4,gateway,gateway_B,gatewayB,2,ESP32->RPi,deserialize,115,0.065,0,esp32_edge_normal_3,0,normal
11:00:44.165,9.7,gateway,gateway_B,gatewayB,2,ESP32->RPi,deserialize,113,0.069,0,esp32_edge_normal_2,0,normal
11:00:44.507,10.1,gateway,gateway_B,gatewayB,2,ESP32->RPi,deserialize,119,0.146,0,esp32_edge_normal_1,0,normal
11:00:44.809,10.4,gateway,gateway_B,gatewayB,2,ESP32->RPi,deserialize,120,0.145,0,esp32_edge_normal_3,0,normal
11:00:49.163,14.7,gateway,gateway_B,gatewayB,2,ESP32->RPi,deserialize,112,0.148,0,esp32_edge_normal_2,0,normal
11:00:49.506,15.1,gateway,gateway_B,gatewayB,2,ESP32->RPi,deserialize,117,0.136,0,esp32_edge_normal_1,0,normal
11:00:49.803,15.4,gateway,gateway_B,gatewayB,2,ESP32->RPi,deserialize,120,0.138,0,esp32_edge_normal_3,0,normal
11:00:54.194,19.8,gateway,gateway_B,gatewayB,2,ESP32->RPi,deserialize,114,0.21,0,esp32_edge_normal_2,0,normal
11:00:54.510,20.1,gateway,gateway_B,gatewayB,2,ESP32->RPi,deserialize,120,0.14,0,esp32_edge_normal_1,0,normal
11:00:54.821,20.4,gateway,gateway_B,gatewayB,2,ESP32->RPi,deserialize,116,0.138,0,esp32_edge_normal_3,0,normal
11:00:59.198,24.8,gateway,gateway_B,gatewayB,2,ESP32->RPi,deserialize,115,0.068,0,esp32_edge_normal_2,0,normal
11:00:59.510,25.1,gateway,gateway_B,gatewayB,2,ESP32->RPi,deserialize,109,0.066,0,esp32_edge_normal_1,0,normal
11:00:59.801,25.4,gateway,gateway_B,gatewayB,2,ESP32->RPi,deserialize,121,0.067,0,esp32_edge_normal_3,0,normal
11:01:04.272,29.8,gateway,gateway_B,gatewayB,2,ESP32->RPi,deserialize,116,0.139,0,esp32_edge_normal_2,0,normal
11:01:04.510,30.1,gateway,gateway_B,gatewayB,2,ESP32->RPi,deserialize,116,0.206,0,esp32_edge_normal_1,0,normal
11:01:04.806,30.4,gateway,gateway_B,gatewayB,2,ESP32->RPi,deserialize,115,0.145,0,esp32_edge_normal_3,0,normal
11:01:09.169,34.7,gateway,gateway_B,gatewayB,2,ESP32->RPi,deserialize,114,0.145,0,esp32_edge_normal_2,0,normal
11:01:09.516,35.1,gateway,gateway_B,gatewayB,2,ESP32->RPi,deserialize,115,0.145,0,esp32_edge_normal_1,0,normal
11:01:09.806,35.4,gateway,gateway_B,gatewayB,2,ESP32->RPi,deserialize,118,0.142,0,esp32_edge_normal_3,0,normal
11:01:14.167,39.7,gateway,gateway_B,gatewayB,2,ESP32->RPi,deserialize,120,0.146,0,esp32_edge_normal_2,0,normal
11:01:14.506,40.1,gateway,gateway_B,gatewayB,2,ESP32->RPi,deserialize,117,0.142,0,esp32_edge_normal_1,0,normal
11:01:14.804,40.4,gateway,gateway_B,gatewayB,2,ESP32->RPi,deserialize,115,0.189,0,esp32_edge_normal_3,0,normal
11:01:19.163,44.7,gateway,gateway_B,gatewayB,2,ESP32->RPi,deserialize,115,0.142,0,esp32_edge_normal_2,0,normal
11:01:19.514,45.1,gateway,gateway_B,gatewayB,2,ESP32->RPi,deserialize,118,0.143,0,esp32_edge_normal_1,0,normal
11:01:19.807,45.4,gateway,gateway_B,gatewayB,2,ESP32->RPi,deserialize,120,0.139,0,esp32_edge_normal_3,0,normal
11:01:24.242,49.8,gateway,gateway_B,gatewayB,2,ESP32->RPi,deserialize,119,0.148,0,esp32_edge_normal_2,0,normal
11:01:25.797,51.4,gateway,gateway_B,gatewayB,2,ESP32->RPi,deserialize,118,0.154,0,esp32_edge_normal_1,0,normal
11:01:32.904,58.5,gateway,gateway_B,gatewayB,2,RPi->PC,serialize,3632,0.453,0,,,
11:01:33.015,58.6,gateway,gateway_B,gatewayB,2,PC->RPi,deserialize,3538,0.247,0,,,
11:01:33.021,58.6,gateway,gateway_B,gatewayB,2,RPi->ESP32,serialize,3538,0.383,1,,,
11:01:33.037,58.6,gateway,gateway_B,gatewayB,2,ESP32->RPi,deserialize,117,0.078,1,esp32_edge_normal_3,0,normal
11:01:33.039,58.6,gateway,gateway_B,gatewayB,2,ESP32->RPi,deserialize,121,0.091,1,esp32_edge_normal_2,0,normal
11:01:33.040,58.6,gateway,gateway_B,gatewayB,2,ESP32->RPi,deserialize,116,0.065,1,esp32_edge_normal_1,0,normal
11:01:33.042,58.6,gateway,gateway_B,gatewayB,2,ESP32->RPi,deserialize,115,0.127,1,esp32_edge_normal_3,0,normal
11:01:34.160,59.7,gateway,gateway_B,gatewayB,2,ESP32->RPi,deserialize,116,0.068,1,esp32_edge_normal_2,0,normal
11:01:34.505,60.1,gateway,gateway_B,gatewayB,2,ESP32->RPi,deserialize,119,0.069,1,esp32_edge_normal_1,0,normal
11:01:34.810,60.4,gateway,gateway_B,gatewayB,2,ESP32->RPi,deserialize,117,0.066,1,esp32_edge_normal_3,0,normal
11:01:39.174,64.7,gateway,gateway_B,gatewayB,2,ESP32->RPi,deserialize,117,0.07,1,esp32_edge_normal_2,0,normal
11:01:39.505,65.1,gateway,gateway_B,gatewayB,2,ESP32->RPi,deserialize,113,0.12,1,esp32_edge_normal_1,0,normal
11:01:39.801,65.4,gateway,gateway_B,gatewayB,2,ESP32->RPi,deserialize,120,0.068,1,esp32_edge_normal_3,0,normal
11:01:44.164,69.7,gateway,gateway_B,gatewayB,2,ESP32->RPi,deserialize,120,0.193,1,esp32_edge_normal_2,0,normal
11:01:44.515,70.1,gateway,gateway_B,gatewayB,2,ESP32->RPi,deserialize,121,0.148,1,esp32_edge_normal_1,0,normal
11:01:44.801,70.4,gateway,gateway_B,gatewayB,2,ESP32->RPi,deserialize,114,0.122,1,esp32_edge_normal_3,0,normal
11:01:49.182,74.7,gateway,gateway_B,gatewayB,2,ESP32->RPi,deserialize,120,0.147,1,esp32_edge_normal_2,0,normal
11:01:49.513,75.1,gateway,gateway_B,gatewayB,2,ESP32->RPi,deserialize,117,0.142,1,esp32_edge_normal_1,0,normal
11:01:49.805,75.4,gateway,gateway_B,gatewayB,2,ESP32->RPi,deserialize,117,0.145,1,esp32_edge_normal_3,0,normal
11:01:54.160,79.7,gateway,gateway_B,gatewayB,2,ESP32->RPi,deserialize,115,0.069,1,esp32_edge_normal_2,0,normal
11:01:54.505,80.1,gateway,gateway_B,gatewayB,2,ESP32->RPi,deserialize,121,0.067,1,esp32_edge_normal_1,0,normal
11:01:54.800,80.4,gateway,gateway_B,gatewayB,2,ESP32->RPi,deserialize,117,0.067,1,esp32_edge_normal_3,0,normal
11:01:59.160,84.7,gateway,gateway_B,gatewayB,2,ESP32->RPi,deserialize,116,0.142,1,esp32_edge_normal_2,0,normal
11:01:59.513,85.1,gateway,gateway_B,gatewayB,2,ESP32->RPi,deserialize,117,0.139,1,esp32_edge_normal_1,0,normal
11:01:59.803,85.4,gateway,gateway_B,gatewayB,2,ESP32->RPi,deserialize,117,0.142,1,esp32_edge_normal_3,0,normal
11:02:04.163,89.7,gateway,gateway_B,gatewayB,2,ESP32->RPi,deserialize,115,0.151,1,esp32_edge_normal_2,0,normal
11:02:04.506,90.1,gateway,gateway_B,gatewayB,2,ESP32->RPi,deserialize,120,0.149,1,esp32_edge_normal_1,0,normal
11:02:04.803,90.4,gateway,gateway_B,gatewayB,2,ESP32->RPi,deserialize,118,0.142,1,esp32_edge_normal_3,0,normal
11:02:09.163,94.7,gateway,gateway_B,gatewayB,2,ESP32->RPi,deserialize,116,0.143,1,esp32_edge_normal_2,0,normal
11:02:09.505,95.1,gateway,gateway_B,gatewayB,2,ESP32->RPi,deserialize,115,0.14,1,esp32_edge_normal_1,0,normal
11:02:09.804,95.4,gateway,gateway_B,gatewayB,2,ESP32->RPi,deserialize,117,0.144,1,esp32_edge_normal_3,0,normal
11:02:14.161,99.7,gateway,gateway_B,gatewayB,2,ESP32->RPi,deserialize,115,0.144,1,esp32_edge_normal_2,0,normal
11:02:14.512,100.1,gateway,gateway_B,gatewayB,2,ESP32->RPi,deserialize,115,0.151,1,esp32_edge_normal_1,0,normal
11:02:15.600,101.2,gateway,gateway_B,gatewayB,2,RPi->PC,serialize,3630,0.454,1,,,
11:02:15.679,101.2,gateway,gateway_B,gatewayB,2,PC->RPi,deserialize,3536,0.317,1,,,
11:02:15.688,101.3,gateway,gateway_B,gatewayB,2,RPi->ESP32,serialize,3536,0.39,2,,,
11:02:15.698,101.3,gateway,gateway_B,gatewayB,2,ESP32->RPi,deserialize,117,0.065,2,esp32_edge_normal_3,0,normal
11:02:19.160,104.7,gateway,gateway_B,gatewayB,2,ESP32->RPi,deserialize,120,0.071,2,esp32_edge_normal_2,0,normal
11:02:19.505,105.1,gateway,gateway_B,gatewayB,2,ESP32->RPi,deserialize,118,0.07,2,esp32_edge_normal_1,0,normal
11:02:19.808,105.4,gateway,gateway_B,gatewayB,2,ESP32->RPi,deserialize,121,0.147,2,esp32_edge_normal_3,0,normal
11:02:24.282,109.8,gateway,gateway_B,gatewayB,2,ESP32->RPi,deserialize,117,0.182,2,esp32_edge_normal_2,0,normal
11:02:24.627,110.2,gateway,gateway_B,gatewayB,2,ESP32->RPi,deserialize,121,0.198,2,esp32_edge_normal_1,0,normal
11:02:24.805,110.4,gateway,gateway_B,gatewayB,2,ESP32->RPi,deserialize,117,0.112,2,esp32_edge_normal_3,0,normal
11:02:29.160,114.7,gateway,gateway_B,gatewayB,2,ESP32->RPi,deserialize,116,0.147,2,esp32_edge_normal_2,0,normal
11:02:29.511,115.1,gateway,gateway_B,gatewayB,2,ESP32->RPi,deserialize,117,0.145,2,esp32_edge_normal_1,0,normal
11:02:29.807,115.4,gateway,gateway_B,gatewayB,2,ESP32->RPi,deserialize,114,0.127,2,esp32_edge_normal_3,0,normal
11:02:34.161,119.7,gateway,gateway_B,gatewayB,2,ESP32->RPi,deserialize,114,0.144,2,esp32_edge_normal_2,0,normal
11:02:34.506,120.1,gateway,gateway_B,gatewayB,2,ESP32->RPi,deserialize,115,0.143,2,esp32_edge_normal_1,0,normal
11:02:34.803,120.4,gateway,gateway_B,gatewayB,2,ESP32->RPi,deserialize,114,0.146,2,esp32_edge_normal_3,0,normal
11:02:39.162,124.7,gateway,gateway_B,gatewayB,2,ESP32->RPi,deserialize,114,0.149,2,esp32_edge_normal_2,0,normal
11:02:39.506,125.1,gateway,gateway_B,gatewayB,2,ESP32->RPi,deserialize,112,0.239,2,esp32_edge_normal_1,0,normal
11:02:39.802,125.4,gateway,gateway_B,gatewayB,2,ESP32->RPi,deserialize,118,0.226,2,esp32_edge_normal_3,0,normal
11:02:44.160,129.7,gateway,gateway_B,gatewayB,2,ESP32->RPi,deserialize,121,0.141,2,esp32_edge_normal_2,0,normal
11:02:44.525,130.1,gateway,gateway_B,gatewayB,2,ESP32->RPi,deserialize,114,0.151,2,esp32_edge_normal_1,0,normal
11:02:44.803,130.4,gateway,gateway_B,gatewayB,2,ESP32->RPi,deserialize,118,0.131,2,esp32_edge_normal_3,0,normal
11:02:49.162,134.7,gateway,gateway_B,gatewayB,2,ESP32->RPi,deserialize,108,0.144,2,esp32_edge_normal_2,0,normal
11:02:49.510,135.1,gateway,gateway_B,gatewayB,2,ESP32->RPi,deserialize,115,0.146,2,esp32_edge_normal_1,0,normal
11:02:49.801,135.4,gateway,gateway_B,gatewayB,2,ESP32->RPi,deserialize,118,0.145,2,esp32_edge_normal_3,0,normal
11:02:54.160,139.7,gateway,gateway_B,gatewayB,2,ESP32->RPi,deserialize,114,0.147,2,esp32_edge_normal_2,0,normal
11:02:54.506,140.1,gateway,gateway_B,gatewayB,2,ESP32->RPi,deserialize,117,0.148,2,esp32_edge_normal_1,0,normal
11:02:54.806,140.4,gateway,gateway_B,gatewayB,2,ESP32->RPi,deserialize,117,0.146,2,esp32_edge_normal_3,0,normal
11:02:59.166,144.7,gateway,gateway_B,gatewayB,2,ESP32->RPi,deserialize,117,0.148,2,esp32_edge_normal_2,0,normal
11:02:59.504,145.1,gateway,gateway_B,gatewayB,2,ESP32->RPi,deserialize,121,0.146,2,esp32_edge_normal_1,0,normal
11:02:59.828,145.4,gateway,gateway_B,gatewayB,2,ESP32->RPi,deserialize,121,0.121,2,esp32_edge_normal_3,0,normal
11:03:04.181,149.7,gateway,gateway_B,gatewayB,2,ESP32->RPi,deserialize,115,0.145,2,esp32_edge_normal_2,0,normal
11:03:04.506,150.1,gateway,gateway_B,gatewayB,2,ESP32->RPi,deserialize,114,0.143,2,esp32_edge_normal_1,0,normal
11:03:05.437,151.0,gateway,gateway_B,gatewayB,2,RPi->PC,serialize,3637,0.432,2,,,
11:03:05.718,151.3,gateway,gateway_B,gatewayB,2,PC->RPi,deserialize,3541,0.227,2,,,
11:03:05.724,151.3,gateway,gateway_B,gatewayB,2,RPi->ESP32,serialize,3541,0.38,3,,,
11:03:05.757,151.3,gateway,gateway_B,gatewayB,2,ESP32->RPi,deserialize,113,0.065,3,esp32_edge_normal_3,0,normal
11:03:09.164,154.7,gateway,gateway_B,gatewayB,2,ESP32->RPi,deserialize,119,0.071,3,esp32_edge_normal_2,0,normal
11:03:09.502,155.1,gateway,gateway_B,gatewayB,2,ESP32->RPi,deserialize,115,0.07,3,esp32_edge_normal_1,0,normal
11:03:09.800,155.4,gateway,gateway_B,gatewayB,2,ESP32->RPi,deserialize,115,0.143,3,esp32_edge_normal_3,0,normal
11:03:14.166,159.7,gateway,gateway_B,gatewayB,2,ESP32->RPi,deserialize,114,0.144,3,esp32_edge_normal_2,0,normal
11:03:14.512,160.1,gateway,gateway_B,gatewayB,2,ESP32->RPi,deserialize,119,0.147,3,esp32_edge_normal_1,0,normal
11:03:14.803,160.4,gateway,gateway_B,gatewayB,2,ESP32->RPi,deserialize,120,0.147,3,esp32_edge_normal_3,0,normal
11:03:19.160,164.7,gateway,gateway_B,gatewayB,2,ESP32->RPi,deserialize,116,0.145,3,esp32_edge_normal_2,0,normal
11:03:19.513,165.1,gateway,gateway_B,gatewayB,2,ESP32->RPi,deserialize,120,0.147,3,esp32_edge_normal_1,0,normal
11:03:19.799,165.4,gateway,gateway_B,gatewayB,2,ESP32->RPi,deserialize,115,0.105,3,esp32_edge_normal_3,0,normal
11:03:24.201,169.8,gateway,gateway_B,gatewayB,2,ESP32->RPi,deserialize,115,0.068,3,esp32_edge_normal_2,0,normal
11:03:25.186,170.8,gateway,gateway_B,gatewayB,2,ESP32->RPi,deserialize,118,0.068,3,esp32_edge_normal_3,0,normal
11:03:25.786,171.4,gateway,gateway_B,gatewayB,2,ESP32->RPi,deserialize,112,0.067,3,esp32_edge_normal_1,0,normal
11:03:29.161,174.7,gateway,gateway_B,gatewayB,2,ESP32->RPi,deserialize,118,0.145,3,esp32_edge_normal_2,0,normal
11:03:29.504,175.1,gateway,gateway_B,gatewayB,2,ESP32->RPi,deserialize,114,0.147,3,esp32_edge_normal_1,0,normal
11:03:29.806,175.4,gateway,gateway_B,gatewayB,2,ESP32->RPi,deserialize,114,0.152,3,esp32_edge_normal_3,0,normal
11:03:34.164,179.7,gateway,gateway_B,gatewayB,2,ESP32->RPi,deserialize,118,0.15,3,esp32_edge_normal_2,0,normal
11:03:34.503,180.1,gateway,gateway_B,gatewayB,2,ESP32->RPi,deserialize,118,0.147,3,esp32_edge_normal_1,0,normal
11:03:34.799,180.4,gateway,gateway_B,gatewayB,2,ESP32->RPi,deserialize,107,0.143,3,esp32_edge_normal_3,0,normal
11:03:39.179,184.7,gateway,gateway_B,gatewayB,2,ESP32->RPi,deserialize,114,0.15,3,esp32_edge_normal_2,0,normal
11:03:39.545,185.1,gateway,gateway_B,gatewayB,2,ESP32->RPi,deserialize,120,0.143,3,esp32_edge_normal_1,0,normal
11:03:39.818,185.4,gateway,gateway_B,gatewayB,2,ESP32->RPi,deserialize,119,0.124,3,esp32_edge_normal_3,0,normal
11:03:44.161,189.7,gateway,gateway_B,gatewayB,2,ESP32->RPi,deserialize,115,0.144,3,esp32_edge_normal_2,0,normal
11:03:44.502,190.1,gateway,gateway_B,gatewayB,2,ESP32->RPi,deserialize,115,0.146,3,esp32_edge_normal_1,0,normal
11:03:44.806,190.4,gateway,gateway_B,gatewayB,2,ESP32->RPi,deserialize,117,0.142,3,esp32_edge_normal_3,0,normal
11:03:49.159,194.7,gateway,gateway_B,gatewayB,2,ESP32->RPi,deserialize,108,0.143,3,esp32_edge_normal_2,0,normal
11:03:49.502,195.1,gateway,gateway_B,gatewayB,2,ESP32->RPi,deserialize,117,0.147,3,esp32_edge_normal_1,0,normal
11:03:49.799,195.4,gateway,gateway_B,gatewayB,2,ESP32->RPi,deserialize,117,0.143,3,esp32_edge_normal_3,0,normal
11:03:54.159,199.7,gateway,gateway_B,gatewayB,2,ESP32->RPi,deserialize,113,0.143,3,esp32_edge_normal_2,0,normal
11:03:54.503,200.1,gateway,gateway_B,gatewayB,2,ESP32->RPi,deserialize,121,0.143,3,esp32_edge_normal_1,0,normal
11:03:55.734,201.3,gateway,gateway_B,gatewayB,2,RPi->PC,serialize,3655,0.475,3,,,
11:03:55.823,201.4,gateway,gateway_B,gatewayB,2,PC->RPi,deserialize,3536,0.272,3,,,
11:03:55.830,201.4,gateway,gateway_B,gatewayB,2,RPi->ESP32,serialize,3536,0.372,4,,,
11:03:55.847,201.4,gateway,gateway_B,gatewayB,2,ESP32->RPi,deserialize,117,0.089,4,esp32_edge_normal_3,0,normal
11:03:59.166,204.7,gateway,gateway_B,gatewayB,2,ESP32->RPi,deserialize,117,0.068,4,esp32_edge_normal_2,0,normal
11:03:59.502,205.1,gateway,gateway_B,gatewayB,2,ESP32->RPi,deserialize,117,0.069,4,esp32_edge_normal_1,0,normal
11:03:59.803,205.4,gateway,gateway_B,gatewayB,2,ESP32->RPi,deserialize,118,0.145,4,esp32_edge_normal_3,0,normal
11:04:04.160,209.7,gateway,gateway_B,gatewayB,2,ESP32->RPi,deserialize,117,0.148,4,esp32_edge_normal_2,0,normal
11:04:04.502,210.1,gateway,gateway_B,gatewayB,2,ESP32->RPi,deserialize,115,0.154,4,esp32_edge_normal_1,0,normal
11:04:04.805,210.4,gateway,gateway_B,gatewayB,2,ESP32->RPi,deserialize,120,0.149,4,esp32_edge_normal_3,0,normal
11:04:09.159,214.7,gateway,gateway_B,gatewayB,2,ESP32->RPi,deserialize,119,0.147,4,esp32_edge_normal_2,0,normal
11:04:09.503,215.1,gateway,gateway_B,gatewayB,2,ESP32->RPi,deserialize,118,0.148,4,esp32_edge_normal_1,0,normal
11:04:09.804,215.4,gateway,gateway_B,gatewayB,2,ESP32->RPi,deserialize,119,0.146,4,esp32_edge_normal_3,0,normal
11:04:14.159,219.7,gateway,gateway_B,gatewayB,2,ESP32->RPi,deserialize,120,0.204,4,esp32_edge_normal_2,0,normal
11:04:14.505,220.1,gateway,gateway_B,gatewayB,2,ESP32->RPi,deserialize,119,0.154,4,esp32_edge_normal_1,0,normal
11:04:14.798,220.4,gateway,gateway_B,gatewayB,2,ESP32->RPi,deserialize,116,0.227,4,esp32_edge_normal_3,0,normal
11:04:19.159,224.7,gateway,gateway_B,gatewayB,2,ESP32->RPi,deserialize,114,0.132,4,esp32_edge_normal_2,0,normal
11:04:19.501,225.1,gateway,gateway_B,gatewayB,2,ESP32->RPi,deserialize,121,0.146,4,esp32_edge_normal_1,0,normal
11:04:19.800,225.4,gateway,gateway_B,gatewayB,2,ESP32->RPi,deserialize,120,0.151,4,esp32_edge_normal_3,0,normal
11:04:24.268,229.8,gateway,gateway_B,gatewayB,2,ESP32->RPi,deserialize,115,0.145,4,esp32_edge_normal_2,0,normal
11:04:24.574,230.1,gateway,gateway_B,gatewayB,2,ESP32->RPi,deserialize,121,0.114,4,esp32_edge_normal_1,0,normal
11:04:24.917,230.5,gateway,gateway_B,gatewayB,2,ESP32->RPi,deserialize,115,0.149,4,esp32_edge_normal_3,0,normal
11:04:29.159,234.7,gateway,gateway_B,gatewayB,2,ESP32->RPi,deserialize,120,0.128,4,esp32_edge_normal_2,0,normal
11:04:29.506,235.1,gateway,gateway_B,gatewayB,2,ESP32->RPi,deserialize,116,0.146,4,esp32_edge_normal_1,0,normal
11:04:29.799,235.4,gateway,gateway_B,gatewayB,2,ESP32->RPi,deserialize,117,0.146,4,esp32_edge_normal_3,0,normal
11:04:34.165,239.7,gateway,gateway_B,gatewayB,2,ESP32->RPi,deserialize,118,0.148,4,esp32_edge_normal_2,0,normal
11:04:34.501,240.1,gateway,gateway_B,gatewayB,2,ESP32->RPi,deserialize,119,0.146,4,esp32_edge_normal_1,0,normal
11:04:34.798,240.4,gateway,gateway_B,gatewayB,2,ESP32->RPi,deserialize,116,0.151,4,esp32_edge_normal_3,0,normal
11:04:39.158,244.7,gateway,gateway_B,gatewayB,2,ESP32->RPi,deserialize,121,0.15,4,esp32_edge_normal_2,0,normal
11:04:39.501,245.1,gateway,gateway_B,gatewayB,2,ESP32->RPi,deserialize,120,0.143,4,esp32_edge_normal_1,0,normal
11:04:39.803,245.4,gateway,gateway_B,gatewayB,2,ESP32->RPi,deserialize,120,0.146,4,esp32_edge_normal_3,0,normal
11:04:44.160,249.7,gateway,gateway_B,gatewayB,2,ESP32->RPi,deserialize,115,0.146,4,esp32_edge_normal_2,0,normal
11:04:44.525,250.1,gateway,gateway_B,gatewayB,2,ESP32->RPi,deserialize,116,0.145,4,esp32_edge_normal_1,0,normal
11:04:45.461,251.0,gateway,gateway_B,gatewayB,2,RPi->PC,serialize,3617,0.474,4,,,
11:04:45.489,251.1,gateway,gateway_B,gatewayB,2,ESP32->RPi,deserialize,116,0.092,4,esp32_edge_normal_3,0,normal
11:04:47.163,252.7,gateway,gateway_B,gatewayB,2,PC->RPi,deserialize,3528,0.232,4,,,
11:04:47.170,252.7,gateway,gateway_B,gatewayB,2,RPi->ESP32,serialize,3528,0.353,5,,,
11:04:49.162,254.7,gateway,gateway_B,gatewayB,2,ESP32->RPi,deserialize,115,0.068,5,esp32_edge_normal_2,0,normal
11:04:49.502,255.1,gateway,gateway_B,gatewayB,2,ESP32->RPi,deserialize,120,0.069,5,esp32_edge_normal_1,0,normal
11:04:49.800,255.4,gateway,gateway_B,gatewayB,2,ESP32->RPi,deserialize,119,0.116,5,esp32_edge_normal_3,0,normal
11:04:54.156,259.7,gateway,gateway_B,gatewayB,2,ESP32->RPi,deserialize,117,0.069,5,esp32_edge_normal_2,0,normal
11:04:54.508,260.1,gateway,gateway_B,gatewayB,2,ESP32->RPi,deserialize,117,0.067,5,esp32_edge_normal_1,0,normal
11:04:54.800,260.4,gateway,gateway_B,gatewayB,2,ESP32->RPi,deserialize,116,0.07,5,esp32_edge_normal_3,0,normal
11:04:59.189,264.8,gateway,gateway_B,gatewayB,2,ESP32->RPi,deserialize,117,0.146,5,esp32_edge_normal_2,0,normal
11:04:59.717,265.3,gateway,gateway_B,gatewayB,2,ESP32->RPi,deserialize,117,0.147,5,esp32_edge_normal_1,0,normal
11:04:59.825,265.4,gateway,gateway_B,gatewayB,2,ESP32->RPi,deserialize,117,0.106,5,esp32_edge_normal_3,0,normal
11:05:04.161,269.7,gateway,gateway_B,gatewayB,2,ESP32->RPi,deserialize,117,0.148,5,esp32_edge_normal_2,0,normal
11:05:04.505,270.1,gateway,gateway_B,gatewayB,2,ESP32->RPi,deserialize,121,0.12,5,esp32_edge_normal_1,0,normal
11:05:04.802,270.4,gateway,gateway_B,gatewayB,2,ESP32->RPi,deserialize,118,0.115,5,esp32_edge_normal_3,0,normal
11:05:09.159,274.7,gateway,gateway_B,gatewayB,2,ESP32->RPi,deserialize,117,0.143,5,esp32_edge_normal_2,0,normal
11:05:09.503,275.1,gateway,gateway_B,gatewayB,2,ESP32->RPi,deserialize,107,0.145,5,esp32_edge_normal_1,0,normal
11:05:14.160,279.7,gateway,gateway_B,gatewayB,2,ESP32->RPi,deserialize,121,0.144,5,esp32_edge_normal_2,0,normal
11:05:14.513,280.1,gateway,gateway_B,gatewayB,2,ESP32->RPi,deserialize,120,0.155,5,esp32_edge_normal_1,0,normal
11:05:19.160,284.7,gateway,gateway_B,gatewayB,2,ESP32->RPi,deserialize,119,0.14,5,esp32_edge_normal_2,0,normal
11:05:19.502,285.1,gateway,gateway_B,gatewayB,2,ESP32->RPi,deserialize,119,0.147,5,esp32_edge_normal_1,0,normal
11:05:24.180,289.7,gateway,gateway_B,gatewayB,2,ESP32->RPi,deserialize,121,0.149,5,esp32_edge_normal_2,0,normal
11:05:24.503,290.1,gateway,gateway_B,gatewayB,2,ESP32->RPi,deserialize,115,0.145,5,esp32_edge_normal_1,0,normal
11:05:29.156,294.7,gateway,gateway_B,gatewayB,2,ESP32->RPi,deserialize,116,0.146,5,esp32_edge_normal_2,0,normal
11:05:29.499,295.1,gateway,gateway_B,gatewayB,2,ESP32->RPi,deserialize,114,0.148,5,esp32_edge_normal_1,0,normal
11:05:34.156,299.7,gateway,gateway_B,gatewayB,2,ESP32->RPi,deserialize,117,0.145,5,esp32_edge_normal_2,0,normal
11:05:34.501,300.1,gateway,gateway_B,gatewayB,2,ESP32->RPi,deserialize,118,0.147,5,esp32_edge_normal_1,0,normal
11:05:38.159,303.7,gateway,gateway_B,gatewayB,2,ESP32->RPi,deserialize,113,0.147,5,esp32_edge_simulator_1,1,mqtt_bruteforce
11:05:39.158,304.7,gateway,gateway_B,gatewayB,2,ESP32->RPi,deserialize,121,0.144,5,esp32_edge_normal_2,0,normal
11:05:39.503,305.1,gateway,gateway_B,gatewayB,2,ESP32->RPi,deserialize,114,0.15,5,esp32_edge_normal_1,0,normal
11:05:43.176,308.7,gateway,gateway_B,gatewayB,2,ESP32->RPi,deserialize,112,0.147,5,esp32_edge_simulator_1,1,mqtt_bruteforce
11:05:44.158,309.7,gateway,gateway_B,gatewayB,2,ESP32->RPi,deserialize,118,0.146,5,esp32_edge_normal_2,0,normal
11:05:45.106,310.7,gateway,gateway_B,gatewayB,2,RPi->PC,serialize,3636,0.772,5,,,
11:05:45.177,310.7,gateway,gateway_B,gatewayB,2,PC->RPi,deserialize,3532,0.301,5,,,
11:05:45.184,310.8,gateway,gateway_B,gatewayB,2,RPi->ESP32,serialize,3532,0.371,6,,,
11:05:45.194,310.8,gateway,gateway_B,gatewayB,2,ESP32->RPi,deserialize,117,0.118,6,esp32_edge_normal_1,0,normal
11:05:48.195,313.8,gateway,gateway_B,gatewayB,2,ESP32->RPi,deserialize,122,0.07,6,esp32_edge_simulator_1,0,normal
11:05:49.155,314.7,gateway,gateway_B,gatewayB,2,ESP32->RPi,deserialize,115,0.067,6,esp32_edge_normal_2,0,normal
11:05:49.499,315.1,gateway,gateway_B,gatewayB,2,ESP32->RPi,deserialize,114,0.147,6,esp32_edge_normal_1,0,normal
11:05:53.212,318.8,gateway,gateway_B,gatewayB,2,ESP32->RPi,deserialize,113,0.148,6,esp32_edge_simulator_1,1,mqtt_bruteforce
11:05:54.159,319.7,gateway,gateway_B,gatewayB,2,ESP32->RPi,deserialize,120,0.147,6,esp32_edge_normal_2,0,normal
11:05:54.507,320.1,gateway,gateway_B,gatewayB,2,ESP32->RPi,deserialize,117,0.15,6,esp32_edge_normal_1,0,normal
11:05:58.128,323.7,gateway,gateway_B,gatewayB,2,ESP32->RPi,deserialize,107,0.147,6,esp32_edge_simulator_1,2,scan_A
11:05:59.157,324.7,gateway,gateway_B,gatewayB,2,ESP32->RPi,deserialize,120,0.143,6,esp32_edge_normal_2,0,normal
11:05:59.499,325.1,gateway,gateway_B,gatewayB,2,ESP32->RPi,deserialize,114,0.148,6,esp32_edge_normal_1,0,normal
11:06:03.108,328.7,gateway,gateway_B,gatewayB,2,ESP32->RPi,deserialize,108,0.12,6,esp32_edge_simulator_1,2,scan_A
11:06:04.154,329.7,gateway,gateway_B,gatewayB,2,ESP32->RPi,deserialize,116,0.068,6,esp32_edge_normal_2,0,normal
11:06:04.499,330.1,gateway,gateway_B,gatewayB,2,ESP32->RPi,deserialize,121,0.069,6,esp32_edge_normal_1,0,normal
11:06:08.099,333.7,gateway,gateway_B,gatewayB,2,ESP32->RPi,deserialize,120,0.147,6,esp32_edge_simulator_1,0,normal
11:06:09.158,334.7,gateway,gateway_B,gatewayB,2,ESP32->RPi,deserialize,119,0.067,6,esp32_edge_normal_2,0,normal
11:06:09.498,335.1,gateway,gateway_B,gatewayB,2,ESP32->RPi,deserialize,120,0.068,6,esp32_edge_normal_1,0,normal
11:06:13.106,338.7,gateway,gateway_B,gatewayB,2,ESP32->RPi,deserialize,108,0.07,6,esp32_edge_simulator_1,1,mqtt_bruteforce
11:06:14.159,339.7,gateway,gateway_B,gatewayB,2,ESP32->RPi,deserialize,121,0.147,6,esp32_edge_normal_2,0,normal
11:06:14.500,340.1,gateway,gateway_B,gatewayB,2,ESP32->RPi,deserialize,119,0.148,6,esp32_edge_normal_1,0,normal
11:06:18.198,343.8,gateway,gateway_B,gatewayB,2,ESP32->RPi,deserialize,107,0.142,6,esp32_edge_simulator_1,2,scan_A
11:06:19.156,344.7,gateway,gateway_B,gatewayB,2,ESP32->RPi,deserialize,113,0.144,6,esp32_edge_normal_2,0,normal
11:06:19.504,345.1,gateway,gateway_B,gatewayB,2,ESP32->RPi,deserialize,116,0.142,6,esp32_edge_normal_1,0,normal
11:06:24.818,350.4,gateway,gateway_B,gatewayB,2,ESP32->RPi,deserialize,113,0.152,6,esp32_edge_normal_1,0,normal
11:06:27.641,353.2,gateway,gateway_B,gatewayB,2,ESP32->RPi,deserialize,109,0.149,6,esp32_edge_simulator_1,1,mqtt_bruteforce
11:06:28.114,353.7,gateway,gateway_B,gatewayB,2,ESP32->RPi,deserialize,114,0.241,6,esp32_edge_simulator_1,0,normal
11:06:28.486,354.1,gateway,gateway_B,gatewayB,2,ESP32->RPi,deserialize,118,0.147,6,esp32_edge_normal_2,0,normal
11:06:29.204,354.8,gateway,gateway_B,gatewayB,2,ESP32->RPi,deserialize,114,0.145,6,esp32_edge_normal_2,0,normal
11:06:29.579,355.1,gateway,gateway_B,gatewayB,2,ESP32->RPi,deserialize,121,0.146,6,esp32_edge_normal_1,0,normal
11:06:33.168,358.7,gateway,gateway_B,gatewayB,2,ESP32->RPi,deserialize,106,0.145,6,esp32_edge_simulator_1,2,scan_A
11:06:34.155,359.7,gateway,gateway_B,gatewayB,2,ESP32->RPi,deserialize,113,0.143,6,esp32_edge_normal_2,0,normal
11:06:35.246,360.8,gateway,gateway_B,gatewayB,2,RPi->PC,serialize,3640,0.488,6,,,
11:06:35.484,361.1,gateway,gateway_B,gatewayB,2,PC->RPi,deserialize,3526,0.248,6,,,
11:06:35.490,361.1,gateway,gateway_B,gatewayB,2,RPi->ESP32,serialize,3526,0.387,7,,,
11:06:35.578,361.1,gateway,gateway_B,gatewayB,2,ESP32->RPi,deserialize,117,0.061,7,esp32_edge_normal_1,0,normal
11:06:38.112,363.7,gateway,gateway_B,gatewayB,2,ESP32->RPi,deserialize,108,0.07,7,esp32_edge_simulator_1,2,scan_A
11:06:39.260,364.8,gateway,gateway_B,gatewayB,2,ESP32->RPi,deserialize,115,0.068,7,esp32_edge_normal_2,0,normal
11:06:39.540,365.1,gateway,gateway_B,gatewayB,2,ESP32->RPi,deserialize,120,0.149,7,esp32_edge_normal_1,0,normal
11:06:43.187,368.8,gateway,gateway_B,gatewayB,2,ESP32->RPi,deserialize,118,0.149,7,esp32_edge_simulator_1,0,normal
11:06:44.166,369.7,gateway,gateway_B,gatewayB,2,ESP32->RPi,deserialize,120,0.148,7,esp32_edge_normal_2,0,normal
11:06:44.503,370.1,gateway,gateway_B,gatewayB,2,ESP32->RPi,deserialize,116,0.153,7,esp32_edge_normal_1,0,normal
11:06:48.158,373.7,gateway,gateway_B,gatewayB,2,ESP32->RPi,deserialize,111,0.15,7,esp32_edge_simulator_1,1,mqtt_bruteforce
11:06:49.162,374.7,gateway,gateway_B,gatewayB,2,ESP32->RPi,deserialize,115,0.147,7,esp32_edge_normal_2,0,normal
11:06:49.509,375.1,gateway,gateway_B,gatewayB,2,ESP32->RPi,deserialize,118,0.129,7,esp32_edge_normal_1,0,normal
11:06:53.116,378.7,gateway,gateway_B,gatewayB,2,ESP32->RPi,deserialize,81,0.128,7,esp32_edge_simulator_1,2,scan_A
11:06:54.156,379.7,gateway,gateway_B,gatewayB,2,ESP32->RPi,deserialize,120,0.201,7,esp32_edge_normal_2,0,normal
11:06:54.498,380.1,gateway,gateway_B,gatewayB,2,ESP32->RPi,deserialize,120,0.204,7,esp32_edge_normal_1,0,normal
11:06:58.112,383.7,gateway,gateway_B,gatewayB,2,ESP32->RPi,deserialize,122,0.064,7,esp32_edge_simulator_1,0,normal
11:06:59.395,385.0,gateway,gateway_B,gatewayB,2,ESP32->RPi,deserialize,114,0.069,7,esp32_edge_normal_2,0,normal
11:06:59.532,385.1,gateway,gateway_B,gatewayB,2,ESP32->RPi,deserialize,121,0.069,7,esp32_edge_normal_1,0,normal
11:07:03.128,388.7,gateway,gateway_B,gatewayB,2,ESP32->RPi,deserialize,120,0.147,7,esp32_edge_simulator_1,0,normal
11:07:04.155,389.7,gateway,gateway_B,gatewayB,2,ESP32->RPi,deserialize,116,0.143,7,esp32_edge_normal_2,0,normal
11:07:04.512,390.1,gateway,gateway_B,gatewayB,2,ESP32->RPi,deserialize,118,0.148,7,esp32_edge_normal_1,0,normal
11:07:08.191,393.8,gateway,gateway_B,gatewayB,2,ESP32->RPi,deserialize,113,0.149,7,esp32_edge_simulator_1,1,mqtt_bruteforce
11:07:09.158,394.7,gateway,gateway_B,gatewayB,2,ESP32->RPi,deserialize,114,0.22,7,esp32_edge_normal_2,0,normal
11:07:09.501,395.1,gateway,gateway_B,gatewayB,2,ESP32->RPi,deserialize,115,0.144,7,esp32_edge_normal_1,0,normal
11:07:13.143,398.7,gateway,gateway_B,gatewayB,2,ESP32->RPi,deserialize,81,0.137,7,esp32_edge_simulator_1,2,scan_A
11:07:14.155,399.7,gateway,gateway_B,gatewayB,2,ESP32->RPi,deserialize,119,0.2,7,esp32_edge_normal_2,0,normal
11:07:14.498,400.1,gateway,gateway_B,gatewayB,2,ESP32->RPi,deserialize,115,0.149,7,esp32_edge_normal_1,0,normal
11:07:18.108,403.7,gateway,gateway_B,gatewayB,2,ESP32->RPi,deserialize,116,0.145,7,esp32_edge_simulator_1,0,normal
11:07:19.290,404.9,gateway,gateway_B,gatewayB,2,ESP32->RPi,deserialize,117,0.148,7,esp32_edge_normal_2,0,normal
11:07:19.503,405.1,gateway,gateway_B,gatewayB,2,ESP32->RPi,deserialize,116,0.154,7,esp32_edge_normal_1,0,normal
11:07:24.292,409.9,gateway,gateway_B,gatewayB,2,ESP32->RPi,deserialize,120,0.144,7,esp32_edge_normal_2,0,normal
11:07:24.499,410.1,gateway,gateway_B,gatewayB,2,ESP32->RPi,deserialize,118,0.184,7,esp32_edge_normal_1,0,normal
11:07:25.436,411.0,gateway,gateway_B,gatewayB,2,RPi->PC,serialize,3640,0.446,7,,,
11:07:25.861,411.4,gateway,gateway_B,gatewayB,2,PC->RPi,deserialize,3536,0.254,7,,,
11:07:25.868,411.4,gateway,gateway_B,gatewayB,2,RPi->ESP32,serialize,3536,0.382,8,,,
11:07:25.893,411.5,gateway,gateway_B,gatewayB,2,ESP32->RPi,deserialize,111,0.092,8,esp32_edge_simulator_1,1,mqtt_bruteforce
11:07:28.137,413.7,gateway,gateway_B,gatewayB,2,ESP32->RPi,deserialize,114,0.07,8,esp32_edge_simulator_1,1,mqtt_bruteforce
11:07:29.155,414.7,gateway,gateway_B,gatewayB,2,ESP32->RPi,deserialize,116,0.07,8,esp32_edge_normal_2,0,normal
11:07:29.499,415.1,gateway,gateway_B,gatewayB,2,ESP32->RPi,deserialize,114,0.069,8,esp32_edge_normal_1,0,normal
11:07:33.102,418.7,gateway,gateway_B,gatewayB,2,ESP32->RPi,deserialize,119,0.154,8,esp32_edge_simulator_1,0,normal
11:07:34.184,419.8,gateway,gateway_B,gatewayB,2,ESP32->RPi,deserialize,115,0.15,8,esp32_edge_normal_2,0,normal
11:07:34.501,420.1,gateway,gateway_B,gatewayB,2,ESP32->RPi,deserialize,117,0.145,8,esp32_edge_normal_1,0,normal
11:07:38.100,423.7,gateway,gateway_B,gatewayB,2,ESP32->RPi,deserialize,123,0.149,8,esp32_edge_simulator_1,0,normal
11:07:39.153,424.7,gateway,gateway_B,gatewayB,2,ESP32->RPi,deserialize,115,0.144,8,esp32_edge_normal_2,0,normal
11:07:39.499,425.1,gateway,gateway_B,gatewayB,2,ESP32->RPi,deserialize,116,0.149,8,esp32_edge_normal_1,0,normal
11:07:43.105,428.7,gateway,gateway_B,gatewayB,2,ESP32->RPi,deserialize,119,0.148,8,esp32_edge_simulator_1,0,normal
11:07:44.153,429.7,gateway,gateway_B,gatewayB,2,ESP32->RPi,deserialize,115,0.146,8,esp32_edge_normal_2,0,normal
11:07:44.497,430.1,gateway,gateway_B,gatewayB,2,ESP32->RPi,deserialize,115,0.147,8,esp32_edge_normal_1,0,normal
11:07:48.208,433.8,gateway,gateway_B,gatewayB,2,ESP32->RPi,deserialize,117,0.148,8,esp32_edge_simulator_1,0,normal
11:07:49.156,434.7,gateway,gateway_B,gatewayB,2,ESP32->RPi,deserialize,115,0.146,8,esp32_edge_normal_2,0,normal
11:07:49.509,435.1,gateway,gateway_B,gatewayB,2,ESP32->RPi,deserialize,116,0.15,8,esp32_edge_normal_1,0,normal
11:07:53.105,438.7,gateway,gateway_B,gatewayB,2,ESP32->RPi,deserialize,106,0.146,8,esp32_edge_simulator_1,2,scan_A
11:07:54.154,439.7,gateway,gateway_B,gatewayB,2,ESP32->RPi,deserialize,118,0.221,8,esp32_edge_normal_2,0,normal
11:07:54.499,440.1,gateway,gateway_B,gatewayB,2,ESP32->RPi,deserialize,115,0.15,8,esp32_edge_normal_1,0,normal
11:07:58.109,443.7,gateway,gateway_B,gatewayB,2,ESP32->RPi,deserialize,108,0.148,8,esp32_edge_simulator_1,2,scan_A
11:07:59.156,444.7,gateway,gateway_B,gatewayB,2,ESP32->RPi,deserialize,114,0.151,8,esp32_edge_normal_2,0,normal
11:07:59.500,445.1,gateway,gateway_B,gatewayB,2,ESP32->RPi,deserialize,118,0.144,8,esp32_edge_normal_1,0,normal
11:08:03.105,448.7,gateway,gateway_B,gatewayB,2,ESP32->RPi,deserialize,110,0.148,8,esp32_edge_simulator_1,1,mqtt_bruteforce
11:08:04.154,449.7,gateway,gateway_B,gatewayB,2,ESP32->RPi,deserialize,114,0.145,8,esp32_edge_normal_2,0,normal
11:08:04.497,450.1,gateway,gateway_B,gatewayB,2,ESP32->RPi,deserialize,118,0.148,8,esp32_edge_normal_1,0,normal
11:08:08.176,453.7,gateway,gateway_B,gatewayB,2,ESP32->RPi,deserialize,81,0.129,8,esp32_edge_simulator_1,2,scan_A
11:08:09.154,454.7,gateway,gateway_B,gatewayB,2,ESP32->RPi,deserialize,117,0.214,8,esp32_edge_normal_2,0,normal
11:08:09.496,455.1,gateway,gateway_B,gatewayB,2,ESP32->RPi,deserialize,121,0.147,8,esp32_edge_normal_1,0,normal
11:08:13.105,458.7,gateway,gateway_B,gatewayB,2,ESP32->RPi,deserialize,106,0.119,8,esp32_edge_simulator_1,2,scan_A
11:08:14.153,459.7,gateway,gateway_B,gatewayB,2,ESP32->RPi,deserialize,115,0.15,8,esp32_edge_normal_2,0,normal
11:08:15.061,460.6,gateway,gateway_B,gatewayB,2,RPi->PC,serialize,3641,0.467,8,,,
11:08:15.151,460.7,gateway,gateway_B,gatewayB,2,PC->RPi,deserialize,3530,0.263,8,,,
11:08:15.158,460.7,gateway,gateway_B,gatewayB,2,RPi->ESP32,serialize,3530,0.41,9,,,
11:08:15.168,460.7,gateway,gateway_B,gatewayB,2,ESP32->RPi,deserialize,115,0.08,9,esp32_edge_normal_1,0,normal
11:08:18.109,463.7,gateway,gateway_B,gatewayB,2,ESP32->RPi,deserialize,124,0.068,9,esp32_edge_simulator_1,0,normal
11:08:19.153,464.7,gateway,gateway_B,gatewayB,2,ESP32->RPi,deserialize,119,0.071,9,esp32_edge_normal_2,0,normal
11:08:19.496,465.1,gateway,gateway_B,gatewayB,2,ESP32->RPi,deserialize,117,0.148,9,esp32_edge_normal_1,0,normal
11:08:23.194,468.8,gateway,gateway_B,gatewayB,2,ESP32->RPi,deserialize,121,0.249,9,esp32_edge_simulator_1,0,normal
11:08:24.153,469.7,gateway,gateway_B,gatewayB,2,ESP32->RPi,deserialize,117,0.074,9,esp32_edge_normal_2,0,normal
11:08:24.496,470.1,gateway,gateway_B,gatewayB,2,ESP32->RPi,deserialize,119,0.121,9,esp32_edge_normal_1,0,normal
11:08:28.117,473.7,gateway,gateway_B,gatewayB,2,ESP32->RPi,deserialize,113,0.072,9,esp32_edge_simulator_1,1,mqtt_bruteforce
11:08:29.152,474.7,gateway,gateway_B,gatewayB,2,ESP32->RPi,deserialize,113,0.151,9,esp32_edge_normal_2,0,normal
11:08:29.502,475.1,gateway,gateway_B,gatewayB,2,ESP32->RPi,deserialize,121,0.303,9,esp32_edge_normal_1,0,normal
11:08:33.162,478.7,gateway,gateway_B,gatewayB,2,ESP32->RPi,deserialize,81,0.135,9,esp32_edge_simulator_1,2,scan_A
11:08:34.154,479.7,gateway,gateway_B,gatewayB,2,ESP32->RPi,deserialize,115,0.218,9,esp32_edge_normal_2,0,normal
11:08:34.497,480.1,gateway,gateway_B,gatewayB,2,ESP32->RPi,deserialize,119,0.147,9,esp32_edge_normal_1,0,normal
11:08:38.183,483.8,gateway,gateway_B,gatewayB,2,ESP32->RPi,deserialize,123,0.144,9,esp32_edge_simulator_1,0,normal
11:08:39.161,484.7,gateway,gateway_B,gatewayB,2,ESP32->RPi,deserialize,114,0.147,9,esp32_edge_normal_2,0,normal
11:08:39.498,485.1,gateway,gateway_B,gatewayB,2,ESP32->RPi,deserialize,120,0.15,9,esp32_edge_normal_1,0,normal
11:08:43.197,488.8,gateway,gateway_B,gatewayB,2,ESP32->RPi,deserialize,122,0.129,9,esp32_edge_simulator_1,0,normal
11:08:44.155,489.7,gateway,gateway_B,gatewayB,2,ESP32->RPi,deserialize,120,0.145,9,esp32_edge_normal_2,0,normal
11:08:44.497,490.1,gateway,gateway_B,gatewayB,2,ESP32->RPi,deserialize,113,0.147,9,esp32_edge_normal_1,0,normal
11:08:48.104,493.7,gateway,gateway_B,gatewayB,2,ESP32->RPi,deserialize,81,0.139,9,esp32_edge_simulator_1,2,scan_A
11:08:49.152,494.7,gateway,gateway_B,gatewayB,2,ESP32->RPi,deserialize,120,0.148,9,esp32_edge_normal_2,0,normal
11:08:49.495,495.1,gateway,gateway_B,gatewayB,2,ESP32->RPi,deserialize,115,0.143,9,esp32_edge_normal_1,0,normal
11:08:53.130,498.7,gateway,gateway_B,gatewayB,2,ESP32->RPi,deserialize,110,0.145,9,esp32_edge_simulator_1,1,mqtt_bruteforce
11:08:54.159,499.7,gateway,gateway_B,gatewayB,2,ESP32->RPi,deserialize,116,0.165,9,esp32_edge_normal_2,0,normal
11:08:54.496,500.1,gateway,gateway_B,gatewayB,2,ESP32->RPi,deserialize,115,0.143,9,esp32_edge_normal_1,0,normal
11:08:58.150,503.7,gateway,gateway_B,gatewayB,2,ESP32->RPi,deserialize,123,0.146,9,esp32_edge_simulator_1,0,normal
11:08:59.225,504.8,gateway,gateway_B,gatewayB,2,ESP32->RPi,deserialize,120,0.145,9,esp32_edge_normal_2,0,normal
11:08:59.498,505.1,gateway,gateway_B,gatewayB,2,ESP32->RPi,deserialize,117,0.145,9,esp32_edge_normal_1,0,normal
11:09:03.268,508.8,gateway,gateway_B,gatewayB,2,ESP32->RPi,deserialize,108,0.147,9,esp32_edge_simulator_1,1,mqtt_bruteforce
11:09:04.166,509.7,gateway,gateway_B,gatewayB,2,ESP32->RPi,deserialize,107,0.199,9,esp32_edge_normal_2,0,normal
11:09:05.114,510.7,gateway,gateway_B,gatewayB,2,RPi->PC,serialize,3635,0.485,9,,,
11:09:05.442,511.0,gateway,gateway_B,gatewayB,2,PC->RPi,deserialize,3531,0.252,9,,,
11:09:05.449,511.0,gateway,gateway_B,gatewayB,2,RPi->ESP32,serialize,3531,0.372,10,,,
11:09:05.535,511.1,gateway,gateway_B,gatewayB,2,ESP32->RPi,deserialize,115,0.062,10,esp32_edge_normal_1,0,normal
11:09:08.182,513.8,gateway,gateway_B,gatewayB,2,ESP32->RPi,deserialize,118,0.068,10,esp32_edge_simulator_1,0,normal
11:09:09.154,514.7,gateway,gateway_B,gatewayB,2,ESP32->RPi,deserialize,114,0.069,10,esp32_edge_normal_2,0,normal
11:09:09.494,515.1,gateway,gateway_B,gatewayB,2,ESP32->RPi,deserialize,115,0.152,10,esp32_edge_normal_1,0,normal
11:09:13.099,518.7,gateway,gateway_B,gatewayB,2,ESP32->RPi,deserialize,122,0.151,10,esp32_edge_simulator_1,0,normal
11:09:14.159,519.7,gateway,gateway_B,gatewayB,2,ESP32->RPi,deserialize,117,0.069,10,esp32_edge_normal_2,0,normal
11:09:14.496,520.1,gateway,gateway_B,gatewayB,2,ESP32->RPi,deserialize,120,0.072,10,esp32_edge_normal_1,0,normal
11:09:18.115,523.7,gateway,gateway_B,gatewayB,2,ESP32->RPi,deserialize,111,0.072,10,esp32_edge_simulator_1,1,mqtt_bruteforce
11:09:19.154,524.7,gateway,gateway_B,gatewayB,2,ESP32->RPi,deserialize,117,0.144,10,esp32_edge_normal_2,0,normal
11:09:19.495,525.1,gateway,gateway_B,gatewayB,2,ESP32->RPi,deserialize,116,0.121,10,esp32_edge_normal_1,0,normal
11:09:23.191,528.8,gateway,gateway_B,gatewayB,2,ESP32->RPi,deserialize,119,0.144,10,esp32_edge_simulator_1,0,normal
11:09:24.206,529.8,gateway,gateway_B,gatewayB,2,ESP32->RPi,deserialize,113,0.153,10,esp32_edge_normal_2,0,normal
11:09:24.504,530.1,gateway,gateway_B,gatewayB,2,ESP32->RPi,deserialize,113,0.148,10,esp32_edge_normal_1,0,normal
11:09:28.151,533.7,gateway,gateway_B,gatewayB,2,ESP32->RPi,deserialize,120,0.15,10,esp32_edge_simulator_1,0,normal
11:09:29.157,534.7,gateway,gateway_B,gatewayB,2,ESP32->RPi,deserialize,119,0.144,10,esp32_edge_normal_2,0,normal
11:09:29.496,535.1,gateway,gateway_B,gatewayB,2,ESP32->RPi,deserialize,114,0.15,10,esp32_edge_normal_1,0,normal
11:09:33.169,538.7,gateway,gateway_B,gatewayB,2,ESP32->RPi,deserialize,101,0.147,10,esp32_edge_simulator_1,2,scan_A
11:09:34.152,539.7,gateway,gateway_B,gatewayB,2,ESP32->RPi,deserialize,117,0.15,10,esp32_edge_normal_2,0,normal
11:09:34.503,540.1,gateway,gateway_B,gatewayB,2,ESP32->RPi,deserialize,117,0.146,10,esp32_edge_normal_1,0,normal
11:09:38.187,543.8,gateway,gateway_B,gatewayB,2,ESP32->RPi,deserialize,108,0.148,10,esp32_edge_simulator_1,2,scan_A
11:09:39.152,544.7,gateway,gateway_B,gatewayB,2,ESP32->RPi,deserialize,116,0.123,10,esp32_edge_normal_2,0,normal
11:09:39.500,545.1,gateway,gateway_B,gatewayB,2,ESP32->RPi,deserialize,116,0.143,10,esp32_edge_normal_1,0,normal
11:09:43.206,548.8,gateway,gateway_B,gatewayB,2,ESP32->RPi,deserialize,107,0.152,10,esp32_edge_simulator_1,2,scan_A
11:09:44.151,549.7,gateway,gateway_B,gatewayB,2,ESP32->RPi,deserialize,116,0.145,10,esp32_edge_normal_2,0,normal
11:09:44.502,550.1,gateway,gateway_B,gatewayB,2,ESP32->RPi,deserialize,119,0.199,10,esp32_edge_normal_1,0,normal
11:09:48.120,553.7,gateway,gateway_B,gatewayB,2,ESP32->RPi,deserialize,122,0.148,10,esp32_edge_simulator_1,0,normal
11:09:49.152,554.7,gateway,gateway_B,gatewayB,2,ESP32->RPi,deserialize,118,0.145,10,esp32_edge_normal_2,0,normal
11:09:49.503,555.1,gateway,gateway_B,gatewayB,2,ESP32->RPi,deserialize,116,0.146,10,esp32_edge_normal_1,0,normal
11:09:53.137,558.7,gateway,gateway_B,gatewayB,2,ESP32->RPi,deserialize,81,0.134,10,esp32_edge_simulator_1,2,scan_A
11:09:54.154,559.7,gateway,gateway_B,gatewayB,2,ESP32->RPi,deserialize,119,0.146,10,esp32_edge_normal_2,0,normal
11:09:55.240,560.8,gateway,gateway_B,gatewayB,2,RPi->PC,serialize,3630,0.415,10,,,
11:09:55.327,560.9,gateway,gateway_B,gatewayB,2,PC->RPi,deserialize,3532,0.217,10,,,
11:09:55.333,560.9,gateway,gateway_B,gatewayB,2,RPi->ESP32,serialize,3532,0.381,11,,,
11:09:55.350,560.9,gateway,gateway_B,gatewayB,2,ESP32->RPi,deserialize,114,0.063,11,esp32_edge_normal_1,0,normal
11:09:58.095,563.7,gateway,gateway_B,gatewayB,2,ESP32->RPi,deserialize,121,0.07,11,esp32_edge_simulator_1,0,normal
11:09:59.151,564.7,gateway,gateway_B,gatewayB,2,ESP32->RPi,deserialize,120,0.067,11,esp32_edge_normal_2,0,normal
11:09:59.495,565.1,gateway,gateway_B,gatewayB,2,ESP32->RPi,deserialize,115,0.146,11,esp32_edge_normal_1,0,normal
11:10:03.098,568.7,gateway,gateway_B,gatewayB,2,ESP32->RPi,deserialize,119,0.145,11,esp32_edge_simulator_1,0,normal
11:10:04.151,569.7,gateway,gateway_B,gatewayB,2,ESP32->RPi,deserialize,117,0.146,11,esp32_edge_normal_2,0,normal
11:10:04.493,570.1,gateway,gateway_B,gatewayB,2,ESP32->RPi,deserialize,115,0.147,11,esp32_edge_normal_1,0,normal
11:10:08.103,573.7,gateway,gateway_B,gatewayB,2,ESP32->RPi,deserialize,123,0.147,11,esp32_edge_simulator_1,0,normal
11:10:09.152,574.7,gateway,gateway_B,gatewayB,2,ESP32->RPi,deserialize,115,0.144,11,esp32_edge_normal_2,0,normal
11:10:09.494,575.1,gateway,gateway_B,gatewayB,2,ESP32->RPi,deserialize,115,0.223,11,esp32_edge_normal_1,0,normal
11:10:13.213,578.8,gateway,gateway_B,gatewayB,2,ESP32->RPi,deserialize,107,0.145,11,esp32_edge_simulator_1,2,scan_A
11:10:14.151,579.7,gateway,gateway_B,gatewayB,2,ESP32->RPi,deserialize,119,0.067,11,esp32_edge_normal_2,0,normal
11:10:14.493,580.1,gateway,gateway_B,gatewayB,2,ESP32->RPi,deserialize,113,0.084,11,esp32_edge_normal_1,0,normal
11:10:18.122,583.7,gateway,gateway_B,gatewayB,2,ESP32->RPi,deserialize,107,0.07,11,esp32_edge_simulator_1,1,mqtt_bruteforce
11:10:19.153,584.7,gateway,gateway_B,gatewayB,2,ESP32->RPi,deserialize,116,0.148,11,esp32_edge_normal_2,0,normal
11:10:19.492,585.1,gateway,gateway_B,gatewayB,2,ESP32->RPi,deserialize,115,0.183,11,esp32_edge_normal_1,0,normal
11:10:23.201,588.8,gateway,gateway_B,gatewayB,2,ESP32->RPi,deserialize,108,0.122,11,esp32_edge_simulator_1,2,scan_A
11:10:24.222,589.8,gateway,gateway_B,gatewayB,2,ESP32->RPi,deserialize,116,0.148,11,esp32_edge_normal_2,0,normal
11:10:24.520,590.1,gateway,gateway_B,gatewayB,2,ESP32->RPi,deserialize,114,0.147,11,esp32_edge_normal_1,0,normal
11:10:28.163,593.7,gateway,gateway_B,gatewayB,2,ESP32->RPi,deserialize,81,0.091,11,esp32_edge_simulator_1,2,scan_A
11:10:29.150,594.7,gateway,gateway_B,gatewayB,2,ESP32->RPi,deserialize,117,0.185,11,esp32_edge_normal_2,0,normal
11:10:29.495,595.1,gateway,gateway_B,gatewayB,2,ESP32->RPi,deserialize,117,0.121,11,esp32_edge_normal_1,0,normal
11:10:33.104,598.7,gateway,gateway_B,gatewayB,2,ESP32->RPi,deserialize,113,0.197,11,esp32_edge_simulator_1,1,mqtt_bruteforce
11:10:34.160,599.7,gateway,gateway_B,gatewayB,2,ESP32->RPi,deserialize,119,0.068,11,esp32_edge_normal_2,0,normal
11:10:34.497,600.1,gateway,gateway_B,gatewayB,2,ESP32->RPi,deserialize,118,0.068,11,esp32_edge_normal_1,0,normal
11:10:38.102,603.7,gateway,gateway_B,gatewayB,2,ESP32->RPi,deserialize,107,0.15,11,esp32_edge_simulator_1,2,scan_A
11:10:39.165,604.7,gateway,gateway_B,gatewayB,2,ESP32->RPi,deserialize,117,0.069,11,esp32_edge_normal_2,0,normal
11:10:39.501,605.1,gateway,gateway_B,gatewayB,2,ESP32->RPi,deserialize,112,0.069,11,esp32_edge_normal_1,0,normal
11:10:43.101,608.7,gateway,gateway_B,gatewayB,2,ESP32->RPi,deserialize,81,0.063,11,esp32_edge_simulator_1,2,scan_A
11:10:44.150,609.7,gateway,gateway_B,gatewayB,2,ESP32->RPi,deserialize,113,0.147,11,esp32_edge_normal_2,0,normal
11:10:45.091,610.7,gateway,gateway_B,gatewayB,2,RPi->PC,serialize,3631,0.499,11,,,
11:10:45.152,610.7,gateway,gateway_B,gatewayB,2,PC->RPi,deserialize,3517,0.301,11,,,
11:10:45.160,610.7,gateway,gateway_B,gatewayB,2,RPi->ESP32,serialize,3517,0.36,12,,,
11:10:45.179,610.7,gateway,gateway_B,gatewayB,2,ESP32->RPi,deserialize,120,0.101,12,esp32_edge_normal_1,0,normal
11:10:48.104,613.7,gateway,gateway_B,gatewayB,2,ESP32->RPi,deserialize,108,0.069,12,esp32_edge_simulator_1,2,scan_A
11:10:49.242,614.8,gateway,gateway_B,gatewayB,2,ESP32->RPi,deserialize,119,0.171,12,esp32_edge_normal_2,0,normal
11:10:49.495,615.1,gateway,gateway_B,gatewayB,2,ESP32->RPi,deserialize,117,0.146,12,esp32_edge_normal_1,0,normal
11:10:53.145,618.7,gateway,gateway_B,gatewayB,2,ESP32->RPi,deserialize,118,0.146,12,esp32_edge_simulator_1,0,normal
11:10:54.149,619.7,gateway,gateway_B,gatewayB,2,ESP32->RPi,deserialize,114,0.147,12,esp32_edge_normal_2,0,normal
11:10:54.492,620.1,gateway,gateway_B,gatewayB,2,ESP32->RPi,deserialize,115,0.156,12,esp32_edge_normal_1,0,normal
11:10:58.101,623.7,gateway,gateway_B,gatewayB,2,ESP32->RPi,deserialize,107,0.148,12,esp32_edge_simulator_1,2,scan_A
11:10:59.149,624.7,gateway,gateway_B,gatewayB,2,ESP32->RPi,deserialize,117,0.145,12,esp32_edge_normal_2,0,normal
11:10:59.493,625.1,gateway,gateway_B,gatewayB,2,ESP32->RPi,deserialize,121,0.147,12,esp32_edge_normal_1,0,normal
11:11:03.102,628.7,gateway,gateway_B,gatewayB,2,ESP32->RPi,deserialize,119,0.147,12,esp32_edge_simulator_1,0,normal
11:11:04.153,629.7,gateway,gateway_B,gatewayB,2,ESP32->RPi,deserialize,115,0.149,12,esp32_edge_normal_2,0,normal
11:11:04.493,630.1,gateway,gateway_B,gatewayB,2,ESP32->RPi,deserialize,119,0.146,12,esp32_edge_normal_1,0,normal
11:11:08.103,633.7,gateway,gateway_B,gatewayB,2,ESP32->RPi,deserialize,119,0.149,12,esp32_edge_simulator_1,0,normal
11:11:09.151,634.7,gateway,gateway_B,gatewayB,2,ESP32->RPi,deserialize,121,0.194,12,esp32_edge_normal_2,0,normal
11:11:09.495,635.1,gateway,gateway_B,gatewayB,2,ESP32->RPi,deserialize,121,0.147,12,esp32_edge_normal_1,0,normal
11:11:13.113,638.7,gateway,gateway_B,gatewayB,2,ESP32->RPi,deserialize,124,0.149,12,esp32_edge_simulator_1,0,normal
11:11:14.151,639.7,gateway,gateway_B,gatewayB,2,ESP32->RPi,deserialize,114,0.145,12,esp32_edge_normal_2,0,normal
11:11:14.493,640.1,gateway,gateway_B,gatewayB,2,ESP32->RPi,deserialize,121,0.15,12,esp32_edge_normal_1,0,normal
11:11:18.105,643.7,gateway,gateway_B,gatewayB,2,ESP32->RPi,deserialize,81,0.134,12,esp32_edge_simulator_1,2,scan_A
11:11:19.162,644.7,gateway,gateway_B,gatewayB,2,ESP32->RPi,deserialize,115,0.149,12,esp32_edge_normal_2,0,normal
11:11:19.492,645.1,gateway,gateway_B,gatewayB,2,ESP32->RPi,deserialize,119,0.148,12,esp32_edge_normal_1,0,normal
11:11:23.198,648.8,gateway,gateway_B,gatewayB,2,ESP32->RPi,deserialize,123,0.252,12,esp32_edge_simulator_1,0,normal
11:11:24.254,649.8,gateway,gateway_B,gatewayB,2,ESP32->RPi,deserialize,116,0.213,12,esp32_edge_normal_2,0,normal
11:11:24.522,650.1,gateway,gateway_B,gatewayB,2,ESP32->RPi,deserialize,116,0.146,12,esp32_edge_normal_1,0,normal
11:11:28.178,653.7,gateway,gateway_B,gatewayB,2,ESP32->RPi,deserialize,106,0.148,12,esp32_edge_simulator_1,2,scan_A
11:11:29.174,654.7,gateway,gateway_B,gatewayB,2,ESP32->RPi,deserialize,117,0.146,12,esp32_edge_normal_2,0,normal
11:11:29.540,655.1,gateway,gateway_B,gatewayB,2,ESP32->RPi,deserialize,120,0.146,12,esp32_edge_normal_1,0,normal
11:11:33.193,658.8,gateway,gateway_B,gatewayB,2,ESP32->RPi,deserialize,113,0.148,12,esp32_edge_simulator_1,1,mqtt_bruteforce
11:11:34.163,659.7,gateway,gateway_B,gatewayB,2,ESP32->RPi,deserialize,115,0.148,12,esp32_edge_normal_2,0,normal
11:11:35.138,660.7,gateway,gateway_B,gatewayB,2,RPi->PC,serialize,3632,0.481,12,,,
11:11:35.516,661.1,gateway,gateway_B,gatewayB,2,PC->RPi,deserialize,3517,0.232,12,,,
11:11:35.522,661.1,gateway,gateway_B,gatewayB,2,RPi->ESP32,serialize,3517,0.417,13,,,
11:11:35.533,661.1,gateway,gateway_B,gatewayB,2,ESP32->RPi,deserialize,121,0.061,13,esp32_edge_normal_1,0,normal
11:11:38.091,663.7,gateway,gateway_B,gatewayB,2,ESP32->RPi,deserialize,119,0.065,13,esp32_edge_simulator_1,0,normal
11:11:39.154,664.7,gateway,gateway_B,gatewayB,2,ESP32->RPi,deserialize,115,0.066,13,esp32_edge_normal_2,0,normal
11:11:39.503,665.1,gateway,gateway_B,gatewayB,2,ESP32->RPi,deserialize,118,0.149,13,esp32_edge_normal_1,0,normal
11:11:43.135,668.7,gateway,gateway_B,gatewayB,2,ESP32->RPi,deserialize,113,0.152,13,esp32_edge_simulator_1,1,mqtt_bruteforce
11:11:44.172,669.7,gateway,gateway_B,gatewayB,2,ESP32->RPi,deserialize,119,0.15,13,esp32_edge_normal_2,0,normal
11:11:44.499,670.1,gateway,gateway_B,gatewayB,2,ESP32->RPi,deserialize,113,0.149,13,esp32_edge_normal_1,0,normal
11:11:48.134,673.7,gateway,gateway_B,gatewayB,2,ESP32->RPi,deserialize,113,0.069,13,esp32_edge_simulator_1,1,mqtt_bruteforce
11:11:49.157,674.7,gateway,gateway_B,gatewayB,2,ESP32->RPi,deserialize,121,0.066,13,esp32_edge_normal_2,0,normal
11:11:49.495,675.1,gateway,gateway_B,gatewayB,2,ESP32->RPi,deserialize,106,0.065,13,esp32_edge_normal_1,0,normal
11:11:53.152,678.7,gateway,gateway_B,gatewayB,2,ESP32->RPi,deserialize,113,0.148,13,esp32_edge_simulator_1,1,mqtt_bruteforce
11:11:54.155,679.7,gateway,gateway_B,gatewayB,2,ESP32->RPi,deserialize,120,0.146,13,esp32_edge_normal_2,0,normal
11:11:54.491,680.1,gateway,gateway_B,gatewayB,2,ESP32->RPi,deserialize,113,0.147,13,esp32_edge_normal_1,0,normal
11:11:58.101,683.7,gateway,gateway_B,gatewayB,2,ESP32->RPi,deserialize,112,0.069,13,esp32_edge_simulator_1,1,mqtt_bruteforce
11:11:59.151,684.7,gateway,gateway_B,gatewayB,2,ESP32->RPi,deserialize,121,0.07,13,esp32_edge_normal_2,0,normal
11:11:59.490,685.1,gateway,gateway_B,gatewayB,2,ESP32->RPi,deserialize,113,0.068,13,esp32_edge_normal_1,0,normal
11:12:03.107,688.7,gateway,gateway_B,gatewayB,2,ESP32->RPi,deserialize,81,0.136,13,esp32_edge_simulator_1,2,scan_A
11:12:04.150,689.7,gateway,gateway_B,gatewayB,2,ESP32->RPi,deserialize,114,0.146,13,esp32_edge_normal_2,0,normal
11:12:04.492,690.1,gateway,gateway_B,gatewayB,2,ESP32->RPi,deserialize,114,0.149,13,esp32_edge_normal_1,0,normal
11:12:08.205,693.8,gateway,gateway_B,gatewayB,2,ESP32->RPi,deserialize,107,0.147,13,esp32_edge_simulator_1,2,scan_A
11:12:09.150,694.7,gateway,gateway_B,gatewayB,2,ESP32->RPi,deserialize,115,0.237,13,esp32_edge_normal_2,0,normal
11:12:09.490,695.1,gateway,gateway_B,gatewayB,2,ESP32->RPi,deserialize,116,0.148,13,esp32_edge_normal_1,0,normal
11:12:13.121,698.7,gateway,gateway_B,gatewayB,2,ESP32->RPi,deserialize,113,0.151,13,esp32_edge_simulator_1,1,mqtt_bruteforce
11:12:14.149,699.7,gateway,gateway_B,gatewayB,2,ESP32->RPi,deserialize,107,0.146,13,esp32_edge_normal_2,0,normal
11:12:14.495,700.1,gateway,gateway_B,gatewayB,2,ESP32->RPi,deserialize,113,0.149,13,esp32_edge_normal_1,0,normal
11:12:18.138,703.7,gateway,gateway_B,gatewayB,2,ESP32->RPi,deserialize,122,0.149,13,esp32_edge_simulator_1,0,normal
11:12:19.155,704.7,gateway,gateway_B,gatewayB,2,ESP32->RPi,deserialize,118,0.144,13,esp32_edge_normal_2,0,normal
11:12:19.491,705.1,gateway,gateway_B,gatewayB,2,ESP32->RPi,deserialize,116,0.151,13,esp32_edge_normal_1,0,normal
11:12:23.192,708.8,gateway,gateway_B,gatewayB,2,ESP32->RPi,deserialize,107,0.15,13,esp32_edge_simulator_1,2,scan_A
11:12:24.227,709.8,gateway,gateway_B,gatewayB,2,ESP32->RPi,deserialize,120,0.149,13,esp32_edge_normal_2,0,normal
11:12:25.160,710.7,gateway,gateway_B,gatewayB,2,RPi->PC,serialize,3637,0.445,13,,,
11:12:25.340,710.9,gateway,gateway_B,gatewayB,2,PC->RPi,deserialize,3528,0.233,13,,,
11:12:25.346,710.9,gateway,gateway_B,gatewayB,2,RPi->ESP32,serialize,3528,0.398,14,,,
11:12:25.357,710.9,gateway,gateway_B,gatewayB,2,ESP32->RPi,deserialize,121,0.078,14,esp32_edge_normal_1,0,normal
11:12:28.172,713.7,gateway,gateway_B,gatewayB,2,ESP32->RPi,deserialize,112,0.069,14,esp32_edge_simulator_1,1,mqtt_bruteforce
11:12:29.164,714.7,gateway,gateway_B,gatewayB,2,ESP32->RPi,deserialize,114,0.066,14,esp32_edge_normal_2,0,normal
11:12:29.490,715.1,gateway,gateway_B,gatewayB,2,ESP32->RPi,deserialize,114,0.149,14,esp32_edge_normal_1,0,normal
11:12:33.190,718.8,gateway,gateway_B,gatewayB,2,ESP32->RPi,deserialize,81,0.134,14,esp32_edge_simulator_1,2,scan_A
11:12:34.148,719.7,gateway,gateway_B,gatewayB,2,ESP32->RPi,deserialize,121,0.146,14,esp32_edge_normal_2,0,normal
11:12:34.489,720.1,gateway,gateway_B,gatewayB,2,ESP32->RPi,deserialize,116,0.145,14,esp32_edge_normal_1,0,normal
11:12:38.208,723.8,gateway,gateway_B,gatewayB,2,ESP32->RPi,deserialize,107,0.147,14,esp32_edge_simulator_1,2,scan_A
11:12:39.149,724.7,gateway,gateway_B,gatewayB,2,ESP32->RPi,deserialize,116,0.2,14,esp32_edge_normal_2,0,normal
11:12:39.492,725.1,gateway,gateway_B,gatewayB,2,ESP32->RPi,deserialize,118,0.143,14,esp32_edge_normal_1,0,normal
11:12:43.100,728.7,gateway,gateway_B,gatewayB,2,ESP32->RPi,deserialize,113,0.153,14,esp32_edge_simulator_1,1,mqtt_bruteforce
11:12:44.148,729.7,gateway,gateway_B,gatewayB,2,ESP32->RPi,deserialize,121,0.121,14,esp32_edge_normal_2,0,normal
11:12:44.490,730.1,gateway,gateway_B,gatewayB,2,ESP32->RPi,deserialize,120,0.234,14,esp32_edge_normal_1,0,normal
11:12:48.099,733.7,gateway,gateway_B,gatewayB,2,ESP32->RPi,deserialize,107,0.131,14,esp32_edge_simulator_1,2,scan_A
11:12:49.150,734.7,gateway,gateway_B,gatewayB,2,ESP32->RPi,deserialize,118,0.146,14,esp32_edge_normal_2,0,normal
11:12:49.489,735.1,gateway,gateway_B,gatewayB,2,ESP32->RPi,deserialize,106,0.139,14,esp32_edge_normal_1,0,normal
11:12:53.159,738.7,gateway,gateway_B,gatewayB,2,ESP32->RPi,deserialize,118,0.144,14,esp32_edge_simulator_1,0,normal
11:12:54.148,739.7,gateway,gateway_B,gatewayB,2,ESP32->RPi,deserialize,119,0.144,14,esp32_edge_normal_2,0,normal
11:12:54.491,740.1,gateway,gateway_B,gatewayB,2,ESP32->RPi,deserialize,115,0.15,14,esp32_edge_normal_1,0,normal
11:12:58.177,743.7,gateway,gateway_B,gatewayB,2,ESP32->RPi,deserialize,120,0.149,14,esp32_edge_simulator_1,0,normal
11:12:59.147,744.7,gateway,gateway_B,gatewayB,2,ESP32->RPi,deserialize,117,0.146,14,esp32_edge_normal_2,0,normal
11:12:59.491,745.1,gateway,gateway_B,gatewayB,2,ESP32->RPi,deserialize,118,0.145,14,esp32_edge_normal_1,0,normal
11:13:03.194,748.8,gateway,gateway_B,gatewayB,2,ESP32->RPi,deserialize,124,0.149,14,esp32_edge_simulator_1,0,normal
11:13:04.148,749.7,gateway,gateway_B,gatewayB,2,ESP32->RPi,deserialize,121,0.13,14,esp32_edge_normal_2,0,normal
11:13:04.490,750.1,gateway,gateway_B,gatewayB,2,ESP32->RPi,deserialize,115,0.261,14,esp32_edge_normal_1,0,normal
11:13:08.108,753.7,gateway,gateway_B,gatewayB,2,ESP32->RPi,deserialize,101,0.13,14,esp32_edge_simulator_1,2,scan_A
11:13:09.153,754.7,gateway,gateway_B,gatewayB,2,ESP32->RPi,deserialize,117,0.146,14,esp32_edge_normal_2,0,normal
11:13:09.490,755.1,gateway,gateway_B,gatewayB,2,ESP32->RPi,deserialize,115,0.146,14,esp32_edge_normal_1,0,normal
11:13:13.130,758.7,gateway,gateway_B,gatewayB,2,ESP32->RPi,deserialize,124,0.15,14,esp32_edge_simulator_1,0,normal
11:13:14.150,759.7,gateway,gateway_B,gatewayB,2,ESP32->RPi,deserialize,121,0.146,14,esp32_edge_normal_2,0,normal
11:13:15.096,760.7,gateway,gateway_B,gatewayB,2,RPi->PC,serialize,3624,0.453,14,,,
11:13:15.156,760.7,gateway,gateway_B,gatewayB,2,PC->RPi,deserialize,3533,0.24,14,,,
11:13:15.164,760.7,gateway,gateway_B,gatewayB,2,RPi->ESP32,serialize,3533,0.415,15,,,
11:13:15.200,760.8,gateway,gateway_B,gatewayB,2,ESP32->RPi,deserialize,116,0.121,15,esp32_edge_normal_1,0,normal
11:13:18.149,763.7,gateway,gateway_B,gatewayB,2,ESP32->RPi,deserialize,112,0.07,15,esp32_edge_simulator_1,1,mqtt_bruteforce
11:13:19.145,764.7,gateway,gateway_B,gatewayB,2,ESP32->RPi,deserialize,111,0.073,15,esp32_edge_normal_2,0,normal
11:13:19.493,765.1,gateway,gateway_B,gatewayB,2,ESP32->RPi,deserialize,120,0.153,15,esp32_edge_normal_1,0,normal
11:13:23.200,768.8,gateway,gateway_B,gatewayB,2,ESP32->RPi,deserialize,119,0.155,15,esp32_edge_simulator_1,0,normal
11:13:24.185,769.8,gateway,gateway_B,gatewayB,2,ESP32->RPi,deserialize,117,0.097,15,esp32_edge_normal_2,0,normal
11:13:24.532,770.1,gateway,gateway_B,gatewayB,2,ESP32->RPi,deserialize,119,0.159,15,esp32_edge_normal_1,0,normal
11:13:28.121,773.7,gateway,gateway_B,gatewayB,2,ESP32->RPi,deserialize,113,0.149,15,esp32_edge_simulator_1,1,mqtt_bruteforce
11:13:29.150,774.7,gateway,gateway_B,gatewayB,2,ESP32->RPi,deserialize,117,0.149,15,esp32_edge_normal_2,0,normal
11:13:29.489,775.1,gateway,gateway_B,gatewayB,2,ESP32->RPi,deserialize,116,0.148,15,esp32_edge_normal_1,0,normal
11:13:33.197,778.8,gateway,gateway_B,gatewayB,2,ESP32->RPi,deserialize,107,0.149,15,esp32_edge_simulator_1,2,scan_A
11:13:34.149,779.7,gateway,gateway_B,gatewayB,2,ESP32->RPi,deserialize,114,0.089,15,esp32_edge_normal_2,0,normal
11:13:34.493,780.1,gateway,gateway_B,gatewayB,2,ESP32->RPi,deserialize,117,0.152,15,esp32_edge_normal_1,0,normal
11:13:38.112,783.7,gateway,gateway_B,gatewayB,2,ESP32->RPi,deserialize,107,0.153,15,esp32_edge_simulator_1,2,scan_A
11:13:39.147,784.7,gateway,gateway_B,gatewayB,2,ESP32->RPi,deserialize,115,0.148,15,esp32_edge_normal_2,0,normal
11:13:39.487,785.1,gateway,gateway_B,gatewayB,2,ESP32->RPi,deserialize,117,0.147,15,esp32_edge_normal_1,0,normal
11:13:43.131,788.7,gateway,gateway_B,gatewayB,2,ESP32->RPi,deserialize,123,0.15,15,esp32_edge_simulator_1,0,normal
11:13:44.149,789.7,gateway,gateway_B,gatewayB,2,ESP32->RPi,deserialize,117,0.13,15,esp32_edge_normal_2,0,normal
11:13:44.491,790.1,gateway,gateway_B,gatewayB,2,ESP32->RPi,deserialize,112,0.15,15,esp32_edge_normal_1,0,normal
11:13:48.148,793.7,gateway,gateway_B,gatewayB,2,ESP32->RPi,deserialize,107,0.144,15,esp32_edge_simulator_1,2,scan_A
11:13:49.148,794.7,gateway,gateway_B,gatewayB,2,ESP32->RPi,deserialize,116,0.147,15,esp32_edge_normal_2,0,normal
11:13:49.487,795.1,gateway,gateway_B,gatewayB,2,ESP32->RPi,deserialize,107,0.141,15,esp32_edge_normal_1,0,normal
11:13:53.166,798.7,gateway,gateway_B,gatewayB,2,ESP32->RPi,deserialize,115,0.199,15,esp32_edge_simulator_1,0,normal
11:13:54.146,799.7,gateway,gateway_B,gatewayB,2,ESP32->RPi,deserialize,120,0.149,15,esp32_edge_normal_2,0,normal
11:13:54.489,800.1,gateway,gateway_B,gatewayB,2,ESP32->RPi,deserialize,121,0.145,15,esp32_edge_normal_1,0,normal
11:13:58.096,803.7,gateway,gateway_B,gatewayB,2,ESP32->RPi,deserialize,107,0.069,15,esp32_edge_simulator_1,1,mqtt_bruteforce
11:13:59.146,804.7,gateway,gateway_B,gatewayB,2,ESP32->RPi,deserialize,113,0.069,15,esp32_edge_normal_2,0,normal
11:13:59.487,805.1,gateway,gateway_B,gatewayB,2,ESP32->RPi,deserialize,115,0.067,15,esp32_edge_normal_1,0,normal
11:14:03.102,808.7,gateway,gateway_B,gatewayB,2,ESP32->RPi,deserialize,113,0.237,15,esp32_edge_simulator_1,1,mqtt_bruteforce
11:14:04.150,809.7,gateway,gateway_B,gatewayB,2,ESP32->RPi,deserialize,120,0.251,15,esp32_edge_normal_2,0,normal
11:14:05.378,810.9,gateway,gateway_B,gatewayB,2,RPi->PC,serialize,3640,0.475,15,,,
11:14:05.514,811.1,gateway,gateway_B,gatewayB,2,PC->RPi,deserialize,3539,0.23,15,,,
11:14:05.521,811.1,gateway,gateway_B,gatewayB,2,RPi->ESP32,serialize,3539,0.354,16,,,
11:14:05.534,811.1,gateway,gateway_B,gatewayB,2,ESP32->RPi,deserialize,117,0.08,16,esp32_edge_normal_1,0,normal
11:14:08.096,813.7,gateway,gateway_B,gatewayB,2,ESP32->RPi,deserialize,81,0.061,16,esp32_edge_simulator_1,2,scan_A
11:14:09.145,814.7,gateway,gateway_B,gatewayB,2,ESP32->RPi,deserialize,116,0.068,16,esp32_edge_normal_2,0,normal
11:14:09.490,815.1,gateway,gateway_B,gatewayB,2,ESP32->RPi,deserialize,114,0.146,16,esp32_edge_normal_1,0,normal
11:14:13.134,818.7,gateway,gateway_B,gatewayB,2,ESP32->RPi,deserialize,112,0.15,16,esp32_edge_simulator_1,1,mqtt_bruteforce
11:14:14.145,819.7,gateway,gateway_B,gatewayB,2,ESP32->RPi,deserialize,113,0.15,16,esp32_edge_normal_2,0,normal
11:14:14.489,820.1,gateway,gateway_B,gatewayB,2,ESP32->RPi,deserialize,116,0.146,16,esp32_edge_normal_1,0,normal
11:14:18.156,823.7,gateway,gateway_B,gatewayB,2,ESP32->RPi,deserialize,123,0.15,16,esp32_edge_simulator_1,0,normal
11:14:19.145,824.7,gateway,gateway_B,gatewayB,2,ESP32->RPi,deserialize,117,0.148,16,esp32_edge_normal_2,0,normal
11:14:19.488,825.1,gateway,gateway_B,gatewayB,2,ESP32->RPi,deserialize,117,0.144,16,esp32_edge_normal_1,0,normal
11:14:23.209,828.8,gateway,gateway_B,gatewayB,2,ESP32->RPi,deserialize,105,0.144,16,esp32_edge_simulator_1,2,scan_A
11:14:24.241,829.8,gateway,gateway_B,gatewayB,2,ESP32->RPi,deserialize,116,0.128,16,esp32_edge_normal_2,0,normal
11:14:24.541,830.1,gateway,gateway_B,gatewayB,2,ESP32->RPi,deserialize,117,0.144,16,esp32_edge_normal_1,0,normal
11:14:28.192,833.8,gateway,gateway_B,gatewayB,2,ESP32->RPi,deserialize,124,0.148,16,esp32_edge_simulator_1,0,normal
11:14:29.146,834.7,gateway,gateway_B,gatewayB,2,ESP32->RPi,deserialize,118,0.15,16,esp32_edge_normal_2,0,normal
11:14:29.489,835.1,gateway,gateway_B,gatewayB,2,ESP32->RPi,deserialize,117,0.145,16,esp32_edge_normal_1,0,normal
11:14:33.094,838.7,gateway,gateway_B,gatewayB,2,ESP32->RPi,deserialize,124,0.146,16,esp32_edge_simulator_1,0,normal
11:14:34.147,839.7,gateway,gateway_B,gatewayB,2,ESP32->RPi,deserialize,119,0.144,16,esp32_edge_normal_2,0,normal
11:14:34.489,840.1,gateway,gateway_B,gatewayB,2,ESP32->RPi,deserialize,121,0.15,16,esp32_edge_normal_1,0,normal
11:14:38.118,843.7,gateway,gateway_B,gatewayB,2,ESP32->RPi,deserialize,120,0.069,16,esp32_edge_simulator_1,0,normal
11:14:39.225,844.8,gateway,gateway_B,gatewayB,2,ESP32->RPi,deserialize,119,0.068,16,esp32_edge_normal_2,0,normal
11:14:39.486,845.1,gateway,gateway_B,gatewayB,2,ESP32->RPi,deserialize,115,0.068,16,esp32_edge_normal_1,0,normal
11:14:43.138,848.7,gateway,gateway_B,gatewayB,2,ESP32->RPi,deserialize,120,0.127,16,esp32_edge_simulator_1,0,normal
11:14:44.145,849.7,gateway,gateway_B,gatewayB,2,ESP32->RPi,deserialize,118,0.151,16,esp32_edge_normal_2,0,normal
11:14:44.486,850.1,gateway,gateway_B,gatewayB,2,ESP32->RPi,deserialize,113,0.249,16,esp32_edge_normal_1,0,normal
11:14:48.089,853.7,gateway,gateway_B,gatewayB,2,ESP32->RPi,deserialize,117,0.142,16,esp32_edge_simulator_1,0,normal
11:14:49.144,854.7,gateway,gateway_B,gatewayB,2,ESP32->RPi,deserialize,111,0.148,16,esp32_edge_normal_2,0,normal
11:14:49.487,855.1,gateway,gateway_B,gatewayB,2,ESP32->RPi,deserialize,119,0.145,16,esp32_edge_normal_1,0,normal
11:14:53.178,858.7,gateway,gateway_B,gatewayB,2,ESP32->RPi,deserialize,108,0.149,16,esp32_edge_simulator_1,2,scan_A
11:14:54.144,859.7,gateway,gateway_B,gatewayB,2,ESP32->RPi,deserialize,120,0.113,16,esp32_edge_normal_2,0,normal
11:14:55.134,860.7,gateway,gateway_B,gatewayB,2,RPi->PC,serialize,3634,0.532,16,,,
11:14:55.205,860.8,gateway,gateway_B,gatewayB,2,PC->RPi,deserialize,3530,0.218,16,,,
11:14:55.212,860.8,gateway,gateway_B,gatewayB,2,RPi->ESP32,serialize,3530,0.622,17,,,
11:14:55.239,860.8,gateway,gateway_B,gatewayB,2,ESP32->RPi,deserialize,115,0.098,17,esp32_edge_normal_1,0,normal
11:14:58.190,863.8,gateway,gateway_B,gatewayB,2,ESP32->RPi,deserialize,108,0.068,17,esp32_edge_simulator_1,1,mqtt_bruteforce
11:14:59.192,864.8,gateway,gateway_B,gatewayB,2,ESP32->RPi,deserialize,120,0.07,17,esp32_edge_normal_2,0,normal
11:14:59.488,865.1,gateway,gateway_B,gatewayB,2,ESP32->RPi,deserialize,120,0.151,17,esp32_edge_normal_1,0,normal
11:15:03.094,868.7,gateway,gateway_B,gatewayB,2,ESP32->RPi,deserialize,113,0.072,17,esp32_edge_simulator_1,1,mqtt_bruteforce
11:15:04.151,869.7,gateway,gateway_B,gatewayB,2,ESP32->RPi,deserialize,115,0.07,17,esp32_edge_normal_2,0,normal
11:15:04.484,870.1,gateway,gateway_B,gatewayB,2,ESP32->RPi,deserialize,112,0.072,17,esp32_edge_normal_1,0,normal
11:15:08.095,873.7,gateway,gateway_B,gatewayB,2,ESP32->RPi,deserialize,107,0.15,17,esp32_edge_simulator_1,2,scan_A
11:15:09.144,874.7,gateway,gateway_B,gatewayB,2,ESP32->RPi,deserialize,114,0.069,17,esp32_edge_normal_2,0,normal
11:15:09.488,875.1,gateway,gateway_B,gatewayB,2,ESP32->RPi,deserialize,113,0.07,17,esp32_edge_normal_1,0,normal
11:15:13.244,878.8,gateway,gateway_B,gatewayB,2,ESP32->RPi,deserialize,120,0.147,17,esp32_edge_simulator_1,0,normal
11:15:14.144,879.7,gateway,gateway_B,gatewayB,2,ESP32->RPi,deserialize,115,0.145,17,esp32_edge_normal_2,0,normal
11:15:14.494,880.1,gateway,gateway_B,gatewayB,2,ESP32->RPi,deserialize,115,0.146,17,esp32_edge_normal_1,0,normal
11:15:18.157,883.7,gateway,gateway_B,gatewayB,2,ESP32->RPi,deserialize,108,0.145,17,esp32_edge_simulator_1,2,scan_A
11:15:19.150,884.7,gateway,gateway_B,gatewayB,2,ESP32->RPi,deserialize,120,0.146,17,esp32_edge_normal_2,0,normal
11:15:19.488,885.1,gateway,gateway_B,gatewayB,2,ESP32->RPi,deserialize,113,0.15,17,esp32_edge_normal_1,0,normal
11:15:23.194,888.8,gateway,gateway_B,gatewayB,2,ESP32->RPi,deserialize,113,0.147,17,esp32_edge_simulator_1,1,mqtt_bruteforce
11:15:24.233,889.8,gateway,gateway_B,gatewayB,2,ESP32->RPi,deserialize,121,0.145,17,esp32_edge_normal_2,0,normal
11:15:24.548,890.1,gateway,gateway_B,gatewayB,2,ESP32->RPi,deserialize,120,0.146,17,esp32_edge_normal_1,0,normal
11:15:28.094,893.7,gateway,gateway_B,gatewayB,2,ESP32->RPi,deserialize,112,0.069,17,esp32_edge_simulator_1,1,mqtt_bruteforce
11:15:29.146,894.7,gateway,gateway_B,gatewayB,2,ESP32->RPi,deserialize,116,0.115,17,esp32_edge_normal_2,0,normal
11:15:29.483,895.1,gateway,gateway_B,gatewayB,2,ESP32->RPi,deserialize,117,0.067,17,esp32_edge_normal_1,0,normal
11:15:33.108,898.7,gateway,gateway_B,gatewayB,2,ESP32->RPi,deserialize,107,0.147,17,esp32_edge_simulator_1,2,scan_A
11:15:34.144,899.7,gateway,gateway_B,gatewayB,2,ESP32->RPi,deserialize,120,0.145,17,esp32_edge_normal_2,0,normal
11:15:34.483,900.1,gateway,gateway_B,gatewayB,2,ESP32->RPi,deserialize,115,0.146,17,esp32_edge_normal_1,0,normal
11:15:38.125,903.7,gateway,gateway_B,gatewayB,2,ESP32->RPi,deserialize,101,0.145,17,esp32_edge_simulator_1,2,scan_A
11:15:39.142,904.7,gateway,gateway_B,gatewayB,2,ESP32->RPi,deserialize,117,0.232,17,esp32_edge_normal_2,0,normal
11:15:39.490,905.1,gateway,gateway_B,gatewayB,2,ESP32->RPi,deserialize,116,0.151,17,esp32_edge_normal_1,0,normal
11:15:43.097,908.7,gateway,gateway_B,gatewayB,2,ESP32->RPi,deserialize,113,0.151,17,esp32_edge_simulator_1,1,mqtt_bruteforce
11:15:44.142,909.7,gateway,gateway_B,gatewayB,2,ESP32->RPi,deserialize,107,0.227,17,esp32_edge_normal_2,0,normal
11:15:45.067,910.6,gateway,gateway_B,gatewayB,2,RPi->PC,serialize,3648,0.456,17,,,
11:15:45.139,910.7,gateway,gateway_B,gatewayB,2,PC->RPi,deserialize,3526,0.234,17,,,
11:15:45.148,910.7,gateway,gateway_B,gatewayB,2,RPi->ESP32,serialize,3526,0.416,18,,,
11:15:45.170,910.7,gateway,gateway_B,gatewayB,2,ESP32->RPi,deserialize,119,0.065,18,esp32_edge_normal_1,0,normal
11:15:48.092,913.7,gateway,gateway_B,gatewayB,2,ESP32->RPi,deserialize,108,0.068,18,esp32_edge_simulator_1,1,mqtt_bruteforce
11:15:49.141,914.7,gateway,gateway_B,gatewayB,2,ESP32->RPi,deserialize,118,0.069,18,esp32_edge_normal_2,0,normal
11:15:49.483,915.1,gateway,gateway_B,gatewayB,2,ESP32->RPi,deserialize,115,0.148,18,esp32_edge_normal_1,0,normal
11:15:53.178,918.7,gateway,gateway_B,gatewayB,2,ESP32->RPi,deserialize,105,0.211,18,esp32_edge_simulator_1,2,scan_A
11:15:54.141,919.7,gateway,gateway_B,gatewayB,2,ESP32->RPi,deserialize,113,0.152,18,esp32_edge_normal_2,0,normal
11:15:54.485,920.1,gateway,gateway_B,gatewayB,2,ESP32->RPi,deserialize,115,0.147,18,esp32_edge_normal_1,0,normal
11:15:58.094,923.7,gateway,gateway_B,gatewayB,2,ESP32->RPi,deserialize,112,0.069,18,esp32_edge_simulator_1,1,mqtt_bruteforce
11:15:59.151,924.7,gateway,gateway_B,gatewayB,2,ESP32->RPi,deserialize,116,0.07,18,esp32_edge_normal_2,0,normal
11:15:59.484,925.1,gateway,gateway_B,gatewayB,2,ESP32->RPi,deserialize,113,0.069,18,esp32_edge_normal_1,0,normal
11:16:03.092,928.7,gateway,gateway_B,gatewayB,2,ESP32->RPi,deserialize,111,0.148,18,esp32_edge_simulator_1,1,mqtt_bruteforce
11:16:04.151,929.7,gateway,gateway_B,gatewayB,2,ESP32->RPi,deserialize,115,0.144,18,esp32_edge_normal_2,0,normal
11:16:04.485,930.1,gateway,gateway_B,gatewayB,2,ESP32->RPi,deserialize,119,0.124,18,esp32_edge_normal_1,0,normal
11:16:08.132,933.7,gateway,gateway_B,gatewayB,2,ESP32->RPi,deserialize,108,0.146,18,esp32_edge_simulator_1,1,mqtt_bruteforce
11:16:09.192,934.8,gateway,gateway_B,gatewayB,2,ESP32->RPi,deserialize,120,0.195,18,esp32_edge_normal_2,0,normal
11:16:09.484,935.1,gateway,gateway_B,gatewayB,2,ESP32->RPi,deserialize,117,0.142,18,esp32_edge_normal_1,0,normal
11:16:13.145,938.7,gateway,gateway_B,gatewayB,2,ESP32->RPi,deserialize,108,0.139,18,esp32_edge_simulator_1,2,scan_A
11:16:14.141,939.7,gateway,gateway_B,gatewayB,2,ESP32->RPi,deserialize,120,0.139,18,esp32_edge_normal_2,0,normal
11:16:14.518,940.1,gateway,gateway_B,gatewayB,2,ESP32->RPi,deserialize,115,0.308,18,esp32_edge_normal_1,0,normal
11:16:18.165,943.7,gateway,gateway_B,gatewayB,2,ESP32->RPi,deserialize,123,0.149,18,esp32_edge_simulator_1,0,normal
11:16:19.143,944.7,gateway,gateway_B,gatewayB,2,ESP32->RPi,deserialize,120,0.145,18,esp32_edge_normal_2,0,normal
11:16:19.484,945.1,gateway,gateway_B,gatewayB,2,ESP32->RPi,deserialize,117,0.15,18,esp32_edge_normal_1,0,normal
11:16:23.195,948.8,gateway,gateway_B,gatewayB,2,ESP32->RPi,deserialize,107,0.148,18,esp32_edge_simulator_1,2,scan_A
11:16:24.160,949.7,gateway,gateway_B,gatewayB,2,ESP32->RPi,deserialize,107,0.148,18,esp32_edge_normal_2,0,normal
11:16:24.481,950.0,gateway,gateway_B,gatewayB,2,ESP32->RPi,deserialize,116,0.132,18,esp32_edge_normal_1,0,normal
11:16:28.301,953.9,gateway,gateway_B,gatewayB,2,ESP32->RPi,deserialize,108,0.15,18,esp32_edge_simulator_1,1,mqtt_bruteforce
11:16:29.140,954.7,gateway,gateway_B,gatewayB,2,ESP32->RPi,deserialize,114,0.147,18,esp32_edge_normal_2,0,normal
11:16:29.492,955.1,gateway,gateway_B,gatewayB,2,ESP32->RPi,deserialize,116,0.144,18,esp32_edge_normal_1,0,normal
11:16:33.115,958.7,gateway,gateway_B,gatewayB,2,ESP32->RPi,deserialize,124,0.147,18,esp32_edge_simulator_1,0,normal
11:16:34.139,959.7,gateway,gateway_B,gatewayB,2,ESP32->RPi,deserialize,115,0.15,18,esp32_edge_normal_2,0,normal
11:16:35.286,960.9,gateway,gateway_B,gatewayB,2,RPi->PC,serialize,3651,0.576,18,,,
11:16:35.378,960.9,gateway,gateway_B,gatewayB,2,PC->RPi,deserialize,3525,0.259,18,,,
11:16:35.384,961.0,gateway,gateway_B,gatewayB,2,RPi->ESP32,serialize,3525,0.361,19,,,
11:16:35.394,961.0,gateway,gateway_B,gatewayB,2,ESP32->RPi,deserialize,119,0.079,19,esp32_edge_normal_1,0,normal
11:16:38.130,963.7,gateway,gateway_B,gatewayB,2,ESP32->RPi,deserialize,120,0.069,19,esp32_edge_simulator_1,0,normal
11:16:39.140,964.7,gateway,gateway_B,gatewayB,2,ESP32->RPi,deserialize,116,0.073,19,esp32_edge_normal_2,0,normal
11:16:39.481,965.0,gateway,gateway_B,gatewayB,2,ESP32->RPi,deserialize,120,0.153,19,esp32_edge_normal_1,0,normal
11:16:43.148,968.7,gateway,gateway_B,gatewayB,2,ESP32->RPi,deserialize,109,0.136,19,esp32_edge_simulator_1,1,mqtt_bruteforce
11:16:44.141,969.7,gateway,gateway_B,gatewayB,2,ESP32->RPi,deserialize,121,0.156,19,esp32_edge_normal_2,0,normal
11:16:44.480,970.0,gateway,gateway_B,gatewayB,2,ESP32->RPi,deserialize,115,0.135,19,esp32_edge_normal_1,0,normal
11:16:48.090,973.7,gateway,gateway_B,gatewayB,2,ESP32->RPi,deserialize,107,0.155,19,esp32_edge_simulator_1,2,scan_A
11:16:49.140,974.7,gateway,gateway_B,gatewayB,2,ESP32->RPi,deserialize,121,0.152,19,esp32_edge_normal_2,0,normal
11:16:49.481,975.0,gateway,gateway_B,gatewayB,2,ESP32->RPi,deserialize,119,0.144,19,esp32_edge_normal_1,0,normal
11:16:53.183,978.8,gateway,gateway_B,gatewayB,2,ESP32->RPi,deserialize,113,0.144,19,esp32_edge_simulator_1,1,mqtt_bruteforce
11:16:54.142,979.7,gateway,gateway_B,gatewayB,2,ESP32->RPi,deserialize,114,0.169,19,esp32_edge_normal_2,0,normal
11:16:54.480,980.0,gateway,gateway_B,gatewayB,2,ESP32->RPi,deserialize,115,0.148,19,esp32_edge_normal_1,0,normal
11:16:58.101,983.7,gateway,gateway_B,gatewayB,2,ESP32->RPi,deserialize,120,0.145,19,esp32_edge_simulator_1,0,normal
11:16:59.140,984.7,gateway,gateway_B,gatewayB,2,ESP32->RPi,deserialize,116,0.146,19,esp32_edge_normal_2,0,normal
11:16:59.481,985.0,gateway,gateway_B,gatewayB,2,ESP32->RPi,deserialize,120,0.144,19,esp32_edge_normal_1,0,normal
11:17:03.116,988.7,gateway,gateway_B,gatewayB,2,ESP32->RPi,deserialize,120,0.146,19,esp32_edge_simulator_1,0,normal
11:17:04.141,989.7,gateway,gateway_B,gatewayB,2,ESP32->RPi,deserialize,118,0.145,19,esp32_edge_normal_2,0,normal
11:17:04.480,990.0,gateway,gateway_B,gatewayB,2,ESP32->RPi,deserialize,118,0.149,19,esp32_edge_normal_1,0,normal
11:17:08.134,993.7,gateway,gateway_B,gatewayB,2,ESP32->RPi,deserialize,108,0.146,19,esp32_edge_simulator_1,1,mqtt_bruteforce
11:17:09.138,994.7,gateway,gateway_B,gatewayB,2,ESP32->RPi,deserialize,114,0.145,19,esp32_edge_normal_2,0,normal
11:17:09.488,995.1,gateway,gateway_B,gatewayB,2,ESP32->RPi,deserialize,114,0.125,19,esp32_edge_normal_1,0,normal
11:17:13.151,998.7,gateway,gateway_B,gatewayB,2,ESP32->RPi,deserialize,122,0.148,19,esp32_edge_simulator_1,0,normal
11:17:14.140,999.7,gateway,gateway_B,gatewayB,2,ESP32->RPi,deserialize,119,0.149,19,esp32_edge_normal_2,0,normal
11:17:14.495,1000.1,gateway,gateway_B,gatewayB,2,ESP32->RPi,deserialize,119,0.149,19,esp32_edge_normal_1,0,normal
11:17:18.169,1003.7,gateway,gateway_B,gatewayB,2,ESP32->RPi,deserialize,106,0.148,19,esp32_edge_simulator_1,1,mqtt_bruteforce
11:17:19.140,1004.7,gateway,gateway_B,gatewayB,2,ESP32->RPi,deserialize,114,0.147,19,esp32_edge_normal_2,0,normal
11:17:19.480,1005.0,gateway,gateway_B,gatewayB,2,ESP32->RPi,deserialize,116,0.144,19,esp32_edge_normal_1,0,normal
11:17:23.210,1008.8,gateway,gateway_B,gatewayB,2,ESP32->RPi,deserialize,118,0.146,19,esp32_edge_simulator_1,0,normal
11:17:24.250,1009.8,gateway,gateway_B,gatewayB,2,ESP32->RPi,deserialize,117,0.143,19,esp32_edge_normal_2,0,normal
11:17:25.202,1010.8,gateway,gateway_B,gatewayB,2,RPi->PC,serialize,3629,0.457,19,,,
11:17:26.439,1012.0,gateway,gateway_B,gatewayB,2,PC->RPi,deserialize,3522,0.236,19,,,
11:17:26.446,1012.0,gateway,gateway_B,gatewayB,2,RPi->ESP32,serialize,3522,0.383,20,,,
11:17:26.485,1012.1,gateway,gateway_B,gatewayB,2,ESP32->RPi,deserialize,114,0.068,20,esp32_edge_normal_1,0,normal
11:17:28.141,1013.7,gateway,gateway_B,gatewayB,2,ESP32->RPi,deserialize,104,0.068,20,esp32_edge_simulator_1,2,scan_A
11:17:29.143,1014.7,gateway,gateway_B,gatewayB,2,ESP32->RPi,deserialize,111,0.07,20,esp32_edge_normal_2,0,normal
11:17:29.492,1015.1,gateway,gateway_B,gatewayB,2,ESP32->RPi,deserialize,121,0.156,20,esp32_edge_normal_1,0,normal
11:17:33.119,1018.7,gateway,gateway_B,gatewayB,2,ESP32->RPi,deserialize,123,0.15,20,esp32_edge_simulator_1,0,normal
11:17:34.142,1019.7,gateway,gateway_B,gatewayB,2,ESP32->RPi,deserialize,120,0.235,20,esp32_edge_normal_2,0,normal
11:17:34.478,1020.0,gateway,gateway_B,gatewayB,2,ESP32->RPi,deserialize,115,0.153,20,esp32_edge_normal_1,0,normal
11:17:38.137,1023.7,gateway,gateway_B,gatewayB,2,ESP32->RPi,deserialize,120,0.152,20,esp32_edge_simulator_1,0,normal
11:17:39.137,1024.7,gateway,gateway_B,gatewayB,2,ESP32->RPi,deserialize,117,0.149,20,esp32_edge_normal_2,0,normal
11:17:39.480,1025.0,gateway,gateway_B,gatewayB,2,ESP32->RPi,deserialize,118,0.148,20,esp32_edge_normal_1,0,normal
11:17:43.080,1028.6,gateway,gateway_B,gatewayB,2,ESP32->RPi,deserialize,118,0.152,20,esp32_edge_simulator_1,0,normal
11:17:44.138,1029.7,gateway,gateway_B,gatewayB,2,ESP32->RPi,deserialize,120,0.149,20,esp32_edge_normal_2,0,normal
11:17:44.480,1030.0,gateway,gateway_B,gatewayB,2,ESP32->RPi,deserialize,117,0.143,20,esp32_edge_normal_1,0,normal
11:17:48.171,1033.7,gateway,gateway_B,gatewayB,2,ESP32->RPi,deserialize,108,0.152,20,esp32_edge_simulator_1,1,mqtt_bruteforce
11:17:49.137,1034.7,gateway,gateway_B,gatewayB,2,ESP32->RPi,deserialize,120,0.146,20,esp32_edge_normal_2,0,normal
11:17:49.478,1035.0,gateway,gateway_B,gatewayB,2,ESP32->RPi,deserialize,120,0.144,20,esp32_edge_normal_1,0,normal
11:17:53.189,1038.8,gateway,gateway_B,gatewayB,2,ESP32->RPi,deserialize,117,0.149,20,esp32_edge_simulator_1,0,normal
11:17:54.190,1039.8,gateway,gateway_B,gatewayB,2,ESP32->RPi,deserialize,117,0.1,20,esp32_edge_normal_2,0,normal
11:17:54.481,1040.0,gateway,gateway_B,gatewayB,2,ESP32->RPi,deserialize,118,0.147,20,esp32_edge_normal_1,0,normal
11:17:58.087,1043.7,gateway,gateway_B,gatewayB,2,ESP32->RPi,deserialize,107,0.149,20,esp32_edge_simulator_1,1,mqtt_bruteforce
11:17:59.140,1044.7,gateway,gateway_B,gatewayB,2,ESP32->RPi,deserialize,121,0.147,20,esp32_edge_normal_2,0,normal
11:17:59.481,1045.0,gateway,gateway_B,gatewayB,2,ESP32->RPi,deserialize,113,0.146,20,esp32_edge_normal_1,0,normal
11:18:03.087,1048.7,gateway,gateway_B,gatewayB,2,ESP32->RPi,deserialize,113,0.154,20,esp32_edge_simulator_1,1,mqtt_bruteforce
11:18:04.140,1049.7,gateway,gateway_B,gatewayB,2,ESP32->RPi,deserialize,114,0.145,20,esp32_edge_normal_2,0,normal
11:18:04.483,1050.1,gateway,gateway_B,gatewayB,2,ESP32->RPi,deserialize,120,0.153,20,esp32_edge_normal_1,0,normal
11:18:08.139,1053.7,gateway,gateway_B,gatewayB,2,ESP32->RPi,deserialize,118,0.144,20,esp32_edge_simulator_1,0,normal
11:18:09.156,1054.7,gateway,gateway_B,gatewayB,2,ESP32->RPi,deserialize,117,0.147,20,esp32_edge_normal_2,0,normal
11:18:09.599,1055.2,gateway,gateway_B,gatewayB,2,ESP32->RPi,deserialize,116,0.148,20,esp32_edge_normal_1,0,normal
11:18:13.087,1058.7,gateway,gateway_B,gatewayB,2,ESP32->RPi,deserialize,113,0.15,20,esp32_edge_simulator_1,1,mqtt_bruteforce
11:18:14.140,1059.7,gateway,gateway_B,gatewayB,2,ESP32->RPi,deserialize,118,0.145,20,esp32_edge_normal_2,0,normal
11:18:15.105,1060.7,gateway,gateway_B,gatewayB,2,RPi->PC,serialize,3635,0.467,20,,,
11:18:15.191,1060.8,gateway,gateway_B,gatewayB,2,PC->RPi,deserialize,3527,0.24,20,,,
11:18:15.197,1060.8,gateway,gateway_B,gatewayB,2,RPi->ESP32,serialize,3527,0.363,21,,,
11:18:15.237,1060.8,gateway,gateway_B,gatewayB,2,ESP32->RPi,deserialize,114,0.064,21,esp32_edge_normal_1,0,normal
11:18:18.173,1063.7,gateway,gateway_B,gatewayB,2,ESP32->RPi,deserialize,106,0.067,21,esp32_edge_simulator_1,2,scan_A
11:18:19.136,1064.7,gateway,gateway_B,gatewayB,2,ESP32->RPi,deserialize,118,0.07,21,esp32_edge_normal_2,0,normal
11:18:19.476,1065.0,gateway,gateway_B,gatewayB,2,ESP32->RPi,deserialize,120,0.154,21,esp32_edge_normal_1,0,normal
11:18:23.078,1068.6,gateway,gateway_B,gatewayB,2,ESP32->RPi,deserialize,119,0.156,21,esp32_edge_simulator_1,0,normal
11:18:24.248,1069.8,gateway,gateway_B,gatewayB,2,ESP32->RPi,deserialize,113,0.138,21,esp32_edge_normal_2,0,normal
11:18:24.563,1070.1,gateway,gateway_B,gatewayB,2,ESP32->RPi,deserialize,117,0.153,21,esp32_edge_normal_1,0,normal
11:18:28.210,1073.8,gateway,gateway_B,gatewayB,2,ESP32->RPi,deserialize,117,0.152,21,esp32_edge_simulator_1,0,normal
11:18:29.152,1074.7,gateway,gateway_B,gatewayB,2,ESP32->RPi,deserialize,120,0.156,21,esp32_edge_normal_2,0,normal
11:18:29.476,1075.0,gateway,gateway_B,gatewayB,2,ESP32->RPi,deserialize,114,0.152,21,esp32_edge_normal_1,0,normal
11:18:33.082,1078.7,gateway,gateway_B,gatewayB,2,ESP32->RPi,deserialize,123,0.179,21,esp32_edge_simulator_1,0,normal
11:18:34.134,1079.7,gateway,gateway_B,gatewayB,2,ESP32->RPi,deserialize,116,0.105,21,esp32_edge_normal_2,0,normal
11:18:34.481,1080.0,gateway,gateway_B,gatewayB,2,ESP32->RPi,deserialize,120,0.147,21,esp32_edge_normal_1,0,normal
11:18:38.142,1083.7,gateway,gateway_B,gatewayB,2,ESP32->RPi,deserialize,81,0.136,21,esp32_edge_simulator_1,2,scan_A
11:18:39.135,1084.7,gateway,gateway_B,gatewayB,2,ESP32->RPi,deserialize,121,0.143,21,esp32_edge_normal_2,0,normal
11:18:39.476,1085.0,gateway,gateway_B,gatewayB,2,ESP32->RPi,deserialize,116,0.15,21,esp32_edge_normal_1,0,normal
11:18:43.162,1088.7,gateway,gateway_B,gatewayB,2,ESP32->RPi,deserialize,124,0.133,21,esp32_edge_simulator_1,0,normal
11:18:44.136,1089.7,gateway,gateway_B,gatewayB,2,ESP32->RPi,deserialize,120,0.145,21,esp32_edge_normal_2,0,normal
11:18:44.478,1090.0,gateway,gateway_B,gatewayB,2,ESP32->RPi,deserialize,120,0.2,21,esp32_edge_normal_1,0,normal
11:18:48.082,1093.6,gateway,gateway_B,gatewayB,2,ESP32->RPi,deserialize,120,0.282,21,esp32_edge_simulator_1,0,normal
11:18:49.140,1094.7,gateway,gateway_B,gatewayB,2,ESP32->RPi,deserialize,115,0.145,21,esp32_edge_normal_2,0,normal
11:18:49.477,1095.0,gateway,gateway_B,gatewayB,2,ESP32->RPi,deserialize,121,0.145,21,esp32_edge_normal_1,0,normal
11:18:53.087,1098.7,gateway,gateway_B,gatewayB,2,ESP32->RPi,deserialize,113,0.148,21,esp32_edge_simulator_1,1,mqtt_bruteforce
11:18:54.134,1099.7,gateway,gateway_B,gatewayB,2,ESP32->RPi,deserialize,115,0.118,21,esp32_edge_normal_2,0,normal
11:18:54.474,1100.0,gateway,gateway_B,gatewayB,2,ESP32->RPi,deserialize,117,0.148,21,esp32_edge_normal_1,0,normal
11:18:58.151,1103.7,gateway,gateway_B,gatewayB,2,ESP32->RPi,deserialize,112,0.103,21,esp32_edge_simulator_1,1,mqtt_bruteforce
11:18:59.219,1104.8,gateway,gateway_B,gatewayB,2,ESP32->RPi,deserialize,119,0.07,21,esp32_edge_normal_2,0,normal
11:18:59.483,1105.1,gateway,gateway_B,gatewayB,2,ESP32->RPi,deserialize,117,0.069,21,esp32_edge_normal_1,0,normal
11:19:03.088,1108.7,gateway,gateway_B,gatewayB,2,ESP32->RPi,deserialize,112,0.068,21,esp32_edge_simulator_1,1,mqtt_bruteforce
11:19:04.168,1109.7,gateway,gateway_B,gatewayB,2,ESP32->RPi,deserialize,118,0.15,21,esp32_edge_normal_2,0,normal
11:19:05.122,1110.7,gateway,gateway_B,gatewayB,2,RPi->PC,serialize,3622,0.453,21,,,
11:19:05.436,1111.0,gateway,gateway_B,gatewayB,2,PC->RPi,deserialize,3530,0.234,21,,,
11:19:05.442,1111.0,gateway,gateway_B,gatewayB,2,RPi->ESP32,serialize,3530,0.402,22,,,
11:19:05.487,1111.1,gateway,gateway_B,gatewayB,2,ESP32->RPi,deserialize,115,0.066,22,esp32_edge_normal_1,0,normal
11:19:08.145,1113.7,gateway,gateway_B,gatewayB,2,ESP32->RPi,deserialize,107,0.069,22,esp32_edge_simulator_1,2,scan_A
11:19:09.133,1114.7,gateway,gateway_B,gatewayB,2,ESP32->RPi,deserialize,113,0.074,22,esp32_edge_normal_2,0,normal
11:19:09.477,1115.0,gateway,gateway_B,gatewayB,2,ESP32->RPi,deserialize,110,0.1,22,esp32_edge_normal_1,0,normal
11:19:13.085,1118.7,gateway,gateway_B,gatewayB,2,ESP32->RPi,deserialize,110,0.154,22,esp32_edge_simulator_1,0,normal
11:19:14.133,1119.7,gateway,gateway_B,gatewayB,2,ESP32->RPi,deserialize,113,0.153,22,esp32_edge_normal_2,0,normal
11:19:14.474,1120.0,gateway,gateway_B,gatewayB,2,ESP32->RPi,deserialize,114,0.148,22,esp32_edge_normal_1,0,normal
11:19:18.180,1123.7,gateway,gateway_B,gatewayB,2,ESP32->RPi,deserialize,113,0.129,22,esp32_edge_simulator_1,1,mqtt_bruteforce
11:19:19.133,1124.7,gateway,gateway_B,gatewayB,2,ESP32->RPi,deserialize,114,0.151,22,esp32_edge_normal_2,0,normal
11:19:19.475,1125.0,gateway,gateway_B,gatewayB,2,ESP32->RPi,deserialize,116,0.143,22,esp32_edge_normal_1,0,normal
11:19:23.201,1128.8,gateway,gateway_B,gatewayB,2,ESP32->RPi,deserialize,108,0.146,22,esp32_edge_simulator_1,2,scan_A
11:19:24.133,1129.7,gateway,gateway_B,gatewayB,2,ESP32->RPi,deserialize,117,0.196,22,esp32_edge_normal_2,0,normal
11:19:24.474,1130.0,gateway,gateway_B,gatewayB,2,ESP32->RPi,deserialize,114,0.222,22,esp32_edge_normal_1,0,normal
11:19:28.090,1133.7,gateway,gateway_B,gatewayB,2,ESP32->RPi,deserialize,105,0.143,22,esp32_edge_simulator_1,2,scan_A
11:19:29.178,1134.7,gateway,gateway_B,gatewayB,2,ESP32->RPi,deserialize,119,0.148,22,esp32_edge_normal_2,0,normal
11:19:29.476,1135.0,gateway,gateway_B,gatewayB,2,ESP32->RPi,deserialize,112,0.149,22,esp32_edge_normal_1,0,normal
11:19:33.084,1138.7,gateway,gateway_B,gatewayB,2,ESP32->RPi,deserialize,104,0.147,22,esp32_edge_simulator_1,2,scan_A
11:19:34.133,1139.7,gateway,gateway_B,gatewayB,2,ESP32->RPi,deserialize,120,0.148,22,esp32_edge_normal_2,0,normal
11:19:34.473,1140.0,gateway,gateway_B,gatewayB,2,ESP32->RPi,deserialize,116,0.146,22,esp32_edge_normal_1,0,normal
11:19:38.150,1143.7,gateway,gateway_B,gatewayB,2,ESP32->RPi,deserialize,115,0.145,22,esp32_edge_simulator_1,0,normal
11:19:39.148,1144.7,gateway,gateway_B,gatewayB,2,ESP32->RPi,deserialize,115,0.13,22,esp32_edge_normal_2,0,normal
11:19:39.509,1145.1,gateway,gateway_B,gatewayB,2,ESP32->RPi,deserialize,114,0.14,22,esp32_edge_normal_1,0,normal
11:19:43.166,1148.7,gateway,gateway_B,gatewayB,2,ESP32->RPi,deserialize,111,0.152,22,esp32_edge_simulator_1,1,mqtt_bruteforce
11:19:44.144,1149.7,gateway,gateway_B,gatewayB,2,ESP32->RPi,deserialize,120,0.15,22,esp32_edge_normal_2,0,normal
11:19:44.473,1150.0,gateway,gateway_B,gatewayB,2,ESP32->RPi,deserialize,117,0.145,22,esp32_edge_normal_1,0,normal
11:19:48.082,1153.7,gateway,gateway_B,gatewayB,2,ESP32->RPi,deserialize,116,0.175,22,esp32_edge_simulator_1,0,normal
11:19:49.135,1154.7,gateway,gateway_B,gatewayB,2,ESP32->RPi,deserialize,116,0.147,22,esp32_edge_normal_2,0,normal
11:19:49.478,1155.0,gateway,gateway_B,gatewayB,2,ESP32->RPi,deserialize,116,0.147,22,esp32_edge_normal_1,0,normal
11:19:53.163,1158.7,gateway,gateway_B,gatewayB,2,ESP32->RPi,deserialize,118,0.067,22,esp32_edge_simulator_1,0,normal
11:19:54.133,1159.7,gateway,gateway_B,gatewayB,2,ESP32->RPi,deserialize,116,0.069,22,esp32_edge_normal_2,0,normal
11:19:55.053,1160.6,gateway,gateway_B,gatewayB,2,RPi->PC,serialize,3627,0.44,22,,,
11:19:55.118,1160.7,gateway,gateway_B,gatewayB,2,PC->RPi,deserialize,3524,0.251,22,,,
11:19:55.124,1160.7,gateway,gateway_B,gatewayB,2,RPi->ESP32,serialize,3524,0.373,23,,,
11:19:55.137,1160.7,gateway,gateway_B,gatewayB,2,ESP32->RPi,deserialize,106,0.066,23,esp32_edge_normal_1,0,normal
11:19:58.116,1163.7,gateway,gateway_B,gatewayB,2,ESP32->RPi,deserialize,124,0.148,23,esp32_edge_simulator_1,0,normal
11:19:59.141,1164.7,gateway,gateway_B,gatewayB,2,ESP32->RPi,deserialize,119,0.157,23,esp32_edge_normal_2,0,normal
11:19:59.474,1165.0,gateway,gateway_B,gatewayB,2,ESP32->RPi,deserialize,106,0.15,23,esp32_edge_normal_1,0,normal
11:20:03.076,1168.6,gateway,gateway_B,gatewayB,2,ESP32->RPi,deserialize,118,0.151,23,esp32_edge_simulator_1,0,normal
11:20:04.133,1169.7,gateway,gateway_B,gatewayB,2,ESP32->RPi,deserialize,119,0.137,23,esp32_edge_normal_2,0,normal
11:20:04.472,1170.0,gateway,gateway_B,gatewayB,2,ESP32->RPi,deserialize,121,0.151,23,esp32_edge_normal_1,0,normal
11:20:08.082,1173.7,gateway,gateway_B,gatewayB,2,ESP32->RPi,deserialize,108,0.15,23,esp32_edge_simulator_1,2,scan_A
11:20:09.132,1174.7,gateway,gateway_B,gatewayB,2,ESP32->RPi,deserialize,116,0.152,23,esp32_edge_normal_2,0,normal
11:20:09.473,1175.0,gateway,gateway_B,gatewayB,2,ESP32->RPi,deserialize,118,0.143,23,esp32_edge_normal_1,0,normal
11:20:13.084,1178.7,gateway,gateway_B,gatewayB,2,ESP32->RPi,deserialize,112,0.151,23,esp32_edge_simulator_1,1,mqtt_bruteforce
11:20:14.130,1179.7,gateway,gateway_B,gatewayB,2,ESP32->RPi,deserialize,115,0.211,23,esp32_edge_normal_2,0,normal
11:20:14.476,1180.0,gateway,gateway_B,gatewayB,2,ESP32->RPi,deserialize,121,0.149,23,esp32_edge_normal_1,0,normal
11:20:18.186,1183.8,gateway,gateway_B,gatewayB,2,ESP32->RPi,deserialize,108,0.143,23,esp32_edge_simulator_1,2,scan_A
11:20:19.130,1184.7,gateway,gateway_B,gatewayB,2,ESP32->RPi,deserialize,117,0.151,23,esp32_edge_normal_2,0,normal
11:20:19.496,1185.1,gateway,gateway_B,gatewayB,2,ESP32->RPi,deserialize,113,0.141,23,esp32_edge_normal_1,0,normal
11:20:23.208,1188.8,gateway,gateway_B,gatewayB,2,ESP32->RPi,deserialize,108,0.128,23,esp32_edge_simulator_1,2,scan_A
11:20:24.170,1189.7,gateway,gateway_B,gatewayB,2,ESP32->RPi,deserialize,117,0.225,23,esp32_edge_normal_2,0,normal
11:20:24.472,1190.0,gateway,gateway_B,gatewayB,2,ESP32->RPi,deserialize,116,0.145,23,esp32_edge_normal_1,0,normal
11:20:28.084,1193.7,gateway,gateway_B,gatewayB,2,ESP32->RPi,deserialize,111,0.15,23,esp32_edge_simulator_1,1,mqtt_bruteforce
11:20:29.131,1194.7,gateway,gateway_B,gatewayB,2,ESP32->RPi,deserialize,120,0.148,23,esp32_edge_normal_2,0,normal
11:20:29.470,1195.0,gateway,gateway_B,gatewayB,2,ESP32->RPi,deserialize,116,0.149,23,esp32_edge_normal_1,0,normal
11:20:33.081,1198.6,gateway,gateway_B,gatewayB,2,ESP32->RPi,deserialize,124,0.148,23,esp32_edge_simulator_1,0,normal
11:20:34.130,1199.7,gateway,gateway_B,gatewayB,2,ESP32->RPi,deserialize,117,0.146,23,esp32_edge_normal_2,0,normal
11:20:34.470,1200.0,gateway,gateway_B,gatewayB,2,ESP32->RPi,deserialize,116,0.151,23,esp32_edge_normal_1,0,normal
11:20:38.156,1203.7,gateway,gateway_B,gatewayB,2,ESP32->RPi,deserialize,110,0.154,23,esp32_edge_simulator_1,1,mqtt_bruteforce
11:20:39.131,1204.7,gateway,gateway_B,gatewayB,2,ESP32->RPi,deserialize,120,0.149,23,esp32_edge_normal_2,0,normal
11:20:39.472,1205.0,gateway,gateway_B,gatewayB,2,ESP32->RPi,deserialize,118,0.144,23,esp32_edge_normal_1,0,normal
11:20:43.171,1208.7,gateway,gateway_B,gatewayB,2,ESP32->RPi,deserialize,119,0.069,23,esp32_edge_simulator_1,0,normal
11:20:44.130,1209.7,gateway,gateway_B,gatewayB,2,ESP32->RPi,deserialize,117,0.069,23,esp32_edge_normal_2,0,normal
11:20:45.020,1210.6,gateway,gateway_B,gatewayB,2,RPi->PC,serialize,3617,0.434,23,,,
11:20:45.089,1210.7,gateway,gateway_B,gatewayB,2,PC->RPi,deserialize,3537,0.241,23,,,
11:20:45.098,1210.7,gateway,gateway_B,gatewayB,2,RPi->ESP32,serialize,3537,0.457,24,,,
11:20:45.115,1210.7,gateway,gateway_B,gatewayB,2,ESP32->RPi,deserialize,113,0.075,24,esp32_edge_normal_1,0,normal
11:20:48.080,1213.6,gateway,gateway_B,gatewayB,2,ESP32->RPi,deserialize,108,0.149,24,esp32_edge_simulator_1,2,scan_A
11:20:49.132,1214.7,gateway,gateway_B,gatewayB,2,ESP32->RPi,deserialize,116,0.148,24,esp32_edge_normal_2,0,normal
11:20:49.471,1215.0,gateway,gateway_B,gatewayB,2,ESP32->RPi,deserialize,116,0.152,24,esp32_edge_normal_1,0,normal
11:20:53.118,1218.7,gateway,gateway_B,gatewayB,2,ESP32->RPi,deserialize,108,0.146,24,esp32_edge_simulator_1,2,scan_A
11:20:54.142,1219.7,gateway,gateway_B,gatewayB,2,ESP32->RPi,deserialize,121,0.132,24,esp32_edge_normal_2,0,normal
11:20:54.471,1220.0,gateway,gateway_B,gatewayB,2,ESP32->RPi,deserialize,120,0.152,24,esp32_edge_normal_1,0,normal
11:20:58.124,1223.7,gateway,gateway_B,gatewayB,2,ESP32->RPi,deserialize,103,0.154,24,esp32_edge_simulator_1,2,scan_A
11:20:59.129,1224.7,gateway,gateway_B,gatewayB,2,ESP32->RPi,deserialize,116,0.154,24,esp32_edge_normal_2,0,normal
11:20:59.483,1225.1,gateway,gateway_B,gatewayB,2,ESP32->RPi,deserialize,116,0.151,24,esp32_edge_normal_1,0,normal
11:21:03.141,1228.7,gateway,gateway_B,gatewayB,2,ESP32->RPi,deserialize,112,0.153,24,esp32_edge_simulator_1,1,mqtt_bruteforce
11:21:04.129,1229.7,gateway,gateway_B,gatewayB,2,ESP32->RPi,deserialize,116,0.15,24,esp32_edge_normal_2,0,normal
11:21:04.473,1230.0,gateway,gateway_B,gatewayB,2,ESP32->RPi,deserialize,114,0.152,24,esp32_edge_normal_1,0,normal
11:21:08.156,1233.7,gateway,gateway_B,gatewayB,2,ESP32->RPi,deserialize,81,0.128,24,esp32_edge_simulator_1,2,scan_A
11:21:09.129,1234.7,gateway,gateway_B,gatewayB,2,ESP32->RPi,deserialize,118,0.149,24,esp32_edge_normal_2,0,normal
11:21:09.468,1235.0,gateway,gateway_B,gatewayB,2,ESP32->RPi,deserialize,107,0.146,24,esp32_edge_normal_1,0,normal
11:21:13.175,1238.7,gateway,gateway_B,gatewayB,2,ESP32->RPi,deserialize,112,0.151,24,esp32_edge_simulator_1,1,mqtt_bruteforce
11:21:14.130,1239.7,gateway,gateway_B,gatewayB,2,ESP32->RPi,deserialize,116,0.154,24,esp32_edge_normal_2,0,normal
11:21:14.470,1240.0,gateway,gateway_B,gatewayB,2,ESP32->RPi,deserialize,120,0.246,24,esp32_edge_normal_1,0,normal
11:21:18.090,1243.7,gateway,gateway_B,gatewayB,2,ESP32->RPi,deserialize,117,0.149,24,esp32_edge_simulator_1,0,normal
11:21:19.128,1244.7,gateway,gateway_B,gatewayB,2,ESP32->RPi,deserialize,114,0.148,24,esp32_edge_normal_2,0,normal
11:21:19.470,1245.0,gateway,gateway_B,gatewayB,2,ESP32->RPi,deserialize,113,0.15,24,esp32_edge_normal_1,0,normal
11:21:23.196,1248.8,gateway,gateway_B,gatewayB,2,ESP32->RPi,deserialize,119,0.152,24,esp32_edge_simulator_1,0,normal
11:21:24.134,1249.7,gateway,gateway_B,gatewayB,2,ESP32->RPi,deserialize,116,0.148,24,esp32_edge_normal_2,0,normal
11:21:24.477,1250.0,gateway,gateway_B,gatewayB,2,ESP32->RPi,deserialize,115,0.152,24,esp32_edge_normal_1,0,normal
11:21:28.137,1253.7,gateway,gateway_B,gatewayB,2,ESP32->RPi,deserialize,107,0.148,24,esp32_edge_simulator_1,2,scan_A
11:21:29.127,1254.7,gateway,gateway_B,gatewayB,2,ESP32->RPi,deserialize,116,0.13,24,esp32_edge_normal_2,0,normal
11:21:29.468,1255.0,gateway,gateway_B,gatewayB,2,ESP32->RPi,deserialize,112,0.149,24,esp32_edge_normal_1,0,normal
11:21:33.144,1258.7,gateway,gateway_B,gatewayB,2,ESP32->RPi,deserialize,120,0.146,24,esp32_edge_simulator_1,0,normal
11:21:34.132,1259.7,gateway,gateway_B,gatewayB,2,ESP32->RPi,deserialize,115,0.151,24,esp32_edge_normal_2,0,normal
11:21:35.093,1260.7,gateway,gateway_B,gatewayB,2,RPi->PC,serialize,3640,0.497,24,,,
11:21:35.159,1260.7,gateway,gateway_B,gatewayB,2,PC->RPi,deserialize,3530,0.267,24,,,
11:21:35.168,1260.7,gateway,gateway_B,gatewayB,2,RPi->ESP32,serialize,3530,0.454,25,,,
11:21:35.180,1260.7,gateway,gateway_B,gatewayB,2,ESP32->RPi,deserialize,115,0.08,25,esp32_edge_normal_1,0,normal
11:21:38.159,1263.7,gateway,gateway_B,gatewayB,2,ESP32->RPi,deserialize,107,0.069,25,esp32_edge_simulator_1,2,scan_A
11:21:39.127,1264.7,gateway,gateway_B,gatewayB,2,ESP32->RPi,deserialize,117,0.071,25,esp32_edge_normal_2,0,normal
11:21:39.467,1265.0,gateway,gateway_B,gatewayB,2,ESP32->RPi,deserialize,112,0.154,25,esp32_edge_normal_1,0,normal
11:21:43.178,1268.7,gateway,gateway_B,gatewayB,2,ESP32->RPi,deserialize,119,0.157,25,esp32_edge_simulator_1,0,normal
11:21:44.127,1269.7,gateway,gateway_B,gatewayB,2,ESP32->RPi,deserialize,117,0.152,25,esp32_edge_normal_2,0,normal
11:21:44.469,1270.0,gateway,gateway_B,gatewayB,2,ESP32->RPi,deserialize,117,0.148,25,esp32_edge_normal_1,0,normal
11:21:48.093,1273.7,gateway,gateway_B,gatewayB,2,ESP32->RPi,deserialize,110,0.149,25,esp32_edge_simulator_1,1,mqtt_bruteforce
11:21:49.129,1274.7,gateway,gateway_B,gatewayB,2,ESP32->RPi,deserialize,119,0.147,25,esp32_edge_normal_2,0,normal
11:21:49.469,1275.0,gateway,gateway_B,gatewayB,2,ESP32->RPi,deserialize,120,0.147,25,esp32_edge_normal_1,0,normal
11:21:53.079,1278.6,gateway,gateway_B,gatewayB,2,ESP32->RPi,deserialize,111,0.132,25,esp32_edge_simulator_1,1,mqtt_bruteforce
11:21:54.128,1279.7,gateway,gateway_B,gatewayB,2,ESP32->RPi,deserialize,119,0.148,25,esp32_edge_normal_2,0,normal
11:21:54.467,1280.0,gateway,gateway_B,gatewayB,2,ESP32->RPi,deserialize,121,0.15,25,esp32_edge_normal_1,0,normal
11:21:58.082,1283.6,gateway,gateway_B,gatewayB,2,ESP32->RPi,deserialize,112,0.226,25,esp32_edge_simulator_1,1,mqtt_bruteforce
11:21:59.129,1284.7,gateway,gateway_B,gatewayB,2,ESP32->RPi,deserialize,116,0.098,25,esp32_edge_normal_2,0,normal
11:21:59.467,1285.0,gateway,gateway_B,gatewayB,2,ESP32->RPi,deserialize,115,0.073,25,esp32_edge_normal_1,0,normal
11:22:03.074,1288.6,gateway,gateway_B,gatewayB,2,ESP32->RPi,deserialize,120,0.068,25,esp32_edge_simulator_1,0,normal
11:22:04.139,1289.7,gateway,gateway_B,gatewayB,2,ESP32->RPi,deserialize,113,0.15,25,esp32_edge_normal_2,0,normal
11:22:04.468,1290.0,gateway,gateway_B,gatewayB,2,ESP32->RPi,deserialize,120,0.145,25,esp32_edge_normal_1,0,normal
11:22:08.095,1293.7,gateway,gateway_B,gatewayB,2,ESP32->RPi,deserialize,124,0.149,25,esp32_edge_simulator_1,0,normal
11:22:09.140,1294.7,gateway,gateway_B,gatewayB,2,ESP32->RPi,deserialize,121,0.131,25,esp32_edge_normal_2,0,normal
11:22:09.467,1295.0,gateway,gateway_B,gatewayB,2,ESP32->RPi,deserialize,120,0.147,25,esp32_edge_normal_1,0,normal
11:22:13.080,1298.6,gateway,gateway_B,gatewayB,2,ESP32->RPi,deserialize,113,0.132,25,esp32_edge_simulator_1,1,mqtt_bruteforce
11:22:14.126,1299.7,gateway,gateway_B,gatewayB,2,ESP32->RPi,deserialize,117,0.149,25,esp32_edge_normal_2,0,normal
11:22:14.466,1300.0,gateway,gateway_B,gatewayB,2,ESP32->RPi,deserialize,116,0.15,25,esp32_edge_normal_1,0,normal
11:22:18.078,1303.6,gateway,gateway_B,gatewayB,2,ESP32->RPi,deserialize,108,0.148,25,esp32_edge_simulator_1,2,scan_A
11:22:19.132,1304.7,gateway,gateway_B,gatewayB,2,ESP32->RPi,deserialize,115,0.146,25,esp32_edge_normal_2,0,normal
11:22:19.467,1305.0,gateway,gateway_B,gatewayB,2,ESP32->RPi,deserialize,115,0.148,25,esp32_edge_normal_1,0,normal
11:22:23.077,1308.6,gateway,gateway_B,gatewayB,2,ESP32->RPi,deserialize,110,0.15,25,esp32_edge_simulator_1,1,mqtt_bruteforce
11:22:24.128,1309.7,gateway,gateway_B,gatewayB,2,ESP32->RPi,deserialize,113,0.145,25,esp32_edge_normal_2,0,normal
11:22:25.046,1310.6,gateway,gateway_B,gatewayB,2,RPi->PC,serialize,3637,0.471,25,,,
11:22:25.249,1310.8,gateway,gateway_B,gatewayB,2,PC->RPi,deserialize,3516,0.23,25,,,
11:22:25.256,1310.8,gateway,gateway_B,gatewayB,2,RPi->ESP32,serialize,3516,0.38,26,,,
11:22:25.269,1310.8,gateway,gateway_B,gatewayB,2,ESP32->RPi,deserialize,116,0.081,26,esp32_edge_normal_1,0,normal
11:22:28.067,1313.6,gateway,gateway_B,gatewayB,2,ESP32->RPi,deserialize,116,0.068,26,esp32_edge_simulator_1,0,normal
11:22:29.125,1314.7,gateway,gateway_B,gatewayB,2,ESP32->RPi,deserialize,115,0.07,26,esp32_edge_normal_2,0,normal
11:22:29.469,1315.0,gateway,gateway_B,gatewayB,2,ESP32->RPi,deserialize,120,0.135,26,esp32_edge_normal_1,0,normal
11:22:33.068,1318.6,gateway,gateway_B,gatewayB,2,ESP32->RPi,deserialize,120,0.153,26,esp32_edge_simulator_1,0,normal
11:22:34.126,1319.7,gateway,gateway_B,gatewayB,2,ESP32->RPi,deserialize,117,0.069,26,esp32_edge_normal_2,0,normal
11:22:34.465,1320.0,gateway,gateway_B,gatewayB,2,ESP32->RPi,deserialize,117,0.07,26,esp32_edge_normal_1,0,normal
11:22:38.077,1323.6,gateway,gateway_B,gatewayB,2,ESP32->RPi,deserialize,107,0.069,26,esp32_edge_simulator_1,1,mqtt_bruteforce
11:22:39.128,1324.7,gateway,gateway_B,gatewayB,2,ESP32->RPi,deserialize,114,0.14,26,esp32_edge_normal_2,0,normal
11:22:39.467,1325.0,gateway,gateway_B,gatewayB,2,ESP32->RPi,deserialize,116,0.139,26,esp32_edge_normal_1,0,normal
11:22:43.082,1328.6,gateway,gateway_B,gatewayB,2,ESP32->RPi,deserialize,108,0.145,26,esp32_edge_simulator_1,2,scan_A
11:22:44.148,1329.7,gateway,gateway_B,gatewayB,2,ESP32->RPi,deserialize,117,0.142,26,esp32_edge_normal_2,0,normal
11:22:44.468,1330.0,gateway,gateway_B,gatewayB,2,ESP32->RPi,deserialize,114,0.145,26,esp32_edge_normal_1,0,normal
11:22:48.075,1333.6,gateway,gateway_B,gatewayB,2,ESP32->RPi,deserialize,112,0.07,26,esp32_edge_simulator_1,1,mqtt_bruteforce
11:22:49.125,1334.7,gateway,gateway_B,gatewayB,2,ESP32->RPi,deserialize,120,0.066,26,esp32_edge_normal_2,0,normal
11:22:49.464,1335.0,gateway,gateway_B,gatewayB,2,ESP32->RPi,deserialize,115,0.068,26,esp32_edge_normal_1,0,normal
11:22:53.076,1338.6,gateway,gateway_B,gatewayB,2,ESP32->RPi,deserialize,112,0.148,26,esp32_edge_simulator_1,1,mqtt_bruteforce
11:22:54.124,1339.7,gateway,gateway_B,gatewayB,2,ESP32->RPi,deserialize,114,0.067,26,esp32_edge_normal_2,0,normal
11:22:54.466,1340.0,gateway,gateway_B,gatewayB,2,ESP32->RPi,deserialize,114,0.067,26,esp32_edge_normal_1,0,normal
11:22:58.070,1343.6,gateway,gateway_B,gatewayB,2,ESP32->RPi,deserialize,110,0.066,26,esp32_edge_simulator_1,0,normal
11:22:59.129,1344.7,gateway,gateway_B,gatewayB,2,ESP32->RPi,deserialize,120,0.147,26,esp32_edge_normal_2,0,normal
11:22:59.465,1345.0,gateway,gateway_B,gatewayB,2,ESP32->RPi,deserialize,120,0.147,26,esp32_edge_normal_1,0,normal
11:23:03.076,1348.6,gateway,gateway_B,gatewayB,2,ESP32->RPi,deserialize,107,0.145,26,esp32_edge_simulator_1,2,scan_A
11:23:04.125,1349.7,gateway,gateway_B,gatewayB,2,ESP32->RPi,deserialize,111,0.149,26,esp32_edge_normal_2,0,normal
11:23:04.470,1350.0,gateway,gateway_B,gatewayB,2,ESP32->RPi,deserialize,121,0.152,26,esp32_edge_normal_1,0,normal
11:23:08.071,1353.6,gateway,gateway_B,gatewayB,2,ESP32->RPi,deserialize,120,0.145,26,esp32_edge_simulator_1,0,normal
11:23:09.127,1354.7,gateway,gateway_B,gatewayB,2,ESP32->RPi,deserialize,115,0.144,26,esp32_edge_normal_2,0,normal
11:23:09.465,1355.0,gateway,gateway_B,gatewayB,2,ESP32->RPi,deserialize,119,0.149,26,esp32_edge_normal_1,0,normal
11:23:13.085,1358.7,gateway,gateway_B,gatewayB,2,ESP32->RPi,deserialize,118,0.145,26,esp32_edge_simulator_1,0,normal
11:23:14.127,1359.7,gateway,gateway_B,gatewayB,2,ESP32->RPi,deserialize,117,0.145,26,esp32_edge_normal_2,0,normal
11:23:15.257,1360.8,gateway,gateway_B,gatewayB,2,RPi->PC,serialize,3628,0.458,26,,,
11:23:15.321,1360.9,gateway,gateway_B,gatewayB,2,PC->RPi,deserialize,3532,0.296,26,,,
11:23:15.331,1360.9,gateway,gateway_B,gatewayB,2,RPi->ESP32,serialize,3532,0.419,27,,,
11:23:15.352,1360.9,gateway,gateway_B,gatewayB,2,ESP32->RPi,deserialize,119,0.094,27,esp32_edge_normal_1,0,normal
11:23:18.075,1363.6,gateway,gateway_B,gatewayB,2,ESP32->RPi,deserialize,108,0.068,27,esp32_edge_simulator_1,2,scan_A
11:23:19.125,1364.7,gateway,gateway_B,gatewayB,2,ESP32->RPi,deserialize,115,0.071,27,esp32_edge_normal_2,0,normal
11:23:19.464,1365.0,gateway,gateway_B,gatewayB,2,ESP32->RPi,deserialize,114,0.155,27,esp32_edge_normal_1,0,normal
11:23:23.066,1368.6,gateway,gateway_B,gatewayB,2,ESP32->RPi,deserialize,109,0.151,27,esp32_edge_simulator_1,0,normal
11:23:24.144,1369.7,gateway,gateway_B,gatewayB,2,ESP32->RPi,deserialize,115,0.161,27,esp32_edge_normal_2,0,normal
11:23:24.488,1370.1,gateway,gateway_B,gatewayB,2,ESP32->RPi,deserialize,118,0.071,27,esp32_edge_normal_1,0,normal
11:23:28.068,1373.6,gateway,gateway_B,gatewayB,2,ESP32->RPi,deserialize,122,0.07,27,esp32_edge_simulator_1,0,normal
11:23:29.128,1374.7,gateway,gateway_B,gatewayB,2,ESP32->RPi,deserialize,114,0.069,27,esp32_edge_normal_2,0,normal
11:23:29.471,1375.0,gateway,gateway_B,gatewayB,2,ESP32->RPi,deserialize,120,0.208,27,esp32_edge_normal_1,0,normal
11:23:33.077,1378.6,gateway,gateway_B,gatewayB,2,ESP32->RPi,deserialize,110,0.146,27,esp32_edge_simulator_1,1,mqtt_bruteforce
11:23:34.124,1379.7,gateway,gateway_B,gatewayB,2,ESP32->RPi,deserialize,116,0.149,27,esp32_edge_normal_2,0,normal
11:23:34.464,1380.0,gateway,gateway_B,gatewayB,2,ESP32->RPi,deserialize,114,0.147,27,esp32_edge_normal_1,0,normal
11:23:38.078,1383.6,gateway,gateway_B,gatewayB,2,ESP32->RPi,deserialize,101,0.151,27,esp32_edge_simulator_1,2,scan_A
11:23:39.125,1384.7,gateway,gateway_B,gatewayB,2,ESP32->RPi,deserialize,119,0.2,27,esp32_edge_normal_2,0,normal
11:23:39.463,1385.0,gateway,gateway_B,gatewayB,2,ESP32->RPi,deserialize,117,0.148,27,esp32_edge_normal_1,0,normal
11:23:43.074,1388.6,gateway,gateway_B,gatewayB,2,ESP32->RPi,deserialize,105,0.145,27,esp32_edge_simulator_1,2,scan_A
11:23:44.124,1389.7,gateway,gateway_B,gatewayB,2,ESP32->RPi,deserialize,121,0.151,27,esp32_edge_normal_2,0,normal
11:23:44.465,1390.0,gateway,gateway_B,gatewayB,2,ESP32->RPi,deserialize,118,0.142,27,esp32_edge_normal_1,0,normal
11:23:48.074,1393.6,gateway,gateway_B,gatewayB,2,ESP32->RPi,deserialize,112,0.147,27,esp32_edge_simulator_1,1,mqtt_bruteforce
11:23:49.124,1394.7,gateway,gateway_B,gatewayB,2,ESP32->RPi,deserialize,117,0.148,27,esp32_edge_normal_2,0,normal
11:23:49.464,1395.0,gateway,gateway_B,gatewayB,2,ESP32->RPi,deserialize,121,0.15,27,esp32_edge_normal_1,0,normal
11:23:53.069,1398.6,gateway,gateway_B,gatewayB,2,ESP32->RPi,deserialize,119,0.149,27,esp32_edge_simulator_1,0,normal
11:23:54.128,1399.7,gateway,gateway_B,gatewayB,2,ESP32->RPi,deserialize,118,0.149,27,esp32_edge_normal_2,0,normal
11:23:54.464,1400.0,gateway,gateway_B,gatewayB,2,ESP32->RPi,deserialize,117,0.149,27,esp32_edge_normal_1,0,normal
11:23:58.074,1403.6,gateway,gateway_B,gatewayB,2,ESP32->RPi,deserialize,113,0.149,27,esp32_edge_simulator_1,1,mqtt_bruteforce
11:23:59.124,1404.7,gateway,gateway_B,gatewayB,2,ESP32->RPi,deserialize,120,0.15,27,esp32_edge_normal_2,0,normal
11:23:59.466,1405.0,gateway,gateway_B,gatewayB,2,ESP32->RPi,deserialize,121,0.148,27,esp32_edge_normal_1,0,normal
11:24:03.067,1408.6,gateway,gateway_B,gatewayB,2,ESP32->RPi,deserialize,119,0.128,27,esp32_edge_simulator_1,0,normal
11:24:04.123,1409.7,gateway,gateway_B,gatewayB,2,ESP32->RPi,deserialize,120,0.146,27,esp32_edge_normal_2,0,normal
11:24:05.062,1410.6,gateway,gateway_B,gatewayB,2,RPi->PC,serialize,3638,0.452,27,,,
11:24:05.142,1410.7,gateway,gateway_B,gatewayB,2,PC->RPi,deserialize,3524,0.225,27,,,
11:24:05.148,1410.7,gateway,gateway_B,gatewayB,2,RPi->ESP32,serialize,3524,0.353,28,,,
11:24:05.173,1410.7,gateway,gateway_B,gatewayB,2,ESP32->RPi,deserialize,114,0.075,28,esp32_edge_normal_1,0,normal
11:24:08.073,1413.6,gateway,gateway_B,gatewayB,2,ESP32->RPi,deserialize,111,0.117,28,esp32_edge_simulator_1,1,mqtt_bruteforce
11:24:09.123,1414.7,gateway,gateway_B,gatewayB,2,ESP32->RPi,deserialize,120,0.068,28,esp32_edge_normal_2,0,normal
11:24:09.462,1415.0,gateway,gateway_B,gatewayB,2,ESP32->RPi,deserialize,120,0.15,28,esp32_edge_normal_1,0,normal
11:24:13.072,1418.6,gateway,gateway_B,gatewayB,2,ESP32->RPi,deserialize,120,0.152,28,esp32_edge_simulator_1,0,normal
11:24:14.123,1419.7,gateway,gateway_B,gatewayB,2,ESP32->RPi,deserialize,115,0.157,28,esp32_edge_normal_2,0,normal
11:24:14.467,1420.0,gateway,gateway_B,gatewayB,2,ESP32->RPi,deserialize,113,0.155,28,esp32_edge_normal_1,0,normal
11:24:18.067,1423.6,gateway,gateway_B,gatewayB,2,ESP32->RPi,deserialize,124,0.154,28,esp32_edge_simulator_1,0,normal
11:24:19.124,1424.7,gateway,gateway_B,gatewayB,2,ESP32->RPi,deserialize,118,0.131,28,esp32_edge_normal_2,0,normal
11:24:19.463,1425.0,gateway,gateway_B,gatewayB,2,ESP32->RPi,deserialize,120,0.144,28,esp32_edge_normal_1,0,normal
11:24:23.064,1428.6,gateway,gateway_B,gatewayB,2,ESP32->RPi,deserialize,117,0.15,28,esp32_edge_simulator_1,0,normal
11:24:24.153,1429.7,gateway,gateway_B,gatewayB,2,ESP32->RPi,deserialize,115,0.149,28,esp32_edge_normal_2,0,normal
11:24:24.495,1430.1,gateway,gateway_B,gatewayB,2,ESP32->RPi,deserialize,118,0.186,28,esp32_edge_normal_1,0,normal
11:24:28.065,1433.6,gateway,gateway_B,gatewayB,2,ESP32->RPi,deserialize,118,0.153,28,esp32_edge_simulator_1,0,normal
11:24:29.123,1434.7,gateway,gateway_B,gatewayB,2,ESP32->RPi,deserialize,117,0.148,28,esp32_edge_normal_2,0,normal
11:24:29.461,1435.0,gateway,gateway_B,gatewayB,2,ESP32->RPi,deserialize,106,0.131,28,esp32_edge_normal_1,0,normal
11:24:33.079,1438.6,gateway,gateway_B,gatewayB,2,ESP32->RPi,deserialize,112,0.151,28,esp32_edge_simulator_1,1,mqtt_bruteforce
11:24:34.125,1439.7,gateway,gateway_B,gatewayB,2,ESP32->RPi,deserialize,117,0.148,28,esp32_edge_normal_2,0,normal
11:24:34.461,1440.0,gateway,gateway_B,gatewayB,2,ESP32->RPi,deserialize,114,0.149,28,esp32_edge_normal_1,0,normal
11:24:38.064,1443.6,gateway,gateway_B,gatewayB,2,ESP32->RPi,deserialize,120,0.147,28,esp32_edge_simulator_1,0,normal
11:24:39.121,1444.7,gateway,gateway_B,gatewayB,2,ESP32->RPi,deserialize,116,0.149,28,esp32_edge_normal_2,0,normal
11:24:39.465,1445.0,gateway,gateway_B,gatewayB,2,ESP32->RPi,deserialize,114,0.146,28,esp32_edge_normal_1,0,normal
11:24:43.096,1448.7,gateway,gateway_B,gatewayB,2,ESP32->RPi,deserialize,111,0.118,28,esp32_edge_simulator_1,1,mqtt_bruteforce
11:24:44.121,1449.7,gateway,gateway_B,gatewayB,2,ESP32->RPi,deserialize,116,0.145,28,esp32_edge_normal_2,0,normal
11:24:44.462,1450.0,gateway,gateway_B,gatewayB,2,ESP32->RPi,deserialize,115,0.223,28,esp32_edge_normal_1,0,normal
11:24:48.072,1453.6,gateway,gateway_B,gatewayB,2,ESP32->RPi,deserialize,107,0.144,28,esp32_edge_simulator_1,2,scan_A
11:24:49.121,1454.7,gateway,gateway_B,gatewayB,2,ESP32->RPi,deserialize,117,0.152,28,esp32_edge_normal_2,0,normal
11:24:49.464,1455.0,gateway,gateway_B,gatewayB,2,ESP32->RPi,deserialize,121,0.147,28,esp32_edge_normal_1,0,normal
11:24:53.072,1458.6,gateway,gateway_B,gatewayB,2,ESP32->RPi,deserialize,112,0.149,28,esp32_edge_simulator_1,1,mqtt_bruteforce
11:24:54.120,1459.7,gateway,gateway_B,gatewayB,2,ESP32->RPi,deserialize,117,0.148,28,esp32_edge_normal_2,0,normal
11:24:55.210,1460.8,gateway,gateway_B,gatewayB,2,RPi->PC,serialize,3629,0.449,28,,,
11:24:55.292,1460.9,gateway,gateway_B,gatewayB,2,PC->RPi,deserialize,3528,0.229,28,,,
11:24:55.299,1460.9,gateway,gateway_B,gatewayB,2,RPi->ESP32,serialize,3528,0.375,29,,,
11:24:55.314,1460.9,gateway,gateway_B,gatewayB,2,ESP32->RPi,deserialize,113,0.077,29,esp32_edge_normal_1,0,normal
11:24:58.071,1463.6,gateway,gateway_B,gatewayB,2,ESP32->RPi,deserialize,111,0.069,29,esp32_edge_simulator_1,1,mqtt_bruteforce
11:24:59.124,1464.7,gateway,gateway_B,gatewayB,2,ESP32->RPi,deserialize,119,0.071,29,esp32_edge_normal_2,0,normal
11:24:59.462,1465.0,gateway,gateway_B,gatewayB,2,ESP32->RPi,deserialize,120,0.129,29,esp32_edge_normal_1,0,normal
11:25:03.072,1468.6,gateway,gateway_B,gatewayB,2,ESP32->RPi,deserialize,107,0.071,29,esp32_edge_simulator_1,2,scan_A
11:25:04.120,1469.7,gateway,gateway_B,gatewayB,2,ESP32->RPi,deserialize,117,0.07,29,esp32_edge_normal_2,0,normal
11:25:04.461,1470.0,gateway,gateway_B,gatewayB,2,ESP32->RPi,deserialize,117,0.072,29,esp32_edge_normal_1,0,normal
11:25:08.072,1473.6,gateway,gateway_B,gatewayB,2,ESP32->RPi,deserialize,108,0.149,29,esp32_edge_simulator_1,2,scan_A
11:25:09.121,1474.7,gateway,gateway_B,gatewayB,2,ESP32->RPi,deserialize,115,0.149,29,esp32_edge_normal_2,0,normal
11:25:09.462,1475.0,gateway,gateway_B,gatewayB,2,ESP32->RPi,deserialize,119,0.15,29,esp32_edge_normal_1,0,normal
11:25:13.080,1478.6,gateway,gateway_B,gatewayB,2,ESP32->RPi,deserialize,112,0.148,29,esp32_edge_simulator_1,1,mqtt_bruteforce
11:25:14.123,1479.7,gateway,gateway_B,gatewayB,2,ESP32->RPi,deserialize,117,0.194,29,esp32_edge_normal_2,0,normal
11:25:14.460,1480.0,gateway,gateway_B,gatewayB,2,ESP32->RPi,deserialize,115,0.145,29,esp32_edge_normal_1,0,normal
11:25:18.073,1483.6,gateway,gateway_B,gatewayB,2,ESP32->RPi,deserialize,123,0.148,29,esp32_edge_simulator_1,0,normal
11:25:19.123,1484.7,gateway,gateway_B,gatewayB,2,ESP32->RPi,deserialize,114,0.149,29,esp32_edge_normal_2,0,normal
11:25:19.461,1485.0,gateway,gateway_B,gatewayB,2,ESP32->RPi,deserialize,120,0.149,29,esp32_edge_normal_1,0,normal
11:25:23.071,1488.6,gateway,gateway_B,gatewayB,2,ESP32->RPi,deserialize,105,0.147,29,esp32_edge_simulator_1,2,scan_A
11:25:24.160,1489.7,gateway,gateway_B,gatewayB,2,ESP32->RPi,deserialize,116,0.15,29,esp32_edge_normal_2,0,normal
11:25:25.842,1491.4,gateway,gateway_B,gatewayB,2,ESP32->RPi,deserialize,118,0.101,29,esp32_edge_normal_1,0,normal
11:25:28.069,1493.6,gateway,gateway_B,gatewayB,2,ESP32->RPi,deserialize,123,0.149,29,esp32_edge_simulator_1,0,normal
11:25:29.125,1494.7,gateway,gateway_B,gatewayB,2,ESP32->RPi,deserialize,121,0.146,29,esp32_edge_normal_2,0,normal
11:25:29.464,1495.0,gateway,gateway_B,gatewayB,2,ESP32->RPi,deserialize,121,0.149,29,esp32_edge_normal_1,0,normal
11:25:33.072,1498.6,gateway,gateway_B,gatewayB,2,ESP32->RPi,deserialize,81,0.136,29,esp32_edge_simulator_1,2,scan_A
11:25:34.121,1499.7,gateway,gateway_B,gatewayB,2,ESP32->RPi,deserialize,119,0.146,29,esp32_edge_normal_2,0,normal
11:25:34.460,1500.0,gateway,gateway_B,gatewayB,2,ESP32->RPi,deserialize,115,0.149,29,esp32_edge_normal_1,0,normal
11:25:38.070,1503.6,gateway,gateway_B,gatewayB,2,ESP32->RPi,deserialize,81,0.182,29,esp32_edge_simulator_1,2,scan_A
11:25:39.122,1504.7,gateway,gateway_B,gatewayB,2,ESP32->RPi,deserialize,118,0.144,29,esp32_edge_normal_2,0,normal
11:25:39.459,1505.0,gateway,gateway_B,gatewayB,2,ESP32->RPi,deserialize,118,0.144,29,esp32_edge_normal_1,0,normal
11:25:43.076,1508.6,gateway,gateway_B,gatewayB,2,ESP32->RPi,deserialize,81,0.134,29,esp32_edge_simulator_1,2,scan_A
11:25:44.124,1509.7,gateway,gateway_B,gatewayB,2,ESP32->RPi,deserialize,117,0.143,29,esp32_edge_normal_2,0,normal
11:25:45.203,1510.8,gateway,gateway_B,gatewayB,2,RPi->PC,serialize,3642,0.499,29,,,
11:25:45.294,1510.9,gateway,gateway_B,gatewayB,2,PC->RPi,deserialize,3527,0.257,29,,,
11:25:45.300,1510.9,gateway,gateway_B,gatewayB,2,RPi->ESP32,serialize,3527,0.374,30,,,
11:25:45.315,1510.9,gateway,gateway_B,gatewayB,2,ESP32->RPi,deserialize,121,0.073,30,esp32_edge_normal_1,0,normal
11:25:48.073,1513.6,gateway,gateway_B,gatewayB,2,ESP32->RPi,deserialize,107,0.067,30,esp32_edge_simulator_1,2,scan_A
11:25:49.120,1514.7,gateway,gateway_B,gatewayB,2,ESP32->RPi,deserialize,121,0.065,30,esp32_edge_normal_2,0,normal
11:25:49.463,1515.0,gateway,gateway_B,gatewayB,2,ESP32->RPi,deserialize,117,0.15,30,esp32_edge_normal_1,0,normal
11:25:53.063,1518.6,gateway,gateway_B,gatewayB,2,ESP32->RPi,deserialize,122,0.153,30,esp32_edge_simulator_1,0,normal
11:25:54.133,1519.7,gateway,gateway_B,gatewayB,2,ESP32->RPi,deserialize,117,0.153,30,esp32_edge_normal_2,0,normal
11:25:54.467,1520.0,gateway,gateway_B,gatewayB,2,ESP32->RPi,deserialize,120,0.151,30,esp32_edge_normal_1,0,normal
11:25:58.071,1523.6,gateway,gateway_B,gatewayB,2,ESP32->RPi,deserialize,108,0.154,30,esp32_edge_simulator_1,2,scan_A
11:25:59.121,1524.7,gateway,gateway_B,gatewayB,2,ESP32->RPi,deserialize,119,0.153,30,esp32_edge_normal_2,0,normal
11:25:59.460,1525.0,gateway,gateway_B,gatewayB,2,ESP32->RPi,deserialize,116,0.149,30,esp32_edge_normal_1,0,normal
11:26:03.070,1528.6,gateway,gateway_B,gatewayB,2,ESP32->RPi,deserialize,107,0.161,30,esp32_edge_simulator_1,2,scan_A
11:26:04.119,1529.7,gateway,gateway_B,gatewayB,2,ESP32->RPi,deserialize,115,0.147,30,esp32_edge_normal_2,0,normal
11:26:04.461,1530.0,gateway,gateway_B,gatewayB,2,ESP32->RPi,deserialize,117,0.147,30,esp32_edge_normal_1,0,normal
11:26:08.064,1533.6,gateway,gateway_B,gatewayB,2,ESP32->RPi,deserialize,123,0.146,30,esp32_edge_simulator_1,0,normal
11:26:09.120,1534.7,gateway,gateway_B,gatewayB,2,ESP32->RPi,deserialize,115,0.146,30,esp32_edge_normal_2,0,normal
11:26:09.461,1535.0,gateway,gateway_B,gatewayB,2,ESP32->RPi,deserialize,118,0.24,30,esp32_edge_normal_1,0,normal
11:26:13.065,1538.6,gateway,gateway_B,gatewayB,2,ESP32->RPi,deserialize,123,0.149,30,esp32_edge_simulator_1,0,normal
11:26:14.122,1539.7,gateway,gateway_B,gatewayB,2,ESP32->RPi,deserialize,117,0.069,30,esp32_edge_normal_2,0,normal
11:26:14.459,1540.0,gateway,gateway_B,gatewayB,2,ESP32->RPi,deserialize,120,0.068,30,esp32_edge_normal_1,0,normal
11:26:18.068,1543.6,gateway,gateway_B,gatewayB,2,ESP32->RPi,deserialize,112,0.072,30,esp32_edge_simulator_1,1,mqtt_bruteforce
11:26:19.120,1544.7,gateway,gateway_B,gatewayB,2,ESP32->RPi,deserialize,119,0.144,30,esp32_edge_normal_2,0,normal
11:26:19.460,1545.0,gateway,gateway_B,gatewayB,2,ESP32->RPi,deserialize,119,0.148,30,esp32_edge_normal_1,0,normal
11:26:23.063,1548.6,gateway,gateway_B,gatewayB,2,ESP32->RPi,deserialize,122,0.151,30,esp32_edge_simulator_1,0,normal
11:26:24.165,1549.7,gateway,gateway_B,gatewayB,2,ESP32->RPi,deserialize,121,0.147,30,esp32_edge_normal_2,0,normal
11:26:24.510,1550.1,gateway,gateway_B,gatewayB,2,ESP32->RPi,deserialize,119,0.228,30,esp32_edge_normal_1,0,normal
