timestamp,uptime_s,device_name,device_suffix,hostname,run_id,channel,operation,pt_bytes,enc_bytes,overhead_bytes,elapsed_ms,fl_round,client_id,sample_label,sample_label_name
13:29:26.212,0.8,gateway,gateway_B,gatewayB,2,ESP32->RPi,decrypt,118,237,119,1.549,0,esp32_edge_normal_2,0,normal
13:30:15.069,49.6,gateway,gateway_B,gatewayB,2,ESP32->RPi,decrypt,120,237,117,3.824,0,esp32_edge_normal_2,0,normal
13:30:15.092,49.7,gateway,gateway_B,gatewayB,2,ESP32->RPi,decrypt,117,233,116,3.663,0,esp32_edge_normal_3,0,normal
13:30:18.383,52.9,gateway,gateway_B,gatewayB,2,ESP32->RPi,decrypt,120,237,117,4.245,0,esp32_edge_normal_1,0,normal
13:30:20.071,54.6,gateway,gateway_B,gatewayB,2,ESP32->RPi,decrypt,118,237,119,4.011,0,esp32_edge_normal_2,0,normal
13:30:20.103,54.7,gateway,gateway_B,gatewayB,2,ESP32->RPi,decrypt,121,241,120,4.262,0,esp32_edge_normal_3,0,normal
13:30:23.447,58.0,gateway,gateway_B,gatewayB,2,ESP32->RPi,decrypt,119,237,118,3.944,0,esp32_edge_normal_1,0,normal
13:30:25.069,59.6,gateway,gateway_B,gatewayB,2,ESP32->RPi,decrypt,117,233,116,4.238,0,esp32_edge_normal_2,0,normal
13:30:25.102,59.7,gateway,gateway_B,gatewayB,2,ESP32->RPi,decrypt,116,233,117,4.124,0,esp32_edge_normal_3,0,normal
13:30:28.465,63.0,gateway,gateway_B,gatewayB,2,ESP32->RPi,decrypt,117,233,116,4.148,0,esp32_edge_normal_1,0,normal
13:30:30.070,64.6,gateway,gateway_B,gatewayB,2,ESP32->RPi,decrypt,119,237,118,4.079,0,esp32_edge_normal_2,0,normal
13:30:30.092,64.7,gateway,gateway_B,gatewayB,2,ESP32->RPi,decrypt,115,233,118,4.168,0,esp32_edge_normal_3,0,normal
13:30:33.483,68.0,gateway,gateway_B,gatewayB,2,ESP32->RPi,decrypt,113,229,116,4.03,0,esp32_edge_normal_1,0,normal
13:30:35.071,69.6,gateway,gateway_B,gatewayB,2,ESP32->RPi,decrypt,117,233,116,4.082,0,esp32_edge_normal_2,0,normal
13:30:35.092,69.7,gateway,gateway_B,gatewayB,2,ESP32->RPi,decrypt,117,233,116,3.758,0,esp32_edge_normal_3,0,normal
13:30:38.399,73.0,gateway,gateway_B,gatewayB,2,ESP32->RPi,decrypt,120,237,117,4.346,0,esp32_edge_normal_1,0,normal
13:30:40.074,74.6,gateway,gateway_B,gatewayB,2,ESP32->RPi,decrypt,117,233,116,4.536,0,esp32_edge_normal_2,0,normal
13:30:40.093,74.7,gateway,gateway_B,gatewayB,2,ESP32->RPi,decrypt,120,237,117,4.836,0,esp32_edge_normal_3,0,normal
13:30:43.416,78.0,gateway,gateway_B,gatewayB,2,ESP32->RPi,decrypt,114,229,115,4.569,0,esp32_edge_normal_1,0,normal
13:30:45.136,79.7,gateway,gateway_B,gatewayB,2,ESP32->RPi,decrypt,118,237,119,4.565,0,esp32_edge_normal_2,0,normal
13:30:45.141,79.7,gateway,gateway_B,gatewayB,2,ESP32->RPi,decrypt,118,237,119,4.155,0,esp32_edge_normal_3,0,normal
13:30:48.443,83.0,gateway,gateway_B,gatewayB,2,ESP32->RPi,decrypt,118,237,119,4.074,0,esp32_edge_normal_1,0,normal
13:30:50.071,84.6,gateway,gateway_B,gatewayB,2,ESP32->RPi,decrypt,121,241,120,4.21,0,esp32_edge_normal_2,0,normal
13:30:51.095,85.7,gateway,gateway_B,gatewayB,2,ESP32->RPi,decrypt,115,233,118,4.021,0,esp32_edge_normal_3,0,normal
13:30:53.452,88.0,gateway,gateway_B,gatewayB,2,ESP32->RPi,decrypt,118,237,119,4.048,0,esp32_edge_normal_1,0,normal
13:30:55.068,89.6,gateway,gateway_B,gatewayB,2,ESP32->RPi,decrypt,117,233,116,4.031,0,esp32_edge_normal_2,0,normal
13:30:55.092,89.7,gateway,gateway_B,gatewayB,2,ESP32->RPi,decrypt,119,237,118,4.179,0,esp32_edge_normal_3,0,normal
13:30:58.381,92.9,gateway,gateway_B,gatewayB,2,ESP32->RPi,decrypt,121,241,120,4.171,0,esp32_edge_normal_1,0,normal
13:31:00.066,94.6,gateway,gateway_B,gatewayB,2,ESP32->RPi,decrypt,121,241,120,4.181,0,esp32_edge_normal_2,0,normal
13:31:00.091,94.7,gateway,gateway_B,gatewayB,2,ESP32->RPi,decrypt,121,241,120,3.847,0,esp32_edge_normal_3,0,normal
13:31:07.190,101.8,gateway,gateway_B,gatewayB,2,RPi->PC,encrypt,3635,4930,1295,40.602,0,,,
13:31:07.289,101.8,gateway,gateway_B,gatewayB,2,PC->RPi,decrypt,3528,4786,1258,32.078,0,,,
13:31:07.335,101.9,gateway,gateway_B,gatewayB,2,RPi->ESP32,encrypt,3528,4786,1258,38.861,1,,,
13:31:07.443,102.0,gateway,gateway_B,gatewayB,2,ESP32->RPi,decrypt,113,229,116,1.573,1,esp32_edge_normal_1,0,normal
13:31:07.445,102.0,gateway,gateway_B,gatewayB,2,ESP32->RPi,decrypt,115,233,118,1.411,1,esp32_edge_normal_2,0,normal
13:31:07.447,102.0,gateway,gateway_B,gatewayB,2,ESP32->RPi,decrypt,116,233,117,1.459,1,esp32_edge_normal_3,0,normal
13:31:19.269,113.8,gateway,gateway_B,gatewayB,2,ESP32->RPi,decrypt,121,241,120,3.942,1,esp32_edge_normal_3,0,normal
13:31:19.787,114.3,gateway,gateway_B,gatewayB,2,ESP32->RPi,decrypt,116,233,117,4.334,1,esp32_edge_normal_2,0,normal
13:31:19.847,114.4,gateway,gateway_B,gatewayB,2,ESP32->RPi,decrypt,115,233,118,4.214,1,esp32_edge_normal_1,0,normal
13:31:24.269,118.8,gateway,gateway_B,gatewayB,2,ESP32->RPi,decrypt,121,241,120,4.377,1,esp32_edge_normal_3,0,normal
13:31:24.789,119.4,gateway,gateway_B,gatewayB,2,ESP32->RPi,decrypt,120,237,117,4.081,1,esp32_edge_normal_2,0,normal
13:31:24.844,119.4,gateway,gateway_B,gatewayB,2,ESP32->RPi,decrypt,114,229,115,4.208,1,esp32_edge_normal_1,0,normal
13:31:29.266,123.8,gateway,gateway_B,gatewayB,2,ESP32->RPi,decrypt,121,241,120,4.4,1,esp32_edge_normal_3,0,normal
13:31:29.785,124.3,gateway,gateway_B,gatewayB,2,ESP32->RPi,decrypt,121,241,120,4.479,1,esp32_edge_normal_2,0,normal
13:31:29.882,124.4,gateway,gateway_B,gatewayB,2,ESP32->RPi,decrypt,119,237,118,3.525,1,esp32_edge_normal_1,0,normal
13:31:34.308,128.9,gateway,gateway_B,gatewayB,2,ESP32->RPi,decrypt,107,221,114,3.858,1,esp32_edge_normal_3,0,normal
13:31:34.787,129.3,gateway,gateway_B,gatewayB,2,ESP32->RPi,decrypt,119,237,118,3.994,1,esp32_edge_normal_2,0,normal
13:31:34.830,129.4,gateway,gateway_B,gatewayB,2,ESP32->RPi,decrypt,114,229,115,3.919,1,esp32_edge_normal_1,0,normal
13:31:39.265,133.8,gateway,gateway_B,gatewayB,2,ESP32->RPi,decrypt,120,237,117,3.772,1,esp32_edge_normal_3,0,normal
13:31:39.784,134.3,gateway,gateway_B,gatewayB,2,ESP32->RPi,decrypt,117,233,116,4.372,1,esp32_edge_normal_2,0,normal
13:31:39.827,134.4,gateway,gateway_B,gatewayB,2,ESP32->RPi,decrypt,119,237,118,4.523,1,esp32_edge_normal_1,0,normal
13:31:44.344,138.9,gateway,gateway_B,gatewayB,2,ESP32->RPi,decrypt,114,229,115,4.327,1,esp32_edge_normal_3,0,normal
13:31:44.791,139.4,gateway,gateway_B,gatewayB,2,ESP32->RPi,decrypt,106,221,115,3.975,1,esp32_edge_normal_2,0,normal
13:31:44.875,139.4,gateway,gateway_B,gatewayB,2,ESP32->RPi,decrypt,119,237,118,2.784,1,esp32_edge_normal_1,0,normal
13:31:49.295,143.9,gateway,gateway_B,gatewayB,2,ESP32->RPi,decrypt,111,225,114,4.025,1,esp32_edge_normal_3,0,normal
13:31:49.780,144.3,gateway,gateway_B,gatewayB,2,ESP32->RPi,decrypt,121,241,120,1.504,1,esp32_edge_normal_2,0,normal
13:31:49.825,144.4,gateway,gateway_B,gatewayB,2,ESP32->RPi,decrypt,118,237,119,1.404,1,esp32_edge_normal_1,0,normal
13:31:54.375,148.9,gateway,gateway_B,gatewayB,2,ESP32->RPi,decrypt,121,241,120,1.413,1,esp32_edge_normal_3,0,normal
13:31:54.784,149.3,gateway,gateway_B,gatewayB,2,ESP32->RPi,decrypt,119,237,118,4.0,1,esp32_edge_normal_2,0,normal
13:31:54.847,149.4,gateway,gateway_B,gatewayB,2,ESP32->RPi,decrypt,116,233,117,4.07,1,esp32_edge_normal_1,0,normal
13:31:59.269,153.8,gateway,gateway_B,gatewayB,2,ESP32->RPi,decrypt,119,237,118,3.496,1,esp32_edge_normal_3,0,normal
13:31:59.784,154.3,gateway,gateway_B,gatewayB,2,ESP32->RPi,decrypt,119,237,118,4.34,1,esp32_edge_normal_2,0,normal
13:31:59.831,154.4,gateway,gateway_B,gatewayB,2,ESP32->RPi,decrypt,120,237,117,4.16,1,esp32_edge_normal_1,0,normal
13:32:00.758,155.3,gateway,gateway_B,gatewayB,2,RPi->PC,encrypt,3635,4930,1295,36.554,1,,,
13:32:00.855,155.4,gateway,gateway_B,gatewayB,2,PC->RPi,decrypt,3547,4814,1267,33.954,1,,,
13:32:00.896,155.5,gateway,gateway_B,gatewayB,2,RPi->ESP32,encrypt,3547,4814,1267,33.85,2,,,
13:32:15.577,170.1,gateway,gateway_B,gatewayB,2,ESP32->RPi,decrypt,121,241,120,4.638,2,esp32_edge_normal_2,0,normal
13:32:15.582,170.1,gateway,gateway_B,gatewayB,2,ESP32->RPi,decrypt,117,233,116,3.933,2,esp32_edge_normal_1,0,normal
13:32:15.931,170.5,gateway,gateway_B,gatewayB,2,ESP32->RPi,decrypt,107,221,114,3.768,2,esp32_edge_normal_3,0,normal
13:32:20.436,175.0,gateway,gateway_B,gatewayB,2,ESP32->RPi,decrypt,115,233,118,3.999,2,esp32_edge_normal_2,0,normal
13:32:20.497,175.1,gateway,gateway_B,gatewayB,2,ESP32->RPi,decrypt,118,237,119,4.031,2,esp32_edge_normal_1,0,normal
13:32:20.923,175.5,gateway,gateway_B,gatewayB,2,ESP32->RPi,decrypt,121,241,120,4.413,2,esp32_edge_normal_3,0,normal
13:32:25.613,180.2,gateway,gateway_B,gatewayB,2,ESP32->RPi,decrypt,120,237,117,5.123,2,esp32_edge_normal_2,0,normal
13:32:25.619,180.2,gateway,gateway_B,gatewayB,2,ESP32->RPi,decrypt,120,237,117,4.438,2,esp32_edge_normal_1,0,normal
13:32:25.946,180.5,gateway,gateway_B,gatewayB,2,ESP32->RPi,decrypt,119,237,118,4.45,2,esp32_edge_normal_3,0,normal
13:32:30.630,185.2,gateway,gateway_B,gatewayB,2,ESP32->RPi,decrypt,117,233,116,4.527,2,esp32_edge_normal_2,0,normal
13:32:30.635,185.2,gateway,gateway_B,gatewayB,2,ESP32->RPi,decrypt,114,229,115,4.288,2,esp32_edge_normal_1,0,normal
13:32:30.920,185.5,gateway,gateway_B,gatewayB,2,ESP32->RPi,decrypt,115,233,118,3.491,2,esp32_edge_normal_3,0,normal
13:32:35.648,190.2,gateway,gateway_B,gatewayB,2,ESP32->RPi,decrypt,106,221,115,4.549,2,esp32_edge_normal_2,0,normal
13:32:35.653,190.2,gateway,gateway_B,gatewayB,2,ESP32->RPi,decrypt,121,241,120,4.265,2,esp32_edge_normal_1,0,normal
13:32:35.930,190.5,gateway,gateway_B,gatewayB,2,ESP32->RPi,decrypt,121,241,120,4.549,2,esp32_edge_normal_3,0,normal
13:32:40.461,195.0,gateway,gateway_B,gatewayB,2,ESP32->RPi,decrypt,115,233,118,4.465,2,esp32_edge_normal_2,0,normal
13:32:40.484,195.0,gateway,gateway_B,gatewayB,2,ESP32->RPi,decrypt,116,233,117,4.286,2,esp32_edge_normal_1,0,normal
13:32:40.934,195.5,gateway,gateway_B,gatewayB,2,ESP32->RPi,decrypt,118,237,119,4.159,2,esp32_edge_normal_3,0,normal
13:32:45.434,200.0,gateway,gateway_B,gatewayB,2,ESP32->RPi,decrypt,116,233,117,4.06,2,esp32_edge_normal_2,0,normal
13:32:45.548,200.1,gateway,gateway_B,gatewayB,2,ESP32->RPi,decrypt,114,229,115,2.096,2,esp32_edge_normal_1,0,normal
13:32:45.969,200.5,gateway,gateway_B,gatewayB,2,ESP32->RPi,decrypt,119,237,118,3.972,2,esp32_edge_normal_3,0,normal
13:32:50.436,205.0,gateway,gateway_B,gatewayB,2,ESP32->RPi,decrypt,120,237,117,4.371,2,esp32_edge_normal_2,0,normal
13:32:50.496,205.1,gateway,gateway_B,gatewayB,2,ESP32->RPi,decrypt,121,241,120,3.945,2,esp32_edge_normal_1,0,normal
13:32:50.921,205.5,gateway,gateway_B,gatewayB,2,ESP32->RPi,decrypt,116,233,117,4.399,2,esp32_edge_normal_3,0,normal
13:32:55.512,210.1,gateway,gateway_B,gatewayB,2,ESP32->RPi,decrypt,106,221,115,3.735,2,esp32_edge_normal_2,0,normal
13:32:55.517,210.1,gateway,gateway_B,gatewayB,2,ESP32->RPi,decrypt,120,237,117,3.749,2,esp32_edge_normal_1,0,normal
13:32:55.922,210.5,gateway,gateway_B,gatewayB,2,ESP32->RPi,decrypt,115,233,118,4.419,2,esp32_edge_normal_3,0,normal
13:33:00.531,215.1,gateway,gateway_B,gatewayB,2,ESP32->RPi,decrypt,114,229,115,4.712,2,esp32_edge_normal_2,0,normal
13:33:00.537,215.1,gateway,gateway_B,gatewayB,2,ESP32->RPi,decrypt,117,233,116,4.076,2,esp32_edge_normal_1,0,normal
13:33:00.921,215.5,gateway,gateway_B,gatewayB,2,ESP32->RPi,decrypt,120,237,117,4.294,2,esp32_edge_normal_3,0,normal
13:33:01.902,216.5,gateway,gateway_B,gatewayB,2,RPi->PC,encrypt,3638,4934,1296,39.861,2,,,
13:33:01.994,216.6,gateway,gateway_B,gatewayB,2,PC->RPi,decrypt,3538,4802,1264,30.079,2,,,
13:33:02.035,216.6,gateway,gateway_B,gatewayB,2,RPi->ESP32,encrypt,3538,4802,1264,34.711,3,,,
13:33:14.500,229.1,gateway,gateway_B,gatewayB,2,ESP32->RPi,decrypt,114,229,115,4.628,3,esp32_edge_normal_2,0,normal
13:33:14.506,229.1,gateway,gateway_B,gatewayB,2,ESP32->RPi,decrypt,114,229,115,4.232,3,esp32_edge_normal_3,0,normal
13:33:15.037,229.6,gateway,gateway_B,gatewayB,2,ESP32->RPi,decrypt,112,229,117,4.47,3,esp32_edge_normal_1,0,normal
13:33:19.457,234.0,gateway,gateway_B,gatewayB,2,ESP32->RPi,decrypt,120,237,117,3.861,3,esp32_edge_normal_2,0,normal
13:33:19.475,234.0,gateway,gateway_B,gatewayB,2,ESP32->RPi,decrypt,117,233,116,3.727,3,esp32_edge_normal_3,0,normal
13:33:20.041,234.6,gateway,gateway_B,gatewayB,2,ESP32->RPi,decrypt,114,229,115,4.508,3,esp32_edge_normal_1,0,normal
13:33:24.466,239.0,gateway,gateway_B,gatewayB,2,ESP32->RPi,decrypt,113,229,116,4.091,3,esp32_edge_normal_2,0,normal
13:33:24.476,239.0,gateway,gateway_B,gatewayB,2,ESP32->RPi,decrypt,119,237,118,3.857,3,esp32_edge_normal_3,0,normal
13:33:25.031,239.6,gateway,gateway_B,gatewayB,2,ESP32->RPi,decrypt,117,233,116,3.91,3,esp32_edge_normal_1,0,normal
13:33:29.453,244.0,gateway,gateway_B,gatewayB,2,ESP32->RPi,decrypt,114,229,115,3.916,3,esp32_edge_normal_2,0,normal
13:33:29.482,244.0,gateway,gateway_B,gatewayB,2,ESP32->RPi,decrypt,116,233,117,4.252,3,esp32_edge_normal_3,0,normal
13:33:30.037,244.6,gateway,gateway_B,gatewayB,2,ESP32->RPi,decrypt,120,237,117,4.43,3,esp32_edge_normal_1,0,normal
13:33:34.463,249.0,gateway,gateway_B,gatewayB,2,ESP32->RPi,decrypt,114,229,115,4.246,3,esp32_edge_normal_2,0,normal
13:33:34.484,249.0,gateway,gateway_B,gatewayB,2,ESP32->RPi,decrypt,118,237,119,4.228,3,esp32_edge_normal_3,0,normal
13:33:35.028,249.6,gateway,gateway_B,gatewayB,2,ESP32->RPi,decrypt,115,233,118,4.143,3,esp32_edge_normal_1,0,normal
13:33:39.550,254.1,gateway,gateway_B,gatewayB,2,ESP32->RPi,decrypt,120,237,117,4.267,3,esp32_edge_normal_2,0,normal
13:33:39.555,254.1,gateway,gateway_B,gatewayB,2,ESP32->RPi,decrypt,120,237,117,3.992,3,esp32_edge_normal_3,0,normal
13:33:40.023,254.6,gateway,gateway_B,gatewayB,2,ESP32->RPi,decrypt,118,237,119,4.202,3,esp32_edge_normal_1,0,normal
13:33:44.472,259.0,gateway,gateway_B,gatewayB,2,ESP32->RPi,decrypt,120,237,117,4.513,3,esp32_edge_normal_2,0,normal
13:33:44.479,259.0,gateway,gateway_B,gatewayB,2,ESP32->RPi,decrypt,114,229,115,4.285,3,esp32_edge_normal_3,0,normal
13:33:45.034,259.6,gateway,gateway_B,gatewayB,2,ESP32->RPi,decrypt,117,233,116,4.285,3,esp32_edge_normal_1,0,normal
13:33:49.453,264.0,gateway,gateway_B,gatewayB,2,ESP32->RPi,decrypt,119,237,118,4.248,3,esp32_edge_normal_2,0,normal
13:33:49.481,264.0,gateway,gateway_B,gatewayB,2,ESP32->RPi,decrypt,116,233,117,4.035,3,esp32_edge_normal_3,0,normal
13:33:50.050,264.6,gateway,gateway_B,gatewayB,2,ESP32->RPi,decrypt,117,233,116,1.418,3,esp32_edge_normal_1,0,normal
13:33:54.497,269.1,gateway,gateway_B,gatewayB,2,ESP32->RPi,decrypt,121,241,120,1.384,3,esp32_edge_normal_2,0,normal
13:33:54.499,269.1,gateway,gateway_B,gatewayB,2,ESP32->RPi,decrypt,117,233,116,1.324,3,esp32_edge_normal_3,0,normal
13:33:55.034,269.6,gateway,gateway_B,gatewayB,2,ESP32->RPi,decrypt,121,241,120,4.373,3,esp32_edge_normal_1,0,normal
13:33:59.514,274.1,gateway,gateway_B,gatewayB,2,ESP32->RPi,decrypt,118,237,119,4.352,3,esp32_edge_normal_2,0,normal
13:33:59.520,274.1,gateway,gateway_B,gatewayB,2,ESP32->RPi,decrypt,118,237,119,4.448,3,esp32_edge_normal_3,0,normal
13:34:00.037,274.6,gateway,gateway_B,gatewayB,2,ESP32->RPi,decrypt,115,233,118,4.447,3,esp32_edge_normal_1,0,normal
13:34:00.991,275.6,gateway,gateway_B,gatewayB,2,RPi->PC,encrypt,3623,4914,1291,37.869,3,,,
13:34:01.076,275.6,gateway,gateway_B,gatewayB,2,PC->RPi,decrypt,3538,4802,1264,31.167,3,,,
13:34:01.121,275.7,gateway,gateway_B,gatewayB,2,RPi->ESP32,encrypt,3538,4802,1264,38.137,4,,,
13:34:13.648,288.2,gateway,gateway_B,gatewayB,2,ESP32->RPi,decrypt,121,241,120,4.656,4,esp32_edge_normal_3,0,normal
13:34:13.669,288.2,gateway,gateway_B,gatewayB,2,ESP32->RPi,decrypt,120,237,117,4.531,4,esp32_edge_normal_2,0,normal
13:34:13.728,288.3,gateway,gateway_B,gatewayB,2,ESP32->RPi,decrypt,121,241,120,2.653,4,esp32_edge_normal_1,0,normal
13:34:18.646,293.2,gateway,gateway_B,gatewayB,2,ESP32->RPi,decrypt,113,229,116,4.246,4,esp32_edge_normal_3,0,normal
13:34:18.671,293.2,gateway,gateway_B,gatewayB,2,ESP32->RPi,decrypt,117,233,116,4.317,4,esp32_edge_normal_2,0,normal
13:34:18.720,293.3,gateway,gateway_B,gatewayB,2,ESP32->RPi,decrypt,110,225,115,4.775,4,esp32_edge_normal_1,0,normal
13:34:23.791,298.4,gateway,gateway_B,gatewayB,2,ESP32->RPi,decrypt,114,229,115,4.457,4,esp32_edge_normal_3,0,normal
13:34:23.797,298.4,gateway,gateway_B,gatewayB,2,ESP32->RPi,decrypt,120,237,117,4.457,4,esp32_edge_normal_2,0,normal
13:34:23.802,298.4,gateway,gateway_B,gatewayB,2,ESP32->RPi,decrypt,118,237,119,4.136,4,esp32_edge_normal_1,0,normal
13:34:28.658,303.2,gateway,gateway_B,gatewayB,2,ESP32->RPi,decrypt,121,241,120,4.548,4,esp32_edge_normal_3,0,normal
13:34:28.708,303.3,gateway,gateway_B,gatewayB,2,ESP32->RPi,decrypt,120,237,117,4.799,4,esp32_edge_normal_2,0,normal
13:34:28.714,303.3,gateway,gateway_B,gatewayB,2,ESP32->RPi,decrypt,121,241,120,4.275,4,esp32_edge_normal_1,0,normal
13:34:33.650,308.2,gateway,gateway_B,gatewayB,2,ESP32->RPi,decrypt,120,237,117,4.441,4,esp32_edge_normal_3,0,normal
13:34:33.685,308.2,gateway,gateway_B,gatewayB,2,ESP32->RPi,decrypt,119,237,118,4.381,4,esp32_edge_normal_2,0,normal
13:34:33.717,308.3,gateway,gateway_B,gatewayB,2,ESP32->RPi,decrypt,117,233,116,2.631,4,esp32_edge_normal_1,0,normal
13:34:38.837,313.4,gateway,gateway_B,gatewayB,2,ESP32->RPi,decrypt,117,233,116,5.328,4,esp32_edge_normal_3,0,normal
13:34:38.843,313.4,gateway,gateway_B,gatewayB,2,ESP32->RPi,decrypt,117,233,116,4.674,4,esp32_edge_normal_2,0,normal
13:34:38.849,313.4,gateway,gateway_B,gatewayB,2,ESP32->RPi,decrypt,116,233,117,4.669,4,esp32_edge_normal_1,0,normal
13:34:43.640,318.2,gateway,gateway_B,gatewayB,2,ESP32->RPi,decrypt,113,229,116,1.555,4,esp32_edge_normal_3,0,normal
13:34:43.683,318.2,gateway,gateway_B,gatewayB,2,ESP32->RPi,decrypt,118,237,119,1.563,4,esp32_edge_normal_2,0,normal
13:34:43.708,318.3,gateway,gateway_B,gatewayB,2,ESP32->RPi,decrypt,115,233,118,1.359,4,esp32_edge_normal_1,0,normal
13:34:48.668,323.2,gateway,gateway_B,gatewayB,2,ESP32->RPi,decrypt,115,233,118,3.429,4,esp32_edge_normal_2,0,normal
13:34:48.673,323.2,gateway,gateway_B,gatewayB,2,ESP32->RPi,decrypt,117,233,116,3.212,4,esp32_edge_normal_3,0,normal
13:34:48.724,323.3,gateway,gateway_B,gatewayB,2,ESP32->RPi,decrypt,114,229,115,1.504,4,esp32_edge_normal_1,0,normal
13:34:53.642,328.2,gateway,gateway_B,gatewayB,2,ESP32->RPi,decrypt,121,241,120,1.608,4,esp32_edge_normal_3,0,normal
13:34:53.665,328.2,gateway,gateway_B,gatewayB,2,ESP32->RPi,decrypt,121,241,120,1.521,4,esp32_edge_normal_2,0,normal
13:34:53.701,328.3,gateway,gateway_B,gatewayB,2,ESP32->RPi,decrypt,121,241,120,1.534,4,esp32_edge_normal_1,0,normal
13:34:58.702,333.3,gateway,gateway_B,gatewayB,2,ESP32->RPi,decrypt,117,233,116,4.416,4,esp32_edge_normal_3,0,normal
13:34:58.708,333.3,gateway,gateway_B,gatewayB,2,ESP32->RPi,decrypt,120,237,117,4.687,4,esp32_edge_normal_2,0,normal
13:34:58.714,333.3,gateway,gateway_B,gatewayB,2,ESP32->RPi,decrypt,113,229,116,4.795,4,esp32_edge_normal_1,0,normal
13:34:59.650,334.2,gateway,gateway_B,gatewayB,2,RPi->PC,encrypt,3629,4922,1293,36.627,4,,,
13:34:59.741,334.3,gateway,gateway_B,gatewayB,2,PC->RPi,decrypt,3537,4798,1261,34.701,4,,,
13:34:59.782,334.3,gateway,gateway_B,gatewayB,2,RPi->ESP32,encrypt,3537,4798,1261,33.953,5,,,
13:37:02.921,457.5,gateway,gateway_B,gatewayB,2,ESP32->RPi,decrypt,107,221,114,4.424,5,esp32_edge_normal_3,0,normal
13:38:12.828,527.4,gateway,gateway_B,gatewayB,2,ESP32->RPi,decrypt,109,225,116,2.704,5,esp32_edge_simulator_1,1,mqtt_bruteforce
13:38:17.060,531.6,gateway,gateway_B,gatewayB,2,ESP32->RPi,decrypt,117,233,116,1.479,5,esp32_edge_normal_1,0,normal
13:38:17.351,531.9,gateway,gateway_B,gatewayB,2,ESP32->RPi,decrypt,112,229,117,1.476,5,esp32_edge_normal_2,0,normal
13:38:17.819,532.4,gateway,gateway_B,gatewayB,2,ESP32->RPi,decrypt,117,233,116,1.492,5,esp32_edge_simulator_1,0,normal
13:38:22.066,536.6,gateway,gateway_B,gatewayB,2,ESP32->RPi,decrypt,119,237,118,4.332,5,esp32_edge_normal_1,0,normal
13:38:22.359,536.9,gateway,gateway_B,gatewayB,2,ESP32->RPi,decrypt,117,233,116,3.789,5,esp32_edge_normal_2,0,normal
13:38:22.833,537.4,gateway,gateway_B,gatewayB,2,ESP32->RPi,decrypt,103,217,114,3.979,5,esp32_edge_simulator_1,2,scan_A
13:38:27.191,541.8,gateway,gateway_B,gatewayB,2,ESP32->RPi,decrypt,113,229,116,4.598,5,esp32_edge_normal_1,0,normal
13:38:27.355,541.9,gateway,gateway_B,gatewayB,2,ESP32->RPi,decrypt,118,237,119,2.763,5,esp32_edge_normal_2,0,normal
13:38:27.840,542.4,gateway,gateway_B,gatewayB,2,ESP32->RPi,decrypt,112,229,117,4.366,5,esp32_edge_simulator_1,1,mqtt_bruteforce
13:38:32.063,546.6,gateway,gateway_B,gatewayB,2,ESP32->RPi,decrypt,121,241,120,4.599,5,esp32_edge_normal_1,0,normal
13:38:32.354,546.9,gateway,gateway_B,gatewayB,2,ESP32->RPi,decrypt,115,233,118,3.571,5,esp32_edge_normal_2,0,normal
13:38:32.830,547.4,gateway,gateway_B,gatewayB,2,ESP32->RPi,decrypt,81,185,104,3.821,5,esp32_edge_simulator_1,2,scan_A
13:38:37.066,551.6,gateway,gateway_B,gatewayB,2,ESP32->RPi,decrypt,115,233,118,4.66,5,esp32_edge_normal_1,0,normal
13:38:37.359,551.9,gateway,gateway_B,gatewayB,2,ESP32->RPi,decrypt,115,233,118,4.495,5,esp32_edge_normal_2,0,normal
13:38:37.825,552.4,gateway,gateway_B,gatewayB,2,ESP32->RPi,decrypt,120,237,117,4.569,5,esp32_edge_simulator_1,0,normal
13:38:42.244,556.8,gateway,gateway_B,gatewayB,2,ESP32->RPi,decrypt,119,237,118,3.882,5,esp32_edge_normal_1,0,normal
13:38:42.358,556.9,gateway,gateway_B,gatewayB,2,ESP32->RPi,decrypt,118,237,119,1.396,5,esp32_edge_normal_2,0,normal
13:38:42.818,557.4,gateway,gateway_B,gatewayB,2,ESP32->RPi,decrypt,119,237,118,1.436,5,esp32_edge_simulator_1,0,normal
13:38:47.058,561.6,gateway,gateway_B,gatewayB,2,ESP32->RPi,decrypt,119,237,118,1.51,5,esp32_edge_normal_1,0,normal
13:38:47.394,562.0,gateway,gateway_B,gatewayB,2,ESP32->RPi,decrypt,117,233,116,4.433,5,esp32_edge_normal_2,0,normal
13:38:47.912,562.5,gateway,gateway_B,gatewayB,2,ESP32->RPi,decrypt,113,229,116,4.68,5,esp32_edge_simulator_1,1,mqtt_bruteforce
13:38:52.059,566.6,gateway,gateway_B,gatewayB,2,ESP32->RPi,decrypt,117,233,116,1.431,5,esp32_edge_normal_1,0,normal
13:38:52.361,566.9,gateway,gateway_B,gatewayB,2,ESP32->RPi,decrypt,118,237,119,1.371,5,esp32_edge_normal_2,0,normal
13:38:52.841,567.4,gateway,gateway_B,gatewayB,2,ESP32->RPi,decrypt,121,241,120,1.42,5,esp32_edge_simulator_1,0,normal
13:38:57.062,571.6,gateway,gateway_B,gatewayB,2,ESP32->RPi,decrypt,117,233,116,3.926,5,esp32_edge_normal_1,0,normal
13:38:57.359,571.9,gateway,gateway_B,gatewayB,2,ESP32->RPi,decrypt,119,237,118,3.96,5,esp32_edge_normal_2,0,normal
13:38:57.821,572.4,gateway,gateway_B,gatewayB,2,ESP32->RPi,decrypt,123,241,118,4.195,5,esp32_edge_simulator_1,0,normal
13:39:02.110,576.7,gateway,gateway_B,gatewayB,2,ESP32->RPi,decrypt,118,237,119,4.008,5,esp32_edge_normal_1,0,normal
13:39:03.089,577.7,gateway,gateway_B,gatewayB,2,RPi->PC,encrypt,3648,4946,1298,39.119,5,,,
13:39:03.168,577.7,gateway,gateway_B,gatewayB,2,PC->RPi,decrypt,3535,4798,1263,31.11,5,,,
13:39:03.206,577.8,gateway,gateway_B,gatewayB,2,RPi->ESP32,encrypt,3535,4798,1263,31.912,6,,,
13:39:03.386,577.9,gateway,gateway_B,gatewayB,2,ESP32->RPi,decrypt,116,233,117,1.553,6,esp32_edge_normal_2,0,normal
13:39:03.388,577.9,gateway,gateway_B,gatewayB,2,ESP32->RPi,decrypt,81,185,104,1.119,6,esp32_edge_simulator_1,2,scan_A
13:39:15.831,590.4,gateway,gateway_B,gatewayB,2,ESP32->RPi,decrypt,107,221,114,4.092,6,esp32_edge_simulator_1,2,scan_A
13:39:15.837,590.4,gateway,gateway_B,gatewayB,2,ESP32->RPi,decrypt,114,229,115,3.933,6,esp32_edge_normal_2,0,normal
13:39:15.842,590.4,gateway,gateway_B,gatewayB,2,ESP32->RPi,decrypt,120,237,117,3.972,6,esp32_edge_normal_1,0,normal
13:39:20.851,595.4,gateway,gateway_B,gatewayB,2,ESP32->RPi,decrypt,113,229,116,3.964,6,esp32_edge_simulator_1,1,mqtt_bruteforce
13:39:20.856,595.4,gateway,gateway_B,gatewayB,2,ESP32->RPi,decrypt,119,237,118,3.806,6,esp32_edge_normal_2,0,normal
13:39:20.861,595.4,gateway,gateway_B,gatewayB,2,ESP32->RPi,decrypt,117,233,116,3.822,6,esp32_edge_normal_1,0,normal
13:39:25.766,600.3,gateway,gateway_B,gatewayB,2,ESP32->RPi,decrypt,108,221,113,3.737,6,esp32_edge_simulator_1,1,mqtt_bruteforce
13:39:25.771,600.3,gateway,gateway_B,gatewayB,2,ESP32->RPi,decrypt,114,229,115,3.799,6,esp32_edge_normal_2,0,normal
13:39:25.775,600.3,gateway,gateway_B,gatewayB,2,ESP32->RPi,decrypt,116,233,117,3.88,6,esp32_edge_normal_1,0,normal
13:39:30.782,605.3,gateway,gateway_B,gatewayB,2,ESP32->RPi,decrypt,107,221,114,4.021,6,esp32_edge_simulator_1,1,mqtt_bruteforce
13:39:30.787,605.3,gateway,gateway_B,gatewayB,2,ESP32->RPi,decrypt,115,233,118,4.094,6,esp32_edge_normal_2,0,normal
13:39:30.792,605.4,gateway,gateway_B,gatewayB,2,ESP32->RPi,decrypt,117,233,116,4.199,6,esp32_edge_normal_1,0,normal
13:39:35.737,610.3,gateway,gateway_B,gatewayB,2,ESP32->RPi,decrypt,124,245,121,4.316,6,esp32_edge_simulator_1,0,normal
13:39:35.749,610.3,gateway,gateway_B,gatewayB,2,ESP32->RPi,decrypt,120,237,117,4.221,6,esp32_edge_normal_2,0,normal
13:39:35.764,610.3,gateway,gateway_B,gatewayB,2,ESP32->RPi,decrypt,116,233,117,4.085,6,esp32_edge_normal_1,0,normal
13:39:40.738,615.3,gateway,gateway_B,gatewayB,2,ESP32->RPi,decrypt,117,233,116,4.214,6,esp32_edge_simulator_1,0,normal
13:39:40.748,615.3,gateway,gateway_B,gatewayB,2,ESP32->RPi,decrypt,114,229,115,4.39,6,esp32_edge_normal_2,0,normal
13:39:40.766,615.3,gateway,gateway_B,gatewayB,2,ESP32->RPi,decrypt,117,233,116,4.319,6,esp32_edge_normal_1,0,normal
13:39:45.762,620.3,gateway,gateway_B,gatewayB,2,ESP32->RPi,decrypt,106,221,115,4.595,6,esp32_edge_simulator_1,1,mqtt_bruteforce
13:39:45.768,620.3,gateway,gateway_B,gatewayB,2,ESP32->RPi,decrypt,121,241,120,4.564,6,esp32_edge_normal_2,0,normal
13:39:45.775,620.3,gateway,gateway_B,gatewayB,2,ESP32->RPi,decrypt,120,237,117,4.383,6,esp32_edge_normal_1,0,normal
13:39:50.730,625.3,gateway,gateway_B,gatewayB,2,ESP32->RPi,decrypt,124,245,121,4.14,6,esp32_edge_simulator_1,0,normal
13:39:50.750,625.3,gateway,gateway_B,gatewayB,2,ESP32->RPi,decrypt,119,237,118,4.173,6,esp32_edge_normal_2,0,normal
13:39:50.764,625.3,gateway,gateway_B,gatewayB,2,ESP32->RPi,decrypt,116,233,117,4.295,6,esp32_edge_normal_1,0,normal
13:39:55.765,630.3,gateway,gateway_B,gatewayB,2,ESP32->RPi,decrypt,113,229,116,1.401,6,esp32_edge_simulator_1,1,mqtt_bruteforce
13:39:55.768,630.3,gateway,gateway_B,gatewayB,2,ESP32->RPi,decrypt,118,237,119,1.453,6,esp32_edge_normal_2,0,normal
13:39:55.770,630.3,gateway,gateway_B,gatewayB,2,ESP32->RPi,decrypt,117,233,116,1.394,6,esp32_edge_normal_1,0,normal
13:40:00.787,635.3,gateway,gateway_B,gatewayB,2,ESP32->RPi,decrypt,108,221,113,4.35,6,esp32_edge_simulator_1,2,scan_A
13:40:01.827,636.4,gateway,gateway_B,gatewayB,2,RPi->PC,encrypt,3647,4946,1299,37.451,6,,,
13:40:01.910,636.5,gateway,gateway_B,gatewayB,2,PC->RPi,decrypt,3538,4802,1264,30.875,6,,,
13:40:01.949,636.5,gateway,gateway_B,gatewayB,2,RPi->ESP32,encrypt,3538,4802,1264,32.994,7,,,
13:40:02.063,636.6,gateway,gateway_B,gatewayB,2,ESP32->RPi,decrypt,114,229,115,1.504,7,esp32_edge_normal_2,0,normal
13:40:02.066,636.6,gateway,gateway_B,gatewayB,2,ESP32->RPi,decrypt,118,237,119,1.492,7,esp32_edge_normal_1,0,normal
13:40:14.409,649.0,gateway,gateway_B,gatewayB,2,ESP32->RPi,decrypt,112,229,117,4.383,7,esp32_edge_simulator_1,1,mqtt_bruteforce
13:40:14.902,649.5,gateway,gateway_B,gatewayB,2,ESP32->RPi,decrypt,115,233,118,4.655,7,esp32_edge_normal_2,0,normal
13:40:14.961,649.5,gateway,gateway_B,gatewayB,2,ESP32->RPi,decrypt,114,229,115,4.318,7,esp32_edge_normal_1,0,normal
13:40:19.399,654.0,gateway,gateway_B,gatewayB,2,ESP32->RPi,decrypt,119,237,118,1.67,7,esp32_edge_simulator_1,0,normal
13:40:19.903,654.5,gateway,gateway_B,gatewayB,2,ESP32->RPi,decrypt,119,237,118,1.485,7,esp32_edge_normal_2,0,normal
13:40:19.953,654.5,gateway,gateway_B,gatewayB,2,ESP32->RPi,decrypt,115,233,118,1.479,7,esp32_edge_normal_1,0,normal
13:40:24.408,659.0,gateway,gateway_B,gatewayB,2,ESP32->RPi,decrypt,121,241,120,1.385,7,esp32_edge_simulator_1,0,normal
13:40:24.899,659.5,gateway,gateway_B,gatewayB,2,ESP32->RPi,decrypt,121,241,120,1.508,7,esp32_edge_normal_2,0,normal
13:40:24.954,659.5,gateway,gateway_B,gatewayB,2,ESP32->RPi,decrypt,117,233,116,1.528,7,esp32_edge_normal_1,0,normal
13:40:29.458,664.0,gateway,gateway_B,gatewayB,2,ESP32->RPi,decrypt,119,237,118,4.377,7,esp32_edge_simulator_1,0,normal
13:40:29.902,664.5,gateway,gateway_B,gatewayB,2,ESP32->RPi,decrypt,117,233,116,4.377,7,esp32_edge_normal_2,0,normal
13:40:29.955,664.5,gateway,gateway_B,gatewayB,2,ESP32->RPi,decrypt,115,233,118,4.352,7,esp32_edge_normal_1,0,normal
13:40:34.476,669.0,gateway,gateway_B,gatewayB,2,ESP32->RPi,decrypt,107,221,114,3.866,7,esp32_edge_simulator_1,2,scan_A
13:40:34.905,669.5,gateway,gateway_B,gatewayB,2,ESP32->RPi,decrypt,119,237,118,4.479,7,esp32_edge_normal_2,0,normal
13:40:34.967,669.5,gateway,gateway_B,gatewayB,2,ESP32->RPi,decrypt,120,237,117,4.571,7,esp32_edge_normal_1,0,normal
13:40:39.409,674.0,gateway,gateway_B,gatewayB,2,ESP32->RPi,decrypt,107,221,114,4.117,7,esp32_edge_simulator_1,2,scan_A
13:40:39.903,674.5,gateway,gateway_B,gatewayB,2,ESP32->RPi,decrypt,114,229,115,4.5,7,esp32_edge_normal_2,0,normal
13:40:39.969,674.5,gateway,gateway_B,gatewayB,2,ESP32->RPi,decrypt,113,229,116,3.653,7,esp32_edge_normal_1,0,normal
13:40:44.408,679.0,gateway,gateway_B,gatewayB,2,ESP32->RPi,decrypt,117,233,116,3.768,7,esp32_edge_simulator_1,0,normal
13:40:44.902,679.5,gateway,gateway_B,gatewayB,2,ESP32->RPi,decrypt,118,237,119,4.227,7,esp32_edge_normal_2,0,normal
13:40:45.023,679.6,gateway,gateway_B,gatewayB,2,ESP32->RPi,decrypt,118,237,119,2.849,7,esp32_edge_normal_1,0,normal
13:40:49.408,684.0,gateway,gateway_B,gatewayB,2,ESP32->RPi,decrypt,112,229,117,4.18,7,esp32_edge_simulator_1,1,mqtt_bruteforce
13:40:49.901,684.5,gateway,gateway_B,gatewayB,2,ESP32->RPi,decrypt,118,237,119,1.438,7,esp32_edge_normal_2,0,normal
13:40:49.966,684.5,gateway,gateway_B,gatewayB,2,ESP32->RPi,decrypt,120,237,117,1.493,7,esp32_edge_normal_1,0,normal
13:40:54.404,689.0,gateway,gateway_B,gatewayB,2,ESP32->RPi,decrypt,101,213,112,1.26,7,esp32_edge_simulator_1,2,scan_A
13:40:54.904,689.5,gateway,gateway_B,gatewayB,2,ESP32->RPi,decrypt,115,233,118,4.179,7,esp32_edge_normal_2,0,normal
13:40:54.955,689.5,gateway,gateway_B,gatewayB,2,ESP32->RPi,decrypt,116,233,117,3.03,7,esp32_edge_normal_1,0,normal
13:40:59.568,694.1,gateway,gateway_B,gatewayB,2,ESP32->RPi,decrypt,108,221,113,3.779,7,esp32_edge_simulator_1,1,mqtt_bruteforce
13:41:00.523,695.1,gateway,gateway_B,gatewayB,2,RPi->PC,encrypt,3635,4930,1295,37.986,7,,,
13:41:00.629,695.2,gateway,gateway_B,gatewayB,2,PC->RPi,decrypt,3531,4790,1259,32.676,7,,,
13:41:00.671,695.2,gateway,gateway_B,gatewayB,2,RPi->ESP32,encrypt,3531,4790,1259,35.817,8,,,
13:41:00.844,695.4,gateway,gateway_B,gatewayB,2,ESP32->RPi,decrypt,118,237,119,1.468,8,esp32_edge_normal_2,0,normal
13:41:00.847,695.4,gateway,gateway_B,gatewayB,2,ESP32->RPi,decrypt,116,233,117,1.607,8,esp32_edge_normal_1,0,normal
13:41:13.798,708.4,gateway,gateway_B,gatewayB,2,ESP32->RPi,decrypt,116,233,117,4.508,8,esp32_edge_simulator_1,1,mqtt_bruteforce
13:41:13.804,708.4,gateway,gateway_B,gatewayB,2,ESP32->RPi,decrypt,119,237,118,4.277,8,esp32_edge_normal_2,0,normal
13:41:13.809,708.4,gateway,gateway_B,gatewayB,2,ESP32->RPi,decrypt,118,237,119,4.249,8,esp32_edge_normal_1,0,normal
13:41:18.714,713.3,gateway,gateway_B,gatewayB,2,ESP32->RPi,decrypt,107,221,114,3.631,8,esp32_edge_simulator_1,2,scan_A
13:41:18.720,713.3,gateway,gateway_B,gatewayB,2,ESP32->RPi,decrypt,120,237,117,4.106,8,esp32_edge_normal_2,0,normal
13:41:18.770,713.3,gateway,gateway_B,gatewayB,2,ESP32->RPi,decrypt,119,237,118,4.003,8,esp32_edge_normal_1,0,normal
13:41:23.707,718.3,gateway,gateway_B,gatewayB,2,ESP32->RPi,decrypt,115,233,118,4.383,8,esp32_edge_normal_2,0,normal
13:41:23.712,718.3,gateway,gateway_B,gatewayB,2,ESP32->RPi,decrypt,108,221,113,3.951,8,esp32_edge_simulator_1,2,scan_A
13:41:23.751,718.3,gateway,gateway_B,gatewayB,2,ESP32->RPi,decrypt,119,237,118,4.346,8,esp32_edge_normal_1,0,normal
13:41:28.750,723.3,gateway,gateway_B,gatewayB,2,ESP32->RPi,decrypt,122,241,119,4.345,8,esp32_edge_simulator_1,0,normal
13:41:28.755,723.3,gateway,gateway_B,gatewayB,2,ESP32->RPi,decrypt,112,229,117,4.106,8,esp32_edge_normal_2,0,normal
13:41:28.761,723.3,gateway,gateway_B,gatewayB,2,ESP32->RPi,decrypt,117,233,116,4.14,8,esp32_edge_normal_1,0,normal
13:41:33.767,728.3,gateway,gateway_B,gatewayB,2,ESP32->RPi,decrypt,107,221,114,4.07,8,esp32_edge_simulator_1,2,scan_A
13:41:33.773,728.3,gateway,gateway_B,gatewayB,2,ESP32->RPi,decrypt,116,233,117,4.229,8,esp32_edge_normal_2,0,normal
13:41:33.777,728.3,gateway,gateway_B,gatewayB,2,ESP32->RPi,decrypt,120,237,117,3.585,8,esp32_edge_normal_1,0,normal
13:41:38.784,733.3,gateway,gateway_B,gatewayB,2,ESP32->RPi,decrypt,111,225,114,4.614,8,esp32_edge_simulator_1,1,mqtt_bruteforce
13:41:38.790,733.4,gateway,gateway_B,gatewayB,2,ESP32->RPi,decrypt,120,237,117,4.292,8,esp32_edge_normal_2,0,normal
13:41:38.795,733.4,gateway,gateway_B,gatewayB,2,ESP32->RPi,decrypt,121,241,120,4.393,8,esp32_edge_normal_1,0,normal
13:41:43.705,738.3,gateway,gateway_B,gatewayB,2,ESP32->RPi,decrypt,108,221,113,4.408,8,esp32_edge_simulator_1,1,mqtt_bruteforce
13:41:43.710,738.3,gateway,gateway_B,gatewayB,2,ESP32->RPi,decrypt,118,237,119,4.017,8,esp32_edge_normal_2,0,normal
13:41:43.738,738.3,gateway,gateway_B,gatewayB,2,ESP32->RPi,decrypt,120,237,117,3.998,8,esp32_edge_normal_1,0,normal
13:41:48.703,743.3,gateway,gateway_B,gatewayB,2,ESP32->RPi,decrypt,107,221,114,2.784,8,esp32_edge_simulator_1,1,mqtt_bruteforce
13:41:48.711,743.3,gateway,gateway_B,gatewayB,2,ESP32->RPi,decrypt,120,237,117,3.08,8,esp32_edge_normal_2,0,normal
13:41:48.740,743.3,gateway,gateway_B,gatewayB,2,ESP32->RPi,decrypt,115,233,118,2.91,8,esp32_edge_normal_1,0,normal
13:41:53.695,748.3,gateway,gateway_B,gatewayB,2,ESP32->RPi,decrypt,113,229,116,1.446,8,esp32_edge_simulator_1,1,mqtt_bruteforce
13:41:53.700,748.3,gateway,gateway_B,gatewayB,2,ESP32->RPi,decrypt,117,233,116,1.374,8,esp32_edge_normal_2,0,normal
13:41:53.734,748.3,gateway,gateway_B,gatewayB,2,ESP32->RPi,decrypt,116,233,117,1.479,8,esp32_edge_normal_1,0,normal
13:41:58.757,753.3,gateway,gateway_B,gatewayB,2,ESP32->RPi,decrypt,108,221,113,4.783,8,esp32_edge_simulator_1,2,scan_A
13:41:59.900,754.5,gateway,gateway_B,gatewayB,2,RPi->PC,encrypt,3652,4954,1302,37.397,8,,,
13:42:00.028,754.6,gateway,gateway_B,gatewayB,2,PC->RPi,decrypt,3536,4798,1262,33.892,8,,,
13:42:00.068,754.6,gateway,gateway_B,gatewayB,2,RPi->ESP32,encrypt,3536,4798,1262,33.717,9,,,
13:42:00.203,754.8,gateway,gateway_B,gatewayB,2,ESP32->RPi,decrypt,116,233,117,1.52,9,esp32_edge_normal_2,0,normal
13:42:00.206,754.8,gateway,gateway_B,gatewayB,2,ESP32->RPi,decrypt,118,237,119,1.514,9,esp32_edge_normal_1,0,normal
13:42:12.595,767.2,gateway,gateway_B,gatewayB,2,ESP32->RPi,decrypt,113,229,116,4.017,9,esp32_edge_simulator_1,1,mqtt_bruteforce
13:42:12.605,767.2,gateway,gateway_B,gatewayB,2,ESP32->RPi,decrypt,119,237,118,3.674,9,esp32_edge_normal_2,0,normal
13:42:12.621,767.2,gateway,gateway_B,gatewayB,2,ESP32->RPi,decrypt,117,233,116,3.709,9,esp32_edge_normal_1,0,normal
13:42:17.590,772.2,gateway,gateway_B,gatewayB,2,ESP32->RPi,decrypt,102,213,111,3.812,9,esp32_edge_simulator_1,2,scan_A
13:42:17.598,772.2,gateway,gateway_B,gatewayB,2,ESP32->RPi,decrypt,117,233,116,4.442,9,esp32_edge_normal_2,0,normal
13:42:17.637,772.2,gateway,gateway_B,gatewayB,2,ESP32->RPi,decrypt,116,233,117,3.502,9,esp32_edge_normal_1,0,normal
13:42:22.582,777.1,gateway,gateway_B,gatewayB,2,ESP32->RPi,decrypt,119,237,118,4.392,9,esp32_edge_simulator_1,0,normal
13:42:22.608,777.2,gateway,gateway_B,gatewayB,2,ESP32->RPi,decrypt,116,233,117,4.416,9,esp32_edge_normal_2,0,normal
13:42:22.633,777.2,gateway,gateway_B,gatewayB,2,ESP32->RPi,decrypt,119,237,118,4.582,9,esp32_edge_normal_1,0,normal
13:42:27.631,782.2,gateway,gateway_B,gatewayB,2,ESP32->RPi,decrypt,113,229,116,4.481,9,esp32_edge_simulator_1,1,mqtt_bruteforce
13:42:27.636,782.2,gateway,gateway_B,gatewayB,2,ESP32->RPi,decrypt,120,237,117,4.445,9,esp32_edge_normal_2,0,normal
13:42:27.642,782.2,gateway,gateway_B,gatewayB,2,ESP32->RPi,decrypt,118,237,119,4.466,9,esp32_edge_normal_1,0,normal
13:42:32.647,787.2,gateway,gateway_B,gatewayB,2,ESP32->RPi,decrypt,122,241,119,4.656,9,esp32_edge_simulator_1,0,normal
13:42:32.653,787.2,gateway,gateway_B,gatewayB,2,ESP32->RPi,decrypt,121,241,120,4.325,9,esp32_edge_normal_2,0,normal
13:42:32.658,787.2,gateway,gateway_B,gatewayB,2,ESP32->RPi,decrypt,119,237,118,4.135,9,esp32_edge_normal_1,0,normal
13:42:37.591,792.2,gateway,gateway_B,gatewayB,2,ESP32->RPi,decrypt,81,185,104,3.163,9,esp32_edge_simulator_1,2,scan_A
13:42:37.598,792.2,gateway,gateway_B,gatewayB,2,ESP32->RPi,decrypt,120,237,117,4.138,9,esp32_edge_normal_2,0,normal
13:42:37.619,792.2,gateway,gateway_B,gatewayB,2,ESP32->RPi,decrypt,117,233,116,4.085,9,esp32_edge_normal_1,0,normal
13:42:42.595,797.2,gateway,gateway_B,gatewayB,2,ESP32->RPi,decrypt,108,221,113,3.769,9,esp32_edge_simulator_1,2,scan_A
13:42:42.600,797.2,gateway,gateway_B,gatewayB,2,ESP32->RPi,decrypt,117,233,116,3.962,9,esp32_edge_normal_2,0,normal
13:42:42.615,797.2,gateway,gateway_B,gatewayB,2,ESP32->RPi,decrypt,114,229,115,3.975,9,esp32_edge_normal_1,0,normal
13:42:47.649,802.2,gateway,gateway_B,gatewayB,2,ESP32->RPi,decrypt,121,241,120,1.382,9,esp32_edge_normal_2,0,normal
13:42:47.652,802.2,gateway,gateway_B,gatewayB,2,ESP32->RPi,decrypt,107,221,114,1.35,9,esp32_edge_simulator_1,2,scan_A
13:42:47.654,802.2,gateway,gateway_B,gatewayB,2,ESP32->RPi,decrypt,108,221,113,1.341,9,esp32_edge_normal_1,0,normal
13:42:52.585,807.1,gateway,gateway_B,gatewayB,2,ESP32->RPi,decrypt,123,241,118,1.515,9,esp32_edge_simulator_1,0,normal
13:42:52.593,807.2,gateway,gateway_B,gatewayB,2,ESP32->RPi,decrypt,111,225,114,1.426,9,esp32_edge_normal_2,0,normal
13:42:52.615,807.2,gateway,gateway_B,gatewayB,2,ESP32->RPi,decrypt,120,237,117,1.537,9,esp32_edge_normal_1,0,normal
13:42:57.589,812.2,gateway,gateway_B,gatewayB,2,ESP32->RPi,decrypt,110,225,115,4.021,9,esp32_edge_simulator_1,1,mqtt_bruteforce
13:42:58.540,813.1,gateway,gateway_B,gatewayB,2,RPi->PC,encrypt,3649,4950,1301,37.076,9,,,
13:42:58.647,813.2,gateway,gateway_B,gatewayB,2,PC->RPi,decrypt,3530,4790,1260,31.023,9,,,
13:42:58.688,813.2,gateway,gateway_B,gatewayB,2,RPi->ESP32,encrypt,3530,4790,1260,34.726,10,,,
13:42:58.876,813.4,gateway,gateway_B,gatewayB,2,ESP32->RPi,decrypt,120,237,117,1.697,10,esp32_edge_normal_2,0,normal
13:42:58.879,813.4,gateway,gateway_B,gatewayB,2,ESP32->RPi,decrypt,117,233,116,1.495,10,esp32_edge_normal_1,0,normal
13:43:11.867,826.4,gateway,gateway_B,gatewayB,2,ESP32->RPi,decrypt,102,213,111,4.079,10,esp32_edge_simulator_1,2,scan_A
13:43:11.872,826.4,gateway,gateway_B,gatewayB,2,ESP32->RPi,decrypt,115,233,118,4.343,10,esp32_edge_normal_2,0,normal
13:43:12.309,826.9,gateway,gateway_B,gatewayB,2,ESP32->RPi,decrypt,120,237,117,1.49,10,esp32_edge_normal_1,0,normal
13:43:16.758,831.3,gateway,gateway_B,gatewayB,2,ESP32->RPi,decrypt,110,225,115,1.451,10,esp32_edge_simulator_1,1,mqtt_bruteforce
13:43:16.784,831.3,gateway,gateway_B,gatewayB,2,ESP32->RPi,decrypt,113,229,116,1.617,10,esp32_edge_normal_2,0,normal
13:43:17.313,831.9,gateway,gateway_B,gatewayB,2,ESP32->RPi,decrypt,114,229,115,4.295,10,esp32_edge_normal_1,0,normal
13:43:21.903,836.5,gateway,gateway_B,gatewayB,2,ESP32->RPi,decrypt,117,233,116,4.837,10,esp32_edge_simulator_1,0,normal
13:43:21.908,836.5,gateway,gateway_B,gatewayB,2,ESP32->RPi,decrypt,116,233,117,4.048,10,esp32_edge_normal_2,0,normal
13:43:22.297,836.9,gateway,gateway_B,gatewayB,2,ESP32->RPi,decrypt,116,233,117,3.966,10,esp32_edge_normal_1,0,normal
13:43:26.760,841.3,gateway,gateway_B,gatewayB,2,ESP32->RPi,decrypt,118,237,119,3.974,10,esp32_edge_simulator_1,0,normal
13:43:26.787,841.3,gateway,gateway_B,gatewayB,2,ESP32->RPi,decrypt,115,233,118,3.558,10,esp32_edge_normal_2,0,normal
13:43:27.287,841.8,gateway,gateway_B,gatewayB,2,ESP32->RPi,decrypt,119,237,118,1.314,10,esp32_edge_normal_1,0,normal
13:43:31.743,846.3,gateway,gateway_B,gatewayB,2,ESP32->RPi,decrypt,110,225,115,1.357,10,esp32_edge_simulator_1,0,normal
13:43:31.784,846.3,gateway,gateway_B,gatewayB,2,ESP32->RPi,decrypt,115,233,118,1.442,10,esp32_edge_normal_2,0,normal
13:43:32.300,846.9,gateway,gateway_B,gatewayB,2,ESP32->RPi,decrypt,116,233,117,4.162,10,esp32_edge_normal_1,0,normal
13:43:36.755,851.3,gateway,gateway_B,gatewayB,2,ESP32->RPi,decrypt,112,229,117,3.82,10,esp32_edge_simulator_1,1,mqtt_bruteforce
13:43:36.789,851.3,gateway,gateway_B,gatewayB,2,ESP32->RPi,decrypt,121,241,120,3.939,10,esp32_edge_normal_2,0,normal
13:43:37.315,851.9,gateway,gateway_B,gatewayB,2,ESP32->RPi,decrypt,116,233,117,4.007,10,esp32_edge_normal_1,0,normal
13:43:41.747,856.3,gateway,gateway_B,gatewayB,2,ESP32->RPi,decrypt,123,241,118,4.132,10,esp32_edge_simulator_1,0,normal
13:43:41.786,856.3,gateway,gateway_B,gatewayB,2,ESP32->RPi,decrypt,117,233,116,3.501,10,esp32_edge_normal_2,0,normal
13:43:42.289,856.9,gateway,gateway_B,gatewayB,2,ESP32->RPi,decrypt,114,229,115,3.992,10,esp32_edge_normal_1,0,normal
13:43:46.807,861.4,gateway,gateway_B,gatewayB,2,ESP32->RPi,decrypt,112,229,117,3.951,10,esp32_edge_simulator_1,1,mqtt_bruteforce
13:43:46.813,861.4,gateway,gateway_B,gatewayB,2,ESP32->RPi,decrypt,114,229,115,4.224,10,esp32_edge_normal_2,0,normal
13:43:47.324,861.9,gateway,gateway_B,gatewayB,2,ESP32->RPi,decrypt,119,237,118,4.273,10,esp32_edge_normal_1,0,normal
13:43:51.746,866.3,gateway,gateway_B,gatewayB,2,ESP32->RPi,decrypt,122,241,119,1.53,10,esp32_edge_simulator_1,0,normal
13:43:51.784,866.3,gateway,gateway_B,gatewayB,2,ESP32->RPi,decrypt,121,241,120,1.542,10,esp32_edge_normal_2,0,normal
13:43:52.285,866.8,gateway,gateway_B,gatewayB,2,ESP32->RPi,decrypt,115,233,118,1.351,10,esp32_edge_normal_1,0,normal
13:43:56.746,871.3,gateway,gateway_B,gatewayB,2,ESP32->RPi,decrypt,115,233,118,3.433,10,esp32_edge_simulator_1,0,normal
13:43:57.698,872.3,gateway,gateway_B,gatewayB,2,RPi->PC,encrypt,3635,4930,1295,36.575,10,,,
13:43:57.792,872.4,gateway,gateway_B,gatewayB,2,PC->RPi,decrypt,3540,4802,1262,31.073,10,,,
13:43:57.836,872.4,gateway,gateway_B,gatewayB,2,RPi->ESP32,encrypt,3540,4802,1262,37.123,11,,,
13:43:57.953,872.5,gateway,gateway_B,gatewayB,2,ESP32->RPi,decrypt,114,229,115,1.523,11,esp32_edge_normal_2,0,normal
13:43:57.955,872.5,gateway,gateway_B,gatewayB,2,ESP32->RPi,decrypt,117,233,116,1.594,11,esp32_edge_normal_1,0,normal
13:44:10.839,885.4,gateway,gateway_B,gatewayB,2,ESP32->RPi,decrypt,81,185,104,3.584,11,esp32_edge_simulator_1,2,scan_A
13:44:10.914,885.5,gateway,gateway_B,gatewayB,2,ESP32->RPi,decrypt,121,241,120,4.781,11,esp32_edge_normal_1,0,normal
13:44:10.929,885.5,gateway,gateway_B,gatewayB,2,ESP32->RPi,decrypt,120,237,117,4.547,11,esp32_edge_normal_2,0,normal
13:44:15.970,890.5,gateway,gateway_B,gatewayB,2,ESP32->RPi,decrypt,123,241,118,4.321,11,esp32_edge_simulator_1,0,normal
13:44:15.975,890.5,gateway,gateway_B,gatewayB,2,ESP32->RPi,decrypt,119,237,118,3.915,11,esp32_edge_normal_2,0,normal
13:44:15.980,890.5,gateway,gateway_B,gatewayB,2,ESP32->RPi,decrypt,117,233,116,3.849,11,esp32_edge_normal_1,0,normal
13:44:20.828,895.4,gateway,gateway_B,gatewayB,2,ESP32->RPi,decrypt,117,233,116,3.376,11,esp32_edge_simulator_1,0,normal
13:44:20.870,895.4,gateway,gateway_B,gatewayB,2,ESP32->RPi,decrypt,119,237,118,3.715,11,esp32_edge_normal_2,0,normal
13:44:20.898,895.5,gateway,gateway_B,gatewayB,2,ESP32->RPi,decrypt,118,237,119,2.78,11,esp32_edge_normal_1,0,normal
13:44:26.006,900.6,gateway,gateway_B,gatewayB,2,ESP32->RPi,decrypt,118,237,119,5.035,11,esp32_edge_simulator_1,0,normal
13:44:26.012,900.6,gateway,gateway_B,gatewayB,2,ESP32->RPi,decrypt,116,233,117,4.24,11,esp32_edge_normal_2,0,normal
13:44:26.017,900.6,gateway,gateway_B,gatewayB,2,ESP32->RPi,decrypt,117,233,116,4.141,11,esp32_edge_normal_1,0,normal
13:44:31.023,905.6,gateway,gateway_B,gatewayB,2,ESP32->RPi,decrypt,120,237,117,4.524,11,esp32_edge_simulator_1,0,normal
13:44:31.029,905.6,gateway,gateway_B,gatewayB,2,ESP32->RPi,decrypt,120,237,117,4.212,11,esp32_edge_normal_2,0,normal
13:44:31.034,905.6,gateway,gateway_B,gatewayB,2,ESP32->RPi,decrypt,113,229,116,3.831,11,esp32_edge_normal_1,0,normal
13:44:36.042,910.6,gateway,gateway_B,gatewayB,2,ESP32->RPi,decrypt,119,237,118,5.116,11,esp32_edge_simulator_1,0,normal
13:44:36.047,910.6,gateway,gateway_B,gatewayB,2,ESP32->RPi,decrypt,117,233,116,4.018,11,esp32_edge_normal_2,0,normal
13:44:36.051,910.6,gateway,gateway_B,gatewayB,2,ESP32->RPi,decrypt,119,237,118,3.615,11,esp32_edge_normal_1,0,normal
13:44:40.853,915.4,gateway,gateway_B,gatewayB,2,ESP32->RPi,decrypt,112,229,117,3.633,11,esp32_edge_simulator_1,1,mqtt_bruteforce
13:44:40.860,915.4,gateway,gateway_B,gatewayB,2,ESP32->RPi,decrypt,118,237,119,3.469,11,esp32_edge_normal_2,0,normal
13:44:40.962,915.5,gateway,gateway_B,gatewayB,2,ESP32->RPi,decrypt,117,233,116,3.181,11,esp32_edge_normal_1,0,normal
13:44:45.952,920.5,gateway,gateway_B,gatewayB,2,ESP32->RPi,decrypt,108,221,113,4.783,11,esp32_edge_simulator_1,2,scan_A
13:44:45.957,920.5,gateway,gateway_B,gatewayB,2,ESP32->RPi,decrypt,112,229,117,4.207,11,esp32_edge_normal_2,0,normal
13:44:45.963,920.5,gateway,gateway_B,gatewayB,2,ESP32->RPi,decrypt,115,233,118,4.2,11,esp32_edge_normal_1,0,normal
13:44:50.884,925.4,gateway,gateway_B,gatewayB,2,ESP32->RPi,decrypt,111,225,114,1.379,11,esp32_edge_simulator_1,1,mqtt_bruteforce
13:44:50.887,925.4,gateway,gateway_B,gatewayB,2,ESP32->RPi,decrypt,119,237,118,1.326,11,esp32_edge_normal_2,0,normal
13:44:50.889,925.5,gateway,gateway_B,gatewayB,2,ESP32->RPi,decrypt,118,237,119,1.255,11,esp32_edge_normal_1,0,normal
13:44:55.906,930.5,gateway,gateway_B,gatewayB,2,ESP32->RPi,decrypt,106,221,115,3.739,11,esp32_edge_simulator_1,2,scan_A
13:44:56.864,931.4,gateway,gateway_B,gatewayB,2,RPi->PC,encrypt,3646,4946,1300,37.363,11,,,
13:44:56.989,931.6,gateway,gateway_B,gatewayB,2,PC->RPi,decrypt,3547,4814,1267,29.897,11,,,
13:44:57.030,931.6,gateway,gateway_B,gatewayB,2,RPi->ESP32,encrypt,3547,4814,1267,34.461,12,,,
13:44:57.211,931.8,gateway,gateway_B,gatewayB,2,ESP32->RPi,decrypt,117,233,116,1.341,12,esp32_edge_normal_2,0,normal
13:44:57.213,931.8,gateway,gateway_B,gatewayB,2,ESP32->RPi,decrypt,116,233,117,1.316,12,esp32_edge_normal_1,0,normal
13:45:09.526,944.1,gateway,gateway_B,gatewayB,2,ESP32->RPi,decrypt,123,241,118,4.179,12,esp32_edge_simulator_1,0,normal
13:45:10.080,944.6,gateway,gateway_B,gatewayB,2,ESP32->RPi,decrypt,121,241,120,4.15,12,esp32_edge_normal_2,0,normal
13:45:10.095,944.7,gateway,gateway_B,gatewayB,2,ESP32->RPi,decrypt,116,233,117,3.99,12,esp32_edge_normal_1,0,normal
13:45:14.647,949.2,gateway,gateway_B,gatewayB,2,ESP32->RPi,decrypt,81,185,104,3.141,12,esp32_edge_simulator_1,2,scan_A
13:45:15.055,949.6,gateway,gateway_B,gatewayB,2,ESP32->RPi,decrypt,119,237,118,4.02,12,esp32_edge_normal_2,0,normal
13:45:15.137,949.7,gateway,gateway_B,gatewayB,2,ESP32->RPi,decrypt,117,233,116,4.099,12,esp32_edge_normal_1,0,normal
13:45:19.531,954.1,gateway,gateway_B,gatewayB,2,ESP32->RPi,decrypt,102,213,111,3.764,12,esp32_edge_simulator_1,2,scan_A
13:45:20.081,954.6,gateway,gateway_B,gatewayB,2,ESP32->RPi,decrypt,120,237,117,4.627,12,esp32_edge_normal_1,0,normal
13:45:20.102,954.7,gateway,gateway_B,gatewayB,2,ESP32->RPi,decrypt,117,233,116,4.269,12,esp32_edge_normal_2,0,normal
13:45:24.532,959.1,gateway,gateway_B,gatewayB,2,ESP32->RPi,decrypt,112,229,117,4.088,12,esp32_edge_simulator_1,1,mqtt_bruteforce
13:45:25.047,959.6,gateway,gateway_B,gatewayB,2,ESP32->RPi,decrypt,118,237,119,4.016,12,esp32_edge_normal_2,0,normal
13:45:25.087,959.6,gateway,gateway_B,gatewayB,2,ESP32->RPi,decrypt,115,233,118,4.413,12,esp32_edge_normal_1,0,normal
13:45:29.598,964.2,gateway,gateway_B,gatewayB,2,ESP32->RPi,decrypt,81,185,104,3.08,12,esp32_edge_simulator_1,2,scan_A
13:45:30.048,964.6,gateway,gateway_B,gatewayB,2,ESP32->RPi,decrypt,121,241,120,1.433,12,esp32_edge_normal_2,0,normal
13:45:30.085,964.6,gateway,gateway_B,gatewayB,2,ESP32->RPi,decrypt,115,233,118,1.418,12,esp32_edge_normal_1,0,normal
13:45:34.611,969.2,gateway,gateway_B,gatewayB,2,ESP32->RPi,decrypt,120,237,117,1.485,12,esp32_edge_simulator_1,0,normal
13:45:35.056,969.6,gateway,gateway_B,gatewayB,2,ESP32->RPi,decrypt,120,237,117,4.326,12,esp32_edge_normal_2,0,normal
13:45:35.109,969.7,gateway,gateway_B,gatewayB,2,ESP32->RPi,decrypt,117,233,116,4.404,12,esp32_edge_normal_1,0,normal
13:45:39.526,974.1,gateway,gateway_B,gatewayB,2,ESP32->RPi,decrypt,112,229,117,1.369,12,esp32_edge_simulator_1,0,normal
13:45:40.050,974.6,gateway,gateway_B,gatewayB,2,ESP32->RPi,decrypt,114,229,115,1.282,12,esp32_edge_normal_2,0,normal
13:45:40.075,974.6,gateway,gateway_B,gatewayB,2,ESP32->RPi,decrypt,115,233,118,1.284,12,esp32_edge_normal_1,0,normal
13:45:44.630,979.2,gateway,gateway_B,gatewayB,2,ESP32->RPi,decrypt,118,237,119,3.841,12,esp32_edge_simulator_1,0,normal
13:45:45.055,979.6,gateway,gateway_B,gatewayB,2,ESP32->RPi,decrypt,117,233,116,3.871,12,esp32_edge_normal_2,0,normal
13:45:45.155,979.7,gateway,gateway_B,gatewayB,2,ESP32->RPi,decrypt,121,241,120,2.75,12,esp32_edge_normal_1,0,normal
13:45:49.519,984.1,gateway,gateway_B,gatewayB,2,ESP32->RPi,decrypt,120,237,117,1.387,12,esp32_edge_simulator_1,0,normal
13:45:50.042,984.6,gateway,gateway_B,gatewayB,2,ESP32->RPi,decrypt,117,233,116,1.439,12,esp32_edge_normal_2,0,normal
13:45:50.073,984.6,gateway,gateway_B,gatewayB,2,ESP32->RPi,decrypt,117,233,116,1.44,12,esp32_edge_normal_1,0,normal
13:45:54.539,989.1,gateway,gateway_B,gatewayB,2,ESP32->RPi,decrypt,113,229,116,4.209,12,esp32_edge_simulator_1,1,mqtt_bruteforce
13:45:55.509,990.1,gateway,gateway_B,gatewayB,2,RPi->PC,encrypt,3632,4926,1294,36.141,12,,,
13:45:55.603,990.2,gateway,gateway_B,gatewayB,2,PC->RPi,decrypt,3532,4794,1262,30.159,12,,,
13:45:55.640,990.2,gateway,gateway_B,gatewayB,2,RPi->ESP32,encrypt,3532,4794,1262,31.09,13,,,
13:45:55.813,990.4,gateway,gateway_B,gatewayB,2,ESP32->RPi,decrypt,120,237,117,1.521,13,esp32_edge_normal_2,0,normal
13:45:55.816,990.4,gateway,gateway_B,gatewayB,2,ESP32->RPi,decrypt,121,241,120,1.512,13,esp32_edge_normal_1,0,normal
13:46:08.710,1003.3,gateway,gateway_B,gatewayB,2,ESP32->RPi,decrypt,107,221,114,3.939,13,esp32_edge_simulator_1,2,scan_A
13:46:08.769,1003.3,gateway,gateway_B,gatewayB,2,ESP32->RPi,decrypt,113,229,116,2.76,13,esp32_edge_normal_1,0,normal
13:46:09.203,1003.8,gateway,gateway_B,gatewayB,2,ESP32->RPi,decrypt,120,237,117,3.777,13,esp32_edge_normal_2,0,normal
13:46:13.709,1008.3,gateway,gateway_B,gatewayB,2,ESP32->RPi,decrypt,109,225,116,4.044,13,esp32_edge_simulator_1,1,mqtt_bruteforce
13:46:13.764,1008.3,gateway,gateway_B,gatewayB,2,ESP32->RPi,decrypt,118,237,119,3.668,13,esp32_edge_normal_1,0,normal
13:46:14.206,1008.8,gateway,gateway_B,gatewayB,2,ESP32->RPi,decrypt,121,241,120,4.401,13,esp32_edge_normal_2,0,normal
13:46:18.701,1013.3,gateway,gateway_B,gatewayB,2,ESP32->RPi,decrypt,124,245,121,4.363,13,esp32_edge_simulator_1,0,normal
13:46:18.760,1013.3,gateway,gateway_B,gatewayB,2,ESP32->RPi,decrypt,118,237,119,4.052,13,esp32_edge_normal_1,0,normal
13:46:19.211,1013.8,gateway,gateway_B,gatewayB,2,ESP32->RPi,decrypt,113,229,116,4.171,13,esp32_edge_normal_2,0,normal
13:46:23.709,1018.3,gateway,gateway_B,gatewayB,2,ESP32->RPi,decrypt,107,221,114,3.962,13,esp32_edge_simulator_1,2,scan_A
13:46:23.766,1018.3,gateway,gateway_B,gatewayB,2,ESP32->RPi,decrypt,119,237,118,4.169,13,esp32_edge_normal_1,0,normal
13:46:24.203,1018.8,gateway,gateway_B,gatewayB,2,ESP32->RPi,decrypt,112,229,117,4.158,13,esp32_edge_normal_2,0,normal
13:46:28.707,1023.3,gateway,gateway_B,gatewayB,2,ESP32->RPi,decrypt,111,225,114,1.264,13,esp32_edge_simulator_1,1,mqtt_bruteforce
13:46:28.759,1023.3,gateway,gateway_B,gatewayB,2,ESP32->RPi,decrypt,120,237,117,1.396,13,esp32_edge_normal_1,0,normal
13:46:29.233,1023.8,gateway,gateway_B,gatewayB,2,ESP32->RPi,decrypt,117,233,116,1.263,13,esp32_edge_normal_2,0,normal
13:46:33.802,1028.4,gateway,gateway_B,gatewayB,2,ESP32->RPi,decrypt,105,217,112,3.651,13,esp32_edge_simulator_1,2,scan_A
13:46:33.808,1028.4,gateway,gateway_B,gatewayB,2,ESP32->RPi,decrypt,116,233,117,4.107,13,esp32_edge_normal_1,0,normal
13:46:34.211,1028.8,gateway,gateway_B,gatewayB,2,ESP32->RPi,decrypt,113,229,116,4.28,13,esp32_edge_normal_2,0,normal
13:46:38.717,1033.3,gateway,gateway_B,gatewayB,2,ESP32->RPi,decrypt,120,237,117,4.378,13,esp32_edge_simulator_1,0,normal
13:46:38.755,1033.3,gateway,gateway_B,gatewayB,2,ESP32->RPi,decrypt,116,233,117,4.073,13,esp32_edge_normal_1,0,normal
13:46:39.196,1033.8,gateway,gateway_B,gatewayB,2,ESP32->RPi,decrypt,113,229,116,1.441,13,esp32_edge_normal_2,0,normal
13:46:43.696,1038.3,gateway,gateway_B,gatewayB,2,ESP32->RPi,decrypt,109,225,116,1.334,13,esp32_edge_simulator_1,0,normal
13:46:43.752,1038.3,gateway,gateway_B,gatewayB,2,ESP32->RPi,decrypt,120,237,117,1.369,13,esp32_edge_normal_1,0,normal
13:46:44.209,1038.8,gateway,gateway_B,gatewayB,2,ESP32->RPi,decrypt,113,229,116,4.417,13,esp32_edge_normal_2,0,normal
13:46:48.709,1043.3,gateway,gateway_B,gatewayB,2,ESP32->RPi,decrypt,107,221,114,4.175,13,esp32_edge_simulator_1,2,scan_A
13:46:48.759,1043.3,gateway,gateway_B,gatewayB,2,ESP32->RPi,decrypt,115,233,118,2.638,13,esp32_edge_normal_1,0,normal
13:46:49.201,1043.8,gateway,gateway_B,gatewayB,2,ESP32->RPi,decrypt,115,233,118,1.43,13,esp32_edge_normal_2,0,normal
13:46:53.767,1048.3,gateway,gateway_B,gatewayB,2,ESP32->RPi,decrypt,107,221,114,1.402,13,esp32_edge_simulator_1,2,scan_A
13:46:54.934,1049.5,gateway,gateway_B,gatewayB,2,RPi->PC,encrypt,3654,4954,1300,37.043,13,,,
13:46:55.061,1049.6,gateway,gateway_B,gatewayB,2,PC->RPi,decrypt,3536,4798,1262,32.865,13,,,
13:46:55.099,1049.7,gateway,gateway_B,gatewayB,2,RPi->ESP32,encrypt,3536,4798,1262,31.423,14,,,
13:46:55.276,1049.8,gateway,gateway_B,gatewayB,2,ESP32->RPi,decrypt,118,237,119,1.455,14,esp32_edge_normal_1,0,normal
13:46:55.278,1049.8,gateway,gateway_B,gatewayB,2,ESP32->RPi,decrypt,113,229,116,1.445,14,esp32_edge_normal_2,0,normal
13:47:07.598,1062.2,gateway,gateway_B,gatewayB,2,ESP32->RPi,decrypt,113,229,116,4.082,14,esp32_edge_simulator_1,1,mqtt_bruteforce
13:47:07.629,1062.2,gateway,gateway_B,gatewayB,2,ESP32->RPi,decrypt,120,237,117,4.529,14,esp32_edge_normal_2,0,normal
13:47:08.166,1062.7,gateway,gateway_B,gatewayB,2,ESP32->RPi,decrypt,114,229,115,4.227,14,esp32_edge_normal_1,0,normal
13:47:12.599,1067.2,gateway,gateway_B,gatewayB,2,ESP32->RPi,decrypt,111,225,114,4.176,14,esp32_edge_simulator_1,1,mqtt_bruteforce
13:47:12.623,1067.2,gateway,gateway_B,gatewayB,2,ESP32->RPi,decrypt,113,229,116,4.387,14,esp32_edge_normal_2,0,normal
13:47:13.173,1067.7,gateway,gateway_B,gatewayB,2,ESP32->RPi,decrypt,114,229,115,3.635,14,esp32_edge_normal_1,0,normal
13:47:17.631,1072.2,gateway,gateway_B,gatewayB,2,ESP32->RPi,decrypt,109,225,116,4.045,14,esp32_edge_simulator_1,1,mqtt_bruteforce
13:47:17.637,1072.2,gateway,gateway_B,gatewayB,2,ESP32->RPi,decrypt,115,233,118,4.118,14,esp32_edge_normal_2,0,normal
13:47:18.194,1072.8,gateway,gateway_B,gatewayB,2,ESP32->RPi,decrypt,107,221,114,3.778,14,esp32_edge_normal_1,0,normal
13:47:22.600,1077.2,gateway,gateway_B,gatewayB,2,ESP32->RPi,decrypt,113,229,116,3.992,14,esp32_edge_simulator_1,1,mqtt_bruteforce
13:47:22.624,1077.2,gateway,gateway_B,gatewayB,2,ESP32->RPi,decrypt,121,241,120,4.372,14,esp32_edge_normal_2,0,normal
13:47:23.162,1077.7,gateway,gateway_B,gatewayB,2,ESP32->RPi,decrypt,115,233,118,4.315,14,esp32_edge_normal_1,0,normal
13:47:27.599,1082.2,gateway,gateway_B,gatewayB,2,ESP32->RPi,decrypt,108,221,113,4.046,14,esp32_edge_simulator_1,1,mqtt_bruteforce
13:47:27.623,1082.2,gateway,gateway_B,gatewayB,2,ESP32->RPi,decrypt,113,229,116,4.41,14,esp32_edge_normal_2,0,normal
13:47:28.179,1082.7,gateway,gateway_B,gatewayB,2,ESP32->RPi,decrypt,113,229,116,4.171,14,esp32_edge_normal_1,0,normal
13:47:32.684,1087.2,gateway,gateway_B,gatewayB,2,ESP32->RPi,decrypt,115,233,118,4.863,14,esp32_edge_simulator_1,0,normal
13:47:32.689,1087.3,gateway,gateway_B,gatewayB,2,ESP32->RPi,decrypt,121,241,120,4.038,14,esp32_edge_normal_2,0,normal
13:47:33.161,1087.7,gateway,gateway_B,gatewayB,2,ESP32->RPi,decrypt,120,237,117,1.358,14,esp32_edge_normal_1,0,normal
13:47:37.696,1092.3,gateway,gateway_B,gatewayB,2,ESP32->RPi,decrypt,108,221,113,1.408,14,esp32_edge_simulator_1,1,mqtt_bruteforce
13:47:37.699,1092.3,gateway,gateway_B,gatewayB,2,ESP32->RPi,decrypt,113,229,116,1.437,14,esp32_edge_normal_2,0,normal
13:47:38.163,1092.7,gateway,gateway_B,gatewayB,2,ESP32->RPi,decrypt,114,229,115,4.568,14,esp32_edge_normal_1,0,normal
13:47:42.590,1097.2,gateway,gateway_B,gatewayB,2,ESP32->RPi,decrypt,117,233,116,4.542,14,esp32_edge_simulator_1,0,normal
13:47:42.626,1097.2,gateway,gateway_B,gatewayB,2,ESP32->RPi,decrypt,117,233,116,4.424,14,esp32_edge_normal_2,0,normal
13:47:43.167,1097.7,gateway,gateway_B,gatewayB,2,ESP32->RPi,decrypt,118,237,119,4.21,14,esp32_edge_normal_1,0,normal
13:47:47.711,1102.3,gateway,gateway_B,gatewayB,2,ESP32->RPi,decrypt,113,229,116,4.271,14,esp32_edge_simulator_1,1,mqtt_bruteforce
13:47:47.716,1102.3,gateway,gateway_B,gatewayB,2,ESP32->RPi,decrypt,119,237,118,4.232,14,esp32_edge_normal_2,0,normal
13:47:48.230,1102.8,gateway,gateway_B,gatewayB,2,ESP32->RPi,decrypt,112,229,117,4.096,14,esp32_edge_normal_1,0,normal
13:47:52.652,1107.2,gateway,gateway_B,gatewayB,2,ESP32->RPi,decrypt,112,229,117,4.141,14,esp32_edge_simulator_1,1,mqtt_bruteforce
13:47:53.789,1108.3,gateway,gateway_B,gatewayB,2,RPi->PC,encrypt,3638,4934,1296,40.435,14,,,
13:47:53.927,1108.5,gateway,gateway_B,gatewayB,2,PC->RPi,decrypt,3535,4798,1263,32.944,14,,,
13:47:53.970,1108.5,gateway,gateway_B,gatewayB,2,RPi->ESP32,encrypt,3535,4798,1263,37.08,15,,,
13:47:54.665,1109.2,gateway,gateway_B,gatewayB,2,ESP32->RPi,decrypt,105,217,112,1.409,15,esp32_edge_normal_2,0,normal
13:47:54.668,1109.2,gateway,gateway_B,gatewayB,2,ESP32->RPi,decrypt,116,233,117,1.617,15,esp32_edge_normal_1,0,normal
13:48:06.989,1121.6,gateway,gateway_B,gatewayB,2,ESP32->RPi,decrypt,118,237,119,4.856,15,esp32_edge_simulator_1,0,normal
13:48:06.999,1121.6,gateway,gateway_B,gatewayB,2,ESP32->RPi,decrypt,120,237,117,5.118,15,esp32_edge_normal_2,0,normal
13:48:07.067,1121.6,gateway,gateway_B,gatewayB,2,ESP32->RPi,decrypt,118,237,119,2.633,15,esp32_edge_normal_1,0,normal
13:48:11.988,1126.5,gateway,gateway_B,gatewayB,2,ESP32->RPi,decrypt,120,237,117,4.699,15,esp32_edge_simulator_1,0,normal
13:48:12.014,1126.6,gateway,gateway_B,gatewayB,2,ESP32->RPi,decrypt,119,237,118,4.627,15,esp32_edge_normal_2,0,normal
13:48:12.064,1126.6,gateway,gateway_B,gatewayB,2,ESP32->RPi,decrypt,115,233,118,4.603,15,esp32_edge_normal_1,0,normal
13:48:16.991,1131.6,gateway,gateway_B,gatewayB,2,ESP32->RPi,decrypt,107,221,114,1.507,15,esp32_edge_simulator_1,2,scan_A
13:48:16.996,1131.6,gateway,gateway_B,gatewayB,2,ESP32->RPi,decrypt,114,229,115,1.476,15,esp32_edge_normal_2,0,normal
13:48:17.064,1131.6,gateway,gateway_B,gatewayB,2,ESP32->RPi,decrypt,118,237,119,1.427,15,esp32_edge_normal_1,0,normal
13:48:22.041,1136.6,gateway,gateway_B,gatewayB,2,ESP32->RPi,decrypt,123,241,118,4.521,15,esp32_edge_simulator_1,0,normal
13:48:22.048,1136.6,gateway,gateway_B,gatewayB,2,ESP32->RPi,decrypt,117,233,116,4.209,15,esp32_edge_normal_2,0,normal
13:48:22.083,1136.6,gateway,gateway_B,gatewayB,2,ESP32->RPi,decrypt,121,241,120,4.316,15,esp32_edge_normal_1,0,normal
13:48:27.059,1141.6,gateway,gateway_B,gatewayB,2,ESP32->RPi,decrypt,122,241,119,4.46,15,esp32_edge_simulator_1,0,normal
13:48:27.064,1141.6,gateway,gateway_B,gatewayB,2,ESP32->RPi,decrypt,118,237,119,4.282,15,esp32_edge_normal_2,0,normal
13:48:27.070,1141.6,gateway,gateway_B,gatewayB,2,ESP32->RPi,decrypt,118,237,119,4.153,15,esp32_edge_normal_1,0,normal
13:48:32.076,1146.6,gateway,gateway_B,gatewayB,2,ESP32->RPi,decrypt,112,229,117,4.342,15,esp32_edge_simulator_1,1,mqtt_bruteforce
13:48:32.082,1146.6,gateway,gateway_B,gatewayB,2,ESP32->RPi,decrypt,120,237,117,4.643,15,esp32_edge_normal_2,0,normal
13:48:32.087,1146.6,gateway,gateway_B,gatewayB,2,ESP32->RPi,decrypt,121,241,120,4.417,15,esp32_edge_normal_1,0,normal
13:48:37.094,1151.7,gateway,gateway_B,gatewayB,2,ESP32->RPi,decrypt,117,233,116,4.342,15,esp32_edge_normal_2,0,normal
13:48:37.100,1151.7,gateway,gateway_B,gatewayB,2,ESP32->RPi,decrypt,111,225,114,4.077,15,esp32_edge_simulator_1,1,mqtt_bruteforce
13:48:37.105,1151.7,gateway,gateway_B,gatewayB,2,ESP32->RPi,decrypt,118,237,119,4.224,15,esp32_edge_normal_1,0,normal
13:48:41.991,1156.6,gateway,gateway_B,gatewayB,2,ESP32->RPi,decrypt,81,185,104,3.359,15,esp32_edge_simulator_1,2,scan_A
13:48:41.997,1156.6,gateway,gateway_B,gatewayB,2,ESP32->RPi,decrypt,115,233,118,4.068,15,esp32_edge_normal_2,0,normal
13:48:42.057,1156.6,gateway,gateway_B,gatewayB,2,ESP32->RPi,decrypt,119,237,118,3.404,15,esp32_edge_normal_1,0,normal
13:48:47.025,1161.6,gateway,gateway_B,gatewayB,2,ESP32->RPi,decrypt,124,245,121,1.535,15,esp32_edge_simulator_1,0,normal
13:48:47.027,1161.6,gateway,gateway_B,gatewayB,2,ESP32->RPi,decrypt,117,233,116,1.471,15,esp32_edge_normal_2,0,normal
13:48:47.066,1161.6,gateway,gateway_B,gatewayB,2,ESP32->RPi,decrypt,120,237,117,1.501,15,esp32_edge_normal_1,0,normal
13:48:51.993,1166.6,gateway,gateway_B,gatewayB,2,ESP32->RPi,decrypt,121,241,120,1.453,15,esp32_edge_simulator_1,0,normal
13:48:52.909,1167.5,gateway,gateway_B,gatewayB,2,RPi->PC,encrypt,3639,4934,1295,37.708,15,,,
13:48:52.991,1167.6,gateway,gateway_B,gatewayB,2,PC->RPi,decrypt,3536,4798,1262,35.375,15,,,
13:48:53.034,1167.6,gateway,gateway_B,gatewayB,2,RPi->ESP32,encrypt,3536,4798,1262,36.598,16,,,
13:48:53.241,1167.8,gateway,gateway_B,gatewayB,2,ESP32->RPi,decrypt,120,237,117,1.641,16,esp32_edge_normal_2,0,normal
13:48:53.243,1167.8,gateway,gateway_B,gatewayB,2,ESP32->RPi,decrypt,117,233,116,1.563,16,esp32_edge_normal_1,0,normal
13:49:05.564,1180.1,gateway,gateway_B,gatewayB,2,ESP32->RPi,decrypt,115,233,118,4.666,16,esp32_edge_normal_2,0,normal
13:49:06.143,1180.7,gateway,gateway_B,gatewayB,2,ESP32->RPi,decrypt,120,237,117,4.679,16,esp32_edge_normal_1,0,normal
13:49:06.568,1181.1,gateway,gateway_B,gatewayB,2,ESP32->RPi,decrypt,111,225,114,4.094,16,esp32_edge_simulator_1,1,mqtt_bruteforce
13:49:10.585,1185.1,gateway,gateway_B,gatewayB,2,ESP32->RPi,decrypt,118,237,119,4.408,16,esp32_edge_normal_2,0,normal
13:49:11.146,1185.7,gateway,gateway_B,gatewayB,2,ESP32->RPi,decrypt,120,237,117,4.503,16,esp32_edge_normal_1,0,normal
13:49:11.569,1186.1,gateway,gateway_B,gatewayB,2,ESP32->RPi,decrypt,107,221,114,3.94,16,esp32_edge_simulator_1,1,mqtt_bruteforce
13:49:15.601,1190.2,gateway,gateway_B,gatewayB,2,ESP32->RPi,decrypt,115,233,118,4.21,16,esp32_edge_normal_2,0,normal
13:49:16.139,1190.7,gateway,gateway_B,gatewayB,2,ESP32->RPi,decrypt,115,233,118,4.507,16,esp32_edge_normal_1,0,normal
13:49:16.572,1191.1,gateway,gateway_B,gatewayB,2,ESP32->RPi,decrypt,111,225,114,4.214,16,esp32_edge_simulator_1,1,mqtt_bruteforce
13:49:20.615,1195.2,gateway,gateway_B,gatewayB,2,ESP32->RPi,decrypt,121,241,120,4.628,16,esp32_edge_normal_2,0,normal
13:49:21.133,1195.7,gateway,gateway_B,gatewayB,2,ESP32->RPi,decrypt,121,241,120,4.731,16,esp32_edge_normal_1,0,normal
13:49:21.567,1196.1,gateway,gateway_B,gatewayB,2,ESP32->RPi,decrypt,112,229,117,4.284,16,esp32_edge_simulator_1,1,mqtt_bruteforce
13:49:25.565,1200.1,gateway,gateway_B,gatewayB,2,ESP32->RPi,decrypt,120,237,117,4.635,16,esp32_edge_normal_2,0,normal
13:49:26.151,1200.7,gateway,gateway_B,gatewayB,2,ESP32->RPi,decrypt,121,241,120,4.729,16,esp32_edge_normal_1,0,normal
13:49:26.569,1201.1,gateway,gateway_B,gatewayB,2,ESP32->RPi,decrypt,113,229,116,4.311,16,esp32_edge_simulator_1,1,mqtt_bruteforce
13:49:30.559,1205.1,gateway,gateway_B,gatewayB,2,ESP32->RPi,decrypt,118,237,119,4.343,16,esp32_edge_normal_2,0,normal
13:49:31.134,1205.7,gateway,gateway_B,gatewayB,2,ESP32->RPi,decrypt,120,237,117,4.477,16,esp32_edge_normal_1,0,normal
13:49:31.561,1206.1,gateway,gateway_B,gatewayB,2,ESP32->RPi,decrypt,119,237,118,4.422,16,esp32_edge_simulator_1,0,normal
13:49:35.565,1210.1,gateway,gateway_B,gatewayB,2,ESP32->RPi,decrypt,120,237,117,5.24,16,esp32_edge_normal_2,0,normal
13:49:36.137,1210.7,gateway,gateway_B,gatewayB,2,ESP32->RPi,decrypt,117,233,116,4.369,16,esp32_edge_normal_1,0,normal
13:49:36.579,1211.1,gateway,gateway_B,gatewayB,2,ESP32->RPi,decrypt,108,221,113,3.982,16,esp32_edge_simulator_1,1,mqtt_bruteforce
13:49:40.582,1215.1,gateway,gateway_B,gatewayB,2,ESP32->RPi,decrypt,116,233,117,3.872,16,esp32_edge_normal_2,0,normal
13:49:41.145,1215.7,gateway,gateway_B,gatewayB,2,ESP32->RPi,decrypt,120,237,117,4.194,16,esp32_edge_normal_1,0,normal
13:49:41.577,1216.1,gateway,gateway_B,gatewayB,2,ESP32->RPi,decrypt,117,233,116,4.289,16,esp32_edge_simulator_1,0,normal
13:49:45.567,1220.1,gateway,gateway_B,gatewayB,2,ESP32->RPi,decrypt,117,233,116,4.27,16,esp32_edge_normal_2,0,normal
13:49:46.130,1220.7,gateway,gateway_B,gatewayB,2,ESP32->RPi,decrypt,116,233,117,4.35,16,esp32_edge_normal_1,0,normal
13:49:46.604,1221.2,gateway,gateway_B,gatewayB,2,ESP32->RPi,decrypt,124,245,121,4.649,16,esp32_edge_simulator_1,0,normal
13:49:50.566,1225.1,gateway,gateway_B,gatewayB,2,ESP32->RPi,decrypt,118,237,119,1.485,16,esp32_edge_normal_2,0,normal
13:49:51.635,1226.2,gateway,gateway_B,gatewayB,2,RPi->PC,encrypt,3638,4934,1296,36.599,16,,,
13:49:51.719,1226.3,gateway,gateway_B,gatewayB,2,PC->RPi,decrypt,3527,4786,1259,29.88,16,,,
13:49:51.760,1226.3,gateway,gateway_B,gatewayB,2,RPi->ESP32,encrypt,3527,4786,1259,34.296,17,,,
13:49:51.916,1226.5,gateway,gateway_B,gatewayB,2,ESP32->RPi,decrypt,116,233,117,1.474,17,esp32_edge_normal_1,0,normal
13:49:51.918,1226.5,gateway,gateway_B,gatewayB,2,ESP32->RPi,decrypt,107,221,114,1.351,17,esp32_edge_simulator_1,2,scan_A
13:50:03.742,1238.3,gateway,gateway_B,gatewayB,2,ESP32->RPi,decrypt,119,237,118,4.267,17,esp32_edge_simulator_1,0,normal
13:50:03.772,1238.3,gateway,gateway_B,gatewayB,2,ESP32->RPi,decrypt,119,237,118,4.245,17,esp32_edge_normal_2,0,normal
13:50:04.274,1238.8,gateway,gateway_B,gatewayB,2,ESP32->RPi,decrypt,121,241,120,4.458,17,esp32_edge_normal_1,0,normal
13:50:08.736,1243.3,gateway,gateway_B,gatewayB,2,ESP32->RPi,decrypt,106,221,115,4.159,17,esp32_edge_simulator_1,2,scan_A
13:50:08.769,1243.3,gateway,gateway_B,gatewayB,2,ESP32->RPi,decrypt,114,229,115,4.579,17,esp32_edge_normal_2,0,normal
13:50:09.284,1243.8,gateway,gateway_B,gatewayB,2,ESP32->RPi,decrypt,115,233,118,4.424,17,esp32_edge_normal_1,0,normal
13:50:13.722,1248.3,gateway,gateway_B,gatewayB,2,ESP32->RPi,decrypt,114,229,115,1.507,17,esp32_edge_simulator_1,1,mqtt_bruteforce
13:50:13.765,1248.3,gateway,gateway_B,gatewayB,2,ESP32->RPi,decrypt,112,229,117,1.438,17,esp32_edge_normal_2,0,normal
13:50:14.279,1248.8,gateway,gateway_B,gatewayB,2,ESP32->RPi,decrypt,116,233,117,1.532,17,esp32_edge_normal_1,0,normal
13:50:18.779,1253.3,gateway,gateway_B,gatewayB,2,ESP32->RPi,decrypt,118,237,119,4.976,17,esp32_edge_simulator_1,0,normal
13:50:18.785,1253.3,gateway,gateway_B,gatewayB,2,ESP32->RPi,decrypt,116,233,117,3.998,17,esp32_edge_normal_2,0,normal
13:50:19.289,1253.9,gateway,gateway_B,gatewayB,2,ESP32->RPi,decrypt,119,237,118,4.409,17,esp32_edge_normal_1,0,normal
13:50:23.804,1258.4,gateway,gateway_B,gatewayB,2,ESP32->RPi,decrypt,106,221,115,4.53,17,esp32_edge_simulator_1,2,scan_A
13:50:23.809,1258.4,gateway,gateway_B,gatewayB,2,ESP32->RPi,decrypt,115,233,118,3.836,17,esp32_edge_normal_2,0,normal
13:50:24.278,1258.8,gateway,gateway_B,gatewayB,2,ESP32->RPi,decrypt,119,237,118,4.001,17,esp32_edge_normal_1,0,normal
13:50:28.813,1263.4,gateway,gateway_B,gatewayB,2,ESP32->RPi,decrypt,114,229,115,4.16,17,esp32_edge_simulator_1,1,mqtt_bruteforce
13:50:28.819,1263.4,gateway,gateway_B,gatewayB,2,ESP32->RPi,decrypt,116,233,117,4.072,17,esp32_edge_normal_2,0,normal
13:50:29.287,1263.8,gateway,gateway_B,gatewayB,2,ESP32->RPi,decrypt,117,233,116,4.217,17,esp32_edge_normal_1,0,normal
13:50:33.831,1268.4,gateway,gateway_B,gatewayB,2,ESP32->RPi,decrypt,121,241,120,4.446,17,esp32_edge_simulator_1,0,normal
13:50:33.837,1268.4,gateway,gateway_B,gatewayB,2,ESP32->RPi,decrypt,121,241,120,4.54,17,esp32_edge_normal_2,0,normal
13:50:34.275,1268.8,gateway,gateway_B,gatewayB,2,ESP32->RPi,decrypt,117,233,116,4.42,17,esp32_edge_normal_1,0,normal
13:50:38.746,1273.3,gateway,gateway_B,gatewayB,2,ESP32->RPi,decrypt,110,225,115,4.368,17,esp32_edge_simulator_1,0,normal
13:50:38.779,1273.3,gateway,gateway_B,gatewayB,2,ESP32->RPi,decrypt,115,233,118,4.69,17,esp32_edge_normal_2,0,normal
13:50:39.284,1273.8,gateway,gateway_B,gatewayB,2,ESP32->RPi,decrypt,120,237,117,4.509,17,esp32_edge_normal_1,0,normal
13:50:43.764,1278.3,gateway,gateway_B,gatewayB,2,ESP32->RPi,decrypt,111,225,114,4.638,17,esp32_edge_simulator_1,1,mqtt_bruteforce
13:50:43.770,1278.3,gateway,gateway_B,gatewayB,2,ESP32->RPi,decrypt,117,233,116,4.147,17,esp32_edge_normal_2,0,normal
13:50:44.282,1278.8,gateway,gateway_B,gatewayB,2,ESP32->RPi,decrypt,120,237,117,1.424,17,esp32_edge_normal_1,0,normal
13:50:48.723,1283.3,gateway,gateway_B,gatewayB,2,ESP32->RPi,decrypt,112,229,117,1.317,17,esp32_edge_simulator_1,1,mqtt_bruteforce
13:50:49.722,1284.3,gateway,gateway_B,gatewayB,2,RPi->PC,encrypt,3633,4926,1293,36.861,17,,,
13:50:49.812,1284.4,gateway,gateway_B,gatewayB,2,PC->RPi,decrypt,3538,4802,1264,33.2,17,,,
13:50:49.851,1284.4,gateway,gateway_B,gatewayB,2,RPi->ESP32,encrypt,3538,4802,1264,32.409,18,,,
13:50:50.024,1284.6,gateway,gateway_B,gatewayB,2,ESP32->RPi,decrypt,116,233,117,1.509,18,esp32_edge_normal_2,0,normal
13:50:50.027,1284.6,gateway,gateway_B,gatewayB,2,ESP32->RPi,decrypt,117,233,116,1.588,18,esp32_edge_normal_1,0,normal
13:51:01.991,1296.6,gateway,gateway_B,gatewayB,2,ESP32->RPi,decrypt,95,205,110,3.698,18,esp32_edge_simulator_1,2,scan_A
13:51:02.423,1297.0,gateway,gateway_B,gatewayB,2,ESP32->RPi,decrypt,120,237,117,4.525,18,esp32_edge_normal_2,0,normal
13:51:02.533,1297.1,gateway,gateway_B,gatewayB,2,ESP32->RPi,decrypt,121,241,120,3.021,18,esp32_edge_normal_1,0,normal
13:51:06.907,1301.5,gateway,gateway_B,gatewayB,2,ESP32->RPi,decrypt,122,241,119,4.605,18,esp32_edge_simulator_1,0,normal
13:51:07.425,1302.0,gateway,gateway_B,gatewayB,2,ESP32->RPi,decrypt,118,237,119,4.229,18,esp32_edge_normal_2,0,normal
13:51:07.471,1302.0,gateway,gateway_B,gatewayB,2,ESP32->RPi,decrypt,115,233,118,4.254,18,esp32_edge_normal_1,0,normal
13:51:11.925,1306.5,gateway,gateway_B,gatewayB,2,ESP32->RPi,decrypt,115,233,118,4.267,18,esp32_edge_simulator_1,0,normal
13:51:12.424,1307.0,gateway,gateway_B,gatewayB,2,ESP32->RPi,decrypt,120,237,117,4.242,18,esp32_edge_normal_2,0,normal
13:51:12.477,1307.0,gateway,gateway_B,gatewayB,2,ESP32->RPi,decrypt,117,233,116,4.203,18,esp32_edge_normal_1,0,normal
13:51:16.941,1311.5,gateway,gateway_B,gatewayB,2,ESP32->RPi,decrypt,107,221,114,3.18,18,esp32_edge_simulator_1,2,scan_A
13:51:17.433,1312.0,gateway,gateway_B,gatewayB,2,ESP32->RPi,decrypt,117,233,116,4.156,18,esp32_edge_normal_2,0,normal
13:51:17.461,1312.0,gateway,gateway_B,gatewayB,2,ESP32->RPi,decrypt,120,237,117,4.434,18,esp32_edge_normal_1,0,normal
13:51:21.960,1316.5,gateway,gateway_B,gatewayB,2,ESP32->RPi,decrypt,122,241,119,4.416,18,esp32_edge_simulator_1,0,normal
13:51:22.432,1317.0,gateway,gateway_B,gatewayB,2,ESP32->RPi,decrypt,116,233,117,4.398,18,esp32_edge_normal_2,0,normal
13:51:22.478,1317.0,gateway,gateway_B,gatewayB,2,ESP32->RPi,decrypt,121,241,120,2.421,18,esp32_edge_normal_1,0,normal
13:51:26.921,1321.5,gateway,gateway_B,gatewayB,2,ESP32->RPi,decrypt,110,225,115,1.257,18,esp32_edge_simulator_1,1,mqtt_bruteforce
13:51:27.433,1322.0,gateway,gateway_B,gatewayB,2,ESP32->RPi,decrypt,112,229,117,1.292,18,esp32_edge_normal_2,0,normal
13:51:27.460,1322.0,gateway,gateway_B,gatewayB,2,ESP32->RPi,decrypt,117,233,116,1.309,18,esp32_edge_normal_1,0,normal
13:51:31.913,1326.5,gateway,gateway_B,gatewayB,2,ESP32->RPi,decrypt,81,185,104,2.977,18,esp32_edge_simulator_1,2,scan_A
13:51:32.445,1327.0,gateway,gateway_B,gatewayB,2,ESP32->RPi,decrypt,118,237,119,4.026,18,esp32_edge_normal_2,0,normal
13:51:32.451,1327.0,gateway,gateway_B,gatewayB,2,ESP32->RPi,decrypt,116,233,117,4.156,18,esp32_edge_normal_1,0,normal
13:51:37.013,1331.6,gateway,gateway_B,gatewayB,2,ESP32->RPi,decrypt,114,229,115,4.278,18,esp32_edge_simulator_1,1,mqtt_bruteforce
13:51:37.424,1332.0,gateway,gateway_B,gatewayB,2,ESP32->RPi,decrypt,114,229,115,4.23,18,esp32_edge_normal_2,0,normal
13:51:37.455,1332.0,gateway,gateway_B,gatewayB,2,ESP32->RPi,decrypt,117,233,116,4.239,18,esp32_edge_normal_1,0,normal
13:51:41.930,1336.5,gateway,gateway_B,gatewayB,2,ESP32->RPi,decrypt,112,229,117,3.831,18,esp32_edge_simulator_1,1,mqtt_bruteforce
13:51:42.428,1337.0,gateway,gateway_B,gatewayB,2,ESP32->RPi,decrypt,119,237,118,4.247,18,esp32_edge_normal_2,0,normal
13:51:42.469,1337.0,gateway,gateway_B,gatewayB,2,ESP32->RPi,decrypt,113,229,116,3.717,18,esp32_edge_normal_1,0,normal
13:51:46.965,1341.5,gateway,gateway_B,gatewayB,2,ESP32->RPi,decrypt,112,229,117,4.123,18,esp32_edge_simulator_1,1,mqtt_bruteforce
13:51:48.116,1342.7,gateway,gateway_B,gatewayB,2,RPi->PC,encrypt,3642,4938,1296,40.874,18,,,
13:51:48.376,1342.9,gateway,gateway_B,gatewayB,2,PC->RPi,decrypt,3526,4786,1260,30.171,18,,,
13:51:48.415,1343.0,gateway,gateway_B,gatewayB,2,RPi->ESP32,encrypt,3526,4786,1260,33.011,19,,,
13:51:49.324,1343.9,gateway,gateway_B,gatewayB,2,ESP32->RPi,decrypt,114,229,115,1.428,19,esp32_edge_normal_2,0,normal
13:51:49.326,1343.9,gateway,gateway_B,gatewayB,2,ESP32->RPi,decrypt,120,237,117,1.783,19,esp32_edge_normal_1,0,normal
13:52:01.715,1356.3,gateway,gateway_B,gatewayB,2,ESP32->RPi,decrypt,111,225,114,3.615,19,esp32_edge_simulator_1,1,mqtt_bruteforce
13:52:02.205,1356.8,gateway,gateway_B,gatewayB,2,ESP32->RPi,decrypt,110,225,115,4.194,19,esp32_edge_normal_2,0,normal
13:52:02.246,1356.8,gateway,gateway_B,gatewayB,2,ESP32->RPi,decrypt,121,241,120,4.534,19,esp32_edge_normal_1,0,normal
13:52:06.696,1361.3,gateway,gateway_B,gatewayB,2,ESP32->RPi,decrypt,112,229,117,1.484,19,esp32_edge_simulator_1,1,mqtt_bruteforce
13:52:07.204,1361.8,gateway,gateway_B,gatewayB,2,ESP32->RPi,decrypt,114,229,115,1.473,19,esp32_edge_normal_2,0,normal
13:52:07.260,1361.8,gateway,gateway_B,gatewayB,2,ESP32->RPi,decrypt,114,229,115,1.516,19,esp32_edge_normal_1,0,normal
13:52:11.700,1366.3,gateway,gateway_B,gatewayB,2,ESP32->RPi,decrypt,99,209,110,4.053,19,esp32_edge_simulator_1,2,scan_A
13:52:12.204,1366.8,gateway,gateway_B,gatewayB,2,ESP32->RPi,decrypt,116,233,117,4.371,19,esp32_edge_normal_2,0,normal
13:52:12.263,1366.8,gateway,gateway_B,gatewayB,2,ESP32->RPi,decrypt,113,229,116,3.75,19,esp32_edge_normal_1,0,normal
13:52:16.702,1371.3,gateway,gateway_B,gatewayB,2,ESP32->RPi,decrypt,101,213,112,3.9,19,esp32_edge_simulator_1,2,scan_A
13:52:17.200,1371.8,gateway,gateway_B,gatewayB,2,ESP32->RPi,decrypt,120,237,117,1.466,19,esp32_edge_normal_2,0,normal
13:52:17.244,1371.8,gateway,gateway_B,gatewayB,2,ESP32->RPi,decrypt,118,237,119,1.602,19,esp32_edge_normal_1,0,normal
13:52:21.696,1376.3,gateway,gateway_B,gatewayB,2,ESP32->RPi,decrypt,112,229,117,1.352,19,esp32_edge_simulator_1,1,mqtt_bruteforce
13:52:22.206,1376.8,gateway,gateway_B,gatewayB,2,ESP32->RPi,decrypt,120,237,117,4.294,19,esp32_edge_normal_2,0,normal
13:52:22.247,1376.8,gateway,gateway_B,gatewayB,2,ESP32->RPi,decrypt,121,241,120,4.206,19,esp32_edge_normal_1,0,normal
13:52:26.701,1381.3,gateway,gateway_B,gatewayB,2,ESP32->RPi,decrypt,107,221,114,4.059,19,esp32_edge_simulator_1,2,scan_A
13:52:27.204,1381.8,gateway,gateway_B,gatewayB,2,ESP32->RPi,decrypt,119,237,118,4.281,19,esp32_edge_normal_2,0,normal
13:52:27.264,1381.8,gateway,gateway_B,gatewayB,2,ESP32->RPi,decrypt,117,233,116,3.883,19,esp32_edge_normal_1,0,normal
13:52:31.695,1386.3,gateway,gateway_B,gatewayB,2,ESP32->RPi,decrypt,124,245,121,4.561,19,esp32_edge_simulator_1,0,normal
13:52:32.208,1386.8,gateway,gateway_B,gatewayB,2,ESP32->RPi,decrypt,115,233,118,4.149,19,esp32_edge_normal_2,0,normal
13:52:32.256,1386.8,gateway,gateway_B,gatewayB,2,ESP32->RPi,decrypt,121,241,120,4.841,19,esp32_edge_normal_1,0,normal
13:52:36.691,1391.3,gateway,gateway_B,gatewayB,2,ESP32->RPi,decrypt,123,241,118,4.434,19,esp32_edge_simulator_1,0,normal
13:52:37.204,1391.8,gateway,gateway_B,gatewayB,2,ESP32->RPi,decrypt,117,233,116,4.183,19,esp32_edge_normal_2,0,normal
13:52:37.250,1391.8,gateway,gateway_B,gatewayB,2,ESP32->RPi,decrypt,121,241,120,4.516,19,esp32_edge_normal_1,0,normal
13:52:41.730,1396.3,gateway,gateway_B,gatewayB,2,ESP32->RPi,decrypt,112,229,117,3.842,19,esp32_edge_simulator_1,1,mqtt_bruteforce
13:52:42.205,1396.8,gateway,gateway_B,gatewayB,2,ESP32->RPi,decrypt,119,237,118,3.955,19,esp32_edge_normal_2,0,normal
13:52:42.243,1396.8,gateway,gateway_B,gatewayB,2,ESP32->RPi,decrypt,121,241,120,4.122,19,esp32_edge_normal_1,0,normal
13:52:46.800,1401.4,gateway,gateway_B,gatewayB,2,ESP32->RPi,decrypt,107,221,114,4.061,19,esp32_edge_simulator_1,1,mqtt_bruteforce
13:52:47.918,1402.5,gateway,gateway_B,gatewayB,2,RPi->PC,encrypt,3636,4930,1294,37.607,19,,,
13:52:48.082,1402.6,gateway,gateway_B,gatewayB,2,PC->RPi,decrypt,3538,4802,1264,32.503,19,,,
13:52:48.123,1402.7,gateway,gateway_B,gatewayB,2,RPi->ESP32,encrypt,3538,4802,1264,33.903,20,,,
13:52:48.362,1402.9,gateway,gateway_B,gatewayB,2,ESP32->RPi,decrypt,117,233,116,1.57,20,esp32_edge_normal_2,0,normal
13:52:48.364,1402.9,gateway,gateway_B,gatewayB,2,ESP32->RPi,decrypt,116,233,117,1.615,20,esp32_edge_normal_1,0,normal
13:53:01.288,1415.8,gateway,gateway_B,gatewayB,2,ESP32->RPi,decrypt,108,221,113,4.292,20,esp32_edge_simulator_1,2,scan_A
13:53:01.299,1415.9,gateway,gateway_B,gatewayB,2,ESP32->RPi,decrypt,118,237,119,4.324,20,esp32_edge_normal_2,0,normal
13:53:01.314,1415.9,gateway,gateway_B,gatewayB,2,ESP32->RPi,decrypt,121,241,120,4.483,20,esp32_edge_normal_1,0,normal
13:53:06.204,1420.8,gateway,gateway_B,gatewayB,2,ESP32->RPi,decrypt,111,225,114,4.182,20,esp32_edge_simulator_1,1,mqtt_bruteforce
13:53:06.290,1420.9,gateway,gateway_B,gatewayB,2,ESP32->RPi,decrypt,115,233,118,4.024,20,esp32_edge_normal_2,0,normal
13:53:06.327,1420.9,gateway,gateway_B,gatewayB,2,ESP32->RPi,decrypt,120,237,117,1.624,20,esp32_edge_normal_1,0,normal
13:53:11.219,1425.8,gateway,gateway_B,gatewayB,2,ESP32->RPi,decrypt,110,225,115,1.426,20,esp32_edge_simulator_1,1,mqtt_bruteforce
13:53:11.285,1425.8,gateway,gateway_B,gatewayB,2,ESP32->RPi,decrypt,117,233,116,1.437,20,esp32_edge_normal_2,0,normal
13:53:11.312,1425.9,gateway,gateway_B,gatewayB,2,ESP32->RPi,decrypt,119,237,118,1.434,20,esp32_edge_normal_1,0,normal
13:53:16.192,1430.8,gateway,gateway_B,gatewayB,2,ESP32->RPi,decrypt,117,233,116,4.141,20,esp32_edge_simulator_1,0,normal
13:53:16.289,1430.9,gateway,gateway_B,gatewayB,2,ESP32->RPi,decrypt,121,241,120,2.704,20,esp32_edge_normal_2,0,normal
13:53:16.313,1430.9,gateway,gateway_B,gatewayB,2,ESP32->RPi,decrypt,117,233,116,3.118,20,esp32_edge_normal_1,0,normal
13:53:21.180,1435.7,gateway,gateway_B,gatewayB,2,ESP32->RPi,decrypt,106,221,115,3.974,20,esp32_edge_simulator_1,2,scan_A
13:53:21.304,1435.9,gateway,gateway_B,gatewayB,2,ESP32->RPi,decrypt,115,233,118,3.491,20,esp32_edge_normal_2,0,normal
13:53:21.308,1435.9,gateway,gateway_B,gatewayB,2,ESP32->RPi,decrypt,119,237,118,3.146,20,esp32_edge_normal_1,0,normal
13:53:26.275,1440.8,gateway,gateway_B,gatewayB,2,ESP32->RPi,decrypt,110,225,115,3.823,20,esp32_edge_simulator_1,1,mqtt_bruteforce
13:53:26.305,1440.9,gateway,gateway_B,gatewayB,2,ESP32->RPi,decrypt,118,237,119,4.614,20,esp32_edge_normal_1,0,normal
13:53:26.311,1440.9,gateway,gateway_B,gatewayB,2,ESP32->RPi,decrypt,114,229,115,4.37,20,esp32_edge_normal_2,0,normal
13:53:31.179,1445.7,gateway,gateway_B,gatewayB,2,ESP32->RPi,decrypt,81,185,104,3.473,20,esp32_edge_simulator_1,2,scan_A
13:53:31.297,1445.9,gateway,gateway_B,gatewayB,2,ESP32->RPi,decrypt,114,229,115,2.469,20,esp32_edge_normal_2,0,normal
13:53:31.318,1445.9,gateway,gateway_B,gatewayB,2,ESP32->RPi,decrypt,115,233,118,2.772,20,esp32_edge_normal_1,0,normal
13:53:36.173,1450.7,gateway,gateway_B,gatewayB,2,ESP32->RPi,decrypt,122,241,119,4.122,20,esp32_edge_simulator_1,0,normal
13:53:36.287,1450.8,gateway,gateway_B,gatewayB,2,ESP32->RPi,decrypt,120,237,117,2.874,20,esp32_edge_normal_2,0,normal
13:53:36.314,1450.9,gateway,gateway_B,gatewayB,2,ESP32->RPi,decrypt,117,233,116,2.859,20,esp32_edge_normal_1,0,normal
13:53:41.225,1455.8,gateway,gateway_B,gatewayB,2,ESP32->RPi,decrypt,120,237,117,4.124,20,esp32_edge_simulator_1,0,normal
13:53:41.290,1455.9,gateway,gateway_B,gatewayB,2,ESP32->RPi,decrypt,116,233,117,3.847,20,esp32_edge_normal_2,0,normal
13:53:41.316,1455.9,gateway,gateway_B,gatewayB,2,ESP32->RPi,decrypt,118,237,119,3.89,20,esp32_edge_normal_1,0,normal
13:53:46.191,1460.8,gateway,gateway_B,gatewayB,2,ESP32->RPi,decrypt,121,241,120,4.249,20,esp32_edge_simulator_1,0,normal
13:53:47.184,1461.7,gateway,gateway_B,gatewayB,2,RPi->PC,encrypt,3642,4938,1296,43.207,20,,,
13:53:47.444,1462.0,gateway,gateway_B,gatewayB,2,PC->RPi,decrypt,3524,4782,1258,30.415,20,,,
13:53:47.483,1462.0,gateway,gateway_B,gatewayB,2,RPi->ESP32,encrypt,3524,4782,1258,32.645,21,,,
13:53:47.763,1462.3,gateway,gateway_B,gatewayB,2,ESP32->RPi,decrypt,120,237,117,1.532,21,esp32_edge_normal_2,0,normal
13:53:47.766,1462.3,gateway,gateway_B,gatewayB,2,ESP32->RPi,decrypt,120,237,117,1.429,21,esp32_edge_normal_1,0,normal
13:53:59.695,1474.3,gateway,gateway_B,gatewayB,2,ESP32->RPi,decrypt,106,221,115,3.688,21,esp32_edge_simulator_1,2,scan_A
13:54:00.216,1474.8,gateway,gateway_B,gatewayB,2,ESP32->RPi,decrypt,114,229,115,3.888,21,esp32_edge_normal_2,0,normal
13:54:00.238,1474.8,gateway,gateway_B,gatewayB,2,ESP32->RPi,decrypt,120,237,117,4.02,21,esp32_edge_normal_1,0,normal
13:54:04.697,1479.3,gateway,gateway_B,gatewayB,2,ESP32->RPi,decrypt,114,229,115,4.011,21,esp32_edge_simulator_1,1,mqtt_bruteforce
13:54:05.200,1479.8,gateway,gateway_B,gatewayB,2,ESP32->RPi,decrypt,119,237,118,3.868,21,esp32_edge_normal_2,0,normal
13:54:05.229,1479.8,gateway,gateway_B,gatewayB,2,ESP32->RPi,decrypt,117,233,116,4.017,21,esp32_edge_normal_1,0,normal
13:54:09.685,1484.2,gateway,gateway_B,gatewayB,2,ESP32->RPi,decrypt,116,233,117,4.121,21,esp32_edge_simulator_1,0,normal
13:54:10.209,1484.8,gateway,gateway_B,gatewayB,2,ESP32->RPi,decrypt,117,233,116,4.422,21,esp32_edge_normal_2,0,normal
13:54:10.230,1484.8,gateway,gateway_B,gatewayB,2,ESP32->RPi,decrypt,112,229,117,4.17,21,esp32_edge_normal_1,0,normal
13:54:14.687,1489.2,gateway,gateway_B,gatewayB,2,ESP32->RPi,decrypt,119,237,118,4.209,21,esp32_edge_simulator_1,0,normal
13:54:15.195,1489.8,gateway,gateway_B,gatewayB,2,ESP32->RPi,decrypt,116,233,117,4.175,21,esp32_edge_normal_2,0,normal
13:54:15.233,1489.8,gateway,gateway_B,gatewayB,2,ESP32->RPi,decrypt,115,233,118,3.959,21,esp32_edge_normal_1,0,normal
13:54:19.685,1494.2,gateway,gateway_B,gatewayB,2,ESP32->RPi,decrypt,122,241,119,1.355,21,esp32_edge_simulator_1,0,normal
13:54:20.191,1494.8,gateway,gateway_B,gatewayB,2,ESP32->RPi,decrypt,114,229,115,1.3,21,esp32_edge_normal_2,0,normal
13:54:20.230,1494.8,gateway,gateway_B,gatewayB,2,ESP32->RPi,decrypt,116,233,117,1.459,21,esp32_edge_normal_1,0,normal
13:54:24.745,1499.3,gateway,gateway_B,gatewayB,2,ESP32->RPi,decrypt,104,217,113,3.724,21,esp32_edge_simulator_1,1,mqtt_bruteforce
13:54:25.202,1499.8,gateway,gateway_B,gatewayB,2,ESP32->RPi,decrypt,121,241,120,1.544,21,esp32_edge_normal_2,0,normal
13:54:25.228,1499.8,gateway,gateway_B,gatewayB,2,ESP32->RPi,decrypt,121,241,120,1.47,21,esp32_edge_normal_1,0,normal
13:54:29.760,1504.3,gateway,gateway_B,gatewayB,2,ESP32->RPi,decrypt,119,237,118,1.4,21,esp32_edge_simulator_1,0,normal
13:54:30.196,1504.8,gateway,gateway_B,gatewayB,2,ESP32->RPi,decrypt,114,229,115,4.202,21,esp32_edge_normal_2,0,normal
13:54:30.232,1504.8,gateway,gateway_B,gatewayB,2,ESP32->RPi,decrypt,114,229,115,4.093,21,esp32_edge_normal_1,0,normal
13:54:34.720,1509.3,gateway,gateway_B,gatewayB,2,ESP32->RPi,decrypt,114,229,115,4.025,21,esp32_edge_simulator_1,1,mqtt_bruteforce
13:54:35.197,1509.8,gateway,gateway_B,gatewayB,2,ESP32->RPi,decrypt,116,233,117,3.99,21,esp32_edge_normal_2,0,normal
13:54:35.239,1509.8,gateway,gateway_B,gatewayB,2,ESP32->RPi,decrypt,113,229,116,4.001,21,esp32_edge_normal_1,0,normal
13:54:39.696,1514.3,gateway,gateway_B,gatewayB,2,ESP32->RPi,decrypt,114,229,115,4.068,21,esp32_edge_simulator_1,1,mqtt_bruteforce
13:54:40.196,1514.8,gateway,gateway_B,gatewayB,2,ESP32->RPi,decrypt,119,237,118,4.321,21,esp32_edge_normal_2,0,normal
13:54:40.235,1514.8,gateway,gateway_B,gatewayB,2,ESP32->RPi,decrypt,116,233,117,4.009,21,esp32_edge_normal_1,0,normal
13:54:45.194,1519.8,gateway,gateway_B,gatewayB,2,ESP32->RPi,decrypt,107,221,114,4.138,21,esp32_edge_normal_2,0,normal
13:54:46.179,1520.7,gateway,gateway_B,gatewayB,2,RPi->PC,encrypt,3645,4942,1297,35.964,21,,,
13:54:46.290,1520.9,gateway,gateway_B,gatewayB,2,PC->RPi,decrypt,3543,4806,1263,33.707,21,,,
13:54:46.329,1520.9,gateway,gateway_B,gatewayB,2,RPi->ESP32,encrypt,3543,4806,1263,33.048,22,,,
13:54:46.593,1521.2,gateway,gateway_B,gatewayB,2,ESP32->RPi,decrypt,119,237,118,1.376,22,esp32_edge_simulator_1,0,normal
13:54:46.596,1521.2,gateway,gateway_B,gatewayB,2,ESP32->RPi,decrypt,121,241,120,1.36,22,esp32_edge_normal_1,0,normal
13:54:59.050,1533.6,gateway,gateway_B,gatewayB,2,ESP32->RPi,decrypt,107,221,114,3.898,22,esp32_edge_simulator_1,2,scan_A
13:54:59.090,1533.7,gateway,gateway_B,gatewayB,2,ESP32->RPi,decrypt,115,233,118,3.348,22,esp32_edge_normal_2,0,normal
13:54:59.096,1533.7,gateway,gateway_B,gatewayB,2,ESP32->RPi,decrypt,118,237,119,3.364,22,esp32_edge_normal_1,0,normal
13:55:04.067,1538.6,gateway,gateway_B,gatewayB,2,ESP32->RPi,decrypt,81,185,104,3.404,22,esp32_edge_simulator_1,2,scan_A
13:55:04.091,1538.7,gateway,gateway_B,gatewayB,2,ESP32->RPi,decrypt,118,237,119,4.849,22,esp32_edge_normal_1,0,normal
13:55:04.097,1538.7,gateway,gateway_B,gatewayB,2,ESP32->RPi,decrypt,121,241,120,4.427,22,esp32_edge_normal_2,0,normal
13:55:09.083,1543.6,gateway,gateway_B,gatewayB,2,ESP32->RPi,decrypt,116,233,117,1.468,22,esp32_edge_simulator_1,0,normal
13:55:09.086,1543.6,gateway,gateway_B,gatewayB,2,ESP32->RPi,decrypt,111,225,114,1.411,22,esp32_edge_normal_2,0,normal
13:55:09.106,1543.7,gateway,gateway_B,gatewayB,2,ESP32->RPi,decrypt,120,237,117,1.537,22,esp32_edge_normal_1,0,normal
13:55:14.103,1548.7,gateway,gateway_B,gatewayB,2,ESP32->RPi,decrypt,120,237,117,4.345,22,esp32_edge_simulator_1,0,normal
13:55:14.108,1548.7,gateway,gateway_B,gatewayB,2,ESP32->RPi,decrypt,112,229,117,3.384,22,esp32_edge_normal_2,0,normal
13:55:14.112,1548.7,gateway,gateway_B,gatewayB,2,ESP32->RPi,decrypt,116,233,117,3.581,22,esp32_edge_normal_1,0,normal
13:55:19.121,1553.7,gateway,gateway_B,gatewayB,2,ESP32->RPi,decrypt,112,229,117,4.311,22,esp32_edge_simulator_1,1,mqtt_bruteforce
13:55:19.127,1553.7,gateway,gateway_B,gatewayB,2,ESP32->RPi,decrypt,116,233,117,4.318,22,esp32_edge_normal_2,0,normal
13:55:19.132,1553.7,gateway,gateway_B,gatewayB,2,ESP32->RPi,decrypt,120,237,117,4.226,22,esp32_edge_normal_1,0,normal
13:55:24.344,1558.9,gateway,gateway_B,gatewayB,2,ESP32->RPi,decrypt,108,221,113,4.66,22,esp32_edge_simulator_1,1,mqtt_bruteforce
13:55:24.350,1558.9,gateway,gateway_B,gatewayB,2,ESP32->RPi,decrypt,121,241,120,4.368,22,esp32_edge_normal_2,0,normal
13:55:24.355,1558.9,gateway,gateway_B,gatewayB,2,ESP32->RPi,decrypt,120,237,117,4.491,22,esp32_edge_normal_1,0,normal
13:55:29.021,1563.6,gateway,gateway_B,gatewayB,2,ESP32->RPi,decrypt,120,237,117,4.371,22,esp32_edge_simulator_1,0,normal
13:55:29.084,1563.6,gateway,gateway_B,gatewayB,2,ESP32->RPi,decrypt,114,229,115,3.028,22,esp32_edge_normal_2,0,normal
13:55:29.088,1563.6,gateway,gateway_B,gatewayB,2,ESP32->RPi,decrypt,116,233,117,2.839,22,esp32_edge_normal_1,0,normal
13:55:34.022,1568.6,gateway,gateway_B,gatewayB,2,ESP32->RPi,decrypt,121,241,120,4.441,22,esp32_edge_simulator_1,0,normal
13:55:34.085,1568.6,gateway,gateway_B,gatewayB,2,ESP32->RPi,decrypt,118,237,119,4.276,22,esp32_edge_normal_2,0,normal
13:55:34.105,1568.7,gateway,gateway_B,gatewayB,2,ESP32->RPi,decrypt,120,237,117,2.824,22,esp32_edge_normal_1,0,normal
13:55:39.016,1573.6,gateway,gateway_B,gatewayB,2,ESP32->RPi,decrypt,117,233,116,4.424,22,esp32_edge_simulator_1,0,normal
13:55:39.091,1573.7,gateway,gateway_B,gatewayB,2,ESP32->RPi,decrypt,117,233,116,4.568,22,esp32_edge_normal_2,0,normal
13:55:39.110,1573.7,gateway,gateway_B,gatewayB,2,ESP32->RPi,decrypt,119,237,118,4.547,22,esp32_edge_normal_1,0,normal
13:55:44.108,1578.7,gateway,gateway_B,gatewayB,2,ESP32->RPi,decrypt,114,229,115,4.822,22,esp32_edge_simulator_1,0,normal
13:55:45.070,1579.6,gateway,gateway_B,gatewayB,2,RPi->PC,encrypt,3645,4942,1297,36.17,22,,,
13:55:45.331,1579.9,gateway,gateway_B,gatewayB,2,PC->RPi,decrypt,3547,4814,1267,33.757,22,,,
13:55:45.373,1579.9,gateway,gateway_B,gatewayB,2,RPi->ESP32,encrypt,3547,4814,1267,35.277,23,,,
13:55:45.606,1580.2,gateway,gateway_B,gatewayB,2,ESP32->RPi,decrypt,118,237,119,1.511,23,esp32_edge_normal_2,0,normal
13:55:45.609,1580.2,gateway,gateway_B,gatewayB,2,ESP32->RPi,decrypt,115,233,118,1.459,23,esp32_edge_normal_1,0,normal
13:55:58.039,1592.6,gateway,gateway_B,gatewayB,2,ESP32->RPi,decrypt,112,229,117,4.456,23,esp32_edge_simulator_1,1,mqtt_bruteforce
13:55:58.067,1592.6,gateway,gateway_B,gatewayB,2,ESP32->RPi,decrypt,117,233,116,4.451,23,esp32_edge_normal_2,0,normal
13:55:58.094,1592.7,gateway,gateway_B,gatewayB,2,ESP32->RPi,decrypt,120,237,117,4.832,23,esp32_edge_normal_1,0,normal
13:56:03.051,1597.6,gateway,gateway_B,gatewayB,2,ESP32->RPi,decrypt,102,213,111,4.111,23,esp32_edge_simulator_1,2,scan_A
13:56:03.080,1597.6,gateway,gateway_B,gatewayB,2,ESP32->RPi,decrypt,119,237,118,4.62,23,esp32_edge_normal_2,0,normal
13:56:03.103,1597.7,gateway,gateway_B,gatewayB,2,ESP32->RPi,decrypt,116,233,117,4.406,23,esp32_edge_normal_1,0,normal
13:56:08.070,1602.6,gateway,gateway_B,gatewayB,2,ESP32->RPi,decrypt,111,225,114,5.181,23,esp32_edge_simulator_1,1,mqtt_bruteforce
13:56:08.075,1602.6,gateway,gateway_B,gatewayB,2,ESP32->RPi,decrypt,116,233,117,4.432,23,esp32_edge_normal_2,0,normal
13:56:08.093,1602.7,gateway,gateway_B,gatewayB,2,ESP32->RPi,decrypt,117,233,116,4.638,23,esp32_edge_normal_1,0,normal
13:56:13.031,1607.6,gateway,gateway_B,gatewayB,2,ESP32->RPi,decrypt,121,241,120,4.412,23,esp32_edge_simulator_1,0,normal
13:56:13.054,1607.6,gateway,gateway_B,gatewayB,2,ESP32->RPi,decrypt,116,233,117,4.087,23,esp32_edge_normal_2,0,normal
13:56:13.090,1607.7,gateway,gateway_B,gatewayB,2,ESP32->RPi,decrypt,119,237,118,4.27,23,esp32_edge_normal_1,0,normal
13:56:18.043,1612.6,gateway,gateway_B,gatewayB,2,ESP32->RPi,decrypt,107,221,114,1.254,23,esp32_edge_simulator_1,2,scan_A
13:56:18.048,1612.6,gateway,gateway_B,gatewayB,2,ESP32->RPi,decrypt,115,233,118,1.38,23,esp32_edge_normal_2,0,normal
13:56:18.086,1612.6,gateway,gateway_B,gatewayB,2,ESP32->RPi,decrypt,116,233,117,1.58,23,esp32_edge_normal_1,0,normal
13:56:23.126,1617.7,gateway,gateway_B,gatewayB,2,ESP32->RPi,decrypt,124,245,121,4.434,23,esp32_edge_simulator_1,0,normal
13:56:23.132,1617.7,gateway,gateway_B,gatewayB,2,ESP32->RPi,decrypt,120,237,117,4.237,23,esp32_edge_normal_2,0,normal
13:56:23.136,1617.7,gateway,gateway_B,gatewayB,2,ESP32->RPi,decrypt,119,237,118,3.969,23,esp32_edge_normal_1,0,normal
13:56:28.027,1622.6,gateway,gateway_B,gatewayB,2,ESP32->RPi,decrypt,121,241,120,1.471,23,esp32_edge_simulator_1,0,normal
13:56:28.057,1622.6,gateway,gateway_B,gatewayB,2,ESP32->RPi,decrypt,114,229,115,1.493,23,esp32_edge_normal_2,0,normal
13:56:28.085,1622.6,gateway,gateway_B,gatewayB,2,ESP32->RPi,decrypt,116,233,117,1.579,23,esp32_edge_normal_1,0,normal
13:56:33.056,1627.6,gateway,gateway_B,gatewayB,2,ESP32->RPi,decrypt,114,229,115,4.368,23,esp32_edge_simulator_1,1,mqtt_bruteforce
13:56:33.061,1627.6,gateway,gateway_B,gatewayB,2,ESP32->RPi,decrypt,115,233,118,4.229,23,esp32_edge_normal_2,0,normal
13:56:33.094,1627.7,gateway,gateway_B,gatewayB,2,ESP32->RPi,decrypt,118,237,119,4.517,23,esp32_edge_normal_1,0,normal
13:56:38.035,1632.6,gateway,gateway_B,gatewayB,2,ESP32->RPi,decrypt,108,221,113,1.366,23,esp32_edge_simulator_1,2,scan_A
13:56:38.046,1632.6,gateway,gateway_B,gatewayB,2,ESP32->RPi,decrypt,115,233,118,1.474,23,esp32_edge_normal_2,0,normal
13:56:38.090,1632.7,gateway,gateway_B,gatewayB,2,ESP32->RPi,decrypt,120,237,117,1.597,23,esp32_edge_normal_1,0,normal
13:56:43.091,1637.7,gateway,gateway_B,gatewayB,2,ESP32->RPi,decrypt,123,241,118,4.46,23,esp32_edge_simulator_1,0,normal
13:56:44.064,1638.6,gateway,gateway_B,gatewayB,2,RPi->PC,encrypt,3626,4918,1292,37.186,23,,,
13:56:44.151,1638.7,gateway,gateway_B,gatewayB,2,PC->RPi,decrypt,3539,4802,1263,30.265,23,,,
13:56:44.192,1638.8,gateway,gateway_B,gatewayB,2,RPi->ESP32,encrypt,3539,4802,1263,33.705,24,,,
13:56:44.379,1638.9,gateway,gateway_B,gatewayB,2,ESP32->RPi,decrypt,116,233,117,1.626,24,esp32_edge_normal_2,0,normal
13:56:44.381,1638.9,gateway,gateway_B,gatewayB,2,ESP32->RPi,decrypt,120,237,117,1.649,24,esp32_edge_normal_1,0,normal
13:56:57.228,1651.8,gateway,gateway_B,gatewayB,2,ESP32->RPi,decrypt,81,185,104,3.962,24,esp32_edge_simulator_1,2,scan_A
13:56:57.244,1651.8,gateway,gateway_B,gatewayB,2,ESP32->RPi,decrypt,115,233,118,4.979,24,esp32_edge_normal_2,0,normal
13:56:57.267,1651.8,gateway,gateway_B,gatewayB,2,ESP32->RPi,decrypt,120,237,117,5.49,24,esp32_edge_normal_1,0,normal
13:57:02.239,1656.8,gateway,gateway_B,gatewayB,2,ESP32->RPi,decrypt,108,221,113,4.242,24,esp32_edge_simulator_1,2,scan_A
13:57:02.246,1656.8,gateway,gateway_B,gatewayB,2,ESP32->RPi,decrypt,119,237,118,4.507,24,esp32_edge_normal_2,0,normal
13:57:02.276,1656.8,gateway,gateway_B,gatewayB,2,ESP32->RPi,decrypt,114,229,115,4.12,24,esp32_edge_normal_1,0,normal
13:57:07.226,1661.8,gateway,gateway_B,gatewayB,2,ESP32->RPi,decrypt,118,237,119,4.261,24,esp32_edge_simulator_1,0,normal
13:57:07.243,1661.8,gateway,gateway_B,gatewayB,2,ESP32->RPi,decrypt,121,241,120,4.469,24,esp32_edge_normal_2,0,normal
13:57:07.278,1661.8,gateway,gateway_B,gatewayB,2,ESP32->RPi,decrypt,107,221,114,3.999,24,esp32_edge_normal_1,0,normal
13:57:12.276,1666.8,gateway,gateway_B,gatewayB,2,ESP32->RPi,decrypt,108,221,113,4.326,24,esp32_edge_simulator_1,1,mqtt_bruteforce
13:57:12.281,1666.8,gateway,gateway_B,gatewayB,2,ESP32->RPi,decrypt,107,221,114,3.597,24,esp32_edge_normal_2,0,normal
13:57:12.286,1666.8,gateway,gateway_B,gatewayB,2,ESP32->RPi,decrypt,116,233,117,3.81,24,esp32_edge_normal_1,0,normal
13:57:17.293,1671.9,gateway,gateway_B,gatewayB,2,ESP32->RPi,decrypt,122,241,119,4.807,24,esp32_edge_simulator_1,0,normal
13:57:17.298,1671.9,gateway,gateway_B,gatewayB,2,ESP32->RPi,decrypt,116,233,117,3.901,24,esp32_edge_normal_2,0,normal
13:57:17.303,1671.9,gateway,gateway_B,gatewayB,2,ESP32->RPi,decrypt,115,233,118,3.93,24,esp32_edge_normal_1,0,normal
13:57:22.228,1676.8,gateway,gateway_B,gatewayB,2,ESP32->RPi,decrypt,122,241,119,4.281,24,esp32_edge_simulator_1,0,normal
13:57:22.266,1676.8,gateway,gateway_B,gatewayB,2,ESP32->RPi,decrypt,114,229,115,4.251,24,esp32_edge_normal_2,0,normal
13:57:22.274,1676.8,gateway,gateway_B,gatewayB,2,ESP32->RPi,decrypt,121,241,120,4.551,24,esp32_edge_normal_1,0,normal
13:57:27.328,1681.9,gateway,gateway_B,gatewayB,2,ESP32->RPi,decrypt,107,221,114,4.658,24,esp32_edge_simulator_1,2,scan_A
13:57:27.333,1681.9,gateway,gateway_B,gatewayB,2,ESP32->RPi,decrypt,118,237,119,4.164,24,esp32_edge_normal_2,0,normal
13:57:27.338,1681.9,gateway,gateway_B,gatewayB,2,ESP32->RPi,decrypt,115,233,118,3.897,24,esp32_edge_normal_1,0,normal
13:57:32.346,1686.9,gateway,gateway_B,gatewayB,2,ESP32->RPi,decrypt,115,233,118,4.819,24,esp32_edge_normal_2,0,normal
13:57:32.351,1686.9,gateway,gateway_B,gatewayB,2,ESP32->RPi,decrypt,108,221,113,3.897,24,esp32_edge_simulator_1,2,scan_A
13:57:32.357,1686.9,gateway,gateway_B,gatewayB,2,ESP32->RPi,decrypt,120,237,117,4.552,24,esp32_edge_normal_1,0,normal
13:57:37.229,1691.8,gateway,gateway_B,gatewayB,2,ESP32->RPi,decrypt,106,221,115,4.153,24,esp32_edge_simulator_1,2,scan_A
13:57:37.243,1691.8,gateway,gateway_B,gatewayB,2,ESP32->RPi,decrypt,117,233,116,4.424,24,esp32_edge_normal_2,0,normal
13:57:37.250,1691.8,gateway,gateway_B,gatewayB,2,ESP32->RPi,decrypt,116,233,117,4.258,24,esp32_edge_normal_1,0,normal
13:57:42.221,1696.8,gateway,gateway_B,gatewayB,2,ESP32->RPi,decrypt,123,241,118,4.499,24,esp32_edge_simulator_1,0,normal
13:57:43.199,1697.8,gateway,gateway_B,gatewayB,2,RPi->PC,encrypt,3643,4942,1299,37.676,24,,,
13:57:43.284,1697.8,gateway,gateway_B,gatewayB,2,PC->RPi,decrypt,3543,4806,1263,33.071,24,,,
13:57:43.326,1697.9,gateway,gateway_B,gatewayB,2,RPi->ESP32,encrypt,3543,4806,1263,35.299,25,,,
13:57:43.441,1698.0,gateway,gateway_B,gatewayB,2,ESP32->RPi,decrypt,121,241,120,1.572,25,esp32_edge_normal_2,0,normal
13:57:43.443,1698.0,gateway,gateway_B,gatewayB,2,ESP32->RPi,decrypt,119,237,118,1.488,25,esp32_edge_normal_1,0,normal
13:57:55.799,1710.4,gateway,gateway_B,gatewayB,2,ESP32->RPi,decrypt,119,237,118,4.481,25,esp32_edge_simulator_1,0,normal
13:57:55.843,1710.4,gateway,gateway_B,gatewayB,2,ESP32->RPi,decrypt,116,233,117,5.268,25,esp32_edge_normal_2,0,normal
13:57:55.856,1710.4,gateway,gateway_B,gatewayB,2,ESP32->RPi,decrypt,115,233,118,3.47,25,esp32_edge_normal_1,0,normal
13:58:00.800,1715.4,gateway,gateway_B,gatewayB,2,ESP32->RPi,decrypt,120,237,117,4.34,25,esp32_edge_simulator_1,0,normal
13:58:00.843,1715.4,gateway,gateway_B,gatewayB,2,ESP32->RPi,decrypt,116,233,117,4.611,25,esp32_edge_normal_2,0,normal
13:58:00.855,1715.4,gateway,gateway_B,gatewayB,2,ESP32->RPi,decrypt,116,233,117,4.449,25,esp32_edge_normal_1,0,normal
13:58:05.831,1720.4,gateway,gateway_B,gatewayB,2,ESP32->RPi,decrypt,113,229,116,4.531,25,esp32_edge_simulator_1,1,mqtt_bruteforce
13:58:05.849,1720.4,gateway,gateway_B,gatewayB,2,ESP32->RPi,decrypt,119,237,118,4.674,25,esp32_edge_normal_2,0,normal
13:58:05.859,1720.4,gateway,gateway_B,gatewayB,2,ESP32->RPi,decrypt,116,233,117,4.59,25,esp32_edge_normal_1,0,normal
13:58:10.808,1725.4,gateway,gateway_B,gatewayB,2,ESP32->RPi,decrypt,109,225,116,1.383,25,esp32_edge_simulator_1,1,mqtt_bruteforce
13:58:10.834,1725.4,gateway,gateway_B,gatewayB,2,ESP32->RPi,decrypt,121,241,120,1.678,25,esp32_edge_normal_2,0,normal
13:58:10.845,1725.4,gateway,gateway_B,gatewayB,2,ESP32->RPi,decrypt,119,237,118,1.447,25,esp32_edge_normal_1,0,normal
13:58:15.811,1730.4,gateway,gateway_B,gatewayB,2,ESP32->RPi,decrypt,107,221,114,4.018,25,esp32_edge_simulator_1,2,scan_A
13:58:15.835,1730.4,gateway,gateway_B,gatewayB,2,ESP32->RPi,decrypt,119,237,118,4.313,25,esp32_edge_normal_2,0,normal
13:58:15.856,1730.4,gateway,gateway_B,gatewayB,2,ESP32->RPi,decrypt,114,229,115,4.472,25,esp32_edge_normal_1,0,normal
13:58:20.803,1735.4,gateway,gateway_B,gatewayB,2,ESP32->RPi,decrypt,113,229,116,1.427,25,esp32_edge_simulator_1,1,mqtt_bruteforce
13:58:20.840,1735.4,gateway,gateway_B,gatewayB,2,ESP32->RPi,decrypt,120,237,117,1.669,25,esp32_edge_normal_2,0,normal
13:58:20.843,1735.4,gateway,gateway_B,gatewayB,2,ESP32->RPi,decrypt,114,229,115,1.451,25,esp32_edge_normal_1,0,normal
13:58:25.802,1740.4,gateway,gateway_B,gatewayB,2,ESP32->RPi,decrypt,120,237,117,4.302,25,esp32_edge_simulator_1,0,normal
13:58:25.830,1740.4,gateway,gateway_B,gatewayB,2,ESP32->RPi,decrypt,108,221,113,3.95,25,esp32_edge_normal_2,0,normal
13:58:25.843,1740.4,gateway,gateway_B,gatewayB,2,ESP32->RPi,decrypt,117,233,116,4.538,25,esp32_edge_normal_1,0,normal
13:58:30.802,1745.4,gateway,gateway_B,gatewayB,2,ESP32->RPi,decrypt,116,233,117,4.187,25,esp32_edge_simulator_1,0,normal
13:58:30.842,1745.4,gateway,gateway_B,gatewayB,2,ESP32->RPi,decrypt,121,241,120,5.564,25,esp32_edge_normal_2,0,normal
13:58:30.849,1745.4,gateway,gateway_B,gatewayB,2,ESP32->RPi,decrypt,112,229,117,4.922,25,esp32_edge_normal_1,0,normal
13:58:35.800,1750.4,gateway,gateway_B,gatewayB,2,ESP32->RPi,decrypt,120,237,117,4.637,25,esp32_edge_simulator_1,0,normal
13:58:35.840,1750.4,gateway,gateway_B,gatewayB,2,ESP32->RPi,decrypt,121,241,120,5.357,25,esp32_edge_normal_2,0,normal
13:58:35.847,1750.4,gateway,gateway_B,gatewayB,2,ESP32->RPi,decrypt,116,233,117,5.05,25,esp32_edge_normal_1,0,normal
13:58:40.817,1755.4,gateway,gateway_B,gatewayB,2,ESP32->RPi,decrypt,109,225,116,4.199,25,esp32_edge_simulator_1,1,mqtt_bruteforce
13:58:41.854,1756.4,gateway,gateway_B,gatewayB,2,RPi->PC,encrypt,3619,4910,1291,40.087,25,,,
13:58:41.952,1756.5,gateway,gateway_B,gatewayB,2,PC->RPi,decrypt,3529,4790,1261,33.287,25,,,
13:58:41.993,1756.6,gateway,gateway_B,gatewayB,2,RPi->ESP32,encrypt,3529,4790,1261,33.834,26,,,
13:58:42.170,1756.7,gateway,gateway_B,gatewayB,2,ESP32->RPi,decrypt,118,237,119,1.588,26,esp32_edge_normal_2,0,normal
13:58:42.172,1756.7,gateway,gateway_B,gatewayB,2,ESP32->RPi,decrypt,115,233,118,1.575,26,esp32_edge_normal_1,0,normal
13:58:55.189,1769.8,gateway,gateway_B,gatewayB,2,ESP32->RPi,decrypt,117,233,116,4.91,26,esp32_edge_normal_2,0,normal
13:58:55.195,1769.8,gateway,gateway_B,gatewayB,2,ESP32->RPi,decrypt,119,237,118,4.863,26,esp32_edge_simulator_1,0,normal
13:58:55.626,1770.2,gateway,gateway_B,gatewayB,2,ESP32->RPi,decrypt,114,229,115,4.711,26,esp32_edge_normal_1,0,normal
13:59:00.206,1774.8,gateway,gateway_B,gatewayB,2,ESP32->RPi,decrypt,118,237,119,4.523,26,esp32_edge_simulator_1,0,normal
13:59:00.212,1774.8,gateway,gateway_B,gatewayB,2,ESP32->RPi,decrypt,120,237,117,4.435,26,esp32_edge_normal_2,0,normal
13:59:00.621,1775.2,gateway,gateway_B,gatewayB,2,ESP32->RPi,decrypt,121,241,120,4.655,26,esp32_edge_normal_1,0,normal
13:59:05.121,1779.7,gateway,gateway_B,gatewayB,2,ESP32->RPi,decrypt,111,225,114,4.274,26,esp32_edge_normal_2,0,normal
13:59:05.127,1779.7,gateway,gateway_B,gatewayB,2,ESP32->RPi,decrypt,116,233,117,4.517,26,esp32_edge_simulator_1,1,mqtt_bruteforce
13:59:05.625,1780.2,gateway,gateway_B,gatewayB,2,ESP32->RPi,decrypt,117,233,116,4.416,26,esp32_edge_normal_1,0,normal
13:59:10.139,1784.7,gateway,gateway_B,gatewayB,2,ESP32->RPi,decrypt,114,229,115,4.2,26,esp32_edge_normal_2,0,normal
13:59:10.145,1784.7,gateway,gateway_B,gatewayB,2,ESP32->RPi,decrypt,122,241,119,4.632,26,esp32_edge_simulator_1,0,normal
13:59:10.614,1785.2,gateway,gateway_B,gatewayB,2,ESP32->RPi,decrypt,115,233,118,3.656,26,esp32_edge_normal_1,0,normal
13:59:15.156,1789.7,gateway,gateway_B,gatewayB,2,ESP32->RPi,decrypt,108,221,113,3.858,26,esp32_edge_simulator_1,2,scan_A
13:59:15.161,1789.7,gateway,gateway_B,gatewayB,2,ESP32->RPi,decrypt,106,221,115,3.95,26,esp32_edge_normal_2,0,normal
13:59:15.629,1790.2,gateway,gateway_B,gatewayB,2,ESP32->RPi,decrypt,121,241,120,4.592,26,esp32_edge_normal_1,0,normal
13:59:20.117,1794.7,gateway,gateway_B,gatewayB,2,ESP32->RPi,decrypt,120,237,117,4.623,26,esp32_edge_normal_2,0,normal
13:59:20.125,1794.7,gateway,gateway_B,gatewayB,2,ESP32->RPi,decrypt,124,245,121,4.775,26,esp32_edge_simulator_1,0,normal
13:59:20.623,1795.2,gateway,gateway_B,gatewayB,2,ESP32->RPi,decrypt,116,233,117,4.588,26,esp32_edge_normal_1,0,normal
13:59:25.105,1799.7,gateway,gateway_B,gatewayB,2,ESP32->RPi,decrypt,117,233,116,4.771,26,esp32_edge_normal_2,0,normal
13:59:25.111,1799.7,gateway,gateway_B,gatewayB,2,ESP32->RPi,decrypt,119,237,118,4.595,26,esp32_edge_simulator_1,0,normal
13:59:25.629,1800.2,gateway,gateway_B,gatewayB,2,ESP32->RPi,decrypt,114,229,115,4.735,26,esp32_edge_normal_1,0,normal
13:59:30.210,1804.8,gateway,gateway_B,gatewayB,2,ESP32->RPi,decrypt,121,241,120,4.81,26,esp32_edge_simulator_1,0,normal
13:59:30.216,1804.8,gateway,gateway_B,gatewayB,2,ESP32->RPi,decrypt,119,237,118,4.542,26,esp32_edge_normal_2,0,normal
13:59:30.618,1805.2,gateway,gateway_B,gatewayB,2,ESP32->RPi,decrypt,121,241,120,4.02,26,esp32_edge_normal_1,0,normal
13:59:35.125,1809.7,gateway,gateway_B,gatewayB,2,ESP32->RPi,decrypt,119,237,118,4.255,26,esp32_edge_simulator_1,0,normal
13:59:35.130,1809.7,gateway,gateway_B,gatewayB,2,ESP32->RPi,decrypt,117,233,116,4.077,26,esp32_edge_normal_2,0,normal
13:59:35.612,1810.2,gateway,gateway_B,gatewayB,2,ESP32->RPi,decrypt,119,237,118,4.386,26,esp32_edge_normal_1,0,normal
13:59:40.144,1814.7,gateway,gateway_B,gatewayB,2,ESP32->RPi,decrypt,114,229,115,4.654,26,esp32_edge_normal_2,0,normal
13:59:41.095,1815.7,gateway,gateway_B,gatewayB,2,RPi->PC,encrypt,3628,4922,1294,34.427,26,,,
13:59:41.189,1815.8,gateway,gateway_B,gatewayB,2,PC->RPi,decrypt,3538,4802,1264,32.358,26,,,
13:59:41.229,1815.8,gateway,gateway_B,gatewayB,2,RPi->ESP32,encrypt,3538,4802,1264,33.223,27,,,
13:59:41.410,1816.0,gateway,gateway_B,gatewayB,2,ESP32->RPi,decrypt,110,225,115,1.341,27,esp32_edge_simulator_1,1,mqtt_bruteforce
13:59:41.413,1816.0,gateway,gateway_B,gatewayB,2,ESP32->RPi,decrypt,121,241,120,1.436,27,esp32_edge_normal_1,0,normal
13:59:53.865,1828.4,gateway,gateway_B,gatewayB,2,ESP32->RPi,decrypt,124,245,121,1.507,27,esp32_edge_simulator_1,0,normal
13:59:54.275,1828.8,gateway,gateway_B,gatewayB,2,ESP32->RPi,decrypt,121,241,120,1.587,27,esp32_edge_normal_2,0,normal
13:59:54.336,1828.9,gateway,gateway_B,gatewayB,2,ESP32->RPi,decrypt,117,233,116,1.502,27,esp32_edge_normal_1,0,normal
13:59:58.772,1833.3,gateway,gateway_B,gatewayB,2,ESP32->RPi,decrypt,111,225,114,4.289,27,esp32_edge_simulator_1,1,mqtt_bruteforce
13:59:59.279,1833.8,gateway,gateway_B,gatewayB,2,ESP32->RPi,decrypt,113,229,116,4.385,27,esp32_edge_normal_2,0,normal
13:59:59.360,1833.9,gateway,gateway_B,gatewayB,2,ESP32->RPi,decrypt,113,229,116,4.324,27,esp32_edge_normal_1,0,normal
14:00:03.798,1838.4,gateway,gateway_B,gatewayB,2,ESP32->RPi,decrypt,107,221,114,4.435,27,esp32_edge_simulator_1,2,scan_A
14:00:04.282,1838.8,gateway,gateway_B,gatewayB,2,ESP32->RPi,decrypt,115,233,118,4.48,27,esp32_edge_normal_2,0,normal
14:00:04.348,1838.9,gateway,gateway_B,gatewayB,2,ESP32->RPi,decrypt,116,233,117,4.194,27,esp32_edge_normal_1,0,normal
14:00:08.815,1843.4,gateway,gateway_B,gatewayB,2,ESP32->RPi,decrypt,124,245,121,4.757,27,esp32_edge_simulator_1,0,normal
14:00:09.279,1843.8,gateway,gateway_B,gatewayB,2,ESP32->RPi,decrypt,116,233,117,3.351,27,esp32_edge_normal_2,0,normal
14:00:09.328,1843.9,gateway,gateway_B,gatewayB,2,ESP32->RPi,decrypt,116,233,117,3.683,27,esp32_edge_normal_1,0,normal
14:00:13.761,1848.3,gateway,gateway_B,gatewayB,2,ESP32->RPi,decrypt,106,221,115,4.32,27,esp32_edge_simulator_1,2,scan_A
14:00:14.279,1848.8,gateway,gateway_B,gatewayB,2,ESP32->RPi,decrypt,117,233,116,4.355,27,esp32_edge_normal_2,0,normal
14:00:14.323,1848.9,gateway,gateway_B,gatewayB,2,ESP32->RPi,decrypt,120,237,117,4.672,27,esp32_edge_normal_1,0,normal
14:00:18.816,1853.4,gateway,gateway_B,gatewayB,2,ESP32->RPi,decrypt,118,237,119,4.332,27,esp32_edge_simulator_1,0,normal
14:00:19.279,1853.8,gateway,gateway_B,gatewayB,2,ESP32->RPi,decrypt,119,237,118,4.517,27,esp32_edge_normal_2,0,normal
14:00:19.406,1854.0,gateway,gateway_B,gatewayB,2,ESP32->RPi,decrypt,116,233,117,3.294,27,esp32_edge_normal_1,0,normal
14:00:23.767,1858.3,gateway,gateway_B,gatewayB,2,ESP32->RPi,decrypt,121,241,120,4.705,27,esp32_edge_simulator_1,0,normal
14:00:24.279,1858.8,gateway,gateway_B,gatewayB,2,ESP32->RPi,decrypt,116,233,117,4.333,27,esp32_edge_normal_2,0,normal
14:00:24.334,1858.9,gateway,gateway_B,gatewayB,2,ESP32->RPi,decrypt,117,233,116,4.991,27,esp32_edge_normal_1,0,normal
14:00:28.764,1863.3,gateway,gateway_B,gatewayB,2,ESP32->RPi,decrypt,107,221,114,4.347,27,esp32_edge_simulator_1,2,scan_A
14:00:29.280,1863.8,gateway,gateway_B,gatewayB,2,ESP32->RPi,decrypt,113,229,116,4.656,27,esp32_edge_normal_2,0,normal
14:00:29.349,1863.9,gateway,gateway_B,gatewayB,2,ESP32->RPi,decrypt,121,241,120,4.766,27,esp32_edge_normal_1,0,normal
14:00:33.761,1868.3,gateway,gateway_B,gatewayB,2,ESP32->RPi,decrypt,110,225,115,4.179,27,esp32_edge_simulator_1,1,mqtt_bruteforce
14:00:34.278,1868.8,gateway,gateway_B,gatewayB,2,ESP32->RPi,decrypt,118,237,119,4.328,27,esp32_edge_normal_2,0,normal
14:00:34.407,1869.0,gateway,gateway_B,gatewayB,2,ESP32->RPi,decrypt,113,229,116,3.778,27,esp32_edge_normal_1,0,normal
14:00:38.921,1873.5,gateway,gateway_B,gatewayB,2,ESP32->RPi,decrypt,112,229,117,4.457,27,esp32_edge_simulator_1,1,mqtt_bruteforce
14:00:40.031,1874.6,gateway,gateway_B,gatewayB,2,RPi->PC,encrypt,3635,4930,1295,37.575,27,,,
14:00:40.769,1875.3,gateway,gateway_B,gatewayB,2,PC->RPi,decrypt,3534,4794,1260,35.836,27,,,
14:00:40.814,1875.4,gateway,gateway_B,gatewayB,2,RPi->ESP32,encrypt,3534,4794,1260,37.767,28,,,
14:00:40.992,1875.6,gateway,gateway_B,gatewayB,2,ESP32->RPi,decrypt,121,241,120,1.641,28,esp32_edge_normal_2,0,normal
14:00:40.994,1875.6,gateway,gateway_B,gatewayB,2,ESP32->RPi,decrypt,118,237,119,1.598,28,esp32_edge_normal_1,0,normal
14:00:52.886,1887.4,gateway,gateway_B,gatewayB,2,ESP32->RPi,decrypt,109,225,116,4.428,28,esp32_edge_simulator_1,1,mqtt_bruteforce
14:00:52.913,1887.5,gateway,gateway_B,gatewayB,2,ESP32->RPi,decrypt,120,237,117,4.895,28,esp32_edge_normal_1,0,normal
14:00:53.384,1887.9,gateway,gateway_B,gatewayB,2,ESP32->RPi,decrypt,118,237,119,4.48,28,esp32_edge_normal_2,0,normal
14:00:57.998,1892.6,gateway,gateway_B,gatewayB,2,ESP32->RPi,decrypt,108,221,113,4.43,28,esp32_edge_simulator_1,1,mqtt_bruteforce
14:00:58.012,1892.6,gateway,gateway_B,gatewayB,2,ESP32->RPi,decrypt,120,237,117,4.69,28,esp32_edge_normal_1,0,normal
14:00:58.523,1893.1,gateway,gateway_B,gatewayB,2,ESP32->RPi,decrypt,121,241,120,4.607,28,esp32_edge_normal_2,0,normal
14:01:02.989,1897.6,gateway,gateway_B,gatewayB,2,ESP32->RPi,decrypt,124,245,121,4.648,28,esp32_edge_simulator_1,0,normal
14:01:02.995,1897.6,gateway,gateway_B,gatewayB,2,ESP32->RPi,decrypt,115,233,118,4.358,28,esp32_edge_normal_1,0,normal
14:01:03.380,1897.9,gateway,gateway_B,gatewayB,2,ESP32->RPi,decrypt,111,225,114,4.228,28,esp32_edge_normal_2,0,normal
14:01:07.901,1902.5,gateway,gateway_B,gatewayB,2,ESP32->RPi,decrypt,107,221,114,4.202,28,esp32_edge_simulator_1,2,scan_A
14:01:07.907,1902.5,gateway,gateway_B,gatewayB,2,ESP32->RPi,decrypt,120,237,117,4.361,28,esp32_edge_normal_1,0,normal
14:01:08.374,1902.9,gateway,gateway_B,gatewayB,2,ESP32->RPi,decrypt,119,237,118,4.435,28,esp32_edge_normal_2,0,normal
14:01:12.919,1907.5,gateway,gateway_B,gatewayB,2,ESP32->RPi,decrypt,113,229,116,4.948,28,esp32_edge_simulator_1,1,mqtt_bruteforce
14:01:12.924,1907.5,gateway,gateway_B,gatewayB,2,ESP32->RPi,decrypt,112,229,117,4.268,28,esp32_edge_normal_1,0,normal
14:01:13.373,1907.9,gateway,gateway_B,gatewayB,2,ESP32->RPi,decrypt,117,233,116,2.993,28,esp32_edge_normal_2,0,normal
14:01:17.885,1912.4,gateway,gateway_B,gatewayB,2,ESP32->RPi,decrypt,107,221,114,4.474,28,esp32_edge_simulator_1,2,scan_A
14:01:17.911,1912.5,gateway,gateway_B,gatewayB,2,ESP32->RPi,decrypt,115,233,118,4.473,28,esp32_edge_normal_1,0,normal
14:01:18.376,1912.9,gateway,gateway_B,gatewayB,2,ESP32->RPi,decrypt,120,237,117,4.863,28,esp32_edge_normal_2,0,normal
14:01:22.953,1917.5,gateway,gateway_B,gatewayB,2,ESP32->RPi,decrypt,81,185,104,3.72,28,esp32_edge_simulator_1,2,scan_A
14:01:22.959,1917.5,gateway,gateway_B,gatewayB,2,ESP32->RPi,decrypt,119,237,118,4.399,28,esp32_edge_normal_1,0,normal
14:01:23.381,1917.9,gateway,gateway_B,gatewayB,2,ESP32->RPi,decrypt,116,233,117,4.377,28,esp32_edge_normal_2,0,normal
14:01:27.875,1922.4,gateway,gateway_B,gatewayB,2,ESP32->RPi,decrypt,119,237,118,4.413,28,esp32_edge_simulator_1,0,normal
14:01:27.923,1922.5,gateway,gateway_B,gatewayB,2,ESP32->RPi,decrypt,106,221,115,3.447,28,esp32_edge_normal_1,0,normal
14:01:28.376,1922.9,gateway,gateway_B,gatewayB,2,ESP32->RPi,decrypt,118,237,119,1.464,28,esp32_edge_normal_2,0,normal
14:01:32.882,1927.4,gateway,gateway_B,gatewayB,2,ESP32->RPi,decrypt,81,185,104,1.303,28,esp32_edge_simulator_1,2,scan_A
14:01:32.896,1927.5,gateway,gateway_B,gatewayB,2,ESP32->RPi,decrypt,112,229,117,1.402,28,esp32_edge_normal_1,0,normal
14:01:33.373,1927.9,gateway,gateway_B,gatewayB,2,ESP32->RPi,decrypt,117,233,116,4.173,28,esp32_edge_normal_2,0,normal
14:01:37.871,1932.4,gateway,gateway_B,gatewayB,2,ESP32->RPi,decrypt,121,241,120,4.449,28,esp32_edge_simulator_1,0,normal
14:01:38.839,1933.4,gateway,gateway_B,gatewayB,2,RPi->PC,encrypt,3634,4930,1296,39.471,28,,,
14:01:38.967,1933.5,gateway,gateway_B,gatewayB,2,PC->RPi,decrypt,3523,4782,1259,34.314,28,,,
14:01:39.012,1933.6,gateway,gateway_B,gatewayB,2,RPi->ESP32,encrypt,3523,4782,1259,37.84,29,,,
14:01:40.705,1935.3,gateway,gateway_B,gatewayB,2,ESP32->RPi,decrypt,119,237,118,1.551,29,esp32_edge_normal_1,0,normal
14:01:40.707,1935.3,gateway,gateway_B,gatewayB,2,ESP32->RPi,decrypt,114,229,115,1.564,29,esp32_edge_normal_2,0,normal
14:01:53.162,1947.7,gateway,gateway_B,gatewayB,2,ESP32->RPi,decrypt,106,221,115,4.871,29,esp32_edge_simulator_1,1,mqtt_bruteforce
14:01:53.168,1947.7,gateway,gateway_B,gatewayB,2,ESP32->RPi,decrypt,113,229,116,4.644,29,esp32_edge_normal_2,0,normal
14:01:53.613,1948.2,gateway,gateway_B,gatewayB,2,ESP32->RPi,decrypt,106,221,115,4.484,29,esp32_edge_normal_1,0,normal
14:01:58.076,1952.6,gateway,gateway_B,gatewayB,2,ESP32->RPi,decrypt,81,185,104,3.688,29,esp32_edge_simulator_1,2,scan_A
14:01:58.103,1952.7,gateway,gateway_B,gatewayB,2,ESP32->RPi,decrypt,121,241,120,4.924,29,esp32_edge_normal_2,0,normal
14:01:58.610,1953.2,gateway,gateway_B,gatewayB,2,ESP32->RPi,decrypt,114,229,115,4.543,29,esp32_edge_normal_1,0,normal
14:02:03.084,1957.6,gateway,gateway_B,gatewayB,2,ESP32->RPi,decrypt,118,237,119,4.864,29,esp32_edge_simulator_1,0,normal
14:02:03.102,1957.7,gateway,gateway_B,gatewayB,2,ESP32->RPi,decrypt,114,229,115,5.074,29,esp32_edge_normal_2,0,normal
14:02:03.611,1958.2,gateway,gateway_B,gatewayB,2,ESP32->RPi,decrypt,113,229,116,4.453,29,esp32_edge_normal_1,0,normal
14:02:08.112,1962.7,gateway,gateway_B,gatewayB,2,ESP32->RPi,decrypt,106,221,115,4.421,29,esp32_edge_simulator_1,2,scan_A
14:02:08.118,1962.7,gateway,gateway_B,gatewayB,2,ESP32->RPi,decrypt,115,233,118,4.258,29,esp32_edge_normal_2,0,normal
14:02:08.595,1963.2,gateway,gateway_B,gatewayB,2,ESP32->RPi,decrypt,118,237,119,4.416,29,esp32_edge_normal_1,0,normal
14:02:13.063,1967.6,gateway,gateway_B,gatewayB,2,ESP32->RPi,decrypt,118,237,119,4.52,29,esp32_edge_simulator_1,0,normal
14:02:13.093,1967.7,gateway,gateway_B,gatewayB,2,ESP32->RPi,decrypt,116,233,117,4.593,29,esp32_edge_normal_2,0,normal
14:02:13.605,1968.2,gateway,gateway_B,gatewayB,2,ESP32->RPi,decrypt,118,237,119,4.453,29,esp32_edge_normal_1,0,normal
14:02:18.059,1972.6,gateway,gateway_B,gatewayB,2,ESP32->RPi,decrypt,108,221,113,1.429,29,esp32_edge_simulator_1,1,mqtt_bruteforce
14:02:18.089,1972.6,gateway,gateway_B,gatewayB,2,ESP32->RPi,decrypt,120,237,117,1.593,29,esp32_edge_normal_2,0,normal
14:02:18.616,1973.2,gateway,gateway_B,gatewayB,2,ESP32->RPi,decrypt,117,233,116,1.484,29,esp32_edge_normal_1,0,normal
14:02:23.165,1977.7,gateway,gateway_B,gatewayB,2,ESP32->RPi,decrypt,122,241,119,4.674,29,esp32_edge_simulator_1,0,normal
14:02:23.172,1977.7,gateway,gateway_B,gatewayB,2,ESP32->RPi,decrypt,116,233,117,4.239,29,esp32_edge_normal_2,0,normal
14:02:23.600,1978.2,gateway,gateway_B,gatewayB,2,ESP32->RPi,decrypt,118,237,119,4.287,29,esp32_edge_normal_1,0,normal
14:02:28.057,1982.6,gateway,gateway_B,gatewayB,2,ESP32->RPi,decrypt,119,237,118,1.391,29,esp32_edge_simulator_1,0,normal
14:02:28.105,1982.7,gateway,gateway_B,gatewayB,2,ESP32->RPi,decrypt,108,221,113,1.427,29,esp32_edge_normal_2,0,normal
14:02:28.597,1983.2,gateway,gateway_B,gatewayB,2,ESP32->RPi,decrypt,118,237,119,1.548,29,esp32_edge_normal_1,0,normal
14:02:33.053,1987.6,gateway,gateway_B,gatewayB,2,ESP32->RPi,decrypt,116,233,117,1.508,29,esp32_edge_simulator_1,0,normal
14:02:33.099,1987.7,gateway,gateway_B,gatewayB,2,ESP32->RPi,decrypt,119,237,118,1.656,29,esp32_edge_normal_2,0,normal
14:02:33.594,1988.2,gateway,gateway_B,gatewayB,2,ESP32->RPi,decrypt,111,225,114,1.445,29,esp32_edge_normal_1,0,normal
14:02:38.057,1992.6,gateway,gateway_B,gatewayB,2,ESP32->RPi,decrypt,108,221,113,1.397,29,esp32_edge_simulator_1,2,scan_A
14:02:39.258,1993.8,gateway,gateway_B,gatewayB,2,RPi->PC,encrypt,3636,4930,1294,39.907,29,,,
14:02:39.398,1994.0,gateway,gateway_B,gatewayB,2,PC->RPi,decrypt,3543,4806,1263,33.975,29,,,
14:02:39.440,1994.0,gateway,gateway_B,gatewayB,2,RPi->ESP32,encrypt,3543,4806,1263,34.731,30,,,
14:02:39.604,1994.2,gateway,gateway_B,gatewayB,2,ESP32->RPi,decrypt,120,237,117,1.584,30,esp32_edge_normal_2,0,normal
14:02:39.607,1994.2,gateway,gateway_B,gatewayB,2,ESP32->RPi,decrypt,115,233,118,1.553,30,esp32_edge_normal_1,0,normal
14:02:51.958,2006.5,gateway,gateway_B,gatewayB,2,ESP32->RPi,decrypt,107,221,114,1.498,30,esp32_edge_simulator_1,2,scan_A
14:02:52.483,2007.0,gateway,gateway_B,gatewayB,2,ESP32->RPi,decrypt,119,237,118,1.539,30,esp32_edge_normal_2,0,normal
14:02:52.512,2007.1,gateway,gateway_B,gatewayB,2,ESP32->RPi,decrypt,116,233,117,1.456,30,esp32_edge_normal_1,0,normal
14:02:56.951,2011.5,gateway,gateway_B,gatewayB,2,ESP32->RPi,decrypt,118,237,119,4.47,30,esp32_edge_simulator_1,0,normal
14:02:57.494,2012.1,gateway,gateway_B,gatewayB,2,ESP32->RPi,decrypt,117,233,116,4.656,30,esp32_edge_normal_2,0,normal
14:02:57.501,2012.1,gateway,gateway_B,gatewayB,2,ESP32->RPi,decrypt,120,237,117,4.84,30,esp32_edge_normal_1,0,normal
14:03:01.974,2016.5,gateway,gateway_B,gatewayB,2,ESP32->RPi,decrypt,107,221,114,4.34,30,esp32_edge_simulator_1,1,mqtt_bruteforce
14:03:02.482,2017.0,gateway,gateway_B,gatewayB,2,ESP32->RPi,decrypt,114,229,115,4.576,30,esp32_edge_normal_2,0,normal
14:03:02.490,2017.1,gateway,gateway_B,gatewayB,2,ESP32->RPi,decrypt,116,233,117,4.535,30,esp32_edge_normal_1,0,normal
