timestamp,uptime_s,device_name,device_suffix,hostname,run_id,channel,operation,pt_bytes,enc_bytes,overhead_bytes,elapsed_ms,fl_round,client_id,sample_label,sample_label_name
13:29:07.915,0.8,gateway,gateway_A,raspberrypi,2,ESP32->RPi,decrypt,117,233,116,1.336,0,esp32_edge_simulator_2,0,normal
13:30:12.209,65.1,gateway,gateway_A,raspberrypi,2,ESP32->RPi,decrypt,119,237,118,3.97,0,esp32_edge_normal_1,0,normal
13:30:14.921,67.8,gateway,gateway_A,raspberrypi,2,ESP32->RPi,decrypt,120,237,117,4.087,0,esp32_edge_normal_3,0,normal
13:30:15.057,67.9,gateway,gateway_A,raspberrypi,2,ESP32->RPi,decrypt,113,229,116,1.321,0,esp32_edge_normal_2,0,normal
13:30:17.170,70.0,gateway,gateway_A,raspberrypi,2,ESP32->RPi,decrypt,113,229,116,1.354,0,esp32_edge_normal_1,0,normal
13:30:19.923,72.8,gateway,gateway_A,raspberrypi,2,ESP32->RPi,decrypt,121,241,120,1.435,0,esp32_edge_normal_3,0,normal
13:30:20.035,72.9,gateway,gateway_A,raspberrypi,2,ESP32->RPi,decrypt,121,241,120,4.201,0,esp32_edge_normal_2,0,normal
13:30:22.214,75.1,gateway,gateway_A,raspberrypi,2,ESP32->RPi,decrypt,117,233,116,1.423,0,esp32_edge_normal_1,0,normal
13:30:25.003,77.9,gateway,gateway_A,raspberrypi,2,ESP32->RPi,decrypt,117,233,116,1.44,0,esp32_edge_normal_3,0,normal
13:30:25.028,77.9,gateway,gateway_A,raspberrypi,2,ESP32->RPi,decrypt,115,233,118,1.395,0,esp32_edge_normal_2,0,normal
13:30:27.175,80.0,gateway,gateway_A,raspberrypi,2,ESP32->RPi,decrypt,112,229,117,4.114,0,esp32_edge_normal_1,0,normal
13:30:30.000,82.9,gateway,gateway_A,raspberrypi,2,ESP32->RPi,decrypt,117,233,116,4.1,0,esp32_edge_normal_3,0,normal
13:30:30.041,82.9,gateway,gateway_A,raspberrypi,2,ESP32->RPi,decrypt,117,233,116,3.891,0,esp32_edge_normal_2,0,normal
13:30:32.253,85.1,gateway,gateway_A,raspberrypi,2,ESP32->RPi,decrypt,119,237,118,3.977,0,esp32_edge_normal_1,0,normal
13:30:34.927,87.8,gateway,gateway_A,raspberrypi,2,ESP32->RPi,decrypt,117,233,116,4.1,0,esp32_edge_normal_3,0,normal
13:30:35.036,87.9,gateway,gateway_A,raspberrypi,2,ESP32->RPi,decrypt,106,221,115,3.473,0,esp32_edge_normal_2,0,normal
13:30:37.271,90.1,gateway,gateway_A,raspberrypi,2,ESP32->RPi,decrypt,115,233,118,3.91,0,esp32_edge_normal_1,0,normal
13:30:39.921,92.8,gateway,gateway_A,raspberrypi,2,ESP32->RPi,decrypt,121,241,120,4.218,0,esp32_edge_normal_3,0,normal
13:30:40.035,92.9,gateway,gateway_A,raspberrypi,2,ESP32->RPi,decrypt,121,241,120,3.117,0,esp32_edge_normal_2,0,normal
13:30:42.165,95.0,gateway,gateway_A,raspberrypi,2,ESP32->RPi,decrypt,116,233,117,3.903,0,esp32_edge_normal_1,0,normal
13:30:44.924,97.8,gateway,gateway_A,raspberrypi,2,ESP32->RPi,decrypt,118,237,119,3.934,0,esp32_edge_normal_3,0,normal
13:30:45.031,97.9,gateway,gateway_A,raspberrypi,2,ESP32->RPi,decrypt,121,241,120,3.476,0,esp32_edge_normal_2,0,normal
13:30:47.172,100.0,gateway,gateway_A,raspberrypi,2,ESP32->RPi,decrypt,117,233,116,3.89,0,esp32_edge_normal_1,0,normal
13:30:50.076,102.9,gateway,gateway_A,raspberrypi,2,ESP32->RPi,decrypt,116,233,117,3.975,0,esp32_edge_normal_2,0,normal
13:30:51.577,104.4,gateway,gateway_A,raspberrypi,2,ESP32->RPi,decrypt,121,241,120,1.38,0,esp32_edge_normal_3,0,normal
13:30:52.157,105.0,gateway,gateway_A,raspberrypi,2,ESP32->RPi,decrypt,119,237,118,1.307,0,esp32_edge_normal_1,0,normal
13:30:54.920,107.8,gateway,gateway_A,raspberrypi,2,ESP32->RPi,decrypt,115,233,118,1.399,0,esp32_edge_normal_3,0,normal
13:30:55.035,107.9,gateway,gateway_A,raspberrypi,2,ESP32->RPi,decrypt,118,237,119,1.453,0,esp32_edge_normal_2,0,normal
13:30:57.159,110.0,gateway,gateway_A,raspberrypi,2,ESP32->RPi,decrypt,120,237,117,1.521,0,esp32_edge_normal_1,0,normal
13:30:59.918,112.8,gateway,gateway_A,raspberrypi,2,ESP32->RPi,decrypt,117,233,116,1.487,0,esp32_edge_normal_3,0,normal
13:31:07.027,119.9,gateway,gateway_A,raspberrypi,2,RPi->PC,encrypt,3633,4926,1293,34.089,0,,,
13:31:07.067,119.9,gateway,gateway_A,raspberrypi,2,ESP32->RPi,decrypt,114,229,115,1.395,0,esp32_edge_normal_2,0,normal
13:31:07.069,119.9,gateway,gateway_A,raspberrypi,2,ESP32->RPi,decrypt,117,233,116,1.378,0,esp32_edge_normal_1,0,normal
13:31:07.071,119.9,gateway,gateway_A,raspberrypi,2,ESP32->RPi,decrypt,120,237,117,1.441,0,esp32_edge_normal_3,0,normal
13:31:07.074,119.9,gateway,gateway_A,raspberrypi,2,ESP32->RPi,decrypt,118,237,119,1.543,0,esp32_edge_normal_2,0,normal
13:31:07.170,120.0,gateway,gateway_A,raspberrypi,2,ESP32->RPi,decrypt,114,229,115,1.374,0,esp32_edge_normal_1,0,normal
13:31:07.382,120.2,gateway,gateway_A,raspberrypi,2,PC->RPi,decrypt,3528,4786,1258,31.357,0,,,
13:31:07.423,120.3,gateway,gateway_A,raspberrypi,2,RPi->ESP32,encrypt,3528,4786,1258,34.836,1,,,
13:31:19.369,132.2,gateway,gateway_A,raspberrypi,2,ESP32->RPi,decrypt,120,237,117,4.307,1,esp32_edge_normal_3,0,normal
13:31:19.838,132.7,gateway,gateway_A,raspberrypi,2,ESP32->RPi,decrypt,120,237,117,4.294,1,esp32_edge_normal_2,0,normal
13:31:19.849,132.7,gateway,gateway_A,raspberrypi,2,ESP32->RPi,decrypt,121,241,120,4.162,1,esp32_edge_normal_1,0,normal
13:31:24.359,137.2,gateway,gateway_A,raspberrypi,2,ESP32->RPi,decrypt,119,237,118,1.277,1,esp32_edge_normal_3,0,normal
13:31:24.904,137.8,gateway,gateway_A,raspberrypi,2,ESP32->RPi,decrypt,114,229,115,1.298,1,esp32_edge_normal_2,0,normal
13:31:24.907,137.8,gateway,gateway_A,raspberrypi,2,ESP32->RPi,decrypt,117,233,116,1.302,1,esp32_edge_normal_1,0,normal
13:31:29.346,142.2,gateway,gateway_A,raspberrypi,2,ESP32->RPi,decrypt,120,237,117,1.451,1,esp32_edge_normal_3,0,normal
13:31:29.824,142.7,gateway,gateway_A,raspberrypi,2,ESP32->RPi,decrypt,116,233,117,1.369,1,esp32_edge_normal_2,0,normal
13:31:29.841,142.7,gateway,gateway_A,raspberrypi,2,ESP32->RPi,decrypt,117,233,116,1.445,1,esp32_edge_normal_1,0,normal
13:31:34.357,147.2,gateway,gateway_A,raspberrypi,2,ESP32->RPi,decrypt,117,233,116,4.188,1,esp32_edge_normal_3,0,normal
13:31:34.823,147.7,gateway,gateway_A,raspberrypi,2,ESP32->RPi,decrypt,117,233,116,3.475,1,esp32_edge_normal_2,0,normal
13:31:34.843,147.7,gateway,gateway_A,raspberrypi,2,ESP32->RPi,decrypt,117,233,116,3.391,1,esp32_edge_normal_1,0,normal
13:31:39.346,152.2,gateway,gateway_A,raspberrypi,2,ESP32->RPi,decrypt,115,233,118,3.778,1,esp32_edge_normal_3,0,normal
13:31:39.816,152.7,gateway,gateway_A,raspberrypi,2,ESP32->RPi,decrypt,121,241,120,4.174,1,esp32_edge_normal_2,0,normal
13:31:39.839,152.7,gateway,gateway_A,raspberrypi,2,ESP32->RPi,decrypt,116,233,117,3.335,1,esp32_edge_normal_1,0,normal
13:31:44.447,157.3,gateway,gateway_A,raspberrypi,2,ESP32->RPi,decrypt,118,237,119,3.94,1,esp32_edge_normal_3,0,normal
13:31:44.816,157.7,gateway,gateway_A,raspberrypi,2,ESP32->RPi,decrypt,120,237,117,4.051,1,esp32_edge_normal_2,0,normal
13:31:44.825,157.7,gateway,gateway_A,raspberrypi,2,ESP32->RPi,decrypt,120,237,117,3.936,1,esp32_edge_normal_1,0,normal
13:31:49.464,162.3,gateway,gateway_A,raspberrypi,2,ESP32->RPi,decrypt,121,241,120,4.057,1,esp32_edge_normal_3,0,normal
13:31:49.817,162.7,gateway,gateway_A,raspberrypi,2,ESP32->RPi,decrypt,117,233,116,3.841,1,esp32_edge_normal_2,0,normal
13:31:49.842,162.7,gateway,gateway_A,raspberrypi,2,ESP32->RPi,decrypt,117,233,116,3.853,1,esp32_edge_normal_1,0,normal
13:31:54.346,167.2,gateway,gateway_A,raspberrypi,2,ESP32->RPi,decrypt,120,237,117,1.495,1,esp32_edge_normal_3,0,normal
13:31:54.825,167.7,gateway,gateway_A,raspberrypi,2,ESP32->RPi,decrypt,116,233,117,1.402,1,esp32_edge_normal_2,0,normal
13:31:54.843,167.7,gateway,gateway_A,raspberrypi,2,ESP32->RPi,decrypt,117,233,116,1.524,1,esp32_edge_normal_1,0,normal
13:31:59.364,172.2,gateway,gateway_A,raspberrypi,2,ESP32->RPi,decrypt,115,233,118,4.209,1,esp32_edge_normal_3,0,normal
13:32:00.329,173.2,gateway,gateway_A,raspberrypi,2,RPi->PC,encrypt,3626,4918,1292,33.389,1,,,
13:32:00.365,173.2,gateway,gateway_A,raspberrypi,2,ESP32->RPi,decrypt,113,229,116,1.569,1,esp32_edge_normal_2,0,normal
13:32:00.368,173.2,gateway,gateway_A,raspberrypi,2,ESP32->RPi,decrypt,114,229,115,1.693,1,esp32_edge_normal_1,0,normal
13:32:00.963,173.8,gateway,gateway_A,raspberrypi,2,PC->RPi,decrypt,3547,4814,1267,32.25,1,,,
13:32:01.004,173.9,gateway,gateway_A,raspberrypi,2,RPi->ESP32,encrypt,3547,4814,1267,34.803,2,,,
13:32:12.837,185.7,gateway,gateway_A,raspberrypi,2,ESP32->RPi,decrypt,121,241,120,4.224,2,esp32_edge_normal_1,0,normal
13:32:15.366,188.2,gateway,gateway_A,raspberrypi,2,ESP32->RPi,decrypt,114,229,115,4.279,2,esp32_edge_normal_2,0,normal
13:32:15.862,188.7,gateway,gateway_A,raspberrypi,2,ESP32->RPi,decrypt,117,233,116,1.437,2,esp32_edge_normal_3,0,normal
13:32:17.844,190.7,gateway,gateway_A,raspberrypi,2,ESP32->RPi,decrypt,120,237,117,1.438,2,esp32_edge_normal_1,0,normal
13:32:20.366,193.2,gateway,gateway_A,raspberrypi,2,ESP32->RPi,decrypt,117,233,116,1.446,2,esp32_edge_normal_2,0,normal
13:32:20.889,193.7,gateway,gateway_A,raspberrypi,2,ESP32->RPi,decrypt,118,237,119,4.159,2,esp32_edge_normal_3,0,normal
13:32:22.850,195.7,gateway,gateway_A,raspberrypi,2,ESP32->RPi,decrypt,120,237,117,4.166,2,esp32_edge_normal_1,0,normal
13:32:25.882,198.7,gateway,gateway_A,raspberrypi,2,ESP32->RPi,decrypt,118,237,119,4.204,2,esp32_edge_normal_3,0,normal
13:32:27.187,200.0,gateway,gateway_A,raspberrypi,2,ESP32->RPi,decrypt,116,233,117,4.178,2,esp32_edge_normal_2,0,normal
13:32:27.837,200.7,gateway,gateway_A,raspberrypi,2,ESP32->RPi,decrypt,116,233,117,4.188,2,esp32_edge_normal_1,0,normal
13:32:30.370,203.2,gateway,gateway_A,raspberrypi,2,ESP32->RPi,decrypt,120,237,117,4.388,2,esp32_edge_normal_2,0,normal
13:32:30.878,203.7,gateway,gateway_A,raspberrypi,2,ESP32->RPi,decrypt,118,237,119,4.06,2,esp32_edge_normal_3,0,normal
13:32:32.891,205.7,gateway,gateway_A,raspberrypi,2,ESP32->RPi,decrypt,121,241,120,4.088,2,esp32_edge_normal_1,0,normal
13:32:35.378,208.2,gateway,gateway_A,raspberrypi,2,ESP32->RPi,decrypt,115,233,118,3.854,2,esp32_edge_normal_2,0,normal
13:32:35.878,208.7,gateway,gateway_A,raspberrypi,2,ESP32->RPi,decrypt,118,237,119,3.952,2,esp32_edge_normal_3,0,normal
13:32:37.845,210.7,gateway,gateway_A,raspberrypi,2,ESP32->RPi,decrypt,118,237,119,4.147,2,esp32_edge_normal_1,0,normal
13:32:40.372,213.2,gateway,gateway_A,raspberrypi,2,ESP32->RPi,decrypt,113,229,116,4.365,2,esp32_edge_normal_2,0,normal
13:32:40.869,213.7,gateway,gateway_A,raspberrypi,2,ESP32->RPi,decrypt,116,233,117,4.336,2,esp32_edge_normal_3,0,normal
13:32:42.836,215.7,gateway,gateway_A,raspberrypi,2,ESP32->RPi,decrypt,106,221,115,4.068,2,esp32_edge_normal_1,0,normal
13:32:45.478,218.3,gateway,gateway_A,raspberrypi,2,ESP32->RPi,decrypt,117,233,116,4.184,2,esp32_edge_normal_2,0,normal
13:32:45.874,218.7,gateway,gateway_A,raspberrypi,2,ESP32->RPi,decrypt,116,233,117,4.225,2,esp32_edge_normal_3,0,normal
13:32:47.835,220.7,gateway,gateway_A,raspberrypi,2,ESP32->RPi,decrypt,121,241,120,4.334,2,esp32_edge_normal_1,0,normal
13:32:50.394,223.3,gateway,gateway_A,raspberrypi,2,ESP32->RPi,decrypt,121,241,120,4.275,2,esp32_edge_normal_2,0,normal
13:32:50.868,223.7,gateway,gateway_A,raspberrypi,2,ESP32->RPi,decrypt,116,233,117,3.809,2,esp32_edge_normal_3,0,normal
13:32:52.848,225.7,gateway,gateway_A,raspberrypi,2,ESP32->RPi,decrypt,121,241,120,3.522,2,esp32_edge_normal_1,0,normal
13:32:55.365,228.2,gateway,gateway_A,raspberrypi,2,ESP32->RPi,decrypt,117,233,116,3.928,2,esp32_edge_normal_2,0,normal
13:32:55.874,228.7,gateway,gateway_A,raspberrypi,2,ESP32->RPi,decrypt,116,233,117,3.766,2,esp32_edge_normal_3,0,normal
13:32:57.834,230.7,gateway,gateway_A,raspberrypi,2,ESP32->RPi,decrypt,116,233,117,4.027,2,esp32_edge_normal_1,0,normal
13:32:59.000,231.9,gateway,gateway_A,raspberrypi,2,RPi->PC,encrypt,3643,4942,1299,34.503,2,,,
13:33:00.363,233.2,gateway,gateway_A,raspberrypi,2,ESP32->RPi,decrypt,115,233,118,1.524,2,esp32_edge_normal_2,0,normal
13:33:00.886,233.7,gateway,gateway_A,raspberrypi,2,ESP32->RPi,decrypt,115,233,118,1.441,2,esp32_edge_normal_3,0,normal
13:33:02.084,234.9,gateway,gateway_A,raspberrypi,2,PC->RPi,decrypt,3538,4802,1264,31.761,2,,,
13:33:02.126,235.0,gateway,gateway_A,raspberrypi,2,RPi->ESP32,encrypt,3538,4802,1264,35.766,3,,,
13:33:14.499,247.4,gateway,gateway_A,raspberrypi,2,ESP32->RPi,decrypt,117,233,116,4.213,3,esp32_edge_normal_1,0,normal
13:33:14.599,247.5,gateway,gateway_A,raspberrypi,2,ESP32->RPi,decrypt,120,237,117,3.885,3,esp32_edge_normal_3,0,normal
13:33:15.025,247.9,gateway,gateway_A,raspberrypi,2,ESP32->RPi,decrypt,117,233,116,3.962,3,esp32_edge_normal_2,0,normal
13:33:19.500,252.4,gateway,gateway_A,raspberrypi,2,ESP32->RPi,decrypt,115,233,118,3.854,3,esp32_edge_normal_1,0,normal
13:33:19.583,252.4,gateway,gateway_A,raspberrypi,2,ESP32->RPi,decrypt,121,241,120,3.097,3,esp32_edge_normal_3,0,normal
13:33:20.025,252.9,gateway,gateway_A,raspberrypi,2,ESP32->RPi,decrypt,117,233,116,1.273,3,esp32_edge_normal_2,0,normal
13:33:24.507,257.4,gateway,gateway_A,raspberrypi,2,ESP32->RPi,decrypt,120,237,117,1.316,3,esp32_edge_normal_1,0,normal
13:33:24.572,257.4,gateway,gateway_A,raspberrypi,2,ESP32->RPi,decrypt,115,233,118,1.474,3,esp32_edge_normal_3,0,normal
13:33:25.093,258.0,gateway,gateway_A,raspberrypi,2,ESP32->RPi,decrypt,119,237,118,3.802,3,esp32_edge_normal_2,0,normal
13:33:29.494,262.4,gateway,gateway_A,raspberrypi,2,ESP32->RPi,decrypt,120,237,117,4.363,3,esp32_edge_normal_1,0,normal
13:33:29.561,262.4,gateway,gateway_A,raspberrypi,2,ESP32->RPi,decrypt,117,233,116,3.161,3,esp32_edge_normal_3,0,normal
13:33:30.022,262.9,gateway,gateway_A,raspberrypi,2,ESP32->RPi,decrypt,114,229,115,1.422,3,esp32_edge_normal_2,0,normal
13:33:34.484,267.3,gateway,gateway_A,raspberrypi,2,ESP32->RPi,decrypt,121,241,120,1.451,3,esp32_edge_normal_1,0,normal
13:33:34.577,267.4,gateway,gateway_A,raspberrypi,2,ESP32->RPi,decrypt,121,241,120,1.436,3,esp32_edge_normal_3,0,normal
13:33:35.034,267.9,gateway,gateway_A,raspberrypi,2,ESP32->RPi,decrypt,113,229,116,3.858,3,esp32_edge_normal_2,0,normal
13:33:39.489,272.3,gateway,gateway_A,raspberrypi,2,ESP32->RPi,decrypt,114,229,115,3.954,3,esp32_edge_normal_1,0,normal
13:33:39.565,272.4,gateway,gateway_A,raspberrypi,2,ESP32->RPi,decrypt,115,233,118,2.519,3,esp32_edge_normal_3,0,normal
13:33:40.021,272.9,gateway,gateway_A,raspberrypi,2,ESP32->RPi,decrypt,117,233,116,1.324,3,esp32_edge_normal_2,0,normal
13:33:44.502,277.4,gateway,gateway_A,raspberrypi,2,ESP32->RPi,decrypt,117,233,116,1.399,3,esp32_edge_normal_1,0,normal
13:33:44.560,277.4,gateway,gateway_A,raspberrypi,2,ESP32->RPi,decrypt,115,233,118,1.511,3,esp32_edge_normal_3,0,normal
13:33:45.026,277.9,gateway,gateway_A,raspberrypi,2,ESP32->RPi,decrypt,115,233,118,4.075,3,esp32_edge_normal_2,0,normal
13:33:49.581,282.4,gateway,gateway_A,raspberrypi,2,ESP32->RPi,decrypt,117,233,116,4.094,3,esp32_edge_normal_1,0,normal
13:33:49.587,282.4,gateway,gateway_A,raspberrypi,2,ESP32->RPi,decrypt,120,237,117,4.035,3,esp32_edge_normal_3,0,normal
13:33:50.047,282.9,gateway,gateway_A,raspberrypi,2,ESP32->RPi,decrypt,114,229,115,4.045,3,esp32_edge_normal_2,0,normal
13:33:54.595,287.5,gateway,gateway_A,raspberrypi,2,ESP32->RPi,decrypt,117,233,116,1.428,3,esp32_edge_normal_1,0,normal
13:33:54.598,287.5,gateway,gateway_A,raspberrypi,2,ESP32->RPi,decrypt,115,233,118,1.361,3,esp32_edge_normal_3,0,normal
13:33:55.029,287.9,gateway,gateway_A,raspberrypi,2,ESP32->RPi,decrypt,115,233,118,1.407,3,esp32_edge_normal_2,0,normal
13:33:59.515,292.4,gateway,gateway_A,raspberrypi,2,ESP32->RPi,decrypt,120,237,117,4.433,3,esp32_edge_normal_1,0,normal
13:34:00.526,293.4,gateway,gateway_A,raspberrypi,2,RPi->PC,encrypt,3647,4946,1299,35.136,3,,,
13:34:00.568,293.4,gateway,gateway_A,raspberrypi,2,ESP32->RPi,decrypt,118,237,119,1.381,3,esp32_edge_normal_3,0,normal
13:34:00.571,293.4,gateway,gateway_A,raspberrypi,2,ESP32->RPi,decrypt,119,237,118,1.337,3,esp32_edge_normal_2,0,normal
13:34:01.190,294.0,gateway,gateway_A,raspberrypi,2,PC->RPi,decrypt,3538,4802,1264,31.421,3,,,
13:34:01.230,294.1,gateway,gateway_A,raspberrypi,2,RPi->ESP32,encrypt,3538,4802,1264,32.952,4,,,
13:34:13.582,306.4,gateway,gateway_A,raspberrypi,2,ESP32->RPi,decrypt,120,237,117,4.286,4,esp32_edge_normal_1,0,normal
13:34:13.587,306.4,gateway,gateway_A,raspberrypi,2,ESP32->RPi,decrypt,120,237,117,3.981,4,esp32_edge_normal_2,0,normal
13:34:13.593,306.5,gateway,gateway_A,raspberrypi,2,ESP32->RPi,decrypt,120,237,117,3.936,4,esp32_edge_normal_3,0,normal
13:34:18.663,311.5,gateway,gateway_A,raspberrypi,2,ESP32->RPi,decrypt,118,237,119,4.062,4,esp32_edge_normal_1,0,normal
13:34:18.668,311.5,gateway,gateway_A,raspberrypi,2,ESP32->RPi,decrypt,117,233,116,3.744,4,esp32_edge_normal_2,0,normal
13:34:18.672,311.5,gateway,gateway_A,raspberrypi,2,ESP32->RPi,decrypt,116,233,117,3.741,4,esp32_edge_normal_3,0,normal
13:34:23.652,316.5,gateway,gateway_A,raspberrypi,2,ESP32->RPi,decrypt,114,229,115,1.297,4,esp32_edge_normal_1,0,normal
13:34:23.655,316.5,gateway,gateway_A,raspberrypi,2,ESP32->RPi,decrypt,121,241,120,1.359,4,esp32_edge_normal_2,0,normal
13:34:23.657,316.5,gateway,gateway_A,raspberrypi,2,ESP32->RPi,decrypt,117,233,116,1.351,4,esp32_edge_normal_3,0,normal
13:34:28.568,321.4,gateway,gateway_A,raspberrypi,2,ESP32->RPi,decrypt,115,233,118,4.375,4,esp32_edge_normal_1,0,normal
13:34:28.581,321.4,gateway,gateway_A,raspberrypi,2,ESP32->RPi,decrypt,116,233,117,4.167,4,esp32_edge_normal_2,0,normal
13:34:28.591,321.4,gateway,gateway_A,raspberrypi,2,ESP32->RPi,decrypt,118,237,119,4.264,4,esp32_edge_normal_3,0,normal
13:34:33.609,326.5,gateway,gateway_A,raspberrypi,2,ESP32->RPi,decrypt,113,229,116,1.344,4,esp32_edge_normal_1,0,normal
13:34:33.612,326.5,gateway,gateway_A,raspberrypi,2,ESP32->RPi,decrypt,107,221,114,1.201,4,esp32_edge_normal_3,0,normal
13:34:33.614,326.5,gateway,gateway_A,raspberrypi,2,ESP32->RPi,decrypt,115,233,118,1.311,4,esp32_edge_normal_2,0,normal
13:34:38.631,331.5,gateway,gateway_A,raspberrypi,2,ESP32->RPi,decrypt,117,233,116,4.118,4,esp32_edge_normal_1,0,normal
13:34:38.636,331.5,gateway,gateway_A,raspberrypi,2,ESP32->RPi,decrypt,114,229,115,4.024,4,esp32_edge_normal_2,0,normal
13:34:38.641,331.5,gateway,gateway_A,raspberrypi,2,ESP32->RPi,decrypt,120,237,117,4.26,4,esp32_edge_normal_3,0,normal
13:34:43.645,336.5,gateway,gateway_A,raspberrypi,2,ESP32->RPi,decrypt,111,225,114,1.387,4,esp32_edge_normal_1,0,normal
13:34:43.648,336.5,gateway,gateway_A,raspberrypi,2,ESP32->RPi,decrypt,121,241,120,1.473,4,esp32_edge_normal_2,0,normal
13:34:43.650,336.5,gateway,gateway_A,raspberrypi,2,ESP32->RPi,decrypt,114,229,115,1.413,4,esp32_edge_normal_3,0,normal
13:34:48.667,341.5,gateway,gateway_A,raspberrypi,2,ESP32->RPi,decrypt,119,237,118,4.248,4,esp32_edge_normal_1,0,normal
13:34:48.673,341.5,gateway,gateway_A,raspberrypi,2,ESP32->RPi,decrypt,116,233,117,3.977,4,esp32_edge_normal_2,0,normal
13:34:48.678,341.5,gateway,gateway_A,raspberrypi,2,ESP32->RPi,decrypt,120,237,117,4.17,4,esp32_edge_normal_3,0,normal
13:34:53.581,346.4,gateway,gateway_A,raspberrypi,2,ESP32->RPi,decrypt,119,237,118,1.299,4,esp32_edge_normal_1,0,normal
13:34:53.584,346.4,gateway,gateway_A,raspberrypi,2,ESP32->RPi,decrypt,118,237,119,1.341,4,esp32_edge_normal_2,0,normal
13:34:53.599,346.5,gateway,gateway_A,raspberrypi,2,ESP32->RPi,decrypt,114,229,115,1.483,4,esp32_edge_normal_3,0,normal
13:34:58.600,351.5,gateway,gateway_A,raspberrypi,2,ESP32->RPi,decrypt,121,241,120,4.431,4,esp32_edge_normal_1,0,normal
13:34:59.563,352.4,gateway,gateway_A,raspberrypi,2,RPi->PC,encrypt,3627,4918,1291,33.872,4,,,
13:34:59.596,352.5,gateway,gateway_A,raspberrypi,2,ESP32->RPi,decrypt,116,233,117,1.444,4,esp32_edge_normal_2,0,normal
13:34:59.599,352.5,gateway,gateway_A,raspberrypi,2,ESP32->RPi,decrypt,120,237,117,1.492,4,esp32_edge_normal_3,0,normal
13:34:59.828,352.7,gateway,gateway_A,raspberrypi,2,PC->RPi,decrypt,3537,4798,1261,32.913,4,,,
13:34:59.870,352.7,gateway,gateway_A,raspberrypi,2,RPi->ESP32,encrypt,3537,4798,1261,35.527,5,,,
13:36:24.288,437.1,gateway,gateway_A,raspberrypi,2,ESP32->RPi,decrypt,115,233,118,3.554,5,esp32_edge_normal_1,0,normal
13:38:14.964,547.8,gateway,gateway_A,raspberrypi,2,ESP32->RPi,decrypt,108,221,113,3.945,5,esp32_edge_normal_2,0,normal
13:38:15.021,547.9,gateway,gateway_A,raspberrypi,2,ESP32->RPi,decrypt,118,237,119,3.675,5,esp32_edge_simulator_1,0,normal
13:38:17.071,549.9,gateway,gateway_A,raspberrypi,2,ESP32->RPi,decrypt,116,233,117,1.481,5,esp32_edge_normal_3,0,normal
13:38:20.019,552.9,gateway,gateway_A,raspberrypi,2,ESP32->RPi,decrypt,116,233,117,1.415,5,esp32_edge_normal_2,0,normal
13:38:20.028,552.9,gateway,gateway_A,raspberrypi,2,ESP32->RPi,decrypt,123,241,118,1.444,5,esp32_edge_simulator_1,0,normal
13:38:22.077,554.9,gateway,gateway_A,raspberrypi,2,ESP32->RPi,decrypt,121,241,120,4.351,5,esp32_edge_normal_3,0,normal
13:38:25.059,557.9,gateway,gateway_A,raspberrypi,2,ESP32->RPi,decrypt,119,237,118,3.96,5,esp32_edge_normal_2,0,normal
13:38:25.065,557.9,gateway,gateway_A,raspberrypi,2,ESP32->RPi,decrypt,109,225,116,3.709,5,esp32_edge_simulator_1,1,mqtt_bruteforce
13:38:27.100,560.0,gateway,gateway_A,raspberrypi,2,ESP32->RPi,decrypt,118,237,119,4.159,5,esp32_edge_normal_3,0,normal
13:38:30.161,563.0,gateway,gateway_A,raspberrypi,2,ESP32->RPi,decrypt,118,237,119,4.286,5,esp32_edge_normal_2,0,normal
13:38:30.166,563.0,gateway,gateway_A,raspberrypi,2,ESP32->RPi,decrypt,120,237,117,4.298,5,esp32_edge_simulator_1,0,normal
13:38:32.070,564.9,gateway,gateway_A,raspberrypi,2,ESP32->RPi,decrypt,115,233,118,1.421,5,esp32_edge_normal_3,0,normal
13:38:35.072,567.9,gateway,gateway_A,raspberrypi,2,ESP32->RPi,decrypt,115,233,118,1.292,5,esp32_edge_normal_2,0,normal
13:38:35.075,567.9,gateway,gateway_A,raspberrypi,2,ESP32->RPi,decrypt,107,221,114,1.246,5,esp32_edge_simulator_1,2,scan_A
13:38:37.076,569.9,gateway,gateway_A,raspberrypi,2,ESP32->RPi,decrypt,107,221,114,3.698,5,esp32_edge_normal_3,0,normal
13:38:39.991,572.8,gateway,gateway_A,raspberrypi,2,ESP32->RPi,decrypt,114,229,115,3.921,5,esp32_edge_normal_2,0,normal
13:38:40.045,572.9,gateway,gateway_A,raspberrypi,2,ESP32->RPi,decrypt,111,225,114,4.008,5,esp32_edge_simulator_1,1,mqtt_bruteforce
13:38:42.075,574.9,gateway,gateway_A,raspberrypi,2,ESP32->RPi,decrypt,120,237,117,4.064,5,esp32_edge_normal_3,0,normal
13:38:45.008,577.9,gateway,gateway_A,raspberrypi,2,ESP32->RPi,decrypt,116,233,117,3.874,5,esp32_edge_normal_2,0,normal
13:38:45.029,577.9,gateway,gateway_A,raspberrypi,2,ESP32->RPi,decrypt,105,217,112,4.016,5,esp32_edge_simulator_1,1,mqtt_bruteforce
13:38:47.074,579.9,gateway,gateway_A,raspberrypi,2,ESP32->RPi,decrypt,116,233,117,4.272,5,esp32_edge_normal_3,0,normal
13:38:50.026,582.9,gateway,gateway_A,raspberrypi,2,ESP32->RPi,decrypt,117,233,116,4.087,5,esp32_edge_normal_2,0,normal
13:38:50.045,582.9,gateway,gateway_A,raspberrypi,2,ESP32->RPi,decrypt,123,241,118,4.23,5,esp32_edge_simulator_1,0,normal
13:38:52.079,584.9,gateway,gateway_A,raspberrypi,2,ESP32->RPi,decrypt,114,229,115,3.758,5,esp32_edge_normal_3,0,normal
13:38:55.040,587.9,gateway,gateway_A,raspberrypi,2,ESP32->RPi,decrypt,115,233,118,1.255,5,esp32_edge_normal_2,0,normal
13:38:55.043,587.9,gateway,gateway_A,raspberrypi,2,ESP32->RPi,decrypt,118,237,119,1.291,5,esp32_edge_simulator_1,0,normal
13:38:57.070,589.9,gateway,gateway_A,raspberrypi,2,ESP32->RPi,decrypt,119,237,118,1.386,5,esp32_edge_normal_3,0,normal
13:38:58.159,591.0,gateway,gateway_A,raspberrypi,2,RPi->PC,encrypt,3652,4954,1302,35.381,5,,,
13:38:59.968,592.8,gateway,gateway_A,raspberrypi,2,ESP32->RPi,decrypt,116,233,117,4.192,5,esp32_edge_normal_2,0,normal
13:39:00.033,592.9,gateway,gateway_A,raspberrypi,2,ESP32->RPi,decrypt,113,229,116,3.111,5,esp32_edge_simulator_1,1,mqtt_bruteforce
13:39:02.077,594.9,gateway,gateway_A,raspberrypi,2,ESP32->RPi,decrypt,119,237,118,4.238,5,esp32_edge_normal_3,0,normal
13:39:03.303,596.2,gateway,gateway_A,raspberrypi,2,PC->RPi,decrypt,3535,4798,1263,72.175,5,,,
13:39:03.362,596.2,gateway,gateway_A,raspberrypi,2,RPi->ESP32,encrypt,3535,4798,1263,50.449,6,,,
13:39:15.800,608.7,gateway,gateway_A,raspberrypi,2,ESP32->RPi,decrypt,113,229,116,4.066,6,esp32_edge_simulator_1,1,mqtt_bruteforce
13:39:15.820,608.7,gateway,gateway_A,raspberrypi,2,ESP32->RPi,decrypt,115,233,118,3.886,6,esp32_edge_normal_3,0,normal
13:39:16.356,609.2,gateway,gateway_A,raspberrypi,2,ESP32->RPi,decrypt,121,241,120,4.102,6,esp32_edge_normal_2,0,normal
13:39:20.850,613.7,gateway,gateway_A,raspberrypi,2,ESP32->RPi,decrypt,81,185,104,4.537,6,esp32_edge_simulator_1,2,scan_A
13:39:20.855,613.7,gateway,gateway_A,raspberrypi,2,ESP32->RPi,decrypt,118,237,119,4.004,6,esp32_edge_normal_3,0,normal
13:39:21.315,614.2,gateway,gateway_A,raspberrypi,2,ESP32->RPi,decrypt,116,233,117,1.395,6,esp32_edge_normal_2,0,normal
13:39:25.825,618.7,gateway,gateway_A,raspberrypi,2,ESP32->RPi,decrypt,121,241,120,1.409,6,esp32_edge_simulator_1,0,normal
13:39:25.828,618.7,gateway,gateway_A,raspberrypi,2,ESP32->RPi,decrypt,115,233,118,1.264,6,esp32_edge_normal_3,0,normal
13:39:26.352,619.2,gateway,gateway_A,raspberrypi,2,ESP32->RPi,decrypt,120,237,117,4.098,6,esp32_edge_normal_2,0,normal
13:39:30.885,623.7,gateway,gateway_A,raspberrypi,2,ESP32->RPi,decrypt,117,233,116,3.882,6,esp32_edge_simulator_1,0,normal
13:39:30.890,623.7,gateway,gateway_A,raspberrypi,2,ESP32->RPi,decrypt,120,237,117,3.96,6,esp32_edge_normal_3,0,normal
13:39:31.306,624.2,gateway,gateway_A,raspberrypi,2,ESP32->RPi,decrypt,120,237,117,1.412,6,esp32_edge_normal_2,0,normal
13:39:35.765,628.6,gateway,gateway_A,raspberrypi,2,ESP32->RPi,decrypt,121,241,120,1.33,6,esp32_edge_simulator_1,0,normal
13:39:35.828,628.7,gateway,gateway_A,raspberrypi,2,ESP32->RPi,decrypt,118,237,119,1.315,6,esp32_edge_normal_3,0,normal
13:39:36.312,629.2,gateway,gateway_A,raspberrypi,2,ESP32->RPi,decrypt,113,229,116,4.088,6,esp32_edge_normal_2,0,normal
13:39:40.780,633.6,gateway,gateway_A,raspberrypi,2,ESP32->RPi,decrypt,112,229,117,4.12,6,esp32_edge_simulator_1,1,mqtt_bruteforce
13:39:40.824,633.7,gateway,gateway_A,raspberrypi,2,ESP32->RPi,decrypt,118,237,119,3.806,6,esp32_edge_normal_3,0,normal
13:39:41.309,634.2,gateway,gateway_A,raspberrypi,2,ESP32->RPi,decrypt,110,225,115,3.809,6,esp32_edge_normal_2,0,normal
13:39:45.835,638.7,gateway,gateway_A,raspberrypi,2,ESP32->RPi,decrypt,108,221,113,3.72,6,esp32_edge_simulator_1,2,scan_A
13:39:45.840,638.7,gateway,gateway_A,raspberrypi,2,ESP32->RPi,decrypt,119,237,118,3.745,6,esp32_edge_normal_3,0,normal
13:39:46.313,639.2,gateway,gateway_A,raspberrypi,2,ESP32->RPi,decrypt,107,221,114,3.655,6,esp32_edge_normal_2,0,normal
13:39:50.780,643.6,gateway,gateway_A,raspberrypi,2,ESP32->RPi,decrypt,112,229,117,3.809,6,esp32_edge_simulator_1,1,mqtt_bruteforce
13:39:50.826,643.7,gateway,gateway_A,raspberrypi,2,ESP32->RPi,decrypt,117,233,116,2.862,6,esp32_edge_normal_3,0,normal
13:39:51.313,644.2,gateway,gateway_A,raspberrypi,2,ESP32->RPi,decrypt,121,241,120,4.121,6,esp32_edge_normal_2,0,normal
13:39:55.867,648.7,gateway,gateway_A,raspberrypi,2,ESP32->RPi,decrypt,107,221,114,1.369,6,esp32_edge_simulator_1,2,scan_A
13:39:55.870,648.7,gateway,gateway_A,raspberrypi,2,ESP32->RPi,decrypt,120,237,117,1.426,6,esp32_edge_normal_3,0,normal
13:39:56.317,649.2,gateway,gateway_A,raspberrypi,2,ESP32->RPi,decrypt,116,233,117,1.393,6,esp32_edge_normal_2,0,normal
13:39:57.284,650.1,gateway,gateway_A,raspberrypi,2,RPi->PC,encrypt,3649,4950,1301,41.67,6,,,
13:40:00.888,653.7,gateway,gateway_A,raspberrypi,2,ESP32->RPi,decrypt,109,225,116,4.076,6,esp32_edge_simulator_1,1,mqtt_bruteforce
13:40:00.894,653.8,gateway,gateway_A,raspberrypi,2,ESP32->RPi,decrypt,115,233,118,4.187,6,esp32_edge_normal_3,0,normal
13:40:01.303,654.2,gateway,gateway_A,raspberrypi,2,ESP32->RPi,decrypt,115,233,118,1.392,6,esp32_edge_normal_2,0,normal
13:40:01.999,654.9,gateway,gateway_A,raspberrypi,2,PC->RPi,decrypt,3538,4802,1264,32.0,6,,,
13:40:02.041,654.9,gateway,gateway_A,raspberrypi,2,RPi->ESP32,encrypt,3538,4802,1264,35.259,7,,,
13:40:14.961,667.8,gateway,gateway_A,raspberrypi,2,ESP32->RPi,decrypt,117,233,116,4.167,7,esp32_edge_normal_3,0,normal
13:40:14.967,667.8,gateway,gateway_A,raspberrypi,2,ESP32->RPi,decrypt,117,233,116,4.32,7,esp32_edge_normal_2,0,normal
13:40:14.972,667.8,gateway,gateway_A,raspberrypi,2,ESP32->RPi,decrypt,120,237,117,3.888,7,esp32_edge_simulator_1,0,normal
13:40:20.038,672.9,gateway,gateway_A,raspberrypi,2,ESP32->RPi,decrypt,117,233,116,4.939,7,esp32_edge_normal_2,0,normal
13:40:20.042,672.9,gateway,gateway_A,raspberrypi,2,ESP32->RPi,decrypt,81,185,104,3.143,7,esp32_edge_simulator_1,2,scan_A
13:40:20.047,672.9,gateway,gateway_A,raspberrypi,2,ESP32->RPi,decrypt,119,237,118,3.921,7,esp32_edge_normal_3,0,normal
13:40:25.075,677.9,gateway,gateway_A,raspberrypi,2,ESP32->RPi,decrypt,116,233,117,4.564,7,esp32_edge_normal_3,0,normal
13:40:25.081,677.9,gateway,gateway_A,raspberrypi,2,ESP32->RPi,decrypt,112,229,117,3.756,7,esp32_edge_simulator_1,1,mqtt_bruteforce
13:40:25.085,677.9,gateway,gateway_A,raspberrypi,2,ESP32->RPi,decrypt,113,229,116,3.743,7,esp32_edge_normal_2,0,normal
13:40:29.958,682.8,gateway,gateway_A,raspberrypi,2,ESP32->RPi,decrypt,115,233,118,4.045,7,esp32_edge_normal_3,0,normal
13:40:29.969,682.8,gateway,gateway_A,raspberrypi,2,ESP32->RPi,decrypt,121,241,120,3.935,7,esp32_edge_normal_2,0,normal
13:40:29.974,682.8,gateway,gateway_A,raspberrypi,2,ESP32->RPi,decrypt,124,245,121,3.737,7,esp32_edge_simulator_1,0,normal
13:40:34.984,687.8,gateway,gateway_A,raspberrypi,2,ESP32->RPi,decrypt,120,237,117,1.42,7,esp32_edge_normal_3,0,normal
13:40:34.987,687.8,gateway,gateway_A,raspberrypi,2,ESP32->RPi,decrypt,121,241,120,1.39,7,esp32_edge_normal_2,0,normal
13:40:34.988,687.8,gateway,gateway_A,raspberrypi,2,ESP32->RPi,decrypt,104,217,113,1.232,7,esp32_edge_simulator_1,2,scan_A
13:40:39.957,692.8,gateway,gateway_A,raspberrypi,2,ESP32->RPi,decrypt,113,229,116,4.638,7,esp32_edge_normal_2,0,normal
13:40:39.962,692.8,gateway,gateway_A,raspberrypi,2,ESP32->RPi,decrypt,119,237,118,4.103,7,esp32_edge_normal_3,0,normal
13:40:39.971,692.8,gateway,gateway_A,raspberrypi,2,ESP32->RPi,decrypt,122,241,119,4.445,7,esp32_edge_simulator_1,0,normal
13:40:44.960,697.8,gateway,gateway_A,raspberrypi,2,ESP32->RPi,decrypt,114,229,115,1.448,7,esp32_edge_normal_3,0,normal
13:40:44.963,697.8,gateway,gateway_A,raspberrypi,2,ESP32->RPi,decrypt,104,217,113,1.324,7,esp32_edge_simulator_1,1,mqtt_bruteforce
13:40:44.966,697.8,gateway,gateway_A,raspberrypi,2,ESP32->RPi,decrypt,118,237,119,1.393,7,esp32_edge_normal_2,0,normal
13:40:50.041,702.9,gateway,gateway_A,raspberrypi,2,ESP32->RPi,decrypt,115,233,118,4.843,7,esp32_edge_normal_2,0,normal
13:40:50.047,702.9,gateway,gateway_A,raspberrypi,2,ESP32->RPi,decrypt,115,233,118,3.909,7,esp32_edge_normal_3,0,normal
13:40:50.051,702.9,gateway,gateway_A,raspberrypi,2,ESP32->RPi,decrypt,107,221,114,3.599,7,esp32_edge_simulator_1,2,scan_A
13:40:55.055,707.9,gateway,gateway_A,raspberrypi,2,ESP32->RPi,decrypt,120,237,117,1.354,7,esp32_edge_simulator_1,0,normal
13:40:55.057,707.9,gateway,gateway_A,raspberrypi,2,ESP32->RPi,decrypt,114,229,115,1.257,7,esp32_edge_normal_2,0,normal
13:40:55.075,707.9,gateway,gateway_A,raspberrypi,2,ESP32->RPi,decrypt,116,233,117,1.31,7,esp32_edge_normal_3,0,normal
13:40:56.011,708.9,gateway,gateway_A,raspberrypi,2,RPi->PC,encrypt,3656,4958,1302,33.524,7,,,
13:40:59.974,712.8,gateway,gateway_A,raspberrypi,2,ESP32->RPi,decrypt,107,221,114,3.795,7,esp32_edge_normal_3,0,normal
13:40:59.980,712.8,gateway,gateway_A,raspberrypi,2,ESP32->RPi,decrypt,115,233,118,4.025,7,esp32_edge_normal_2,0,normal
13:40:59.985,712.8,gateway,gateway_A,raspberrypi,2,ESP32->RPi,decrypt,124,245,121,4.213,7,esp32_edge_simulator_1,0,normal
13:41:00.784,713.6,gateway,gateway_A,raspberrypi,2,PC->RPi,decrypt,3531,4790,1259,95.715,7,,,
13:41:00.825,713.7,gateway,gateway_A,raspberrypi,2,RPi->ESP32,encrypt,3531,4790,1259,34.112,8,,,
13:41:13.799,726.7,gateway,gateway_A,raspberrypi,2,ESP32->RPi,decrypt,120,237,117,4.074,8,esp32_edge_simulator_1,0,normal
13:41:13.805,726.7,gateway,gateway_A,raspberrypi,2,ESP32->RPi,decrypt,116,233,117,3.836,8,esp32_edge_normal_2,0,normal
13:41:13.828,726.7,gateway,gateway_A,raspberrypi,2,ESP32->RPi,decrypt,119,237,118,3.814,8,esp32_edge_normal_3,0,normal
13:41:18.813,731.7,gateway,gateway_A,raspberrypi,2,ESP32->RPi,decrypt,119,237,118,1.294,8,esp32_edge_simulator_1,0,normal
13:41:18.816,731.7,gateway,gateway_A,raspberrypi,2,ESP32->RPi,decrypt,117,233,116,1.239,8,esp32_edge_normal_2,0,normal
13:41:18.817,731.7,gateway,gateway_A,raspberrypi,2,ESP32->RPi,decrypt,113,229,116,1.234,8,esp32_edge_normal_3,0,normal
13:41:23.802,736.7,gateway,gateway_A,raspberrypi,2,ESP32->RPi,decrypt,81,185,104,3.077,8,esp32_edge_simulator_1,2,scan_A
13:41:23.814,736.7,gateway,gateway_A,raspberrypi,2,ESP32->RPi,decrypt,117,233,116,4.074,8,esp32_edge_normal_3,0,normal
13:41:23.821,736.7,gateway,gateway_A,raspberrypi,2,ESP32->RPi,decrypt,121,241,120,4.482,8,esp32_edge_normal_2,0,normal
13:41:28.729,741.6,gateway,gateway_A,raspberrypi,2,ESP32->RPi,decrypt,81,185,104,1.108,8,esp32_edge_simulator_1,2,scan_A
13:41:28.755,741.6,gateway,gateway_A,raspberrypi,2,ESP32->RPi,decrypt,114,229,115,1.405,8,esp32_edge_normal_2,0,normal
13:41:28.798,741.7,gateway,gateway_A,raspberrypi,2,ESP32->RPi,decrypt,115,233,118,1.503,8,esp32_edge_normal_3,0,normal
13:41:33.766,746.6,gateway,gateway_A,raspberrypi,2,ESP32->RPi,decrypt,108,221,113,2.29,8,esp32_edge_simulator_1,2,scan_A
13:41:33.771,746.6,gateway,gateway_A,raspberrypi,2,ESP32->RPi,decrypt,117,233,116,3.822,8,esp32_edge_normal_2,0,normal
13:41:33.847,746.7,gateway,gateway_A,raspberrypi,2,ESP32->RPi,decrypt,121,241,120,4.057,8,esp32_edge_normal_3,0,normal
13:41:38.781,751.6,gateway,gateway_A,raspberrypi,2,ESP32->RPi,decrypt,106,221,115,1.203,8,esp32_edge_simulator_1,2,scan_A
13:41:38.784,751.6,gateway,gateway_A,raspberrypi,2,ESP32->RPi,decrypt,117,233,116,1.268,8,esp32_edge_normal_2,0,normal
13:41:38.790,751.6,gateway,gateway_A,raspberrypi,2,ESP32->RPi,decrypt,120,237,117,1.388,8,esp32_edge_normal_3,0,normal
13:41:43.801,756.7,gateway,gateway_A,raspberrypi,2,ESP32->RPi,decrypt,107,221,114,3.684,8,esp32_edge_simulator_1,2,scan_A
13:41:43.806,756.7,gateway,gateway_A,raspberrypi,2,ESP32->RPi,decrypt,117,233,116,3.855,8,esp32_edge_normal_2,0,normal
13:41:43.823,756.7,gateway,gateway_A,raspberrypi,2,ESP32->RPi,decrypt,119,237,118,4.237,8,esp32_edge_normal_3,0,normal
13:41:48.821,761.7,gateway,gateway_A,raspberrypi,2,ESP32->RPi,decrypt,121,241,120,4.547,8,esp32_edge_simulator_1,0,normal
13:41:48.827,761.7,gateway,gateway_A,raspberrypi,2,ESP32->RPi,decrypt,117,233,116,4.071,8,esp32_edge_normal_3,0,normal
13:41:48.832,761.7,gateway,gateway_A,raspberrypi,2,ESP32->RPi,decrypt,120,237,117,3.947,8,esp32_edge_normal_2,0,normal
13:41:53.761,766.6,gateway,gateway_A,raspberrypi,2,ESP32->RPi,decrypt,112,229,117,1.357,8,esp32_edge_normal_2,0,normal
13:41:53.764,766.6,gateway,gateway_A,raspberrypi,2,ESP32->RPi,decrypt,81,185,104,1.108,8,esp32_edge_simulator_1,2,scan_A
13:41:53.804,766.7,gateway,gateway_A,raspberrypi,2,ESP32->RPi,decrypt,117,233,116,1.377,8,esp32_edge_normal_3,0,normal
13:41:55.040,767.9,gateway,gateway_A,raspberrypi,2,RPi->PC,encrypt,3646,4946,1300,34.224,8,,,
13:41:58.726,771.6,gateway,gateway_A,raspberrypi,2,ESP32->RPi,decrypt,124,245,121,3.653,8,esp32_edge_simulator_1,0,normal
13:41:58.757,771.6,gateway,gateway_A,raspberrypi,2,ESP32->RPi,decrypt,117,233,116,3.533,8,esp32_edge_normal_2,0,normal
13:41:58.794,771.7,gateway,gateway_A,raspberrypi,2,ESP32->RPi,decrypt,114,229,115,1.489,8,esp32_edge_normal_3,0,normal
13:42:00.145,773.0,gateway,gateway_A,raspberrypi,2,PC->RPi,decrypt,3536,4798,1262,32.239,8,,,
13:42:00.185,773.0,gateway,gateway_A,raspberrypi,2,RPi->ESP32,encrypt,3536,4798,1262,32.699,9,,,
13:42:12.640,785.5,gateway,gateway_A,raspberrypi,2,ESP32->RPi,decrypt,124,245,121,4.596,9,esp32_edge_simulator_1,0,normal
13:42:12.656,785.5,gateway,gateway_A,raspberrypi,2,ESP32->RPi,decrypt,117,233,116,4.338,9,esp32_edge_normal_2,0,normal
13:42:13.176,786.0,gateway,gateway_A,raspberrypi,2,ESP32->RPi,decrypt,115,233,118,4.142,9,esp32_edge_normal_3,0,normal
13:42:17.692,790.6,gateway,gateway_A,raspberrypi,2,ESP32->RPi,decrypt,119,237,118,1.375,9,esp32_edge_simulator_1,0,normal
13:42:17.695,790.6,gateway,gateway_A,raspberrypi,2,ESP32->RPi,decrypt,118,237,119,1.327,9,esp32_edge_normal_2,0,normal
13:42:18.172,791.0,gateway,gateway_A,raspberrypi,2,ESP32->RPi,decrypt,119,237,118,1.291,9,esp32_edge_normal_3,0,normal
13:42:22.713,795.6,gateway,gateway_A,raspberrypi,2,ESP32->RPi,decrypt,81,185,104,3.426,9,esp32_edge_simulator_1,2,scan_A
13:42:22.719,795.6,gateway,gateway_A,raspberrypi,2,ESP32->RPi,decrypt,121,241,120,4.68,9,esp32_edge_normal_2,0,normal
13:42:23.169,796.0,gateway,gateway_A,raspberrypi,2,ESP32->RPi,decrypt,119,237,118,4.186,9,esp32_edge_normal_3,0,normal
13:42:27.635,800.5,gateway,gateway_A,raspberrypi,2,ESP32->RPi,decrypt,81,185,104,3.343,9,esp32_edge_simulator_1,2,scan_A
13:42:27.658,800.5,gateway,gateway_A,raspberrypi,2,ESP32->RPi,decrypt,116,233,117,4.177,9,esp32_edge_normal_2,0,normal
13:42:28.166,801.0,gateway,gateway_A,raspberrypi,2,ESP32->RPi,decrypt,117,233,116,1.337,9,esp32_edge_normal_3,0,normal
13:42:32.620,805.5,gateway,gateway_A,raspberrypi,2,ESP32->RPi,decrypt,110,225,115,1.267,9,esp32_edge_simulator_1,1,mqtt_bruteforce
13:42:32.649,805.5,gateway,gateway_A,raspberrypi,2,ESP32->RPi,decrypt,115,233,118,1.383,9,esp32_edge_normal_2,0,normal
13:42:33.280,806.1,gateway,gateway_A,raspberrypi,2,ESP32->RPi,decrypt,114,229,115,4.02,9,esp32_edge_normal_3,0,normal
13:42:37.664,810.5,gateway,gateway_A,raspberrypi,2,ESP32->RPi,decrypt,122,241,119,3.893,9,esp32_edge_simulator_1,0,normal
13:42:37.669,810.5,gateway,gateway_A,raspberrypi,2,ESP32->RPi,decrypt,118,237,119,3.297,9,esp32_edge_normal_2,0,normal
13:42:38.182,811.0,gateway,gateway_A,raspberrypi,2,ESP32->RPi,decrypt,120,237,117,4.178,9,esp32_edge_normal_3,0,normal
13:42:42.636,815.5,gateway,gateway_A,raspberrypi,2,ESP32->RPi,decrypt,108,221,113,4.003,9,esp32_edge_simulator_1,2,scan_A
13:42:42.654,815.5,gateway,gateway_A,raspberrypi,2,ESP32->RPi,decrypt,120,237,117,4.131,9,esp32_edge_normal_2,0,normal
13:42:43.171,816.0,gateway,gateway_A,raspberrypi,2,ESP32->RPi,decrypt,118,237,119,1.43,9,esp32_edge_normal_3,0,normal
13:42:47.643,820.5,gateway,gateway_A,raspberrypi,2,ESP32->RPi,decrypt,119,237,118,1.442,9,esp32_edge_simulator_1,0,normal
13:42:47.681,820.5,gateway,gateway_A,raspberrypi,2,ESP32->RPi,decrypt,116,233,117,1.322,9,esp32_edge_normal_2,0,normal
13:42:48.166,821.0,gateway,gateway_A,raspberrypi,2,ESP32->RPi,decrypt,116,233,117,4.07,9,esp32_edge_normal_3,0,normal
13:42:52.717,825.6,gateway,gateway_A,raspberrypi,2,ESP32->RPi,decrypt,105,217,112,3.35,9,esp32_edge_simulator_1,2,scan_A
13:42:52.721,825.6,gateway,gateway_A,raspberrypi,2,ESP32->RPi,decrypt,114,229,115,3.39,9,esp32_edge_normal_2,0,normal
13:42:53.163,826.0,gateway,gateway_A,raspberrypi,2,ESP32->RPi,decrypt,116,233,117,2.575,9,esp32_edge_normal_3,0,normal
13:42:54.142,827.0,gateway,gateway_A,raspberrypi,2,RPi->PC,encrypt,3635,4930,1295,36.771,9,,,
13:42:57.731,830.6,gateway,gateway_A,raspberrypi,2,ESP32->RPi,decrypt,105,217,112,1.378,9,esp32_edge_simulator_1,2,scan_A
13:42:57.734,830.6,gateway,gateway_A,raspberrypi,2,ESP32->RPi,decrypt,116,233,117,1.439,9,esp32_edge_normal_2,0,normal
13:42:58.161,831.0,gateway,gateway_A,raspberrypi,2,ESP32->RPi,decrypt,113,229,116,1.449,9,esp32_edge_normal_3,0,normal
13:42:58.788,831.6,gateway,gateway_A,raspberrypi,2,PC->RPi,decrypt,3530,4790,1260,67.276,9,,,
13:42:58.856,831.7,gateway,gateway_A,raspberrypi,2,RPi->ESP32,encrypt,3530,4790,1260,59.256,10,,,
13:43:11.868,844.7,gateway,gateway_A,raspberrypi,2,ESP32->RPi,decrypt,108,221,113,4.093,10,esp32_edge_simulator_1,0,normal
13:43:11.873,844.7,gateway,gateway_A,raspberrypi,2,ESP32->RPi,decrypt,115,233,118,4.006,10,esp32_edge_normal_2,0,normal
13:43:11.895,844.8,gateway,gateway_A,raspberrypi,2,ESP32->RPi,decrypt,120,237,117,4.219,10,esp32_edge_normal_3,0,normal
13:43:16.880,849.7,gateway,gateway_A,raspberrypi,2,ESP32->RPi,decrypt,102,213,111,1.218,10,esp32_edge_simulator_1,2,scan_A
13:43:16.883,849.7,gateway,gateway_A,raspberrypi,2,ESP32->RPi,decrypt,117,233,116,1.244,10,esp32_edge_normal_3,0,normal
13:43:16.885,849.7,gateway,gateway_A,raspberrypi,2,ESP32->RPi,decrypt,116,233,117,1.259,10,esp32_edge_normal_2,0,normal
13:43:21.904,854.8,gateway,gateway_A,raspberrypi,2,ESP32->RPi,decrypt,123,241,118,4.465,10,esp32_edge_simulator_1,0,normal
13:43:21.910,854.8,gateway,gateway_A,raspberrypi,2,ESP32->RPi,decrypt,114,229,115,4.087,10,esp32_edge_normal_3,0,normal
13:43:21.915,854.8,gateway,gateway_A,raspberrypi,2,ESP32->RPi,decrypt,116,233,117,4.156,10,esp32_edge_normal_2,0,normal
13:43:26.904,859.8,gateway,gateway_A,raspberrypi,2,ESP32->RPi,decrypt,113,229,116,1.386,10,esp32_edge_simulator_1,1,mqtt_bruteforce
13:43:26.907,859.8,gateway,gateway_A,raspberrypi,2,ESP32->RPi,decrypt,120,237,117,1.417,10,esp32_edge_normal_3,0,normal
13:43:26.909,859.8,gateway,gateway_A,raspberrypi,2,ESP32->RPi,decrypt,115,233,118,1.261,10,esp32_edge_normal_2,0,normal
13:43:31.819,864.7,gateway,gateway_A,raspberrypi,2,ESP32->RPi,decrypt,124,245,121,4.607,10,esp32_edge_simulator_1,0,normal
13:43:31.837,864.7,gateway,gateway_A,raspberrypi,2,ESP32->RPi,decrypt,117,233,116,3.695,10,esp32_edge_normal_3,0,normal
13:43:31.873,864.7,gateway,gateway_A,raspberrypi,2,ESP32->RPi,decrypt,119,237,118,3.504,10,esp32_edge_normal_2,0,normal
13:43:36.819,869.7,gateway,gateway_A,raspberrypi,2,ESP32->RPi,decrypt,109,225,116,3.871,10,esp32_edge_simulator_1,1,mqtt_bruteforce
13:43:36.833,869.7,gateway,gateway_A,raspberrypi,2,ESP32->RPi,decrypt,114,229,115,4.216,10,esp32_edge_normal_3,0,normal
13:43:36.873,869.7,gateway,gateway_A,raspberrypi,2,ESP32->RPi,decrypt,117,233,116,4.914,10,esp32_edge_normal_2,0,normal
13:43:41.870,874.7,gateway,gateway_A,raspberrypi,2,ESP32->RPi,decrypt,81,185,104,4.03,10,esp32_edge_simulator_1,2,scan_A
13:43:41.876,874.7,gateway,gateway_A,raspberrypi,2,ESP32->RPi,decrypt,120,237,117,4.243,10,esp32_edge_normal_3,0,normal
13:43:41.881,874.7,gateway,gateway_A,raspberrypi,2,ESP32->RPi,decrypt,119,237,118,4.002,10,esp32_edge_normal_2,0,normal
13:43:46.807,879.7,gateway,gateway_A,raspberrypi,2,ESP32->RPi,decrypt,119,237,118,4.237,10,esp32_edge_simulator_1,0,normal
13:43:46.848,879.7,gateway,gateway_A,raspberrypi,2,ESP32->RPi,decrypt,117,233,116,4.104,10,esp32_edge_normal_3,0,normal
13:43:46.873,879.7,gateway,gateway_A,raspberrypi,2,ESP32->RPi,decrypt,120,237,117,4.225,10,esp32_edge_normal_2,0,normal
13:43:51.818,884.7,gateway,gateway_A,raspberrypi,2,ESP32->RPi,decrypt,107,221,114,3.898,10,esp32_edge_simulator_1,2,scan_A
13:43:51.832,884.7,gateway,gateway_A,raspberrypi,2,ESP32->RPi,decrypt,116,233,117,4.139,10,esp32_edge_normal_3,0,normal
13:43:51.872,884.7,gateway,gateway_A,raspberrypi,2,ESP32->RPi,decrypt,117,233,116,5.061,10,esp32_edge_normal_2,0,normal
13:43:52.858,885.7,gateway,gateway_A,raspberrypi,2,RPi->PC,encrypt,3643,4942,1299,37.293,10,,,
13:43:56.821,889.7,gateway,gateway_A,raspberrypi,2,ESP32->RPi,decrypt,111,225,114,1.377,10,esp32_edge_simulator_1,1,mqtt_bruteforce
13:43:56.831,889.7,gateway,gateway_A,raspberrypi,2,ESP32->RPi,decrypt,117,233,116,1.465,10,esp32_edge_normal_3,0,normal
13:43:56.868,889.7,gateway,gateway_A,raspberrypi,2,ESP32->RPi,decrypt,120,237,117,1.652,10,esp32_edge_normal_2,0,normal
13:43:57.891,890.8,gateway,gateway_A,raspberrypi,2,PC->RPi,decrypt,3540,4802,1262,34.735,10,,,
13:43:57.935,890.8,gateway,gateway_A,raspberrypi,2,RPi->ESP32,encrypt,3540,4802,1262,36.739,11,,,
13:44:10.941,903.8,gateway,gateway_A,raspberrypi,2,ESP32->RPi,decrypt,118,237,119,4.264,11,esp32_edge_normal_3,0,normal
13:44:10.947,903.8,gateway,gateway_A,raspberrypi,2,ESP32->RPi,decrypt,117,233,116,4.128,11,esp32_edge_normal_2,0,normal
13:44:10.953,903.8,gateway,gateway_A,raspberrypi,2,ESP32->RPi,decrypt,121,241,120,4.452,11,esp32_edge_simulator_1,0,normal
13:44:15.914,908.8,gateway,gateway_A,raspberrypi,2,ESP32->RPi,decrypt,107,221,114,1.3,11,esp32_edge_simulator_1,2,scan_A
13:44:15.935,908.8,gateway,gateway_A,raspberrypi,2,ESP32->RPi,decrypt,120,237,117,1.401,11,esp32_edge_normal_2,0,normal
13:44:15.937,908.8,gateway,gateway_A,raspberrypi,2,ESP32->RPi,decrypt,120,237,117,1.419,11,esp32_edge_normal_3,0,normal
13:44:20.902,913.8,gateway,gateway_A,raspberrypi,2,ESP32->RPi,decrypt,123,241,118,4.386,11,esp32_edge_simulator_1,0,normal
13:44:20.938,913.8,gateway,gateway_A,raspberrypi,2,ESP32->RPi,decrypt,116,233,117,4.214,11,esp32_edge_normal_2,0,normal
13:44:20.943,913.8,gateway,gateway_A,raspberrypi,2,ESP32->RPi,decrypt,115,233,118,4.105,11,esp32_edge_normal_3,0,normal
13:44:25.965,918.8,gateway,gateway_A,raspberrypi,2,ESP32->RPi,decrypt,81,185,104,3.134,11,esp32_edge_simulator_1,2,scan_A
13:44:25.971,918.8,gateway,gateway_A,raspberrypi,2,ESP32->RPi,decrypt,121,241,120,4.063,11,esp32_edge_normal_2,0,normal
13:44:25.979,918.8,gateway,gateway_A,raspberrypi,2,ESP32->RPi,decrypt,119,237,118,5.137,11,esp32_edge_normal_3,0,normal
13:44:30.883,923.7,gateway,gateway_A,raspberrypi,2,ESP32->RPi,decrypt,123,241,118,1.406,11,esp32_edge_simulator_1,0,normal
13:44:30.936,923.8,gateway,gateway_A,raspberrypi,2,ESP32->RPi,decrypt,111,225,114,1.231,11,esp32_edge_normal_2,0,normal
13:44:30.947,923.8,gateway,gateway_A,raspberrypi,2,ESP32->RPi,decrypt,115,233,118,1.474,11,esp32_edge_normal_3,0,normal
13:44:35.893,928.8,gateway,gateway_A,raspberrypi,2,ESP32->RPi,decrypt,107,221,114,3.95,11,esp32_edge_simulator_1,2,scan_A
13:44:35.940,928.8,gateway,gateway_A,raspberrypi,2,ESP32->RPi,decrypt,116,233,117,4.996,11,esp32_edge_normal_2,0,normal
13:44:35.946,928.8,gateway,gateway_A,raspberrypi,2,ESP32->RPi,decrypt,121,241,120,4.65,11,esp32_edge_normal_3,0,normal
13:44:40.956,933.8,gateway,gateway_A,raspberrypi,2,ESP32->RPi,decrypt,119,237,118,4.218,11,esp32_edge_simulator_1,0,normal
13:44:40.961,933.8,gateway,gateway_A,raspberrypi,2,ESP32->RPi,decrypt,112,229,117,4.142,11,esp32_edge_normal_2,0,normal
13:44:40.975,933.8,gateway,gateway_A,raspberrypi,2,ESP32->RPi,decrypt,112,229,117,3.68,11,esp32_edge_normal_3,0,normal
13:44:45.970,938.8,gateway,gateway_A,raspberrypi,2,ESP32->RPi,decrypt,123,241,118,1.513,11,esp32_edge_simulator_1,0,normal
13:44:45.972,938.8,gateway,gateway_A,raspberrypi,2,ESP32->RPi,decrypt,119,237,118,1.343,11,esp32_edge_normal_2,0,normal
13:44:45.974,938.8,gateway,gateway_A,raspberrypi,2,ESP32->RPi,decrypt,115,233,118,1.343,11,esp32_edge_normal_3,0,normal
13:44:50.896,943.8,gateway,gateway_A,raspberrypi,2,ESP32->RPi,decrypt,102,213,111,3.585,11,esp32_edge_simulator_1,2,scan_A
13:44:50.943,943.8,gateway,gateway_A,raspberrypi,2,ESP32->RPi,decrypt,116,233,117,4.304,11,esp32_edge_normal_3,0,normal
13:44:50.954,943.8,gateway,gateway_A,raspberrypi,2,ESP32->RPi,decrypt,119,237,118,4.112,11,esp32_edge_normal_2,0,normal
13:44:52.000,944.9,gateway,gateway_A,raspberrypi,2,RPi->PC,encrypt,3621,4910,1289,34.778,11,,,
13:44:55.909,948.8,gateway,gateway_A,raspberrypi,2,ESP32->RPi,decrypt,81,185,104,1.121,11,esp32_edge_simulator_1,2,scan_A
13:44:55.954,948.8,gateway,gateway_A,raspberrypi,2,ESP32->RPi,decrypt,105,217,112,1.363,11,esp32_edge_normal_2,0,normal
13:44:55.962,948.8,gateway,gateway_A,raspberrypi,2,ESP32->RPi,decrypt,116,233,117,1.483,11,esp32_edge_normal_3,0,normal
13:44:57.118,950.0,gateway,gateway_A,raspberrypi,2,PC->RPi,decrypt,3547,4814,1267,70.721,11,,,
13:44:57.183,950.0,gateway,gateway_A,raspberrypi,2,RPi->ESP32,encrypt,3547,4814,1267,53.822,12,,,
13:45:09.587,962.4,gateway,gateway_A,raspberrypi,2,ESP32->RPi,decrypt,114,229,115,4.097,12,esp32_edge_simulator_1,1,mqtt_bruteforce
13:45:10.087,962.9,gateway,gateway_A,raspberrypi,2,ESP32->RPi,decrypt,113,229,116,4.134,12,esp32_edge_normal_2,0,normal
13:45:10.100,963.0,gateway,gateway_A,raspberrypi,2,ESP32->RPi,decrypt,116,233,117,3.941,12,esp32_edge_normal_3,0,normal
13:45:14.642,967.5,gateway,gateway_A,raspberrypi,2,ESP32->RPi,decrypt,120,237,117,1.367,12,esp32_edge_simulator_1,0,normal
13:45:15.112,968.0,gateway,gateway_A,raspberrypi,2,ESP32->RPi,decrypt,120,237,117,1.317,12,esp32_edge_normal_3,0,normal
13:45:15.127,968.0,gateway,gateway_A,raspberrypi,2,ESP32->RPi,decrypt,114,229,115,1.308,12,esp32_edge_normal_2,0,normal
13:45:19.663,972.5,gateway,gateway_A,raspberrypi,2,ESP32->RPi,decrypt,123,241,118,4.097,12,esp32_edge_simulator_1,0,normal
13:45:20.085,972.9,gateway,gateway_A,raspberrypi,2,ESP32->RPi,decrypt,116,233,117,3.925,12,esp32_edge_normal_2,0,normal
13:45:20.103,973.0,gateway,gateway_A,raspberrypi,2,ESP32->RPi,decrypt,114,229,115,4.009,12,esp32_edge_normal_3,0,normal
13:45:24.577,977.4,gateway,gateway_A,raspberrypi,2,ESP32->RPi,decrypt,121,241,120,1.431,12,esp32_edge_simulator_1,0,normal
13:45:25.196,978.1,gateway,gateway_A,raspberrypi,2,ESP32->RPi,decrypt,116,233,117,4.185,12,esp32_edge_normal_2,0,normal
13:45:25.201,978.1,gateway,gateway_A,raspberrypi,2,ESP32->RPi,decrypt,116,233,117,4.018,12,esp32_edge_normal_3,0,normal
13:45:29.599,982.5,gateway,gateway_A,raspberrypi,2,ESP32->RPi,decrypt,118,237,119,4.084,12,esp32_edge_simulator_1,0,normal
13:45:30.100,983.0,gateway,gateway_A,raspberrypi,2,ESP32->RPi,decrypt,118,237,119,3.992,12,esp32_edge_normal_2,0,normal
13:45:30.107,983.0,gateway,gateway_A,raspberrypi,2,ESP32->RPi,decrypt,112,229,117,3.993,12,esp32_edge_normal_3,0,normal
13:45:34.616,987.5,gateway,gateway_A,raspberrypi,2,ESP32->RPi,decrypt,124,245,121,4.37,12,esp32_edge_simulator_1,0,normal
13:45:35.107,988.0,gateway,gateway_A,raspberrypi,2,ESP32->RPi,decrypt,116,233,117,4.308,12,esp32_edge_normal_2,0,normal
13:45:35.115,988.0,gateway,gateway_A,raspberrypi,2,ESP32->RPi,decrypt,116,233,117,4.214,12,esp32_edge_normal_3,0,normal
13:45:39.587,992.4,gateway,gateway_A,raspberrypi,2,ESP32->RPi,decrypt,111,225,114,4.109,12,esp32_edge_simulator_1,1,mqtt_bruteforce
13:45:40.091,993.0,gateway,gateway_A,raspberrypi,2,ESP32->RPi,decrypt,117,233,116,4.212,12,esp32_edge_normal_2,0,normal
13:45:40.100,993.0,gateway,gateway_A,raspberrypi,2,ESP32->RPi,decrypt,114,229,115,4.02,12,esp32_edge_normal_3,0,normal
13:45:44.650,997.5,gateway,gateway_A,raspberrypi,2,ESP32->RPi,decrypt,124,245,121,4.434,12,esp32_edge_simulator_1,0,normal
13:45:45.102,998.0,gateway,gateway_A,raspberrypi,2,ESP32->RPi,decrypt,119,237,118,4.279,12,esp32_edge_normal_3,0,normal
13:45:45.108,998.0,gateway,gateway_A,raspberrypi,2,ESP32->RPi,decrypt,117,233,116,4.242,12,esp32_edge_normal_2,0,normal
13:45:49.607,1002.5,gateway,gateway_A,raspberrypi,2,ESP32->RPi,decrypt,113,229,116,4.196,12,esp32_edge_simulator_1,1,mqtt_bruteforce
13:45:50.084,1002.9,gateway,gateway_A,raspberrypi,2,ESP32->RPi,decrypt,114,229,115,4.229,12,esp32_edge_normal_2,0,normal
13:45:50.105,1003.0,gateway,gateway_A,raspberrypi,2,ESP32->RPi,decrypt,119,237,118,4.26,12,esp32_edge_normal_3,0,normal
13:45:51.385,1004.2,gateway,gateway_A,raspberrypi,2,RPi->PC,encrypt,3634,4930,1296,36.157,12,,,
13:45:54.583,1007.4,gateway,gateway_A,raspberrypi,2,ESP32->RPi,decrypt,102,213,111,1.317,12,esp32_edge_simulator_1,2,scan_A
13:45:55.085,1007.9,gateway,gateway_A,raspberrypi,2,ESP32->RPi,decrypt,116,233,117,1.418,12,esp32_edge_normal_2,0,normal
13:45:55.097,1008.0,gateway,gateway_A,raspberrypi,2,ESP32->RPi,decrypt,118,237,119,1.402,12,esp32_edge_normal_3,0,normal
13:45:55.729,1008.6,gateway,gateway_A,raspberrypi,2,PC->RPi,decrypt,3532,4794,1262,70.182,12,,,
13:45:55.792,1008.7,gateway,gateway_A,raspberrypi,2,RPi->ESP32,encrypt,3532,4794,1262,53.171,13,,,
13:46:08.807,1021.7,gateway,gateway_A,raspberrypi,2,ESP32->RPi,decrypt,116,233,117,4.107,13,esp32_edge_normal_3,0,normal
13:46:09.255,1022.1,gateway,gateway_A,raspberrypi,2,ESP32->RPi,decrypt,118,237,119,4.158,13,esp32_edge_simulator_1,0,normal
13:46:09.263,1022.1,gateway,gateway_A,raspberrypi,2,ESP32->RPi,decrypt,119,237,118,4.061,13,esp32_edge_normal_2,0,normal
13:46:13.805,1026.7,gateway,gateway_A,raspberrypi,2,ESP32->RPi,decrypt,106,221,115,3.232,13,esp32_edge_normal_3,0,normal
13:46:14.273,1027.1,gateway,gateway_A,raspberrypi,2,ESP32->RPi,decrypt,118,237,119,3.979,13,esp32_edge_normal_2,0,normal
13:46:14.278,1027.1,gateway,gateway_A,raspberrypi,2,ESP32->RPi,decrypt,81,185,104,3.067,13,esp32_edge_simulator_1,2,scan_A
13:46:18.806,1031.7,gateway,gateway_A,raspberrypi,2,ESP32->RPi,decrypt,107,221,114,3.703,13,esp32_edge_normal_3,0,normal
13:46:19.271,1032.1,gateway,gateway_A,raspberrypi,2,ESP32->RPi,decrypt,121,241,120,4.115,13,esp32_edge_normal_2,0,normal
13:46:19.292,1032.2,gateway,gateway_A,raspberrypi,2,ESP32->RPi,decrypt,106,221,115,4.004,13,esp32_edge_simulator_1,2,scan_A
13:46:23.804,1036.7,gateway,gateway_A,raspberrypi,2,ESP32->RPi,decrypt,113,229,116,1.399,13,esp32_edge_normal_3,0,normal
13:46:24.291,1037.1,gateway,gateway_A,raspberrypi,2,ESP32->RPi,decrypt,121,241,120,1.52,13,esp32_edge_simulator_1,0,normal
13:46:24.293,1037.2,gateway,gateway_A,raspberrypi,2,ESP32->RPi,decrypt,120,237,117,1.409,13,esp32_edge_normal_2,0,normal
13:46:28.837,1041.7,gateway,gateway_A,raspberrypi,2,ESP32->RPi,decrypt,121,241,120,1.468,13,esp32_edge_normal_3,0,normal
13:46:29.253,1042.1,gateway,gateway_A,raspberrypi,2,ESP32->RPi,decrypt,118,237,119,1.429,13,esp32_edge_normal_2,0,normal
13:46:29.258,1042.1,gateway,gateway_A,raspberrypi,2,ESP32->RPi,decrypt,105,217,112,1.405,13,esp32_edge_simulator_1,2,scan_A
13:46:33.847,1046.7,gateway,gateway_A,raspberrypi,2,ESP32->RPi,decrypt,116,233,117,4.315,13,esp32_edge_normal_3,0,normal
13:46:34.260,1047.1,gateway,gateway_A,raspberrypi,2,ESP32->RPi,decrypt,119,237,118,4.363,13,esp32_edge_normal_2,0,normal
13:46:34.266,1047.1,gateway,gateway_A,raspberrypi,2,ESP32->RPi,decrypt,113,229,116,4.091,13,esp32_edge_simulator_1,1,mqtt_bruteforce
13:46:38.923,1051.8,gateway,gateway_A,raspberrypi,2,ESP32->RPi,decrypt,116,233,117,4.203,13,esp32_edge_normal_3,0,normal
13:46:39.263,1052.1,gateway,gateway_A,raspberrypi,2,ESP32->RPi,decrypt,114,229,115,3.935,13,esp32_edge_simulator_1,1,mqtt_bruteforce
13:46:39.339,1052.2,gateway,gateway_A,raspberrypi,2,ESP32->RPi,decrypt,118,237,119,3.286,13,esp32_edge_normal_2,0,normal
13:46:43.837,1056.7,gateway,gateway_A,raspberrypi,2,ESP32->RPi,decrypt,117,233,116,4.114,13,esp32_edge_normal_3,0,normal
13:46:44.260,1057.1,gateway,gateway_A,raspberrypi,2,ESP32->RPi,decrypt,113,229,116,4.858,13,esp32_edge_simulator_1,1,mqtt_bruteforce
13:46:44.265,1057.1,gateway,gateway_A,raspberrypi,2,ESP32->RPi,decrypt,114,229,115,4.205,13,esp32_edge_normal_2,0,normal
13:46:48.855,1061.7,gateway,gateway_A,raspberrypi,2,ESP32->RPi,decrypt,118,237,119,4.269,13,esp32_edge_normal_3,0,normal
13:46:49.250,1062.1,gateway,gateway_A,raspberrypi,2,ESP32->RPi,decrypt,118,237,119,4.152,13,esp32_edge_simulator_1,0,normal
13:46:49.265,1062.1,gateway,gateway_A,raspberrypi,2,ESP32->RPi,decrypt,117,233,116,4.203,13,esp32_edge_normal_2,0,normal
13:46:50.361,1063.2,gateway,gateway_A,raspberrypi,2,RPi->PC,encrypt,3636,4930,1294,34.332,13,,,
13:46:53.869,1066.7,gateway,gateway_A,raspberrypi,2,ESP32->RPi,decrypt,116,233,117,1.522,13,esp32_edge_normal_3,0,normal
13:46:54.250,1067.1,gateway,gateway_A,raspberrypi,2,ESP32->RPi,decrypt,116,233,117,1.464,13,esp32_edge_normal_2,0,normal
13:46:54.253,1067.1,gateway,gateway_A,raspberrypi,2,ESP32->RPi,decrypt,109,225,116,1.275,13,esp32_edge_simulator_1,1,mqtt_bruteforce
13:46:55.194,1068.1,gateway,gateway_A,raspberrypi,2,PC->RPi,decrypt,3536,4798,1262,72.516,13,,,
13:46:55.260,1068.1,gateway,gateway_A,raspberrypi,2,RPi->ESP32,encrypt,3536,4798,1262,56.4,14,,,
13:47:07.697,1080.6,gateway,gateway_A,raspberrypi,2,ESP32->RPi,decrypt,106,221,115,4.229,14,esp32_edge_simulator_1,1,mqtt_bruteforce
13:47:08.180,1081.0,gateway,gateway_A,raspberrypi,2,ESP32->RPi,decrypt,121,241,120,4.527,14,esp32_edge_normal_2,0,normal
13:47:08.187,1081.0,gateway,gateway_A,raspberrypi,2,ESP32->RPi,decrypt,114,229,115,4.103,14,esp32_edge_normal_3,0,normal
13:47:12.639,1085.5,gateway,gateway_A,raspberrypi,2,ESP32->RPi,decrypt,113,229,116,4.128,14,esp32_edge_simulator_1,1,mqtt_bruteforce
13:47:13.181,1086.0,gateway,gateway_A,raspberrypi,2,ESP32->RPi,decrypt,118,237,119,4.112,14,esp32_edge_normal_2,0,normal
13:47:13.188,1086.0,gateway,gateway_A,raspberrypi,2,ESP32->RPi,decrypt,117,233,116,3.889,14,esp32_edge_normal_3,0,normal
13:47:17.732,1090.6,gateway,gateway_A,raspberrypi,2,ESP32->RPi,decrypt,117,233,116,3.915,14,esp32_edge_simulator_1,0,normal
13:47:18.188,1091.0,gateway,gateway_A,raspberrypi,2,ESP32->RPi,decrypt,115,233,118,3.406,14,esp32_edge_normal_3,0,normal
13:47:18.198,1091.1,gateway,gateway_A,raspberrypi,2,ESP32->RPi,decrypt,119,237,118,3.387,14,esp32_edge_normal_2,0,normal
13:47:22.648,1095.5,gateway,gateway_A,raspberrypi,2,ESP32->RPi,decrypt,119,237,118,4.152,14,esp32_edge_simulator_1,0,normal
13:47:23.275,1096.1,gateway,gateway_A,raspberrypi,2,ESP32->RPi,decrypt,114,229,115,4.628,14,esp32_edge_normal_2,0,normal
13:47:23.280,1096.1,gateway,gateway_A,raspberrypi,2,ESP32->RPi,decrypt,118,237,119,4.181,14,esp32_edge_normal_3,0,normal
13:47:27.635,1100.5,gateway,gateway_A,raspberrypi,2,ESP32->RPi,decrypt,81,185,104,3.413,14,esp32_edge_simulator_1,2,scan_A
13:47:28.180,1101.0,gateway,gateway_A,raspberrypi,2,ESP32->RPi,decrypt,120,237,117,4.33,14,esp32_edge_normal_2,0,normal
13:47:28.190,1101.0,gateway,gateway_A,raspberrypi,2,ESP32->RPi,decrypt,117,233,116,4.025,14,esp32_edge_normal_3,0,normal
13:47:32.635,1105.5,gateway,gateway_A,raspberrypi,2,ESP32->RPi,decrypt,81,185,104,3.26,14,esp32_edge_simulator_1,2,scan_A
13:47:33.185,1106.0,gateway,gateway_A,raspberrypi,2,ESP32->RPi,decrypt,116,233,117,4.154,14,esp32_edge_normal_2,0,normal
13:47:33.195,1106.1,gateway,gateway_A,raspberrypi,2,ESP32->RPi,decrypt,116,233,117,4.093,14,esp32_edge_normal_3,0,normal
13:47:37.643,1110.5,gateway,gateway_A,raspberrypi,2,ESP32->RPi,decrypt,81,185,104,3.337,14,esp32_edge_simulator_1,2,scan_A
13:47:38.181,1111.0,gateway,gateway_A,raspberrypi,2,ESP32->RPi,decrypt,117,233,116,3.637,14,esp32_edge_normal_2,0,normal
13:47:38.200,1111.1,gateway,gateway_A,raspberrypi,2,ESP32->RPi,decrypt,121,241,120,3.666,14,esp32_edge_normal_3,0,normal
13:47:42.644,1115.5,gateway,gateway_A,raspberrypi,2,ESP32->RPi,decrypt,110,225,115,3.695,14,esp32_edge_simulator_1,0,normal
13:47:43.180,1116.0,gateway,gateway_A,raspberrypi,2,ESP32->RPi,decrypt,117,233,116,3.952,14,esp32_edge_normal_2,0,normal
13:47:43.187,1116.0,gateway,gateway_A,raspberrypi,2,ESP32->RPi,decrypt,117,233,116,3.846,14,esp32_edge_normal_3,0,normal
13:47:47.736,1120.6,gateway,gateway_A,raspberrypi,2,ESP32->RPi,decrypt,107,221,114,3.681,14,esp32_edge_simulator_1,2,scan_A
13:47:48.185,1121.0,gateway,gateway_A,raspberrypi,2,ESP32->RPi,decrypt,114,229,115,3.338,14,esp32_edge_normal_2,0,normal
13:47:48.189,1121.0,gateway,gateway_A,raspberrypi,2,ESP32->RPi,decrypt,117,233,116,3.249,14,esp32_edge_normal_3,0,normal
13:47:49.166,1122.0,gateway,gateway_A,raspberrypi,2,RPi->PC,encrypt,3649,4950,1301,36.551,14,,,
13:47:52.648,1125.5,gateway,gateway_A,raspberrypi,2,ESP32->RPi,decrypt,81,185,104,1.117,14,esp32_edge_simulator_1,2,scan_A
13:47:53.176,1126.0,gateway,gateway_A,raspberrypi,2,ESP32->RPi,decrypt,115,233,118,1.388,14,esp32_edge_normal_2,0,normal
13:47:53.184,1126.0,gateway,gateway_A,raspberrypi,2,ESP32->RPi,decrypt,119,237,118,1.351,14,esp32_edge_normal_3,0,normal
13:47:54.603,1127.5,gateway,gateway_A,raspberrypi,2,PC->RPi,decrypt,3535,4798,1263,77.501,14,,,
13:47:54.641,1127.5,gateway,gateway_A,raspberrypi,2,RPi->ESP32,encrypt,3535,4798,1263,30.746,15,,,
13:48:07.042,1139.9,gateway,gateway_A,raspberrypi,2,ESP32->RPi,decrypt,102,213,111,3.563,15,esp32_edge_simulator_1,2,scan_A
13:48:07.055,1139.9,gateway,gateway_A,raspberrypi,2,ESP32->RPi,decrypt,117,233,116,3.94,15,esp32_edge_normal_2,0,normal
13:48:07.061,1139.9,gateway,gateway_A,raspberrypi,2,ESP32->RPi,decrypt,116,233,117,4.26,15,esp32_edge_normal_3,0,normal
13:48:12.034,1144.9,gateway,gateway_A,raspberrypi,2,ESP32->RPi,decrypt,124,245,121,1.359,15,esp32_edge_simulator_1,0,normal
13:48:12.052,1144.9,gateway,gateway_A,raspberrypi,2,ESP32->RPi,decrypt,120,237,117,1.323,15,esp32_edge_normal_3,0,normal
13:48:12.055,1144.9,gateway,gateway_A,raspberrypi,2,ESP32->RPi,decrypt,121,241,120,1.389,15,esp32_edge_normal_2,0,normal
13:48:17.022,1149.9,gateway,gateway_A,raspberrypi,2,ESP32->RPi,decrypt,120,237,117,4.16,15,esp32_edge_simulator_1,0,normal
13:48:17.071,1149.9,gateway,gateway_A,raspberrypi,2,ESP32->RPi,decrypt,114,229,115,3.488,15,esp32_edge_normal_2,0,normal
13:48:17.075,1149.9,gateway,gateway_A,raspberrypi,2,ESP32->RPi,decrypt,117,233,116,2.543,15,esp32_edge_normal_3,0,normal
13:48:22.043,1154.9,gateway,gateway_A,raspberrypi,2,ESP32->RPi,decrypt,122,241,119,1.456,15,esp32_edge_simulator_1,0,normal
13:48:22.053,1154.9,gateway,gateway_A,raspberrypi,2,ESP32->RPi,decrypt,120,237,117,1.377,15,esp32_edge_normal_2,0,normal
13:48:22.055,1154.9,gateway,gateway_A,raspberrypi,2,ESP32->RPi,decrypt,114,229,115,1.317,15,esp32_edge_normal_3,0,normal
13:48:27.063,1159.9,gateway,gateway_A,raspberrypi,2,ESP32->RPi,decrypt,107,221,114,3.77,15,esp32_edge_simulator_1,2,scan_A
13:48:27.068,1159.9,gateway,gateway_A,raspberrypi,2,ESP32->RPi,decrypt,121,241,120,3.472,15,esp32_edge_normal_2,0,normal
13:48:27.073,1159.9,gateway,gateway_A,raspberrypi,2,ESP32->RPi,decrypt,115,233,118,3.424,15,esp32_edge_normal_3,0,normal
13:48:32.073,1164.9,gateway,gateway_A,raspberrypi,2,ESP32->RPi,decrypt,107,221,114,1.279,15,esp32_edge_simulator_1,2,scan_A
13:48:32.076,1164.9,gateway,gateway_A,raspberrypi,2,ESP32->RPi,decrypt,116,233,117,1.365,15,esp32_edge_normal_3,0,normal
13:48:32.078,1164.9,gateway,gateway_A,raspberrypi,2,ESP32->RPi,decrypt,117,233,116,1.287,15,esp32_edge_normal_2,0,normal
13:48:37.095,1170.0,gateway,gateway_A,raspberrypi,2,ESP32->RPi,decrypt,103,217,114,3.72,15,esp32_edge_simulator_1,2,scan_A
13:48:37.100,1170.0,gateway,gateway_A,raspberrypi,2,ESP32->RPi,decrypt,111,225,114,3.653,15,esp32_edge_normal_2,0,normal
13:48:37.104,1170.0,gateway,gateway_A,raspberrypi,2,ESP32->RPi,decrypt,116,233,117,3.691,15,esp32_edge_normal_3,0,normal
13:48:42.056,1174.9,gateway,gateway_A,raspberrypi,2,ESP32->RPi,decrypt,107,221,114,4.093,15,esp32_edge_normal_3,0,normal
13:48:42.062,1174.9,gateway,gateway_A,raspberrypi,2,ESP32->RPi,decrypt,121,241,120,4.534,15,esp32_edge_normal_2,0,normal
13:48:42.067,1174.9,gateway,gateway_A,raspberrypi,2,ESP32->RPi,decrypt,113,229,116,3.808,15,esp32_edge_simulator_1,1,mqtt_bruteforce
13:48:47.128,1180.0,gateway,gateway_A,raspberrypi,2,ESP32->RPi,decrypt,120,237,117,3.769,15,esp32_edge_simulator_1,0,normal
13:48:47.133,1180.0,gateway,gateway_A,raspberrypi,2,ESP32->RPi,decrypt,120,237,117,3.644,15,esp32_edge_normal_2,0,normal
13:48:47.137,1180.0,gateway,gateway_A,raspberrypi,2,ESP32->RPi,decrypt,112,229,117,3.485,15,esp32_edge_normal_3,0,normal
13:48:48.112,1181.0,gateway,gateway_A,raspberrypi,2,RPi->PC,encrypt,3644,4942,1298,35.048,15,,,
13:48:52.039,1184.9,gateway,gateway_A,raspberrypi,2,ESP32->RPi,decrypt,120,237,117,1.465,15,esp32_edge_simulator_1,0,normal
13:48:52.052,1184.9,gateway,gateway_A,raspberrypi,2,ESP32->RPi,decrypt,114,229,115,1.448,15,esp32_edge_normal_3,0,normal
13:48:52.065,1184.9,gateway,gateway_A,raspberrypi,2,ESP32->RPi,decrypt,117,233,116,1.419,15,esp32_edge_normal_2,0,normal
13:48:53.173,1186.0,gateway,gateway_A,raspberrypi,2,PC->RPi,decrypt,3536,4798,1262,97.077,15,,,
13:48:53.216,1186.1,gateway,gateway_A,raspberrypi,2,RPi->ESP32,encrypt,3536,4798,1262,32.407,16,,,
13:49:05.664,1198.5,gateway,gateway_A,raspberrypi,2,ESP32->RPi,decrypt,115,233,118,4.202,16,esp32_edge_normal_2,0,normal
13:49:06.106,1199.0,gateway,gateway_A,raspberrypi,2,ESP32->RPi,decrypt,123,241,118,4.188,16,esp32_edge_simulator_1,0,normal
13:49:06.127,1199.0,gateway,gateway_A,raspberrypi,2,ESP32->RPi,decrypt,120,237,117,3.982,16,esp32_edge_normal_3,0,normal
13:49:10.681,1203.5,gateway,gateway_A,raspberrypi,2,ESP32->RPi,decrypt,120,237,117,4.097,16,esp32_edge_normal_2,0,normal
13:49:11.117,1204.0,gateway,gateway_A,raspberrypi,2,ESP32->RPi,decrypt,113,229,116,3.592,16,esp32_edge_simulator_1,1,mqtt_bruteforce
13:49:11.125,1204.0,gateway,gateway_A,raspberrypi,2,ESP32->RPi,decrypt,117,233,116,3.558,16,esp32_edge_normal_3,0,normal
13:49:15.616,1208.5,gateway,gateway_A,raspberrypi,2,ESP32->RPi,decrypt,114,229,115,4.172,16,esp32_edge_normal_2,0,normal
13:49:16.118,1209.0,gateway,gateway_A,raspberrypi,2,ESP32->RPi,decrypt,107,221,114,3.821,16,esp32_edge_simulator_1,2,scan_A
13:49:16.167,1209.0,gateway,gateway_A,raspberrypi,2,ESP32->RPi,decrypt,114,229,115,3.933,16,esp32_edge_normal_3,0,normal
13:49:20.716,1213.6,gateway,gateway_A,raspberrypi,2,ESP32->RPi,decrypt,115,233,118,3.831,16,esp32_edge_normal_2,0,normal
13:49:21.106,1214.0,gateway,gateway_A,raspberrypi,2,ESP32->RPi,decrypt,119,237,118,1.315,16,esp32_edge_simulator_1,0,normal
13:49:21.121,1214.0,gateway,gateway_A,raspberrypi,2,ESP32->RPi,decrypt,113,229,116,1.467,16,esp32_edge_normal_3,0,normal
13:49:25.718,1218.6,gateway,gateway_A,raspberrypi,2,ESP32->RPi,decrypt,120,237,117,1.591,16,esp32_edge_normal_2,0,normal
13:49:26.110,1219.0,gateway,gateway_A,raspberrypi,2,ESP32->RPi,decrypt,122,241,119,4.666,16,esp32_edge_simulator_1,0,normal
13:49:26.240,1219.1,gateway,gateway_A,raspberrypi,2,ESP32->RPi,decrypt,114,229,115,3.108,16,esp32_edge_normal_3,0,normal
13:49:30.652,1223.5,gateway,gateway_A,raspberrypi,2,ESP32->RPi,decrypt,116,233,117,4.736,16,esp32_edge_normal_2,0,normal
13:49:31.122,1224.0,gateway,gateway_A,raspberrypi,2,ESP32->RPi,decrypt,111,225,114,4.352,16,esp32_edge_simulator_1,1,mqtt_bruteforce
13:49:31.128,1224.0,gateway,gateway_A,raspberrypi,2,ESP32->RPi,decrypt,119,237,118,4.175,16,esp32_edge_normal_3,0,normal
13:49:35.611,1228.5,gateway,gateway_A,raspberrypi,2,ESP32->RPi,decrypt,115,233,118,4.131,16,esp32_edge_normal_2,0,normal
13:49:36.118,1229.0,gateway,gateway_A,raspberrypi,2,ESP32->RPi,decrypt,112,229,117,3.922,16,esp32_edge_simulator_1,1,mqtt_bruteforce
13:49:36.131,1229.0,gateway,gateway_A,raspberrypi,2,ESP32->RPi,decrypt,120,237,117,4.046,16,esp32_edge_normal_3,0,normal
13:49:40.684,1233.5,gateway,gateway_A,raspberrypi,2,ESP32->RPi,decrypt,119,237,118,3.856,16,esp32_edge_normal_2,0,normal
13:49:41.116,1234.0,gateway,gateway_A,raspberrypi,2,ESP32->RPi,decrypt,99,209,110,3.708,16,esp32_edge_simulator_1,2,scan_A
13:49:41.126,1234.0,gateway,gateway_A,raspberrypi,2,ESP32->RPi,decrypt,118,237,119,4.086,16,esp32_edge_normal_3,0,normal
13:49:45.702,1238.6,gateway,gateway_A,raspberrypi,2,ESP32->RPi,decrypt,115,233,118,4.133,16,esp32_edge_normal_2,0,normal
13:49:46.108,1239.0,gateway,gateway_A,raspberrypi,2,ESP32->RPi,decrypt,119,237,118,4.056,16,esp32_edge_simulator_1,0,normal
13:49:46.137,1239.0,gateway,gateway_A,raspberrypi,2,ESP32->RPi,decrypt,119,237,118,3.441,16,esp32_edge_normal_3,0,normal
13:49:47.109,1240.0,gateway,gateway_A,raspberrypi,2,RPi->PC,encrypt,3634,4930,1296,32.1,16,,,
13:49:50.719,1243.6,gateway,gateway_A,raspberrypi,2,ESP32->RPi,decrypt,115,233,118,1.321,16,esp32_edge_normal_2,0,normal
13:49:51.124,1244.0,gateway,gateway_A,raspberrypi,2,ESP32->RPi,decrypt,116,233,117,1.312,16,esp32_edge_normal_3,0,normal
13:49:51.139,1244.0,gateway,gateway_A,raspberrypi,2,ESP32->RPi,decrypt,123,241,118,1.465,16,esp32_edge_simulator_1,0,normal
13:49:51.851,1244.7,gateway,gateway_A,raspberrypi,2,PC->RPi,decrypt,3527,4786,1259,73.775,16,,,
13:49:51.890,1244.7,gateway,gateway_A,raspberrypi,2,RPi->ESP32,encrypt,3527,4786,1259,32.712,17,,,
13:50:04.280,1257.1,gateway,gateway_A,raspberrypi,2,ESP32->RPi,decrypt,112,229,117,3.875,17,esp32_edge_normal_2,0,normal
13:50:04.286,1257.1,gateway,gateway_A,raspberrypi,2,ESP32->RPi,decrypt,81,185,104,3.148,17,esp32_edge_simulator_1,2,scan_A
13:50:04.300,1257.2,gateway,gateway_A,raspberrypi,2,ESP32->RPi,decrypt,118,237,119,3.588,17,esp32_edge_normal_3,0,normal
13:50:09.270,1262.1,gateway,gateway_A,raspberrypi,2,ESP32->RPi,decrypt,117,233,116,1.401,17,esp32_edge_normal_2,0,normal
13:50:09.289,1262.1,gateway,gateway_A,raspberrypi,2,ESP32->RPi,decrypt,107,221,114,1.285,17,esp32_edge_simulator_1,2,scan_A
13:50:09.294,1262.2,gateway,gateway_A,raspberrypi,2,ESP32->RPi,decrypt,118,237,119,1.329,17,esp32_edge_normal_3,0,normal
13:50:14.271,1267.1,gateway,gateway_A,raspberrypi,2,ESP32->RPi,decrypt,119,237,118,3.927,17,esp32_edge_simulator_1,0,normal
13:50:14.276,1267.1,gateway,gateway_A,raspberrypi,2,ESP32->RPi,decrypt,117,233,116,3.784,17,esp32_edge_normal_2,0,normal
13:50:14.300,1267.2,gateway,gateway_A,raspberrypi,2,ESP32->RPi,decrypt,119,237,118,3.833,17,esp32_edge_normal_3,0,normal
13:50:19.268,1272.1,gateway,gateway_A,raspberrypi,2,ESP32->RPi,decrypt,123,241,118,3.555,17,esp32_edge_simulator_1,0,normal
13:50:19.279,1272.1,gateway,gateway_A,raspberrypi,2,ESP32->RPi,decrypt,116,233,117,3.298,17,esp32_edge_normal_2,0,normal
13:50:19.298,1272.2,gateway,gateway_A,raspberrypi,2,ESP32->RPi,decrypt,121,241,120,3.416,17,esp32_edge_normal_3,0,normal
13:50:24.299,1277.2,gateway,gateway_A,raspberrypi,2,ESP32->RPi,decrypt,116,233,117,1.26,17,esp32_edge_normal_2,0,normal
13:50:24.302,1277.2,gateway,gateway_A,raspberrypi,2,ESP32->RPi,decrypt,112,229,117,1.268,17,esp32_edge_simulator_1,1,mqtt_bruteforce
13:50:24.304,1277.2,gateway,gateway_A,raspberrypi,2,ESP32->RPi,decrypt,117,233,116,1.241,17,esp32_edge_normal_3,0,normal
13:50:29.274,1282.1,gateway,gateway_A,raspberrypi,2,ESP32->RPi,decrypt,119,237,118,3.959,17,esp32_edge_normal_2,0,normal
13:50:29.279,1282.1,gateway,gateway_A,raspberrypi,2,ESP32->RPi,decrypt,114,229,115,3.775,17,esp32_edge_simulator_1,1,mqtt_bruteforce
13:50:29.295,1282.2,gateway,gateway_A,raspberrypi,2,ESP32->RPi,decrypt,121,241,120,4.07,17,esp32_edge_normal_3,0,normal
13:50:34.271,1287.1,gateway,gateway_A,raspberrypi,2,ESP32->RPi,decrypt,120,237,117,4.249,17,esp32_edge_simulator_1,0,normal
13:50:34.282,1287.1,gateway,gateway_A,raspberrypi,2,ESP32->RPi,decrypt,116,233,117,4.011,17,esp32_edge_normal_2,0,normal
13:50:34.304,1287.2,gateway,gateway_A,raspberrypi,2,ESP32->RPi,decrypt,114,229,115,4.261,17,esp32_edge_normal_3,0,normal
13:50:39.278,1292.1,gateway,gateway_A,raspberrypi,2,ESP32->RPi,decrypt,111,225,114,4.262,17,esp32_edge_simulator_1,1,mqtt_bruteforce
13:50:39.284,1292.1,gateway,gateway_A,raspberrypi,2,ESP32->RPi,decrypt,121,241,120,4.075,17,esp32_edge_normal_2,0,normal
13:50:39.301,1292.2,gateway,gateway_A,raspberrypi,2,ESP32->RPi,decrypt,114,229,115,3.893,17,esp32_edge_normal_3,0,normal
13:50:44.276,1297.1,gateway,gateway_A,raspberrypi,2,ESP32->RPi,decrypt,116,233,117,3.836,17,esp32_edge_normal_2,0,normal
13:50:44.281,1297.1,gateway,gateway_A,raspberrypi,2,ESP32->RPi,decrypt,81,185,104,2.879,17,esp32_edge_simulator_1,2,scan_A
13:50:44.301,1297.2,gateway,gateway_A,raspberrypi,2,ESP32->RPi,decrypt,115,233,118,3.889,17,esp32_edge_normal_3,0,normal
13:50:45.443,1298.3,gateway,gateway_A,raspberrypi,2,RPi->PC,encrypt,3648,4946,1298,31.278,17,,,
13:50:49.274,1302.1,gateway,gateway_A,raspberrypi,2,ESP32->RPi,decrypt,121,241,120,1.378,17,esp32_edge_normal_2,0,normal
13:50:49.276,1302.1,gateway,gateway_A,raspberrypi,2,ESP32->RPi,decrypt,103,217,114,1.197,17,esp32_edge_simulator_1,1,mqtt_bruteforce
13:50:49.295,1302.2,gateway,gateway_A,raspberrypi,2,ESP32->RPi,decrypt,117,233,116,1.393,17,esp32_edge_normal_3,0,normal
13:50:49.938,1302.8,gateway,gateway_A,raspberrypi,2,PC->RPi,decrypt,3538,4802,1264,71.776,17,,,
13:50:50.004,1302.9,gateway,gateway_A,raspberrypi,2,RPi->ESP32,encrypt,3538,4802,1264,55.367,18,,,
13:51:01.993,1314.9,gateway,gateway_A,raspberrypi,2,ESP32->RPi,decrypt,108,221,113,4.161,18,esp32_edge_simulator_1,2,scan_A
13:51:02.495,1315.4,gateway,gateway_A,raspberrypi,2,ESP32->RPi,decrypt,116,233,117,4.103,18,esp32_edge_normal_2,0,normal
13:51:02.553,1315.4,gateway,gateway_A,raspberrypi,2,ESP32->RPi,decrypt,115,233,118,4.166,18,esp32_edge_normal_3,0,normal
13:51:06.951,1319.8,gateway,gateway_A,raspberrypi,2,ESP32->RPi,decrypt,113,229,116,1.306,18,esp32_edge_simulator_1,1,mqtt_bruteforce
13:51:07.479,1320.3,gateway,gateway_A,raspberrypi,2,ESP32->RPi,decrypt,115,233,118,1.343,18,esp32_edge_normal_2,0,normal
13:51:07.521,1320.4,gateway,gateway_A,raspberrypi,2,ESP32->RPi,decrypt,115,233,118,1.349,18,esp32_edge_normal_3,0,normal
13:51:12.026,1324.9,gateway,gateway_A,raspberrypi,2,ESP32->RPi,decrypt,107,221,114,3.658,18,esp32_edge_simulator_1,2,scan_A
13:51:12.486,1325.3,gateway,gateway_A,raspberrypi,2,ESP32->RPi,decrypt,118,237,119,3.779,18,esp32_edge_normal_2,0,normal
13:51:12.528,1325.4,gateway,gateway_A,raspberrypi,2,ESP32->RPi,decrypt,121,241,120,6.446,18,esp32_edge_normal_3,0,normal
13:51:17.043,1329.9,gateway,gateway_A,raspberrypi,2,ESP32->RPi,decrypt,107,221,114,3.362,18,esp32_edge_simulator_1,2,scan_A
13:51:17.517,1330.4,gateway,gateway_A,raspberrypi,2,ESP32->RPi,decrypt,121,241,120,4.326,18,esp32_edge_normal_3,0,normal
13:51:17.558,1330.4,gateway,gateway_A,raspberrypi,2,ESP32->RPi,decrypt,116,233,117,3.496,18,esp32_edge_normal_2,0,normal
13:51:21.961,1334.8,gateway,gateway_A,raspberrypi,2,ESP32->RPi,decrypt,117,233,116,3.983,18,esp32_edge_simulator_1,0,normal
13:51:22.482,1335.3,gateway,gateway_A,raspberrypi,2,ESP32->RPi,decrypt,115,233,118,3.809,18,esp32_edge_normal_2,0,normal
13:51:22.526,1335.4,gateway,gateway_A,raspberrypi,2,ESP32->RPi,decrypt,118,237,119,4.461,18,esp32_edge_normal_3,0,normal
13:51:26.969,1339.8,gateway,gateway_A,raspberrypi,2,ESP32->RPi,decrypt,113,229,116,3.856,18,esp32_edge_simulator_1,1,mqtt_bruteforce
13:51:27.481,1340.3,gateway,gateway_A,raspberrypi,2,ESP32->RPi,decrypt,118,237,119,4.014,18,esp32_edge_normal_2,0,normal
13:51:27.546,1340.4,gateway,gateway_A,raspberrypi,2,ESP32->RPi,decrypt,115,233,118,4.217,18,esp32_edge_normal_3,0,normal
13:51:31.991,1344.9,gateway,gateway_A,raspberrypi,2,ESP32->RPi,decrypt,123,241,118,1.443,18,esp32_edge_simulator_1,0,normal
13:51:32.489,1345.3,gateway,gateway_A,raspberrypi,2,ESP32->RPi,decrypt,117,233,116,1.363,18,esp32_edge_normal_2,0,normal
13:51:32.529,1345.4,gateway,gateway_A,raspberrypi,2,ESP32->RPi,decrypt,108,221,113,1.271,18,esp32_edge_normal_3,0,normal
13:51:37.014,1349.9,gateway,gateway_A,raspberrypi,2,ESP32->RPi,decrypt,108,221,113,3.661,18,esp32_edge_simulator_1,2,scan_A
13:51:37.484,1350.3,gateway,gateway_A,raspberrypi,2,ESP32->RPi,decrypt,117,233,116,4.033,18,esp32_edge_normal_2,0,normal
13:51:37.533,1350.4,gateway,gateway_A,raspberrypi,2,ESP32->RPi,decrypt,114,229,115,3.935,18,esp32_edge_normal_3,0,normal
13:51:41.954,1354.8,gateway,gateway_A,raspberrypi,2,ESP32->RPi,decrypt,107,221,114,4.185,18,esp32_edge_simulator_1,2,scan_A
13:51:42.480,1355.3,gateway,gateway_A,raspberrypi,2,ESP32->RPi,decrypt,120,237,117,1.536,18,esp32_edge_normal_2,0,normal
13:51:42.581,1355.4,gateway,gateway_A,raspberrypi,2,ESP32->RPi,decrypt,117,233,116,1.443,18,esp32_edge_normal_3,0,normal
13:51:43.658,1356.5,gateway,gateway_A,raspberrypi,2,RPi->PC,encrypt,3649,4950,1301,31.177,18,,,
13:51:47.047,1359.9,gateway,gateway_A,raspberrypi,2,ESP32->RPi,decrypt,124,245,121,3.835,18,esp32_edge_simulator_1,0,normal
13:51:47.481,1360.3,gateway,gateway_A,raspberrypi,2,ESP32->RPi,decrypt,115,233,118,4.141,18,esp32_edge_normal_2,0,normal
13:51:47.580,1360.4,gateway,gateway_A,raspberrypi,2,ESP32->RPi,decrypt,116,233,117,2.095,18,esp32_edge_normal_3,0,normal
13:51:49.217,1362.1,gateway,gateway_A,raspberrypi,2,PC->RPi,decrypt,3526,4786,1260,67.795,18,,,
13:51:49.284,1362.1,gateway,gateway_A,raspberrypi,2,RPi->ESP32,encrypt,3526,4786,1260,56.763,19,,,
13:52:01.761,1374.6,gateway,gateway_A,raspberrypi,2,ESP32->RPi,decrypt,121,241,120,4.074,19,esp32_edge_normal_3,0,normal
13:52:02.266,1375.1,gateway,gateway_A,raspberrypi,2,ESP32->RPi,decrypt,121,241,120,1.468,19,esp32_edge_normal_2,0,normal
13:52:02.269,1375.1,gateway,gateway_A,raspberrypi,2,ESP32->RPi,decrypt,108,221,113,1.255,19,esp32_edge_simulator_1,2,scan_A
13:52:06.739,1379.6,gateway,gateway_A,raspberrypi,2,ESP32->RPi,decrypt,117,233,116,1.374,19,esp32_edge_normal_3,0,normal
13:52:07.314,1380.2,gateway,gateway_A,raspberrypi,2,ESP32->RPi,decrypt,107,221,114,3.946,19,esp32_edge_simulator_1,2,scan_A
13:52:07.324,1380.2,gateway,gateway_A,raspberrypi,2,ESP32->RPi,decrypt,121,241,120,4.227,19,esp32_edge_normal_2,0,normal
13:52:11.741,1384.6,gateway,gateway_A,raspberrypi,2,ESP32->RPi,decrypt,115,233,118,3.926,19,esp32_edge_normal_3,0,normal
13:52:12.246,1385.1,gateway,gateway_A,raspberrypi,2,ESP32->RPi,decrypt,112,229,117,3.889,19,esp32_edge_simulator_1,1,mqtt_bruteforce
13:52:12.292,1385.2,gateway,gateway_A,raspberrypi,2,ESP32->RPi,decrypt,119,237,118,4.247,19,esp32_edge_normal_2,0,normal
13:52:16.754,1389.6,gateway,gateway_A,raspberrypi,2,ESP32->RPi,decrypt,114,229,115,1.436,19,esp32_edge_normal_3,0,normal
13:52:17.242,1390.1,gateway,gateway_A,raspberrypi,2,ESP32->RPi,decrypt,112,229,117,1.401,19,esp32_edge_simulator_1,1,mqtt_bruteforce
13:52:17.255,1390.1,gateway,gateway_A,raspberrypi,2,ESP32->RPi,decrypt,121,241,120,1.433,19,esp32_edge_normal_2,0,normal
13:52:21.742,1394.6,gateway,gateway_A,raspberrypi,2,ESP32->RPi,decrypt,118,237,119,3.809,19,esp32_edge_normal_3,0,normal
13:52:22.239,1395.1,gateway,gateway_A,raspberrypi,2,ESP32->RPi,decrypt,119,237,118,3.869,19,esp32_edge_normal_2,0,normal
13:52:22.244,1395.1,gateway,gateway_A,raspberrypi,2,ESP32->RPi,decrypt,101,213,112,3.587,19,esp32_edge_simulator_1,2,scan_A
13:52:26.780,1399.6,gateway,gateway_A,raspberrypi,2,ESP32->RPi,decrypt,116,233,117,4.28,19,esp32_edge_normal_3,0,normal
13:52:27.247,1400.1,gateway,gateway_A,raspberrypi,2,ESP32->RPi,decrypt,122,241,119,4.416,19,esp32_edge_simulator_1,0,normal
13:52:27.259,1400.1,gateway,gateway_A,raspberrypi,2,ESP32->RPi,decrypt,118,237,119,4.018,19,esp32_edge_normal_2,0,normal
13:52:31.757,1404.6,gateway,gateway_A,raspberrypi,2,ESP32->RPi,decrypt,114,229,115,3.968,19,esp32_edge_normal_3,0,normal
13:52:32.258,1405.1,gateway,gateway_A,raspberrypi,2,ESP32->RPi,decrypt,106,221,115,3.35,19,esp32_edge_simulator_1,2,scan_A
13:52:32.265,1405.1,gateway,gateway_A,raspberrypi,2,ESP32->RPi,decrypt,121,241,120,3.928,19,esp32_edge_normal_2,0,normal
13:52:36.754,1409.6,gateway,gateway_A,raspberrypi,2,ESP32->RPi,decrypt,115,233,118,3.895,19,esp32_edge_normal_3,0,normal
13:52:37.259,1410.1,gateway,gateway_A,raspberrypi,2,ESP32->RPi,decrypt,107,221,114,3.954,19,esp32_edge_simulator_1,2,scan_A
13:52:37.267,1410.1,gateway,gateway_A,raspberrypi,2,ESP32->RPi,decrypt,120,237,117,4.217,19,esp32_edge_normal_2,0,normal
13:52:41.832,1414.7,gateway,gateway_A,raspberrypi,2,ESP32->RPi,decrypt,119,237,118,4.121,19,esp32_edge_normal_3,0,normal
13:52:42.244,1415.1,gateway,gateway_A,raspberrypi,2,ESP32->RPi,decrypt,81,185,104,3.631,19,esp32_edge_simulator_1,2,scan_A
13:52:42.249,1415.1,gateway,gateway_A,raspberrypi,2,ESP32->RPi,decrypt,116,233,117,3.785,19,esp32_edge_normal_2,0,normal
13:52:43.504,1416.4,gateway,gateway_A,raspberrypi,2,RPi->PC,encrypt,3630,4922,1292,31.909,19,,,
13:52:46.846,1419.7,gateway,gateway_A,raspberrypi,2,ESP32->RPi,decrypt,116,233,117,1.475,19,esp32_edge_normal_3,0,normal
13:52:47.233,1420.1,gateway,gateway_A,raspberrypi,2,ESP32->RPi,decrypt,120,237,117,1.462,19,esp32_edge_simulator_1,0,normal
13:52:47.242,1420.1,gateway,gateway_A,raspberrypi,2,ESP32->RPi,decrypt,118,237,119,1.343,19,esp32_edge_normal_2,0,normal
13:52:48.275,1421.1,gateway,gateway_A,raspberrypi,2,PC->RPi,decrypt,3538,4802,1264,70.724,19,,,
13:52:48.340,1421.2,gateway,gateway_A,raspberrypi,2,RPi->ESP32,encrypt,3538,4802,1264,54.284,20,,,
13:53:00.776,1433.6,gateway,gateway_A,raspberrypi,2,ESP32->RPi,decrypt,115,233,118,3.785,20,esp32_edge_normal_2,0,normal
13:53:01.217,1434.1,gateway,gateway_A,raspberrypi,2,ESP32->RPi,decrypt,81,185,104,2.968,20,esp32_edge_simulator_1,2,scan_A
13:53:01.298,1434.2,gateway,gateway_A,raspberrypi,2,ESP32->RPi,decrypt,117,233,116,2.126,20,esp32_edge_normal_3,0,normal
13:53:05.790,1438.6,gateway,gateway_A,raspberrypi,2,ESP32->RPi,decrypt,119,237,118,1.369,20,esp32_edge_normal_2,0,normal
13:53:06.213,1439.1,gateway,gateway_A,raspberrypi,2,ESP32->RPi,decrypt,108,221,113,1.291,20,esp32_edge_simulator_1,2,scan_A
13:53:06.293,1439.2,gateway,gateway_A,raspberrypi,2,ESP32->RPi,decrypt,119,237,118,1.359,20,esp32_edge_normal_3,0,normal
13:53:10.718,1443.6,gateway,gateway_A,raspberrypi,2,ESP32->RPi,decrypt,118,237,119,4.214,20,esp32_edge_normal_2,0,normal
13:53:11.221,1444.1,gateway,gateway_A,raspberrypi,2,ESP32->RPi,decrypt,102,213,111,3.313,20,esp32_edge_simulator_1,2,scan_A
13:53:11.293,1444.2,gateway,gateway_A,raspberrypi,2,ESP32->RPi,decrypt,106,221,115,2.946,20,esp32_edge_normal_3,0,normal
13:53:15.728,1448.6,gateway,gateway_A,raspberrypi,2,ESP32->RPi,decrypt,120,237,117,4.204,20,esp32_edge_normal_2,0,normal
13:53:16.226,1449.1,gateway,gateway_A,raspberrypi,2,ESP32->RPi,decrypt,113,229,116,3.956,20,esp32_edge_simulator_1,1,mqtt_bruteforce
13:53:16.300,1449.2,gateway,gateway_A,raspberrypi,2,ESP32->RPi,decrypt,120,237,117,3.438,20,esp32_edge_normal_3,0,normal
13:53:20.744,1453.6,gateway,gateway_A,raspberrypi,2,ESP32->RPi,decrypt,117,233,116,1.303,20,esp32_edge_normal_2,0,normal
13:53:21.206,1454.1,gateway,gateway_A,raspberrypi,2,ESP32->RPi,decrypt,123,241,118,1.396,20,esp32_edge_simulator_1,0,normal
13:53:21.385,1454.2,gateway,gateway_A,raspberrypi,2,ESP32->RPi,decrypt,118,237,119,4.058,20,esp32_edge_normal_3,0,normal
13:53:25.745,1458.6,gateway,gateway_A,raspberrypi,2,ESP32->RPi,decrypt,120,237,117,4.356,20,esp32_edge_normal_2,0,normal
13:53:26.262,1459.1,gateway,gateway_A,raspberrypi,2,ESP32->RPi,decrypt,120,237,117,3.715,20,esp32_edge_simulator_1,0,normal
13:53:26.297,1459.2,gateway,gateway_A,raspberrypi,2,ESP32->RPi,decrypt,115,233,118,3.611,20,esp32_edge_normal_3,0,normal
13:53:30.772,1463.6,gateway,gateway_A,raspberrypi,2,ESP32->RPi,decrypt,117,233,116,4.187,20,esp32_edge_normal_2,0,normal
13:53:31.222,1464.1,gateway,gateway_A,raspberrypi,2,ESP32->RPi,decrypt,108,221,113,3.822,20,esp32_edge_simulator_1,2,scan_A
13:53:31.295,1464.2,gateway,gateway_A,raspberrypi,2,ESP32->RPi,decrypt,121,241,120,3.199,20,esp32_edge_normal_3,0,normal
13:53:35.799,1468.7,gateway,gateway_A,raspberrypi,2,ESP32->RPi,decrypt,116,233,117,4.099,20,esp32_edge_normal_2,0,normal
13:53:36.207,1469.1,gateway,gateway_A,raspberrypi,2,ESP32->RPi,decrypt,118,237,119,3.682,20,esp32_edge_simulator_1,0,normal
13:53:36.387,1469.2,gateway,gateway_A,raspberrypi,2,ESP32->RPi,decrypt,115,233,118,1.346,20,esp32_edge_normal_3,0,normal
13:53:40.813,1473.7,gateway,gateway_A,raspberrypi,2,ESP32->RPi,decrypt,116,233,117,1.253,20,esp32_edge_normal_2,0,normal
13:53:41.205,1474.1,gateway,gateway_A,raspberrypi,2,ESP32->RPi,decrypt,123,241,118,1.361,20,esp32_edge_simulator_1,0,normal
13:53:41.296,1474.2,gateway,gateway_A,raspberrypi,2,ESP32->RPi,decrypt,119,237,118,4.12,20,esp32_edge_normal_3,0,normal
13:53:42.292,1475.2,gateway,gateway_A,raspberrypi,2,RPi->PC,encrypt,3637,4934,1297,37.51,20,,,
13:53:45.727,1478.6,gateway,gateway_A,raspberrypi,2,ESP32->RPi,decrypt,119,237,118,1.453,20,esp32_edge_normal_2,0,normal
13:53:46.211,1479.1,gateway,gateway_A,raspberrypi,2,ESP32->RPi,decrypt,107,221,114,1.436,20,esp32_edge_simulator_1,2,scan_A
13:53:46.294,1479.2,gateway,gateway_A,raspberrypi,2,ESP32->RPi,decrypt,116,233,117,1.52,20,esp32_edge_normal_3,0,normal
13:53:47.702,1480.6,gateway,gateway_A,raspberrypi,2,PC->RPi,decrypt,3524,4782,1258,84.438,20,,,
13:53:47.746,1480.6,gateway,gateway_A,raspberrypi,2,RPi->ESP32,encrypt,3524,4782,1258,37.263,21,,,
13:54:00.095,1493.0,gateway,gateway_A,raspberrypi,2,ESP32->RPi,decrypt,106,221,115,4.344,21,esp32_edge_simulator_1,2,scan_A
13:54:00.123,1493.0,gateway,gateway_A,raspberrypi,2,ESP32->RPi,decrypt,117,233,116,4.285,21,esp32_edge_normal_2,0,normal
13:54:00.129,1493.0,gateway,gateway_A,raspberrypi,2,ESP32->RPi,decrypt,114,229,115,3.894,21,esp32_edge_normal_3,0,normal
13:54:05.096,1498.0,gateway,gateway_A,raspberrypi,2,ESP32->RPi,decrypt,107,221,114,3.725,21,esp32_edge_simulator_1,2,scan_A
13:54:05.126,1498.0,gateway,gateway_A,raspberrypi,2,ESP32->RPi,decrypt,116,233,117,3.931,21,esp32_edge_normal_3,0,normal
13:54:05.133,1498.0,gateway,gateway_A,raspberrypi,2,ESP32->RPi,decrypt,120,237,117,4.486,21,esp32_edge_normal_2,0,normal
13:54:10.087,1502.9,gateway,gateway_A,raspberrypi,2,ESP32->RPi,decrypt,118,237,119,4.323,21,esp32_edge_simulator_1,0,normal
13:54:10.127,1503.0,gateway,gateway_A,raspberrypi,2,ESP32->RPi,decrypt,118,237,119,4.311,21,esp32_edge_normal_2,0,normal
13:54:10.133,1503.0,gateway,gateway_A,raspberrypi,2,ESP32->RPi,decrypt,120,237,117,4.309,21,esp32_edge_normal_3,0,normal
13:54:15.099,1508.0,gateway,gateway_A,raspberrypi,2,ESP32->RPi,decrypt,99,209,110,1.197,21,esp32_edge_simulator_1,2,scan_A
13:54:15.119,1508.0,gateway,gateway_A,raspberrypi,2,ESP32->RPi,decrypt,120,237,117,1.434,21,esp32_edge_normal_2,0,normal
13:54:15.141,1508.0,gateway,gateway_A,raspberrypi,2,ESP32->RPi,decrypt,106,221,115,1.309,21,esp32_edge_normal_3,0,normal
13:54:20.138,1513.0,gateway,gateway_A,raspberrypi,2,ESP32->RPi,decrypt,107,221,114,3.928,21,esp32_edge_simulator_1,1,mqtt_bruteforce
13:54:20.143,1513.0,gateway,gateway_A,raspberrypi,2,ESP32->RPi,decrypt,114,229,115,4.006,21,esp32_edge_normal_2,0,normal
13:54:20.148,1513.0,gateway,gateway_A,raspberrypi,2,ESP32->RPi,decrypt,117,233,116,3.945,21,esp32_edge_normal_3,0,normal
13:54:25.102,1518.0,gateway,gateway_A,raspberrypi,2,ESP32->RPi,decrypt,107,221,114,1.279,21,esp32_edge_simulator_1,2,scan_A
13:54:25.237,1518.1,gateway,gateway_A,raspberrypi,2,ESP32->RPi,decrypt,116,233,117,1.272,21,esp32_edge_normal_2,0,normal
13:54:25.239,1518.1,gateway,gateway_A,raspberrypi,2,ESP32->RPi,decrypt,118,237,119,1.233,21,esp32_edge_normal_3,0,normal
13:54:30.172,1523.0,gateway,gateway_A,raspberrypi,2,ESP32->RPi,decrypt,118,237,119,4.034,21,esp32_edge_simulator_1,0,normal
13:54:30.177,1523.0,gateway,gateway_A,raspberrypi,2,ESP32->RPi,decrypt,118,237,119,4.007,21,esp32_edge_normal_2,0,normal
13:54:30.183,1523.0,gateway,gateway_A,raspberrypi,2,ESP32->RPi,decrypt,118,237,119,4.964,21,esp32_edge_normal_3,0,normal
13:54:35.187,1528.0,gateway,gateway_A,raspberrypi,2,ESP32->RPi,decrypt,107,221,114,1.307,21,esp32_edge_simulator_1,2,scan_A
13:54:35.190,1528.0,gateway,gateway_A,raspberrypi,2,ESP32->RPi,decrypt,120,237,117,1.418,21,esp32_edge_normal_2,0,normal
13:54:35.192,1528.1,gateway,gateway_A,raspberrypi,2,ESP32->RPi,decrypt,111,225,114,1.256,21,esp32_edge_normal_3,0,normal
13:54:40.093,1533.0,gateway,gateway_A,raspberrypi,2,ESP32->RPi,decrypt,112,229,117,1.372,21,esp32_edge_simulator_1,1,mqtt_bruteforce
13:54:40.124,1533.0,gateway,gateway_A,raspberrypi,2,ESP32->RPi,decrypt,119,237,118,1.404,21,esp32_edge_normal_2,0,normal
13:54:40.129,1533.0,gateway,gateway_A,raspberrypi,2,ESP32->RPi,decrypt,121,241,120,1.508,21,esp32_edge_normal_3,0,normal
13:54:41.099,1534.0,gateway,gateway_A,raspberrypi,2,RPi->PC,encrypt,3634,4930,1296,34.501,21,,,
13:54:45.127,1538.0,gateway,gateway_A,raspberrypi,2,ESP32->RPi,decrypt,121,241,120,4.761,21,esp32_edge_normal_2,0,normal
13:54:45.133,1538.0,gateway,gateway_A,raspberrypi,2,ESP32->RPi,decrypt,119,237,118,4.334,21,esp32_edge_normal_3,0,normal
13:54:45.138,1538.0,gateway,gateway_A,raspberrypi,2,ESP32->RPi,decrypt,110,225,115,4.065,21,esp32_edge_simulator_1,1,mqtt_bruteforce
13:54:46.520,1539.4,gateway,gateway_A,raspberrypi,2,PC->RPi,decrypt,3543,4806,1263,87.917,21,,,
13:54:46.571,1539.4,gateway,gateway_A,raspberrypi,2,RPi->ESP32,encrypt,3543,4806,1263,38.096,22,,,
13:54:59.009,1551.9,gateway,gateway_A,raspberrypi,2,ESP32->RPi,decrypt,119,237,118,4.255,22,esp32_edge_normal_3,0,normal
13:54:59.031,1551.9,gateway,gateway_A,raspberrypi,2,ESP32->RPi,decrypt,117,233,116,4.167,22,esp32_edge_normal_2,0,normal
13:54:59.481,1552.3,gateway,gateway_A,raspberrypi,2,ESP32->RPi,decrypt,124,245,121,4.343,22,esp32_edge_simulator_1,0,normal
13:55:04.070,1556.9,gateway,gateway_A,raspberrypi,2,ESP32->RPi,decrypt,121,241,120,4.413,22,esp32_edge_normal_3,0,normal
13:55:04.075,1556.9,gateway,gateway_A,raspberrypi,2,ESP32->RPi,decrypt,115,233,118,4.033,22,esp32_edge_normal_2,0,normal
13:55:04.471,1557.3,gateway,gateway_A,raspberrypi,2,ESP32->RPi,decrypt,121,241,120,4.466,22,esp32_edge_simulator_1,0,normal
13:55:09.088,1561.9,gateway,gateway_A,raspberrypi,2,ESP32->RPi,decrypt,120,237,117,4.538,22,esp32_edge_normal_3,0,normal
13:55:09.094,1562.0,gateway,gateway_A,raspberrypi,2,ESP32->RPi,decrypt,116,233,117,4.019,22,esp32_edge_normal_2,0,normal
13:55:09.481,1562.3,gateway,gateway_A,raspberrypi,2,ESP32->RPi,decrypt,102,213,111,3.583,22,esp32_edge_simulator_1,2,scan_A
13:55:14.005,1566.9,gateway,gateway_A,raspberrypi,2,ESP32->RPi,decrypt,115,233,118,4.164,22,esp32_edge_normal_3,0,normal
13:55:14.026,1566.9,gateway,gateway_A,raspberrypi,2,ESP32->RPi,decrypt,115,233,118,4.181,22,esp32_edge_normal_2,0,normal
13:55:14.480,1567.3,gateway,gateway_A,raspberrypi,2,ESP32->RPi,decrypt,104,217,113,3.824,22,esp32_edge_simulator_1,2,scan_A
13:55:19.009,1571.9,gateway,gateway_A,raspberrypi,2,ESP32->RPi,decrypt,115,233,118,4.12,22,esp32_edge_normal_3,0,normal
13:55:19.025,1571.9,gateway,gateway_A,raspberrypi,2,ESP32->RPi,decrypt,118,237,119,4.198,22,esp32_edge_normal_2,0,normal
13:55:19.479,1572.3,gateway,gateway_A,raspberrypi,2,ESP32->RPi,decrypt,114,229,115,4.118,22,esp32_edge_simulator_1,1,mqtt_bruteforce
13:55:24.075,1576.9,gateway,gateway_A,raspberrypi,2,ESP32->RPi,decrypt,117,233,116,4.11,22,esp32_edge_normal_3,0,normal
13:55:24.080,1576.9,gateway,gateway_A,raspberrypi,2,ESP32->RPi,decrypt,115,233,118,3.934,22,esp32_edge_normal_2,0,normal
13:55:24.491,1577.4,gateway,gateway_A,raspberrypi,2,ESP32->RPi,decrypt,104,217,113,3.618,22,esp32_edge_simulator_1,2,scan_A
13:55:29.009,1581.9,gateway,gateway_A,raspberrypi,2,ESP32->RPi,decrypt,121,241,120,4.083,22,esp32_edge_normal_3,0,normal
13:55:29.026,1581.9,gateway,gateway_A,raspberrypi,2,ESP32->RPi,decrypt,121,241,120,4.367,22,esp32_edge_normal_2,0,normal
13:55:29.471,1582.3,gateway,gateway_A,raspberrypi,2,ESP32->RPi,decrypt,111,225,114,3.916,22,esp32_edge_simulator_1,0,normal
13:55:34.018,1586.9,gateway,gateway_A,raspberrypi,2,ESP32->RPi,decrypt,118,237,119,4.027,22,esp32_edge_normal_3,0,normal
13:55:34.033,1586.9,gateway,gateway_A,raspberrypi,2,ESP32->RPi,decrypt,113,229,116,3.934,22,esp32_edge_normal_2,0,normal
13:55:34.481,1587.3,gateway,gateway_A,raspberrypi,2,ESP32->RPi,decrypt,113,229,116,3.876,22,esp32_edge_simulator_1,1,mqtt_bruteforce
13:55:39.009,1591.9,gateway,gateway_A,raspberrypi,2,ESP32->RPi,decrypt,115,233,118,4.418,22,esp32_edge_normal_3,0,normal
13:55:39.028,1591.9,gateway,gateway_A,raspberrypi,2,ESP32->RPi,decrypt,115,233,118,4.783,22,esp32_edge_normal_2,0,normal
13:55:39.471,1592.3,gateway,gateway_A,raspberrypi,2,ESP32->RPi,decrypt,124,245,121,4.664,22,esp32_edge_simulator_1,0,normal
13:55:40.577,1593.4,gateway,gateway_A,raspberrypi,2,RPi->PC,encrypt,3634,4930,1296,34.075,22,,,
13:55:44.104,1597.0,gateway,gateway_A,raspberrypi,2,ESP32->RPi,decrypt,112,229,117,1.311,22,esp32_edge_normal_3,0,normal
13:55:44.108,1597.0,gateway,gateway_A,raspberrypi,2,ESP32->RPi,decrypt,115,233,118,1.349,22,esp32_edge_normal_2,0,normal
13:55:44.474,1597.3,gateway,gateway_A,raspberrypi,2,ESP32->RPi,decrypt,105,217,112,1.352,22,esp32_edge_simulator_1,2,scan_A
13:55:45.523,1598.4,gateway,gateway_A,raspberrypi,2,PC->RPi,decrypt,3547,4814,1267,74.965,22,,,
13:55:45.589,1598.4,gateway,gateway_A,raspberrypi,2,RPi->ESP32,encrypt,3547,4814,1267,55.528,23,,,
13:55:58.030,1610.9,gateway,gateway_A,raspberrypi,2,ESP32->RPi,decrypt,120,237,117,1.573,23,esp32_edge_normal_2,0,normal
13:55:58.033,1610.9,gateway,gateway_A,raspberrypi,2,ESP32->RPi,decrypt,120,237,117,1.438,23,esp32_edge_normal_3,0,normal
13:55:58.480,1611.3,gateway,gateway_A,raspberrypi,2,ESP32->RPi,decrypt,110,225,115,4.119,23,esp32_edge_simulator_1,1,mqtt_bruteforce
13:56:03.053,1615.9,gateway,gateway_A,raspberrypi,2,ESP32->RPi,decrypt,120,237,117,4.465,23,esp32_edge_normal_2,0,normal
13:56:03.058,1615.9,gateway,gateway_A,raspberrypi,2,ESP32->RPi,decrypt,117,233,116,4.181,23,esp32_edge_normal_3,0,normal
13:56:03.470,1616.3,gateway,gateway_A,raspberrypi,2,ESP32->RPi,decrypt,123,241,118,3.718,23,esp32_edge_simulator_1,0,normal
13:56:08.071,1620.9,gateway,gateway_A,raspberrypi,2,ESP32->RPi,decrypt,119,237,118,4.462,23,esp32_edge_normal_2,0,normal
13:56:08.076,1620.9,gateway,gateway_A,raspberrypi,2,ESP32->RPi,decrypt,114,229,115,3.901,23,esp32_edge_normal_3,0,normal
13:56:08.461,1621.3,gateway,gateway_A,raspberrypi,2,ESP32->RPi,decrypt,122,241,119,4.123,23,esp32_edge_simulator_1,0,normal
13:56:12.968,1625.8,gateway,gateway_A,raspberrypi,2,ESP32->RPi,decrypt,121,241,120,4.215,23,esp32_edge_normal_2,0,normal
13:56:13.316,1626.2,gateway,gateway_A,raspberrypi,2,ESP32->RPi,decrypt,118,237,119,4.192,23,esp32_edge_normal_3,0,normal
13:56:13.460,1626.3,gateway,gateway_A,raspberrypi,2,ESP32->RPi,decrypt,107,221,114,2.623,23,esp32_edge_simulator_1,2,scan_A
13:56:17.962,1630.8,gateway,gateway_A,raspberrypi,2,ESP32->RPi,decrypt,117,233,116,4.138,23,esp32_edge_normal_2,0,normal
13:56:17.987,1630.8,gateway,gateway_A,raspberrypi,2,ESP32->RPi,decrypt,114,229,115,3.452,23,esp32_edge_normal_3,0,normal
13:56:18.479,1631.3,gateway,gateway_A,raspberrypi,2,ESP32->RPi,decrypt,111,225,114,3.784,23,esp32_edge_simulator_1,1,mqtt_bruteforce
13:56:22.962,1635.8,gateway,gateway_A,raspberrypi,2,ESP32->RPi,decrypt,117,233,116,3.798,23,esp32_edge_normal_2,0,normal
13:56:22.985,1635.8,gateway,gateway_A,raspberrypi,2,ESP32->RPi,decrypt,115,233,118,3.956,23,esp32_edge_normal_3,0,normal
13:56:23.548,1636.4,gateway,gateway_A,raspberrypi,2,ESP32->RPi,decrypt,101,213,112,3.62,23,esp32_edge_simulator_1,2,scan_A
13:56:27.955,1640.8,gateway,gateway_A,raspberrypi,2,ESP32->RPi,decrypt,113,229,116,1.377,23,esp32_edge_normal_2,0,normal
13:56:27.987,1640.8,gateway,gateway_A,raspberrypi,2,ESP32->RPi,decrypt,116,233,117,1.39,23,esp32_edge_normal_3,0,normal
13:56:28.469,1641.3,gateway,gateway_A,raspberrypi,2,ESP32->RPi,decrypt,119,237,118,1.345,23,esp32_edge_simulator_1,0,normal
13:56:33.058,1645.9,gateway,gateway_A,raspberrypi,2,ESP32->RPi,decrypt,117,233,116,4.482,23,esp32_edge_normal_2,0,normal
13:56:33.063,1645.9,gateway,gateway_A,raspberrypi,2,ESP32->RPi,decrypt,118,237,119,3.953,23,esp32_edge_normal_3,0,normal
13:56:33.475,1646.3,gateway,gateway_A,raspberrypi,2,ESP32->RPi,decrypt,113,229,116,4.202,23,esp32_edge_simulator_1,1,mqtt_bruteforce
13:56:37.976,1650.8,gateway,gateway_A,raspberrypi,2,ESP32->RPi,decrypt,120,237,117,4.43,23,esp32_edge_normal_2,0,normal
13:56:37.990,1650.8,gateway,gateway_A,raspberrypi,2,ESP32->RPi,decrypt,114,229,115,4.056,23,esp32_edge_normal_3,0,normal
13:56:38.473,1651.3,gateway,gateway_A,raspberrypi,2,ESP32->RPi,decrypt,81,185,104,3.362,23,esp32_edge_simulator_1,2,scan_A
13:56:39.452,1652.3,gateway,gateway_A,raspberrypi,2,RPi->PC,encrypt,3633,4926,1293,34.982,23,,,
13:56:42.985,1655.8,gateway,gateway_A,raspberrypi,2,ESP32->RPi,decrypt,115,233,118,1.49,23,esp32_edge_normal_2,0,normal
13:56:42.987,1655.8,gateway,gateway_A,raspberrypi,2,ESP32->RPi,decrypt,116,233,117,1.363,23,esp32_edge_normal_3,0,normal
13:56:43.453,1656.3,gateway,gateway_A,raspberrypi,2,ESP32->RPi,decrypt,117,233,116,1.38,23,esp32_edge_simulator_1,0,normal
13:56:44.292,1657.2,gateway,gateway_A,raspberrypi,2,PC->RPi,decrypt,3539,4802,1263,71.854,23,,,
13:56:44.361,1657.2,gateway,gateway_A,raspberrypi,2,RPi->ESP32,encrypt,3539,4802,1263,54.125,24,,,
13:56:57.280,1670.1,gateway,gateway_A,raspberrypi,2,ESP32->RPi,decrypt,120,237,117,1.443,24,esp32_edge_normal_2,0,normal
13:56:57.301,1670.2,gateway,gateway_A,raspberrypi,2,ESP32->RPi,decrypt,114,229,115,1.324,24,esp32_edge_normal_3,0,normal
13:56:57.740,1670.6,gateway,gateway_A,raspberrypi,2,ESP32->RPi,decrypt,120,237,117,1.417,24,esp32_edge_simulator_1,0,normal
13:57:02.298,1675.2,gateway,gateway_A,raspberrypi,2,ESP32->RPi,decrypt,117,233,116,4.211,24,esp32_edge_normal_2,0,normal
13:57:02.311,1675.2,gateway,gateway_A,raspberrypi,2,ESP32->RPi,decrypt,121,241,120,4.476,24,esp32_edge_normal_3,0,normal
13:57:02.759,1675.6,gateway,gateway_A,raspberrypi,2,ESP32->RPi,decrypt,106,221,115,4.045,24,esp32_edge_simulator_1,2,scan_A
13:57:07.281,1680.1,gateway,gateway_A,raspberrypi,2,ESP32->RPi,decrypt,114,229,115,4.084,24,esp32_edge_normal_2,0,normal
13:57:07.303,1680.2,gateway,gateway_A,raspberrypi,2,ESP32->RPi,decrypt,117,233,116,4.252,24,esp32_edge_normal_3,0,normal
13:57:07.754,1680.6,gateway,gateway_A,raspberrypi,2,ESP32->RPi,decrypt,101,213,112,3.817,24,esp32_edge_simulator_1,2,scan_A
13:57:12.379,1685.2,gateway,gateway_A,raspberrypi,2,ESP32->RPi,decrypt,116,233,117,4.305,24,esp32_edge_normal_2,0,normal
13:57:12.384,1685.2,gateway,gateway_A,raspberrypi,2,ESP32->RPi,decrypt,113,229,116,3.778,24,esp32_edge_normal_3,0,normal
13:57:12.753,1685.6,gateway,gateway_A,raspberrypi,2,ESP32->RPi,decrypt,107,221,114,3.955,24,esp32_edge_simulator_1,2,scan_A
13:57:17.283,1690.1,gateway,gateway_A,raspberrypi,2,ESP32->RPi,decrypt,120,237,117,4.305,24,esp32_edge_normal_2,0,normal
13:57:17.302,1690.2,gateway,gateway_A,raspberrypi,2,ESP32->RPi,decrypt,116,233,117,4.386,24,esp32_edge_normal_3,0,normal
13:57:17.750,1690.6,gateway,gateway_A,raspberrypi,2,ESP32->RPi,decrypt,118,237,119,4.141,24,esp32_edge_simulator_1,0,normal
13:57:22.284,1695.1,gateway,gateway_A,raspberrypi,2,ESP32->RPi,decrypt,117,233,116,4.374,24,esp32_edge_normal_2,0,normal
13:57:22.312,1695.2,gateway,gateway_A,raspberrypi,2,ESP32->RPi,decrypt,121,241,120,4.536,24,esp32_edge_normal_3,0,normal
13:57:22.753,1695.6,gateway,gateway_A,raspberrypi,2,ESP32->RPi,decrypt,107,221,114,3.996,24,esp32_edge_simulator_1,2,scan_A
13:57:27.280,1700.1,gateway,gateway_A,raspberrypi,2,ESP32->RPi,decrypt,115,233,118,4.14,24,esp32_edge_normal_2,0,normal
13:57:27.302,1700.2,gateway,gateway_A,raspberrypi,2,ESP32->RPi,decrypt,115,233,118,3.864,24,esp32_edge_normal_3,0,normal
13:57:27.758,1700.6,gateway,gateway_A,raspberrypi,2,ESP32->RPi,decrypt,118,237,119,4.255,24,esp32_edge_simulator_1,0,normal
13:57:32.347,1705.2,gateway,gateway_A,raspberrypi,2,ESP32->RPi,decrypt,112,229,117,4.53,24,esp32_edge_normal_2,0,normal
13:57:32.354,1705.2,gateway,gateway_A,raspberrypi,2,ESP32->RPi,decrypt,119,237,118,4.291,24,esp32_edge_normal_3,0,normal
13:57:32.756,1705.6,gateway,gateway_A,raspberrypi,2,ESP32->RPi,decrypt,117,233,116,4.411,24,esp32_edge_simulator_1,0,normal
13:57:37.284,1710.1,gateway,gateway_A,raspberrypi,2,ESP32->RPi,decrypt,116,233,117,1.404,24,esp32_edge_normal_2,0,normal
13:57:37.306,1710.2,gateway,gateway_A,raspberrypi,2,ESP32->RPi,decrypt,114,229,115,1.353,24,esp32_edge_normal_3,0,normal
13:57:37.749,1710.6,gateway,gateway_A,raspberrypi,2,ESP32->RPi,decrypt,81,185,104,1.061,24,esp32_edge_simulator_1,2,scan_A
13:57:39.472,1712.3,gateway,gateway_A,raspberrypi,2,RPi->PC,encrypt,3635,4930,1295,68.11,24,,,
13:57:42.277,1715.1,gateway,gateway_A,raspberrypi,2,ESP32->RPi,decrypt,119,237,118,1.454,24,esp32_edge_normal_2,0,normal
13:57:42.301,1715.2,gateway,gateway_A,raspberrypi,2,ESP32->RPi,decrypt,117,233,116,1.451,24,esp32_edge_normal_3,0,normal
13:57:42.751,1715.6,gateway,gateway_A,raspberrypi,2,ESP32->RPi,decrypt,104,217,113,1.44,24,esp32_edge_simulator_1,2,scan_A
13:57:43.375,1716.2,gateway,gateway_A,raspberrypi,2,PC->RPi,decrypt,3543,4806,1263,34.068,24,,,
13:57:43.418,1716.3,gateway,gateway_A,raspberrypi,2,RPi->ESP32,encrypt,3543,4806,1263,35.627,25,,,
13:57:56.410,1729.3,gateway,gateway_A,raspberrypi,2,ESP32->RPi,decrypt,116,233,117,4.501,25,esp32_edge_normal_2,0,normal
13:57:56.416,1729.3,gateway,gateway_A,raspberrypi,2,ESP32->RPi,decrypt,106,221,115,3.964,25,esp32_edge_simulator_1,2,scan_A
13:57:56.421,1729.3,gateway,gateway_A,raspberrypi,2,ESP32->RPi,decrypt,115,233,118,4.297,25,esp32_edge_normal_3,0,normal
13:58:01.347,1734.2,gateway,gateway_A,raspberrypi,2,ESP32->RPi,decrypt,121,241,120,4.998,25,esp32_edge_normal_2,0,normal
13:58:01.353,1734.2,gateway,gateway_A,raspberrypi,2,ESP32->RPi,decrypt,122,241,119,4.613,25,esp32_edge_simulator_1,0,normal
13:58:01.370,1734.2,gateway,gateway_A,raspberrypi,2,ESP32->RPi,decrypt,120,237,117,4.439,25,esp32_edge_normal_3,0,normal
13:58:06.335,1739.2,gateway,gateway_A,raspberrypi,2,ESP32->RPi,decrypt,116,233,117,4.287,25,esp32_edge_normal_2,0,normal
13:58:06.344,1739.2,gateway,gateway_A,raspberrypi,2,ESP32->RPi,decrypt,107,221,114,3.905,25,esp32_edge_simulator_1,2,scan_A
13:58:06.366,1739.2,gateway,gateway_A,raspberrypi,2,ESP32->RPi,decrypt,115,233,118,4.001,25,esp32_edge_normal_3,0,normal
13:58:11.357,1744.2,gateway,gateway_A,raspberrypi,2,ESP32->RPi,decrypt,114,229,115,1.276,25,esp32_edge_normal_2,0,normal
13:58:11.359,1744.2,gateway,gateway_A,raspberrypi,2,ESP32->RPi,decrypt,111,225,114,1.283,25,esp32_edge_simulator_1,1,mqtt_bruteforce
13:58:11.361,1744.2,gateway,gateway_A,raspberrypi,2,ESP32->RPi,decrypt,117,233,116,1.382,25,esp32_edge_normal_3,0,normal
13:58:16.336,1749.2,gateway,gateway_A,raspberrypi,2,ESP32->RPi,decrypt,123,241,118,4.866,25,esp32_edge_simulator_1,0,normal
13:58:16.342,1749.2,gateway,gateway_A,raspberrypi,2,ESP32->RPi,decrypt,121,241,120,4.209,25,esp32_edge_normal_2,0,normal
13:58:16.357,1749.2,gateway,gateway_A,raspberrypi,2,ESP32->RPi,decrypt,116,233,117,4.096,25,esp32_edge_normal_3,0,normal
13:58:21.336,1754.2,gateway,gateway_A,raspberrypi,2,ESP32->RPi,decrypt,119,237,118,3.981,25,esp32_edge_normal_2,0,normal
13:58:21.350,1754.2,gateway,gateway_A,raspberrypi,2,ESP32->RPi,decrypt,104,217,113,3.89,25,esp32_edge_simulator_1,2,scan_A
13:58:21.357,1754.2,gateway,gateway_A,raspberrypi,2,ESP32->RPi,decrypt,116,233,117,4.452,25,esp32_edge_normal_3,0,normal
13:58:26.338,1759.2,gateway,gateway_A,raspberrypi,2,ESP32->RPi,decrypt,115,233,118,4.492,25,esp32_edge_normal_2,0,normal
13:58:26.344,1759.2,gateway,gateway_A,raspberrypi,2,ESP32->RPi,decrypt,113,229,116,4.52,25,esp32_edge_simulator_1,1,mqtt_bruteforce
13:58:26.480,1759.3,gateway,gateway_A,raspberrypi,2,ESP32->RPi,decrypt,113,229,116,2.344,25,esp32_edge_normal_3,0,normal
13:58:31.337,1764.2,gateway,gateway_A,raspberrypi,2,ESP32->RPi,decrypt,118,237,119,4.33,25,esp32_edge_normal_2,0,normal
13:58:31.347,1764.2,gateway,gateway_A,raspberrypi,2,ESP32->RPi,decrypt,81,185,104,3.397,25,esp32_edge_simulator_1,2,scan_A
13:58:31.357,1764.2,gateway,gateway_A,raspberrypi,2,ESP32->RPi,decrypt,113,229,116,4.204,25,esp32_edge_normal_3,0,normal
13:58:36.347,1769.2,gateway,gateway_A,raspberrypi,2,ESP32->RPi,decrypt,117,233,116,4.691,25,esp32_edge_normal_2,0,normal
13:58:36.353,1769.2,gateway,gateway_A,raspberrypi,2,ESP32->RPi,decrypt,113,229,116,4.56,25,esp32_edge_simulator_1,1,mqtt_bruteforce
13:58:36.358,1769.2,gateway,gateway_A,raspberrypi,2,ESP32->RPi,decrypt,114,229,115,3.769,25,esp32_edge_normal_3,0,normal
13:58:37.507,1770.4,gateway,gateway_A,raspberrypi,2,RPi->PC,encrypt,3640,4938,1298,32.074,25,,,
13:58:41.331,1774.2,gateway,gateway_A,raspberrypi,2,ESP32->RPi,decrypt,117,233,116,1.469,25,esp32_edge_normal_2,0,normal
13:58:41.347,1774.2,gateway,gateway_A,raspberrypi,2,ESP32->RPi,decrypt,120,237,117,1.451,25,esp32_edge_simulator_1,0,normal
13:58:41.352,1774.2,gateway,gateway_A,raspberrypi,2,ESP32->RPi,decrypt,114,229,115,1.348,25,esp32_edge_normal_3,0,normal
13:58:42.084,1774.9,gateway,gateway_A,raspberrypi,2,PC->RPi,decrypt,3529,4790,1261,70.364,25,,,
13:58:42.148,1775.0,gateway,gateway_A,raspberrypi,2,RPi->ESP32,encrypt,3529,4790,1261,54.8,26,,,
13:58:55.082,1787.9,gateway,gateway_A,raspberrypi,2,ESP32->RPi,decrypt,120,237,117,1.489,26,esp32_edge_normal_3,0,normal
13:58:55.531,1788.4,gateway,gateway_A,raspberrypi,2,ESP32->RPi,decrypt,104,217,113,1.259,26,esp32_edge_simulator_1,2,scan_A
13:58:55.538,1788.4,gateway,gateway_A,raspberrypi,2,ESP32->RPi,decrypt,119,237,118,1.387,26,esp32_edge_normal_2,0,normal
13:59:00.103,1793.0,gateway,gateway_A,raspberrypi,2,ESP32->RPi,decrypt,116,233,117,4.262,26,esp32_edge_normal_3,0,normal
13:59:00.519,1793.4,gateway,gateway_A,raspberrypi,2,ESP32->RPi,decrypt,81,185,104,3.326,26,esp32_edge_simulator_1,2,scan_A
13:59:00.539,1793.4,gateway,gateway_A,raspberrypi,2,ESP32->RPi,decrypt,117,233,116,4.364,26,esp32_edge_normal_2,0,normal
13:59:05.119,1798.0,gateway,gateway_A,raspberrypi,2,ESP32->RPi,decrypt,118,237,119,1.516,26,esp32_edge_normal_3,0,normal
13:59:05.509,1798.4,gateway,gateway_A,raspberrypi,2,ESP32->RPi,decrypt,112,229,117,1.392,26,esp32_edge_simulator_1,1,mqtt_bruteforce
13:59:05.534,1798.4,gateway,gateway_A,raspberrypi,2,ESP32->RPi,decrypt,114,229,115,1.394,26,esp32_edge_normal_2,0,normal
13:59:10.140,1803.0,gateway,gateway_A,raspberrypi,2,ESP32->RPi,decrypt,114,229,115,4.125,26,esp32_edge_normal_3,0,normal
13:59:10.511,1803.4,gateway,gateway_A,raspberrypi,2,ESP32->RPi,decrypt,113,229,116,3.993,26,esp32_edge_simulator_1,1,mqtt_bruteforce
13:59:10.537,1803.4,gateway,gateway_A,raspberrypi,2,ESP32->RPi,decrypt,113,229,116,3.815,26,esp32_edge_normal_2,0,normal
13:59:15.050,1807.9,gateway,gateway_A,raspberrypi,2,ESP32->RPi,decrypt,121,241,120,1.405,26,esp32_edge_normal_3,0,normal
13:59:15.519,1808.4,gateway,gateway_A,raspberrypi,2,ESP32->RPi,decrypt,114,229,115,1.321,26,esp32_edge_simulator_1,1,mqtt_bruteforce
13:59:15.536,1808.4,gateway,gateway_A,raspberrypi,2,ESP32->RPi,decrypt,121,241,120,1.409,26,esp32_edge_normal_2,0,normal
13:59:20.073,1812.9,gateway,gateway_A,raspberrypi,2,ESP32->RPi,decrypt,119,237,118,4.019,26,esp32_edge_normal_3,0,normal
13:59:20.506,1813.4,gateway,gateway_A,raspberrypi,2,ESP32->RPi,decrypt,112,229,117,1.331,26,esp32_edge_simulator_1,1,mqtt_bruteforce
13:59:20.551,1813.4,gateway,gateway_A,raspberrypi,2,ESP32->RPi,decrypt,114,229,115,1.282,26,esp32_edge_normal_2,0,normal
13:59:25.097,1818.0,gateway,gateway_A,raspberrypi,2,ESP32->RPi,decrypt,117,233,116,1.323,26,esp32_edge_normal_3,0,normal
13:59:25.619,1818.5,gateway,gateway_A,raspberrypi,2,ESP32->RPi,decrypt,104,217,113,3.94,26,esp32_edge_simulator_1,2,scan_A
13:59:25.624,1818.5,gateway,gateway_A,raspberrypi,2,ESP32->RPi,decrypt,116,233,117,4.266,26,esp32_edge_normal_2,0,normal
13:59:30.210,1823.1,gateway,gateway_A,raspberrypi,2,ESP32->RPi,decrypt,115,233,118,4.328,26,esp32_edge_normal_3,0,normal
13:59:30.510,1823.4,gateway,gateway_A,raspberrypi,2,ESP32->RPi,decrypt,113,229,116,4.258,26,esp32_edge_simulator_1,1,mqtt_bruteforce
13:59:30.541,1823.4,gateway,gateway_A,raspberrypi,2,ESP32->RPi,decrypt,117,233,116,4.213,26,esp32_edge_normal_2,0,normal
13:59:35.126,1828.0,gateway,gateway_A,raspberrypi,2,ESP32->RPi,decrypt,117,233,116,4.458,26,esp32_edge_normal_3,0,normal
13:59:35.510,1828.4,gateway,gateway_A,raspberrypi,2,ESP32->RPi,decrypt,113,229,116,3.263,26,esp32_edge_simulator_1,1,mqtt_bruteforce
13:59:35.572,1828.4,gateway,gateway_A,raspberrypi,2,ESP32->RPi,decrypt,116,233,117,3.403,26,esp32_edge_normal_2,0,normal
13:59:36.525,1829.4,gateway,gateway_A,raspberrypi,2,RPi->PC,encrypt,3635,4930,1295,37.37,26,,,
13:59:40.139,1833.0,gateway,gateway_A,raspberrypi,2,ESP32->RPi,decrypt,116,233,117,1.55,26,esp32_edge_normal_3,0,normal
13:59:40.507,1833.4,gateway,gateway_A,raspberrypi,2,ESP32->RPi,decrypt,107,221,114,1.379,26,esp32_edge_simulator_1,2,scan_A
13:59:40.532,1833.4,gateway,gateway_A,raspberrypi,2,ESP32->RPi,decrypt,115,233,118,1.603,26,esp32_edge_normal_2,0,normal
13:59:41.346,1834.2,gateway,gateway_A,raspberrypi,2,PC->RPi,decrypt,3538,4802,1264,79.641,26,,,
13:59:41.389,1834.2,gateway,gateway_A,raspberrypi,2,RPi->ESP32,encrypt,3538,4802,1264,36.454,27,,,
13:59:53.864,1846.7,gateway,gateway_A,raspberrypi,2,ESP32->RPi,decrypt,113,229,116,1.461,27,esp32_edge_simulator_1,1,mqtt_bruteforce
13:59:54.313,1847.2,gateway,gateway_A,raspberrypi,2,ESP32->RPi,decrypt,115,233,118,1.443,27,esp32_edge_normal_2,0,normal
13:59:54.320,1847.2,gateway,gateway_A,raspberrypi,2,ESP32->RPi,decrypt,115,233,118,1.349,27,esp32_edge_normal_3,0,normal
13:59:58.818,1851.7,gateway,gateway_A,raspberrypi,2,ESP32->RPi,decrypt,120,237,117,4.444,27,esp32_edge_simulator_1,0,normal
13:59:59.320,1852.2,gateway,gateway_A,raspberrypi,2,ESP32->RPi,decrypt,117,233,116,4.35,27,esp32_edge_normal_2,0,normal
13:59:59.342,1852.2,gateway,gateway_A,raspberrypi,2,ESP32->RPi,decrypt,115,233,118,4.302,27,esp32_edge_normal_3,0,normal
14:00:03.819,1856.7,gateway,gateway_A,raspberrypi,2,ESP32->RPi,decrypt,111,225,114,1.41,27,esp32_edge_simulator_1,1,mqtt_bruteforce
14:00:04.315,1857.2,gateway,gateway_A,raspberrypi,2,ESP32->RPi,decrypt,120,237,117,1.524,27,esp32_edge_normal_2,0,normal
14:00:04.330,1857.2,gateway,gateway_A,raspberrypi,2,ESP32->RPi,decrypt,114,229,115,1.476,27,esp32_edge_normal_3,0,normal
14:00:08.922,1861.8,gateway,gateway_A,raspberrypi,2,ESP32->RPi,decrypt,118,237,119,3.46,27,esp32_edge_simulator_1,0,normal
14:00:09.313,1862.2,gateway,gateway_A,raspberrypi,2,ESP32->RPi,decrypt,117,233,116,3.838,27,esp32_edge_normal_2,0,normal
14:00:09.325,1862.2,gateway,gateway_A,raspberrypi,2,ESP32->RPi,decrypt,121,241,120,3.967,27,esp32_edge_normal_3,0,normal
14:00:13.810,1866.7,gateway,gateway_A,raspberrypi,2,ESP32->RPi,decrypt,117,233,116,1.443,27,esp32_edge_simulator_1,0,normal
14:00:14.313,1867.2,gateway,gateway_A,raspberrypi,2,ESP32->RPi,decrypt,121,241,120,1.523,27,esp32_edge_normal_2,0,normal
14:00:14.327,1867.2,gateway,gateway_A,raspberrypi,2,ESP32->RPi,decrypt,117,233,116,1.466,27,esp32_edge_normal_3,0,normal
14:00:18.826,1871.7,gateway,gateway_A,raspberrypi,2,ESP32->RPi,decrypt,111,225,114,4.038,27,esp32_edge_simulator_1,1,mqtt_bruteforce
14:00:19.314,1872.2,gateway,gateway_A,raspberrypi,2,ESP32->RPi,decrypt,117,233,116,4.006,27,esp32_edge_normal_2,0,normal
14:00:19.410,1872.3,gateway,gateway_A,raspberrypi,2,ESP32->RPi,decrypt,117,233,116,2.196,27,esp32_edge_normal_3,0,normal
14:00:23.821,1876.7,gateway,gateway_A,raspberrypi,2,ESP32->RPi,decrypt,107,221,114,3.874,27,esp32_edge_simulator_1,1,mqtt_bruteforce
14:00:24.318,1877.2,gateway,gateway_A,raspberrypi,2,ESP32->RPi,decrypt,115,233,118,4.186,27,esp32_edge_normal_2,0,normal
14:00:24.339,1877.2,gateway,gateway_A,raspberrypi,2,ESP32->RPi,decrypt,117,233,116,3.73,27,esp32_edge_normal_3,0,normal
14:00:28.833,1881.7,gateway,gateway_A,raspberrypi,2,ESP32->RPi,decrypt,123,241,118,4.496,27,esp32_edge_simulator_1,0,normal
14:00:29.349,1882.2,gateway,gateway_A,raspberrypi,2,ESP32->RPi,decrypt,120,237,117,4.46,27,esp32_edge_normal_2,0,normal
14:00:29.363,1882.2,gateway,gateway_A,raspberrypi,2,ESP32->RPi,decrypt,114,229,115,4.284,27,esp32_edge_normal_3,0,normal
14:00:33.827,1886.7,gateway,gateway_A,raspberrypi,2,ESP32->RPi,decrypt,124,245,121,4.6,27,esp32_edge_simulator_1,0,normal
14:00:34.328,1887.2,gateway,gateway_A,raspberrypi,2,ESP32->RPi,decrypt,119,237,118,4.474,27,esp32_edge_normal_3,0,normal
14:00:34.492,1887.4,gateway,gateway_A,raspberrypi,2,ESP32->RPi,decrypt,107,221,114,2.759,27,esp32_edge_normal_2,0,normal
14:00:35.674,1888.5,gateway,gateway_A,raspberrypi,2,RPi->PC,encrypt,3643,4942,1299,39.079,27,,,
14:00:38.865,1891.7,gateway,gateway_A,raspberrypi,2,ESP32->RPi,decrypt,119,237,118,1.398,27,esp32_edge_simulator_1,0,normal
14:00:39.314,1892.2,gateway,gateway_A,raspberrypi,2,ESP32->RPi,decrypt,120,237,117,1.5,27,esp32_edge_normal_3,0,normal
14:00:39.317,1892.2,gateway,gateway_A,raspberrypi,2,ESP32->RPi,decrypt,119,237,118,1.311,27,esp32_edge_normal_2,0,normal
14:00:40.923,1893.8,gateway,gateway_A,raspberrypi,2,PC->RPi,decrypt,3534,4794,1260,91.609,27,,,
14:00:40.962,1893.8,gateway,gateway_A,raspberrypi,2,RPi->ESP32,encrypt,3534,4794,1260,32.835,28,,,
14:00:52.900,1905.8,gateway,gateway_A,raspberrypi,2,ESP32->RPi,decrypt,81,185,104,3.037,28,esp32_edge_simulator_1,2,scan_A
14:00:53.437,1906.3,gateway,gateway_A,raspberrypi,2,ESP32->RPi,decrypt,120,237,117,1.319,28,esp32_edge_normal_2,0,normal
14:00:53.484,1906.3,gateway,gateway_A,raspberrypi,2,ESP32->RPi,decrypt,121,241,120,1.378,28,esp32_edge_normal_3,0,normal
14:00:58.101,1911.0,gateway,gateway_A,raspberrypi,2,ESP32->RPi,decrypt,100,213,113,1.14,28,esp32_edge_simulator_1,2,scan_A
14:00:58.491,1911.4,gateway,gateway_A,raspberrypi,2,ESP32->RPi,decrypt,121,241,120,4.021,28,esp32_edge_normal_2,0,normal
14:00:58.621,1911.5,gateway,gateway_A,raspberrypi,2,ESP32->RPi,decrypt,114,229,115,2.563,28,esp32_edge_normal_3,0,normal
14:01:02.990,1915.8,gateway,gateway_A,raspberrypi,2,ESP32->RPi,decrypt,119,237,118,3.886,28,esp32_edge_simulator_1,0,normal
14:01:03.439,1916.3,gateway,gateway_A,raspberrypi,2,ESP32->RPi,decrypt,113,229,116,3.828,28,esp32_edge_normal_2,0,normal
14:01:03.495,1916.4,gateway,gateway_A,raspberrypi,2,ESP32->RPi,decrypt,116,233,117,2.625,28,esp32_edge_normal_3,0,normal
14:01:08.002,1920.9,gateway,gateway_A,raspberrypi,2,ESP32->RPi,decrypt,81,185,104,3.084,28,esp32_edge_simulator_1,2,scan_A
14:01:08.440,1921.3,gateway,gateway_A,raspberrypi,2,ESP32->RPi,decrypt,117,233,116,3.968,28,esp32_edge_normal_2,0,normal
14:01:08.480,1921.3,gateway,gateway_A,raspberrypi,2,ESP32->RPi,decrypt,119,237,118,3.758,28,esp32_edge_normal_3,0,normal
14:01:12.916,1925.8,gateway,gateway_A,raspberrypi,2,ESP32->RPi,decrypt,121,241,120,1.468,28,esp32_edge_simulator_1,0,normal
14:01:13.435,1926.3,gateway,gateway_A,raspberrypi,2,ESP32->RPi,decrypt,116,233,117,1.357,28,esp32_edge_normal_2,0,normal
14:01:13.467,1926.3,gateway,gateway_A,raspberrypi,2,ESP32->RPi,decrypt,115,233,118,1.555,28,esp32_edge_normal_3,0,normal
14:01:17.903,1930.8,gateway,gateway_A,raspberrypi,2,ESP32->RPi,decrypt,111,225,114,3.742,28,esp32_edge_simulator_1,1,mqtt_bruteforce
14:01:18.447,1931.3,gateway,gateway_A,raspberrypi,2,ESP32->RPi,decrypt,116,233,117,3.813,28,esp32_edge_normal_2,0,normal
14:01:18.476,1931.3,gateway,gateway_A,raspberrypi,2,ESP32->RPi,decrypt,114,229,115,3.929,28,esp32_edge_normal_3,0,normal
14:01:22.955,1935.8,gateway,gateway_A,raspberrypi,2,ESP32->RPi,decrypt,111,225,114,3.693,28,esp32_edge_simulator_1,1,mqtt_bruteforce
14:01:23.439,1936.3,gateway,gateway_A,raspberrypi,2,ESP32->RPi,decrypt,116,233,117,3.827,28,esp32_edge_normal_2,0,normal
14:01:23.550,1936.4,gateway,gateway_A,raspberrypi,2,ESP32->RPi,decrypt,121,241,120,2.772,28,esp32_edge_normal_3,0,normal
14:01:27.907,1940.8,gateway,gateway_A,raspberrypi,2,ESP32->RPi,decrypt,104,217,113,3.633,28,esp32_edge_simulator_1,2,scan_A
14:01:28.443,1941.3,gateway,gateway_A,raspberrypi,2,ESP32->RPi,decrypt,119,237,118,3.765,28,esp32_edge_normal_2,0,normal
14:01:28.467,1941.3,gateway,gateway_A,raspberrypi,2,ESP32->RPi,decrypt,119,237,118,3.987,28,esp32_edge_normal_3,0,normal
14:01:32.985,1945.8,gateway,gateway_A,raspberrypi,2,ESP32->RPi,decrypt,119,237,118,1.287,28,esp32_edge_simulator_1,0,normal
14:01:33.449,1946.3,gateway,gateway_A,raspberrypi,2,ESP32->RPi,decrypt,118,237,119,1.334,28,esp32_edge_normal_2,0,normal
14:01:33.464,1946.3,gateway,gateway_A,raspberrypi,2,ESP32->RPi,decrypt,120,237,117,1.471,28,esp32_edge_normal_3,0,normal
14:01:34.465,1947.3,gateway,gateway_A,raspberrypi,2,RPi->PC,encrypt,3627,4918,1291,33.722,28,,,
14:01:37.940,1950.8,gateway,gateway_A,raspberrypi,2,ESP32->RPi,decrypt,112,229,117,1.423,28,esp32_edge_simulator_1,1,mqtt_bruteforce
14:01:38.432,1951.3,gateway,gateway_A,raspberrypi,2,ESP32->RPi,decrypt,116,233,117,1.385,28,esp32_edge_normal_2,0,normal
14:01:38.475,1951.3,gateway,gateway_A,raspberrypi,2,ESP32->RPi,decrypt,116,233,117,1.369,28,esp32_edge_normal_3,0,normal
14:01:40.609,1953.5,gateway,gateway_A,raspberrypi,2,PC->RPi,decrypt,3523,4782,1259,70.142,28,,,
14:01:40.673,1953.5,gateway,gateway_A,raspberrypi,2,RPi->ESP32,encrypt,3523,4782,1259,54.588,29,,,
14:01:53.166,1966.0,gateway,gateway_A,raspberrypi,2,ESP32->RPi,decrypt,107,221,114,3.966,29,esp32_edge_simulator_1,2,scan_A
14:01:53.173,1966.0,gateway,gateway_A,raspberrypi,2,ESP32->RPi,decrypt,115,233,118,4.308,29,esp32_edge_normal_3,0,normal
14:01:53.629,1966.5,gateway,gateway_A,raspberrypi,2,ESP32->RPi,decrypt,117,233,116,1.433,29,esp32_edge_normal_2,0,normal
14:01:58.175,1971.0,gateway,gateway_A,raspberrypi,2,ESP32->RPi,decrypt,119,237,118,1.365,29,esp32_edge_simulator_1,0,normal
14:01:58.206,1971.1,gateway,gateway_A,raspberrypi,2,ESP32->RPi,decrypt,120,237,117,4.521,29,esp32_edge_normal_3,0,normal
14:01:58.629,1971.5,gateway,gateway_A,raspberrypi,2,ESP32->RPi,decrypt,121,241,120,4.542,29,esp32_edge_normal_2,0,normal
14:02:03.127,1976.0,gateway,gateway_A,raspberrypi,2,ESP32->RPi,decrypt,108,221,113,1.373,29,esp32_edge_simulator_1,2,scan_A
14:02:03.164,1976.0,gateway,gateway_A,raspberrypi,2,ESP32->RPi,decrypt,107,221,114,1.367,29,esp32_edge_normal_3,0,normal
14:02:03.637,1976.5,gateway,gateway_A,raspberrypi,2,ESP32->RPi,decrypt,115,233,118,1.408,29,esp32_edge_normal_2,0,normal
14:02:08.132,1981.0,gateway,gateway_A,raspberrypi,2,ESP32->RPi,decrypt,123,241,118,4.487,29,esp32_edge_simulator_1,0,normal
14:02:08.186,1981.0,gateway,gateway_A,raspberrypi,2,ESP32->RPi,decrypt,113,229,116,4.372,29,esp32_edge_normal_3,0,normal
14:02:08.624,1981.5,gateway,gateway_A,raspberrypi,2,ESP32->RPi,decrypt,121,241,120,4.289,29,esp32_edge_normal_2,0,normal
14:02:13.122,1986.0,gateway,gateway_A,raspberrypi,2,ESP32->RPi,decrypt,124,245,121,4.539,29,esp32_edge_simulator_1,0,normal
14:02:13.191,1986.0,gateway,gateway_A,raspberrypi,2,ESP32->RPi,decrypt,120,237,117,3.846,29,esp32_edge_normal_3,0,normal
14:02:13.623,1986.5,gateway,gateway_A,raspberrypi,2,ESP32->RPi,decrypt,121,241,120,4.413,29,esp32_edge_normal_2,0,normal
14:02:18.140,1991.0,gateway,gateway_A,raspberrypi,2,ESP32->RPi,decrypt,109,225,116,4.068,29,esp32_edge_simulator_1,1,mqtt_bruteforce
14:02:18.168,1991.0,gateway,gateway_A,raspberrypi,2,ESP32->RPi,decrypt,120,237,117,4.357,29,esp32_edge_normal_3,0,normal
14:02:18.622,1991.5,gateway,gateway_A,raspberrypi,2,ESP32->RPi,decrypt,117,233,116,3.986,29,esp32_edge_normal_2,0,normal
14:02:23.127,1996.0,gateway,gateway_A,raspberrypi,2,ESP32->RPi,decrypt,81,185,104,3.231,29,esp32_edge_simulator_1,2,scan_A
14:02:23.188,1996.0,gateway,gateway_A,raspberrypi,2,ESP32->RPi,decrypt,121,241,120,3.919,29,esp32_edge_normal_3,0,normal
14:02:23.692,1996.6,gateway,gateway_A,raspberrypi,2,ESP32->RPi,decrypt,117,233,116,3.01,29,esp32_edge_normal_2,0,normal
14:02:28.169,2001.0,gateway,gateway_A,raspberrypi,2,ESP32->RPi,decrypt,123,241,118,4.664,29,esp32_edge_simulator_1,0,normal
14:02:28.174,2001.0,gateway,gateway_A,raspberrypi,2,ESP32->RPi,decrypt,120,237,117,4.231,29,esp32_edge_normal_3,0,normal
14:02:28.633,2001.5,gateway,gateway_A,raspberrypi,2,ESP32->RPi,decrypt,113,229,116,4.275,29,esp32_edge_normal_2,0,normal
14:02:33.143,2006.0,gateway,gateway_A,raspberrypi,2,ESP32->RPi,decrypt,81,185,104,1.124,29,esp32_edge_simulator_1,2,scan_A
14:02:33.160,2006.0,gateway,gateway_A,raspberrypi,2,ESP32->RPi,decrypt,114,229,115,1.275,29,esp32_edge_normal_3,0,normal
14:02:33.623,2006.5,gateway,gateway_A,raspberrypi,2,ESP32->RPi,decrypt,120,237,117,1.331,29,esp32_edge_normal_2,0,normal
14:02:34.768,2007.6,gateway,gateway_A,raspberrypi,2,RPi->PC,encrypt,3629,4922,1293,37.412,29,,,
14:02:38.146,2011.0,gateway,gateway_A,raspberrypi,2,ESP32->RPi,decrypt,102,213,111,3.887,29,esp32_edge_simulator_1,2,scan_A
14:02:38.162,2011.0,gateway,gateway_A,raspberrypi,2,ESP32->RPi,decrypt,118,237,119,4.421,29,esp32_edge_normal_3,0,normal
14:02:38.629,2011.5,gateway,gateway_A,raspberrypi,2,ESP32->RPi,decrypt,120,237,117,4.522,29,esp32_edge_normal_2,0,normal
14:02:39.543,2012.4,gateway,gateway_A,raspberrypi,2,PC->RPi,decrypt,3543,4806,1263,68.783,29,,,
14:02:39.583,2012.4,gateway,gateway_A,raspberrypi,2,RPi->ESP32,encrypt,3543,4806,1263,33.416,30,,,
14:02:51.965,2024.8,gateway,gateway_A,raspberrypi,2,ESP32->RPi,decrypt,81,185,104,3.318,30,esp32_edge_simulator_1,2,scan_A
14:02:52.026,2024.9,gateway,gateway_A,raspberrypi,2,ESP32->RPi,decrypt,116,233,117,3.934,30,esp32_edge_normal_2,0,normal
14:02:52.563,2025.4,gateway,gateway_A,raspberrypi,2,ESP32->RPi,decrypt,114,229,115,4.153,30,esp32_edge_normal_3,0,normal
