variant,attempt_id,global_round,gateway_a,gateway_b,accuracy_gateway_A,accuracy_gateway_B,accuracy_skew_abs,loss_gateway_A,loss_gateway_B,loss_skew_abs,gateway_train_skew_sec,accuracy_gateway_fog_leader,accuracy_gateway_fog_peer,loss_gateway_fog_leader,loss_gateway_fog_peer,global_accuracy,global_loss
CNN_ASCON_FOG,2,1,gateway_A,gateway_B,1.0,1.0,0.0,0.5549505949020386,0.2899053990840912,0.2650451958179474,3.0,,,,,1.0,0.422428
CNN_ASCON_FOG,2,2,gateway_A,gateway_B,1.0,1.0,0.0,0.3466468453407287,0.2357370108366012,0.1109098345041275,0.0,,,,,1.0,0.291192
CNN_ASCON_FOG,2,3,gateway_A,gateway_B,1.0,1.0,0.0,0.0318443290889263,0.0393873788416385,0.007543049752712201,5.0,,,,,1.0,0.035616
CNN_ASCON_FOG,2,4,gateway_A,gateway_B,0.800000011920929,0.800000011920929,0.0,0.4928201735019684,0.4581771194934845,0.03464305400848389,2.0,,,,,0.8,0.475499
CNN_ASCON_FOG,2,5,gateway_A,gateway_B,0.7666666507720947,0.800000011920929,0.03333336114883423,0.4080157876014709,0.3734454810619354,0.03457030653953547,1.0,,,,,0.783333,0.390731
CNN_ASCON_FOG,2,6,gateway_A,gateway_B,0.9333333373069764,0.8333333134651184,0.10000002384185802,0.2533549070358276,0.3501715064048767,0.09681659936904913,0.0,,,,,0.883333,0.301763
CNN_ASCON_FOG,2,7,gateway_A,gateway_B,0.9666666388511658,0.9666666388511658,0.0,0.1493038386106491,0.1823448240756988,0.03304098546504969,0.0,,,,,0.966667,0.165824
CNN_ASCON_FOG,2,8,gateway_A,gateway_B,0.8999999761581421,0.8999999761581421,0.0,0.228668674826622,0.2400979697704315,0.011429294943809482,0.0,,,,,0.9,0.234383
CNN_ASCON_FOG,2,9,gateway_A,gateway_B,0.8999999761581421,0.9333333373069764,0.03333336114883434,0.2386022508144378,0.2530836760997772,0.014481425285339411,0.0,,,,,0.916667,0.245843
CNN_ASCON_FOG,2,10,gateway_A,gateway_B,0.9333333373069764,1.0,0.06666666269302357,0.2405099421739578,0.0849475860595703,0.1555623561143875,0.0,,,,,0.966667,0.162729
CNN_ASCON_FOG,2,11,gateway_A,gateway_B,1.0,0.9666666388511658,0.03333336114883423,0.1637241691350937,0.0887994095683097,0.07492475956678399,0.0,,,,,0.983333,0.126262
CNN_ASCON_FOG,2,12,gateway_A,gateway_B,0.8666666746139526,0.9666666388511658,0.09999996423721313,0.2322805821895599,0.1170989722013473,0.11518160998821261,1.0,,,,,0.916667,0.17469
CNN_ASCON_FOG,2,13,gateway_A,gateway_B,0.8999999761581421,0.9666666388511658,0.06666666269302368,0.1959331929683685,0.047110479325056,0.1488227136433125,0.0,,,,,0.933333,0.121522
CNN_ASCON_FOG,2,14,gateway_A,gateway_B,0.9666666388511658,1.0,0.03333336114883423,0.1506733447313308,0.0052225370891392,0.1454508076421916,0.0,,,,,0.983333,0.077948
CNN_ASCON_FOG,2,15,gateway_A,gateway_B,0.8999999761581421,0.9666666388511658,0.06666666269302368,0.1485199481248855,0.0548461750149726,0.0936737731099129,0.0,,,,,0.933333,0.101683
CNN_ASCON_FOG,2,16,gateway_A,gateway_B,1.0,1.0,0.0,0.0387886315584182,0.0605378076434135,0.021749176084995304,0.0,,,,,1.0,0.049663
CNN_ASCON_FOG,2,17,gateway_A,gateway_B,0.9333333373069764,1.0,0.06666666269302357,0.1585970073938369,0.0138353407382965,0.14476166665554038,1.0,,,,,0.966667,0.086216
CNN_ASCON_FOG,2,18,gateway_A,gateway_B,0.9666666388511658,1.0,0.03333336114883423,0.1944890022277832,0.0150822978466749,0.1794067043811083,1.0,,,,,0.983333,0.104786
CNN_ASCON_FOG,2,19,gateway_A,gateway_B,1.0,1.0,0.0,0.0892039164900779,0.0116330198943614,0.0775708965957165,1.0,,,,,1.0,0.050418
CNN_ASCON_FOG,2,20,gateway_A,gateway_B,0.8999999761581421,1.0,0.10000002384185791,0.2426077276468277,0.0132964691147208,0.2293112585321069,1.0,,,,,0.95,0.127952
CNN_ASCON_FOG,3,1,gateway_A,gateway_B,1.0,1.0,0.0,0.3993514776229858,0.2712846100330353,0.1280668675899505,4.0,,,,,1.0,0.335318
CNN_ASCON_FOG,3,2,gateway_A,gateway_B,1.0,1.0,0.0,0.2108054906129837,0.2771733999252319,0.06636790931224817,5.0,,,,,1.0,0.243989
CNN_ASCON_FOG,3,3,gateway_A,gateway_B,0.9666666388511658,1.0,0.03333336114883423,0.154484361410141,0.0568285062909126,0.09765585511922839,5.0,,,,,0.983333,0.105656
CNN_ASCON_FOG,3,4,gateway_A,gateway_B,0.800000011920929,0.8666666746139526,0.06666666269302368,0.4706498384475708,0.496713250875473,0.02606341242790222,0.0,,,,,0.833333,0.483682
CNN_ASCON_FOG,3,5,gateway_A,gateway_B,0.7333333492279053,0.7333333492279053,0.0,0.6056469082832336,0.7343930006027222,0.12874609231948853,0.0,,,,,0.733333,0.67002
CNN_ASCON_FOG,3,6,gateway_A,gateway_B,0.9333333373069764,0.8666666746139526,0.06666666269302379,0.3142556846141815,0.4341257512569427,0.11987006664276117,1.0,,,,,0.9,0.374191
CNN_ASCON_FOG,3,7,gateway_A,gateway_B,0.9666666388511658,0.8999999761581421,0.06666666269302368,0.1770749986171722,0.3630438446998596,0.1859688460826874,1.0,,,,,0.933333,0.270059
CNN_ASCON_FOG,3,8,gateway_A,gateway_B,0.9333333373069764,0.9333333373069764,0.0,0.2251771539449691,0.2240867912769317,0.0010903626680373868,1.0,,,,,0.933333,0.224632
CNN_ASCON_FOG,3,9,gateway_A,gateway_B,0.800000011920929,0.8666666746139526,0.06666666269302368,0.5245373845100403,0.3990098237991333,0.12552756071090698,0.0,,,,,0.833333,0.461774
CNN_ASCON_FOG,3,10,gateway_A,gateway_B,0.9333333373069764,0.8999999761581421,0.03333336114883434,0.2717945873737335,0.3232838213443756,0.05148923397064209,0.0,,,,,0.916667,0.297539
CNN_ASCON_FOG,3,11,gateway_A,gateway_B,0.9333333373069764,0.9333333373069764,0.0,0.1749507784843444,0.1055948957800865,0.0693558827042579,1.0,,,,,0.933333,0.140273
CNN_ASCON_FOG,3,12,gateway_A,gateway_B,0.9666666388511658,0.9333333373069764,0.03333330154418934,0.2313766926527023,0.2602309584617615,0.02885426580905917,0.0,,,,,0.95,0.245804
CNN_ASCON_FOG,3,13,gateway_A,gateway_B,0.9333333373069764,0.8666666746139526,0.06666666269302379,0.1107759475708007,0.3410219550132751,0.2302460074424744,0.0,,,,,0.9,0.225899
CNN_ASCON_FOG,3,14,gateway_A,gateway_B,0.9666666388511658,1.0,0.03333336114883423,0.1246628537774086,0.0649002492427825,0.059762604534626104,0.0,,,,,0.983333,0.094782
CNN_ASCON_FOG,3,15,gateway_A,gateway_B,0.9333333373069764,0.9666666388511658,0.03333330154418934,0.1679073274135589,0.0674155801534652,0.1004917472600937,1.0,,,,,0.95,0.117661
CNN_ASCON_FOG,3,16,gateway_A,gateway_B,0.8666666746139526,0.9333333373069764,0.06666666269302379,0.2530346810817718,0.193536028265953,0.05949865281581879,0.0,,,,,0.9,0.223285
CNN_ASCON_FOG,3,17,gateway_A,gateway_B,1.0,0.9333333373069764,0.06666666269302357,0.0453624911606311,0.1941400915384292,0.1487776003777981,0.0,,,,,0.966667,0.119751
CNN_ASCON_FOG,3,18,gateway_A,gateway_B,1.0,0.9333333373069764,0.06666666269302357,0.0750341713428497,0.2225282341241836,0.1474940627813339,0.0,,,,,0.966667,0.148781
CNN_ASCON_FOG,3,19,gateway_A,gateway_B,0.9666666388511658,0.8999999761581421,0.06666666269302368,0.0837117731571197,0.2222823798656463,0.1385706067085266,1.0,,,,,0.933333,0.152997
CNN_ASCON_FOG,3,20,gateway_A,gateway_B,1.0,0.8999999761581421,0.10000002384185791,0.0415299907326698,0.2399087250232696,0.1983787342905998,6.0,,,,,0.95,0.140719
CNN_ASCON_FOG,4,1,gateway_A,gateway_B,1.0,1.0,0.0,0.3151843249797821,0.2247875034809112,0.0903968214988709,0.0,,,,,1.0,0.269986
CNN_ASCON_FOG,4,2,gateway_A,gateway_B,1.0,1.0,0.0,0.0924166962504386,0.0654814168810844,0.026935279369354206,0.0,,,,,1.0,0.078949
CNN_ASCON_FOG,4,3,gateway_A,gateway_B,1.0,1.0,0.0,0.0154309570789337,0.0127465575933456,0.0026843994855880998,4.0,,,,,1.0,0.014089
CNN_ASCON_FOG,4,4,gateway_A,gateway_B,0.8666666746139526,1.0,0.13333332538604736,0.2056837230920791,0.0052713388577103,0.2004123842343688,5.0,,,,,0.933333,0.105478
CNN_ASCON_FOG,4,5,gateway_A,gateway_B,0.800000011920929,1.0,0.19999998807907104,0.4214311838150024,0.0058633843436837,0.41556779947131867,5.0,,,,,0.9,0.213647
CNN_ASCON_FOG,4,6,gateway_A,gateway_B,0.8666666746139526,1.0,0.13333332538604736,0.3018900454044342,0.0048517785035073,0.2970382669009269,5.0,,,,,0.933333,0.153371
CNN_ASCON_FOG,4,7,gateway_A,gateway_B,0.7666666507720947,1.0,0.23333334922790527,0.4415440857410431,0.0037744781002402,0.4377696076408029,4.0,,,,,0.883333,0.222659
CNN_ASCON_FOG,4,8,gateway_A,gateway_B,0.8333333134651184,1.0,0.1666666865348816,0.3263859152793884,0.0035981684923171,0.32278774678707134,4.0,,,,,0.916667,0.164992
CNN_ASCON_FOG,4,9,gateway_A,gateway_B,0.800000011920929,1.0,0.19999998807907104,0.3321747481822967,0.0019839985761791,0.3301907496061176,5.0,,,,,0.9,0.167079
CNN_ASCON_FOG,4,10,gateway_A,gateway_B,0.7666666507720947,1.0,0.23333334922790527,0.3481329977512359,0.0016067158430814,0.3465262819081545,4.0,,,,,0.883333,0.17487
CNN_ASCON_FOG,4,11,gateway_A,gateway_B,0.7333333492279053,1.0,0.2666666507720947,0.3684224188327789,0.0013755521504208,0.3670468666823581,4.0,,,,,0.866667,0.184899
CNN_ASCON_FOG,4,12,gateway_A,gateway_B,0.699999988079071,1.0,0.30000001192092896,0.4802329242229461,0.0011514939833432,0.4790814302396029,5.0,,,,,0.85,0.240692
CNN_ASCON_FOG,4,13,gateway_A,gateway_B,0.7666666507720947,1.0,0.23333334922790527,0.3631333112716675,0.0011236671125516,0.3620096441591159,4.0,,,,,0.883333,0.182128
CNN_ASCON_FOG,4,14,gateway_A,gateway_B,0.8333333134651184,1.0,0.1666666865348816,0.2740586698055267,0.0009271802264265,0.27313148957910016,5.0,,,,,0.916667,0.137493
CNN_ASCON_FOG,4,15,gateway_A,gateway_B,0.9666666388511658,1.0,0.03333336114883423,0.0976251065731048,0.000739662325941,0.0968854442471638,4.0,,,,,0.983333,0.049182
CNN_ASCON_FOG,4,16,gateway_A,gateway_B,0.9333333373069764,1.0,0.06666666269302357,0.1169954538345336,0.000656347896438,0.1163391059380956,5.0,,,,,0.966667,0.058826
CNN_ASCON_FOG,4,17,gateway_A,gateway_B,0.8999999761581421,1.0,0.10000002384185791,0.1849162727594375,0.0004943270469084,0.1844219457125291,5.0,,,,,0.95,0.092705
CNN_ASCON_FOG,4,18,gateway_A,gateway_B,0.9333333373069764,1.0,0.06666666269302357,0.1194263994693756,0.0004836879670619,0.1189427115023137,5.0,,,,,0.966667,0.059955
CNN_ASCON_FOG,4,19,gateway_A,gateway_B,1.0,1.0,0.0,0.1425040513277053,0.0004867479729,0.1420173033548053,5.0,,,,,1.0,0.071495
CNN_ASCON_FOG,4,20,gateway_A,gateway_B,1.0,1.0,0.0,0.1416170448064804,0.0005586215411312,0.1410584232653492,5.0,,,,,1.0,0.071088
CNN_ASCON_FOG,5,1,gateway_A,gateway_B,1.0,1.0,0.0,0.2150257676839828,0.8445013761520386,0.6294756084680557,5.0,,,,,1.0,0.529764
CNN_ASCON_FOG,5,2,gateway_A,gateway_B,1.0,1.0,0.0,0.1903126090764999,0.3536905944347381,0.1633779853582382,5.0,,,,,1.0,0.272002
CNN_ASCON_FOG,5,3,gateway_A,gateway_B,1.0,1.0,0.0,0.0349318347871303,0.0412004925310611,0.006268657743930803,9.0,,,,,1.0,0.038066
CNN_ASCON_FOG,5,4,gateway_A,gateway_B,0.800000011920929,1.0,0.19999998807907104,0.5080711245536804,0.0093613695353269,0.4987097550183535,9.0,,,,,0.9,0.258716
CNN_ASCON_FOG,5,5,gateway_A,gateway_B,0.8333333134651184,1.0,0.1666666865348816,0.4970498979091644,0.0078900586813688,0.4891598392277956,10.0,,,,,0.916667,0.25247
CNN_ASCON_FOG,5,6,gateway_A,gateway_B,0.9666666388511658,1.0,0.03333336114883423,0.1952326595783233,0.0065317582339048,0.1887009013444185,10.0,,,,,0.983333,0.100882
CNN_ASCON_FOG,5,7,gateway_A,gateway_B,0.8333333134651184,1.0,0.1666666865348816,0.423318862915039,0.0042335581965744,0.4190853047184646,10.0,,,,,0.916667,0.213776
CNN_ASCON_FOG,5,8,gateway_A,gateway_B,0.9666666388511658,1.0,0.03333336114883423,0.1086689755320549,0.002899597864598,0.10576937766745691,10.0,,,,,0.983333,0.055784
CNN_ASCON_FOG,5,9,gateway_A,gateway_B,0.8999999761581421,1.0,0.10000002384185791,0.2783598005771637,0.0017602110747247,0.276599589502439,10.0,,,,,0.95,0.14006
CNN_ASCON_FOG,5,10,gateway_A,gateway_B,0.8999999761581421,1.0,0.10000002384185791,0.1957876682281494,0.001679005799815,0.19410866242833438,12.0,,,,,0.95,0.098733
CNN_ASCON_FOG,5,11,gateway_A,gateway_B,0.9666666388511658,1.0,0.03333336114883423,0.1027899235486984,0.0016529685817658,0.10113695496693259,10.0,,,,,0.983333,0.052221
CNN_ASCON_FOG,5,12,gateway_A,gateway_B,0.9333333373069764,1.0,0.06666666269302357,0.2086030095815658,0.0009923182660713,0.2076106913154945,9.0,,,,,0.966667,0.104798
CNN_ASCON_FOG,5,13,gateway_A,gateway_B,0.8666666746139526,1.0,0.13333332538604736,0.2186983972787857,0.0007867809617891,0.2179116163169966,10.0,,,,,0.933333,0.109743
CNN_ASCON_FOG,5,14,gateway_A,gateway_B,0.9333333373069764,1.0,0.06666666269302357,0.1515277922153473,0.0007154181366786,0.15081237407866868,10.0,,,,,0.966667,0.076122
CNN_ASCON_FOG,5,15,gateway_A,gateway_B,0.8999999761581421,1.0,0.10000002384185791,0.1664703488349914,0.0005436800420284,0.165926668792963,8.0,,,,,0.95,0.083507
CNN_ASCON_FOG,5,16,gateway_A,gateway_B,0.9666666388511658,1.0,0.03333336114883423,0.1377809941768646,0.0006963494815863,0.13708464469527828,5.0,,,,,0.983333,0.069239
CNN_ASCON_FOG,5,17,gateway_A,gateway_B,0.9333333373069764,1.0,0.06666666269302357,0.1388199478387832,0.0006508930819109,0.1381690547568723,5.0,,,,,0.966667,0.069735
CNN_ASCON_FOG,5,18,gateway_A,gateway_B,1.0,1.0,0.0,0.055090669542551,0.0005236934521235,0.0545669760904275,6.0,,,,,1.0,0.027807
CNN_ASCON_FOG,5,19,gateway_A,gateway_B,1.0,1.0,0.0,0.0328894555568695,0.0007230136543512,0.0321664419025183,5.0,,,,,1.0,0.016806
CNN_ASCON_FOG,5,20,gateway_A,gateway_B,1.0,1.0,0.0,0.0490677766501903,0.0003860619617626,0.0486817146884277,5.0,,,,,1.0,0.024727
CNN_ASCON_FOG,6,1,gateway_A,gateway_B,0.6666666865348816,0.8666666746139526,0.19999998807907104,0.7785906195640564,0.7718570828437805,0.006733536720275879,1.0,,,,,0.766667,0.775224
CNN_ASCON_FOG,6,2,gateway_A,gateway_B,0.699999988079071,0.800000011920929,0.10000002384185791,0.8189403414726257,0.7336282134056091,0.0853121280670166,0.0,,,,,0.75,0.776284
CNN_ASCON_FOG,6,3,gateway_A,gateway_B,0.7333333492279053,0.8666666746139526,0.13333332538604736,0.6045657992362976,0.4994255006313324,0.10514029860496521,0.0,,,,,0.8,0.551996
CNN_ASCON_FOG,6,4,gateway_A,gateway_B,0.8333333134651184,0.8666666746139526,0.03333336114883423,0.3697461485862732,0.3195658028125763,0.0501803457736969,0.0,,,,,0.85,0.344656
CNN_ASCON_FOG,6,5,gateway_A,gateway_B,0.7666666507720947,0.9333333373069764,0.1666666865348817,0.4447455108165741,0.3805721998214721,0.06417331099510198,0.0,,,,,0.85,0.412659
CNN_ASCON_FOG,6,6,gateway_A,gateway_B,0.8666666746139526,0.9333333373069764,0.06666666269302379,0.3005591034889221,0.1917078644037246,0.10885123908519753,1.0,,,,,0.9,0.246133
CNN_ASCON_FOG,6,7,gateway_A,gateway_B,0.9333333373069764,0.8666666746139526,0.06666666269302379,0.3160616755485534,0.2790211737155914,0.037040501832962036,0.0,,,,,0.9,0.297541
CNN_ASCON_FOG,6,8,gateway_A,gateway_B,0.8999999761581421,0.9333333373069764,0.03333336114883434,0.2506352066993713,0.1730426400899887,0.07759256660938257,0.0,,,,,0.916667,0.211839
CNN_ASCON_FOG,6,9,gateway_A,gateway_B,0.9333333373069764,0.9666666388511658,0.03333330154418934,0.1679144501686096,0.1386212408542633,0.029293209314346286,0.0,,,,,0.95,0.153268
CNN_ASCON_FOG,6,10,gateway_A,gateway_B,0.9666666388511658,0.800000011920929,0.16666662693023682,0.1670842468738556,0.4100343585014343,0.24295011162757874,0.0,,,,,0.883333,0.288559
CNN_ASCON_FOG,6,11,gateway_A,gateway_B,0.8666666746139526,0.8999999761581421,0.03333330154418945,0.2501606047153473,0.2239634543657302,0.026197150349617088,1.0,,,,,0.883333,0.237062
CNN_ASCON_FOG,6,12,gateway_A,gateway_B,0.9666666388511658,0.9666666388511658,0.0,0.1308925300836563,0.1070422157645225,0.023850314319133814,1.0,,,,,0.966667,0.118967
CNN_ASCON_FOG,6,13,gateway_A,gateway_B,0.9666666388511658,0.9333333373069764,0.03333330154418934,0.102720983326435,0.1676962226629257,0.06497523933649069,0.0,,,,,0.95,0.135209
CNN_ASCON_FOG,6,14,gateway_A,gateway_B,0.9666666388511658,1.0,0.03333336114883423,0.2098547369241714,0.0767272487282753,0.1331274881958961,1.0,,,,,0.983333,0.143291
CNN_ASCON_FOG,6,15,gateway_A,gateway_B,0.9333333373069764,0.6333333253860474,0.30000001192092907,0.1311252266168594,0.7722305059432983,0.6411052793264389,0.0,,,,,0.783333,0.451678
CNN_ASCON_FOG,6,16,gateway_A,gateway_B,0.8666666746139526,0.9333333373069764,0.06666666269302379,0.1941836029291153,0.197634220123291,0.0034506171941756925,1.0,,,,,0.9,0.195909
CNN_ASCON_FOG,6,17,gateway_A,gateway_B,0.8999999761581421,0.9666666388511658,0.06666666269302368,0.2349415719509124,0.1153754070401191,0.11956616491079329,0.0,,,,,0.933333,0.175158
CNN_ASCON_FOG,6,18,gateway_A,gateway_B,1.0,0.8666666746139526,0.13333332538604736,0.1029457375407219,0.2037797421216964,0.1008340045809745,0.0,,,,,0.933333,0.153363
CNN_ASCON_FOG,6,19,gateway_A,gateway_B,0.8666666746139526,0.9666666388511658,0.09999996423721313,0.1704151183366775,0.0984177589416503,0.0719973593950272,1.0,,,,,0.916667,0.134416
CNN_ASCON_FOG,6,20,gateway_A,gateway_B,0.9666666388511658,0.9333333373069764,0.03333330154418934,0.1146145015954971,0.1865420192480087,0.0719275176525116,0.0,,,,,0.95,0.150578
CNN_ASCON_FOG,7,1,gateway_A,gateway_B,0.699999988079071,0.8999999761581421,0.19999998807907104,0.7234936952590942,0.7614228129386902,0.03792911767959595,1.0,,,,,0.8,0.742458
CNN_ASCON_FOG,7,2,gateway_A,gateway_B,0.8999999761581421,0.8333333134651184,0.06666666269302368,0.6312021613121033,0.5994794368743896,0.03172272443771362,0.0,,,,,0.866667,0.615341
CNN_ASCON_FOG,7,3,gateway_A,gateway_B,0.9333333373069764,0.6666666865348816,0.26666665077209484,0.365104079246521,0.6517218351364136,0.2866177558898926,0.0,,,,,0.8,0.508413
CNN_ASCON_FOG,7,4,gateway_A,gateway_B,0.7333333492279053,0.8666666746139526,0.13333332538604736,0.5212261080741882,0.5441442728042603,0.02291816473007202,0.0,,,,,0.8,0.532685
CNN_ASCON_FOG,7,5,gateway_A,gateway_B,0.8666666746139526,0.8666666746139526,0.0,0.4716264307498932,0.4766682386398315,0.005041807889938299,0.0,,,,,0.866667,0.474147
CNN_ASCON_FOG,7,6,gateway_A,gateway_B,0.8333333134651184,0.8999999761581421,0.06666666269302368,0.3563332855701446,0.3664324879646301,0.01009920239448553,0.0,,,,,0.866667,0.361383
CNN_ASCON_FOG,7,7,gateway_A,gateway_B,0.9666666388511658,0.9666666388511658,0.0,0.2620229423046112,0.2809634506702423,0.018940508365631104,1.0,,,,,0.966667,0.271493
CNN_ASCON_FOG,7,8,gateway_A,gateway_B,0.9333333373069764,0.8999999761581421,0.03333336114883434,0.2233059406280517,0.3139319121837616,0.0906259715557099,0.0,,,,,0.916667,0.268619
CNN_ASCON_FOG,7,9,gateway_A,gateway_B,1.0,0.8666666746139526,0.13333332538604736,0.0726215317845344,0.2642103731632232,0.1915888413786888,0.0,,,,,0.933333,0.168416
CNN_ASCON_FOG,7,10,gateway_A,gateway_B,1.0,0.8999999761581421,0.10000002384185791,0.1109479591250419,0.2754526734352112,0.16450471431016928,1.0,,,,,0.95,0.1932
CNN_ASCON_FOG,7,11,gateway_A,gateway_B,0.9666666388511658,0.9666666388511658,0.0,0.1479078829288482,0.202505812048912,0.05459792912006378,0.0,,,,,0.966667,0.175207
CNN_ASCON_FOG,7,12,gateway_A,gateway_B,1.0,0.8999999761581421,0.10000002384185791,0.0650764852762222,0.2605984508991241,0.1955219656229019,0.0,,,,,0.95,0.162837
CNN_ASCON_FOG,7,13,gateway_A,gateway_B,1.0,1.0,0.0,0.0415520444512367,0.1128598973155021,0.0713078528642654,0.0,,,,,1.0,0.077206
CNN_ASCON_FOG,7,14,gateway_A,gateway_B,0.9666666388511658,0.9333333373069764,0.03333330154418934,0.1556182205677032,0.1696444451808929,0.014026224613189697,1.0,,,,,0.95,0.162631
CNN_ASCON_FOG,7,15,gateway_A,gateway_B,1.0,0.7666666507720947,0.23333334922790527,0.0682657435536384,0.5035417079925537,0.4352759644389153,0.0,,,,,0.883333,0.285904
CNN_ASCON_FOG,7,16,gateway_A,gateway_B,0.8666666746139526,0.9333333373069764,0.06666666269302379,0.1852273941040039,0.1305444091558456,0.05468298494815832,0.0,,,,,0.9,0.157886
CNN_ASCON_FOG,7,17,gateway_A,gateway_B,1.0,0.9666666388511658,0.03333336114883423,0.0171346757560968,0.1319814771413803,0.11484680138528351,0.0,,,,,0.983333,0.074558
CNN_ASCON_FOG,7,18,gateway_A,gateway_B,0.9333333373069764,1.0,0.06666666269302357,0.1078143194317817,0.0799648091197013,0.027849510312080397,0.0,,,,,0.966667,0.09389
CNN_ASCON_FOG,7,19,gateway_A,gateway_B,0.9666666388511658,1.0,0.03333336114883423,0.0633999034762382,0.0431024692952632,0.020297434180974995,1.0,,,,,0.983333,0.053251
CNN_ASCON_FOG,7,20,gateway_A,gateway_B,1.0,1.0,0.0,0.0342730470001697,0.0278268530964851,0.006446193903684599,1.0,,,,,1.0,0.03105
CNN_ASCON_NoFOG,1,1,gateway_A,gateway_B,0.699999988079071,0.9666666388511658,0.2666666507720947,0.6839560270309448,0.436668336391449,0.24728769063949585,23.0,,,,,0.833333,0.560312
CNN_ASCON_NoFOG,1,2,gateway_A,gateway_B,0.800000011920929,1.0,0.19999998807907104,0.4973050653934479,0.1724310368299484,0.32487402856349945,39.0,,,,,0.9,0.334868
CNN_ASCON_NoFOG,1,3,gateway_A,gateway_B,0.8999999761581421,1.0,0.10000002384185791,0.4162375330924988,0.056517731398344,0.3597198016941548,40.0,,,,,0.95,0.236378
CNN_ASCON_NoFOG,1,4,gateway_A,gateway_B,0.8333333134651184,1.0,0.1666666865348816,0.4603959321975708,0.0290274731814861,0.4313684590160847,40.0,,,,,0.916667,0.244712
CNN_ASCON_NoFOG,1,5,gateway_A,gateway_B,0.8999999761581421,1.0,0.10000002384185791,0.2971560359001159,0.0345561429858207,0.2625998929142952,40.0,,,,,0.95,0.165856
CNN_ASCON_NoFOG,1,6,gateway_A,gateway_B,0.8666666746139526,1.0,0.13333332538604736,0.2403884381055832,0.0131603041663765,0.22722813393920668,40.0,,,,,0.933333,0.126774
CNN_ASCON_NoFOG,1,7,gateway_A,gateway_B,0.8999999761581421,1.0,0.10000002384185791,0.2747125029563904,0.0074264765717089,0.26728602638468146,40.0,,,,,0.95,0.141069
CNN_ASCON_NoFOG,1,8,gateway_A,gateway_B,0.9666666388511658,1.0,0.03333336114883423,0.1362278908491134,0.0077791940420866,0.1284486968070268,40.0,,,,,0.983333,0.072004
CNN_ASCON_NoFOG,1,9,gateway_A,gateway_B,0.9666666388511658,1.0,0.03333336114883423,0.1230603158473968,0.0024847318418323,0.12057558400556449,40.0,,,,,0.983333,0.062773
CNN_ASCON_NoFOG,1,10,gateway_A,gateway_B,0.9333333373069764,1.0,0.06666666269302357,0.1902010291814804,0.0031274037901312,0.1870736253913492,40.0,,,,,0.966667,0.096664
CNN_ASCON_NoFOG,1,11,gateway_A,gateway_B,0.8999999761581421,1.0,0.10000002384185791,0.165935069322586,0.0015823176363483,0.1643527516862377,40.0,,,,,0.95,0.083759
CNN_ASCON_NoFOG,1,12,gateway_A,gateway_B,0.9666666388511658,1.0,0.03333336114883423,0.1371559649705886,0.0022097832988947,0.1349461816716939,40.0,,,,,0.983333,0.069683
CNN_ASCON_NoFOG,1,13,gateway_A,gateway_B,0.8333333134651184,1.0,0.1666666865348816,0.3550280332565307,0.0018591547850519,0.3531688784714788,41.0,,,,,0.916667,0.178444
CNN_ASCON_NoFOG,1,14,gateway_A,gateway_B,0.9333333373069764,1.0,0.06666666269302357,0.2001921087503433,0.0025809451472014,0.1976111636031419,40.0,,,,,0.966667,0.101387
CNN_ASCON_NoFOG,1,15,gateway_A,gateway_B,1.0,1.0,0.0,0.0917788222432136,0.0009671758161857,0.0908116464270279,40.0,,,,,1.0,0.046373
CNN_ASCON_NoFOG,1,16,gateway_A,gateway_B,0.8666666746139526,1.0,0.13333332538604736,0.4211761355400085,0.0020617032423615,0.419114432297647,41.0,,,,,0.933333,0.211619
CNN_ASCON_NoFOG,1,17,gateway_A,gateway_B,1.0,1.0,0.0,0.1176815927028656,0.0011282836785539,0.1165533090243117,41.0,,,,,1.0,0.059405
CNN_ASCON_NoFOG,1,18,gateway_A,gateway_B,0.9333333373069764,1.0,0.06666666269302357,0.2177994847297668,0.0008448747103102,0.2169546100194566,41.0,,,,,0.966667,0.109322
CNN_ASCON_NoFOG,1,19,gateway_A,gateway_B,0.8666666746139526,1.0,0.13333332538604736,0.210392415523529,0.0006385996821336,0.2097538158413954,41.0,,,,,0.933333,0.105516
CNN_ASCON_NoFOG,1,20,gateway_A,gateway_B,0.9666666388511658,1.0,0.03333336114883423,0.1235729083418846,0.0005905439611524,0.12298236438073219,41.0,,,,,0.983333,0.062082
CNN_ASCON_NoFOG,2,1,gateway_A,gateway_B,0.9666666388511658,0.9666666388511658,0.0,0.4250422120094299,0.443373292684555,0.018331080675125122,1.0,,,,,0.966667,0.434208
CNN_ASCON_NoFOG,2,2,gateway_A,gateway_B,1.0,1.0,0.0,0.1429284363985061,0.142811045050621,0.00011739134788510408,2.0,,,,,1.0,0.14287
CNN_ASCON_NoFOG,2,3,gateway_A,gateway_B,1.0,1.0,0.0,0.0452899858355522,0.0372567996382713,0.008033186197280905,4.0,,,,,1.0,0.041273
CNN_ASCON_NoFOG,2,4,gateway_A,gateway_B,0.7666666507720947,0.9666666388511658,0.19999998807907104,0.7180111408233643,0.1684903353452682,0.549520805478096,0.0,,,,,0.866667,0.443251
CNN_ASCON_NoFOG,2,5,gateway_A,gateway_B,0.8666666746139526,0.7666666507720947,0.10000002384185791,0.2432238161563873,0.8265332579612732,0.5833094418048859,0.0,,,,,0.816667,0.534879
CNN_ASCON_NoFOG,2,6,gateway_A,gateway_B,0.8666666746139526,0.8666666746139526,0.0,0.2135521620512008,0.3698425590991974,0.15629039704799658,0.0,,,,,0.866667,0.291697
CNN_ASCON_NoFOG,2,7,gateway_A,gateway_B,0.9333333373069764,0.8666666746139526,0.06666666269302379,0.173817828297615,0.3594682812690735,0.1856504529714585,1.0,,,,,0.9,0.266643
CNN_ASCON_NoFOG,2,8,gateway_A,gateway_B,1.0,0.9333333373069764,0.06666666269302357,0.0970115512609481,0.2061484903097152,0.10913693904876709,0.0,,,,,0.966667,0.15158
CNN_ASCON_NoFOG,2,9,gateway_A,gateway_B,0.9333333373069764,0.9666666388511658,0.03333330154418934,0.1697620451450348,0.2205085158348083,0.050746470689773504,1.0,,,,,0.95,0.195135
CNN_ASCON_NoFOG,2,10,gateway_A,gateway_B,1.0,0.8999999761581421,0.10000002384185791,0.088609866797924,0.2084479629993438,0.11983809620141979,1.0,,,,,0.95,0.148529
CNN_ASCON_NoFOG,2,11,gateway_A,gateway_B,0.9666666388511658,0.9666666388511658,0.0,0.1333213299512863,0.1324184089899063,0.0009029209613799771,0.0,,,,,0.966667,0.13287
CNN_ASCON_NoFOG,2,12,gateway_A,gateway_B,0.9666666388511658,0.9666666388511658,0.0,0.1420739442110061,0.1227538287639617,0.019320115447044414,1.0,,,,,0.966667,0.132414
CNN_ASCON_NoFOG,2,13,gateway_A,gateway_B,0.9333333373069764,0.9333333373069764,0.0,0.1736121177673339,0.2075135409832,0.03390142321586609,0.0,,,,,0.933333,0.190563
CNN_ASCON_NoFOG,2,14,gateway_A,gateway_B,0.9333333373069764,1.0,0.06666666269302357,0.1538712382316589,0.0579425767064094,0.09592866152524951,0.0,,,,,0.966667,0.105907
CNN_ASCON_NoFOG,2,15,gateway_A,gateway_B,0.8999999761581421,1.0,0.10000002384185791,0.2682458758354187,0.0491309352219104,0.2191149406135083,0.0,,,,,0.95,0.158688
CNN_ASCON_NoFOG,2,16,gateway_A,gateway_B,0.9333333373069764,1.0,0.06666666269302357,0.0990809202194213,0.0271717030555009,0.0719092171639204,1.0,,,,,0.966667,0.063126
CNN_ASCON_NoFOG,2,17,gateway_A,gateway_B,0.9666666388511658,0.9333333373069764,0.03333330154418934,0.0884994193911552,0.1982370018959045,0.10973758250474931,0.0,,,,,0.95,0.143368
CNN_ASCON_NoFOG,2,18,gateway_A,gateway_B,0.9666666388511658,0.9333333373069764,0.03333330154418934,0.0722986236214637,0.1380485594272613,0.06574993580579759,1.0,,,,,0.95,0.105174
CNN_ASCON_NoFOG,2,19,gateway_A,gateway_B,0.9666666388511658,0.9666666388511658,0.0,0.0900595411658287,0.1119313091039657,0.021871767938137,1.0,,,,,0.966667,0.100995
CNN_ASCON_NoFOG,2,20,gateway_A,gateway_B,0.9666666388511658,1.0,0.03333336114883423,0.0588925257325172,0.0101945903152227,0.0486979354172945,0.0,,,,,0.983333,0.034544
CNN_ASCON_NoFOG,3,1,gateway_A,gateway_B,1.0,0.9333333373069764,0.06666666269302357,0.5177375674247742,0.5216931104660034,0.003955543041229248,1.0,,,,,0.966667,0.519715
CNN_ASCON_NoFOG,3,2,gateway_A,gateway_B,1.0,1.0,0.0,0.1623006910085678,0.1540861278772354,0.008214563131332397,0.0,,,,,1.0,0.158193
CNN_ASCON_NoFOG,3,3,gateway_A,gateway_B,1.0,1.0,0.0,0.0385454185307025,0.0316906496882438,0.006854768842458704,0.0,,,,,1.0,0.035118
CNN_ASCON_NoFOG,3,4,gateway_A,gateway_B,0.8333333134651184,0.7666666507720947,0.06666666269302368,0.5567048192024231,0.8567329049110413,0.30002808570861816,0.0,,,,,0.8,0.706719
CNN_ASCON_NoFOG,3,5,gateway_A,gateway_B,1.0,0.7333333492279053,0.2666666507720947,0.0758110135793685,0.5909582376480103,0.5151472240686418,3.0,,,,,0.866667,0.333385
CNN_ASCON_NoFOG,3,6,gateway_A,gateway_B,0.8333333134651184,0.8999999761581421,0.06666666269302368,0.355049192905426,0.4330705404281616,0.0780213475227356,1.0,,,,,0.866667,0.39406
CNN_ASCON_NoFOG,3,7,gateway_A,gateway_B,0.8999999761581421,0.8999999761581421,0.0,0.3406810164451599,0.3306837677955627,0.009997248649597223,0.0,,,,,0.9,0.335682
CNN_ASCON_NoFOG,3,8,gateway_A,gateway_B,1.0,0.9666666388511658,0.03333336114883423,0.1027814522385597,0.1502363532781601,0.0474549010396004,0.0,,,,,0.983333,0.126509
CNN_ASCON_NoFOG,3,9,gateway_A,gateway_B,0.9666666388511658,0.9666666388511658,0.0,0.0822564214468002,0.0963014140725135,0.014044992625713293,1.0,,,,,0.966667,0.089279
CNN_ASCON_NoFOG,3,10,gateway_A,gateway_B,1.0,0.9666666388511658,0.03333336114883423,0.0617611557245254,0.0926777645945549,0.030916608870029498,1.0,,,,,0.983333,0.077219
CNN_ASCON_NoFOG,3,11,gateway_A,gateway_B,0.9666666388511658,1.0,0.03333336114883423,0.1151727586984634,0.0253770612180233,0.0897956974804401,1.0,,,,,0.983333,0.070275
CNN_ASCON_NoFOG,3,12,gateway_A,gateway_B,1.0,1.0,0.0,0.0289584435522556,0.0657475218176841,0.0367890782654285,0.0,,,,,1.0,0.047353
CNN_ASCON_NoFOG,3,13,gateway_A,gateway_B,0.9666666388511658,0.8999999761581421,0.06666666269302368,0.1157420426607132,0.2016012519598007,0.0858592092990875,1.0,,,,,0.933333,0.158672
CNN_ASCON_NoFOG,3,14,gateway_A,gateway_B,0.9333333373069764,0.9333333373069764,0.0,0.1458341777324676,0.1422883421182632,0.0035458356142044067,0.0,,,,,0.933333,0.144061
CNN_ASCON_NoFOG,3,15,gateway_A,gateway_B,1.0,0.9666666388511658,0.03333336114883423,0.0346375070512294,0.1771459430456161,0.1425084359943867,0.0,,,,,0.983333,0.105892
CNN_ASCON_NoFOG,3,16,gateway_A,gateway_B,1.0,1.0,0.0,0.0414966866374015,0.0500579513609409,0.008561264723539401,0.0,,,,,1.0,0.045777
CNN_ASCON_NoFOG,3,17,gateway_A,gateway_B,0.9666666388511658,1.0,0.03333336114883423,0.0988697782158851,0.0566379465162754,0.04223183169960971,0.0,,,,,0.983333,0.077754
CNN_ASCON_NoFOG,3,18,gateway_A,gateway_B,1.0,0.8999999761581421,0.10000002384185791,0.0909894332289695,0.1631024479866027,0.0721130147576332,1.0,,,,,0.95,0.127046
CNN_ASCON_NoFOG,3,19,gateway_A,gateway_B,0.9666666388511658,0.9666666388511658,0.0,0.0497773140668869,0.0605783499777317,0.010801035910844796,0.0,,,,,0.966667,0.055178
CNN_ASCON_NoFOG,3,20,gateway_A,gateway_B,0.9333333373069764,0.9666666388511658,0.03333330154418934,0.1104176789522171,0.1321020126342773,0.021684333682060186,0.0,,,,,0.95,0.12126
CNN_ASCON_NoFOG,4,1,gateway_A,gateway_B,0.8999999761581421,0.800000011920929,0.09999996423721313,0.533106803894043,0.5182562470436096,0.01485055685043335,1.0,,,,,0.85,0.525682
CNN_ASCON_NoFOG,4,2,gateway_A,gateway_B,1.0,1.0,0.0,0.1427559405565261,0.1398036330938339,0.0029523074626922052,1.0,,,,,1.0,0.14128
CNN_ASCON_NoFOG,4,3,gateway_A,gateway_B,1.0,1.0,0.0,0.0416348502039909,0.0545182712376117,0.0128834210336208,1.0,,,,,1.0,0.048077
CNN_ASCON_NoFOG,4,4,gateway_A,gateway_B,0.8666666746139526,1.0,0.13333332538604736,0.2591189742088318,0.0159868616610765,0.2431321125477553,5.0,,,,,0.933333,0.137553
CNN_ASCON_NoFOG,4,5,gateway_A,gateway_B,0.8333333134651184,1.0,0.1666666865348816,0.4078203439712524,0.0142717007547616,0.3935486432164908,5.0,,,,,0.916667,0.211046
CNN_ASCON_NoFOG,4,6,gateway_A,gateway_B,0.9333333373069764,1.0,0.06666666269302357,0.1713007539510727,0.0123457191511988,0.15895503479987388,6.0,,,,,0.966667,0.091823
CNN_ASCON_NoFOG,4,7,gateway_A,gateway_B,0.8999999761581421,1.0,0.10000002384185791,0.2442281395196914,0.0088907498866319,0.2353373896330595,5.0,,,,,0.95,0.126559
CNN_ASCON_NoFOG,4,8,gateway_A,gateway_B,0.9666666388511658,1.0,0.03333336114883423,0.1256459355354309,0.0091559560969471,0.11648997943848381,5.0,,,,,0.983333,0.067401
CNN_ASCON_NoFOG,4,9,gateway_A,gateway_B,1.0,1.0,0.0,0.1332901567220688,0.0059945667162537,0.12729559000581508,5.0,,,,,1.0,0.069642
CNN_ASCON_NoFOG,4,10,gateway_A,gateway_B,0.8666666746139526,1.0,0.13333332538604736,0.2680516839027405,0.0061729862354695,0.26187869766727095,6.0,,,,,0.933333,0.137112
CNN_ASCON_NoFOG,4,11,gateway_A,gateway_B,1.0,1.0,0.0,0.079557292163372,0.0146589986979961,0.0648982934653759,5.0,,,,,1.0,0.047108
CNN_ASCON_NoFOG,4,12,gateway_A,gateway_B,0.9666666388511658,1.0,0.03333336114883423,0.0810200795531272,0.0019437142182141,0.0790763653349131,5.0,,,,,0.983333,0.041482
CNN_ASCON_NoFOG,4,13,gateway_A,gateway_B,1.0,1.0,0.0,0.0365073792636394,0.0027522062882781,0.0337551729753613,5.0,,,,,1.0,0.01963
CNN_ASCON_NoFOG,4,14,gateway_A,gateway_B,0.9333333373069764,1.0,0.06666666269302357,0.1236680671572685,0.0011746406089514,0.1224934265483171,6.0,,,,,0.966667,0.062421
CNN_ASCON_NoFOG,4,15,gateway_A,gateway_B,0.9666666388511658,1.0,0.03333336114883423,0.1270096451044082,0.0013055955059826,0.1257040495984256,5.0,,,,,0.983333,0.064158
CNN_ASCON_NoFOG,4,16,gateway_A,gateway_B,0.9666666388511658,1.0,0.03333336114883423,0.1131339147686958,0.0009109038510359,0.1122230109176599,5.0,,,,,0.983333,0.057022
CNN_ASCON_NoFOG,4,17,gateway_A,gateway_B,0.9666666388511658,1.0,0.03333336114883423,0.1027659848332405,0.0018180427141487,0.10094794211909179,5.0,,,,,0.983333,0.052292
CNN_ASCON_NoFOG,4,18,gateway_A,gateway_B,0.9333333373069764,1.0,0.06666666269302357,0.1118469908833503,0.0007309659267775,0.1111160249565728,5.0,,,,,0.966667,0.056289
CNN_ASCON_NoFOG,4,19,gateway_A,gateway_B,1.0,1.0,0.0,0.0265829004347324,0.000869751907885,0.025713148526847397,5.0,,,,,1.0,0.013726
CNN_ASCON_NoFOG,4,20,gateway_A,gateway_B,1.0,1.0,0.0,0.0676632449030876,0.000941491976846,0.0667217529262416,5.0,,,,,1.0,0.034302
CNN_ASCON_NoFOG,5,1,gateway_A,gateway_B,0.9666666388511658,0.8666666746139526,0.09999996423721313,0.4903380572795868,0.5691150426864624,0.07877698540687561,1.0,,,,,0.916667,0.529727
CNN_ASCON_NoFOG,5,2,gateway_A,gateway_B,0.9666666388511658,1.0,0.03333336114883423,0.1592817455530166,0.127460777759552,0.031820967793464605,0.0,,,,,0.983333,0.143371
CNN_ASCON_NoFOG,5,3,gateway_A,gateway_B,1.0,1.0,0.0,0.0506333075463771,0.0393145680427551,0.011318739503622,4.0,,,,,1.0,0.044974
CNN_ASCON_NoFOG,5,4,gateway_A,gateway_B,0.8333333134651184,1.0,0.1666666865348816,0.3615860641002655,0.0152983525767922,0.3462877115234733,6.0,,,,,0.916667,0.188442
CNN_ASCON_NoFOG,5,5,gateway_A,gateway_B,0.8333333134651184,1.0,0.1666666865348816,0.5019168257713318,0.0117333652451634,0.4901834605261684,5.0,,,,,0.916667,0.256825
CNN_ASCON_NoFOG,5,6,gateway_A,gateway_B,0.9333333373069764,1.0,0.06666666269302357,0.202984407544136,0.0223349835723638,0.1806494239717722,5.0,,,,,0.966667,0.11266
CNN_ASCON_NoFOG,5,7,gateway_A,gateway_B,0.8666666746139526,1.0,0.13333332538604736,0.3070220649242401,0.0092459069564938,0.2977761579677463,6.0,,,,,0.933333,0.158134
CNN_ASCON_NoFOG,5,8,gateway_A,gateway_B,0.9333333373069764,1.0,0.06666666269302357,0.2477809637784958,0.0079384548589587,0.2398425089195371,6.0,,,,,0.966667,0.12786
CNN_ASCON_NoFOG,5,9,gateway_A,gateway_B,0.8999999761581421,1.0,0.10000002384185791,0.214101567864418,0.007828208617866,0.206273359246552,4.0,,,,,0.95,0.110965
CNN_ASCON_NoFOG,5,10,gateway_A,gateway_B,1.0,1.0,0.0,0.08687324821949,0.0054790424183011,0.08139420580118889,5.0,,,,,1.0,0.046176
CNN_ASCON_NoFOG,5,11,gateway_A,gateway_B,0.9333333373069764,1.0,0.06666666269302357,0.153130754828453,0.0031919605098664,0.14993879431858662,5.0,,,,,0.966667,0.078161
CNN_ASCON_NoFOG,5,12,gateway_A,gateway_B,0.9333333373069764,1.0,0.06666666269302357,0.2547264993190765,0.0030089521314948,0.25171754718758166,5.0,,,,,0.966667,0.128868
CNN_ASCON_NoFOG,5,13,gateway_A,gateway_B,1.0,1.0,0.0,0.1049134880304336,0.0037756084930151,0.1011378795374185,5.0,,,,,1.0,0.054345
CNN_ASCON_NoFOG,5,14,gateway_A,gateway_B,0.9333333373069764,1.0,0.06666666269302357,0.1899858862161636,0.0013655351940542,0.18862035102210942,5.0,,,,,0.966667,0.095676
CNN_ASCON_NoFOG,5,15,gateway_A,gateway_B,0.9666666388511658,1.0,0.03333336114883423,0.1220716163516044,0.0017200099537149,0.12035160639788951,5.0,,,,,0.983333,0.061896
CNN_ASCON_NoFOG,5,16,gateway_A,gateway_B,0.9666666388511658,1.0,0.03333336114883423,0.117925651371479,0.0014491070760414,0.1164765442954376,5.0,,,,,0.983333,0.059687
CNN_ASCON_NoFOG,5,17,gateway_A,gateway_B,1.0,1.0,0.0,0.0336960889399051,0.0015487377531826,0.032147351186722496,6.0,,,,,1.0,0.017622
CNN_ASCON_NoFOG,5,18,gateway_A,gateway_B,1.0,1.0,0.0,0.0522723980247974,0.0006346486625261,0.0516377493622713,5.0,,,,,1.0,0.026454
CNN_ASCON_NoFOG,5,19,gateway_A,gateway_B,0.9333333373069764,1.0,0.06666666269302357,0.1480336934328079,0.0007885721861384,0.1472451212466695,5.0,,,,,0.966667,0.074411
CNN_ASCON_NoFOG,5,20,gateway_A,gateway_B,0.9666666388511658,1.0,0.03333336114883423,0.049609612673521,0.0006831164937466,0.048926496179774404,6.0,,,,,0.983333,0.025146
CNN_ASCON_NoFOG,6,1,gateway_A,gateway_B,0.9333333373069764,0.9333333373069764,0.0,0.4733618497848511,0.4325353503227234,0.040826499462127686,1.0,,,,,0.933333,0.452949
CNN_ASCON_NoFOG,6,2,gateway_A,gateway_B,1.0,1.0,0.0,0.1572828739881515,0.1380516439676284,0.0192312300205231,1.0,,,,,1.0,0.147667
CNN_ASCON_NoFOG,6,3,gateway_A,gateway_B,1.0,1.0,0.0,0.0535149797797203,0.0424953699111938,0.0110196098685265,5.0,,,,,1.0,0.048005
CNN_ASCON_NoFOG,6,4,gateway_A,gateway_B,0.800000011920929,1.0,0.19999998807907104,0.5524110794067383,0.014239446260035,0.5381716331467032,5.0,,,,,0.9,0.283325
CNN_ASCON_NoFOG,6,5,gateway_A,gateway_B,0.8666666746139526,1.0,0.13333332538604736,0.3262057900428772,0.0176804829388856,0.3085253071039916,6.0,,,,,0.933333,0.171943
CNN_ASCON_NoFOG,6,6,gateway_A,gateway_B,0.9333333373069764,1.0,0.06666666269302357,0.1367082297801971,0.0165207218378782,0.12018750794231889,6.0,,,,,0.966667,0.076614
CNN_ASCON_NoFOG,6,7,gateway_A,gateway_B,0.9333333373069764,1.0,0.06666666269302357,0.1750555634498596,0.0095715457573533,0.16548401769250629,6.0,,,,,0.966667,0.092314
CNN_ASCON_NoFOG,6,8,gateway_A,gateway_B,0.9333333373069764,1.0,0.06666666269302357,0.1536304205656051,0.0047921994701027,0.1488382210955024,6.0,,,,,0.966667,0.079211
CNN_ASCON_NoFOG,6,9,gateway_A,gateway_B,0.9333333373069764,1.0,0.06666666269302357,0.2011680603027343,0.0045610102824866,0.1966070500202477,4.0,,,,,0.966667,0.102865
CNN_ASCON_NoFOG,6,10,gateway_A,gateway_B,0.8333333134651184,1.0,0.1666666865348816,0.2975507974624634,0.0034138911869376,0.2941369062755258,5.0,,,,,0.916667,0.150482
CNN_ASCON_NoFOG,6,11,gateway_A,gateway_B,0.8666666746139526,1.0,0.13333332538604736,0.479983389377594,0.0042541483417153,0.4757292410358787,5.0,,,,,0.933333,0.242119
CNN_ASCON_NoFOG,6,12,gateway_A,gateway_B,0.9333333373069764,1.0,0.06666666269302357,0.2603136897087097,0.0177119001746177,0.242601789534092,1.0,,,,,0.966667,0.139013
CNN_ASCON_NoFOG,6,13,gateway_A,gateway_B,0.9666666388511658,0.9666666388511658,0.0,0.1740997582674026,0.2022539675235748,0.028154209256172208,10.0,,,,,0.966667,0.188177
CNN_ASCON_NoFOG,6,14,gateway_A,gateway_B,0.8999999761581421,0.9666666388511658,0.06666666269302368,0.2038229405879974,0.1494729071855545,0.054350033402442904,10.0,,,,,0.933333,0.176648
CNN_ASCON_NoFOG,6,15,gateway_A,gateway_B,1.0,0.8999999761581421,0.10000002384185791,0.0476860292255878,0.1994402259588241,0.1517541967332363,10.0,,,,,0.95,0.123563
CNN_ASCON_NoFOG,6,16,gateway_A,gateway_B,0.9333333373069764,1.0,0.06666666269302357,0.1363413333892822,0.0754118338227272,0.060929499566554995,10.0,,,,,0.966667,0.105877
CNN_ASCON_NoFOG,6,17,gateway_A,gateway_B,1.0,0.8999999761581421,0.10000002384185791,0.0939515009522438,0.2826656699180603,0.1887141689658165,10.0,,,,,0.95,0.188309
CNN_ASCON_NoFOG,6,18,gateway_A,gateway_B,0.9666666388511658,0.8999999761581421,0.06666666269302368,0.07087954133749,0.2607869803905487,0.1899074390530587,16.0,,,,,0.933333,0.165833
CNN_ASCON_NoFOG,6,19,gateway_A,gateway_B,0.9666666388511658,0.8999999761581421,0.06666666269302368,0.0485459230840206,0.2412167936563491,0.1926708705723285,15.0,,,,,0.933333,0.144881
CNN_ASCON_NoFOG,6,20,gateway_A,gateway_B,0.9333333373069764,0.8333333134651184,0.10000002384185802,0.1789261549711227,0.397638738155365,0.2187125831842423,15.0,,,,,0.883333,0.288282
CNN_ASCON_NoFOG,7,1,gateway_A,gateway_B,0.9666666388511658,0.800000011920929,0.16666662693023682,0.1854930967092514,0.4600861966609955,0.2745930999517441,0.0,,,,,0.883333,0.32279
CNN_ASCON_NoFOG,7,2,gateway_A,gateway_B,0.6333333253860474,0.8666666746139526,0.23333334922790527,0.6129496693611145,0.352373719215393,0.2605759501457215,0.0,,,,,0.75,0.482662
CNN_ASCON_NoFOG,7,3,gateway_A,gateway_B,0.699999988079071,0.8999999761581421,0.19999998807907104,0.6330394744873047,0.336096704006195,0.2969427704811097,0.0,,,,,0.8,0.484568
CNN_ASCON_NoFOG,7,4,gateway_A,gateway_B,0.7666666507720947,0.8333333134651184,0.06666666269302368,0.4581463932991028,0.3813867568969726,0.07675963640213018,1.0,,,,,0.8,0.419767
CNN_ASCON_NoFOG,7,5,gateway_A,gateway_B,0.9666666388511658,0.8333333134651184,0.13333332538604736,0.2618417739868164,0.3255399763584137,0.06369820237159729,0.0,,,,,0.9,0.293691
CNN_ASCON_NoFOG,7,6,gateway_A,gateway_B,0.8666666746139526,0.800000011920929,0.06666666269302368,0.3177020847797394,0.3237121403217315,0.006010055541992132,1.0,,,,,0.833333,0.320707
CNN_ASCON_NoFOG,7,7,gateway_A,gateway_B,0.8999999761581421,0.9333333373069764,0.03333336114883434,0.2897639572620392,0.1944996267557144,0.0952643305063248,3.0,,,,,0.916667,0.242132
CNN_ASCON_NoFOG,7,8,gateway_A,gateway_B,0.9333333373069764,0.8333333134651184,0.10000002384185802,0.1827912926673889,0.4209835231304168,0.23819223046302793,1.0,,,,,0.883333,0.301887
CNN_ASCON_NoFOG,7,9,gateway_A,gateway_B,0.8999999761581421,0.9333333373069764,0.03333336114883434,0.2194950729608535,0.2926224768161773,0.07312740385532382,0.0,,,,,0.916667,0.256059
CNN_ASCON_NoFOG,7,10,gateway_A,gateway_B,0.9666666388511658,0.800000011920929,0.16666662693023682,0.1520437449216842,0.3201279938220978,0.16808424890041357,1.0,,,,,0.883333,0.236086
CNN_ASCON_NoFOG,7,11,gateway_A,gateway_B,0.8999999761581421,1.0,0.10000002384185791,0.2571417093276977,0.1374226957559585,0.1197190135717392,2.0,,,,,0.95,0.197282
CNN_ASCON_NoFOG,7,12,gateway_A,gateway_B,0.9333333373069764,0.9333333373069764,0.0,0.158100813627243,0.1165396124124527,0.04156120121479029,0.0,,,,,0.933333,0.13732
CNN_ASCON_NoFOG,7,13,gateway_A,gateway_B,0.9333333373069764,0.9333333373069764,0.0,0.137144848704338,0.1931218802928924,0.05597703158855441,2.0,,,,,0.933333,0.165133
CNN_ASCON_NoFOG,7,14,gateway_A,gateway_B,0.8999999761581421,0.9333333373069764,0.03333336114883434,0.2052049487829208,0.1995278745889663,0.005677074193954523,0.0,,,,,0.916667,0.202366
CNN_ASCON_NoFOG,7,15,gateway_A,gateway_B,0.8666666746139526,0.8666666746139526,0.0,0.2276016920804977,0.2943934202194214,0.0667917281389237,0.0,,,,,0.866667,0.260998
CNN_ASCON_NoFOG,7,16,gateway_A,gateway_B,0.8666666746139526,0.9333333373069764,0.06666666269302379,0.2466405481100082,0.1593805849552154,0.08725996315479281,0.0,,,,,0.9,0.203011
CNN_ASCON_NoFOG,7,17,gateway_A,gateway_B,0.9333333373069764,0.9333333373069764,0.0,0.1517505794763565,0.1756398528814315,0.02388927340507499,1.0,,,,,0.933333,0.163695
CNN_ASCON_NoFOG,7,18,gateway_A,gateway_B,0.9333333373069764,0.9333333373069764,0.0,0.1946226805448532,0.1274210214614868,0.06720165908336642,1.0,,,,,0.933333,0.161022
CNN_ASCON_NoFOG,7,19,gateway_A,gateway_B,0.8999999761581421,0.9333333373069764,0.03333336114883434,0.2123535424470901,0.1630157083272934,0.0493378341197967,0.0,,,,,0.916667,0.187685
CNN_ASCON_NoFOG,7,20,gateway_A,gateway_B,0.9666666388511658,0.9666666388511658,0.0,0.1241103634238243,0.1132808029651641,0.010829560458660195,1.0,,,,,0.966667,0.118696
CNN_ASCON_NoFOG,8,1,gateway_A,gateway_B,0.8333333134651184,0.6000000238418579,0.2333332896232605,0.519302248954773,0.6739161014556885,0.15461385250091553,0.0,,,,,0.716667,0.596609
CNN_ASCON_NoFOG,8,2,gateway_A,gateway_B,0.800000011920929,0.699999988079071,0.10000002384185791,0.507355809211731,0.6018365025520325,0.09448069334030151,0.0,,,,,0.75,0.554596
CNN_ASCON_NoFOG,8,3,gateway_A,gateway_B,0.800000011920929,0.8333333134651184,0.03333330154418945,0.4251613020896911,0.3961178064346313,0.029043495655059814,1.0,,,,,0.816667,0.41064
CNN_ASCON_NoFOG,8,4,gateway_A,gateway_B,1.0,0.8333333134651184,0.1666666865348816,0.2428806275129318,0.3700567483901977,0.1271761208772659,0.0,,,,,0.916667,0.306469
CNN_ASCON_NoFOG,8,5,gateway_A,gateway_B,0.800000011920929,0.9333333373069764,0.13333332538604747,0.3631974160671234,0.2958430051803589,0.06735441088676453,1.0,,,,,0.866667,0.32952
CNN_ASCON_NoFOG,8,6,gateway_A,gateway_B,0.800000011920929,0.6666666865348816,0.13333332538604736,0.3894072771072387,0.5127397775650024,0.12333250045776373,0.0,,,,,0.733333,0.451074
CNN_ASCON_NoFOG,8,7,gateway_A,gateway_B,0.8333333134651184,0.8333333134651184,0.0,0.3200928270816803,0.2959136962890625,0.024179130792617798,0.0,,,,,0.833333,0.308003
CNN_ASCON_NoFOG,8,8,gateway_A,gateway_B,0.9333333373069764,0.8333333134651184,0.10000002384185802,0.1966654509305954,0.4344378113746643,0.2377723604440689,0.0,,,,,0.883333,0.315552
CNN_ASCON_NoFOG,8,9,gateway_A,gateway_B,0.800000011920929,0.9666666388511658,0.16666662693023682,0.3935607373714447,0.2091505825519561,0.1844101548194886,0.0,,,,,0.883333,0.301356
CNN_ASCON_NoFOG,8,10,gateway_A,gateway_B,0.8666666746139526,0.7333333492279053,0.13333332538604736,0.3812400996685028,0.5129280686378479,0.1316879689693451,0.0,,,,,0.8,0.447084
CNN_ASCON_NoFOG,8,11,gateway_A,gateway_B,0.8999999761581421,1.0,0.10000002384185791,0.3072302639484405,0.1248698160052299,0.1823604479432106,1.0,,,,,0.95,0.21605
CNN_ASCON_NoFOG,8,12,gateway_A,gateway_B,0.800000011920929,0.9333333373069764,0.13333332538604747,0.3589456677436828,0.1657524108886718,0.19319325685501101,0.0,,,,,0.866667,0.262349
CNN_ASCON_NoFOG,8,13,gateway_A,gateway_B,0.9333333373069764,0.9333333373069764,0.0,0.1349132508039474,0.1255887299776077,0.009324520826339694,0.0,,,,,0.933333,0.130251
CNN_ASCON_NoFOG,8,14,gateway_A,gateway_B,1.0,1.0,0.0,0.0399566181004047,0.0641235262155532,0.024166908115148503,0.0,,,,,1.0,0.05204
CNN_ASCON_NoFOG,8,15,gateway_A,gateway_B,0.8666666746139526,0.8666666746139526,0.0,0.2732318341732025,0.2854293882846832,0.012197554111480713,1.0,,,,,0.866667,0.279331
CNN_ASCON_NoFOG,8,16,gateway_A,gateway_B,0.9666666388511658,0.9333333373069764,0.03333330154418934,0.1525482982397079,0.1523662656545639,0.00018203258514398746,1.0,,,,,0.95,0.152457
CNN_ASCON_NoFOG,8,17,gateway_A,gateway_B,0.9333333373069764,1.0,0.06666666269302357,0.1970556676387787,0.0858392417430877,0.11121642589569099,0.0,,,,,0.966667,0.141447
CNN_ASCON_NoFOG,8,18,gateway_A,gateway_B,0.8666666746139526,0.9333333373069764,0.06666666269302379,0.3265153765678406,0.1256746649742126,0.20084071159362799,0.0,,,,,0.9,0.226095
CNN_ASCON_NoFOG,8,19,gateway_A,gateway_B,0.8999999761581421,0.9666666388511658,0.06666666269302368,0.2117450684309005,0.149914413690567,0.0618306547403335,3.0,,,,,0.933333,0.18083
CNN_ASCON_NoFOG,8,20,gateway_A,gateway_B,0.9333333373069764,0.9333333373069764,0.0,0.1423390507698059,0.152732104063034,0.010393053293228094,5.0,,,,,0.933333,0.147536
CNN_PLAIN_FOG,2,1,gateway_fog_leader,gateway_fog_peer,,,0.0,,,0.1294630765914917,2.0,1.0,1.0,0.781461775302887,0.6519986987113953,1.0,0.71673
CNN_PLAIN_FOG,2,2,gateway_fog_leader,gateway_fog_peer,,,0.0,,,0.06869497895240789,1.0,1.0,1.0,0.3802262544631958,0.3115312755107879,1.0,0.345879
CNN_PLAIN_FOG,2,3,gateway_fog_leader,gateway_fog_peer,,,0.0,,,0.026722256094217293,1.0,1.0,1.0,0.0695655271410942,0.0428432710468769,1.0,0.056204
CNN_PLAIN_FOG,2,4,gateway_fog_leader,gateway_fog_peer,,,0.09999996423721313,,,0.31787025928497314,2.0,0.8999999761581421,0.800000011920929,0.3318021893501282,0.6496724486351013,0.85,0.490737
CNN_PLAIN_FOG,2,5,gateway_fog_leader,gateway_fog_peer,,,0.09999996423721313,,,0.21943128108978277,3.0,0.7333333492279053,0.8333333134651184,0.707442581653595,0.4880113005638122,0.783333,0.597727
CNN_PLAIN_FOG,2,6,gateway_fog_leader,gateway_fog_peer,,,0.06666666269302379,,,0.1401907503604889,3.0,0.8666666746139526,0.9333333373069764,0.4229087233543396,0.2827179729938507,0.9,0.352813
CNN_PLAIN_FOG,2,7,gateway_fog_leader,gateway_fog_peer,,,0.03333336114883434,,,0.11181007325649267,3.0,0.8999999761581421,0.9333333373069764,0.3580288887023926,0.2462188154458999,0.916667,0.302124
CNN_PLAIN_FOG,2,8,gateway_fog_leader,gateway_fog_peer,,,0.03333330154418945,,,0.10181429982185364,3.0,0.8666666746139526,0.8999999761581421,0.4017738103866577,0.2999595105648041,0.883333,0.350867
CNN_PLAIN_FOG,2,9,gateway_fog_leader,gateway_fog_peer,,,0.03333330154418945,,,0.09795811772346491,2.0,0.8666666746139526,0.8999999761581421,0.3819522857666015,0.2839941680431366,0.883333,0.332973
CNN_PLAIN_FOG,2,10,gateway_fog_leader,gateway_fog_peer,,,0.03333330154418945,,,0.018187522888183594,3.0,0.8999999761581421,0.8666666746139526,0.3320585191249847,0.3502460420131683,0.883333,0.341152
CNN_PLAIN_FOG,2,11,gateway_fog_leader,gateway_fog_peer,,,0.03333330154418945,,,0.09298500418663025,3.0,0.7333333492279053,0.7666666507720947,0.4645179212093353,0.3715329170227051,0.75,0.418025
CNN_PLAIN_FOG,2,12,gateway_fog_leader,gateway_fog_peer,,,0.0,,,0.0576601326465607,3.0,0.8999999761581421,0.8999999761581421,0.2569422423839569,0.1992821097373962,0.9,0.228112
CNN_PLAIN_FOG,2,13,gateway_fog_leader,gateway_fog_peer,,,0.0,,,0.0200816690921784,3.0,0.8666666746139526,0.8666666746139526,0.2781948447227478,0.2581131756305694,0.866667,0.268154
CNN_PLAIN_FOG,2,14,gateway_fog_leader,gateway_fog_peer,,,0.13333332538604736,,,0.1958095505833626,3.0,0.8666666746139526,1.0,0.2371499985456466,0.041340447962284,0.933333,0.139245
CNN_PLAIN_FOG,2,15,gateway_fog_leader,gateway_fog_peer,,,0.03333330154418934,,,0.058251217007636996,3.0,0.9666666388511658,0.9333333373069764,0.1274578720331192,0.1857090890407562,0.95,0.156583
CNN_PLAIN_FOG,2,16,gateway_fog_leader,gateway_fog_peer,,,0.03333330154418945,,,0.03787811100482941,3.0,0.8666666746139526,0.8999999761581421,0.163941815495491,0.2018199265003204,0.883333,0.182881
CNN_PLAIN_FOG,2,17,gateway_fog_leader,gateway_fog_peer,,,0.0,,,0.0030578672885894775,3.0,0.8999999761581421,0.8999999761581421,0.1379576474428177,0.1348997801542282,0.9,0.136429
CNN_PLAIN_FOG,2,18,gateway_fog_leader,gateway_fog_peer,,,0.1666666865348816,,,0.20507819950580597,3.0,0.8333333134651184,1.0,0.2972635328769684,0.0921853333711624,0.916667,0.194724
CNN_PLAIN_FOG,2,19,gateway_fog_leader,gateway_fog_peer,,,0.03333330154418934,,,0.0286911278963089,3.0,0.9333333373069764,0.9666666388511658,0.130610242486,0.1593013703823089,0.95,0.144956
CNN_PLAIN_FOG,2,20,gateway_fog_leader,gateway_fog_peer,,,0.03333330154418934,,,0.058716438710689614,3.0,0.9666666388511658,0.9333333373069764,0.1081054583191871,0.1668218970298767,0.95,0.137464
CNN_PLAIN_FOG,4,1,gateway_fog_leader,gateway_fog_peer,,,0.2666666507720947,,,0.4133871495723725,4725.0,0.7333333492279053,1.0,0.6885637640953064,0.2751766145229339,1.0,0.577967
CNN_PLAIN_FOG,4,2,gateway_fog_leader,gateway_fog_peer,,,0.10000002384185791,,,0.22534051537513738,4725.0,0.8999999761581421,1.0,0.5226702690124512,0.2973297536373138,1.0,0.334988
CNN_PLAIN_FOG,4,3,gateway_fog_leader,gateway_fog_peer,,,0.1666666865348816,,,0.46813403069973,4725.0,0.8333333134651184,1.0,0.5019994378089905,0.0338654071092605,1.0,0.049561
CNN_PLAIN_FOG,4,4,gateway_fog_leader,gateway_fog_peer,,,0.06666666269302357,,,0.2108008163049817,4731.0,0.9333333373069764,1.0,0.2230813950300216,0.0122805787250399,0.933333,0.175413
CNN_PLAIN_FOG,4,5,gateway_fog_leader,gateway_fog_peer,,,0.3333333134651184,,,0.7058779639191927,4731.0,0.6666666865348816,1.0,0.7126916646957397,0.0068137007765471,0.9,0.339156
CNN_PLAIN_FOG,4,6,gateway_fog_leader,gateway_fog_peer,,,0.13333332538604736,,,0.44270424637943506,4731.0,0.8666666746139526,1.0,0.4515547156333923,0.0088504692539572,0.916667,0.206295
CNN_PLAIN_FOG,4,7,gateway_fog_leader,gateway_fog_peer,,,0.13333332538604736,,,0.2911008819937706,4731.0,0.8666666746139526,1.0,0.2990766167640686,0.007975734770298,0.916667,0.231918
CNN_PLAIN_FOG,4,8,gateway_fog_leader,gateway_fog_peer,,,0.10000002384185791,,,0.32566757826134557,4731.0,0.8999999761581421,1.0,0.3310696184635162,0.0054020402021706,0.916667,0.216054
CNN_PLAIN_FOG,4,9,gateway_fog_leader,gateway_fog_peer,,,0.1666666865348816,,,0.3851515222340823,4731.0,0.8333333134651184,1.0,0.3903998136520386,0.0052482914179563,0.916667,0.19496
CNN_PLAIN_FOG,4,10,gateway_fog_leader,gateway_fog_peer,,,0.10000002384185791,,,0.28158679511398077,4731.0,0.8999999761581421,1.0,0.2860449254512787,0.0044581303372979,0.966667,0.163158
CNN_PLAIN_FOG,4,11,gateway_fog_leader,gateway_fog_peer,,,0.03333336114883423,,,0.2199430738110095,4731.0,0.9666666388511658,1.0,0.2234074473381042,0.0034643735270947,0.9,0.232163
CNN_PLAIN_FOG,4,12,gateway_fog_leader,gateway_fog_peer,,,0.10000002384185791,,,0.2916501308791339,4731.0,0.8999999761581421,1.0,0.2948735654354095,0.0032234345562756,0.983333,0.102288
CNN_PLAIN_FOG,4,13,gateway_fog_leader,gateway_fog_peer,,,0.10000002384185791,,,0.2620446376968176,4731.0,0.8999999761581421,1.0,0.264638751745224,0.0025941140484064,0.916667,0.202048
CNN_PLAIN_FOG,4,14,gateway_fog_leader,gateway_fog_peer,,,0.2666666507720947,,,0.596501304069534,4731.0,0.7333333492279053,1.0,0.5985613465309143,0.0020600424613803,0.9,0.193581
CNN_PLAIN_FOG,4,15,gateway_fog_leader,gateway_fog_peer,,,0.13333332538604736,,,0.272037505870685,4631.0,0.8666666746139526,1.0,0.2739087343215942,0.0018712284509092,0.916667,0.158631
CNN_PLAIN_FOG,4,16,gateway_fog_leader,gateway_fog_peer,,,0.06666666269302357,,,0.2220055093057453,4631.0,0.9333333373069764,1.0,0.2233112454414367,0.0013057361356914,0.9,0.171549
CNN_PLAIN_FOG,4,17,gateway_fog_leader,gateway_fog_peer,,,0.06666666269302357,,,0.2284559906693176,4631.0,0.9333333373069764,1.0,0.2297350913286209,0.0012791006593033,0.933333,0.162017
CNN_PLAIN_FOG,4,18,gateway_fog_leader,gateway_fog_peer,,,0.10000002384185791,,,0.1693017474608496,4631.0,0.8999999761581421,1.0,0.1707275360822677,0.0014257886214181,0.916667,0.137833
CNN_PLAIN_FOG,4,19,gateway_fog_leader,gateway_fog_peer,,,0.10000002384185791,,,0.1720325938658789,4631.0,0.8999999761581421,1.0,0.1730895191431045,0.0010569252772256,0.966667,0.099221
CNN_PLAIN_FOG,4,20,gateway_fog_leader,gateway_fog_peer,,,0.10000002384185791,,,0.17440597596578308,4631.0,0.8999999761581421,1.0,0.1754010170698166,0.0009950411040335,0.966667,0.070961
CNN_PLAIN_NoFOG,2,1,gateway_A,gateway_B,1.0,0.9666666388511658,0.03333336114883423,0.6904098391532898,0.6883507966995239,0.002059042453765869,1.0,,,,,0.983333,0.68938
CNN_PLAIN_NoFOG,2,2,gateway_A,gateway_B,1.0,1.0,0.0,0.5200147032737732,0.4263996183872223,0.0936150848865509,1.0,,,,,1.0,0.473207
CNN_PLAIN_NoFOG,2,3,gateway_A,gateway_B,1.0,1.0,0.0,0.1241621598601341,0.0876474156975746,0.036514744162559495,0.0,,,,,1.0,0.105905
CNN_PLAIN_NoFOG,2,4,gateway_A,gateway_B,0.8666666746139526,0.8333333134651184,0.03333336114883423,0.3941448330879211,0.4509939849376678,0.056849151849746704,2.0,,,,,0.85,0.422569
CNN_PLAIN_NoFOG,2,5,gateway_A,gateway_B,0.8999999761581421,0.8333333134651184,0.06666666269302368,0.2679246962070465,0.4383572936058044,0.17043259739875788,2.0,,,,,0.866667,0.353141
CNN_PLAIN_NoFOG,2,6,gateway_A,gateway_B,0.7333333492279053,0.8999999761581421,0.16666662693023682,0.5445531606674194,0.2882218062877655,0.25633135437965393,2.0,,,,,0.816667,0.416387
CNN_PLAIN_NoFOG,2,7,gateway_A,gateway_B,0.7666666507720947,0.8666666746139526,0.10000002384185791,0.5184623003005981,0.460273414850235,0.05818888545036316,2.0,,,,,0.816667,0.489368
CNN_PLAIN_NoFOG,2,8,gateway_A,gateway_B,0.8666666746139526,0.8666666746139526,0.0,0.3761945068836212,0.3306011855602264,0.04559332132339483,3.0,,,,,0.866667,0.353398
CNN_PLAIN_NoFOG,2,9,gateway_A,gateway_B,0.8666666746139526,0.9333333373069764,0.06666666269302379,0.3393295705318451,0.2376876920461654,0.10164187848567968,3.0,,,,,0.9,0.288509
CNN_PLAIN_NoFOG,2,10,gateway_A,gateway_B,0.9666666388511658,0.9666666388511658,0.0,0.111413650214672,0.1036215275526046,0.0077921226620673995,2.0,,,,,0.966667,0.107518
CNN_PLAIN_NoFOG,2,11,gateway_A,gateway_B,0.9333333373069764,0.9333333373069764,0.0,0.1293210238218307,0.2155547440052032,0.0862337201833725,2.0,,,,,0.933333,0.172438
CNN_PLAIN_NoFOG,2,12,gateway_A,gateway_B,0.9666666388511658,0.8999999761581421,0.06666666269302368,0.176859512925148,0.2495584487915039,0.0726989358663559,2.0,,,,,0.933333,0.213209
CNN_PLAIN_NoFOG,2,13,gateway_A,gateway_B,0.9666666388511658,1.0,0.03333336114883423,0.1723473370075225,0.061695322394371,0.1106520146131515,3.0,,,,,0.983333,0.117021
CNN_PLAIN_NoFOG,2,14,gateway_A,gateway_B,1.0,0.9333333373069764,0.06666666269302357,0.0617242902517318,0.1197813004255294,0.058057010173797594,2.0,,,,,0.966667,0.090753
CNN_PLAIN_NoFOG,2,15,gateway_A,gateway_B,0.8999999761581421,0.8999999761581421,0.0,0.2534540891647339,0.2479524910449981,0.005501598119735773,2.0,,,,,0.9,0.250703
CNN_PLAIN_NoFOG,2,16,gateway_A,gateway_B,0.9333333373069764,0.9333333373069764,0.0,0.2062226682901382,0.2023435682058334,0.003879100084304782,2.0,,,,,0.933333,0.204283
CNN_PLAIN_NoFOG,2,17,gateway_A,gateway_B,0.9666666388511658,0.9333333373069764,0.03333330154418934,0.1022339984774589,0.142097920179367,0.03986392170190811,3.0,,,,,0.95,0.122166
CNN_PLAIN_NoFOG,2,18,gateway_A,gateway_B,0.8999999761581421,0.9666666388511658,0.06666666269302368,0.2354615777730941,0.1675063073635101,0.06795527040958399,2.0,,,,,0.933333,0.201484
CNN_PLAIN_NoFOG,2,19,gateway_A,gateway_B,0.800000011920929,1.0,0.19999998807907104,0.7168005704879761,0.0457000285387039,0.6711005419492722,2.0,,,,,0.9,0.38125
CNN_PLAIN_NoFOG,2,20,gateway_A,gateway_B,0.9666666388511658,1.0,0.03333336114883423,0.1131224334239959,0.0091351829469203,0.1039872504770756,3.0,,,,,0.983333,0.061129
CNN_PLAIN_NoFOG,4,1,gateway_A,gateway_B,0.9666666388511658,1.0,0.03333336114883423,0.6796393990516663,0.4740205109119415,0.2056188881397248,0.0,,,,,0.983333,0.57683
CNN_PLAIN_NoFOG,6,1,gateway_A,gateway_B,0.7666666507720947,0.800000011920929,0.03333336114883423,0.8346434235572815,0.7042297720909119,0.13041365146636963,5.0,,,,,0.783333,0.769437
CNN_PLAIN_NoFOG,6,2,gateway_A,gateway_B,0.7333333492279053,0.7666666507720947,0.03333330154418945,0.7776771187782288,0.7107802033424377,0.06689691543579102,4.0,,,,,0.75,0.744229
CNN_PLAIN_NoFOG,6,3,gateway_A,gateway_B,0.7333333492279053,0.6333333253860474,0.10000002384185791,0.7132924199104309,0.7572230100631714,0.04393059015274048,4.0,,,,,0.683333,0.735258
CNN_PLAIN_NoFOG,6,4,gateway_A,gateway_B,0.7333333492279053,0.7666666507720947,0.03333330154418945,0.6741504669189453,0.5627645254135132,0.11138594150543213,4.0,,,,,0.75,0.618457
CNN_PLAIN_NoFOG,6,5,gateway_A,gateway_B,0.7666666507720947,0.800000011920929,0.03333336114883423,0.5561196804046631,0.5786905288696289,0.02257084846496582,4.0,,,,,0.783333,0.567405
CNN_PLAIN_NoFOG,6,6,gateway_A,gateway_B,0.800000011920929,0.8333333134651184,0.03333330154418945,0.5401718020439148,0.4438096582889557,0.0963621437549591,4.0,,,,,0.816667,0.491991
CNN_PLAIN_NoFOG,6,7,gateway_A,gateway_B,0.699999988079071,0.8333333134651184,0.13333332538604736,0.653520405292511,0.385472297668457,0.268048107624054,4.0,,,,,0.766667,0.519496
CNN_PLAIN_NoFOG,6,8,gateway_A,gateway_B,0.800000011920929,0.7666666507720947,0.03333336114883423,0.4794005155563354,0.5941392183303833,0.11473870277404791,4.0,,,,,0.783333,0.53677
CNN_PLAIN_NoFOG,6,9,gateway_A,gateway_B,0.800000011920929,0.7666666507720947,0.03333336114883423,0.4452694952487945,0.4474447965621948,0.002175301313400324,4.0,,,,,0.783333,0.446357
CNN_PLAIN_NoFOG,6,10,gateway_A,gateway_B,0.699999988079071,0.7333333492279053,0.03333336114883423,0.549312174320221,0.609650194644928,0.06033802032470703,4.0,,,,,0.716667,0.579481
CNN_PLAIN_NoFOG,6,11,gateway_A,gateway_B,0.8333333134651184,0.699999988079071,0.13333332538604736,0.4545332193374634,0.5535954833030701,0.09906226396560669,4.0,,,,,0.766667,0.504064
CNN_PLAIN_NoFOG,6,12,gateway_A,gateway_B,0.8333333134651184,0.800000011920929,0.03333330154418945,0.3781470358371734,0.4157515168190002,0.03760448098182678,4.0,,,,,0.816667,0.396949
CNN_PLAIN_NoFOG,6,13,gateway_A,gateway_B,0.8999999761581421,0.8333333134651184,0.06666666269302368,0.4301538467407226,0.2866860032081604,0.1434678435325622,4.0,,,,,0.866667,0.35842
CNN_PLAIN_NoFOG,6,14,gateway_A,gateway_B,0.9333333373069764,0.6666666865348816,0.26666665077209484,0.2672395706176758,0.5854595303535461,0.31821995973587036,4.0,,,,,0.8,0.42635
CNN_PLAIN_NoFOG,6,15,gateway_A,gateway_B,0.8999999761581421,0.8666666746139526,0.03333330154418945,0.2856718003749847,0.4024829864501953,0.11681118607521063,4.0,,,,,0.883333,0.344077
CNN_PLAIN_NoFOG,6,16,gateway_A,gateway_B,0.7666666507720947,0.800000011920929,0.03333336114883423,0.4140628278255462,0.391961932182312,0.022100895643234197,4.0,,,,,0.783333,0.403012
CNN_PLAIN_NoFOG,6,17,gateway_A,gateway_B,0.8333333134651184,0.8333333134651184,0.0,0.2915757298469543,0.4288459122180938,0.13727018237113953,4.0,,,,,0.833333,0.360211
CNN_PLAIN_NoFOG,6,18,gateway_A,gateway_B,0.8999999761581421,0.9666666388511658,0.06666666269302368,0.2145722657442093,0.1615123748779297,0.0530598908662796,4.0,,,,,0.933333,0.188042
CNN_PLAIN_NoFOG,6,19,gateway_A,gateway_B,0.9333333373069764,0.800000011920929,0.13333332538604747,0.2870392501354217,0.342317521572113,0.055278271436691284,4.0,,,,,0.866667,0.314678
CNN_PLAIN_NoFOG,6,20,gateway_A,gateway_B,0.800000011920929,0.8666666746139526,0.06666666269302368,0.3285533487796783,0.2999313473701477,0.028622001409530584,4.0,,,,,0.833333,0.314242
RN_ASCON_FOG,2,1,gateway_A,gateway_B,0.6666666865348816,0.6333333253860474,0.03333336114883423,1.159526824951172,0.9131479263305664,0.2463788986206057,1.0,,,,,0.65,1.036337
RN_ASCON_FOG,2,2,gateway_A,gateway_B,0.9666666388511658,0.9666666388511658,0.0,0.1416225433349609,0.1251385957002639,0.016483947634697016,0.0,,,,,0.966667,0.133381
RN_ASCON_FOG,2,3,gateway_A,gateway_B,1.0,1.0,0.0,0.0876889154314994,0.0529189817607402,0.0347699336707592,0.0,,,,,1.0,0.070304
RN_ASCON_FOG,2,4,gateway_A,gateway_B,1.0,1.0,0.0,0.0136063182726502,0.0108244372531771,0.0027818810194731,0.0,,,,,1.0,0.012215
RN_ASCON_FOG,2,5,gateway_A,gateway_B,1.0,1.0,0.0,0.0123705631121993,0.0267963483929634,0.0144257852807641,0.0,,,,,1.0,0.019583
RN_ASCON_FOG,2,6,gateway_A,gateway_B,0.6333333253860474,1.0,0.36666667461395264,0.7521737217903137,0.0206641275435686,0.7315095942467451,2.0,,,,,0.816667,0.386419
RN_ASCON_FOG,2,7,gateway_A,gateway_B,0.8999999761581421,1.0,0.10000002384185791,0.2675574123859405,0.0416639596223831,0.2258934527635574,0.0,,,,,0.95,0.154611
RN_ASCON_FOG,2,8,gateway_A,gateway_B,0.8333333134651184,1.0,0.1666666865348816,0.3683453798294067,0.0387671217322349,0.3295782580971718,0.0,,,,,0.916667,0.203556
RN_ASCON_FOG,2,9,gateway_A,gateway_B,0.7666666507720947,1.0,0.23333334922790527,0.4867379367351532,0.0206158589571714,0.4661220777779818,1.0,,,,,0.883333,0.253677
RN_ASCON_FOG,2,10,gateway_A,gateway_B,0.9333333373069764,1.0,0.06666666269302357,0.1426601260900497,0.0417368598282337,0.100923266261816,2.0,,,,,0.966667,0.092198
RN_ASCON_FOG,2,11,gateway_A,gateway_B,0.9333333373069764,1.0,0.06666666269302357,0.1993865370750427,0.0124807376414537,0.186905799433589,1.0,,,,,0.966667,0.105934
RN_ASCON_FOG,2,12,gateway_A,gateway_B,0.9333333373069764,1.0,0.06666666269302357,0.1530556678771972,0.0183549243956804,0.1347007434815168,0.0,,,,,0.966667,0.085705
RN_ASCON_FOG,2,13,gateway_A,gateway_B,0.800000011920929,1.0,0.19999998807907104,0.5475398898124695,0.014551592990756,0.5329882968217134,0.0,,,,,0.9,0.281046
RN_ASCON_FOG,2,14,gateway_A,gateway_B,0.8999999761581421,1.0,0.10000002384185791,0.3045567870140075,0.0120830545201897,0.2924737324938178,1.0,,,,,0.95,0.15832
RN_ASCON_FOG,2,15,gateway_A,gateway_B,0.8999999761581421,1.0,0.10000002384185791,0.1930546909570694,0.02726411819458,0.1657905727624894,1.0,,,,,0.95,0.110159
RN_ASCON_FOG,2,16,gateway_A,gateway_B,0.9666666388511658,1.0,0.03333336114883423,0.1044320613145828,0.0071103074587881,0.0973217538557947,1.0,,,,,0.983333,0.055771
RN_ASCON_FOG,2,17,gateway_A,gateway_B,0.8999999761581421,1.0,0.10000002384185791,0.2739077806472778,0.003089633770287,0.2708181468769908,0.0,,,,,0.95,0.138499
RN_ASCON_FOG,2,18,gateway_A,gateway_B,0.8333333134651184,1.0,0.1666666865348816,0.3551128804683685,0.0056811799295246,0.34943170053884387,2.0,,,,,0.916667,0.180397
RN_ASCON_FOG,2,19,gateway_A,gateway_B,0.8666666746139526,1.0,0.13333332538604736,0.6594200134277344,0.0062445197254419,0.6531754937022924,1.0,,,,,0.933333,0.332832
RN_ASCON_FOG,2,20,gateway_A,gateway_B,0.8333333134651184,1.0,0.1666666865348816,0.269422173500061,0.0063229398801922,0.26309923361986876,0.0,,,,,0.916667,0.137873
RN_ASCON_FOG,3,1,gateway_A,gateway_B,0.699999988079071,0.6333333253860474,0.06666666269302368,1.0635058879852295,0.8978769779205322,0.16562891006469727,1.0,,,,,0.666667,0.980691
RN_ASCON_FOG,3,2,gateway_A,gateway_B,0.9333333373069764,0.9333333373069764,0.0,0.2518606781959533,0.1727630794048309,0.07909759879112241,0.0,,,,,0.933333,0.212312
RN_ASCON_FOG,3,3,gateway_A,gateway_B,1.0,0.9666666388511658,0.03333336114883423,0.0255472585558891,0.1288571506738662,0.10330989211797709,1.0,,,,,0.983333,0.077202
RN_ASCON_FOG,3,4,gateway_A,gateway_B,1.0,1.0,0.0,0.0145115591585636,0.014516070485115,4.511326551399214e-06,1.0,,,,,1.0,0.014514
RN_ASCON_FOG,3,5,gateway_A,gateway_B,1.0,1.0,0.0,0.0126214744523167,0.0093838544562459,0.003237619996070801,2.0,,,,,1.0,0.011003
RN_ASCON_FOG,3,6,gateway_A,gateway_B,0.8999999761581421,0.800000011920929,0.09999996423721313,0.6630741953849792,0.8285817503929138,0.16550755500793457,2.0,,,,,0.85,0.745828
RN_ASCON_FOG,3,7,gateway_A,gateway_B,0.8333333134651184,0.8666666746139526,0.03333336114883423,0.2786481976509094,0.3199972808361053,0.04134908318519587,1.0,,,,,0.85,0.299323
RN_ASCON_FOG,3,8,gateway_A,gateway_B,0.8333333134651184,0.8999999761581421,0.06666666269302368,0.3630543649196625,0.3367748856544494,0.026279479265213068,0.0,,,,,0.866667,0.349915
RN_ASCON_FOG,3,9,gateway_A,gateway_B,0.800000011920929,0.8999999761581421,0.09999996423721313,0.4656539261341095,0.3308326005935669,0.1348213255405426,3.0,,,,,0.85,0.398243
RN_ASCON_FOG,3,10,gateway_A,gateway_B,0.8666666746139526,0.7333333492279053,0.13333332538604736,0.2835806012153625,0.5601838231086731,0.2766032218933106,1.0,,,,,0.8,0.421882
RN_ASCON_FOG,3,11,gateway_A,gateway_B,0.9666666388511658,0.800000011920929,0.16666662693023682,0.129149854183197,0.4073056578636169,0.2781558036804199,0.0,,,,,0.883333,0.268228
RN_ASCON_FOG,3,12,gateway_A,gateway_B,0.9333333373069764,0.9666666388511658,0.03333330154418934,0.1720428466796875,0.2833302915096283,0.1112874448299408,1.0,,,,,0.95,0.227687
RN_ASCON_FOG,3,13,gateway_A,gateway_B,0.9666666388511658,0.9333333373069764,0.03333330154418934,0.2157560288906097,0.3512415289878845,0.1354855000972748,1.0,,,,,0.95,0.283499
RN_ASCON_FOG,3,14,gateway_A,gateway_B,0.8999999761581421,0.8666666746139526,0.03333330154418945,0.3330365419387817,0.3797736465930938,0.046737104654312134,0.0,,,,,0.883333,0.356405
RN_ASCON_FOG,3,15,gateway_A,gateway_B,0.8999999761581421,0.8666666746139526,0.03333330154418945,0.2041867077350616,0.2585014402866363,0.05431473255157471,0.0,,,,,0.883333,0.231344
RN_ASCON_FOG,3,16,gateway_A,gateway_B,0.9666666388511658,1.0,0.03333336114883423,0.1154020726680755,0.0449254997074604,0.0704765729606151,1.0,,,,,0.983333,0.080164
RN_ASCON_FOG,3,17,gateway_A,gateway_B,1.0,0.9666666388511658,0.03333336114883423,0.0827267542481422,0.0595005415380001,0.0232262127101421,0.0,,,,,0.983333,0.071114
RN_ASCON_FOG,3,18,gateway_A,gateway_B,0.9666666388511658,0.9333333373069764,0.03333330154418934,0.1274462789297104,0.1277430057525634,0.0002967268228530051,1.0,,,,,0.95,0.127595
RN_ASCON_FOG,3,19,gateway_A,gateway_B,1.0,0.9666666388511658,0.03333336114883423,0.0576547980308532,0.0858122035861015,0.028157405555248302,0.0,,,,,0.983333,0.071734
RN_ASCON_FOG,3,20,gateway_A,gateway_B,1.0,1.0,0.0,0.0191180817782878,0.0658378452062606,0.046719763427972794,0.0,,,,,1.0,0.042478
RN_ASCON_FOG,4,1,gateway_A,gateway_B,0.8333333134651184,0.699999988079071,0.13333332538604736,0.4500676095485687,0.8040391206741333,0.3539715111255646,2.0,,,,,0.766667,0.627053
RN_ASCON_FOG,4,2,gateway_A,gateway_B,1.0,1.0,0.0,0.1434548795223236,0.072266861796379,0.0711880177259446,3.0,,,,,1.0,0.107861
RN_ASCON_FOG,4,3,gateway_A,gateway_B,1.0,1.0,0.0,0.034998420625925,0.0406257510185241,0.005627330392599099,0.0,,,,,1.0,0.037812
RN_ASCON_FOG,4,4,gateway_A,gateway_B,0.9666666388511658,1.0,0.03333336114883423,0.0514210686087608,0.0181640461087226,0.0332570225000382,0.0,,,,,0.983333,0.034793
RN_ASCON_FOG,4,5,gateway_A,gateway_B,1.0,1.0,0.0,0.0181795470416545,0.0134444618597626,0.004735085181891901,14.0,,,,,1.0,0.015812
RN_ASCON_FOG,4,6,gateway_A,gateway_B,0.7333333492279053,1.0,0.2666666507720947,0.6676241159439087,0.0072112823836505,0.6604128335602582,11.0,,,,,0.866667,0.337418
RN_ASCON_FOG,4,7,gateway_A,gateway_B,0.8333333134651184,1.0,0.1666666865348816,0.2859541475772857,0.0135571202263236,0.2723970273509621,10.0,,,,,0.916667,0.149756
RN_ASCON_FOG,4,8,gateway_A,gateway_B,0.8999999761581421,0.9666666388511658,0.06666666269302368,0.1844208687543869,0.0481688007712364,0.1362520679831505,10.0,,,,,0.933333,0.116295
RN_ASCON_FOG,4,9,gateway_A,gateway_B,0.800000011920929,1.0,0.19999998807907104,0.3881474137306213,0.0157145019620656,0.3724329117685557,10.0,,,,,0.9,0.201931
RN_ASCON_FOG,4,10,gateway_A,gateway_B,0.8666666746139526,1.0,0.13333332538604736,0.200413092970848,0.0082994224503636,0.1921136705204844,10.0,,,,,0.933333,0.104356
RN_ASCON_FOG,4,11,gateway_A,gateway_B,0.9333333373069764,1.0,0.06666666269302357,0.301443487405777,0.0136488256976008,0.2877946617081762,10.0,,,,,0.966667,0.157546
RN_ASCON_FOG,4,12,gateway_A,gateway_B,0.9666666388511658,1.0,0.03333336114883423,0.1713978946208953,0.0046990336850285,0.1666988609358668,10.0,,,,,0.983333,0.088048
RN_ASCON_FOG,4,13,gateway_A,gateway_B,1.0,1.0,0.0,0.0155565747991204,0.0047791344113647,0.0107774403877557,10.0,,,,,1.0,0.010168
RN_ASCON_FOG,4,14,gateway_A,gateway_B,0.9666666388511658,1.0,0.03333336114883423,0.1086586937308311,0.0251223836094141,0.083536310121417,10.0,,,,,0.983333,0.066891
RN_ASCON_FOG,4,15,gateway_A,gateway_B,0.8999999761581421,1.0,0.10000002384185791,0.2888531386852264,0.0056513897143304,0.283201748970896,10.0,,,,,0.95,0.147252
RN_ASCON_FOG,4,16,gateway_A,gateway_B,0.9333333373069764,1.0,0.06666666269302357,0.2204453349113464,0.0056387768127024,0.21480655809864402,10.0,,,,,0.966667,0.113042
RN_ASCON_FOG,4,17,gateway_A,gateway_B,0.8999999761581421,1.0,0.10000002384185791,0.153028592467308,0.0057325428351759,0.14729604963213208,12.0,,,,,0.95,0.079381
RN_ASCON_FOG,4,18,gateway_A,gateway_B,0.8999999761581421,1.0,0.10000002384185791,0.1703144162893295,0.0056075444445014,0.1647068718448281,12.0,,,,,0.95,0.087961
RN_ASCON_FOG,4,19,gateway_A,gateway_B,0.8999999761581421,1.0,0.10000002384185791,0.2052481919527053,0.0034269052557647,0.2018212866969406,10.0,,,,,0.95,0.104338
RN_ASCON_FOG,4,20,gateway_A,gateway_B,0.9333333373069764,1.0,0.06666666269302357,0.2051539123058319,0.0035919153597205,0.2015619969461114,10.0,,,,,0.966667,0.104373
RN_ASCON_FOG,5,1,gateway_A,gateway_B,0.7333333492279053,0.7333333492279053,0.0,0.894588053226471,0.8216639161109924,0.07292413711547852,4.0,,,,,0.733333,0.858126
RN_ASCON_FOG,5,2,gateway_A,gateway_B,0.8999999761581421,0.9333333373069764,0.03333336114883434,0.1823953241109848,0.2294602543115615,0.0470649302005767,5.0,,,,,0.916667,0.205928
RN_ASCON_FOG,5,3,gateway_A,gateway_B,1.0,1.0,0.0,0.035740677267313,0.0547660551965236,0.0190253779292106,3.0,,,,,1.0,0.045253
RN_ASCON_FOG,5,4,gateway_A,gateway_B,1.0,1.0,0.0,0.0180868133902549,0.0258092954754829,0.0077224820852279975,0.0,,,,,1.0,0.021948
RN_ASCON_FOG,5,5,gateway_A,gateway_B,1.0,1.0,0.0,0.0185380671173334,0.0174497757107019,0.0010882914066314975,0.0,,,,,1.0,0.017994
RN_ASCON_FOG,5,6,gateway_A,gateway_B,0.8666666746139526,1.0,0.13333332538604736,0.3318678736686706,0.0078944507986307,0.3239734228700399,3.0,,,,,0.933333,0.169881
RN_ASCON_FOG,5,7,gateway_A,gateway_B,0.699999988079071,1.0,0.30000001192092896,0.6963855028152466,0.0188264343887567,0.6775590684264898,0.0,,,,,0.85,0.357606
RN_ASCON_FOG,5,8,gateway_A,gateway_B,0.9333333373069764,1.0,0.06666666269302357,0.2249293178319931,0.023447711020708,0.2014816068112851,3.0,,,,,0.966667,0.124189
RN_ASCON_FOG,5,9,gateway_A,gateway_B,0.8666666746139526,1.0,0.13333332538604736,0.2483589202165603,0.0131583120673894,0.2352006081491709,0.0,,,,,0.933333,0.130759
RN_ASCON_FOG,5,10,gateway_A,gateway_B,0.8999999761581421,1.0,0.10000002384185791,0.1752204746007919,0.0136104365810751,0.1616100380197168,0.0,,,,,0.95,0.094415
RN_ASCON_FOG,5,11,gateway_A,gateway_B,0.7666666507720947,0.9666666388511658,0.19999998807907104,0.7075310349464417,0.0391378030180931,0.6683932319283485,0.0,,,,,0.866667,0.373334
RN_ASCON_FOG,5,12,gateway_A,gateway_B,1.0,1.0,0.0,0.0343862362205982,0.0117755588144063,0.022610677406191902,1.0,,,,,1.0,0.023081
RN_ASCON_FOG,5,13,gateway_A,gateway_B,0.9333333373069764,1.0,0.06666666269302357,0.1359469890594482,0.0133532378822565,0.12259375117719169,1.0,,,,,0.966667,0.07465
RN_ASCON_FOG,5,14,gateway_A,gateway_B,1.0,1.0,0.0,0.0546655654907226,0.0053654164075851,0.0493001490831375,1.0,,,,,1.0,0.030015
RN_ASCON_FOG,5,15,gateway_A,gateway_B,0.9666666388511658,1.0,0.03333336114883423,0.1274474710226059,0.0062311505898833,0.1212163204327226,3.0,,,,,0.983333,0.066839
RN_ASCON_FOG,5,16,gateway_A,gateway_B,0.9333333373069764,1.0,0.06666666269302357,0.1602570414543151,0.0058776112273335,0.1543794302269816,1.0,,,,,0.966667,0.083067
RN_ASCON_FOG,5,17,gateway_A,gateway_B,0.8999999761581421,1.0,0.10000002384185791,0.4556557834148407,0.0038905192632228,0.4517652641516179,1.0,,,,,0.95,0.229773
RN_ASCON_FOG,5,18,gateway_A,gateway_B,0.9666666388511658,1.0,0.03333336114883423,0.1278378814458847,0.0048181787133216,0.1230197027325631,1.0,,,,,0.983333,0.066328
RN_ASCON_FOG,5,19,gateway_A,gateway_B,0.9333333373069764,1.0,0.06666666269302357,0.1619845479726791,0.0045408671721816,0.1574436808004975,0.0,,,,,0.966667,0.083263
RN_ASCON_FOG,5,20,gateway_A,gateway_B,0.9666666388511658,1.0,0.03333336114883423,0.0922604948282241,0.0029422061052173,0.0893182887230068,0.0,,,,,0.983333,0.047601
RN_ASCON_FOG,9,1,gateway_A,gateway_B,0.7666666507720947,0.6000000238418579,0.16666662693023682,0.7841169238090515,1.081785798072815,0.2976688742637634,1.0,,,,,0.683333,0.932951
RN_ASCON_FOG,9,2,gateway_A,gateway_B,0.8999999761581421,0.9666666388511658,0.06666666269302368,0.2168302237987518,0.1036094650626182,0.1132207587361336,3.0,,,,,0.933333,0.16022
RN_ASCON_FOG,9,3,gateway_A,gateway_B,1.0,0.9666666388511658,0.03333336114883423,0.0561292804777622,0.0753916129469871,0.019262332469224895,0.0,,,,,0.983333,0.06576
RN_ASCON_FOG,9,4,gateway_A,gateway_B,1.0,1.0,0.0,0.032218549400568,0.0284562073647975,0.003762342035770503,0.0,,,,,1.0,0.030337
RN_ASCON_FOG,9,5,gateway_A,gateway_B,1.0,1.0,0.0,0.023800428956747,0.0181796066462993,0.0056208223104477,0.0,,,,,1.0,0.02099
RN_ASCON_FOG,9,6,gateway_A,gateway_B,0.8999999761581421,0.8666666746139526,0.03333330154418945,0.179596334695816,0.4723760783672333,0.29277974367141724,4.0,,,,,0.883333,0.325986
RN_ASCON_FOG,9,7,gateway_A,gateway_B,0.7666666507720947,0.8333333134651184,0.06666666269302368,0.5708951950073242,0.3288470208644867,0.24204817414283752,6.0,,,,,0.8,0.449871
RN_ASCON_FOG,9,8,gateway_A,gateway_B,0.9333333373069764,0.699999988079071,0.23333334922790538,0.2191003412008285,0.5368138551712036,0.3177135139703751,5.0,,,,,0.816667,0.377957
RN_ASCON_FOG,9,9,gateway_A,gateway_B,0.9666666388511658,0.7333333492279053,0.2333332896232605,0.1529050320386886,0.4510984122753143,0.29819338023662567,5.0,,,,,0.85,0.302002
RN_ASCON_FOG,9,10,gateway_A,gateway_B,0.8999999761581421,0.8333333134651184,0.06666666269302368,0.3289295136928558,0.3118328154087066,0.01709669828414917,5.0,,,,,0.866667,0.320381
RN_ASCON_FOG,9,11,gateway_A,gateway_B,0.8333333134651184,0.8999999761581421,0.06666666269302368,0.393168181180954,0.2435061782598495,0.1496620029211045,5.0,,,,,0.866667,0.318337
RN_ASCON_FOG,9,12,gateway_A,gateway_B,0.8666666746139526,0.800000011920929,0.06666666269302368,0.3995705842971802,0.3609388470649719,0.03863173723220825,5.0,,,,,0.833333,0.380255
RN_ASCON_FOG,9,13,gateway_A,gateway_B,0.8999999761581421,0.9666666388511658,0.06666666269302368,0.1930913478136062,0.1406372934579849,0.05245405435562131,5.0,,,,,0.933333,0.166864
RN_ASCON_FOG,9,14,gateway_A,gateway_B,1.0,0.800000011920929,0.19999998807907104,0.0978423729538917,0.3498309552669525,0.2519885823130608,5.0,,,,,0.9,0.223837
RN_ASCON_FOG,9,15,gateway_A,gateway_B,0.8999999761581421,1.0,0.10000002384185791,0.2870287895202636,0.0652676299214363,0.2217611595988273,5.0,,,,,0.95,0.176148
RN_ASCON_FOG,9,16,gateway_A,gateway_B,0.8999999761581421,0.8999999761581421,0.0,0.1545332372188568,0.2365270256996154,0.08199378848075858,5.0,,,,,0.9,0.19553
RN_ASCON_FOG,9,17,gateway_A,gateway_B,0.9333333373069764,0.8666666746139526,0.06666666269302379,0.2314485907554626,0.3019379377365112,0.07048934698104858,5.0,,,,,0.9,0.266693
RN_ASCON_FOG,9,18,gateway_A,gateway_B,0.9666666388511658,0.9333333373069764,0.03333330154418934,0.0985069945454597,0.1819389760494232,0.08343198150396348,5.0,,,,,0.95,0.140223
RN_ASCON_FOG,9,19,gateway_A,gateway_B,0.8999999761581421,1.0,0.10000002384185791,0.2901681065559387,0.0716689452528953,0.21849916130304342,4.0,,,,,0.95,0.180919
RN_ASCON_FOG,9,20,gateway_A,gateway_B,0.9333333373069764,0.9666666388511658,0.03333330154418934,0.3459130227565765,0.1136868149042129,0.2322262078523636,4.0,,,,,0.95,0.2298
RN_ASCON_NoFOG,3,1,gateway_A,gateway_B,0.800000011920929,0.699999988079071,0.10000002384185791,0.6607889533042908,0.9278846979141236,0.2670957446098329,1.0,,,,,0.75,0.794337
RN_ASCON_NoFOG,3,2,gateway_A,gateway_B,1.0,1.0,0.0,0.0977795869112014,0.0883437544107437,0.009435832500457694,0.0,,,,,1.0,0.093062
RN_ASCON_NoFOG,3,3,gateway_A,gateway_B,0.9666666388511658,0.9666666388511658,0.0,0.0658856481313705,0.0871630981564521,0.021277450025081593,3.0,,,,,0.966667,0.076524
RN_ASCON_NoFOG,3,4,gateway_A,gateway_B,0.9666666388511658,1.0,0.03333336114883423,0.0386620685458183,0.0211145672947168,0.0175475012511015,0.0,,,,,0.983333,0.029888
RN_ASCON_NoFOG,3,5,gateway_A,gateway_B,1.0,1.0,0.0,0.0200901199132204,0.0106034241616725,0.009486695751547898,0.0,,,,,1.0,0.015347
RN_ASCON_NoFOG,3,6,gateway_A,gateway_B,0.8666666746139526,0.8333333134651184,0.03333336114883423,0.3961636424064636,0.5216277837753296,0.12546414136886597,5.0,,,,,0.85,0.458896
RN_ASCON_NoFOG,3,7,gateway_A,gateway_B,0.8999999761581421,0.800000011920929,0.09999996423721313,0.310750275850296,0.5152953267097473,0.2045450508594513,4.0,,,,,0.85,0.413023
RN_ASCON_NoFOG,3,8,gateway_A,gateway_B,0.9333333373069764,0.8666666746139526,0.06666666269302379,0.1919773668050766,0.334399551153183,0.14242218434810638,5.0,,,,,0.9,0.263188
RN_ASCON_NoFOG,3,9,gateway_A,gateway_B,0.800000011920929,0.8999999761581421,0.09999996423721313,0.3366148769855499,0.2124364525079727,0.12417842447757724,4.0,,,,,0.85,0.274526
RN_ASCON_NoFOG,3,10,gateway_A,gateway_B,0.8666666746139526,0.8666666746139526,0.0,0.3305416107177734,0.2796331346035003,0.05090847611427307,4.0,,,,,0.866667,0.305087
RN_ASCON_NoFOG,3,11,gateway_A,gateway_B,0.8666666746139526,0.8666666746139526,0.0,0.3338451683521271,0.2944017350673675,0.03944343328475958,5.0,,,,,0.866667,0.314123
RN_ASCON_NoFOG,3,12,gateway_A,gateway_B,1.0,0.8333333134651184,0.1666666865348816,0.0294286180287599,0.5400710701942444,0.5106424521654844,5.0,,,,,0.916667,0.28475
RN_ASCON_NoFOG,3,13,gateway_A,gateway_B,0.7666666507720947,0.9666666388511658,0.19999998807907104,0.5469943881034851,0.1308700442314148,0.4161243438720703,4.0,,,,,0.866667,0.338932
RN_ASCON_NoFOG,3,14,gateway_A,gateway_B,0.8666666746139526,0.8999999761581421,0.03333330154418945,0.2552396953105926,0.1660375446081161,0.0892021507024765,4.0,,,,,0.883333,0.210639
RN_ASCON_NoFOG,3,15,gateway_A,gateway_B,0.8333333134651184,0.8333333134651184,0.0,0.4282840192317962,0.182211086153984,0.24607293307781222,4.0,,,,,0.833333,0.305248
RN_ASCON_NoFOG,3,16,gateway_A,gateway_B,0.8333333134651184,0.8999999761581421,0.06666666269302368,0.3670010268688202,0.2026298195123672,0.164371207356453,4.0,,,,,0.866667,0.284815
RN_ASCON_NoFOG,3,17,gateway_A,gateway_B,0.9333333373069764,0.9333333373069764,0.0,0.2288724482059478,0.245778277516365,0.016905829310417203,4.0,,,,,0.933333,0.237325
RN_ASCON_NoFOG,3,18,gateway_A,gateway_B,0.8999999761581421,0.8666666746139526,0.03333330154418945,0.2067589610815048,0.2791094779968261,0.07235051691532132,4.0,,,,,0.883333,0.242934
RN_ASCON_NoFOG,3,19,gateway_A,gateway_B,0.8333333134651184,0.8999999761581421,0.06666666269302368,0.3577796518802643,0.2684263586997986,0.0893532931804657,5.0,,,,,0.866667,0.313103
RN_ASCON_NoFOG,3,20,gateway_A,gateway_B,0.7333333492279053,0.8999999761581421,0.16666662693023682,0.3876812756061554,0.184416577219963,0.2032646983861924,4.0,,,,,0.816667,0.286049
RN_ASCON_NoFOG,3,21,gateway_A,gateway_B,0.8999999761581421,0.8999999761581421,0.0,0.1882566958665847,0.1796846687793731,0.008572027087211581,5.0,,,,,0.9,0.183971
RN_ASCON_NoFOG,3,22,gateway_A,gateway_B,0.8333333134651184,0.9333333373069764,0.10000002384185802,0.2701002359390259,0.196549504995346,0.07355073094367987,5.0,,,,,0.883333,0.233325
RN_ASCON_NoFOG,3,23,gateway_A,gateway_B,0.8666666746139526,0.9333333373069764,0.06666666269302379,0.1867788881063461,0.142527163028717,0.04425172507762909,5.0,,,,,0.9,0.164653
RN_ASCON_NoFOG,3,24,gateway_A,gateway_B,0.8999999761581421,0.8666666746139526,0.03333330154418945,0.1688563674688339,0.350064605474472,0.1812082380056381,5.0,,,,,0.883333,0.25946
RN_ASCON_NoFOG,3,25,gateway_A,gateway_B,0.8999999761581421,0.9666666388511658,0.06666666269302368,0.1650479286909103,0.1392418593168258,0.0258060693740845,5.0,,,,,0.933333,0.152145
RN_ASCON_NoFOG,3,26,gateway_A,gateway_B,0.9666666388511658,1.0,0.03333336114883423,0.1786053329706192,0.0813494399189949,0.0972558930516243,4.0,,,,,0.983333,0.129977
RN_ASCON_NoFOG,3,27,gateway_A,gateway_B,0.9333333373069764,0.9666666388511658,0.03333330154418934,0.1983518600463867,0.1402409970760345,0.0581108629703522,5.0,,,,,0.95,0.169296
RN_ASCON_NoFOG,3,28,gateway_A,gateway_B,0.9333333373069764,0.9666666388511658,0.03333330154418934,0.1471989750862121,0.1009245812892913,0.046274393796920804,4.0,,,,,0.95,0.124062
RN_ASCON_NoFOG,3,29,gateway_A,gateway_B,0.9333333373069764,0.8999999761581421,0.03333336114883434,0.1001088246703147,0.2963253259658813,0.1962165012955666,4.0,,,,,0.916667,0.198217
RN_ASCON_NoFOG,3,30,gateway_A,gateway_B,0.9333333373069764,0.8999999761581421,0.03333336114883434,0.1777136772871017,0.2518158555030823,0.07410217821598059,5.0,,,,,0.916667,0.214765
RN_ASCON_NoFOG,4,1,gateway_A,gateway_B,0.6666666865348816,0.6666666865348816,0.0,0.8778215050697327,0.8518619537353516,0.025959551334381104,0.0,,,,,0.666667,0.864842
RN_ASCON_NoFOG,4,2,gateway_A,gateway_B,0.9333333373069764,0.9333333373069764,0.0,0.1583544760942459,0.1560298055410385,0.0023246705532073975,0.0,,,,,0.933333,0.157192
RN_ASCON_NoFOG,4,3,gateway_A,gateway_B,1.0,1.0,0.0,0.06561841070652,0.0305981040000915,0.0350203067064285,0.0,,,,,1.0,0.048108
RN_ASCON_NoFOG,4,4,gateway_A,gateway_B,0.9666666388511658,1.0,0.03333336114883423,0.2073262482881546,0.0172589141875505,0.1900673341006041,2.0,,,,,0.983333,0.112293
RN_ASCON_NoFOG,4,5,gateway_A,gateway_B,0.9666666388511658,1.0,0.03333336114883423,0.079812966287136,0.0207184199243783,0.0590945463627577,0.0,,,,,0.983333,0.050266
RN_ASCON_NoFOG,4,6,gateway_A,gateway_B,0.8666666746139526,1.0,0.13333332538604736,0.4913859665393829,0.027023883536458,0.46436208300292486,1.0,,,,,0.933333,0.259205
RN_ASCON_NoFOG,4,7,gateway_A,gateway_B,0.8999999761581421,1.0,0.10000002384185791,0.1844680607318878,0.0139822149649262,0.1704858457669616,1.0,,,,,0.95,0.099225
RN_ASCON_NoFOG,4,8,gateway_A,gateway_B,0.8666666746139526,1.0,0.13333332538604736,0.4348771274089813,0.0346436351537704,0.40023349225521093,0.0,,,,,0.933333,0.23476
RN_ASCON_NoFOG,4,9,gateway_A,gateway_B,0.8333333134651184,1.0,0.1666666865348816,0.4565137922763824,0.0102854557335376,0.4462283365428448,3.0,,,,,0.916667,0.2334
RN_ASCON_NoFOG,4,10,gateway_A,gateway_B,0.8999999761581421,1.0,0.10000002384185791,0.2309491038322448,0.0144890826195478,0.216460021212697,2.0,,,,,0.95,0.122719
RN_ASCON_NoFOG,4,11,gateway_A,gateway_B,1.0,1.0,0.0,0.0991340577602386,0.0091447830200195,0.0899892747402191,3.0,,,,,1.0,0.054139
RN_ASCON_NoFOG,4,12,gateway_A,gateway_B,0.8333333134651184,1.0,0.1666666865348816,0.3806181848049164,0.0153994681313633,0.3652187166735531,1.0,,,,,0.916667,0.198009
RN_ASCON_NoFOG,4,13,gateway_A,gateway_B,0.8999999761581421,1.0,0.10000002384185791,0.1604587286710739,0.0278361495584249,0.13262257911264902,0.0,,,,,0.95,0.094147
RN_ASCON_NoFOG,4,14,gateway_A,gateway_B,0.8666666746139526,1.0,0.13333332538604736,0.2047582119703292,0.0076103564351797,0.1971478555351495,0.0,,,,,0.933333,0.106184
RN_ASCON_NoFOG,4,15,gateway_A,gateway_B,0.8666666746139526,1.0,0.13333332538604736,0.355570912361145,0.0068574091419577,0.3487135032191873,3.0,,,,,0.933333,0.181214
RN_ASCON_NoFOG,4,16,gateway_A,gateway_B,0.8666666746139526,1.0,0.13333332538604736,0.4492025971412658,0.0068125976249575,0.4423899995163083,0.0,,,,,0.933333,0.228008
RN_ASCON_NoFOG,4,17,gateway_A,gateway_B,0.9666666388511658,1.0,0.03333336114883423,0.1135342791676521,0.0041675637476146,0.10936671542003751,0.0,,,,,0.983333,0.058851
RN_ASCON_NoFOG,4,18,gateway_A,gateway_B,0.800000011920929,1.0,0.19999998807907104,0.3205752670764923,0.0172545947134494,0.3033206723630429,0.0,,,,,0.9,0.168915
RN_ASCON_NoFOG,4,19,gateway_A,gateway_B,1.0,1.0,0.0,0.0898922309279441,0.0060940161347389,0.0837982147932052,1.0,,,,,1.0,0.047993
RN_ASCON_NoFOG,4,20,gateway_A,gateway_B,0.9666666388511658,1.0,0.03333336114883423,0.0699544325470924,0.0041943807154893,0.06576005183160309,0.0,,,,,0.983333,0.037074
RN_ASCON_NoFOG,5,1,gateway_A,gateway_B,0.7333333492279053,0.7666666507720947,0.03333330154418945,0.9979569911956788,0.6872164607048035,0.31074053049087536,1.0,,,,,0.75,0.842587
RN_ASCON_NoFOG,5,2,gateway_A,gateway_B,1.0,0.9666666388511658,0.03333336114883423,0.0837436839938163,0.1259943842887878,0.04225070029497148,0.0,,,,,0.983333,0.104869
RN_ASCON_NoFOG,5,3,gateway_A,gateway_B,1.0,1.0,0.0,0.0367907434701919,0.0305142775177955,0.0062764659523964,0.0,,,,,1.0,0.033653
RN_ASCON_NoFOG,5,4,gateway_A,gateway_B,1.0,1.0,0.0,0.0207193829119205,0.0118527403101325,0.008866642601787999,0.0,,,,,1.0,0.016286
RN_ASCON_NoFOG,5,5,gateway_A,gateway_B,1.0,1.0,0.0,0.0187919232994318,0.0127656739205122,0.0060262493789196014,0.0,,,,,1.0,0.015779
RN_ASCON_NoFOG,5,6,gateway_A,gateway_B,0.8666666746139526,1.0,0.13333332538604736,0.3400307595729828,0.0204292554408311,0.3196015041321517,0.0,,,,,0.933333,0.18023
RN_ASCON_NoFOG,5,7,gateway_A,gateway_B,0.800000011920929,1.0,0.19999998807907104,0.684702455997467,0.0279265530407428,0.6567759029567243,0.0,,,,,0.9,0.356315
RN_ASCON_NoFOG,5,8,gateway_A,gateway_B,0.9333333373069764,1.0,0.06666666269302357,0.2494259774684906,0.0125626716762781,0.2368633057922125,0.0,,,,,0.966667,0.130994
RN_ASCON_NoFOG,5,9,gateway_A,gateway_B,0.8666666746139526,1.0,0.13333332538604736,0.3235123753547668,0.0123695135116577,0.3111428618431091,0.0,,,,,0.933333,0.167941
RN_ASCON_NoFOG,5,10,gateway_A,gateway_B,0.8666666746139526,1.0,0.13333332538604736,0.3537425100803375,0.0216938611119985,0.332048648968339,0.0,,,,,0.933333,0.187718
RN_ASCON_NoFOG,5,11,gateway_A,gateway_B,0.8666666746139526,1.0,0.13333332538604736,0.4047148525714874,0.0130163626745343,0.3916984898969531,0.0,,,,,0.933333,0.208866
RN_ASCON_NoFOG,5,12,gateway_A,gateway_B,0.8999999761581421,1.0,0.10000002384185791,0.2428942173719406,0.0073039052076637,0.23559031216427692,0.0,,,,,0.95,0.125099
RN_ASCON_NoFOG,5,13,gateway_A,gateway_B,0.8666666746139526,1.0,0.13333332538604736,0.4399670362472534,0.006875870283693,0.4330911659635604,0.0,,,,,0.933333,0.223421
RN_ASCON_NoFOG,5,14,gateway_A,gateway_B,0.800000011920929,1.0,0.19999998807907104,0.4413631856441498,0.0164571721106767,0.42490601353347307,1.0,,,,,0.9,0.22891
RN_ASCON_NoFOG,5,15,gateway_A,gateway_B,0.8333333134651184,1.0,0.1666666865348816,0.3617232739925384,0.0066365203820168,0.3550867536105216,1.0,,,,,0.916667,0.18418
RN_ASCON_NoFOG,5,16,gateway_A,gateway_B,0.800000011920929,1.0,0.19999998807907104,0.3585945963859558,0.0082376208156347,0.3503569755703211,0.0,,,,,0.9,0.183416
RN_ASCON_NoFOG,5,17,gateway_A,gateway_B,0.9666666388511658,1.0,0.03333336114883423,0.23537677526474,0.0032793716527521,0.23209740361198788,0.0,,,,,0.983333,0.119328
RN_ASCON_NoFOG,5,18,gateway_A,gateway_B,0.9666666388511658,1.0,0.03333336114883423,0.058629035949707,0.0114304898306727,0.0471985461190343,0.0,,,,,0.983333,0.03503
RN_ASCON_NoFOG,5,19,gateway_A,gateway_B,0.9333333373069764,1.0,0.06666666269302357,0.243057906627655,0.0099791996181011,0.2330787070095539,1.0,,,,,0.966667,0.126519
RN_ASCON_NoFOG,5,20,gateway_A,gateway_B,0.9666666388511658,1.0,0.03333336114883423,0.074266143143177,0.0030269373673945,0.07123920577578251,0.0,,,,,0.983333,0.038647
RN_ASCON_NoFOG,6,1,gateway_A,gateway_B,0.7666666507720947,0.7333333492279053,0.03333330154418945,0.9114301204681396,1.1237525939941406,0.21232247352600098,25.0,,,,,0.75,1.017591
RN_ASCON_NoFOG,6,3,gateway_A,gateway_B,1.0,1.0,0.0,0.0387609675526618,0.031130826100707,0.0076301414519548,47.0,,,,,1.0,0.034946
RN_ASCON_NoFOG,6,4,gateway_A,gateway_B,1.0,1.0,0.0,0.018571900203824,0.0312522836029529,0.0126803833991289,20.0,,,,,1.0,0.024912
RN_ASCON_NoFOG,6,5,gateway_A,gateway_B,1.0,1.0,0.0,0.0108089260756969,0.0105171296745538,0.00029179640114310006,5.0,,,,,1.0,0.010663
RN_ASCON_NoFOG,6,6,gateway_A,gateway_B,0.8333333134651184,1.0,0.1666666865348816,0.5884392857551575,0.0053089414723217,0.5831303442828357,9.0,,,,,0.916667,0.296874
RN_ASCON_NoFOG,6,7,gateway_A,gateway_B,0.8999999761581421,1.0,0.10000002384185791,0.4216656386852264,0.005552040413022,0.4161135982722044,11.0,,,,,0.95,0.213609
RN_ASCON_NoFOG,6,8,gateway_A,gateway_B,0.9666666388511658,1.0,0.03333336114883423,0.1067098453640937,0.0172085240483284,0.0895013213157653,12.0,,,,,0.983333,0.061959
RN_ASCON_NoFOG,6,9,gateway_A,gateway_B,0.8333333134651184,1.0,0.1666666865348816,0.3139874339103699,0.0434439517557621,0.2705434821546078,10.0,,,,,0.916667,0.178716
RN_ASCON_NoFOG,6,10,gateway_A,gateway_B,0.9666666388511658,1.0,0.03333336114883423,0.2536977529525757,0.0139446770772337,0.23975307587534198,9.0,,,,,0.983333,0.133821
RN_ASCON_NoFOG,6,11,gateway_A,gateway_B,0.8333333134651184,1.0,0.1666666865348816,0.4470697343349457,0.0087181432172656,0.4383515911176801,10.0,,,,,0.916667,0.227894
RN_ASCON_NoFOG,6,12,gateway_A,gateway_B,0.9666666388511658,1.0,0.03333336114883423,0.1042809784412384,0.0059820665046572,0.0982989119365812,10.0,,,,,0.983333,0.055132
RN_ASCON_NoFOG,6,13,gateway_A,gateway_B,0.9333333373069764,1.0,0.06666666269302357,0.1335808187723159,0.0059147202409803,0.1276660985313356,10.0,,,,,0.966667,0.069748
RN_ASCON_NoFOG,6,14,gateway_A,gateway_B,0.9666666388511658,1.0,0.03333336114883423,0.1140563488006591,0.0049460949376225,0.10911025386303659,10.0,,,,,0.983333,0.059501
RN_ASCON_NoFOG,6,15,gateway_A,gateway_B,0.9333333373069764,1.0,0.06666666269302357,0.2188514918088913,0.0053393370471894,0.2135121547617019,10.0,,,,,0.966667,0.112095
RN_ASCON_NoFOG,6,16,gateway_A,gateway_B,0.9333333373069764,1.0,0.06666666269302357,0.2601090669631958,0.0034436960704624,0.2566653708927334,10.0,,,,,0.966667,0.131776
RN_ASCON_NoFOG,6,17,gateway_A,gateway_B,0.8999999761581421,1.0,0.10000002384185791,0.3441801071166992,0.0082168318331241,0.3359632752835751,10.0,,,,,0.95,0.176198
RN_ASCON_NoFOG,6,18,gateway_A,gateway_B,0.9666666388511658,1.0,0.03333336114883423,0.146576702594757,0.0029435888864099,0.1436331137083471,10.0,,,,,0.983333,0.07476
RN_ASCON_NoFOG,6,19,gateway_A,gateway_B,0.9333333373069764,1.0,0.06666666269302357,0.3577962219715118,0.0061634718440473,0.3516327501274645,10.0,,,,,0.966667,0.18198
RN_ASCON_NoFOG,6,20,gateway_A,gateway_B,0.8333333134651184,1.0,0.1666666865348816,0.471945583820343,0.00383031507954,0.468115268740803,10.0,,,,,0.916667,0.237888
RN_ASCON_NoFOG,7,1,gateway_A,gateway_B,0.8333333134651184,0.7666666507720947,0.06666666269302368,0.641818106174469,0.7261812686920166,0.08436316251754761,3.0,,,,,0.8,0.684
RN_ASCON_NoFOG,7,2,gateway_A,gateway_B,0.9333333373069764,0.9333333373069764,0.0,0.1954600661993026,0.2990980744361877,0.1036380082368851,5.0,,,,,0.933333,0.247279
RN_ASCON_NoFOG,7,3,gateway_A,gateway_B,1.0,0.8999999761581421,0.10000002384185791,0.0845387056469917,0.1768369972705841,0.0922982916235924,7.0,,,,,0.95,0.130688
RN_ASCON_NoFOG,7,4,gateway_A,gateway_B,1.0,1.0,0.0,0.044970329850912,0.0629687532782554,0.017998423427343396,5.0,,,,,1.0,0.05397
RN_ASCON_NoFOG,7,5,gateway_A,gateway_B,1.0,1.0,0.0,0.0125239193439483,0.0321993045508861,0.019675385206937797,7.0,,,,,1.0,0.022362
RN_ASCON_NoFOG,7,6,gateway_A,gateway_B,0.9666666388511658,1.0,0.03333336114883423,0.1187634691596031,0.0242622401565313,0.09450122900307181,11.0,,,,,0.983333,0.071513
RN_ASCON_NoFOG,7,7,gateway_A,gateway_B,0.8333333134651184,1.0,0.1666666865348816,0.4210096597671509,0.0067052636295557,0.4143043961375952,10.0,,,,,0.916667,0.213857
RN_ASCON_NoFOG,7,8,gateway_A,gateway_B,0.8333333134651184,1.0,0.1666666865348816,0.2763790190219879,0.024155979976058,0.2522230390459299,10.0,,,,,0.916667,0.150267
RN_ASCON_NoFOG,7,9,gateway_A,gateway_B,0.8666666746139526,1.0,0.13333332538604736,0.3046396672725677,0.0060663651674985,0.2985733021050692,10.0,,,,,0.933333,0.155353
RN_ASCON_NoFOG,7,10,gateway_A,gateway_B,0.8333333134651184,1.0,0.1666666865348816,0.2716341018676758,0.0091970320791006,0.2624370697885752,10.0,,,,,0.916667,0.140416
RN_ASCON_NoFOG,7,11,gateway_A,gateway_B,0.9666666388511658,1.0,0.03333336114883423,0.1819391399621963,0.0139342993497848,0.1680048406124115,11.0,,,,,0.983333,0.097937
RN_ASCON_NoFOG,7,12,gateway_A,gateway_B,1.0,1.0,0.0,0.036469180136919,0.0107252178713679,0.0257439622655511,11.0,,,,,1.0,0.023597
RN_ASCON_NoFOG,7,13,gateway_A,gateway_B,0.8999999761581421,1.0,0.10000002384185791,0.2250544130802154,0.0051034679636359,0.2199509451165795,10.0,,,,,0.95,0.115079
RN_ASCON_NoFOG,7,14,gateway_A,gateway_B,1.0,1.0,0.0,0.0222837533801794,0.0246160347014665,0.002332281321287103,10.0,,,,,1.0,0.02345
RN_ASCON_NoFOG,7,15,gateway_A,gateway_B,0.8999999761581421,1.0,0.10000002384185791,0.2234421670436859,0.003068552352488,0.2203736146911979,10.0,,,,,0.95,0.113255
RN_ASCON_NoFOG,7,16,gateway_A,gateway_B,0.9666666388511658,1.0,0.03333336114883423,0.1474793255329132,0.0033089569769799,0.14417036855593332,12.0,,,,,0.983333,0.075394
RN_ASCON_NoFOG,7,17,gateway_A,gateway_B,0.9333333373069764,1.0,0.06666666269302357,0.2356305718421936,0.0032107064034789,0.2324198654387147,10.0,,,,,0.966667,0.119421
RN_ASCON_NoFOG,7,18,gateway_A,gateway_B,0.9333333373069764,1.0,0.06666666269302357,0.1832967102527618,0.0258678384125232,0.15742887184023863,9.0,,,,,0.966667,0.104582
RN_ASCON_NoFOG,7,19,gateway_A,gateway_B,0.8999999761581421,1.0,0.10000002384185791,0.2237275689840316,0.004001151304692,0.2197264176793396,10.0,,,,,0.95,0.113864
RN_ASCON_NoFOG,7,20,gateway_A,gateway_B,0.9333333373069764,1.0,0.06666666269302357,0.2819399535655975,0.0217866469174623,0.2601533066481352,12.0,,,,,0.966667,0.151863
RN_ASCON_NoFOG,8,1,gateway_A,gateway_B,0.7666666507720947,0.800000011920929,0.03333336114883423,0.9223887324333192,0.6797438263893127,0.24264490604400646,0.0,,,,,0.783333,0.801066
RN_ASCON_NoFOG,8,2,gateway_A,gateway_B,0.9666666388511658,0.9666666388511658,0.0,0.1152966395020484,0.1506079137325287,0.03531127423048029,0.0,,,,,0.966667,0.132952
RN_ASCON_NoFOG,8,3,gateway_A,gateway_B,1.0,1.0,0.0,0.0507910959422588,0.0451005138456821,0.005690582096576698,1.0,,,,,1.0,0.047946
RN_ASCON_NoFOG,8,4,gateway_A,gateway_B,1.0,1.0,0.0,0.0259986892342567,0.030013557523489,0.004014868289232299,0.0,,,,,1.0,0.028006
RN_ASCON_NoFOG,8,5,gateway_A,gateway_B,1.0,1.0,0.0,0.0105302315205335,0.0143133690580725,0.003783137537539,5.0,,,,,1.0,0.012422
RN_ASCON_NoFOG,8,6,gateway_A,gateway_B,0.7666666507720947,1.0,0.23333334922790527,0.7429535984992981,0.0087877167388796,0.7341658817604185,6.0,,,,,0.883333,0.375871
RN_ASCON_NoFOG,8,7,gateway_A,gateway_B,0.9666666388511658,1.0,0.03333336114883423,0.1697461456060409,0.0181665029376745,0.1515796426683664,5.0,,,,,0.983333,0.093956
RN_ASCON_NoFOG,8,8,gateway_A,gateway_B,0.8999999761581421,1.0,0.10000002384185791,0.1889974325895309,0.0147825041785836,0.1742149284109473,5.0,,,,,0.95,0.10189
RN_ASCON_NoFOG,8,9,gateway_A,gateway_B,0.8999999761581421,1.0,0.10000002384185791,0.2741398215293884,0.0091381333768367,0.2650016881525517,5.0,,,,,0.95,0.141639
RN_ASCON_NoFOG,8,10,gateway_A,gateway_B,0.8333333134651184,1.0,0.1666666865348816,0.450334221124649,0.0358985178172588,0.4144357033073902,5.0,,,,,0.916667,0.243116
RN_ASCON_NoFOG,8,11,gateway_A,gateway_B,0.8666666746139526,1.0,0.13333332538604736,0.2971599698066711,0.0099184727296233,0.28724149707704777,4.0,,,,,0.933333,0.153539
RN_ASCON_NoFOG,8,12,gateway_A,gateway_B,0.9333333373069764,1.0,0.06666666269302357,0.2175629734992981,0.0109269954264163,0.2066359780728818,7.0,,,,,0.966667,0.114245
RN_ASCON_NoFOG,8,13,gateway_A,gateway_B,0.800000011920929,1.0,0.19999998807907104,0.314892441034317,0.0192167703062295,0.29567567072808754,7.0,,,,,0.9,0.167055
RN_ASCON_NoFOG,8,14,gateway_A,gateway_B,0.9666666388511658,1.0,0.03333336114883423,0.1138919442892074,0.0109542459249496,0.1029376983642578,2.0,,,,,0.983333,0.062423
RN_ASCON_NoFOG,8,15,gateway_A,gateway_B,0.9333333373069764,1.0,0.06666666269302357,0.1746582090854644,0.0136112095788121,0.1610469995066523,1.0,,,,,0.966667,0.094135
RN_ASCON_NoFOG,8,16,gateway_A,gateway_B,0.9666666388511658,1.0,0.03333336114883423,0.101975180208683,0.0030825191643089,0.0988926610443741,0.0,,,,,0.983333,0.052529
RN_ASCON_NoFOG,8,17,gateway_A,gateway_B,1.0,1.0,0.0,0.0219226013869047,0.0052394513040781,0.0166831500828266,0.0,,,,,1.0,0.013581
RN_ASCON_NoFOG,8,18,gateway_A,gateway_B,0.8666666746139526,1.0,0.13333332538604736,0.2409465759992599,0.0065407431684434,0.2344058328308165,0.0,,,,,0.933333,0.123744
RN_ASCON_NoFOG,8,19,gateway_A,gateway_B,0.9333333373069764,1.0,0.06666666269302357,0.2105444073677063,0.0043899966403841,0.2061544107273222,0.0,,,,,0.966667,0.107467
RN_ASCON_NoFOG,8,20,gateway_A,gateway_B,0.8999999761581421,1.0,0.10000002384185791,0.2964580655097961,0.00736776413396,0.2890903013758361,0.0,,,,,0.95,0.151913
RN_ASCON_NoFOG,9,1,gateway_A,gateway_B,0.800000011920929,0.800000011920929,0.0,0.5612294673919678,0.5557125210762024,0.005516946315765381,1.0,,,,,0.8,0.558471
RN_ASCON_NoFOG,9,2,gateway_A,gateway_B,1.0,0.9333333373069764,0.06666666269302357,0.0916161686182022,0.189937025308609,0.09832085669040681,0.0,,,,,0.966667,0.140777
RN_ASCON_NoFOG,9,3,gateway_A,gateway_B,1.0,1.0,0.0,0.0254339594393968,0.0529874004423618,0.027553441002964998,3.0,,,,,1.0,0.039211
RN_ASCON_NoFOG,9,4,gateway_A,gateway_B,1.0,1.0,0.0,0.0324813872575759,0.0173258762806653,0.015155510976910598,0.0,,,,,1.0,0.024904
RN_ASCON_NoFOG,9,5,gateway_A,gateway_B,0.9666666388511658,1.0,0.03333336114883423,0.2395325154066085,0.0320034697651863,0.2075290456414222,5.0,,,,,0.983333,0.135768
RN_ASCON_NoFOG,9,6,gateway_A,gateway_B,0.800000011920929,0.800000011920929,0.0,0.5766676664352417,0.4087181389331817,0.16794952750206,0.0,,,,,0.8,0.492693
RN_ASCON_NoFOG,9,7,gateway_A,gateway_B,0.8999999761581421,0.8666666746139526,0.03333330154418945,0.2113615721464157,0.3644654154777527,0.15310384333133698,1.0,,,,,0.883333,0.287913
RN_ASCON_NoFOG,9,8,gateway_A,gateway_B,0.9333333373069764,0.8666666746139526,0.06666666269302379,0.1543029397726059,0.3589133620262146,0.2046104222536087,0.0,,,,,0.9,0.256608
RN_ASCON_NoFOG,9,9,gateway_A,gateway_B,0.8333333134651184,0.8666666746139526,0.03333336114883423,0.3553286492824554,0.2351197749376297,0.12020887434482569,0.0,,,,,0.85,0.295224
RN_ASCON_NoFOG,9,10,gateway_A,gateway_B,0.7666666507720947,0.9666666388511658,0.19999998807907104,0.5990232825279236,0.1078101769089698,0.4912131056189538,0.0,,,,,0.866667,0.353417
RN_ASCON_NoFOG,9,11,gateway_A,gateway_B,0.8333333134651184,0.8333333134651184,0.0,0.3462404310703277,0.3249226212501526,0.021317809820175115,1.0,,,,,0.833333,0.335582
RN_ASCON_NoFOG,9,12,gateway_A,gateway_B,1.0,0.7333333492279053,0.2666666507720947,0.0835349410772323,0.4551630914211273,0.371628150343895,1.0,,,,,0.866667,0.269349
RN_ASCON_NoFOG,9,13,gateway_A,gateway_B,0.9666666388511658,0.9666666388511658,0.0,0.1283881366252899,0.1049019172787666,0.023486219346523285,1.0,,,,,0.966667,0.116645
RN_ASCON_NoFOG,9,14,gateway_A,gateway_B,0.9666666388511658,0.9333333373069764,0.03333330154418934,0.1245232447981834,0.2882060408592224,0.16368279606103903,0.0,,,,,0.95,0.206365
RN_ASCON_NoFOG,9,15,gateway_A,gateway_B,1.0,0.9333333373069764,0.06666666269302357,0.0874937325716018,0.1805576533079147,0.09306392073631291,0.0,,,,,0.966667,0.134026
RN_ASCON_NoFOG,9,16,gateway_A,gateway_B,0.9333333373069764,0.9333333373069764,0.0,0.1675271838903427,0.1853497326374054,0.017822548747062683,0.0,,,,,0.933333,0.176438
RN_ASCON_NoFOG,9,17,gateway_A,gateway_B,0.8666666746139526,0.7333333492279053,0.13333332538604736,0.1816011816263198,0.645965576171875,0.4643643945455552,1.0,,,,,0.8,0.413783
RN_ASCON_NoFOG,9,18,gateway_A,gateway_B,0.9666666388511658,0.9333333373069764,0.03333330154418934,0.1387568265199661,0.2213097214698791,0.082552894949913,0.0,,,,,0.95,0.180033
RN_ASCON_NoFOG,9,19,gateway_A,gateway_B,0.8999999761581421,0.9666666388511658,0.06666666269302368,0.2859277725219726,0.1074439734220504,0.17848379909992218,0.0,,,,,0.933333,0.196686
RN_ASCON_NoFOG,9,20,gateway_A,gateway_B,0.8666666746139526,1.0,0.13333332538604736,0.2851769626140594,0.0710382685065269,0.2141386941075325,0.0,,,,,0.933333,0.178108
RN_ASCON_NoFOG,10,1,gateway_A,gateway_B,0.7333333492279053,0.800000011920929,0.06666666269302368,0.7262839674949646,0.707461953163147,0.018822014331817627,2.0,,,,,0.766667,0.716873
RN_ASCON_NoFOG,10,2,gateway_A,gateway_B,0.9333333373069764,1.0,0.06666666269302357,0.1815472394227981,0.098659761250019,0.0828874781727791,1.0,,,,,0.966667,0.140104
RN_ASCON_NoFOG,10,3,gateway_A,gateway_B,1.0,1.0,0.0,0.0379756279289722,0.036402154713869,0.001573473215103205,0.0,,,,,1.0,0.037189
RN_ASCON_NoFOG,10,4,gateway_A,gateway_B,1.0,1.0,0.0,0.0141655951738357,0.0188718754798173,0.0047062803059816,0.0,,,,,1.0,0.016519
RN_ASCON_NoFOG,10,5,gateway_A,gateway_B,1.0,1.0,0.0,0.0199501439929008,0.0111335357651114,0.0088166082277894,1.0,,,,,1.0,0.015542
RN_ASCON_NoFOG,10,6,gateway_A,gateway_B,1.0,1.0,0.0,0.0046235485933721,0.014365404844284,0.0097418562509119,1.0,,,,,1.0,0.009494
RN_ASCON_NoFOG,10,7,gateway_A,gateway_B,0.9666666388511658,1.0,0.03333336114883423,0.1986551284790039,0.0236007701605558,0.1750543583184481,2.0,,,,,0.983333,0.111128
RN_ASCON_NoFOG,10,8,gateway_A,gateway_B,0.8999999761581421,0.800000011920929,0.09999996423721313,0.2892778813838959,0.5771833062171936,0.28790542483329773,1.0,,,,,0.85,0.433231
RN_ASCON_NoFOG,10,9,gateway_A,gateway_B,0.8333333134651184,0.9333333373069764,0.10000002384185802,0.5356265902519226,0.2177537977695465,0.3178727924823761,0.0,,,,,0.883333,0.37669
RN_ASCON_NoFOG,10,10,gateway_A,gateway_B,0.8333333134651184,0.8999999761581421,0.06666666269302368,0.4842453002929687,0.3671661913394928,0.1170791089534759,0.0,,,,,0.866667,0.425706
RN_ASCON_NoFOG,10,11,gateway_A,gateway_B,0.800000011920929,0.8999999761581421,0.09999996423721313,0.4104988276958465,0.2371762543916702,0.1733225733041763,0.0,,,,,0.85,0.323838
RN_ASCON_NoFOG,10,12,gateway_A,gateway_B,0.8999999761581421,0.9666666388511658,0.06666666269302368,0.1842896491289138,0.1891092956066131,0.0048196464776993075,0.0,,,,,0.933333,0.186699
RN_ASCON_NoFOG,10,13,gateway_A,gateway_B,0.8666666746139526,0.8333333134651184,0.03333336114883423,0.2874134182929992,0.2891633808612823,0.001749962568283081,1.0,,,,,0.85,0.288288
RN_ASCON_NoFOG,10,14,gateway_A,gateway_B,0.8999999761581421,0.9333333373069764,0.03333336114883434,0.2624858915805816,0.1716333329677581,0.09085255861282351,1.0,,,,,0.916667,0.21706
RN_ASCON_NoFOG,10,15,gateway_A,gateway_B,0.8999999761581421,0.8666666746139526,0.03333330154418945,0.2177488654851913,0.2321327477693557,0.014383882284164401,0.0,,,,,0.883333,0.224941
RN_ASCON_NoFOG,10,16,gateway_A,gateway_B,0.9333333373069764,0.8999999761581421,0.03333336114883434,0.2514927685260772,0.3057315051555633,0.054238736629486084,3.0,,,,,0.916667,0.278612
RN_ASCON_NoFOG,10,17,gateway_A,gateway_B,0.9333333373069764,0.9333333373069764,0.0,0.2298083007335662,0.2917770445346832,0.06196874380111703,4.0,,,,,0.933333,0.260793
RN_ASCON_NoFOG,10,18,gateway_A,gateway_B,0.8333333134651184,0.9333333373069764,0.10000002384185802,0.254050999879837,0.2227576524019241,0.031293347477912875,2.0,,,,,0.883333,0.238404
RN_ASCON_NoFOG,10,19,gateway_A,gateway_B,0.8666666746139526,0.9333333373069764,0.06666666269302379,0.2163440287113189,0.203701451420784,0.01264257729053489,1.0,,,,,0.9,0.210023
RN_ASCON_NoFOG,10,20,gateway_A,gateway_B,0.8999999761581421,0.9666666388511658,0.06666666269302368,0.1571979373693466,0.1225082948803901,0.03468964248895649,0.0,,,,,0.933333,0.139853
RN_ASCON_NoFOG,11,1,gateway_A,gateway_B,0.7666666507720947,0.7333333492279053,0.03333330154418945,0.6917151212692261,1.1214922666549685,0.4297771453857424,0.0,,,,,0.75,0.906604
RN_ASCON_NoFOG,11,2,gateway_A,gateway_B,0.9666666388511658,0.9333333373069764,0.03333330154418934,0.1799287647008896,0.1363951414823532,0.04353362321853638,0.0,,,,,0.95,0.158162
RN_ASCON_NoFOG,11,3,gateway_A,gateway_B,0.9666666388511658,1.0,0.03333336114883423,0.0887817367911338,0.0362218581140041,0.0525598786771297,0.0,,,,,0.983333,0.062502
RN_ASCON_NoFOG,11,4,gateway_A,gateway_B,1.0,1.0,0.0,0.0180434305220842,0.0273073632270097,0.009263932704925499,0.0,,,,,1.0,0.022675
RN_ASCON_NoFOG,11,5,gateway_A,gateway_B,1.0,1.0,0.0,0.0046903332695364,0.0201068837195634,0.015416550450027001,5.0,,,,,1.0,0.012399
RN_ASCON_NoFOG,11,6,gateway_A,gateway_B,1.0,0.800000011920929,0.19999998807907104,0.0055918670259416,0.4795337319374084,0.4739418649114668,5.0,,,,,0.9,0.242563
RN_ASCON_NoFOG,11,7,gateway_A,gateway_B,0.9666666388511658,0.9333333373069764,0.03333330154418934,0.083684854209423,0.2842716872692108,0.2005868330597878,6.0,,,,,0.95,0.183978
RN_ASCON_NoFOG,11,8,gateway_A,gateway_B,1.0,0.800000011920929,0.19999998807907104,0.0220449045300483,0.4861887693405151,0.46414386481046677,6.0,,,,,0.9,0.254117
RN_ASCON_NoFOG,11,9,gateway_A,gateway_B,1.0,0.9333333373069764,0.06666666269302357,0.0237851701676845,0.2136812806129455,0.189896110445261,5.0,,,,,0.966667,0.118733
RN_ASCON_NoFOG,11,10,gateway_A,gateway_B,1.0,0.9333333373069764,0.06666666269302357,0.0168476477265357,0.2274262756109237,0.21057862788438803,6.0,,,,,0.966667,0.122137
RN_ASCON_NoFOG,11,11,gateway_A,gateway_B,0.9666666388511658,0.8333333134651184,0.13333332538604736,0.0606987960636615,0.4157622754573822,0.3550634793937207,5.0,,,,,0.9,0.238231
RN_ASCON_NoFOG,11,12,gateway_A,gateway_B,1.0,0.8666666746139526,0.13333332538604736,0.0068825483322143,0.3630345165729522,0.3561519682407379,6.0,,,,,0.933333,0.184959
RN_ASCON_NoFOG,11,13,gateway_A,gateway_B,1.0,0.7666666507720947,0.23333334922790527,0.0130376853048801,0.3365587890148163,0.3235211037099362,7.0,,,,,0.883333,0.174798
RN_ASCON_NoFOG,11,14,gateway_A,gateway_B,1.0,0.8999999761581421,0.10000002384185791,0.0361005626618862,0.1944136023521423,0.15831303969025612,5.0,,,,,0.95,0.115257
RN_ASCON_NoFOG,11,15,gateway_A,gateway_B,1.0,0.8333333134651184,0.1666666865348816,0.0099765127524733,0.2908882200717926,0.2809117073193193,5.0,,,,,0.916667,0.150432
RN_ASCON_NoFOG,11,16,gateway_A,gateway_B,1.0,0.8333333134651184,0.1666666865348816,0.0132134836167097,0.3059262037277221,0.2927127201110124,5.0,,,,,0.916667,0.15957
RN_ASCON_NoFOG,11,17,gateway_A,gateway_B,1.0,0.8333333134651184,0.1666666865348816,0.0088982880115509,0.2733990848064422,0.2645007967948913,5.0,,,,,0.916667,0.141149
RN_ASCON_NoFOG,11,18,gateway_A,gateway_B,1.0,0.8666666746139526,0.13333332538604736,0.0256659351289272,0.2567946314811706,0.2311286963522434,5.0,,,,,0.933333,0.14123
RN_ASCON_NoFOG,11,19,gateway_A,gateway_B,1.0,0.7333333492279053,0.2666666507720947,0.0053617875091731,0.4579411149024963,0.4525793273933232,8.0,,,,,0.866667,0.231651
RN_ASCON_NoFOG,11,20,gateway_A,gateway_B,1.0,0.8666666746139526,0.13333332538604736,0.0034187291748821,0.2426678538322448,0.2392491246573627,6.0,,,,,0.933333,0.123043
RN_ASCON_NoFOG,12,1,gateway_A,gateway_B,0.6666666865348816,0.699999988079071,0.03333330154418945,0.6228597164154053,1.0525293350219729,0.4296696186065676,5.0,,,,,0.683333,0.837695
RN_ASCON_NoFOG,12,2,gateway_A,gateway_B,0.9333333373069764,0.9333333373069764,0.0,0.199952632188797,0.221593365073204,0.021640732884407016,5.0,,,,,0.933333,0.210773
RN_ASCON_NoFOG,12,3,gateway_A,gateway_B,1.0,1.0,0.0,0.03670060262084,0.065115213394165,0.028414610773324994,5.0,,,,,1.0,0.050908
RN_ASCON_NoFOG,12,4,gateway_A,gateway_B,1.0,1.0,0.0,0.0104232421144843,0.0158762037754058,0.005452961660921501,4.0,,,,,1.0,0.01315
RN_ASCON_NoFOG,12,5,gateway_A,gateway_B,1.0,1.0,0.0,0.0087003838270902,0.019490547478199,0.010790163651108802,5.0,,,,,1.0,0.014095
RN_ASCON_NoFOG,12,6,gateway_A,gateway_B,0.8333333134651184,0.8666666746139526,0.03333336114883423,0.6331023573875427,0.2914596498012543,0.34164270758628845,3.0,,,,,0.85,0.462281
RN_ASCON_NoFOG,12,7,gateway_A,gateway_B,0.8333333134651184,0.800000011920929,0.03333330154418945,0.3605756163597107,0.533487856388092,0.17291224002838135,0.0,,,,,0.816667,0.447032
RN_ASCON_NoFOG,12,8,gateway_A,gateway_B,0.7333333492279053,0.8999999761581421,0.16666662693023682,0.5610736012458801,0.572390615940094,0.011317014694213867,1.0,,,,,0.816667,0.566732
RN_ASCON_NoFOG,12,9,gateway_A,gateway_B,0.9333333373069764,0.9333333373069764,0.0,0.2772270143032074,0.1884242892265319,0.0888027250766755,1.0,,,,,0.933333,0.232826
RN_ASCON_NoFOG,12,10,gateway_A,gateway_B,0.8666666746139526,0.8333333134651184,0.03333336114883423,0.3332094252109527,0.4715242087841034,0.1383147835731507,0.0,,,,,0.85,0.402367
RN_ASCON_NoFOG,12,11,gateway_A,gateway_B,0.9666666388511658,0.8999999761581421,0.06666666269302368,0.0810369774699211,0.2527552843093872,0.1717183068394661,1.0,,,,,0.933333,0.166896
RN_ASCON_NoFOG,12,12,gateway_A,gateway_B,0.9333333373069764,0.9666666388511658,0.03333330154418934,0.1737392097711563,0.1785797774791717,0.004840567708015386,0.0,,,,,0.95,0.176159
RN_ASCON_NoFOG,12,13,gateway_A,gateway_B,0.9666666388511658,0.9333333373069764,0.03333330154418934,0.1259063929319381,0.1420469284057617,0.016140535473823603,1.0,,,,,0.95,0.133977
RN_ASCON_NoFOG,12,14,gateway_A,gateway_B,0.8999999761581421,0.8333333134651184,0.06666666269302368,0.2530869841575622,0.322802722454071,0.06971573829650879,1.0,,,,,0.866667,0.287945
RN_ASCON_NoFOG,12,15,gateway_A,gateway_B,0.8666666746139526,0.9333333373069764,0.06666666269302379,0.2815709114074707,0.1515484005212783,0.1300225108861924,0.0,,,,,0.9,0.21656
RN_ASCON_NoFOG,12,16,gateway_A,gateway_B,0.8999999761581421,0.800000011920929,0.09999996423721313,0.3173347115516662,0.3337613940238952,0.016426682472229004,1.0,,,,,0.85,0.325548
RN_ASCON_NoFOG,12,17,gateway_A,gateway_B,0.9333333373069764,0.8999999761581421,0.03333336114883434,0.1617299914360046,0.2320932298898697,0.07036323845386508,0.0,,,,,0.866667,0.226435
RN_ASCON_NoFOG,12,18,gateway_A,gateway_B,0.8666666746139526,0.8333333134651184,0.03333336114883423,0.3891904056072235,0.2163059264421463,0.1728844791650772,3.0,,,,,0.85,0.302748
RN_ASCON_NoFOG,12,19,gateway_A,gateway_B,0.8666666746139526,0.8333333134651184,0.03333336114883423,0.2579420506954193,0.2261099815368652,0.031832069158554105,0.0,,,,,0.85,0.242026
RN_ASCON_NoFOG,12,20,gateway_A,gateway_B,0.8666666746139526,0.8666666746139526,0.0,0.295272946357727,0.22352235019207,0.07175059616565699,1.0,,,,,0.866667,0.259398
RN_ASCON_NoFOG,12,21,gateway_A,gateway_B,0.8666666746139526,0.9666666388511658,0.09999996423721313,0.3066364824771881,0.1111388951539993,0.1954975873231888,0.0,,,,,0.916667,0.208888
RN_ASCON_NoFOG,12,22,gateway_A,gateway_B,0.8999999761581421,0.8999999761581421,0.0,0.1537322551012039,0.1620852798223495,0.008353024721145602,1.0,,,,,0.9,0.157909
RN_ASCON_NoFOG,12,23,gateway_A,gateway_B,0.8666666746139526,0.9333333373069764,0.06666666269302379,0.1901994794607162,0.2332797795534134,0.0430803000926972,0.0,,,,,0.9,0.21174
RN_ASCON_NoFOG,12,24,gateway_A,gateway_B,0.9333333373069764,0.9333333373069764,0.0,0.1764839738607406,0.1359172761440277,0.040566697716712896,2.0,,,,,0.933333,0.156201
RN_ASCON_NoFOG,12,25,gateway_A,gateway_B,1.0,1.0,0.0,0.1092927306890487,0.0400468967854976,0.0692458339035511,1.0,,,,,1.0,0.07467
RN_ASCON_NoFOG,12,26,gateway_A,gateway_B,0.9333333373069764,0.9333333373069764,0.0,0.0977105945348739,0.203972727060318,0.10626213252544409,1.0,,,,,0.933333,0.150842
RN_ASCON_NoFOG,12,27,gateway_A,gateway_B,0.8666666746139526,0.9333333373069764,0.06666666269302379,0.1476697623729705,0.2175953835248947,0.06992562115192419,0.0,,,,,0.9,0.182633
RN_ASCON_NoFOG,13,1,gateway_A,gateway_B,0.8333333134651184,0.800000011920929,0.03333330154418945,0.6818260550498962,0.8166631460189819,0.1348370909690857,0.0,,,,,0.816667,0.749245
RN_ASCON_NoFOG,13,2,gateway_A,gateway_B,0.9666666388511658,0.9333333373069764,0.03333330154418934,0.1311890184879303,0.262176364660263,0.1309873461723327,0.0,,,,,0.95,0.196683
RN_ASCON_NoFOG,13,3,gateway_A,gateway_B,1.0,1.0,0.0,0.0445357970893383,0.0341646894812583,0.01037110760808,0.0,,,,,1.0,0.03935
RN_ASCON_NoFOG,13,4,gateway_A,gateway_B,1.0,1.0,0.0,0.0275974106043577,0.0251971539109945,0.0024002566933632,1.0,,,,,1.0,0.026397
RN_ASCON_NoFOG,13,5,gateway_A,gateway_B,1.0,1.0,0.0,0.0085627427324652,0.0071624363772571,0.0014003063552080995,0.0,,,,,1.0,0.007863
RN_ASCON_NoFOG,13,6,gateway_A,gateway_B,0.9333333373069764,0.8666666746139526,0.06666666269302379,0.1152508556842804,0.4812066256999969,0.3659557700157165,3.0,,,,,0.9,0.298229
RN_ASCON_NoFOG,13,7,gateway_A,gateway_B,0.8999999761581421,0.9666666388511658,0.06666666269302368,0.1980542242527008,0.1786164194345474,0.01943780481815341,5.0,,,,,0.933333,0.188335
RN_ASCON_NoFOG,13,8,gateway_A,gateway_B,0.8333333134651184,0.9333333373069764,0.10000002384185802,0.417627215385437,0.2177769243717193,0.1998502910137177,5.0,,,,,0.883333,0.317702
RN_ASCON_NoFOG,13,9,gateway_A,gateway_B,0.8999999761581421,0.8666666746139526,0.03333330154418945,0.2482978254556656,0.3950685560703277,0.14677073061466211,5.0,,,,,0.883333,0.321683
RN_ASCON_NoFOG,13,10,gateway_A,gateway_B,0.8666666746139526,0.8333333134651184,0.03333336114883423,0.2806779146194458,0.3239775002002716,0.043299585580825806,5.0,,,,,0.85,0.302328
RN_ASCON_NoFOG,13,11,gateway_A,gateway_B,0.7666666507720947,0.9333333373069764,0.1666666865348817,0.3851701319217682,0.18814617395401,0.19702395796775818,5.0,,,,,0.85,0.286658
RN_ASCON_NoFOG,13,12,gateway_A,gateway_B,0.8999999761581421,0.8999999761581421,0.0,0.241487979888916,0.2536678910255432,0.012179911136627225,5.0,,,,,0.9,0.247578
RN_ASCON_NoFOG,13,13,gateway_A,gateway_B,0.7666666507720947,0.8666666746139526,0.10000002384185791,0.472767561674118,0.2104546278715133,0.2623129338026047,5.0,,,,,0.816667,0.341611
RN_ASCON_NoFOG,13,14,gateway_A,gateway_B,0.9666666388511658,1.0,0.03333336114883423,0.1624617129564285,0.1151068434119224,0.0473548695445061,5.0,,,,,0.983333,0.138784
RN_ASCON_NoFOG,13,15,gateway_A,gateway_B,0.9666666388511658,0.8999999761581421,0.06666666269302368,0.1529817879199981,0.3000709414482116,0.1470891535282135,5.0,,,,,0.933333,0.226526
RN_ASCON_NoFOG,13,16,gateway_A,gateway_B,0.9333333373069764,0.8333333134651184,0.10000002384185802,0.1423544585704803,0.3696105182170868,0.2272560596466065,6.0,,,,,0.883333,0.255982
RN_ASCON_NoFOG,13,17,gateway_A,gateway_B,0.800000011920929,0.8999999761581421,0.09999996423721313,0.508867621421814,0.3292889595031738,0.1795786619186402,5.0,,,,,0.85,0.419078
RN_ASCON_NoFOG,13,18,gateway_A,gateway_B,0.8999999761581421,0.800000011920929,0.09999996423721313,0.1870096772909164,0.3989112675189972,0.2119015902280808,6.0,,,,,0.85,0.29296
RN_ASCON_NoFOG,13,19,gateway_A,gateway_B,0.9333333373069764,0.8666666746139526,0.06666666269302379,0.1423193514347076,0.2377159595489502,0.09539660811424258,5.0,,,,,0.9,0.190018
RN_ASCON_NoFOG,13,20,gateway_A,gateway_B,0.8666666746139526,0.8999999761581421,0.03333330154418945,0.2723391950130462,0.1859384179115295,0.0864007771015167,6.0,,,,,0.933333,0.149011
RN_ASCON_NoFOG,14,1,gateway_A,gateway_B,0.8333333134651184,0.699999988079071,0.13333332538604736,0.642993152141571,1.124006986618042,0.48101383447647095,1.0,,,,,0.766667,0.8835
RN_ASCON_NoFOG,14,2,gateway_A,gateway_B,0.9666666388511658,0.9666666388511658,0.0,0.1042259559035301,0.092414490878582,0.011811465024948092,0.0,,,,,0.966667,0.09832
RN_ASCON_NoFOG,14,3,gateway_A,gateway_B,1.0,1.0,0.0,0.035067792981863,0.0147452000528573,0.0203225929290057,0.0,,,,,1.0,0.024906
RN_ASCON_NoFOG,14,4,gateway_A,gateway_B,1.0,1.0,0.0,0.0179727282375097,0.0147556038573384,0.003217124380171299,0.0,,,,,1.0,0.016364
RN_ASCON_NoFOG,14,5,gateway_A,gateway_B,1.0,1.0,0.0,0.0196248386055231,0.0082228165119886,0.011402022093534499,1.0,,,,,1.0,0.013924
RN_ASCON_NoFOG,14,6,gateway_A,gateway_B,0.800000011920929,0.9333333373069764,0.13333332538604747,0.4000428318977356,0.2869303822517395,0.1131124496459961,0.0,,,,,0.866667,0.343487
RN_ASCON_NoFOG,14,7,gateway_A,gateway_B,0.6666666865348816,0.800000011920929,0.13333332538604736,0.6614404916763306,0.4060664474964142,0.2553740441799164,0.0,,,,,0.733333,0.533753
RN_ASCON_NoFOG,14,8,gateway_A,gateway_B,0.9333333373069764,0.8666666746139526,0.06666666269302379,0.3667783737182617,0.3256063759326935,0.04117199778556824,1.0,,,,,0.9,0.346192
RN_ASCON_NoFOG,14,9,gateway_A,gateway_B,0.9666666388511658,0.8666666746139526,0.09999996423721313,0.1460382789373397,0.4886351227760315,0.3425968438386918,2.0,,,,,0.916667,0.317337
RN_ASCON_NoFOG,14,10,gateway_A,gateway_B,0.800000011920929,0.8999999761581421,0.09999996423721313,0.4937249422073364,0.2197308838367462,0.2739940583705902,1.0,,,,,0.85,0.356728
RN_ASCON_NoFOG,14,11,gateway_A,gateway_B,0.9666666388511658,0.8999999761581421,0.06666666269302368,0.1621678471565246,0.2835678458213806,0.12139999866485601,1.0,,,,,0.933333,0.222868
RN_ASCON_NoFOG,14,12,gateway_A,gateway_B,0.9333333373069764,0.9666666388511658,0.03333330154418934,0.1396554857492447,0.234448567032814,0.09479308128356931,0.0,,,,,0.95,0.187052
RN_ASCON_NoFOG,14,13,gateway_A,gateway_B,0.9666666388511658,0.8333333134651184,0.13333332538604736,0.0645867213606834,0.4352578818798065,0.37067116051912313,1.0,,,,,0.9,0.249922
RN_ASCON_NoFOG,14,14,gateway_A,gateway_B,1.0,0.8666666746139526,0.13333332538604736,0.0972599610686302,0.2025034874677658,0.1052435263991356,1.0,,,,,0.933333,0.149882
RN_ASCON_NoFOG,14,15,gateway_A,gateway_B,0.9666666388511658,0.9666666388511658,0.0,0.2782079577445984,0.1475116163492202,0.1306963413953782,1.0,,,,,0.966667,0.21286
RN_ASCON_NoFOG,14,16,gateway_A,gateway_B,0.8666666746139526,0.8666666746139526,0.0,0.2088785916566848,0.3011552691459656,0.09227667748928078,0.0,,,,,0.866667,0.255017
RN_ASCON_NoFOG,14,17,gateway_A,gateway_B,0.8999999761581421,0.8666666746139526,0.03333330154418945,0.2708257436752319,0.2584769427776336,0.012348800897598267,0.0,,,,,0.883333,0.264651
RN_ASCON_NoFOG,14,18,gateway_A,gateway_B,0.8999999761581421,1.0,0.10000002384185791,0.1600103974342346,0.069414235651493,0.09059616178274159,1.0,,,,,0.833333,0.394302
RN_ASCON_NoFOG,14,19,gateway_A,gateway_B,0.9666666388511658,0.9666666388511658,0.0,0.1349694579839706,0.1009417399764061,0.03402771800756449,1.0,,,,,0.966667,0.117956
RN_ASCON_NoFOG,14,20,gateway_A,gateway_B,0.9333333373069764,0.9666666388511658,0.03333330154418934,0.166566327214241,0.1499204337596893,0.016645893454551697,1.0,,,,,0.95,0.158243
RN_ASCON_NoFOG,14,21,gateway_A,gateway_B,0.8999999761581421,0.9666666388511658,0.06666666269302368,0.1759483516216278,0.1155561059713363,0.06039224565029151,0.0,,,,,0.933333,0.145752
RN_ASCON_NoFOG,14,22,gateway_A,gateway_B,1.0,0.9333333373069764,0.06666666269302357,0.0481594204902648,0.2163592427968979,0.16819982230663308,0.0,,,,,0.966667,0.132259
RN_ASCON_NoFOG,15,1,gateway_A,gateway_B,0.699999988079071,0.6666666865348816,0.03333330154418945,0.7139844298362732,0.6128555536270142,0.10112887620925903,1.0,,,,,0.683333,0.66342
RN_ASCON_NoFOG,15,2,gateway_A,gateway_B,0.9666666388511658,0.9666666388511658,0.0,0.1048976853489875,0.235070914030075,0.1301732286810875,0.0,,,,,0.966667,0.169984
RN_ASCON_NoFOG,15,3,gateway_A,gateway_B,1.0,1.0,0.0,0.0170289278030395,0.0246127713471651,0.007583843544125602,0.0,,,,,1.0,0.020821
RN_ASCON_NoFOG,15,4,gateway_A,gateway_B,1.0,1.0,0.0,0.0127582196146249,0.0336958020925521,0.0209375824779272,1.0,,,,,1.0,0.023227
RN_ASCON_NoFOG,15,5,gateway_A,gateway_B,1.0,1.0,0.0,0.0220766775310039,0.0138180209323763,0.0082586565986276,1.0,,,,,1.0,0.017947
RN_ASCON_NoFOG,15,6,gateway_A,gateway_B,0.8666666746139526,0.8666666746139526,0.0,0.3951683938503265,0.5797232389450073,0.18455484509468084,3.0,,,,,0.866667,0.487446
RN_ASCON_NoFOG,15,7,gateway_A,gateway_B,0.800000011920929,0.7333333492279053,0.06666666269302368,0.5403891801834106,0.8471691608428955,0.30677998065948486,0.0,,,,,0.766667,0.693779
RN_ASCON_NoFOG,15,8,gateway_A,gateway_B,0.8666666746139526,0.7666666507720947,0.10000002384185791,0.452384203672409,0.5953770875930786,0.1429928839206696,1.0,,,,,0.816667,0.523881
RN_ASCON_NoFOG,15,9,gateway_A,gateway_B,0.8666666746139526,0.8999999761581421,0.03333330154418945,0.1861633211374282,0.1867122054100036,0.0005488842725754062,0.0,,,,,0.883333,0.186438
RN_ASCON_NoFOG,15,10,gateway_A,gateway_B,0.8333333134651184,0.800000011920929,0.03333330154418945,0.4331530928611755,0.3640093505382538,0.0691437423229217,1.0,,,,,0.816667,0.398581
RN_ASCON_NoFOG,15,11,gateway_A,gateway_B,1.0,0.7666666507720947,0.23333334922790527,0.0899843797087669,0.3971380293369293,0.30715364962816244,0.0,,,,,0.883333,0.243561
RN_ASCON_NoFOG,15,12,gateway_A,gateway_B,0.8333333134651184,0.800000011920929,0.03333330154418945,0.2257716804742813,0.5372165441513062,0.31144486367702484,1.0,,,,,0.816667,0.381494
RN_ASCON_NoFOG,15,13,gateway_A,gateway_B,0.9666666388511658,0.8333333134651184,0.13333332538604736,0.2689996063709259,0.4586963653564453,0.1896967589855194,1.0,,,,,0.9,0.363848
RN_ASCON_NoFOG,15,14,gateway_A,gateway_B,0.8666666746139526,0.9333333373069764,0.06666666269302379,0.2896478772163391,0.1728229373693466,0.11682493984699252,0.0,,,,,0.9,0.231235
RN_ASCON_NoFOG,15,15,gateway_A,gateway_B,0.8333333134651184,0.9333333373069764,0.10000002384185802,0.4105809330940246,0.3981369137763977,0.012444019317626898,0.0,,,,,0.783333,0.548629
RN_ASCON_NoFOG,15,16,gateway_A,gateway_B,0.7666666507720947,0.6666666865348816,0.09999996423721313,0.5352848172187805,0.6172428131103516,0.08195799589157104,0.0,,,,,0.666667,0.82709
RN_ASCON_NoFOG,15,18,gateway_A,gateway_B,0.8999999761581421,0.7666666507720947,0.13333332538604736,0.2196445763111114,0.440081775188446,0.2204371988773346,57.0,,,,,0.833333,0.329863
RN_ASCON_NoFOG,15,19,gateway_A,gateway_B,0.8333333134651184,0.8666666746139526,0.03333336114883423,0.3449303209781647,0.3335019648075104,0.011428356170654297,0.0,,,,,0.866667,0.341574
RN_ASCON_NoFOG,15,20,gateway_A,gateway_B,0.8333333134651184,0.9666666388511658,0.13333332538604736,0.4050074815750122,0.1664609611034393,0.2385465204715729,0.0,,,,,0.9,0.255696
RN_ASCON_NoFOG,15,22,gateway_A,gateway_B,0.9333333373069764,0.9333333373069764,0.0,0.1714938730001449,0.1855633705854416,0.014069497585296686,58.0,,,,,0.933333,0.178529
RN_ASCON_NoFOG,15,23,gateway_A,gateway_B,1.0,0.7666666507720947,0.23333334922790527,0.1485289633274078,0.4184351563453674,0.2699061930179596,46.0,,,,,0.883333,0.283482
RN_PLAIN_FOG,2,1,gateway_A,gateway_B,0.699999988079071,0.7333333492279053,0.03333336114883423,0.7768351435661316,0.925343930721283,0.14850878715515137,1.0,,,,,0.716667,0.85109
RN_PLAIN_FOG,2,2,gateway_A,gateway_B,0.9333333373069764,0.9333333373069764,0.0,0.1970444619655609,0.2154604792594909,0.018416017293929998,1.0,,,,,0.933333,0.206252
RN_PLAIN_FOG,2,3,gateway_A,gateway_B,1.0,1.0,0.0,0.0370655767619609,0.0332028046250343,0.0038627721369266024,1.0,,,,,1.0,0.035134
RN_PLAIN_FOG,2,4,gateway_A,gateway_B,1.0,0.9666666388511658,0.03333336114883423,0.0298129096627235,0.183342844247818,0.1535299345850945,1.0,,,,,0.983333,0.106578
RN_PLAIN_FOG,2,5,gateway_A,gateway_B,1.0,1.0,0.0,0.0189242865890264,0.0164567381143569,0.002467548474669498,1.0,,,,,1.0,0.017691
RN_PLAIN_FOG,2,6,gateway_A,gateway_B,0.5333333611488342,1.0,0.46666663885116577,1.0673388242721558,0.014395834878087,1.0529429893940687,3.0,,,,,0.766667,0.540867
RN_PLAIN_FOG,2,7,gateway_A,gateway_B,0.8999999761581421,1.0,0.10000002384185791,0.2569015026092529,0.027335412800312,0.2295660898089409,3.0,,,,,0.95,0.142118
RN_PLAIN_FOG,2,8,gateway_A,gateway_B,0.699999988079071,1.0,0.30000001192092896,0.5780935883522034,0.0215292479842901,0.5565643403679132,3.0,,,,,0.85,0.299811
RN_PLAIN_FOG,2,9,gateway_A,gateway_B,0.6000000238418579,1.0,0.3999999761581421,0.9108915328979492,0.0364800281822681,0.8744115047156811,3.0,,,,,0.8,0.473686
RN_PLAIN_FOG,2,10,gateway_A,gateway_B,0.7333333492279053,1.0,0.2666666507720947,0.5636275410652161,0.0282631013542413,0.5353644397109748,3.0,,,,,0.866667,0.295945
RN_PLAIN_FOG,2,11,gateway_A,gateway_B,0.8333333134651184,1.0,0.1666666865348816,0.3155409395694732,0.0114255649968981,0.3041153745725751,3.0,,,,,0.916667,0.163483
RN_PLAIN_FOG,2,12,gateway_A,gateway_B,0.8333333134651184,1.0,0.1666666865348816,0.355081558227539,0.0314289480447769,0.3236526101827621,3.0,,,,,0.916667,0.193255
RN_PLAIN_FOG,2,13,gateway_A,gateway_B,0.9333333373069764,1.0,0.06666666269302357,0.1554959118366241,0.0140897827222943,0.1414061291143298,3.0,,,,,0.966667,0.084793
RN_PLAIN_FOG,2,14,gateway_A,gateway_B,0.9333333373069764,1.0,0.06666666269302357,0.270628273487091,0.0086011681705713,0.26202710531651974,3.0,,,,,0.966667,0.139615
RN_PLAIN_FOG,2,15,gateway_A,gateway_B,0.8999999761581421,1.0,0.10000002384185791,0.2544407248497009,0.0075102224946022,0.24693050235509872,3.0,,,,,0.95,0.130975
RN_PLAIN_FOG,2,16,gateway_A,gateway_B,0.8999999761581421,1.0,0.10000002384185791,0.2871845066547394,0.007639582734555,0.2795449239201844,3.0,,,,,0.95,0.147412
RN_PLAIN_FOG,2,17,gateway_A,gateway_B,0.9333333373069764,1.0,0.06666666269302357,0.1600648909807205,0.0067603657953441,0.1533045251853764,3.0,,,,,0.966667,0.083413
RN_PLAIN_FOG,2,18,gateway_A,gateway_B,0.9333333373069764,1.0,0.06666666269302357,0.1144386157393455,0.003923675045371,0.1105149406939745,3.0,,,,,0.966667,0.059181
RN_PLAIN_FOG,2,19,gateway_A,gateway_B,0.9333333373069764,1.0,0.06666666269302357,0.454645425081253,0.0068791867233812,0.44776623835787177,3.0,,,,,0.966667,0.230762
RN_PLAIN_FOG,2,20,gateway_A,gateway_B,0.7333333492279053,1.0,0.2666666507720947,0.6484603881835938,0.007499121595174,0.6409612665884198,3.0,,,,,0.866667,0.32798
RN_PLAIN_FOG,3,1,gateway_A,gateway_B,0.6666666865348816,0.8333333134651184,0.16666662693023682,0.9205265045166016,0.663036584854126,0.2574899196624756,2.0,,,,,0.75,0.791782
RN_PLAIN_FOG,3,2,gateway_A,gateway_B,0.9333333373069764,0.9333333373069764,0.0,0.2106359153985977,0.1863641142845153,0.024271801114082392,1.0,,,,,0.933333,0.1985
RN_PLAIN_FOG,3,3,gateway_A,gateway_B,1.0,1.0,0.0,0.0476290136575698,0.0300540868192911,0.0175749268382787,1.0,,,,,1.0,0.038842
RN_PLAIN_FOG,3,4,gateway_A,gateway_B,1.0,1.0,0.0,0.0456422492861747,0.0426936149597168,0.002948634326457901,1.0,,,,,1.0,0.044168
RN_PLAIN_FOG,3,5,gateway_A,gateway_B,0.9666666388511658,1.0,0.03333336114883423,0.0580562800168991,0.0073066866025328,0.0507495934143663,1.0,,,,,0.983333,0.032681
RN_PLAIN_FOG,3,6,gateway_A,gateway_B,0.7333333492279053,0.800000011920929,0.06666666269302368,0.7734151482582092,0.8816269040107727,0.10821175575256348,4.0,,,,,0.766667,0.827521
RN_PLAIN_FOG,3,7,gateway_A,gateway_B,0.8999999761581421,0.8333333134651184,0.06666666269302368,0.4277289807796478,0.3766823410987854,0.05104663968086243,2.0,,,,,0.866667,0.402206
RN_PLAIN_FOG,3,8,gateway_A,gateway_B,0.8333333134651184,0.8333333134651184,0.0,0.4120569825172424,0.4628833830356598,0.050826400518417414,2.0,,,,,0.833333,0.43747
RN_PLAIN_FOG,3,9,gateway_A,gateway_B,0.8333333134651184,0.8999999761581421,0.06666666269302368,0.3006587326526642,0.199958398938179,0.1007003337144852,2.0,,,,,0.866667,0.250309
RN_PLAIN_FOG,3,10,gateway_A,gateway_B,0.8333333134651184,0.9666666388511658,0.13333332538604736,0.3200981318950653,0.1573026627302169,0.1627954691648484,2.0,,,,,0.9,0.2387
RN_PLAIN_FOG,3,11,gateway_A,gateway_B,0.9666666388511658,0.8666666746139526,0.09999996423721313,0.1279971599578857,0.3025007247924804,0.17450356483459473,2.0,,,,,0.916667,0.215249
RN_PLAIN_FOG,3,12,gateway_A,gateway_B,0.8999999761581421,1.0,0.10000002384185791,0.2440841346979141,0.0510556660592556,0.1930284686386585,2.0,,,,,0.95,0.14757
RN_PLAIN_FOG,3,13,gateway_A,gateway_B,0.8999999761581421,0.8999999761581421,0.0,0.2440922260284423,0.2703452110290527,0.02625298500061038,2.0,,,,,0.9,0.257219
RN_PLAIN_FOG,3,14,gateway_A,gateway_B,0.8666666746139526,0.8999999761581421,0.03333330154418945,0.268390953540802,0.3056661486625671,0.03727519512176508,2.0,,,,,0.883333,0.287029
RN_PLAIN_FOG,3,15,gateway_A,gateway_B,0.8333333134651184,0.9333333373069764,0.10000002384185802,0.2715814411640167,0.2505642175674438,0.02101722359657293,2.0,,,,,0.883333,0.261073
RN_PLAIN_FOG,3,16,gateway_A,gateway_B,0.9666666388511658,0.8999999761581421,0.06666666269302368,0.1064210683107376,0.2451071292161941,0.1386860609054565,2.0,,,,,0.933333,0.175764
RN_PLAIN_FOG,3,17,gateway_A,gateway_B,1.0,0.9666666388511658,0.03333336114883423,0.0304001830518245,0.1588025391101837,0.1284023560583592,2.0,,,,,0.983333,0.094601
RN_PLAIN_FOG,3,18,gateway_A,gateway_B,1.0,0.9666666388511658,0.03333336114883423,0.0669751837849617,0.1000956371426582,0.033120453357696505,2.0,,,,,0.983333,0.083535
RN_PLAIN_FOG,3,19,gateway_A,gateway_B,0.9333333373069764,0.9666666388511658,0.03333330154418934,0.1210554614663124,0.1131723672151565,0.007883094251155895,2.0,,,,,0.95,0.117114
RN_PLAIN_FOG,3,20,gateway_A,gateway_B,0.8666666746139526,0.9333333373069764,0.06666666269302379,0.262565016746521,0.1070104911923408,0.1555545255541802,2.0,,,,,0.9,0.184788
RN_PLAIN_FOG,4,1,gateway_A,gateway_B,0.7333333492279053,0.7666666507720947,0.03333330154418945,0.7314664125442505,0.7402070760726929,0.008740663528442383,1.0,,,,,0.75,0.735837
RN_PLAIN_FOG,4,2,gateway_A,gateway_B,1.0,0.9666666388511658,0.03333336114883423,0.1126980632543563,0.1050617322325706,0.0076363310217856945,0.0,,,,,0.983333,0.10888
RN_PLAIN_FOG,4,3,gateway_A,gateway_B,1.0,0.9666666388511658,0.03333336114883423,0.0296555887907743,0.0917739942669868,0.0621184054762125,1.0,,,,,0.983333,0.060715
RN_PLAIN_FOG,4,4,gateway_A,gateway_B,1.0,1.0,0.0,0.0133437160402536,0.0204277951270341,0.007084079086780501,0.0,,,,,1.0,0.016886
RN_PLAIN_FOG,4,5,gateway_A,gateway_B,1.0,1.0,0.0,0.0373889096081256,0.0091388532891869,0.028250056318938704,2.0,,,,,1.0,0.023264
RN_PLAIN_FOG,4,6,gateway_A,gateway_B,0.800000011920929,1.0,0.19999998807907104,0.4576556980609894,0.006511241197586,0.4511444568634034,2.0,,,,,0.9,0.232083
RN_PLAIN_FOG,4,7,gateway_A,gateway_B,0.8999999761581421,1.0,0.10000002384185791,0.2796694636344909,0.0217496380209922,0.2579198256134987,3.0,,,,,0.95,0.15071
RN_PLAIN_FOG,4,8,gateway_A,gateway_B,0.800000011920929,1.0,0.19999998807907104,0.5177032351493835,0.0190238337963819,0.49867940135300165,3.0,,,,,0.9,0.268364
RN_PLAIN_FOG,4,9,gateway_A,gateway_B,0.8666666746139526,1.0,0.13333332538604736,0.2182381600141525,0.0110455155372619,0.2071926444768906,3.0,,,,,0.933333,0.114642
RN_PLAIN_FOG,4,10,gateway_A,gateway_B,0.699999988079071,1.0,0.30000001192092896,0.4683855175971985,0.0103593589738011,0.4580261586233974,3.0,,,,,0.85,0.239372
RN_PLAIN_FOG,4,11,gateway_A,gateway_B,0.800000011920929,1.0,0.19999998807907104,0.3819929361343384,0.0056104492396116,0.37638248689472675,3.0,,,,,0.9,0.193802
RN_PLAIN_FOG,4,12,gateway_A,gateway_B,0.8666666746139526,1.0,0.13333332538604736,0.3130284249782562,0.010234834626317,0.3027935903519392,3.0,,,,,0.933333,0.161632
RN_PLAIN_FOG,4,13,gateway_A,gateway_B,0.9333333373069764,0.9666666388511658,0.03333330154418934,0.1588851362466812,0.0366290137171745,0.12225612252950671,3.0,,,,,0.95,0.097757
RN_PLAIN_FOG,4,14,gateway_A,gateway_B,0.8666666746139526,1.0,0.13333332538604736,0.2471869736909866,0.0058191618882119,0.2413678118027747,3.0,,,,,0.933333,0.126503
RN_PLAIN_FOG,4,15,gateway_A,gateway_B,0.8333333134651184,1.0,0.1666666865348816,0.2066900879144668,0.0032318043522536,0.2034582835622132,3.0,,,,,0.916667,0.104961
RN_PLAIN_FOG,4,16,gateway_A,gateway_B,0.8999999761581421,1.0,0.10000002384185791,0.1556099504232406,0.0052687623538076,0.150341188069433,3.0,,,,,0.95,0.080439
RN_PLAIN_FOG,4,17,gateway_A,gateway_B,0.8999999761581421,1.0,0.10000002384185791,0.2406487166881561,0.0062517058104276,0.2343970108777285,3.0,,,,,0.95,0.12345
RN_PLAIN_FOG,4,18,gateway_A,gateway_B,0.9333333373069764,1.0,0.06666666269302357,0.3418226242065429,0.0083306254819035,0.3334919987246394,3.0,,,,,0.966667,0.175077
RN_PLAIN_FOG,4,19,gateway_A,gateway_B,1.0,1.0,0.0,0.0507255792617797,0.0075623909942805,0.0431631882674992,2.0,,,,,1.0,0.029144
RN_PLAIN_FOG,4,20,gateway_A,gateway_B,0.8666666746139526,1.0,0.13333332538604736,0.2792772948741913,0.014612584374845,0.26466471049934626,3.0,,,,,0.933333,0.146945
RN_PLAIN_NoFOG,16,1,gateway_A,gateway_B,0.7333333492279053,0.800000011920929,0.06666666269302368,0.8140271306037903,0.7540940642356873,0.05993306636810303,1.0,,,,,0.766667,0.784061
RN_PLAIN_NoFOG,16,2,gateway_A,gateway_B,1.0,0.9666666388511658,0.03333336114883423,0.0644791796803474,0.1274761259555816,0.06299694627523421,2.0,,,,,0.983333,0.095978
RN_PLAIN_NoFOG,16,3,gateway_A,gateway_B,1.0,1.0,0.0,0.0511341951787471,0.0453496351838111,0.005784559994936003,2.0,,,,,1.0,0.048242
RN_PLAIN_NoFOG,16,4,gateway_A,gateway_B,1.0,1.0,0.0,0.0318776816129684,0.0302475877106189,0.0016300939023495033,2.0,,,,,1.0,0.031063
RN_PLAIN_NoFOG,16,5,gateway_A,gateway_B,1.0,1.0,0.0,0.0248885508626699,0.0155241163447499,0.00936443451792,1.0,,,,,1.0,0.020206
RN_PLAIN_NoFOG,16,6,gateway_A,gateway_B,0.6666666865348816,1.0,0.3333333134651184,1.2271682024002075,0.0147034786641597,1.2124647237360477,5.0,,,,,0.833333,0.620936
RN_PLAIN_NoFOG,16,7,gateway_A,gateway_B,0.8333333134651184,0.9666666388511658,0.13333332538604736,0.4497591555118561,0.0758994296193122,0.3738597258925439,5.0,,,,,0.9,0.262829
RN_PLAIN_NoFOG,16,8,gateway_A,gateway_B,0.5,1.0,0.5,1.443485975265503,0.0240906905382871,1.4193952847272158,5.0,,,,,0.75,0.733788
RN_PLAIN_NoFOG,16,9,gateway_A,gateway_B,0.699999988079071,1.0,0.30000001192092896,0.7392966747283936,0.0206591784954071,0.7186374962329865,5.0,,,,,0.85,0.379978
RN_PLAIN_NoFOG,16,10,gateway_A,gateway_B,0.7333333492279053,1.0,0.2666666507720947,0.3893095552921295,0.0192521512508392,0.37005740404129034,5.0,,,,,0.866667,0.204281
RN_PLAIN_NoFOG,16,11,gateway_A,gateway_B,0.9333333373069764,1.0,0.06666666269302357,0.1748105436563491,0.0196576099842786,0.1551529336720705,5.0,,,,,0.966667,0.097234
RN_PLAIN_NoFOG,16,12,gateway_A,gateway_B,0.7666666507720947,1.0,0.23333334922790527,0.3708833754062652,0.0135298483073711,0.3573535270988941,5.0,,,,,0.883333,0.192207
RN_PLAIN_NoFOG,16,13,gateway_A,gateway_B,0.699999988079071,1.0,0.30000001192092896,0.5434021353721619,0.0067520244047045,0.5366501109674574,5.0,,,,,0.85,0.275077
RN_PLAIN_NoFOG,16,14,gateway_A,gateway_B,0.7666666507720947,1.0,0.23333334922790527,0.547869861125946,0.015210916288197,0.532658944837749,5.0,,,,,0.883333,0.28154
RN_PLAIN_NoFOG,16,15,gateway_A,gateway_B,0.6666666865348816,1.0,0.3333333134651184,0.5584983229637146,0.0132901342585682,0.5452081887051464,5.0,,,,,0.833333,0.285894
RN_PLAIN_NoFOG,16,16,gateway_A,gateway_B,0.8999999761581421,1.0,0.10000002384185791,0.2139758616685867,0.0073101916350424,0.2066656700335443,5.0,,,,,0.95,0.110643
RN_PLAIN_NoFOG,16,17,gateway_A,gateway_B,0.8666666746139526,1.0,0.13333332538604736,0.3305763900279999,0.0040885680355131,0.32648782199248677,5.0,,,,,0.933333,0.167332
RN_PLAIN_NoFOG,16,18,gateway_A,gateway_B,0.9666666388511658,1.0,0.03333336114883423,0.2738121449947357,0.0083036283031106,0.2655085166916251,5.0,,,,,0.983333,0.141058
RN_PLAIN_NoFOG,16,19,gateway_A,gateway_B,1.0,1.0,0.0,0.0666435584425926,0.0132173430174589,0.05342621542513369,5.0,,,,,1.0,0.03993
RN_PLAIN_NoFOG,16,20,gateway_A,gateway_B,0.8999999761581421,0.9666666388511658,0.06666666269302368,0.2678395211696625,0.0428990274667739,0.22494049370288857,5.0,,,,,0.933333,0.155369
RN_PLAIN_NoFOG,17,1,gateway_A,gateway_B,0.7666666507720947,0.7666666507720947,0.0,0.488904058933258,1.026955485343933,0.538051426410675,4.0,,,,,0.766667,0.75793
RN_PLAIN_NoFOG,17,2,gateway_A,gateway_B,0.8999999761581421,0.9333333373069764,0.03333336114883434,0.2806576788425445,0.1522442549467086,0.1284134238958359,3.0,,,,,0.916667,0.216451
RN_PLAIN_NoFOG,17,3,gateway_A,gateway_B,1.0,1.0,0.0,0.0324004925787448,0.0368482694029808,0.004447776824235999,2.0,,,,,1.0,0.034624
RN_PLAIN_NoFOG,17,4,gateway_A,gateway_B,1.0,0.9666666388511658,0.03333336114883423,0.027724614366889,0.0708993226289749,0.0431747082620859,2.0,,,,,0.983333,0.049312
RN_PLAIN_NoFOG,17,5,gateway_A,gateway_B,1.0,1.0,0.0,0.0123114855960011,0.023674564436078,0.011363078840076899,2.0,,,,,1.0,0.017993
RN_PLAIN_NoFOG,17,6,gateway_A,gateway_B,0.8999999761581421,0.9333333373069764,0.03333336114883434,0.3980083465576172,0.136700764298439,0.26130758225917816,5.0,,,,,0.916667,0.267355
RN_PLAIN_NoFOG,17,7,gateway_A,gateway_B,0.8333333134651184,0.8666666746139526,0.03333336114883423,0.322422057390213,0.2782178819179535,0.04420417547225952,5.0,,,,,0.85,0.30032
RN_PLAIN_NoFOG,17,8,gateway_A,gateway_B,0.9666666388511658,0.8666666746139526,0.09999996423721313,0.0965233668684959,0.340939462184906,0.24441609531641012,5.0,,,,,0.916667,0.218731
RN_PLAIN_NoFOG,17,9,gateway_A,gateway_B,0.9333333373069764,0.800000011920929,0.13333332538604747,0.2627422511577606,0.4026766717433929,0.13993442058563227,5.0,,,,,0.866667,0.332709
RN_PLAIN_NoFOG,17,10,gateway_A,gateway_B,0.8333333134651184,0.9333333373069764,0.10000002384185802,0.4033364653587341,0.3788968324661255,0.024439632892608587,5.0,,,,,0.883333,0.391117
RN_PLAIN_NoFOG,17,11,gateway_A,gateway_B,0.8333333134651184,0.8333333134651184,0.0,0.3697628676891327,0.2993984520435333,0.07036441564559937,5.0,,,,,0.833333,0.334581
RN_PLAIN_NoFOG,17,12,gateway_A,gateway_B,0.9666666388511658,0.8666666746139526,0.09999996423721313,0.0886437967419624,0.266258031129837,0.17761423438787458,5.0,,,,,0.916667,0.177451
RN_PLAIN_NoFOG,17,13,gateway_A,gateway_B,1.0,0.8666666746139526,0.13333332538604736,0.0852497816085815,0.2085298597812652,0.1232800781726837,5.0,,,,,0.933333,0.14689
RN_PLAIN_NoFOG,17,14,gateway_A,gateway_B,0.7333333492279053,0.9333333373069764,0.19999998807907116,0.5030373334884644,0.2461064755916595,0.25693085789680487,5.0,,,,,0.833333,0.374572
RN_PLAIN_NoFOG,17,15,gateway_A,gateway_B,0.8666666746139526,0.9333333373069764,0.06666666269302379,0.3822803199291229,0.1357648521661758,0.24651546776294714,5.0,,,,,0.9,0.259023
RN_PLAIN_NoFOG,17,16,gateway_A,gateway_B,0.8333333134651184,0.9333333373069764,0.10000002384185802,0.4419727325439453,0.1198922023177146,0.32208053022623073,5.0,,,,,0.883333,0.280932
RN_PLAIN_NoFOG,17,17,gateway_A,gateway_B,0.8333333134651184,0.9333333373069764,0.10000002384185802,0.4764190912246704,0.1251785904169082,0.3512405008077622,5.0,,,,,0.883333,0.300799
RN_PLAIN_NoFOG,17,18,gateway_A,gateway_B,0.800000011920929,0.8999999761581421,0.09999996423721313,0.4376672208309173,0.2562218904495239,0.18144533038139338,5.0,,,,,0.85,0.346945
RN_PLAIN_NoFOG,17,19,gateway_A,gateway_B,0.8666666746139526,0.8666666746139526,0.0,0.2719965279102325,0.2626813650131225,0.009315162897109985,5.0,,,,,0.866667,0.267339
RN_PLAIN_NoFOG,17,20,gateway_A,gateway_B,0.8999999761581421,0.9333333373069764,0.03333336114883434,0.2131444364786148,0.1317019611597061,0.08144247531890872,5.0,,,,,0.916667,0.172423
RN_PLAIN_NoFOG,17,21,gateway_A,gateway_B,1.0,0.9666666388511658,0.03333336114883423,0.0903074368834495,0.091946430504322,0.0016389936208724976,5.0,,,,,0.983333,0.091127
RN_PLAIN_NoFOG,17,22,gateway_A,gateway_B,0.9333333373069764,1.0,0.06666666269302357,0.1399478465318679,0.0367175191640853,0.10323032736778259,5.0,,,,,0.966667,0.088333
RN_PLAIN_NoFOG,17,23,gateway_A,gateway_B,0.9666666388511658,0.8333333134651184,0.13333332538604736,0.0865813419222831,0.4775903522968292,0.3910090103745461,5.0,,,,,0.9,0.282086
RN_PLAIN_NoFOG,17,24,gateway_A,gateway_B,0.9333333373069764,1.0,0.06666666269302357,0.139915257692337,0.1528182327747345,0.012902975082397489,5.0,,,,,0.966667,0.146367
RN_PLAIN_NoFOG,17,25,gateway_A,gateway_B,0.9666666388511658,0.8333333134651184,0.13333332538604736,0.0523927062749862,0.4124070405960083,0.3600143343210221,5.0,,,,,0.9,0.2324
RN_PLAIN_NoFOG,17,26,gateway_A,gateway_B,1.0,0.8666666746139526,0.13333332538604736,0.0428997948765754,0.1696736067533493,0.1267738118767739,5.0,,,,,0.933333,0.106287
RN_PLAIN_NoFOG,17,27,gateway_A,gateway_B,1.0,0.8999999761581421,0.10000002384185791,0.0968212112784385,0.1789939254522323,0.0821727141737938,5.0,,,,,0.95,0.137908
RN_PLAIN_NoFOG,17,28,gateway_A,gateway_B,1.0,0.8666666746139526,0.13333332538604736,0.0711908638477325,0.215494304895401,0.1443034410476685,5.0,,,,,0.933333,0.143343
RN_PLAIN_NoFOG,17,29,gateway_A,gateway_B,0.8999999761581421,0.9666666388511658,0.06666666269302368,0.290216714143753,0.1522738337516784,0.13794288039207458,5.0,,,,,0.933333,0.221245
RN_PLAIN_NoFOG,17,30,gateway_A,gateway_B,0.800000011920929,0.9333333373069764,0.13333332538604747,0.3636223971843719,0.159245565533638,0.2043768316507339,5.0,,,,,0.866667,0.261434
RN_PLAIN_NoFOG,18,1,gateway_A,gateway_B,0.8333333134651184,0.8333333134651184,0.0,0.8253849148750305,0.4998680353164673,0.32551687955856323,2.0,,,,,0.833333,0.662626
RN_PLAIN_NoFOG,18,2,gateway_A,gateway_B,0.9666666388511658,1.0,0.03333336114883423,0.1020114421844482,0.0744728147983551,0.027538627386093098,2.0,,,,,0.983333,0.088242
RN_PLAIN_NoFOG,18,3,gateway_A,gateway_B,1.0,1.0,0.0,0.0582153238356113,0.0387274883687496,0.019487835466861704,1.0,,,,,1.0,0.048471
RN_PLAIN_NoFOG,18,4,gateway_A,gateway_B,1.0,1.0,0.0,0.018010264262557,0.0219090636819601,0.0038987994194031005,2.0,,,,,1.0,0.01996
RN_PLAIN_NoFOG,18,5,gateway_A,gateway_B,1.0,1.0,0.0,0.0104713523760437,0.0287277027964591,0.0182563504204154,6.0,,,,,1.0,0.0196
RN_PLAIN_NoFOG,18,6,gateway_A,gateway_B,0.8666666746139526,1.0,0.13333332538604736,0.4617475867271423,0.0050579379312694,0.45668964879587287,8.0,,,,,0.933333,0.233403
RN_PLAIN_NoFOG,18,7,gateway_A,gateway_B,0.8333333134651184,1.0,0.1666666865348816,0.6722632050514221,0.0253991186618804,0.6468640863895417,8.0,,,,,0.916667,0.348831
RN_PLAIN_NoFOG,18,8,gateway_A,gateway_B,0.800000011920929,1.0,0.19999998807907104,0.6121463179588318,0.0057303244248032,0.6064159935340286,8.0,,,,,0.9,0.308938
RN_PLAIN_NoFOG,18,9,gateway_A,gateway_B,0.9333333373069764,1.0,0.06666666269302357,0.1620645523071289,0.0361127331852912,0.1259518191218377,8.0,,,,,0.966667,0.099089
RN_PLAIN_NoFOG,18,10,gateway_A,gateway_B,0.8999999761581421,1.0,0.10000002384185791,0.3410474061965942,0.0102747585624456,0.3307726476341486,8.0,,,,,0.95,0.175661
RN_PLAIN_NoFOG,18,11,gateway_A,gateway_B,0.9666666388511658,1.0,0.03333336114883423,0.0850069746375083,0.0140048833563923,0.071002091281116,8.0,,,,,0.983333,0.049506
RN_PLAIN_NoFOG,18,12,gateway_A,gateway_B,1.0,1.0,0.0,0.0623278841376304,0.0084353750571608,0.0538925090804696,8.0,,,,,1.0,0.035382
RN_PLAIN_NoFOG,18,13,gateway_A,gateway_B,1.0,1.0,0.0,0.0611477494239807,0.0032148242462426,0.0579329251777381,8.0,,,,,1.0,0.032181
RN_PLAIN_NoFOG,18,14,gateway_A,gateway_B,0.8666666746139526,1.0,0.13333332538604736,0.6007713675498962,0.0058233034797012,0.5949480640701951,8.0,,,,,0.933333,0.303297
RN_PLAIN_NoFOG,18,15,gateway_A,gateway_B,0.8999999761581421,1.0,0.10000002384185791,0.2910823225975036,0.0181697681546211,0.2729125544428825,7.0,,,,,0.95,0.154626
RN_PLAIN_NoFOG,18,16,gateway_A,gateway_B,0.8999999761581421,1.0,0.10000002384185791,0.2335328459739685,0.0037415868137031,0.2297912591602654,7.0,,,,,0.95,0.118637
RN_PLAIN_NoFOG,18,17,gateway_A,gateway_B,0.8999999761581421,1.0,0.10000002384185791,0.3274722099304199,0.0041815503500401,0.32329065958037984,7.0,,,,,0.95,0.165827
RN_PLAIN_NoFOG,18,18,gateway_A,gateway_B,0.9666666388511658,1.0,0.03333336114883423,0.158231034874916,0.0038713181857019,0.15435971668921408,7.0,,,,,0.983333,0.081051
RN_PLAIN_NoFOG,18,19,gateway_A,gateway_B,0.9333333373069764,1.0,0.06666666269302357,0.1888110488653183,0.0041358047164976,0.1846752441488207,8.0,,,,,0.966667,0.096473
RN_PLAIN_NoFOG,18,20,gateway_A,gateway_B,0.8666666746139526,1.0,0.13333332538604736,0.1749482005834579,0.0047885500825941,0.1701596505008638,7.0,,,,,0.933333,0.089868
RN_PLAIN_NoFOG,19,1,gateway_A,gateway_B,0.7666666507720947,0.7333333492279053,0.03333330154418945,1.170776128768921,0.7158491015434265,0.4549270272254944,0.0,,,,,0.75,0.943313
RN_PLAIN_NoFOG,19,2,gateway_A,gateway_B,1.0,0.9666666388511658,0.03333336114883423,0.0832873433828353,0.0941605269908905,0.010873183608055198,0.0,,,,,0.983333,0.088724
RN_PLAIN_NoFOG,19,3,gateway_A,gateway_B,1.0,1.0,0.0,0.0340908877551555,0.0277514215558767,0.0063394661992788,0.0,,,,,1.0,0.030921
RN_PLAIN_NoFOG,19,4,gateway_A,gateway_B,1.0,0.9666666388511658,0.03333336114883423,0.0150821926072239,0.044700488448143,0.029618295840919098,0.0,,,,,0.983333,0.029891
RN_PLAIN_NoFOG,19,5,gateway_A,gateway_B,1.0,1.0,0.0,0.0120322722941637,0.0134064946323633,0.0013742223381995999,7.0,,,,,1.0,0.012719
RN_PLAIN_NoFOG,19,6,gateway_A,gateway_B,0.8666666746139526,1.0,0.13333332538604736,0.3578264117240906,0.0089126667007803,0.3489137450233103,7.0,,,,,0.933333,0.18337
RN_PLAIN_NoFOG,19,7,gateway_A,gateway_B,0.800000011920929,1.0,0.19999998807907104,0.4044812023639679,0.0203001070767641,0.3841810952872038,8.0,,,,,0.9,0.212391
RN_PLAIN_NoFOG,19,8,gateway_A,gateway_B,0.8666666746139526,1.0,0.13333332538604736,0.2817191183567047,0.0274685639888048,0.2542505543678999,7.0,,,,,0.933333,0.154594
RN_PLAIN_NoFOG,19,9,gateway_A,gateway_B,0.8999999761581421,1.0,0.10000002384185791,0.2985917925834656,0.0134184919297695,0.28517330065369606,7.0,,,,,0.95,0.156005
RN_PLAIN_NoFOG,19,10,gateway_A,gateway_B,0.8333333134651184,1.0,0.1666666865348816,0.4333591163158417,0.0121437944471836,0.42121532186865807,7.0,,,,,0.916667,0.222751
RN_PLAIN_NoFOG,19,11,gateway_A,gateway_B,0.9666666388511658,1.0,0.03333336114883423,0.153084710240364,0.0183438137173652,0.13474089652299878,8.0,,,,,0.983333,0.085714
RN_PLAIN_NoFOG,19,12,gateway_A,gateway_B,0.8666666746139526,1.0,0.13333332538604736,0.308717668056488,0.0114236688241362,0.2972939992323518,8.0,,,,,0.933333,0.160071
RN_PLAIN_NoFOG,19,13,gateway_A,gateway_B,0.9666666388511658,1.0,0.03333336114883423,0.1393289566040039,0.0109126921743154,0.1284162644296885,7.0,,,,,0.983333,0.075121
RN_PLAIN_NoFOG,19,14,gateway_A,gateway_B,0.8333333134651184,1.0,0.1666666865348816,0.3080958425998688,0.0247665476053953,0.28332929499447346,7.0,,,,,0.916667,0.166431
RN_PLAIN_NoFOG,19,15,gateway_A,gateway_B,0.9333333373069764,1.0,0.06666666269302357,0.1640398055315017,0.0113410968333482,0.1526987086981535,7.0,,,,,0.966667,0.08769
RN_PLAIN_NoFOG,19,16,gateway_A,gateway_B,0.9333333373069764,1.0,0.06666666269302357,0.1703771948814392,0.0108316596597433,0.1595455352216959,8.0,,,,,0.966667,0.090604
RN_PLAIN_NoFOG,19,17,gateway_A,gateway_B,0.7666666507720947,1.0,0.23333334922790527,0.3207884132862091,0.0104206362739205,0.3103677770122886,7.0,,,,,0.883333,0.165605
RN_PLAIN_NoFOG,19,18,gateway_A,gateway_B,0.9666666388511658,1.0,0.03333336114883423,0.1013957634568214,0.0050541618838906,0.0963416015729308,7.0,,,,,0.983333,0.053225
RN_PLAIN_NoFOG,19,19,gateway_A,gateway_B,0.8666666746139526,1.0,0.13333332538604736,0.2307969480752945,0.0051723276264965,0.225624620448798,8.0,,,,,0.933333,0.117985
RN_PLAIN_NoFOG,19,20,gateway_A,gateway_B,0.8666666746139526,1.0,0.13333332538604736,0.2027404904365539,0.0041766236536204,0.1985638667829335,7.0,,,,,0.933333,0.103459
RN_PLAIN_NoFOG,20,1,gateway_A,gateway_B,0.7666666507720947,0.8333333134651184,0.06666666269302368,0.6847422122955322,0.5907720923423767,0.09397011995315552,0.0,,,,,0.8,0.637757
RN_PLAIN_NoFOG,20,2,gateway_A,gateway_B,0.9333333373069764,0.9333333373069764,0.0,0.1511905193328857,0.3702499568462372,0.2190594375133515,0.0,,,,,0.933333,0.26072
RN_PLAIN_NoFOG,20,3,gateway_A,gateway_B,1.0,0.9666666388511658,0.03333336114883423,0.031784538179636,0.1711474508047104,0.1393629126250744,0.0,,,,,0.983333,0.101466
RN_PLAIN_NoFOG,20,4,gateway_A,gateway_B,1.0,1.0,0.0,0.0208569094538688,0.014881893992424,0.005975015461444799,0.0,,,,,1.0,0.017869
RN_PLAIN_NoFOG,20,5,gateway_A,gateway_B,1.0,0.9666666388511658,0.03333336114883423,0.0150787141174077,0.0479411147534847,0.032862400636077,7.0,,,,,0.983333,0.03151
RN_PLAIN_NoFOG,20,6,gateway_A,gateway_B,0.8333333134651184,1.0,0.1666666865348816,0.5721103549003601,0.0227403938770294,0.5493699610233307,7.0,,,,,0.916667,0.297425
RN_PLAIN_NoFOG,20,7,gateway_A,gateway_B,0.9333333373069764,1.0,0.06666666269302357,0.201882392168045,0.0155958831310272,0.1862865090370178,7.0,,,,,0.966667,0.108739
RN_PLAIN_NoFOG,20,8,gateway_A,gateway_B,0.8999999761581421,1.0,0.10000002384185791,0.2380230873823166,0.0209112726151943,0.2171118147671223,8.0,,,,,0.95,0.129467
RN_PLAIN_NoFOG,20,9,gateway_A,gateway_B,0.9333333373069764,1.0,0.06666666269302357,0.331632524728775,0.0093500101938843,0.3222825145348907,7.0,,,,,0.966667,0.170491
RN_PLAIN_NoFOG,20,10,gateway_A,gateway_B,0.8333333134651184,1.0,0.1666666865348816,0.5781097412109375,0.0197151284664869,0.5583946127444506,7.0,,,,,0.916667,0.298912
RN_PLAIN_NoFOG,20,11,gateway_A,gateway_B,0.9333333373069764,1.0,0.06666666269302357,0.1792531460523605,0.0133302314206957,0.1659229146316648,8.0,,,,,0.966667,0.096292
RN_PLAIN_NoFOG,20,12,gateway_A,gateway_B,0.9333333373069764,1.0,0.06666666269302357,0.160391628742218,0.0068332846276462,0.15355834411457178,7.0,,,,,0.966667,0.083612
RN_PLAIN_NoFOG,20,13,gateway_A,gateway_B,0.8999999761581421,1.0,0.10000002384185791,0.2793820798397064,0.0112333437427878,0.26814873609691864,7.0,,,,,0.95,0.145308
RN_PLAIN_NoFOG,20,14,gateway_A,gateway_B,0.8666666746139526,1.0,0.13333332538604736,0.3052573502063751,0.0051867137663066,0.30007063644006854,7.0,,,,,0.933333,0.155222
RN_PLAIN_NoFOG,20,15,gateway_A,gateway_B,0.8999999761581421,1.0,0.10000002384185791,0.413937360048294,0.0136355999857187,0.40030176006257534,7.0,,,,,0.95,0.213786
RN_PLAIN_NoFOG,20,16,gateway_A,gateway_B,0.9333333373069764,1.0,0.06666666269302357,0.223761111497879,0.0061164209619164,0.2176446905359626,7.0,,,,,0.966667,0.114939
RN_PLAIN_NoFOG,20,17,gateway_A,gateway_B,0.9333333373069764,1.0,0.06666666269302357,0.2302645891904831,0.012984961271286,0.21727962791919708,7.0,,,,,0.966667,0.121625
RN_PLAIN_NoFOG,20,18,gateway_A,gateway_B,0.8333333134651184,1.0,0.1666666865348816,0.2647937536239624,0.0034718348179012,0.2613219188060612,7.0,,,,,0.916667,0.134133
RN_PLAIN_NoFOG,20,19,gateway_A,gateway_B,0.8999999761581421,1.0,0.10000002384185791,0.1960943192243576,0.0132838310673832,0.1828104881569744,7.0,,,,,0.95,0.104689
RN_PLAIN_NoFOG,20,20,gateway_A,gateway_B,0.9333333373069764,1.0,0.06666666269302357,0.1091905757784843,0.0069315931759774,0.1022589826025069,7.0,,,,,0.966667,0.058061
RN_PLAIN_NoFOG,21,1,gateway_A,gateway_B,0.7666666507720947,0.7333333492279053,0.03333330154418945,0.8896997570991516,0.839574933052063,0.05012482404708862,2.0,,,,,0.75,0.864637
RN_PLAIN_NoFOG,21,2,gateway_A,gateway_B,0.9333333373069764,0.9666666388511658,0.03333330154418934,0.2457086443901062,0.1129047200083732,0.132803924381733,2.0,,,,,0.95,0.179307
RN_PLAIN_NoFOG,21,3,gateway_A,gateway_B,1.0,1.0,0.0,0.0627174079418182,0.0359011441469192,0.026816263794898994,2.0,,,,,1.0,0.049309
RN_PLAIN_NoFOG,21,4,gateway_A,gateway_B,0.9666666388511658,1.0,0.03333336114883423,0.0575680956244468,0.0347912460565567,0.022776849567890098,2.0,,,,,0.983333,0.04618
RN_PLAIN_NoFOG,21,5,gateway_A,gateway_B,0.9666666388511658,1.0,0.03333336114883423,0.0622387677431106,0.0130982985720038,0.0491404691711068,9.0,,,,,0.983333,0.037669
RN_PLAIN_NoFOG,21,6,gateway_A,gateway_B,0.8666666746139526,1.0,0.13333332538604736,0.3050568401813507,0.0087221497669816,0.2963346904143691,9.0,,,,,0.933333,0.156889
RN_PLAIN_NoFOG,21,7,gateway_A,gateway_B,0.9333333373069764,1.0,0.06666666269302357,0.2405532896518707,0.0169732104986906,0.2235800791531801,9.0,,,,,0.966667,0.128763
RN_PLAIN_NoFOG,21,8,gateway_A,gateway_B,0.8333333134651184,1.0,0.1666666865348816,0.3964940309524536,0.0145917935296893,0.3819022374227643,9.0,,,,,0.916667,0.205543
RN_PLAIN_NoFOG,21,9,gateway_A,gateway_B,0.800000011920929,1.0,0.19999998807907104,0.4031224846839905,0.0171228852123022,0.38599959947168827,10.0,,,,,0.9,0.210123
RN_PLAIN_NoFOG,21,10,gateway_A,gateway_B,0.8999999761581421,1.0,0.10000002384185791,0.2586462199687958,0.0119362734258174,0.24670994654297837,10.0,,,,,0.95,0.135291
RN_PLAIN_NoFOG,21,11,gateway_A,gateway_B,0.8999999761581421,1.0,0.10000002384185791,0.2222150862216949,0.0157095901668071,0.2065054960548878,9.0,,,,,0.95,0.118962
RN_PLAIN_NoFOG,21,12,gateway_A,gateway_B,0.8666666746139526,1.0,0.13333332538604736,0.3325033187866211,0.0105416746810078,0.3219616441056133,10.0,,,,,0.933333,0.171522
RN_PLAIN_NoFOG,21,13,gateway_A,gateway_B,0.8333333134651184,1.0,0.1666666865348816,0.3340268731117248,0.0153023367747664,0.3187245363369584,9.0,,,,,0.916667,0.174665
RN_PLAIN_NoFOG,21,14,gateway_A,gateway_B,0.8333333134651184,1.0,0.1666666865348816,0.3431161940097809,0.0081060547381639,0.335010139271617,10.0,,,,,0.916667,0.175611
RN_PLAIN_NoFOG,21,15,gateway_A,gateway_B,0.8999999761581421,1.0,0.10000002384185791,0.1821644157171249,0.0252405051141977,0.1569239106029272,10.0,,,,,0.95,0.103702
RN_PLAIN_NoFOG,21,16,gateway_A,gateway_B,0.9333333373069764,1.0,0.06666666269302357,0.1473800092935562,0.0045439251698553,0.1428360841237009,10.0,,,,,0.966667,0.075962
RN_PLAIN_NoFOG,21,17,gateway_A,gateway_B,0.9666666388511658,1.0,0.03333336114883423,0.0680808871984481,0.0125395897775888,0.055541297420859295,10.0,,,,,0.983333,0.04031
RN_PLAIN_NoFOG,21,18,gateway_A,gateway_B,0.8999999761581421,1.0,0.10000002384185791,0.2593547105789184,0.0033912153448909,0.2559634952340275,9.0,,,,,0.95,0.131373
RN_PLAIN_NoFOG,21,19,gateway_A,gateway_B,0.9333333373069764,1.0,0.06666666269302357,0.164967194199562,0.0057713002897799,0.1591958939097821,10.0,,,,,0.966667,0.085369
RN_PLAIN_NoFOG,22,1,gateway_A,gateway_B,0.699999988079071,0.800000011920929,0.10000002384185791,1.2560105323791504,0.7544409036636353,0.5015696287155151,1.0,,,,,0.75,1.005226
RN_PLAIN_NoFOG,22,2,gateway_A,gateway_B,0.8999999761581421,1.0,0.10000002384185791,0.3487505912780761,0.0993151366710662,0.24943545460700992,1.0,,,,,0.95,0.224033
RN_PLAIN_NoFOG,22,3,gateway_A,gateway_B,0.9666666388511658,0.9666666388511658,0.0,0.0784830227494239,0.0553883090615272,0.0230947136878967,1.0,,,,,0.966667,0.066936
RN_PLAIN_NoFOG,22,4,gateway_A,gateway_B,1.0,1.0,0.0,0.0264885760843753,0.0328106805682182,0.006322104483842902,1.0,,,,,1.0,0.02965
RN_PLAIN_NoFOG,22,5,gateway_A,gateway_B,1.0,1.0,0.0,0.0170036163181066,0.0048740194179117,0.012129596900194899,7.0,,,,,1.0,0.010939
RN_PLAIN_NoFOG,22,6,gateway_A,gateway_B,0.800000011920929,1.0,0.19999998807907104,0.6268162131309509,0.0065066427923738,0.6203095703385771,7.0,,,,,0.9,0.316661
RN_PLAIN_NoFOG,22,7,gateway_A,gateway_B,0.800000011920929,1.0,0.19999998807907104,0.3566279709339142,0.0166315026581287,0.3399964682757855,7.0,,,,,0.9,0.18663
RN_PLAIN_NoFOG,22,8,gateway_A,gateway_B,0.8999999761581421,1.0,0.10000002384185791,0.1874557137489318,0.0148557443171739,0.1725999694317579,7.0,,,,,0.95,0.101156
RN_PLAIN_NoFOG,22,9,gateway_A,gateway_B,0.8333333134651184,1.0,0.1666666865348816,0.4764494001865387,0.0104237748309969,0.4660256253555418,7.0,,,,,0.916667,0.243437
RN_PLAIN_NoFOG,22,10,gateway_A,gateway_B,0.800000011920929,1.0,0.19999998807907104,0.4576546549797058,0.0129810506477952,0.4446736043319106,7.0,,,,,0.9,0.235318
RN_PLAIN_NoFOG,22,11,gateway_A,gateway_B,0.9666666388511658,1.0,0.03333336114883423,0.1506277024745941,0.0125846620649099,0.13804304040968418,7.0,,,,,0.983333,0.081606
RN_PLAIN_NoFOG,22,12,gateway_A,gateway_B,0.9333333373069764,1.0,0.06666666269302357,0.1805893331766128,0.0228837132453918,0.157705619931221,7.0,,,,,0.966667,0.101737
RN_PLAIN_NoFOG,22,13,gateway_A,gateway_B,0.8999999761581421,1.0,0.10000002384185791,0.1801646798849105,0.0190306603908538,0.1611340194940567,7.0,,,,,0.95,0.099598
RN_PLAIN_NoFOG,22,14,gateway_A,gateway_B,0.9666666388511658,1.0,0.03333336114883423,0.0941019058227539,0.0066832215525209,0.087418684270233,7.0,,,,,0.983333,0.050393
RN_PLAIN_NoFOG,22,15,gateway_A,gateway_B,0.9333333373069764,1.0,0.06666666269302357,0.4471438825130462,0.0069762361235916,0.4401676463894546,7.0,,,,,0.966667,0.22706
RN_PLAIN_NoFOG,22,16,gateway_A,gateway_B,1.0,0.9666666388511658,0.03333336114883423,0.0459797531366348,0.038774412125349,0.007205341011285796,7.0,,,,,0.983333,0.042377
RN_PLAIN_NoFOG,22,17,gateway_A,gateway_B,0.9666666388511658,1.0,0.03333336114883423,0.0877711772918701,0.0020053451880812,0.08576583210378891,7.0,,,,,0.983333,0.044888
RN_PLAIN_NoFOG,22,18,gateway_A,gateway_B,0.9666666388511658,1.0,0.03333336114883423,0.0652475506067276,0.0032420991919934,0.0620054514147342,7.0,,,,,0.983333,0.034245
RN_PLAIN_NoFOG,22,19,gateway_A,gateway_B,0.8999999761581421,1.0,0.10000002384185791,0.1910848468542099,0.0027672813739627,0.1883175654802472,7.0,,,,,0.95,0.096926
RN_PLAIN_NoFOG,22,20,gateway_A,gateway_B,0.9333333373069764,1.0,0.06666666269302357,0.2798338830471039,0.0070331026799976,0.27280078036710625,7.0,,,,,0.966667,0.143433
RN_PLAIN_NoFOG,23,1,gateway_A,gateway_B,0.800000011920929,0.6333333253860474,0.1666666865348816,0.7078773379325867,0.9727938175201416,0.26491647958755493,2.0,,,,,0.716667,0.840336
RN_PLAIN_NoFOG,23,2,gateway_A,gateway_B,0.9333333373069764,1.0,0.06666666269302357,0.2913655936717987,0.1150530949234962,0.17631249874830252,2.0,,,,,0.966667,0.203209
RN_PLAIN_NoFOG,23,3,gateway_A,gateway_B,1.0,0.9333333373069764,0.06666666269302357,0.0401299707591533,0.111013226211071,0.0708832554519177,2.0,,,,,0.966667,0.075572
RN_PLAIN_NoFOG,23,4,gateway_A,gateway_B,1.0,1.0,0.0,0.0148497819900512,0.0297171752899885,0.0148673932999373,2.0,,,,,1.0,0.022283
RN_PLAIN_NoFOG,23,5,gateway_A,gateway_B,1.0,1.0,0.0,0.0102691603824496,0.0336423590779304,0.023373198695480803,2.0,,,,,1.0,0.021956
RN_PLAIN_NoFOG,23,6,gateway_A,gateway_B,0.8666666746139526,0.8333333134651184,0.03333336114883423,0.4268727898597717,0.5480448007583618,0.12117201089859014,3.0,,,,,0.85,0.487459
RN_PLAIN_NoFOG,23,7,gateway_A,gateway_B,0.8333333134651184,0.9333333373069764,0.10000002384185802,0.381626546382904,0.2321667373180389,0.14945980906486508,3.0,,,,,0.883333,0.306897
RN_PLAIN_NoFOG,23,8,gateway_A,gateway_B,0.8666666746139526,0.7333333492279053,0.13333332538604736,0.224835067987442,0.5262418389320374,0.30140677094459534,3.0,,,,,0.8,0.375538
RN_PLAIN_NoFOG,23,9,gateway_A,gateway_B,0.8666666746139526,0.8666666746139526,0.0,0.3213416337966919,0.5009065866470337,0.1795649528503418,2.0,,,,,0.866667,0.411124
RN_PLAIN_NoFOG,23,10,gateway_A,gateway_B,0.8666666746139526,1.0,0.13333332538604736,0.2817403972148895,0.0258976463228464,0.2558427508920431,3.0,,,,,0.933333,0.153819
RN_PLAIN_NoFOG,23,11,gateway_A,gateway_B,0.800000011920929,0.9666666388511658,0.16666662693023682,0.4518390893936157,0.2438282668590545,0.2080108225345612,3.0,,,,,0.883333,0.347834
RN_PLAIN_NoFOG,23,12,gateway_A,gateway_B,0.8333333134651184,0.8999999761581421,0.06666666269302368,0.4077516496181488,0.2846473157405853,0.12310433387756348,3.0,,,,,0.866667,0.346199
RN_PLAIN_NoFOG,23,13,gateway_A,gateway_B,0.9333333373069764,0.9666666388511658,0.03333330154418934,0.1836867034435272,0.0952528417110443,0.0884338617324829,3.0,,,,,0.95,0.13947
RN_PLAIN_NoFOG,23,14,gateway_A,gateway_B,0.800000011920929,0.9666666388511658,0.16666662693023682,0.325295627117157,0.1817016899585724,0.1435939371585846,3.0,,,,,0.883333,0.253499
RN_PLAIN_NoFOG,23,15,gateway_A,gateway_B,0.9333333373069764,0.9333333373069764,0.0,0.2246944010257721,0.1781853139400482,0.046509087085723905,3.0,,,,,0.933333,0.20144
RN_PLAIN_NoFOG,23,16,gateway_A,gateway_B,1.0,0.9333333373069764,0.06666666269302357,0.0793313682079315,0.1358145773410797,0.05648320913314821,3.0,,,,,0.966667,0.107573
RN_PLAIN_NoFOG,23,17,gateway_A,gateway_B,0.9333333373069764,0.9333333373069764,0.0,0.2135457694530487,0.2144467234611511,0.0009009540081023892,3.0,,,,,0.933333,0.213996
RN_PLAIN_NoFOG,23,18,gateway_A,gateway_B,0.9333333373069764,0.9666666388511658,0.03333330154418934,0.2137631773948669,0.0642016306519508,0.1495615467429161,3.0,,,,,0.95,0.138982
RN_PLAIN_NoFOG,23,19,gateway_A,gateway_B,0.8999999761581421,0.9333333373069764,0.03333336114883434,0.2557724118232727,0.2196238338947296,0.03614857792854312,3.0,,,,,0.916667,0.237698
RN_PLAIN_NoFOG,23,20,gateway_A,gateway_B,0.9333333373069764,0.8333333134651184,0.10000002384185802,0.2577736973762512,0.2821564972400665,0.024382799863815252,3.0,,,,,0.883333,0.269965
RN_PLAIN_NoFOG,24,1,gateway_A,gateway_B,0.6333333253860474,0.800000011920929,0.1666666865348816,1.15012788772583,0.5628789663314819,0.5872489213943481,1.0,,,,,0.716667,0.856503
RN_PLAIN_NoFOG,24,2,gateway_A,gateway_B,0.9666666388511658,0.9666666388511658,0.0,0.1822887063026428,0.1973840594291687,0.015095353126525907,1.0,,,,,0.966667,0.189836
RN_PLAIN_NoFOG,24,3,gateway_A,gateway_B,1.0,1.0,0.0,0.0223960671573877,0.0312442053109407,0.008848138153553002,0.0,,,,,1.0,0.02682
RN_PLAIN_NoFOG,24,4,gateway_A,gateway_B,1.0,1.0,0.0,0.0217778924852609,0.0373653396964073,0.015587447211146396,0.0,,,,,1.0,0.029572
RN_PLAIN_NoFOG,24,5,gateway_A,gateway_B,1.0,1.0,0.0,0.0120640946552157,0.0171797163784503,0.0051156217232346,7.0,,,,,1.0,0.014622
RN_PLAIN_NoFOG,24,6,gateway_A,gateway_B,0.7666666507720947,0.8666666746139526,0.10000002384185791,0.5098368525505066,0.4476335346698761,0.06220331788063049,1.0,,,,,0.816667,0.478735
RN_PLAIN_NoFOG,24,7,gateway_A,gateway_B,0.800000011920929,0.7666666507720947,0.03333336114883423,0.5192925333976746,0.659580647945404,0.1402881145477295,1.0,,,,,0.783333,0.589437
RN_PLAIN_NoFOG,24,8,gateway_A,gateway_B,0.8666666746139526,0.800000011920929,0.06666666269302368,0.2914336919784546,0.3249115645885467,0.03347787261009211,1.0,,,,,0.833333,0.308173
RN_PLAIN_NoFOG,24,9,gateway_A,gateway_B,0.8333333134651184,0.7333333492279053,0.09999996423721313,0.5904117822647095,0.6263372302055359,0.035925447940826416,1.0,,,,,0.783333,0.608375
RN_PLAIN_NoFOG,24,10,gateway_A,gateway_B,0.8333333134651184,0.8999999761581421,0.06666666269302368,0.5953788161277771,0.2400174587965011,0.355361357331276,1.0,,,,,0.866667,0.417698
RN_PLAIN_NoFOG,24,11,gateway_A,gateway_B,0.9333333373069764,0.8666666746139526,0.06666666269302379,0.2504157721996307,0.4185631573200226,0.1681473851203919,1.0,,,,,0.9,0.334489
RN_PLAIN_NoFOG,24,12,gateway_A,gateway_B,0.8333333134651184,0.9666666388511658,0.13333332538604736,0.3711792230606079,0.2570469081401825,0.11413231492042542,1.0,,,,,0.9,0.314113
RN_PLAIN_NoFOG,24,13,gateway_A,gateway_B,0.8666666746139526,0.9666666388511658,0.09999996423721313,0.2221872508525848,0.1671838164329528,0.055003434419632014,1.0,,,,,0.916667,0.194686
RN_PLAIN_NoFOG,24,14,gateway_A,gateway_B,0.9333333373069764,0.8999999761581421,0.03333336114883434,0.1781502813100814,0.2071214318275451,0.028971150517463712,1.0,,,,,0.916667,0.192636
RN_PLAIN_NoFOG,24,15,gateway_A,gateway_B,0.8999999761581421,0.9333333373069764,0.03333336114883434,0.2314780801534652,0.3000061810016632,0.06852810084819802,1.0,,,,,0.916667,0.265742
RN_PLAIN_NoFOG,24,16,gateway_A,gateway_B,0.9333333373069764,0.9333333373069764,0.0,0.1620149612426757,0.138468712568283,0.0235462486743927,1.0,,,,,0.933333,0.150242
RN_PLAIN_NoFOG,24,17,gateway_A,gateway_B,0.8666666746139526,0.9333333373069764,0.06666666269302379,0.2937044203281402,0.2095184475183487,0.08418597280979151,1.0,,,,,0.9,0.251611
RN_PLAIN_NoFOG,24,18,gateway_A,gateway_B,0.8999999761581421,0.8333333134651184,0.06666666269302368,0.1409457623958587,0.3401537537574768,0.1992079913616181,0.0,,,,,0.866667,0.24055
RN_PLAIN_NoFOG,24,19,gateway_A,gateway_B,1.0,0.9666666388511658,0.03333336114883423,0.0631435811519622,0.1786330342292785,0.11548945307731631,1.0,,,,,0.983333,0.120888
RN_PLAIN_NoFOG,24,20,gateway_A,gateway_B,0.9333333373069764,0.9333333373069764,0.0,0.1463551968336105,0.134178802371025,0.012176394462585505,1.0,,,,,0.933333,0.140267
RN_PLAIN_NoFOG,25,1,gateway_A,gateway_B,0.7333333492279053,0.7666666507720947,0.03333330154418945,0.975787341594696,1.193205714225769,0.217418372631073,1.0,,,,,0.75,1.084497
RN_PLAIN_NoFOG,25,2,gateway_A,gateway_B,0.9666666388511658,0.9333333373069764,0.03333330154418934,0.1730548739433288,0.2406945526599884,0.0676396787166596,1.0,,,,,0.95,0.206875
RN_PLAIN_NoFOG,25,3,gateway_A,gateway_B,1.0,0.800000011920929,0.19999998807907104,0.0504861362278461,0.5370087027549744,0.4865225665271283,1.0,,,,,0.9,0.293747
RN_PLAIN_NoFOG,25,4,gateway_A,gateway_B,1.0,0.8333333134651184,0.1666666865348816,0.0209656991064548,0.5271407961845398,0.506175097078085,1.0,,,,,0.916667,0.274053
RN_PLAIN_NoFOG,25,5,gateway_A,gateway_B,1.0,0.9333333373069764,0.06666666269302357,0.0183517280966043,0.1752997040748596,0.1569479759782553,2.0,,,,,0.966667,0.096826
RN_PLAIN_NoFOG,25,6,gateway_A,gateway_B,0.7666666507720947,0.8666666746139526,0.10000002384185791,0.7736600637435913,0.5124499201774597,0.2612101435661316,3.0,,,,,0.816667,0.643055
RN_PLAIN_NoFOG,25,7,gateway_A,gateway_B,0.800000011920929,0.8666666746139526,0.06666666269302368,0.4267142415046692,0.4009258151054382,0.025788426399231013,3.0,,,,,0.833333,0.41382
RN_PLAIN_NoFOG,25,8,gateway_A,gateway_B,0.800000011920929,1.0,0.19999998807907104,0.3926900327205658,0.0522254556417465,0.3404645770788193,3.0,,,,,0.9,0.222458
RN_PLAIN_NoFOG,25,9,gateway_A,gateway_B,0.8666666746139526,0.9333333373069764,0.06666666269302379,0.3813057541847229,0.1532062739133834,0.2280994802713395,3.0,,,,,0.9,0.267256
RN_PLAIN_NoFOG,25,10,gateway_A,gateway_B,0.8666666746139526,0.9666666388511658,0.09999996423721313,0.3094301223754883,0.1625823974609375,0.14684772491455078,3.0,,,,,0.916667,0.236006
RN_PLAIN_NoFOG,25,11,gateway_A,gateway_B,0.9333333373069764,0.8666666746139526,0.06666666269302379,0.1828640252351761,0.2701997756958008,0.0873357504606247,3.0,,,,,0.9,0.226532
RN_PLAIN_NoFOG,25,12,gateway_A,gateway_B,1.0,0.8333333134651184,0.1666666865348816,0.047096949070692,0.3564142882823944,0.3093173392117024,3.0,,,,,0.916667,0.201756
RN_PLAIN_NoFOG,25,13,gateway_A,gateway_B,0.9333333373069764,0.8999999761581421,0.03333336114883434,0.1436296105384826,0.201302021741867,0.0576724112033844,3.0,,,,,0.916667,0.172466
RN_PLAIN_NoFOG,25,14,gateway_A,gateway_B,0.9666666388511658,1.0,0.03333336114883423,0.0815481692552566,0.0858900547027587,0.0043418854475021085,3.0,,,,,0.983333,0.083719
RN_PLAIN_NoFOG,25,15,gateway_A,gateway_B,0.9333333373069764,1.0,0.06666666269302357,0.172523945569992,0.1097019389271736,0.06282200664281841,2.0,,,,,0.966667,0.141113
RN_PLAIN_NoFOG,25,16,gateway_A,gateway_B,0.9333333373069764,0.8999999761581421,0.03333336114883434,0.1767325550317764,0.1778247505426406,0.0010921955108642023,3.0,,,,,0.916667,0.177279
RN_PLAIN_NoFOG,25,17,gateway_A,gateway_B,0.9666666388511658,0.9666666388511658,0.0,0.1431942135095596,0.1699703484773636,0.026776134967803983,2.0,,,,,0.966667,0.156582
RN_PLAIN_NoFOG,25,18,gateway_A,gateway_B,0.8333333134651184,0.9666666388511658,0.13333332538604736,0.3169355988502502,0.0723202526569366,0.2446153461933136,3.0,,,,,0.9,0.194628
RN_PLAIN_NoFOG,25,19,gateway_A,gateway_B,0.8666666746139526,0.8333333134651184,0.03333336114883423,0.2461327910423278,0.2285472601652145,0.017585530877113287,2.0,,,,,0.85,0.23734
RN_PLAIN_NoFOG,25,20,gateway_A,gateway_B,0.9666666388511658,0.9333333373069764,0.03333330154418934,0.1502271443605423,0.2564185857772827,0.10619144141674042,3.0,,,,,0.95,0.203323
RN_PLAIN_NoFOG,26,1,gateway_A,gateway_B,0.7666666507720947,0.699999988079071,0.06666666269302368,1.0310903787612915,0.8721744418144226,0.1589159369468689,1.0,,,,,0.733333,0.951632
RN_PLAIN_NoFOG,26,2,gateway_A,gateway_B,1.0,1.0,0.0,0.0614828653633594,0.1023884117603302,0.0409055463969708,1.0,,,,,1.0,0.081936
RN_PLAIN_NoFOG,26,3,gateway_A,gateway_B,0.9666666388511658,0.9666666388511658,0.0,0.070593275129795,0.1950124651193618,0.12441918998956679,1.0,,,,,0.966667,0.132803
RN_PLAIN_NoFOG,26,4,gateway_A,gateway_B,1.0,1.0,0.0,0.0155278593301773,0.0451804995536804,0.0296526402235031,0.0,,,,,1.0,0.030354
RN_PLAIN_NoFOG,26,5,gateway_A,gateway_B,1.0,1.0,0.0,0.0187551062554121,0.0138847399502992,0.004870366305112898,2.0,,,,,1.0,0.01632
RN_PLAIN_NoFOG,26,6,gateway_A,gateway_B,0.9333333373069764,0.8999999761581421,0.03333336114883434,0.3327309787273407,0.2740689218044281,0.0586620569229126,0.0,,,,,0.916667,0.3034
RN_PLAIN_NoFOG,26,7,gateway_A,gateway_B,0.8999999761581421,0.800000011920929,0.09999996423721313,0.4512186050415039,0.492759108543396,0.04154050350189209,0.0,,,,,0.85,0.471989
RN_PLAIN_NoFOG,26,8,gateway_A,gateway_B,0.800000011920929,0.8666666746139526,0.06666666269302368,0.4225383102893829,0.4340160489082336,0.011477738618850708,0.0,,,,,0.833333,0.428277
RN_PLAIN_NoFOG,26,9,gateway_A,gateway_B,0.8999999761581421,0.800000011920929,0.09999996423721313,0.347266674041748,0.3781009018421173,0.030834227800369318,1.0,,,,,0.85,0.362684
RN_PLAIN_NoFOG,26,10,gateway_A,gateway_B,0.8666666746139526,0.800000011920929,0.06666666269302368,0.3261821866035461,0.4125317335128784,0.08634954690933233,1.0,,,,,0.833333,0.369357
RN_PLAIN_NoFOG,26,11,gateway_A,gateway_B,0.8666666746139526,0.8999999761581421,0.03333330154418945,0.3255743086338043,0.2558338344097137,0.06974047422409063,0.0,,,,,0.883333,0.290704
RN_PLAIN_NoFOG,26,12,gateway_A,gateway_B,0.7666666507720947,0.8666666746139526,0.10000002384185791,0.5770820379257202,0.2920345067977905,0.2850475311279297,0.0,,,,,0.816667,0.434558
RN_PLAIN_NoFOG,26,13,gateway_A,gateway_B,0.8999999761581421,0.9333333373069764,0.03333336114883434,0.1917694360017776,0.1528559327125549,0.03891350328922269,0.0,,,,,0.916667,0.172313
RN_PLAIN_NoFOG,26,14,gateway_A,gateway_B,0.8666666746139526,0.9666666388511658,0.09999996423721313,0.247550755739212,0.0948609411716461,0.15268981456756592,0.0,,,,,0.916667,0.171206
RN_PLAIN_NoFOG,26,15,gateway_A,gateway_B,0.8999999761581421,0.8333333134651184,0.06666666269302368,0.356250137090683,0.3930582702159881,0.03680813312530512,0.0,,,,,0.866667,0.374654
RN_PLAIN_NoFOG,26,16,gateway_A,gateway_B,0.8999999761581421,1.0,0.10000002384185791,0.2941484749317169,0.042961087077856,0.2511873878538609,0.0,,,,,0.95,0.168555
RN_PLAIN_NoFOG,26,17,gateway_A,gateway_B,0.8999999761581421,0.9333333373069764,0.03333336114883434,0.2730675041675567,0.1127006560564041,0.1603668481111526,1.0,,,,,0.916667,0.192884
RN_PLAIN_NoFOG,26,18,gateway_A,gateway_B,0.9333333373069764,0.9666666388511658,0.03333330154418934,0.1698959320783615,0.1953054815530777,0.025409549474716187,1.0,,,,,0.95,0.182601
RN_PLAIN_NoFOG,26,19,gateway_A,gateway_B,0.8999999761581421,0.8999999761581421,0.0,0.3763254582881927,0.2098397314548492,0.1664857268333435,1.0,,,,,0.9,0.293083
RN_PLAIN_NoFOG,26,20,gateway_A,gateway_B,0.8999999761581421,0.9666666388511658,0.06666666269302368,0.2178910672664642,0.0601866096258163,0.15770445764064792,1.0,,,,,0.933333,0.139039
RN_PLAIN_NoFOG,27,1,gateway_A,gateway_B,0.7333333492279053,0.6333333253860474,0.10000002384185791,0.650012195110321,0.6103499531745911,0.03966224193572998,0.0,,,,,0.683333,0.630181
RN_PLAIN_NoFOG,27,2,gateway_A,gateway_B,0.9333333373069764,1.0,0.06666666269302357,0.1015645042061805,0.0765174776315689,0.02504702657461161,0.0,,,,,0.966667,0.089041
RN_PLAIN_NoFOG,27,3,gateway_A,gateway_B,1.0,0.9333333373069764,0.06666666269302357,0.0344692803919315,0.1566520780324936,0.12218279764056209,0.0,,,,,0.966667,0.095561
RN_PLAIN_NoFOG,27,4,gateway_A,gateway_B,1.0,1.0,0.0,0.0148513037711381,0.0189312640577554,0.004079960286617302,0.0,,,,,1.0,0.016891
RN_PLAIN_NoFOG,27,5,gateway_A,gateway_B,1.0,1.0,0.0,0.0126074701547622,0.0241934396326541,0.0115859694778919,4.0,,,,,1.0,0.0184
RN_PLAIN_NoFOG,27,6,gateway_A,gateway_B,0.8333333134651184,0.8999999761581421,0.06666666269302368,0.4158031344413757,0.2207928150892257,0.19501031935214996,0.0,,,,,0.866667,0.318298
RN_PLAIN_NoFOG,27,7,gateway_A,gateway_B,0.7333333492279053,0.800000011920929,0.06666666269302368,0.4775247573852539,0.5532532930374146,0.07572853565216064,0.0,,,,,0.766667,0.515389
RN_PLAIN_NoFOG,27,8,gateway_A,gateway_B,0.8333333134651184,0.7666666507720947,0.06666666269302368,0.2624834477901459,0.3767512738704681,0.11426782608032221,1.0,,,,,0.8,0.319617
RN_PLAIN_NoFOG,27,9,gateway_A,gateway_B,0.699999988079071,0.8666666746139526,0.1666666865348816,0.503560483455658,0.3427375257015228,0.16082295775413513,0.0,,,,,0.783333,0.423149
RN_PLAIN_NoFOG,27,10,gateway_A,gateway_B,0.9666666388511658,0.8333333134651184,0.13333332538604736,0.2010529935359954,0.3199272453784942,0.11887425184249881,1.0,,,,,0.9,0.26049
RN_PLAIN_NoFOG,27,11,gateway_A,gateway_B,0.9333333373069764,0.8666666746139526,0.06666666269302379,0.2499269545078277,0.2949348390102386,0.04500788450241089,0.0,,,,,0.9,0.272431
RN_PLAIN_NoFOG,27,12,gateway_A,gateway_B,0.8999999761581421,0.7666666507720947,0.13333332538604736,0.2364537566900253,0.4002487957477569,0.1637950390577316,0.0,,,,,0.833333,0.318351
RN_PLAIN_NoFOG,27,13,gateway_A,gateway_B,1.0,0.800000011920929,0.19999998807907104,0.1018395945429802,0.4178581833839416,0.3160185888409614,1.0,,,,,0.9,0.259849
RN_PLAIN_NoFOG,27,14,gateway_A,gateway_B,0.9666666388511658,0.8999999761581421,0.06666666269302368,0.1357665508985519,0.2022469639778137,0.06648041307926178,1.0,,,,,0.933333,0.169007
RN_PLAIN_NoFOG,27,15,gateway_A,gateway_B,1.0,0.8999999761581421,0.10000002384185791,0.0337261147797107,0.2251419425010681,0.1914158277213574,1.0,,,,,0.95,0.129434
RN_PLAIN_NoFOG,27,16,gateway_A,gateway_B,0.8666666746139526,0.9666666388511658,0.09999996423721313,0.3240525424480438,0.0733730494976043,0.2506794929504395,0.0,,,,,0.916667,0.198713
RN_PLAIN_NoFOG,27,17,gateway_A,gateway_B,0.8999999761581421,0.9333333373069764,0.03333336114883434,0.1747436672449112,0.167166456580162,0.007577210664749201,1.0,,,,,0.916667,0.170955
RN_PLAIN_NoFOG,27,18,gateway_A,gateway_B,0.8999999761581421,0.8333333134651184,0.06666666269302368,0.2114536613225937,0.4717053771018982,0.2602517157793045,1.0,,,,,0.866667,0.34158
RN_PLAIN_NoFOG,27,19,gateway_A,gateway_B,1.0,0.9666666388511658,0.03333336114883423,0.0835784450173378,0.1347129940986633,0.0511345490813255,1.0,,,,,0.983333,0.109146
RN_PLAIN_NoFOG,27,20,gateway_A,gateway_B,0.9333333373069764,0.9333333373069764,0.0,0.1299424320459365,0.1652759760618209,0.0353335440158844,0.0,,,,,0.933333,0.147609
RN_PLAIN_NoFOG,28,1,gateway_A,gateway_B,0.6666666865348816,0.6666666865348816,0.0,0.8748396039009094,0.7621608972549438,0.11267870664596558,1.0,,,,,0.666667,0.8185
RN_PLAIN_NoFOG,28,2,gateway_A,gateway_B,0.9666666388511658,1.0,0.03333336114883423,0.1189444884657859,0.1236090660095214,0.004664577543735504,1.0,,,,,0.983333,0.121277
RN_PLAIN_NoFOG,28,3,gateway_A,gateway_B,1.0,1.0,0.0,0.035151183605194,0.0404660515487194,0.005314867943525398,1.0,,,,,1.0,0.037809
RN_PLAIN_NoFOG,28,4,gateway_A,gateway_B,1.0,1.0,0.0,0.0229670666158199,0.0235809925943613,0.0006139259785413985,1.0,,,,,1.0,0.023274
RN_PLAIN_NoFOG,28,5,gateway_A,gateway_B,1.0,1.0,0.0,0.0106383357197046,0.0365797467529773,0.0259414110332727,1.0,,,,,1.0,0.023609
RN_PLAIN_NoFOG,28,6,gateway_A,gateway_B,0.9333333373069764,0.9666666388511658,0.03333330154418934,0.4709640145301819,0.0839479640126228,0.38701605051755905,3.0,,,,,0.95,0.277456
RN_PLAIN_NoFOG,28,7,gateway_A,gateway_B,0.8999999761581421,0.8333333134651184,0.06666666269302368,0.4459083676338196,0.5098288059234619,0.06392043828964233,2.0,,,,,0.866667,0.477869
RN_PLAIN_NoFOG,28,8,gateway_A,gateway_B,0.9333333373069764,0.8999999761581421,0.03333336114883434,0.1972197145223617,0.4586228728294372,0.2614031583070755,2.0,,,,,0.916667,0.327921
RN_PLAIN_NoFOG,28,9,gateway_A,gateway_B,0.8333333134651184,0.8333333134651184,0.0,0.2918393313884735,0.4811200201511383,0.1892806887626648,2.0,,,,,0.833333,0.38648
RN_PLAIN_NoFOG,28,10,gateway_A,gateway_B,0.800000011920929,0.8999999761581421,0.09999996423721313,0.3542954623699188,0.3344241082668304,0.019871354103088434,2.0,,,,,0.85,0.34436
RN_PLAIN_NoFOG,28,11,gateway_A,gateway_B,0.9333333373069764,0.8666666746139526,0.06666666269302379,0.143556073307991,0.488324224948883,0.34476815164089203,2.0,,,,,0.9,0.31594
RN_PLAIN_NoFOG,28,12,gateway_A,gateway_B,0.9333333373069764,0.9333333373069764,0.0,0.1897144615650177,0.2080597281455993,0.01834526658058161,2.0,,,,,0.933333,0.198887
RN_PLAIN_NoFOG,28,13,gateway_A,gateway_B,0.9333333373069764,0.8666666746139526,0.06666666269302379,0.1349115073680877,0.234973669052124,0.10006216168403628,2.0,,,,,0.9,0.184943
RN_PLAIN_NoFOG,28,14,gateway_A,gateway_B,0.9333333373069764,0.8999999761581421,0.03333336114883434,0.2295389473438263,0.2864063084125519,0.056867361068725586,2.0,,,,,0.916667,0.257973
RN_PLAIN_NoFOG,28,15,gateway_A,gateway_B,0.8666666746139526,1.0,0.13333332538604736,0.3374584019184112,0.0527690462768077,0.28468935564160347,2.0,,,,,0.933333,0.195114
RN_PLAIN_NoFOG,28,16,gateway_A,gateway_B,0.7666666507720947,0.9666666388511658,0.19999998807907104,0.4885302782058716,0.1232733055949211,0.36525697261095047,2.0,,,,,0.866667,0.305902
RN_PLAIN_NoFOG,28,17,gateway_A,gateway_B,0.9666666388511658,0.9666666388511658,0.0,0.1918032169342041,0.1699645370244979,0.0218386799097062,2.0,,,,,0.966667,0.180884
RN_PLAIN_NoFOG,28,18,gateway_A,gateway_B,0.8666666746139526,0.8999999761581421,0.03333330154418945,0.2722495496273041,0.3526327013969421,0.080383151769638,2.0,,,,,0.883333,0.312441
RN_PLAIN_NoFOG,28,19,gateway_A,gateway_B,0.8333333134651184,0.9333333373069764,0.10000002384185802,0.3492632806301117,0.1371102035045623,0.2121530771255494,2.0,,,,,0.883333,0.243187
RN_PLAIN_NoFOG,28,20,gateway_A,gateway_B,0.9333333373069764,0.8333333134651184,0.10000002384185802,0.1387835443019867,0.3406373858451843,0.20185384154319763,2.0,,,,,0.883333,0.23971
RN_PLAIN_NoFOG,29,1,gateway_A,gateway_B,0.6333333253860474,0.5666666626930237,0.06666666269302368,1.3013054132461548,0.9675589203834534,0.3337464928627014,1.0,,,,,0.6,1.134432
RN_PLAIN_NoFOG,29,2,gateway_A,gateway_B,0.6000000238418579,0.6666666865348816,0.06666666269302368,0.9165041446685792,0.8203288912773132,0.09617525339126598,1.0,,,,,0.633333,0.868417
RN_PLAIN_NoFOG,29,3,gateway_A,gateway_B,0.8333333134651184,0.699999988079071,0.13333332538604736,0.2998893857002258,0.9481948614120485,0.6483054757118227,1.0,,,,,0.766667,0.624042
RN_PLAIN_NoFOG,29,4,gateway_A,gateway_B,0.9333333373069764,0.800000011920929,0.13333332538604747,0.19371098279953,0.3425790965557098,0.14886811375617978,2.0,,,,,0.866667,0.268145
RN_PLAIN_NoFOG,29,5,gateway_A,gateway_B,0.800000011920929,0.7333333492279053,0.06666666269302368,0.524971604347229,0.4473688900470733,0.0776027143001557,1.0,,,,,0.766667,0.48617
RN_PLAIN_NoFOG,29,6,gateway_A,gateway_B,0.9333333373069764,0.8999999761581421,0.03333336114883434,0.3084989190101623,0.2794202268123626,0.029078692197799683,1.0,,,,,0.916667,0.29396
RN_PLAIN_NoFOG,29,7,gateway_A,gateway_B,0.9333333373069764,0.8999999761581421,0.03333336114883434,0.1682877391576767,0.2403567433357238,0.0720690041780471,1.0,,,,,0.916667,0.204322
RN_PLAIN_NoFOG,29,8,gateway_A,gateway_B,0.8999999761581421,0.9333333373069764,0.03333336114883434,0.2355871051549911,0.217982605099678,0.017604500055313083,1.0,,,,,0.916667,0.226785
RN_PLAIN_NoFOG,29,9,gateway_A,gateway_B,0.9333333373069764,0.8999999761581421,0.03333336114883434,0.2984216511249542,0.2674774825572967,0.030944168567657526,1.0,,,,,0.916667,0.28295
RN_PLAIN_NoFOG,29,10,gateway_A,gateway_B,0.8999999761581421,0.8999999761581421,0.0,0.2881326079368591,0.1430569142103195,0.14507569372653958,1.0,,,,,0.9,0.215595
RN_PLAIN_NoFOG,29,11,gateway_A,gateway_B,0.8666666746139526,0.9333333373069764,0.06666666269302379,0.3269229829311371,0.2022222727537155,0.1247007101774216,1.0,,,,,0.9,0.264573
RN_PLAIN_NoFOG,29,12,gateway_A,gateway_B,0.8666666746139526,1.0,0.13333332538604736,0.3676022887229919,0.128269761800766,0.2393325269222259,1.0,,,,,0.933333,0.247936
RN_PLAIN_NoFOG,29,13,gateway_A,gateway_B,0.8999999761581421,0.9333333373069764,0.03333336114883434,0.2818942964076996,0.3296397030353546,0.04774540662765503,1.0,,,,,0.916667,0.305767
RN_PLAIN_NoFOG,29,14,gateway_A,gateway_B,0.800000011920929,1.0,0.19999998807907104,0.5808821320533752,0.0655378550291061,0.5153442770242691,1.0,,,,,0.9,0.32321
RN_PLAIN_NoFOG,29,15,gateway_A,gateway_B,0.800000011920929,0.8999999761581421,0.09999996423721313,0.5217865109443665,0.3535162508487701,0.16827026009559637,1.0,,,,,0.85,0.437651
RN_PLAIN_NoFOG,29,16,gateway_A,gateway_B,0.8666666746139526,0.8999999761581421,0.03333330154418945,0.1710671633481979,0.4186382293701172,0.24757106602191928,1.0,,,,,0.883333,0.294853
RN_PLAIN_NoFOG,29,17,gateway_A,gateway_B,1.0,0.9666666388511658,0.03333336114883423,0.1186286285519599,0.0872103944420814,0.0314182341098785,1.0,,,,,0.983333,0.10292
RN_PLAIN_NoFOG,29,18,gateway_A,gateway_B,1.0,0.8999999761581421,0.10000002384185791,0.041761290282011,0.1893649399280548,0.1476036496460438,1.0,,,,,0.95,0.115563
RN_PLAIN_NoFOG,29,19,gateway_A,gateway_B,0.9333333373069764,0.9666666388511658,0.03333330154418934,0.147371307015419,0.1127675920724868,0.03460371494293221,1.0,,,,,0.95,0.130069
RN_PLAIN_NoFOG,29,20,gateway_A,gateway_B,0.9333333373069764,0.9333333373069764,0.0,0.1861491501331329,0.1678253561258316,0.018323794007301303,1.0,,,,,0.933333,0.176987
