round,time,accuracy,loss,w3_mag,w4_normal,w4_brute,w4_scan,variant,model,security,topology,attempt_id,attempt_dir,source_file,source_scope,timestamp_dt,event_type,round_ref,gateway_id,node_id,fog_samples,round_duration_sec,w3_mag_drift_abs,w4_normal_drift_abs,w4_brute_drift_abs,w4_scan_drift_abs,weight_drift_total_abs
1,17:44:53,1.0,0.422428,0.173333,0.106474,0.398774,0.268649,CNN_ASCON_FOG,CNN,ASCON,FOG,2,C:\Users\VivoBook\Downloads\microproyecto2\microproyecto 2 porque wtf\src\hfl_v7-CNN\Results_FOG\#2,global_weights_history_1.csv,global_round,2026-04-22 17:44:53,model.global_round,1,aggregate,server,60.0,,,,,,0.0
2,17:45:42,1.0,0.291192,0.197013,0.155121,0.427155,0.325115,CNN_ASCON_FOG,CNN,ASCON,FOG,2,C:\Users\VivoBook\Downloads\microproyecto2\microproyecto 2 porque wtf\src\hfl_v7-CNN\Results_FOG\#2,global_weights_history_1.csv,global_round,2026-04-22 17:45:42,model.global_round,2,aggregate,server,60.0,49.0,0.023680000000000007,0.04864700000000001,0.02838099999999999,0.05646599999999996,0.15717399999999998
3,17:46:46,1.0,0.035616,0.228922,0.236235,0.461252,0.38695,CNN_ASCON_FOG,CNN,ASCON,FOG,2,C:\Users\VivoBook\Downloads\microproyecto2\microproyecto 2 porque wtf\src\hfl_v7-CNN\Results_FOG\#2,global_weights_history_1.csv,global_round,2026-04-22 17:46:46,model.global_round,3,aggregate,server,60.0,64.0,0.03190899999999999,0.08111399999999999,0.03409699999999999,0.06183500000000003,0.208955
4,17:47:46,0.8,0.475499,0.220382,0.194088,0.47109,0.355337,CNN_ASCON_FOG,CNN,ASCON,FOG,2,C:\Users\VivoBook\Downloads\microproyecto2\microproyecto 2 porque wtf\src\hfl_v7-CNN\Results_FOG\#2,global_weights_history_1.csv,global_round,2026-04-22 17:47:46,model.global_round,4,aggregate,server,60.0,60.0,0.008539999999999992,0.04214699999999999,0.009838000000000013,0.031613,0.092138
5,17:48:45,0.783333,0.390731,0.223488,0.171907,0.503302,0.354015,CNN_ASCON_FOG,CNN,ASCON,FOG,2,C:\Users\VivoBook\Downloads\microproyecto2\microproyecto 2 porque wtf\src\hfl_v7-CNN\Results_FOG\#2,global_weights_history_1.csv,global_round,2026-04-22 17:48:45,model.global_round,5,aggregate,server,60.0,59.0,0.0031059999999999977,0.022181000000000006,0.03221200000000002,0.0013219999999999898,0.05882100000000001
6,17:49:43,0.883333,0.301763,0.235182,0.172471,0.545012,0.389594,CNN_ASCON_FOG,CNN,ASCON,FOG,2,C:\Users\VivoBook\Downloads\microproyecto2\microproyecto 2 porque wtf\src\hfl_v7-CNN\Results_FOG\#2,global_weights_history_1.csv,global_round,2026-04-22 17:49:43,model.global_round,6,aggregate,server,60.0,58.0,0.01169400000000001,0.0005640000000000089,0.041710000000000025,0.03557899999999997,0.08954700000000002
7,17:50:42,0.966667,0.165824,0.249561,0.180889,0.58542,0.425824,CNN_ASCON_FOG,CNN,ASCON,FOG,2,C:\Users\VivoBook\Downloads\microproyecto2\microproyecto 2 porque wtf\src\hfl_v7-CNN\Results_FOG\#2,global_weights_history_1.csv,global_round,2026-04-22 17:50:42,model.global_round,7,aggregate,server,60.0,59.0,0.014379000000000003,0.008417999999999981,0.040408,0.036229999999999984,0.09943499999999997
8,17:51:41,0.9,0.234383,0.260151,0.158479,0.608537,0.451098,CNN_ASCON_FOG,CNN,ASCON,FOG,2,C:\Users\VivoBook\Downloads\microproyecto2\microproyecto 2 porque wtf\src\hfl_v7-CNN\Results_FOG\#2,global_weights_history_1.csv,global_round,2026-04-22 17:51:41,model.global_round,8,aggregate,server,60.0,59.0,0.010590000000000016,0.022409999999999985,0.023116999999999943,0.02527400000000002,0.08139099999999996
9,17:52:40,0.916667,0.245843,0.269727,0.155063,0.640254,0.479814,CNN_ASCON_FOG,CNN,ASCON,FOG,2,C:\Users\VivoBook\Downloads\microproyecto2\microproyecto 2 porque wtf\src\hfl_v7-CNN\Results_FOG\#2,global_weights_history_1.csv,global_round,2026-04-22 17:52:40,model.global_round,9,aggregate,server,60.0,59.0,0.009575999999999973,0.0034160000000000024,0.031716999999999995,0.02871600000000002,0.07342499999999999
10,17:53:38,0.966667,0.162729,0.278587,0.174366,0.672432,0.510836,CNN_ASCON_FOG,CNN,ASCON,FOG,2,C:\Users\VivoBook\Downloads\microproyecto2\microproyecto 2 porque wtf\src\hfl_v7-CNN\Results_FOG\#2,global_weights_history_1.csv,global_round,2026-04-22 17:53:38,model.global_round,10,aggregate,server,60.0,58.0,0.008859999999999979,0.019302999999999987,0.03217800000000004,0.03102199999999994,0.09136299999999994
11,17:54:37,0.983333,0.126262,0.286118,0.186329,0.695961,0.524581,CNN_ASCON_FOG,CNN,ASCON,FOG,2,C:\Users\VivoBook\Downloads\microproyecto2\microproyecto 2 porque wtf\src\hfl_v7-CNN\Results_FOG\#2,global_weights_history_1.csv,global_round,2026-04-22 17:54:37,model.global_round,11,aggregate,server,60.0,59.0,0.00753100000000001,0.011963000000000001,0.023529000000000022,0.013745000000000007,0.05676800000000004
12,17:55:37,0.916667,0.17469,0.29209,0.193435,0.710401,0.542198,CNN_ASCON_FOG,CNN,ASCON,FOG,2,C:\Users\VivoBook\Downloads\microproyecto2\microproyecto 2 porque wtf\src\hfl_v7-CNN\Results_FOG\#2,global_weights_history_1.csv,global_round,2026-04-22 17:55:37,model.global_round,12,aggregate,server,60.0,60.0,0.005972000000000033,0.007106000000000001,0.014439999999999897,0.017616999999999994,0.045134999999999925
13,17:56:35,0.933333,0.121522,0.302238,0.200138,0.720591,0.569626,CNN_ASCON_FOG,CNN,ASCON,FOG,2,C:\Users\VivoBook\Downloads\microproyecto2\microproyecto 2 porque wtf\src\hfl_v7-CNN\Results_FOG\#2,global_weights_history_1.csv,global_round,2026-04-22 17:56:35,model.global_round,13,aggregate,server,60.0,58.0,0.01014799999999999,0.0067030000000000145,0.010190000000000032,0.027428000000000008,0.054469000000000045
14,17:57:34,0.983333,0.077948,0.30996,0.193935,0.727903,0.584202,CNN_ASCON_FOG,CNN,ASCON,FOG,2,C:\Users\VivoBook\Downloads\microproyecto2\microproyecto 2 porque wtf\src\hfl_v7-CNN\Results_FOG\#2,global_weights_history_1.csv,global_round,2026-04-22 17:57:34,model.global_round,14,aggregate,server,60.0,59.0,0.007722000000000007,0.006203000000000014,0.007311999999999985,0.014576000000000033,0.03581300000000004
15,17:58:32,0.933333,0.101683,0.313667,0.202404,0.749652,0.594531,CNN_ASCON_FOG,CNN,ASCON,FOG,2,C:\Users\VivoBook\Downloads\microproyecto2\microproyecto 2 porque wtf\src\hfl_v7-CNN\Results_FOG\#2,global_weights_history_1.csv,global_round,2026-04-22 17:58:32,model.global_round,15,aggregate,server,60.0,58.0,0.0037069999999999603,0.008469000000000004,0.02174900000000002,0.010329000000000033,0.044254000000000016
16,17:59:31,1.0,0.049663,0.31477,0.197011,0.745253,0.6077,CNN_ASCON_FOG,CNN,ASCON,FOG,2,C:\Users\VivoBook\Downloads\microproyecto2\microproyecto 2 porque wtf\src\hfl_v7-CNN\Results_FOG\#2,global_weights_history_1.csv,global_round,2026-04-22 17:59:31,model.global_round,16,aggregate,server,60.0,59.0,0.0011030000000000206,0.005393000000000009,0.004398999999999931,0.013168999999999986,0.024063999999999947
17,18:00:30,0.966667,0.086216,0.318098,0.2091,0.757397,0.620195,CNN_ASCON_FOG,CNN,ASCON,FOG,2,C:\Users\VivoBook\Downloads\microproyecto2\microproyecto 2 porque wtf\src\hfl_v7-CNN\Results_FOG\#2,global_weights_history_1.csv,global_round,2026-04-22 18:00:30,model.global_round,17,aggregate,server,60.0,59.0,0.0033279999999999976,0.012089000000000016,0.012143999999999933,0.012495000000000034,0.04005599999999998
18,18:01:29,0.983333,0.104786,0.321283,0.209788,0.763098,0.632898,CNN_ASCON_FOG,CNN,ASCON,FOG,2,C:\Users\VivoBook\Downloads\microproyecto2\microproyecto 2 porque wtf\src\hfl_v7-CNN\Results_FOG\#2,global_weights_history_1.csv,global_round,2026-04-22 18:01:29,model.global_round,18,aggregate,server,60.0,59.0,0.0031849999999999934,0.0006879999999999942,0.005701000000000067,0.012702999999999909,0.022276999999999963
19,18:02:28,1.0,0.050418,0.32319,0.210453,0.772739,0.630067,CNN_ASCON_FOG,CNN,ASCON,FOG,2,C:\Users\VivoBook\Downloads\microproyecto2\microproyecto 2 porque wtf\src\hfl_v7-CNN\Results_FOG\#2,global_weights_history_1.csv,global_round,2026-04-22 18:02:28,model.global_round,19,aggregate,server,60.0,59.0,0.001906999999999992,0.0006649999999999989,0.0096409999999999,0.002830999999999917,0.015043999999999808
20,18:03:27,0.95,0.127952,0.326618,0.21708,0.782407,0.642261,CNN_ASCON_FOG,CNN,ASCON,FOG,2,C:\Users\VivoBook\Downloads\microproyecto2\microproyecto 2 porque wtf\src\hfl_v7-CNN\Results_FOG\#2,global_weights_history_1.csv,global_round,2026-04-22 18:03:27,model.global_round,20,aggregate,server,60.0,59.0,0.003428000000000042,0.006626999999999994,0.00966800000000001,0.012193999999999927,0.03191699999999997
1,18:06:56,1.0,0.335318,0.18181,0.176702,0.374074,0.195656,CNN_ASCON_FOG,CNN,ASCON,FOG,3,C:\Users\VivoBook\Downloads\microproyecto2\microproyecto 2 porque wtf\src\hfl_v7-CNN\Results_FOG\#3,global_weights_history_2.csv,global_round,2026-04-22 18:06:56,model.global_round,1,aggregate,server,60.0,,,,,,0.0
2,18:07:49,1.0,0.243989,0.198929,0.220723,0.442523,0.265698,CNN_ASCON_FOG,CNN,ASCON,FOG,3,C:\Users\VivoBook\Downloads\microproyecto2\microproyecto 2 porque wtf\src\hfl_v7-CNN\Results_FOG\#3,global_weights_history_2.csv,global_round,2026-04-22 18:07:49,model.global_round,2,aggregate,server,60.0,53.0,0.017118999999999995,0.044021000000000005,0.06844899999999998,0.070042,0.19963099999999998
3,18:08:53,0.983333,0.105656,0.217777,0.278238,0.486137,0.331139,CNN_ASCON_FOG,CNN,ASCON,FOG,3,C:\Users\VivoBook\Downloads\microproyecto2\microproyecto 2 porque wtf\src\hfl_v7-CNN\Results_FOG\#3,global_weights_history_2.csv,global_round,2026-04-22 18:08:53,model.global_round,3,aggregate,server,60.0,64.0,0.018848000000000004,0.05751499999999998,0.043613999999999986,0.06544100000000003,0.185418
4,18:09:51,0.833333,0.483682,0.215437,0.272886,0.49692,0.331684,CNN_ASCON_FOG,CNN,ASCON,FOG,3,C:\Users\VivoBook\Downloads\microproyecto2\microproyecto 2 porque wtf\src\hfl_v7-CNN\Results_FOG\#3,global_weights_history_2.csv,global_round,2026-04-22 18:09:51,model.global_round,4,aggregate,server,60.0,58.0,0.0023400000000000087,0.005351999999999968,0.010782999999999987,0.0005449999999999622,0.019019999999999926
5,18:10:50,0.733333,0.67002,0.213853,0.254287,0.500141,0.298368,CNN_ASCON_FOG,CNN,ASCON,FOG,3,C:\Users\VivoBook\Downloads\microproyecto2\microproyecto 2 porque wtf\src\hfl_v7-CNN\Results_FOG\#3,global_weights_history_2.csv,global_round,2026-04-22 18:10:50,model.global_round,5,aggregate,server,60.0,59.0,0.001584000000000002,0.018599000000000032,0.003220999999999974,0.03331599999999996,0.056719999999999965
6,18:11:49,0.9,0.374191,0.222211,0.260885,0.548562,0.311213,CNN_ASCON_FOG,CNN,ASCON,FOG,3,C:\Users\VivoBook\Downloads\microproyecto2\microproyecto 2 porque wtf\src\hfl_v7-CNN\Results_FOG\#3,global_weights_history_2.csv,global_round,2026-04-22 18:11:49,model.global_round,6,aggregate,server,60.0,59.0,0.008358000000000004,0.006597999999999993,0.04842100000000005,0.012844999999999995,0.07622200000000004
7,18:12:48,0.933333,0.270059,0.235056,0.279128,0.593792,0.338527,CNN_ASCON_FOG,CNN,ASCON,FOG,3,C:\Users\VivoBook\Downloads\microproyecto2\microproyecto 2 porque wtf\src\hfl_v7-CNN\Results_FOG\#3,global_weights_history_2.csv,global_round,2026-04-22 18:12:48,model.global_round,7,aggregate,server,60.0,59.0,0.012844999999999995,0.01824300000000001,0.04522999999999999,0.027314000000000005,0.103632
8,18:13:47,0.933333,0.224632,0.24237,0.287364,0.623214,0.35438,CNN_ASCON_FOG,CNN,ASCON,FOG,3,C:\Users\VivoBook\Downloads\microproyecto2\microproyecto 2 porque wtf\src\hfl_v7-CNN\Results_FOG\#3,global_weights_history_2.csv,global_round,2026-04-22 18:13:47,model.global_round,8,aggregate,server,60.0,59.0,0.007314000000000015,0.008236000000000021,0.02942200000000006,0.01585299999999995,0.060825000000000046
9,18:14:45,0.833333,0.461774,0.247271,0.282684,0.638806,0.351121,CNN_ASCON_FOG,CNN,ASCON,FOG,3,C:\Users\VivoBook\Downloads\microproyecto2\microproyecto 2 porque wtf\src\hfl_v7-CNN\Results_FOG\#3,global_weights_history_2.csv,global_round,2026-04-22 18:14:45,model.global_round,9,aggregate,server,60.0,58.0,0.004900999999999989,0.0046800000000000175,0.01559199999999994,0.0032589999999999564,0.028431999999999902
10,18:15:44,0.916667,0.297539,0.257072,0.296704,0.658183,0.366685,CNN_ASCON_FOG,CNN,ASCON,FOG,3,C:\Users\VivoBook\Downloads\microproyecto2\microproyecto 2 porque wtf\src\hfl_v7-CNN\Results_FOG\#3,global_weights_history_2.csv,global_round,2026-04-22 18:15:44,model.global_round,10,aggregate,server,60.0,59.0,0.009801000000000032,0.014020000000000032,0.019376999999999978,0.015563999999999967,0.05876200000000001
11,18:16:42,0.933333,0.140273,0.269887,0.320669,0.681653,0.392258,CNN_ASCON_FOG,CNN,ASCON,FOG,3,C:\Users\VivoBook\Downloads\microproyecto2\microproyecto 2 porque wtf\src\hfl_v7-CNN\Results_FOG\#3,global_weights_history_2.csv,global_round,2026-04-22 18:16:42,model.global_round,11,aggregate,server,60.0,58.0,0.012814999999999965,0.02396499999999996,0.02346999999999999,0.025573000000000012,0.08582299999999993
12,18:17:41,0.95,0.245804,0.280652,0.338806,0.699937,0.410103,CNN_ASCON_FOG,CNN,ASCON,FOG,3,C:\Users\VivoBook\Downloads\microproyecto2\microproyecto 2 porque wtf\src\hfl_v7-CNN\Results_FOG\#3,global_weights_history_2.csv,global_round,2026-04-22 18:17:41,model.global_round,12,aggregate,server,60.0,59.0,0.010765000000000025,0.018137000000000014,0.018284000000000078,0.017845,0.06503100000000012
13,18:18:40,0.9,0.225899,0.287898,0.346575,0.711684,0.414186,CNN_ASCON_FOG,CNN,ASCON,FOG,3,C:\Users\VivoBook\Downloads\microproyecto2\microproyecto 2 porque wtf\src\hfl_v7-CNN\Results_FOG\#3,global_weights_history_2.csv,global_round,2026-04-22 18:18:40,model.global_round,13,aggregate,server,60.0,59.0,0.007245999999999975,0.007769000000000026,0.011746999999999952,0.004083000000000003,0.030844999999999956
14,18:19:38,0.983333,0.094782,0.296862,0.345573,0.707857,0.435242,CNN_ASCON_FOG,CNN,ASCON,FOG,3,C:\Users\VivoBook\Downloads\microproyecto2\microproyecto 2 porque wtf\src\hfl_v7-CNN\Results_FOG\#3,global_weights_history_2.csv,global_round,2026-04-22 18:19:38,model.global_round,14,aggregate,server,60.0,58.0,0.008964000000000028,0.0010020000000000029,0.003827000000000025,0.02105600000000002,0.034849000000000074
15,18:20:37,0.95,0.117661,0.296585,0.349326,0.710559,0.437531,CNN_ASCON_FOG,CNN,ASCON,FOG,3,C:\Users\VivoBook\Downloads\microproyecto2\microproyecto 2 porque wtf\src\hfl_v7-CNN\Results_FOG\#3,global_weights_history_2.csv,global_round,2026-04-22 18:20:37,model.global_round,15,aggregate,server,60.0,59.0,0.0002770000000000272,0.0037530000000000063,0.002702000000000093,0.0022889999999999855,0.009021000000000112
16,18:21:35,0.9,0.223285,0.301913,0.356431,0.715372,0.447659,CNN_ASCON_FOG,CNN,ASCON,FOG,3,C:\Users\VivoBook\Downloads\microproyecto2\microproyecto 2 porque wtf\src\hfl_v7-CNN\Results_FOG\#3,global_weights_history_2.csv,global_round,2026-04-22 18:21:35,model.global_round,16,aggregate,server,60.0,58.0,0.005327999999999999,0.0071049999999999724,0.004812999999999956,0.01012799999999997,0.0273739999999999
17,18:22:34,0.966667,0.119751,0.30936,0.367403,0.723991,0.461537,CNN_ASCON_FOG,CNN,ASCON,FOG,3,C:\Users\VivoBook\Downloads\microproyecto2\microproyecto 2 porque wtf\src\hfl_v7-CNN\Results_FOG\#3,global_weights_history_2.csv,global_round,2026-04-22 18:22:34,model.global_round,17,aggregate,server,60.0,59.0,0.007447000000000037,0.010971999999999982,0.008619000000000043,0.013878000000000001,0.04091600000000006
18,18:23:32,0.966667,0.148781,0.316001,0.379603,0.735418,0.476462,CNN_ASCON_FOG,CNN,ASCON,FOG,3,C:\Users\VivoBook\Downloads\microproyecto2\microproyecto 2 porque wtf\src\hfl_v7-CNN\Results_FOG\#3,global_weights_history_2.csv,global_round,2026-04-22 18:23:32,model.global_round,18,aggregate,server,60.0,58.0,0.0066409999999999525,0.012200000000000044,0.011426999999999965,0.014925000000000022,0.04519299999999998
19,18:24:31,0.933333,0.152997,0.32129,0.387593,0.743735,0.485981,CNN_ASCON_FOG,CNN,ASCON,FOG,3,C:\Users\VivoBook\Downloads\microproyecto2\microproyecto 2 porque wtf\src\hfl_v7-CNN\Results_FOG\#3,global_weights_history_2.csv,global_round,2026-04-22 18:24:31,model.global_round,19,aggregate,server,60.0,59.0,0.005289000000000044,0.007989999999999997,0.008317000000000019,0.009519,0.03111500000000006
20,18:25:36,0.95,0.140719,0.324974,0.39446,0.750759,0.49567,CNN_ASCON_FOG,CNN,ASCON,FOG,3,C:\Users\VivoBook\Downloads\microproyecto2\microproyecto 2 porque wtf\src\hfl_v7-CNN\Results_FOG\#3,global_weights_history_2.csv,global_round,2026-04-22 18:25:36,model.global_round,20,aggregate,server,60.0,65.0,0.003683999999999965,0.0068669999999999565,0.007023999999999919,0.009689000000000003,0.027263999999999844
1,16:49:13,1.0,0.269986,0.182676,0.29478,0.370276,0.231049,CNN_ASCON_FOG,CNN,ASCON,FOG,4,C:\Users\VivoBook\Downloads\microproyecto2\microproyecto 2 porque wtf\src\hfl_v7-CNN\Results_FOG\#4,global_weights_history_3.csv,global_round,2026-04-22 16:49:13,model.global_round,1,aggregate,server,60.0,,,,,,0.0
2,16:50:07,1.0,0.078949,0.209099,0.358788,0.456356,0.283414,CNN_ASCON_FOG,CNN,ASCON,FOG,4,C:\Users\VivoBook\Downloads\microproyecto2\microproyecto 2 porque wtf\src\hfl_v7-CNN\Results_FOG\#4,global_weights_history_3.csv,global_round,2026-04-22 16:50:07,model.global_round,2,aggregate,server,60.0,54.0,0.026423000000000002,0.06400800000000001,0.08607999999999999,0.052364999999999995,0.228876
3,16:51:11,1.0,0.014089,0.226417,0.416699,0.504621,0.333023,CNN_ASCON_FOG,CNN,ASCON,FOG,4,C:\Users\VivoBook\Downloads\microproyecto2\microproyecto 2 porque wtf\src\hfl_v7-CNN\Results_FOG\#4,global_weights_history_3.csv,global_round,2026-04-22 16:51:11,model.global_round,3,aggregate,server,60.0,64.0,0.017318,0.05791099999999999,0.048265,0.049609000000000014,0.173103
4,16:52:09,0.933333,0.105478,0.228195,0.407945,0.484616,0.365719,CNN_ASCON_FOG,CNN,ASCON,FOG,4,C:\Users\VivoBook\Downloads\microproyecto2\microproyecto 2 porque wtf\src\hfl_v7-CNN\Results_FOG\#4,global_weights_history_3.csv,global_round,2026-04-22 16:52:09,model.global_round,4,aggregate,server,60.0,58.0,0.0017780000000000018,0.008753999999999984,0.020004999999999995,0.032696,0.06323299999999998
5,16:53:07,0.9,0.213647,0.227657,0.391297,0.481353,0.367117,CNN_ASCON_FOG,CNN,ASCON,FOG,4,C:\Users\VivoBook\Downloads\microproyecto2\microproyecto 2 porque wtf\src\hfl_v7-CNN\Results_FOG\#4,global_weights_history_3.csv,global_round,2026-04-22 16:53:07,model.global_round,5,aggregate,server,60.0,58.0,0.0005380000000000107,0.016647999999999996,0.003263000000000016,0.0013980000000000103,0.021847000000000033
6,16:54:06,0.933333,0.153371,0.230899,0.391114,0.493495,0.376323,CNN_ASCON_FOG,CNN,ASCON,FOG,4,C:\Users\VivoBook\Downloads\microproyecto2\microproyecto 2 porque wtf\src\hfl_v7-CNN\Results_FOG\#4,global_weights_history_3.csv,global_round,2026-04-22 16:54:06,model.global_round,6,aggregate,server,60.0,59.0,0.003241999999999995,0.00018299999999998873,0.012142000000000042,0.009205999999999992,0.024773000000000017
7,16:55:06,0.883333,0.222659,0.237394,0.392253,0.51019,0.379451,CNN_ASCON_FOG,CNN,ASCON,FOG,4,C:\Users\VivoBook\Downloads\microproyecto2\microproyecto 2 porque wtf\src\hfl_v7-CNN\Results_FOG\#4,global_weights_history_3.csv,global_round,2026-04-22 16:55:06,model.global_round,7,aggregate,server,60.0,60.0,0.006495000000000001,0.0011390000000000011,0.016695000000000015,0.003127999999999964,0.02745699999999998
8,16:56:04,0.916667,0.164992,0.242195,0.399606,0.525122,0.388433,CNN_ASCON_FOG,CNN,ASCON,FOG,4,C:\Users\VivoBook\Downloads\microproyecto2\microproyecto 2 porque wtf\src\hfl_v7-CNN\Results_FOG\#4,global_weights_history_3.csv,global_round,2026-04-22 16:56:04,model.global_round,8,aggregate,server,60.0,58.0,0.004801,0.007352999999999998,0.014931999999999945,0.00898199999999999,0.03606799999999993
9,16:57:02,0.9,0.167079,0.2462,0.408112,0.538423,0.397546,CNN_ASCON_FOG,CNN,ASCON,FOG,4,C:\Users\VivoBook\Downloads\microproyecto2\microproyecto 2 porque wtf\src\hfl_v7-CNN\Results_FOG\#4,global_weights_history_3.csv,global_round,2026-04-22 16:57:02,model.global_round,9,aggregate,server,60.0,58.0,0.0040050000000000086,0.008505999999999958,0.013301000000000007,0.009113000000000038,0.03492500000000001
10,16:58:01,0.883333,0.17487,0.249199,0.410004,0.5432,0.402151,CNN_ASCON_FOG,CNN,ASCON,FOG,4,C:\Users\VivoBook\Downloads\microproyecto2\microproyecto 2 porque wtf\src\hfl_v7-CNN\Results_FOG\#4,global_weights_history_3.csv,global_round,2026-04-22 16:58:01,model.global_round,10,aggregate,server,60.0,59.0,0.0029990000000000017,0.0018920000000000048,0.004777000000000031,0.00460499999999997,0.014273000000000008
11,16:58:59,0.866667,0.184899,0.252274,0.413907,0.551509,0.416866,CNN_ASCON_FOG,CNN,ASCON,FOG,4,C:\Users\VivoBook\Downloads\microproyecto2\microproyecto 2 porque wtf\src\hfl_v7-CNN\Results_FOG\#4,global_weights_history_3.csv,global_round,2026-04-22 16:58:59,model.global_round,11,aggregate,server,60.0,58.0,0.0030749999999999944,0.0039030000000000453,0.00830900000000001,0.014715000000000034,0.030002000000000084
12,16:59:58,0.85,0.240692,0.255502,0.415681,0.567642,0.441501,CNN_ASCON_FOG,CNN,ASCON,FOG,4,C:\Users\VivoBook\Downloads\microproyecto2\microproyecto 2 porque wtf\src\hfl_v7-CNN\Results_FOG\#4,global_weights_history_3.csv,global_round,2026-04-22 16:59:58,model.global_round,12,aggregate,server,60.0,59.0,0.0032280000000000086,0.0017739999999999978,0.016132999999999953,0.024634999999999962,0.04576999999999992
13,17:00:56,0.883333,0.182128,0.258679,0.415278,0.583637,0.466644,CNN_ASCON_FOG,CNN,ASCON,FOG,4,C:\Users\VivoBook\Downloads\microproyecto2\microproyecto 2 porque wtf\src\hfl_v7-CNN\Results_FOG\#4,global_weights_history_3.csv,global_round,2026-04-22 17:00:56,model.global_round,13,aggregate,server,60.0,58.0,0.0031769999999999854,0.0004030000000000422,0.01599499999999998,0.025143000000000026,0.044718000000000035
14,17:01:54,0.916667,0.137493,0.262229,0.409425,0.60376,0.49445,CNN_ASCON_FOG,CNN,ASCON,FOG,4,C:\Users\VivoBook\Downloads\microproyecto2\microproyecto 2 porque wtf\src\hfl_v7-CNN\Results_FOG\#4,global_weights_history_3.csv,global_round,2026-04-22 17:01:54,model.global_round,14,aggregate,server,60.0,58.0,0.0035499999999999976,0.005852999999999997,0.020123000000000002,0.027805999999999997,0.057331999999999994
15,17:02:53,0.983333,0.049182,0.266206,0.424422,0.620933,0.517643,CNN_ASCON_FOG,CNN,ASCON,FOG,4,C:\Users\VivoBook\Downloads\microproyecto2\microproyecto 2 porque wtf\src\hfl_v7-CNN\Results_FOG\#4,global_weights_history_3.csv,global_round,2026-04-22 17:02:53,model.global_round,15,aggregate,server,60.0,59.0,0.003977000000000008,0.014997000000000038,0.017172999999999994,0.023192999999999964,0.059340000000000004
16,17:03:52,0.966667,0.058826,0.269405,0.437318,0.633091,0.534649,CNN_ASCON_FOG,CNN,ASCON,FOG,4,C:\Users\VivoBook\Downloads\microproyecto2\microproyecto 2 porque wtf\src\hfl_v7-CNN\Results_FOG\#4,global_weights_history_3.csv,global_round,2026-04-22 17:03:52,model.global_round,16,aggregate,server,60.0,59.0,0.0031990000000000074,0.012895999999999963,0.012158000000000002,0.017006000000000077,0.04525900000000005
17,17:04:50,0.95,0.092705,0.272928,0.444329,0.642458,0.5472,CNN_ASCON_FOG,CNN,ASCON,FOG,4,C:\Users\VivoBook\Downloads\microproyecto2\microproyecto 2 porque wtf\src\hfl_v7-CNN\Results_FOG\#4,global_weights_history_3.csv,global_round,2026-04-22 17:04:50,model.global_round,17,aggregate,server,60.0,58.0,0.0035229999999999984,0.0070109999999999895,0.009367000000000014,0.012550999999999979,0.03245199999999998
18,17:05:49,0.966667,0.059955,0.276903,0.452526,0.653277,0.563461,CNN_ASCON_FOG,CNN,ASCON,FOG,4,C:\Users\VivoBook\Downloads\microproyecto2\microproyecto 2 porque wtf\src\hfl_v7-CNN\Results_FOG\#4,global_weights_history_3.csv,global_round,2026-04-22 17:05:49,model.global_round,18,aggregate,server,60.0,59.0,0.003975000000000006,0.00819700000000001,0.010819000000000023,0.01626099999999997,0.03925200000000001
19,17:06:47,1.0,0.071495,0.280506,0.45129,0.655818,0.574859,CNN_ASCON_FOG,CNN,ASCON,FOG,4,C:\Users\VivoBook\Downloads\microproyecto2\microproyecto 2 porque wtf\src\hfl_v7-CNN\Results_FOG\#4,global_weights_history_3.csv,global_round,2026-04-22 17:06:47,model.global_round,19,aggregate,server,60.0,58.0,0.0036029999999999673,0.0012359999999999594,0.0025410000000000155,0.01139800000000002,0.01877799999999996
20,17:07:46,1.0,0.071088,0.283422,0.456059,0.667301,0.592045,CNN_ASCON_FOG,CNN,ASCON,FOG,4,C:\Users\VivoBook\Downloads\microproyecto2\microproyecto 2 porque wtf\src\hfl_v7-CNN\Results_FOG\#4,global_weights_history_3.csv,global_round,2026-04-22 17:07:46,model.global_round,20,aggregate,server,60.0,59.0,0.0029160000000000297,0.004768999999999968,0.011483000000000021,0.017186000000000035,0.03635400000000005
1,17:21:22,1.0,0.529764,0.18288,0.270554,0.358312,0.158175,CNN_ASCON_FOG,CNN,ASCON,FOG,5,C:\Users\VivoBook\Downloads\microproyecto2\microproyecto 2 porque wtf\src\hfl_v7-CNN\Results_FOG\#5,global_weights_history_1.csv,global_round,2026-04-22 17:21:22,model.global_round,1,aggregate,server,60.0,,,,,,0.0
2,17:22:16,1.0,0.272002,0.202593,0.301356,0.420547,0.166792,CNN_ASCON_FOG,CNN,ASCON,FOG,5,C:\Users\VivoBook\Downloads\microproyecto2\microproyecto 2 porque wtf\src\hfl_v7-CNN\Results_FOG\#5,global_weights_history_1.csv,global_round,2026-04-22 17:22:16,model.global_round,2,aggregate,server,60.0,54.0,0.01971300000000001,0.030801999999999996,0.062234999999999985,0.008616999999999986,0.12136699999999997
3,17:23:19,1.0,0.038066,0.226989,0.35437,0.474777,0.200841,CNN_ASCON_FOG,CNN,ASCON,FOG,5,C:\Users\VivoBook\Downloads\microproyecto2\microproyecto 2 porque wtf\src\hfl_v7-CNN\Results_FOG\#5,global_weights_history_1.csv,global_round,2026-04-22 17:23:19,model.global_round,3,aggregate,server,60.0,63.0,0.024396,0.053014000000000006,0.05423,0.034048999999999996,0.165689
4,17:24:17,0.9,0.258716,0.232506,0.35682,0.477634,0.212408,CNN_ASCON_FOG,CNN,ASCON,FOG,5,C:\Users\VivoBook\Downloads\microproyecto2\microproyecto 2 porque wtf\src\hfl_v7-CNN\Results_FOG\#5,global_weights_history_1.csv,global_round,2026-04-22 17:24:17,model.global_round,4,aggregate,server,60.0,58.0,0.005516999999999994,0.0024500000000000077,0.0028569999999999984,0.011567000000000022,0.022391000000000022
5,17:25:16,0.916667,0.25247,0.24106,0.354026,0.487505,0.214976,CNN_ASCON_FOG,CNN,ASCON,FOG,5,C:\Users\VivoBook\Downloads\microproyecto2\microproyecto 2 porque wtf\src\hfl_v7-CNN\Results_FOG\#5,global_weights_history_1.csv,global_round,2026-04-22 17:25:16,model.global_round,5,aggregate,server,60.0,59.0,0.008554000000000006,0.0027940000000000187,0.009871000000000019,0.002567999999999987,0.02378700000000003
6,17:26:14,0.983333,0.100882,0.251779,0.367935,0.511085,0.231115,CNN_ASCON_FOG,CNN,ASCON,FOG,5,C:\Users\VivoBook\Downloads\microproyecto2\microproyecto 2 porque wtf\src\hfl_v7-CNN\Results_FOG\#5,global_weights_history_1.csv,global_round,2026-04-22 17:26:14,model.global_round,6,aggregate,server,60.0,58.0,0.010718999999999979,0.013909000000000005,0.02357999999999999,0.016138999999999987,0.06434699999999996
7,17:27:14,0.916667,0.213776,0.258536,0.379325,0.528594,0.239745,CNN_ASCON_FOG,CNN,ASCON,FOG,5,C:\Users\VivoBook\Downloads\microproyecto2\microproyecto 2 porque wtf\src\hfl_v7-CNN\Results_FOG\#5,global_weights_history_1.csv,global_round,2026-04-22 17:27:14,model.global_round,7,aggregate,server,60.0,60.0,0.006757000000000013,0.011390000000000011,0.017508999999999997,0.008630000000000027,0.04428600000000005
8,17:28:12,0.983333,0.055784,0.264879,0.391974,0.54063,0.250912,CNN_ASCON_FOG,CNN,ASCON,FOG,5,C:\Users\VivoBook\Downloads\microproyecto2\microproyecto 2 porque wtf\src\hfl_v7-CNN\Results_FOG\#5,global_weights_history_1.csv,global_round,2026-04-22 17:28:12,model.global_round,8,aggregate,server,60.0,58.0,0.0063429999999999875,0.012648999999999966,0.012036000000000047,0.01116700000000001,0.04219500000000001
9,17:29:11,0.95,0.14006,0.269944,0.400031,0.551799,0.260488,CNN_ASCON_FOG,CNN,ASCON,FOG,5,C:\Users\VivoBook\Downloads\microproyecto2\microproyecto 2 porque wtf\src\hfl_v7-CNN\Results_FOG\#5,global_weights_history_1.csv,global_round,2026-04-22 17:29:11,model.global_round,9,aggregate,server,60.0,59.0,0.005065000000000042,0.008057000000000036,0.011168999999999984,0.009575999999999973,0.033867000000000036
10,17:30:12,0.95,0.098733,0.274241,0.404511,0.554471,0.272534,CNN_ASCON_FOG,CNN,ASCON,FOG,5,C:\Users\VivoBook\Downloads\microproyecto2\microproyecto 2 porque wtf\src\hfl_v7-CNN\Results_FOG\#5,global_weights_history_1.csv,global_round,2026-04-22 17:30:12,model.global_round,10,aggregate,server,60.0,61.0,0.004296999999999995,0.004479999999999984,0.0026720000000000077,0.012046000000000001,0.023494999999999988
11,17:31:11,0.983333,0.052221,0.279512,0.417098,0.563872,0.289946,CNN_ASCON_FOG,CNN,ASCON,FOG,5,C:\Users\VivoBook\Downloads\microproyecto2\microproyecto 2 porque wtf\src\hfl_v7-CNN\Results_FOG\#5,global_weights_history_1.csv,global_round,2026-04-22 17:31:11,model.global_round,11,aggregate,server,60.0,59.0,0.00527099999999997,0.012587000000000015,0.009400999999999993,0.017411999999999983,0.04467099999999996
12,17:32:11,0.966667,0.104798,0.283673,0.423514,0.571403,0.302292,CNN_ASCON_FOG,CNN,ASCON,FOG,5,C:\Users\VivoBook\Downloads\microproyecto2\microproyecto 2 porque wtf\src\hfl_v7-CNN\Results_FOG\#5,global_weights_history_1.csv,global_round,2026-04-22 17:32:11,model.global_round,12,aggregate,server,60.0,60.0,0.004161000000000026,0.006415999999999977,0.007530999999999954,0.012346000000000024,0.03045399999999998
13,17:33:10,0.933333,0.109743,0.288368,0.42999,0.579472,0.314549,CNN_ASCON_FOG,CNN,ASCON,FOG,5,C:\Users\VivoBook\Downloads\microproyecto2\microproyecto 2 porque wtf\src\hfl_v7-CNN\Results_FOG\#5,global_weights_history_1.csv,global_round,2026-04-22 17:33:10,model.global_round,13,aggregate,server,60.0,59.0,0.004695000000000005,0.006475999999999982,0.008068999999999993,0.012257000000000018,0.031497
14,17:34:08,0.966667,0.076122,0.293305,0.441737,0.588521,0.331626,CNN_ASCON_FOG,CNN,ASCON,FOG,5,C:\Users\VivoBook\Downloads\microproyecto2\microproyecto 2 porque wtf\src\hfl_v7-CNN\Results_FOG\#5,global_weights_history_1.csv,global_round,2026-04-22 17:34:08,model.global_round,14,aggregate,server,60.0,58.0,0.004936999999999969,0.011747000000000007,0.009048999999999974,0.017076999999999953,0.042809999999999904
15,17:35:06,0.95,0.083507,0.298661,0.452242,0.598317,0.346753,CNN_ASCON_FOG,CNN,ASCON,FOG,5,C:\Users\VivoBook\Downloads\microproyecto2\microproyecto 2 porque wtf\src\hfl_v7-CNN\Results_FOG\#5,global_weights_history_1.csv,global_round,2026-04-22 17:35:06,model.global_round,15,aggregate,server,60.0,58.0,0.005356000000000027,0.010504999999999987,0.009796000000000027,0.015127000000000002,0.04078400000000004
16,17:36:05,0.983333,0.069239,0.304316,0.471481,0.61268,0.370151,CNN_ASCON_FOG,CNN,ASCON,FOG,5,C:\Users\VivoBook\Downloads\microproyecto2\microproyecto 2 porque wtf\src\hfl_v7-CNN\Results_FOG\#5,global_weights_history_1.csv,global_round,2026-04-22 17:36:05,model.global_round,16,aggregate,server,60.0,59.0,0.005654999999999966,0.019239000000000006,0.014363000000000015,0.02339800000000003,0.06265500000000002
17,17:37:04,0.966667,0.069735,0.309298,0.487408,0.626376,0.389777,CNN_ASCON_FOG,CNN,ASCON,FOG,5,C:\Users\VivoBook\Downloads\microproyecto2\microproyecto 2 porque wtf\src\hfl_v7-CNN\Results_FOG\#5,global_weights_history_1.csv,global_round,2026-04-22 17:37:04,model.global_round,17,aggregate,server,60.0,59.0,0.004982000000000042,0.015927000000000024,0.013696000000000041,0.019625999999999977,0.054231000000000085
18,17:38:03,1.0,0.027807,0.313087,0.49857,0.63468,0.403903,CNN_ASCON_FOG,CNN,ASCON,FOG,5,C:\Users\VivoBook\Downloads\microproyecto2\microproyecto 2 porque wtf\src\hfl_v7-CNN\Results_FOG\#5,global_weights_history_1.csv,global_round,2026-04-22 17:38:03,model.global_round,18,aggregate,server,60.0,59.0,0.003788999999999987,0.011162000000000005,0.008303999999999978,0.014126000000000027,0.037381
19,17:39:01,1.0,0.016806,0.316439,0.508523,0.640887,0.416373,CNN_ASCON_FOG,CNN,ASCON,FOG,5,C:\Users\VivoBook\Downloads\microproyecto2\microproyecto 2 porque wtf\src\hfl_v7-CNN\Results_FOG\#5,global_weights_history_1.csv,global_round,2026-04-22 17:39:01,model.global_round,19,aggregate,server,60.0,58.0,0.0033520000000000216,0.009952999999999934,0.0062069999999999625,0.012469999999999981,0.0319819999999999
20,17:39:59,1.0,0.024727,0.319688,0.518112,0.645329,0.427696,CNN_ASCON_FOG,CNN,ASCON,FOG,5,C:\Users\VivoBook\Downloads\microproyecto2\microproyecto 2 porque wtf\src\hfl_v7-CNN\Results_FOG\#5,global_weights_history_1.csv,global_round,2026-04-22 17:39:59,model.global_round,20,aggregate,server,60.0,58.0,0.003249000000000002,0.00958900000000007,0.004442000000000057,0.011323000000000027,0.028603000000000156
1,16:01:17,0.766667,0.775224,0.197607,0.290278,0.271831,0.21532,CNN_ASCON_FOG,CNN,ASCON,FOG,6,C:\Users\VivoBook\Downloads\microproyecto2\microproyecto 2 porque wtf\src\hfl_v7-CNN\Results_FOG\#6,global_weights_history_1.csv,global_round,2026-04-22 16:01:17,model.global_round,1,aggregate,server,60.0,,,,,,0.0
2,16:02:11,0.75,0.776284,0.205017,0.31127,0.299017,0.228365,CNN_ASCON_FOG,CNN,ASCON,FOG,6,C:\Users\VivoBook\Downloads\microproyecto2\microproyecto 2 porque wtf\src\hfl_v7-CNN\Results_FOG\#6,global_weights_history_1.csv,global_round,2026-04-22 16:02:11,model.global_round,2,aggregate,server,60.0,54.0,0.00741,0.02099200000000001,0.027185999999999988,0.013045000000000001,0.068633
3,16:03:09,0.8,0.551996,0.216204,0.337835,0.352154,0.246435,CNN_ASCON_FOG,CNN,ASCON,FOG,6,C:\Users\VivoBook\Downloads\microproyecto2\microproyecto 2 porque wtf\src\hfl_v7-CNN\Results_FOG\#6,global_weights_history_1.csv,global_round,2026-04-22 16:03:09,model.global_round,3,aggregate,server,60.0,58.0,0.011187000000000002,0.026565000000000005,0.053137000000000045,0.018069999999999975,0.10895900000000003
4,16:04:08,0.85,0.344656,0.230979,0.372701,0.416508,0.266264,CNN_ASCON_FOG,CNN,ASCON,FOG,6,C:\Users\VivoBook\Downloads\microproyecto2\microproyecto 2 porque wtf\src\hfl_v7-CNN\Results_FOG\#6,global_weights_history_1.csv,global_round,2026-04-22 16:04:08,model.global_round,4,aggregate,server,60.0,59.0,0.014774999999999983,0.03486600000000001,0.06435399999999997,0.019829000000000013,0.13382399999999997
5,16:05:06,0.85,0.412659,0.244138,0.393958,0.460278,0.28446,CNN_ASCON_FOG,CNN,ASCON,FOG,6,C:\Users\VivoBook\Downloads\microproyecto2\microproyecto 2 porque wtf\src\hfl_v7-CNN\Results_FOG\#6,global_weights_history_1.csv,global_round,2026-04-22 16:05:06,model.global_round,5,aggregate,server,60.0,58.0,0.013159000000000004,0.02125699999999997,0.04377000000000003,0.01819599999999999,0.096382
6,16:06:04,0.9,0.246133,0.253825,0.422157,0.488789,0.307346,CNN_ASCON_FOG,CNN,ASCON,FOG,6,C:\Users\VivoBook\Downloads\microproyecto2\microproyecto 2 porque wtf\src\hfl_v7-CNN\Results_FOG\#6,global_weights_history_1.csv,global_round,2026-04-22 16:06:04,model.global_round,6,aggregate,server,60.0,58.0,0.009687000000000029,0.02819900000000003,0.028510999999999953,0.022886000000000017,0.08928300000000003
7,16:07:03,0.9,0.297541,0.263092,0.436345,0.509326,0.328259,CNN_ASCON_FOG,CNN,ASCON,FOG,6,C:\Users\VivoBook\Downloads\microproyecto2\microproyecto 2 porque wtf\src\hfl_v7-CNN\Results_FOG\#6,global_weights_history_1.csv,global_round,2026-04-22 16:07:03,model.global_round,7,aggregate,server,60.0,59.0,0.00926699999999997,0.014187999999999978,0.020536999999999972,0.020913000000000015,0.06490499999999993
8,16:08:01,0.916667,0.211839,0.271911,0.465261,0.532962,0.346011,CNN_ASCON_FOG,CNN,ASCON,FOG,6,C:\Users\VivoBook\Downloads\microproyecto2\microproyecto 2 porque wtf\src\hfl_v7-CNN\Results_FOG\#6,global_weights_history_1.csv,global_round,2026-04-22 16:08:01,model.global_round,8,aggregate,server,60.0,58.0,0.008819000000000021,0.028915999999999997,0.0236360000000001,0.01775199999999999,0.07912300000000011
9,16:09:00,0.95,0.153268,0.278631,0.48131,0.546339,0.362631,CNN_ASCON_FOG,CNN,ASCON,FOG,6,C:\Users\VivoBook\Downloads\microproyecto2\microproyecto 2 porque wtf\src\hfl_v7-CNN\Results_FOG\#6,global_weights_history_1.csv,global_round,2026-04-22 16:09:00,model.global_round,9,aggregate,server,60.0,59.0,0.006720000000000004,0.016049000000000035,0.013376999999999972,0.016619999999999968,0.05276599999999998
10,16:09:58,0.883333,0.288559,0.282306,0.488932,0.556957,0.376625,CNN_ASCON_FOG,CNN,ASCON,FOG,6,C:\Users\VivoBook\Downloads\microproyecto2\microproyecto 2 porque wtf\src\hfl_v7-CNN\Results_FOG\#6,global_weights_history_1.csv,global_round,2026-04-22 16:09:58,model.global_round,10,aggregate,server,60.0,58.0,0.003674999999999984,0.007621999999999962,0.010618000000000016,0.013994000000000006,0.03590899999999997
11,16:10:56,0.883333,0.237062,0.28569,0.491885,0.561786,0.389839,CNN_ASCON_FOG,CNN,ASCON,FOG,6,C:\Users\VivoBook\Downloads\microproyecto2\microproyecto 2 porque wtf\src\hfl_v7-CNN\Results_FOG\#6,global_weights_history_1.csv,global_round,2026-04-22 16:10:56,model.global_round,11,aggregate,server,60.0,58.0,0.003383999999999998,0.002953000000000039,0.004828999999999972,0.013214000000000004,0.024380000000000013
12,16:11:55,0.966667,0.118967,0.291919,0.506046,0.566642,0.410426,CNN_ASCON_FOG,CNN,ASCON,FOG,6,C:\Users\VivoBook\Downloads\microproyecto2\microproyecto 2 porque wtf\src\hfl_v7-CNN\Results_FOG\#6,global_weights_history_1.csv,global_round,2026-04-22 16:11:55,model.global_round,12,aggregate,server,60.0,59.0,0.0062289999999999845,0.01416099999999998,0.0048559999999999715,0.020587000000000022,0.04583299999999996
13,16:12:54,0.95,0.135209,0.298007,0.515299,0.574723,0.427512,CNN_ASCON_FOG,CNN,ASCON,FOG,6,C:\Users\VivoBook\Downloads\microproyecto2\microproyecto 2 porque wtf\src\hfl_v7-CNN\Results_FOG\#6,global_weights_history_1.csv,global_round,2026-04-22 16:12:54,model.global_round,13,aggregate,server,60.0,59.0,0.006088000000000038,0.009252999999999956,0.008081000000000005,0.01708599999999999,0.04050799999999999
14,16:13:53,0.983333,0.143291,0.300882,0.52639,0.583434,0.437109,CNN_ASCON_FOG,CNN,ASCON,FOG,6,C:\Users\VivoBook\Downloads\microproyecto2\microproyecto 2 porque wtf\src\hfl_v7-CNN\Results_FOG\#6,global_weights_history_1.csv,global_round,2026-04-22 16:13:53,model.global_round,14,aggregate,server,60.0,59.0,0.002874999999999961,0.011091000000000073,0.008711000000000024,0.009597000000000022,0.03227400000000008
15,16:14:51,0.783333,0.451678,0.303411,0.528383,0.582882,0.443858,CNN_ASCON_FOG,CNN,ASCON,FOG,6,C:\Users\VivoBook\Downloads\microproyecto2\microproyecto 2 porque wtf\src\hfl_v7-CNN\Results_FOG\#6,global_weights_history_1.csv,global_round,2026-04-22 16:14:51,model.global_round,15,aggregate,server,60.0,58.0,0.0025290000000000035,0.0019930000000000225,0.0005519999999999969,0.0067489999999999495,0.011822999999999972
16,16:15:51,0.9,0.195909,0.305685,0.539339,0.588749,0.451841,CNN_ASCON_FOG,CNN,ASCON,FOG,6,C:\Users\VivoBook\Downloads\microproyecto2\microproyecto 2 porque wtf\src\hfl_v7-CNN\Results_FOG\#6,global_weights_history_1.csv,global_round,2026-04-22 16:15:51,model.global_round,16,aggregate,server,60.0,60.0,0.0022739999999999982,0.010955999999999966,0.005866999999999956,0.007983000000000018,0.027079999999999937
17,16:16:50,0.933333,0.175158,0.310786,0.55281,0.597715,0.46413,CNN_ASCON_FOG,CNN,ASCON,FOG,6,C:\Users\VivoBook\Downloads\microproyecto2\microproyecto 2 porque wtf\src\hfl_v7-CNN\Results_FOG\#6,global_weights_history_1.csv,global_round,2026-04-22 16:16:50,model.global_round,17,aggregate,server,60.0,59.0,0.005101000000000022,0.01347100000000001,0.00896600000000003,0.012288999999999994,0.03982700000000006
18,16:17:48,0.933333,0.153363,0.315483,0.555505,0.602919,0.468222,CNN_ASCON_FOG,CNN,ASCON,FOG,6,C:\Users\VivoBook\Downloads\microproyecto2\microproyecto 2 porque wtf\src\hfl_v7-CNN\Results_FOG\#6,global_weights_history_1.csv,global_round,2026-04-22 16:17:48,model.global_round,18,aggregate,server,60.0,58.0,0.004697000000000007,0.002695000000000003,0.005203999999999986,0.00409200000000004,0.016688000000000036
19,16:18:46,0.916667,0.134416,0.320101,0.56535,0.606949,0.477478,CNN_ASCON_FOG,CNN,ASCON,FOG,6,C:\Users\VivoBook\Downloads\microproyecto2\microproyecto 2 porque wtf\src\hfl_v7-CNN\Results_FOG\#6,global_weights_history_1.csv,global_round,2026-04-22 16:18:46,model.global_round,19,aggregate,server,60.0,58.0,0.004618000000000011,0.009844999999999993,0.004029999999999978,0.009255999999999986,0.027748999999999968
20,16:19:45,0.95,0.150578,0.321553,0.572913,0.610568,0.48373,CNN_ASCON_FOG,CNN,ASCON,FOG,6,C:\Users\VivoBook\Downloads\microproyecto2\microproyecto 2 porque wtf\src\hfl_v7-CNN\Results_FOG\#6,global_weights_history_1.csv,global_round,2026-04-22 16:19:45,model.global_round,20,aggregate,server,60.0,59.0,0.0014519999999999533,0.007562999999999986,0.003619000000000039,0.00625199999999998,0.01888599999999996
1,16:22:45,0.8,0.742458,0.173017,0.256041,0.339632,0.175258,CNN_ASCON_FOG,CNN,ASCON,FOG,7,C:\Users\VivoBook\Downloads\microproyecto2\microproyecto 2 porque wtf\src\hfl_v7-CNN\Results_FOG\#7,global_weights_history_2.csv,global_round,2026-04-22 16:22:45,model.global_round,1,aggregate,server,60.0,,,,,,0.0
2,16:23:38,0.866667,0.615341,0.185921,0.28698,0.391614,0.170238,CNN_ASCON_FOG,CNN,ASCON,FOG,7,C:\Users\VivoBook\Downloads\microproyecto2\microproyecto 2 porque wtf\src\hfl_v7-CNN\Results_FOG\#7,global_weights_history_2.csv,global_round,2026-04-22 16:23:38,model.global_round,2,aggregate,server,60.0,53.0,0.012903999999999999,0.030938999999999994,0.05198200000000003,0.005019999999999997,0.10084500000000002
3,16:24:37,0.8,0.508413,0.201546,0.329863,0.457546,0.164853,CNN_ASCON_FOG,CNN,ASCON,FOG,7,C:\Users\VivoBook\Downloads\microproyecto2\microproyecto 2 porque wtf\src\hfl_v7-CNN\Results_FOG\#7,global_weights_history_2.csv,global_round,2026-04-22 16:24:37,model.global_round,3,aggregate,server,60.0,59.0,0.015625,0.042883000000000004,0.06593199999999999,0.005385000000000001,0.129825
4,16:25:35,0.8,0.532685,0.207462,0.332045,0.494055,0.183166,CNN_ASCON_FOG,CNN,ASCON,FOG,7,C:\Users\VivoBook\Downloads\microproyecto2\microproyecto 2 porque wtf\src\hfl_v7-CNN\Results_FOG\#7,global_weights_history_2.csv,global_round,2026-04-22 16:25:35,model.global_round,4,aggregate,server,60.0,58.0,0.005916000000000005,0.0021819999999999617,0.036509000000000014,0.018312999999999996,0.06291999999999998
5,16:26:34,0.866667,0.474147,0.214369,0.342338,0.527574,0.219062,CNN_ASCON_FOG,CNN,ASCON,FOG,7,C:\Users\VivoBook\Downloads\microproyecto2\microproyecto 2 porque wtf\src\hfl_v7-CNN\Results_FOG\#7,global_weights_history_2.csv,global_round,2026-04-22 16:26:34,model.global_round,5,aggregate,server,60.0,59.0,0.0069069999999999965,0.010292999999999997,0.033518999999999965,0.03589600000000001,0.08661499999999997
6,16:27:33,0.866667,0.361383,0.226204,0.374613,0.561509,0.233289,CNN_ASCON_FOG,CNN,ASCON,FOG,7,C:\Users\VivoBook\Downloads\microproyecto2\microproyecto 2 porque wtf\src\hfl_v7-CNN\Results_FOG\#7,global_weights_history_2.csv,global_round,2026-04-22 16:27:33,model.global_round,6,aggregate,server,60.0,59.0,0.011834999999999984,0.032275,0.03393500000000005,0.01422699999999999,0.09227200000000002
7,16:28:31,0.966667,0.271493,0.235076,0.400766,0.586683,0.264253,CNN_ASCON_FOG,CNN,ASCON,FOG,7,C:\Users\VivoBook\Downloads\microproyecto2\microproyecto 2 porque wtf\src\hfl_v7-CNN\Results_FOG\#7,global_weights_history_2.csv,global_round,2026-04-22 16:28:31,model.global_round,7,aggregate,server,60.0,58.0,0.008872000000000019,0.026153000000000037,0.02517399999999992,0.03096400000000002,0.091163
8,16:29:29,0.916667,0.268619,0.245328,0.432696,0.603383,0.293861,CNN_ASCON_FOG,CNN,ASCON,FOG,7,C:\Users\VivoBook\Downloads\microproyecto2\microproyecto 2 porque wtf\src\hfl_v7-CNN\Results_FOG\#7,global_weights_history_2.csv,global_round,2026-04-22 16:29:29,model.global_round,8,aggregate,server,60.0,58.0,0.010251999999999983,0.031930000000000014,0.016700000000000048,0.029607999999999968,0.08849000000000001
9,16:30:29,0.933333,0.168416,0.252449,0.453092,0.615407,0.323437,CNN_ASCON_FOG,CNN,ASCON,FOG,7,C:\Users\VivoBook\Downloads\microproyecto2\microproyecto 2 porque wtf\src\hfl_v7-CNN\Results_FOG\#7,global_weights_history_2.csv,global_round,2026-04-22 16:30:29,model.global_round,9,aggregate,server,60.0,60.0,0.0071209999999999885,0.02039599999999997,0.012024000000000035,0.02957599999999999,0.06911699999999998
10,16:31:27,0.95,0.1932,0.262034,0.480338,0.624776,0.340361,CNN_ASCON_FOG,CNN,ASCON,FOG,7,C:\Users\VivoBook\Downloads\microproyecto2\microproyecto 2 porque wtf\src\hfl_v7-CNN\Results_FOG\#7,global_weights_history_2.csv,global_round,2026-04-22 16:31:27,model.global_round,10,aggregate,server,60.0,58.0,0.00958500000000001,0.027245999999999992,0.00936899999999996,0.01692400000000005,0.06312400000000001
11,16:32:27,0.966667,0.175207,0.268224,0.494714,0.634742,0.357299,CNN_ASCON_FOG,CNN,ASCON,FOG,7,C:\Users\VivoBook\Downloads\microproyecto2\microproyecto 2 porque wtf\src\hfl_v7-CNN\Results_FOG\#7,global_weights_history_2.csv,global_round,2026-04-22 16:32:27,model.global_round,11,aggregate,server,60.0,60.0,0.006190000000000029,0.014376,0.00996600000000003,0.016937999999999953,0.04747000000000001
12,16:33:25,0.95,0.162837,0.273609,0.508402,0.644159,0.368059,CNN_ASCON_FOG,CNN,ASCON,FOG,7,C:\Users\VivoBook\Downloads\microproyecto2\microproyecto 2 porque wtf\src\hfl_v7-CNN\Results_FOG\#7,global_weights_history_2.csv,global_round,2026-04-22 16:33:25,model.global_round,12,aggregate,server,60.0,58.0,0.005384999999999973,0.013688000000000033,0.009417000000000009,0.010760000000000047,0.03925000000000006
13,16:34:24,1.0,0.077206,0.276585,0.51497,0.650389,0.378149,CNN_ASCON_FOG,CNN,ASCON,FOG,7,C:\Users\VivoBook\Downloads\microproyecto2\microproyecto 2 porque wtf\src\hfl_v7-CNN\Results_FOG\#7,global_weights_history_2.csv,global_round,2026-04-22 16:34:24,model.global_round,13,aggregate,server,60.0,59.0,0.002976000000000034,0.006568000000000018,0.006229999999999958,0.010089999999999988,0.025863999999999998
14,16:35:22,0.95,0.162631,0.28288,0.530064,0.654314,0.389908,CNN_ASCON_FOG,CNN,ASCON,FOG,7,C:\Users\VivoBook\Downloads\microproyecto2\microproyecto 2 porque wtf\src\hfl_v7-CNN\Results_FOG\#7,global_weights_history_2.csv,global_round,2026-04-22 16:35:22,model.global_round,14,aggregate,server,60.0,58.0,0.006294999999999995,0.01509399999999994,0.003924999999999956,0.011758999999999964,0.037072999999999856
15,16:36:21,0.883333,0.285904,0.284524,0.534287,0.653202,0.397806,CNN_ASCON_FOG,CNN,ASCON,FOG,7,C:\Users\VivoBook\Downloads\microproyecto2\microproyecto 2 porque wtf\src\hfl_v7-CNN\Results_FOG\#7,global_weights_history_2.csv,global_round,2026-04-22 16:36:21,model.global_round,15,aggregate,server,60.0,59.0,0.0016439999999999788,0.004222999999999977,0.0011120000000000019,0.007898000000000016,0.014876999999999974
16,16:37:19,0.9,0.157886,0.288239,0.542088,0.655882,0.405644,CNN_ASCON_FOG,CNN,ASCON,FOG,7,C:\Users\VivoBook\Downloads\microproyecto2\microproyecto 2 porque wtf\src\hfl_v7-CNN\Results_FOG\#7,global_weights_history_2.csv,global_round,2026-04-22 16:37:19,model.global_round,16,aggregate,server,60.0,58.0,0.003715000000000024,0.007801000000000058,0.0026800000000000157,0.007838000000000012,0.02203400000000011
17,16:38:17,0.983333,0.074558,0.290526,0.546679,0.659234,0.412031,CNN_ASCON_FOG,CNN,ASCON,FOG,7,C:\Users\VivoBook\Downloads\microproyecto2\microproyecto 2 porque wtf\src\hfl_v7-CNN\Results_FOG\#7,global_weights_history_2.csv,global_round,2026-04-22 16:38:17,model.global_round,17,aggregate,server,60.0,58.0,0.0022869999999999835,0.004591000000000012,0.0033520000000000216,0.006386999999999976,0.016616999999999993
18,16:39:16,0.966667,0.09389,0.293903,0.554354,0.663414,0.418475,CNN_ASCON_FOG,CNN,ASCON,FOG,7,C:\Users\VivoBook\Downloads\microproyecto2\microproyecto 2 porque wtf\src\hfl_v7-CNN\Results_FOG\#7,global_weights_history_2.csv,global_round,2026-04-22 16:39:16,model.global_round,18,aggregate,server,60.0,59.0,0.003377000000000019,0.007674999999999987,0.0041799999999999615,0.006444000000000005,0.021675999999999973
19,16:40:15,0.983333,0.053251,0.296566,0.559067,0.666977,0.424431,CNN_ASCON_FOG,CNN,ASCON,FOG,7,C:\Users\VivoBook\Downloads\microproyecto2\microproyecto 2 porque wtf\src\hfl_v7-CNN\Results_FOG\#7,global_weights_history_2.csv,global_round,2026-04-22 16:40:15,model.global_round,19,aggregate,server,60.0,59.0,0.002662999999999971,0.004712999999999967,0.003563000000000094,0.005956000000000017,0.01689500000000005
20,16:41:14,1.0,0.03105,0.299021,0.565312,0.670005,0.431728,CNN_ASCON_FOG,CNN,ASCON,FOG,7,C:\Users\VivoBook\Downloads\microproyecto2\microproyecto 2 porque wtf\src\hfl_v7-CNN\Results_FOG\#7,global_weights_history_2.csv,global_round,2026-04-22 16:41:14,model.global_round,20,aggregate,server,60.0,59.0,0.002454999999999985,0.006245000000000056,0.0030279999999999196,0.007296999999999998,0.01902499999999996
1,10:49:55,0.833333,0.560312,0.323036,0.655486,0.885777,0.443425,CNN_ASCON_NoFOG,CNN,ASCON,NoFOG,1,C:\Users\VivoBook\Downloads\microproyecto2\microproyecto 2 porque wtf\src\hfl_v7-CNN\Results\#1,global_weights_history_1.csv,global_round,2026-04-22 10:49:55,model.global_round,1,aggregate,server,,,,,,,0.0
2,10:51:04,0.9,0.334868,0.330608,0.672303,0.905099,0.424545,CNN_ASCON_NoFOG,CNN,ASCON,NoFOG,1,C:\Users\VivoBook\Downloads\microproyecto2\microproyecto 2 porque wtf\src\hfl_v7-CNN\Results\#1,global_weights_history_1.csv,global_round,2026-04-22 10:51:04,model.global_round,2,aggregate,server,,69.0,0.007572000000000023,0.01681699999999997,0.01932199999999995,0.018880000000000008,0.06259099999999995
3,10:52:02,0.95,0.236378,0.338052,0.691318,0.918644,0.416197,CNN_ASCON_NoFOG,CNN,ASCON,NoFOG,1,C:\Users\VivoBook\Downloads\microproyecto2\microproyecto 2 porque wtf\src\hfl_v7-CNN\Results\#1,global_weights_history_1.csv,global_round,2026-04-22 10:52:02,model.global_round,3,aggregate,server,,58.0,0.007444000000000006,0.019015000000000004,0.01354500000000003,0.008348000000000022,0.04835200000000006
4,10:53:01,0.916667,0.244712,0.342273,0.693735,0.929754,0.426332,CNN_ASCON_NoFOG,CNN,ASCON,NoFOG,1,C:\Users\VivoBook\Downloads\microproyecto2\microproyecto 2 porque wtf\src\hfl_v7-CNN\Results\#1,global_weights_history_1.csv,global_round,2026-04-22 10:53:01,model.global_round,4,aggregate,server,,59.0,0.004220999999999975,0.0024170000000000025,0.011109999999999953,0.010135000000000005,0.027882999999999936
5,10:54:01,0.95,0.165856,0.347922,0.701439,0.937083,0.423559,CNN_ASCON_NoFOG,CNN,ASCON,NoFOG,1,C:\Users\VivoBook\Downloads\microproyecto2\microproyecto 2 porque wtf\src\hfl_v7-CNN\Results\#1,global_weights_history_1.csv,global_round,2026-04-22 10:54:01,model.global_round,5,aggregate,server,,60.0,0.005649000000000015,0.007704000000000044,0.00732900000000003,0.00277299999999997,0.02345500000000006
6,10:55:02,0.933333,0.126774,0.350716,0.699481,0.942669,0.431526,CNN_ASCON_NoFOG,CNN,ASCON,NoFOG,1,C:\Users\VivoBook\Downloads\microproyecto2\microproyecto 2 porque wtf\src\hfl_v7-CNN\Results\#1,global_weights_history_1.csv,global_round,2026-04-22 10:55:02,model.global_round,6,aggregate,server,,61.0,0.0027940000000000187,0.0019580000000000153,0.00558599999999998,0.007967000000000002,0.018305000000000016
7,10:56:01,0.95,0.141069,0.35388,0.708852,0.950128,0.434205,CNN_ASCON_NoFOG,CNN,ASCON,NoFOG,1,C:\Users\VivoBook\Downloads\microproyecto2\microproyecto 2 porque wtf\src\hfl_v7-CNN\Results\#1,global_weights_history_1.csv,global_round,2026-04-22 10:56:01,model.global_round,7,aggregate,server,,59.0,0.0031639999999999446,0.009371000000000018,0.007458999999999993,0.002678999999999987,0.022672999999999943
8,10:57:00,0.983333,0.072004,0.356936,0.718607,0.955539,0.440321,CNN_ASCON_NoFOG,CNN,ASCON,NoFOG,1,C:\Users\VivoBook\Downloads\microproyecto2\microproyecto 2 porque wtf\src\hfl_v7-CNN\Results\#1,global_weights_history_1.csv,global_round,2026-04-22 10:57:00,model.global_round,8,aggregate,server,,59.0,0.003056000000000003,0.009754999999999958,0.005411000000000055,0.00611600000000001,0.024338000000000026
9,10:57:58,0.983333,0.062773,0.358717,0.719214,0.958735,0.446895,CNN_ASCON_NoFOG,CNN,ASCON,NoFOG,1,C:\Users\VivoBook\Downloads\microproyecto2\microproyecto 2 porque wtf\src\hfl_v7-CNN\Results\#1,global_weights_history_1.csv,global_round,2026-04-22 10:57:58,model.global_round,9,aggregate,server,,58.0,0.0017810000000000326,0.0006070000000000242,0.0031959999999999766,0.006573999999999969,0.012158000000000002
10,10:58:57,0.966667,0.096664,0.360534,0.722954,0.960365,0.450672,CNN_ASCON_NoFOG,CNN,ASCON,NoFOG,1,C:\Users\VivoBook\Downloads\microproyecto2\microproyecto 2 porque wtf\src\hfl_v7-CNN\Results\#1,global_weights_history_1.csv,global_round,2026-04-22 10:58:57,model.global_round,10,aggregate,server,,59.0,0.001817000000000013,0.0037399999999999656,0.0016300000000000203,0.0037770000000000303,0.01096400000000003
11,10:59:56,0.95,0.083759,0.361417,0.72593,0.959071,0.453064,CNN_ASCON_NoFOG,CNN,ASCON,NoFOG,1,C:\Users\VivoBook\Downloads\microproyecto2\microproyecto 2 porque wtf\src\hfl_v7-CNN\Results\#1,global_weights_history_1.csv,global_round,2026-04-22 10:59:56,model.global_round,11,aggregate,server,,59.0,0.0008829999999999671,0.0029759999999999787,0.0012940000000000174,0.0023920000000000052,0.007544999999999968
12,11:00:55,0.983333,0.069683,0.3624,0.729784,0.957523,0.457789,CNN_ASCON_NoFOG,CNN,ASCON,NoFOG,1,C:\Users\VivoBook\Downloads\microproyecto2\microproyecto 2 porque wtf\src\hfl_v7-CNN\Results\#1,global_weights_history_1.csv,global_round,2026-04-22 11:00:55,model.global_round,12,aggregate,server,,59.0,0.0009830000000000116,0.003854000000000024,0.0015479999999999938,0.004724999999999979,0.011110000000000009
13,11:01:54,0.916667,0.178444,0.363825,0.734413,0.956796,0.462505,CNN_ASCON_NoFOG,CNN,ASCON,NoFOG,1,C:\Users\VivoBook\Downloads\microproyecto2\microproyecto 2 porque wtf\src\hfl_v7-CNN\Results\#1,global_weights_history_1.csv,global_round,2026-04-22 11:01:54,model.global_round,13,aggregate,server,,59.0,0.0014250000000000096,0.004628999999999994,0.0007270000000000332,0.004715999999999998,0.011497000000000035
14,11:02:53,0.966667,0.101387,0.364843,0.738168,0.958499,0.464186,CNN_ASCON_NoFOG,CNN,ASCON,NoFOG,1,C:\Users\VivoBook\Downloads\microproyecto2\microproyecto 2 porque wtf\src\hfl_v7-CNN\Results\#1,global_weights_history_1.csv,global_round,2026-04-22 11:02:53,model.global_round,14,aggregate,server,,59.0,0.0010179999999999634,0.003755000000000064,0.00170300000000001,0.001680999999999988,0.008157000000000025
15,11:03:52,1.0,0.046373,0.365336,0.74323,0.961053,0.46572,CNN_ASCON_NoFOG,CNN,ASCON,NoFOG,1,C:\Users\VivoBook\Downloads\microproyecto2\microproyecto 2 porque wtf\src\hfl_v7-CNN\Results\#1,global_weights_history_1.csv,global_round,2026-04-22 11:03:52,model.global_round,15,aggregate,server,,59.0,0.0004930000000000212,0.0050619999999999,0.0025540000000000562,0.0015340000000000353,0.009643000000000013
16,11:04:51,0.933333,0.211619,0.366083,0.746558,0.956803,0.468373,CNN_ASCON_NoFOG,CNN,ASCON,NoFOG,1,C:\Users\VivoBook\Downloads\microproyecto2\microproyecto 2 porque wtf\src\hfl_v7-CNN\Results\#1,global_weights_history_1.csv,global_round,2026-04-22 11:04:51,model.global_round,16,aggregate,server,,59.0,0.0007469999999999977,0.0033280000000001086,0.004250000000000087,0.002652999999999961,0.010978000000000154
17,11:05:50,1.0,0.059405,0.366317,0.749186,0.955749,0.470824,CNN_ASCON_NoFOG,CNN,ASCON,NoFOG,1,C:\Users\VivoBook\Downloads\microproyecto2\microproyecto 2 porque wtf\src\hfl_v7-CNN\Results\#1,global_weights_history_1.csv,global_round,2026-04-22 11:05:50,model.global_round,17,aggregate,server,,59.0,0.00023400000000001198,0.0026279999999999637,0.0010539999999999994,0.0024510000000000365,0.0063670000000000115
18,11:06:49,0.966667,0.109322,0.367667,0.753403,0.959873,0.473195,CNN_ASCON_NoFOG,CNN,ASCON,NoFOG,1,C:\Users\VivoBook\Downloads\microproyecto2\microproyecto 2 porque wtf\src\hfl_v7-CNN\Results\#1,global_weights_history_1.csv,global_round,2026-04-22 11:06:49,model.global_round,18,aggregate,server,,59.0,0.0013500000000000179,0.004217000000000026,0.0041240000000000165,0.0023709999999999565,0.012062000000000017
19,11:07:47,0.933333,0.105516,0.366926,0.75185,0.960938,0.473567,CNN_ASCON_NoFOG,CNN,ASCON,NoFOG,1,C:\Users\VivoBook\Downloads\microproyecto2\microproyecto 2 porque wtf\src\hfl_v7-CNN\Results\#1,global_weights_history_1.csv,global_round,2026-04-22 11:07:47,model.global_round,19,aggregate,server,,58.0,0.0007410000000000472,0.0015530000000000266,0.0010649999999999826,0.00037200000000003897,0.0037310000000000954
20,11:08:46,0.983333,0.062082,0.36696,0.752097,0.961541,0.474651,CNN_ASCON_NoFOG,CNN,ASCON,NoFOG,1,C:\Users\VivoBook\Downloads\microproyecto2\microproyecto 2 porque wtf\src\hfl_v7-CNN\Results\#1,global_weights_history_1.csv,global_round,2026-04-22 11:08:46,model.global_round,20,aggregate,server,,59.0,3.4000000000034e-05,0.0002469999999999972,0.0006030000000000202,0.0010839999999999739,0.0019680000000000253
1,11:20:15,0.966667,0.434208,0.318231,0.666433,0.884882,0.424231,CNN_ASCON_NoFOG,CNN,ASCON,NoFOG,2,C:\Users\VivoBook\Downloads\microproyecto2\microproyecto 2 porque wtf\src\hfl_v7-CNN\Results\#2,global_weights_history_2.csv,global_round,2026-04-22 11:20:15,model.global_round,1,aggregate,server,,,,,,,0.0
2,11:21:10,1.0,0.14287,0.32567,0.711592,0.896883,0.416372,CNN_ASCON_NoFOG,CNN,ASCON,NoFOG,2,C:\Users\VivoBook\Downloads\microproyecto2\microproyecto 2 porque wtf\src\hfl_v7-CNN\Results\#2,global_weights_history_2.csv,global_round,2026-04-22 11:21:10,model.global_round,2,aggregate,server,,55.0,0.007439000000000029,0.04515899999999995,0.01200100000000004,0.007859000000000005,0.07245800000000002
3,11:22:13,1.0,0.041273,0.33205,0.742598,0.904057,0.438197,CNN_ASCON_NoFOG,CNN,ASCON,NoFOG,2,C:\Users\VivoBook\Downloads\microproyecto2\microproyecto 2 porque wtf\src\hfl_v7-CNN\Results\#2,global_weights_history_2.csv,global_round,2026-04-22 11:22:13,model.global_round,3,aggregate,server,,63.0,0.006379999999999997,0.031005999999999978,0.007174000000000014,0.021824999999999983,0.06638499999999997
4,11:23:12,0.866667,0.443251,0.329238,0.722542,0.908509,0.431781,CNN_ASCON_NoFOG,CNN,ASCON,NoFOG,2,C:\Users\VivoBook\Downloads\microproyecto2\microproyecto 2 porque wtf\src\hfl_v7-CNN\Results\#2,global_weights_history_2.csv,global_round,2026-04-22 11:23:12,model.global_round,4,aggregate,server,,59.0,0.0028120000000000367,0.020055999999999963,0.0044520000000000115,0.006415999999999977,0.03373599999999999
5,11:24:10,0.816667,0.534879,0.324671,0.690808,0.908613,0.438245,CNN_ASCON_NoFOG,CNN,ASCON,NoFOG,2,C:\Users\VivoBook\Downloads\microproyecto2\microproyecto 2 porque wtf\src\hfl_v7-CNN\Results\#2,global_weights_history_2.csv,global_round,2026-04-22 11:24:10,model.global_round,5,aggregate,server,,58.0,0.004566999999999988,0.03173400000000004,0.00010399999999999299,0.00646399999999997,0.04286899999999999
6,11:25:08,0.866667,0.291697,0.327155,0.676646,0.919907,0.451275,CNN_ASCON_NoFOG,CNN,ASCON,NoFOG,2,C:\Users\VivoBook\Downloads\microproyecto2\microproyecto 2 porque wtf\src\hfl_v7-CNN\Results\#2,global_weights_history_2.csv,global_round,2026-04-22 11:25:08,model.global_round,6,aggregate,server,,58.0,0.0024839999999999862,0.014162000000000008,0.011294000000000026,0.013029999999999986,0.040970000000000006
7,11:26:07,0.9,0.266643,0.333622,0.667996,0.936127,0.464667,CNN_ASCON_NoFOG,CNN,ASCON,NoFOG,2,C:\Users\VivoBook\Downloads\microproyecto2\microproyecto 2 porque wtf\src\hfl_v7-CNN\Results\#2,global_weights_history_2.csv,global_round,2026-04-22 11:26:07,model.global_round,7,aggregate,server,,59.0,0.0064670000000000005,0.008649999999999936,0.016220000000000012,0.013392000000000015,0.04472899999999996
8,11:27:05,0.966667,0.15158,0.34017,0.676887,0.948976,0.479801,CNN_ASCON_NoFOG,CNN,ASCON,NoFOG,2,C:\Users\VivoBook\Downloads\microproyecto2\microproyecto 2 porque wtf\src\hfl_v7-CNN\Results\#2,global_weights_history_2.csv,global_round,2026-04-22 11:27:05,model.global_round,8,aggregate,server,,58.0,0.006547999999999998,0.008890999999999982,0.012849,0.01513399999999998,0.04342199999999996
9,11:28:04,0.95,0.195135,0.346141,0.67978,0.954996,0.496567,CNN_ASCON_NoFOG,CNN,ASCON,NoFOG,2,C:\Users\VivoBook\Downloads\microproyecto2\microproyecto 2 porque wtf\src\hfl_v7-CNN\Results\#2,global_weights_history_2.csv,global_round,2026-04-22 11:28:04,model.global_round,9,aggregate,server,,59.0,0.005971000000000004,0.0028930000000000344,0.006019999999999914,0.016766000000000003,0.031649999999999956
10,11:29:03,0.95,0.148529,0.351954,0.688773,0.961123,0.514567,CNN_ASCON_NoFOG,CNN,ASCON,NoFOG,2,C:\Users\VivoBook\Downloads\microproyecto2\microproyecto 2 porque wtf\src\hfl_v7-CNN\Results\#2,global_weights_history_2.csv,global_round,2026-04-22 11:29:03,model.global_round,10,aggregate,server,,59.0,0.005813000000000013,0.008992999999999918,0.0061269999999999936,0.018000000000000016,0.03893299999999994
11,11:30:01,0.966667,0.13287,0.35545,0.693518,0.968932,0.517564,CNN_ASCON_NoFOG,CNN,ASCON,NoFOG,2,C:\Users\VivoBook\Downloads\microproyecto2\microproyecto 2 porque wtf\src\hfl_v7-CNN\Results\#2,global_weights_history_2.csv,global_round,2026-04-22 11:30:01,model.global_round,11,aggregate,server,,58.0,0.003495999999999999,0.004744999999999999,0.007809000000000066,0.0029970000000000274,0.01904700000000009
12,11:31:00,0.966667,0.132414,0.35938,0.692168,0.976119,0.535454,CNN_ASCON_NoFOG,CNN,ASCON,NoFOG,2,C:\Users\VivoBook\Downloads\microproyecto2\microproyecto 2 porque wtf\src\hfl_v7-CNN\Results\#2,global_weights_history_2.csv,global_round,2026-04-22 11:31:00,model.global_round,12,aggregate,server,,59.0,0.003929999999999989,0.0013499999999999623,0.0071869999999999434,0.01788999999999996,0.030356999999999856
13,11:31:58,0.933333,0.190563,0.362149,0.697133,0.981439,0.530241,CNN_ASCON_NoFOG,CNN,ASCON,NoFOG,2,C:\Users\VivoBook\Downloads\microproyecto2\microproyecto 2 porque wtf\src\hfl_v7-CNN\Results\#2,global_weights_history_2.csv,global_round,2026-04-22 11:31:58,model.global_round,13,aggregate,server,,58.0,0.0027690000000000214,0.004964999999999997,0.005319999999999991,0.005213000000000023,0.018267000000000033
14,11:32:57,0.966667,0.105907,0.365111,0.697367,0.989103,0.541259,CNN_ASCON_NoFOG,CNN,ASCON,NoFOG,2,C:\Users\VivoBook\Downloads\microproyecto2\microproyecto 2 porque wtf\src\hfl_v7-CNN\Results\#2,global_weights_history_2.csv,global_round,2026-04-22 11:32:57,model.global_round,14,aggregate,server,,59.0,0.00296200000000002,0.00023399999999995647,0.007664000000000004,0.011018000000000083,0.021878000000000064
15,11:33:55,0.95,0.158688,0.366122,0.698265,0.995636,0.548181,CNN_ASCON_NoFOG,CNN,ASCON,NoFOG,2,C:\Users\VivoBook\Downloads\microproyecto2\microproyecto 2 porque wtf\src\hfl_v7-CNN\Results\#2,global_weights_history_2.csv,global_round,2026-04-22 11:33:55,model.global_round,15,aggregate,server,,58.0,0.0010109999999999841,0.0008980000000000654,0.006533000000000011,0.006921999999999984,0.015364000000000044
16,11:34:54,0.966667,0.063126,0.367701,0.69516,0.997745,0.540647,CNN_ASCON_NoFOG,CNN,ASCON,NoFOG,2,C:\Users\VivoBook\Downloads\microproyecto2\microproyecto 2 porque wtf\src\hfl_v7-CNN\Results\#2,global_weights_history_2.csv,global_round,2026-04-22 11:34:54,model.global_round,16,aggregate,server,,59.0,0.001578999999999997,0.0031050000000000244,0.0021090000000000275,0.007534000000000041,0.01432700000000009
17,11:35:53,0.95,0.143368,0.368821,0.689201,0.999296,0.550336,CNN_ASCON_NoFOG,CNN,ASCON,NoFOG,2,C:\Users\VivoBook\Downloads\microproyecto2\microproyecto 2 porque wtf\src\hfl_v7-CNN\Results\#2,global_weights_history_2.csv,global_round,2026-04-22 11:35:53,model.global_round,17,aggregate,server,,59.0,0.0011200000000000099,0.005959000000000048,0.001550999999999969,0.009689000000000059,0.018319000000000085
18,11:36:52,0.95,0.105174,0.370599,0.694564,1.003144,0.559318,CNN_ASCON_NoFOG,CNN,ASCON,NoFOG,2,C:\Users\VivoBook\Downloads\microproyecto2\microproyecto 2 porque wtf\src\hfl_v7-CNN\Results\#2,global_weights_history_2.csv,global_round,2026-04-22 11:36:52,model.global_round,18,aggregate,server,,59.0,0.0017780000000000018,0.005363000000000007,0.0038480000000000736,0.008981999999999934,0.019971000000000017
19,11:37:51,0.966667,0.100995,0.372769,0.699973,1.004763,0.559842,CNN_ASCON_NoFOG,CNN,ASCON,NoFOG,2,C:\Users\VivoBook\Downloads\microproyecto2\microproyecto 2 porque wtf\src\hfl_v7-CNN\Results\#2,global_weights_history_2.csv,global_round,2026-04-22 11:37:51,model.global_round,19,aggregate,server,,59.0,0.0021700000000000053,0.005408999999999997,0.001619000000000037,0.0005239999999999689,0.009722000000000008
20,11:38:49,0.983333,0.034544,0.374359,0.703164,1.007353,0.571001,CNN_ASCON_NoFOG,CNN,ASCON,NoFOG,2,C:\Users\VivoBook\Downloads\microproyecto2\microproyecto 2 porque wtf\src\hfl_v7-CNN\Results\#2,global_weights_history_2.csv,global_round,2026-04-22 11:38:49,model.global_round,20,aggregate,server,,58.0,0.0015899999999999803,0.003191000000000055,0.00258999999999987,0.01115900000000003,0.018529999999999935
1,13:09:19,0.966667,0.519715,0.31864,0.664675,0.886637,0.419672,CNN_ASCON_NoFOG,CNN,ASCON,NoFOG,3,C:\Users\VivoBook\Downloads\microproyecto2\microproyecto 2 porque wtf\src\hfl_v7-CNN\Results\#3,global_weights_history_3.csv,global_round,2026-04-22 13:09:19,model.global_round,1,aggregate,server,,,,,,,0.0
2,13:10:12,1.0,0.158193,0.326235,0.713058,0.898771,0.409879,CNN_ASCON_NoFOG,CNN,ASCON,NoFOG,3,C:\Users\VivoBook\Downloads\microproyecto2\microproyecto 2 porque wtf\src\hfl_v7-CNN\Results\#3,global_weights_history_3.csv,global_round,2026-04-22 13:10:12,model.global_round,2,aggregate,server,,53.0,0.007595000000000018,0.048382999999999954,0.012133999999999978,0.009792999999999996,0.07790499999999995
3,13:11:16,1.0,0.035118,0.332728,0.74475,0.906291,0.428584,CNN_ASCON_NoFOG,CNN,ASCON,NoFOG,3,C:\Users\VivoBook\Downloads\microproyecto2\microproyecto 2 porque wtf\src\hfl_v7-CNN\Results\#3,global_weights_history_3.csv,global_round,2026-04-22 13:11:16,model.global_round,3,aggregate,server,,64.0,0.0064930000000000265,0.03169200000000005,0.007519999999999971,0.018705000000000027,0.06441000000000008
4,13:12:14,0.8,0.706719,0.326172,0.705695,0.905251,0.414545,CNN_ASCON_NoFOG,CNN,ASCON,NoFOG,3,C:\Users\VivoBook\Downloads\microproyecto2\microproyecto 2 porque wtf\src\hfl_v7-CNN\Results\#3,global_weights_history_3.csv,global_round,2026-04-22 13:12:14,model.global_round,4,aggregate,server,,58.0,0.006556000000000006,0.03905500000000006,0.0010399999999999299,0.014039000000000024,0.06069000000000002
5,13:13:14,0.866667,0.333385,0.325911,0.688006,0.909175,0.418165,CNN_ASCON_NoFOG,CNN,ASCON,NoFOG,3,C:\Users\VivoBook\Downloads\microproyecto2\microproyecto 2 porque wtf\src\hfl_v7-CNN\Results\#3,global_weights_history_3.csv,global_round,2026-04-22 13:13:14,model.global_round,5,aggregate,server,,60.0,0.0002610000000000112,0.017688999999999955,0.0039239999999999275,0.003620000000000012,0.025493999999999906
6,13:14:13,0.866667,0.39406,0.330576,0.677277,0.919994,0.424984,CNN_ASCON_NoFOG,CNN,ASCON,NoFOG,3,C:\Users\VivoBook\Downloads\microproyecto2\microproyecto 2 porque wtf\src\hfl_v7-CNN\Results\#3,global_weights_history_3.csv,global_round,2026-04-22 13:14:13,model.global_round,6,aggregate,server,,59.0,0.004664999999999975,0.010728999999999989,0.010819000000000023,0.006818999999999964,0.03303199999999995
7,13:15:12,0.9,0.335682,0.339703,0.677248,0.931611,0.446756,CNN_ASCON_NoFOG,CNN,ASCON,NoFOG,3,C:\Users\VivoBook\Downloads\microproyecto2\microproyecto 2 porque wtf\src\hfl_v7-CNN\Results\#3,global_weights_history_3.csv,global_round,2026-04-22 13:15:12,model.global_round,7,aggregate,server,,59.0,0.009126999999999996,2.9000000000056758e-05,0.011616999999999988,0.021772000000000014,0.042545000000000055
8,13:16:11,0.983333,0.126509,0.346489,0.696023,0.939345,0.462382,CNN_ASCON_NoFOG,CNN,ASCON,NoFOG,3,C:\Users\VivoBook\Downloads\microproyecto2\microproyecto 2 porque wtf\src\hfl_v7-CNN\Results\#3,global_weights_history_3.csv,global_round,2026-04-22 13:16:11,model.global_round,8,aggregate,server,,59.0,0.006786000000000014,0.018774999999999986,0.007734000000000019,0.01562600000000003,0.04892100000000005
9,13:17:10,0.966667,0.089279,0.352194,0.706285,0.950549,0.468032,CNN_ASCON_NoFOG,CNN,ASCON,NoFOG,3,C:\Users\VivoBook\Downloads\microproyecto2\microproyecto 2 porque wtf\src\hfl_v7-CNN\Results\#3,global_weights_history_3.csv,global_round,2026-04-22 13:17:10,model.global_round,9,aggregate,server,,59.0,0.005705000000000016,0.010262000000000104,0.011203999999999992,0.005649999999999988,0.0328210000000001
10,13:18:09,0.983333,0.077219,0.355589,0.714636,0.954358,0.476871,CNN_ASCON_NoFOG,CNN,ASCON,NoFOG,3,C:\Users\VivoBook\Downloads\microproyecto2\microproyecto 2 porque wtf\src\hfl_v7-CNN\Results\#3,global_weights_history_3.csv,global_round,2026-04-22 13:18:09,model.global_round,10,aggregate,server,,59.0,0.0033949999999999814,0.008350999999999997,0.0038090000000000623,0.008838999999999986,0.024394000000000027
11,13:19:08,0.983333,0.070275,0.358822,0.718291,0.954672,0.488719,CNN_ASCON_NoFOG,CNN,ASCON,NoFOG,3,C:\Users\VivoBook\Downloads\microproyecto2\microproyecto 2 porque wtf\src\hfl_v7-CNN\Results\#3,global_weights_history_3.csv,global_round,2026-04-22 13:19:08,model.global_round,11,aggregate,server,,59.0,0.003232999999999986,0.003654999999999964,0.00031399999999992545,0.011848000000000025,0.0190499999999999
12,13:20:06,1.0,0.047353,0.362972,0.72444,0.954211,0.505094,CNN_ASCON_NoFOG,CNN,ASCON,NoFOG,3,C:\Users\VivoBook\Downloads\microproyecto2\microproyecto 2 porque wtf\src\hfl_v7-CNN\Results\#3,global_weights_history_3.csv,global_round,2026-04-22 13:20:06,model.global_round,12,aggregate,server,,58.0,0.0041500000000000425,0.00614899999999996,0.0004609999999999337,0.01637500000000003,0.027134999999999965
13,13:21:05,0.933333,0.158672,0.36487,0.730573,0.954604,0.509951,CNN_ASCON_NoFOG,CNN,ASCON,NoFOG,3,C:\Users\VivoBook\Downloads\microproyecto2\microproyecto 2 porque wtf\src\hfl_v7-CNN\Results\#3,global_weights_history_3.csv,global_round,2026-04-22 13:21:05,model.global_round,13,aggregate,server,,59.0,0.0018980000000000108,0.006133000000000055,0.0003929999999999767,0.004857,0.013281000000000043
14,13:22:03,0.933333,0.144061,0.365764,0.731111,0.958345,0.509263,CNN_ASCON_NoFOG,CNN,ASCON,NoFOG,3,C:\Users\VivoBook\Downloads\microproyecto2\microproyecto 2 porque wtf\src\hfl_v7-CNN\Results\#3,global_weights_history_3.csv,global_round,2026-04-22 13:22:03,model.global_round,14,aggregate,server,,58.0,0.0008939999999999504,0.0005379999999999274,0.0037409999999999943,0.0006880000000000219,0.005860999999999894
15,13:23:01,0.983333,0.105892,0.368374,0.727118,0.959779,0.519978,CNN_ASCON_NoFOG,CNN,ASCON,NoFOG,3,C:\Users\VivoBook\Downloads\microproyecto2\microproyecto 2 porque wtf\src\hfl_v7-CNN\Results\#3,global_weights_history_3.csv,global_round,2026-04-22 13:23:01,model.global_round,15,aggregate,server,,58.0,0.002610000000000001,0.003992999999999913,0.0014340000000000463,0.01071500000000003,0.01875199999999999
16,13:23:59,1.0,0.045777,0.370117,0.735245,0.963997,0.522231,CNN_ASCON_NoFOG,CNN,ASCON,NoFOG,3,C:\Users\VivoBook\Downloads\microproyecto2\microproyecto 2 porque wtf\src\hfl_v7-CNN\Results\#3,global_weights_history_3.csv,global_round,2026-04-22 13:23:59,model.global_round,16,aggregate,server,,58.0,0.0017429999999999946,0.008126999999999995,0.004217999999999944,0.0022529999999999495,0.016340999999999883
17,13:24:59,0.983333,0.077754,0.37051,0.740117,0.967253,0.519445,CNN_ASCON_NoFOG,CNN,ASCON,NoFOG,3,C:\Users\VivoBook\Downloads\microproyecto2\microproyecto 2 porque wtf\src\hfl_v7-CNN\Results\#3,global_weights_history_3.csv,global_round,2026-04-22 13:24:59,model.global_round,17,aggregate,server,,60.0,0.0003930000000000322,0.0048719999999999875,0.0032560000000000366,0.002785999999999955,0.011307000000000011
18,13:25:58,0.95,0.127046,0.371972,0.741558,0.97125,0.523806,CNN_ASCON_NoFOG,CNN,ASCON,NoFOG,3,C:\Users\VivoBook\Downloads\microproyecto2\microproyecto 2 porque wtf\src\hfl_v7-CNN\Results\#3,global_weights_history_3.csv,global_round,2026-04-22 13:25:58,model.global_round,18,aggregate,server,,59.0,0.0014620000000000188,0.0014410000000000256,0.003996999999999917,0.004360999999999948,0.01126099999999991
19,13:26:56,0.966667,0.055178,0.373708,0.745385,0.974833,0.530169,CNN_ASCON_NoFOG,CNN,ASCON,NoFOG,3,C:\Users\VivoBook\Downloads\microproyecto2\microproyecto 2 porque wtf\src\hfl_v7-CNN\Results\#3,global_weights_history_3.csv,global_round,2026-04-22 13:26:56,model.global_round,19,aggregate,server,,58.0,0.0017359999999999598,0.003826999999999914,0.003583000000000003,0.0063630000000000075,0.015508999999999884
20,13:27:55,0.95,0.12126,0.375419,0.750728,0.976693,0.536459,CNN_ASCON_NoFOG,CNN,ASCON,NoFOG,3,C:\Users\VivoBook\Downloads\microproyecto2\microproyecto 2 porque wtf\src\hfl_v7-CNN\Results\#3,global_weights_history_3.csv,global_round,2026-04-22 13:27:55,model.global_round,20,aggregate,server,,59.0,0.001711000000000018,0.005342999999999987,0.0018600000000000838,0.006290000000000018,0.015204000000000106
1,13:31:50,0.85,0.525682,0.319243,0.664135,0.883822,0.419568,CNN_ASCON_NoFOG,CNN,ASCON,NoFOG,4,C:\Users\VivoBook\Downloads\microproyecto2\microproyecto 2 porque wtf\src\hfl_v7-CNN\Results\#4,global_weights_history_4.csv,global_round,2026-04-22 13:31:50,model.global_round,1,aggregate,server,,,,,,,0.0
2,13:32:43,1.0,0.14128,0.325997,0.711714,0.895356,0.407892,CNN_ASCON_NoFOG,CNN,ASCON,NoFOG,4,C:\Users\VivoBook\Downloads\microproyecto2\microproyecto 2 porque wtf\src\hfl_v7-CNN\Results\#4,global_weights_history_4.csv,global_round,2026-04-22 13:32:43,model.global_round,2,aggregate,server,,53.0,0.006753999999999982,0.04757899999999993,0.011534000000000044,0.01167600000000002,0.07754299999999997
3,13:33:42,1.0,0.048077,0.332207,0.74355,0.902131,0.425031,CNN_ASCON_NoFOG,CNN,ASCON,NoFOG,4,C:\Users\VivoBook\Downloads\microproyecto2\microproyecto 2 porque wtf\src\hfl_v7-CNN\Results\#4,global_weights_history_4.csv,global_round,2026-04-22 13:33:42,model.global_round,3,aggregate,server,,59.0,0.006209999999999993,0.031836000000000086,0.0067749999999999755,0.017139000000000015,0.06196000000000007
4,13:34:46,0.933333,0.137553,0.334692,0.746584,0.903504,0.429808,CNN_ASCON_NoFOG,CNN,ASCON,NoFOG,4,C:\Users\VivoBook\Downloads\microproyecto2\microproyecto 2 porque wtf\src\hfl_v7-CNN\Results\#4,global_weights_history_4.csv,global_round,2026-04-22 13:34:46,model.global_round,4,aggregate,server,,64.0,0.002485000000000015,0.003033999999999981,0.0013729999999999576,0.004777000000000031,0.011668999999999985
5,13:35:45,0.916667,0.211046,0.332886,0.726528,0.904031,0.426629,CNN_ASCON_NoFOG,CNN,ASCON,NoFOG,4,C:\Users\VivoBook\Downloads\microproyecto2\microproyecto 2 porque wtf\src\hfl_v7-CNN\Results\#4,global_weights_history_4.csv,global_round,2026-04-22 13:35:45,model.global_round,5,aggregate,server,,59.0,0.0018059999999999743,0.020056000000000074,0.0005270000000000552,0.003179000000000043,0.025568000000000146
6,13:36:44,0.966667,0.091823,0.335532,0.723531,0.906881,0.436052,CNN_ASCON_NoFOG,CNN,ASCON,NoFOG,4,C:\Users\VivoBook\Downloads\microproyecto2\microproyecto 2 porque wtf\src\hfl_v7-CNN\Results\#4,global_weights_history_4.csv,global_round,2026-04-22 13:36:44,model.global_round,6,aggregate,server,,59.0,0.0026459999999999817,0.0029969999999999164,0.002850000000000019,0.009423000000000015,0.017915999999999932
7,13:37:43,0.95,0.126559,0.339775,0.72289,0.908687,0.448424,CNN_ASCON_NoFOG,CNN,ASCON,NoFOG,4,C:\Users\VivoBook\Downloads\microproyecto2\microproyecto 2 porque wtf\src\hfl_v7-CNN\Results\#4,global_weights_history_4.csv,global_round,2026-04-22 13:37:43,model.global_round,7,aggregate,server,,59.0,0.004242999999999997,0.0006410000000000027,0.0018059999999999743,0.012371999999999994,0.019061999999999968
8,13:38:41,0.983333,0.067401,0.342407,0.719503,0.9127,0.453389,CNN_ASCON_NoFOG,CNN,ASCON,NoFOG,4,C:\Users\VivoBook\Downloads\microproyecto2\microproyecto 2 porque wtf\src\hfl_v7-CNN\Results\#4,global_weights_history_4.csv,global_round,2026-04-22 13:38:41,model.global_round,8,aggregate,server,,58.0,0.002632000000000023,0.003387000000000029,0.004012999999999933,0.004964999999999997,0.014996999999999983
9,13:39:40,1.0,0.069642,0.344846,0.72658,0.915016,0.46518,CNN_ASCON_NoFOG,CNN,ASCON,NoFOG,4,C:\Users\VivoBook\Downloads\microproyecto2\microproyecto 2 porque wtf\src\hfl_v7-CNN\Results\#4,global_weights_history_4.csv,global_round,2026-04-22 13:39:40,model.global_round,9,aggregate,server,,59.0,0.002438999999999969,0.007077,0.0023160000000000958,0.011790999999999996,0.02362300000000006
10,13:40:39,0.933333,0.137112,0.34796,0.737517,0.918713,0.47976,CNN_ASCON_NoFOG,CNN,ASCON,NoFOG,4,C:\Users\VivoBook\Downloads\microproyecto2\microproyecto 2 porque wtf\src\hfl_v7-CNN\Results\#4,global_weights_history_4.csv,global_round,2026-04-22 13:40:39,model.global_round,10,aggregate,server,,59.0,0.0031140000000000057,0.010936999999999975,0.0036969999999999503,0.014580000000000037,0.03232799999999997
11,13:41:38,1.0,0.047108,0.350908,0.744469,0.92455,0.49009,CNN_ASCON_NoFOG,CNN,ASCON,NoFOG,4,C:\Users\VivoBook\Downloads\microproyecto2\microproyecto 2 porque wtf\src\hfl_v7-CNN\Results\#4,global_weights_history_4.csv,global_round,2026-04-22 13:41:38,model.global_round,11,aggregate,server,,59.0,0.002948000000000006,0.006952000000000069,0.005836999999999981,0.010330000000000006,0.026067000000000062
12,13:42:37,0.983333,0.041482,0.35299,0.749596,0.927705,0.496204,CNN_ASCON_NoFOG,CNN,ASCON,NoFOG,4,C:\Users\VivoBook\Downloads\microproyecto2\microproyecto 2 porque wtf\src\hfl_v7-CNN\Results\#4,global_weights_history_4.csv,global_round,2026-04-22 13:42:37,model.global_round,12,aggregate,server,,59.0,0.0020820000000000283,0.005126999999999993,0.003155000000000019,0.006113999999999953,0.016477999999999993
13,13:43:36,1.0,0.01963,0.354155,0.750428,0.929776,0.49954,CNN_ASCON_NoFOG,CNN,ASCON,NoFOG,4,C:\Users\VivoBook\Downloads\microproyecto2\microproyecto 2 porque wtf\src\hfl_v7-CNN\Results\#4,global_weights_history_4.csv,global_round,2026-04-22 13:43:36,model.global_round,13,aggregate,server,,59.0,0.0011649999999999716,0.0008319999999999439,0.002071000000000045,0.0033360000000000056,0.007403999999999966
14,13:44:37,0.966667,0.062421,0.355948,0.754299,0.932444,0.503921,CNN_ASCON_NoFOG,CNN,ASCON,NoFOG,4,C:\Users\VivoBook\Downloads\microproyecto2\microproyecto 2 porque wtf\src\hfl_v7-CNN\Results\#4,global_weights_history_4.csv,global_round,2026-04-22 13:44:37,model.global_round,14,aggregate,server,,61.0,0.001792999999999989,0.003871000000000069,0.0026680000000000037,0.004380999999999968,0.01271300000000003
15,13:45:35,0.983333,0.064158,0.357613,0.757159,0.933929,0.508224,CNN_ASCON_NoFOG,CNN,ASCON,NoFOG,4,C:\Users\VivoBook\Downloads\microproyecto2\microproyecto 2 porque wtf\src\hfl_v7-CNN\Results\#4,global_weights_history_4.csv,global_round,2026-04-22 13:45:35,model.global_round,15,aggregate,server,,58.0,0.0016650000000000276,0.0028599999999999737,0.0014849999999999586,0.004303000000000057,0.010313000000000017
16,13:46:34,0.983333,0.057022,0.358873,0.757676,0.935138,0.511202,CNN_ASCON_NoFOG,CNN,ASCON,NoFOG,4,C:\Users\VivoBook\Downloads\microproyecto2\microproyecto 2 porque wtf\src\hfl_v7-CNN\Results\#4,global_weights_history_4.csv,global_round,2026-04-22 13:46:34,model.global_round,16,aggregate,server,,59.0,0.0012599999999999834,0.0005169999999999897,0.0012090000000000156,0.002978000000000036,0.005964000000000025
17,13:47:33,0.983333,0.052292,0.360208,0.760943,0.939088,0.514707,CNN_ASCON_NoFOG,CNN,ASCON,NoFOG,4,C:\Users\VivoBook\Downloads\microproyecto2\microproyecto 2 porque wtf\src\hfl_v7-CNN\Results\#4,global_weights_history_4.csv,global_round,2026-04-22 13:47:33,model.global_round,17,aggregate,server,,59.0,0.001334999999999975,0.00326700000000002,0.003950000000000009,0.0035049999999999804,0.012056999999999984
18,13:48:32,0.966667,0.056289,0.36155,0.764851,0.942168,0.518888,CNN_ASCON_NoFOG,CNN,ASCON,NoFOG,4,C:\Users\VivoBook\Downloads\microproyecto2\microproyecto 2 porque wtf\src\hfl_v7-CNN\Results\#4,global_weights_history_4.csv,global_round,2026-04-22 13:48:32,model.global_round,18,aggregate,server,,59.0,0.0013420000000000099,0.0039079999999999115,0.0030799999999999716,0.00418099999999999,0.012510999999999883
19,13:49:31,1.0,0.013726,0.363684,0.768744,0.944935,0.52414,CNN_ASCON_NoFOG,CNN,ASCON,NoFOG,4,C:\Users\VivoBook\Downloads\microproyecto2\microproyecto 2 porque wtf\src\hfl_v7-CNN\Results\#4,global_weights_history_4.csv,global_round,2026-04-22 13:49:31,model.global_round,19,aggregate,server,,59.0,0.0021340000000000248,0.0038930000000000353,0.002766999999999964,0.005252000000000034,0.014046000000000058
20,13:50:30,1.0,0.034302,0.365145,0.774302,0.946424,0.52966,CNN_ASCON_NoFOG,CNN,ASCON,NoFOG,4,C:\Users\VivoBook\Downloads\microproyecto2\microproyecto 2 porque wtf\src\hfl_v7-CNN\Results\#4,global_weights_history_4.csv,global_round,2026-04-22 13:50:30,model.global_round,20,aggregate,server,,59.0,0.00146099999999999,0.005558000000000063,0.0014890000000000736,0.005519999999999969,0.014028000000000096
1,13:53:25,0.916667,0.529727,0.317355,0.664702,0.883665,0.422208,CNN_ASCON_NoFOG,CNN,ASCON,NoFOG,5,C:\Users\VivoBook\Downloads\microproyecto2\microproyecto 2 porque wtf\src\hfl_v7-CNN\Results\#5,global_weights_history_5.csv,global_round,2026-04-22 13:53:25,model.global_round,1,aggregate,server,,,,,,,0.0
2,13:54:18,0.983333,0.143371,0.324303,0.711861,0.893902,0.412408,CNN_ASCON_NoFOG,CNN,ASCON,NoFOG,5,C:\Users\VivoBook\Downloads\microproyecto2\microproyecto 2 porque wtf\src\hfl_v7-CNN\Results\#5,global_weights_history_5.csv,global_round,2026-04-22 13:54:18,model.global_round,2,aggregate,server,,53.0,0.00694800000000001,0.04715899999999995,0.01023699999999994,0.009800000000000031,0.07414399999999993
3,13:55:21,1.0,0.044974,0.330343,0.742732,0.899664,0.432645,CNN_ASCON_NoFOG,CNN,ASCON,NoFOG,5,C:\Users\VivoBook\Downloads\microproyecto2\microproyecto 2 porque wtf\src\hfl_v7-CNN\Results\#5,global_weights_history_5.csv,global_round,2026-04-22 13:55:21,model.global_round,3,aggregate,server,,63.0,0.00603999999999999,0.030870999999999982,0.005762000000000045,0.020237000000000005,0.06291000000000002
4,13:56:21,0.916667,0.188442,0.331777,0.737462,0.899818,0.432588,CNN_ASCON_NoFOG,CNN,ASCON,NoFOG,5,C:\Users\VivoBook\Downloads\microproyecto2\microproyecto 2 porque wtf\src\hfl_v7-CNN\Results\#5,global_weights_history_5.csv,global_round,2026-04-22 13:56:21,model.global_round,4,aggregate,server,,60.0,0.0014339999999999908,0.005269999999999997,0.00015399999999998748,5.700000000002925e-05,0.0069150000000000045
5,13:57:20,0.916667,0.256825,0.331931,0.72196,0.904752,0.43218,CNN_ASCON_NoFOG,CNN,ASCON,NoFOG,5,C:\Users\VivoBook\Downloads\microproyecto2\microproyecto 2 porque wtf\src\hfl_v7-CNN\Results\#5,global_weights_history_5.csv,global_round,2026-04-22 13:57:20,model.global_round,5,aggregate,server,,59.0,0.00015399999999998748,0.015501999999999905,0.004933999999999994,0.00040799999999996395,0.02099799999999985
6,13:58:19,0.966667,0.11266,0.335647,0.726013,0.908218,0.441609,CNN_ASCON_NoFOG,CNN,ASCON,NoFOG,5,C:\Users\VivoBook\Downloads\microproyecto2\microproyecto 2 porque wtf\src\hfl_v7-CNN\Results\#5,global_weights_history_5.csv,global_round,2026-04-22 13:58:19,model.global_round,6,aggregate,server,,59.0,0.003715999999999997,0.004052999999999973,0.003465999999999969,0.009428999999999965,0.020663999999999905
7,13:59:18,0.933333,0.158134,0.340751,0.728224,0.915744,0.45158,CNN_ASCON_NoFOG,CNN,ASCON,NoFOG,5,C:\Users\VivoBook\Downloads\microproyecto2\microproyecto 2 porque wtf\src\hfl_v7-CNN\Results\#5,global_weights_history_5.csv,global_round,2026-04-22 13:59:18,model.global_round,7,aggregate,server,,59.0,0.005104000000000053,0.002210999999999963,0.007526000000000033,0.009971000000000008,0.024812000000000056
8,14:00:17,0.966667,0.12786,0.345687,0.73357,0.921587,0.462853,CNN_ASCON_NoFOG,CNN,ASCON,NoFOG,5,C:\Users\VivoBook\Downloads\microproyecto2\microproyecto 2 porque wtf\src\hfl_v7-CNN\Results\#5,global_weights_history_5.csv,global_round,2026-04-22 14:00:17,model.global_round,8,aggregate,server,,59.0,0.004935999999999996,0.005346000000000073,0.005843000000000043,0.011273000000000033,0.027398000000000144
9,14:01:16,0.95,0.110965,0.350414,0.734302,0.927497,0.467894,CNN_ASCON_NoFOG,CNN,ASCON,NoFOG,5,C:\Users\VivoBook\Downloads\microproyecto2\microproyecto 2 porque wtf\src\hfl_v7-CNN\Results\#5,global_weights_history_5.csv,global_round,2026-04-22 14:01:16,model.global_round,9,aggregate,server,,59.0,0.004726999999999981,0.0007319999999999549,0.005909999999999971,0.005040999999999962,0.01640999999999987
10,14:02:15,1.0,0.046176,0.354136,0.739241,0.931653,0.474632,CNN_ASCON_NoFOG,CNN,ASCON,NoFOG,5,C:\Users\VivoBook\Downloads\microproyecto2\microproyecto 2 porque wtf\src\hfl_v7-CNN\Results\#5,global_weights_history_5.csv,global_round,2026-04-22 14:02:15,model.global_round,10,aggregate,server,,59.0,0.003722000000000003,0.004939000000000027,0.0041559999999999375,0.006738000000000022,0.01955499999999999
11,14:03:14,0.966667,0.078161,0.356786,0.740318,0.933388,0.480368,CNN_ASCON_NoFOG,CNN,ASCON,NoFOG,5,C:\Users\VivoBook\Downloads\microproyecto2\microproyecto 2 porque wtf\src\hfl_v7-CNN\Results\#5,global_weights_history_5.csv,global_round,2026-04-22 14:03:14,model.global_round,11,aggregate,server,,59.0,0.0026499999999999857,0.0010769999999999946,0.001735000000000042,0.005736000000000019,0.011198000000000041
12,14:04:13,0.966667,0.128868,0.360415,0.738631,0.93515,0.486418,CNN_ASCON_NoFOG,CNN,ASCON,NoFOG,5,C:\Users\VivoBook\Downloads\microproyecto2\microproyecto 2 porque wtf\src\hfl_v7-CNN\Results\#5,global_weights_history_5.csv,global_round,2026-04-22 14:04:13,model.global_round,12,aggregate,server,,59.0,0.0036289999999999933,0.001686999999999994,0.0017620000000000413,0.00605,0.013128000000000029
13,14:05:11,1.0,0.054345,0.361524,0.740026,0.937857,0.489224,CNN_ASCON_NoFOG,CNN,ASCON,NoFOG,5,C:\Users\VivoBook\Downloads\microproyecto2\microproyecto 2 porque wtf\src\hfl_v7-CNN\Results\#5,global_weights_history_5.csv,global_round,2026-04-22 14:05:11,model.global_round,13,aggregate,server,,58.0,0.0011090000000000266,0.001394999999999924,0.002707000000000015,0.002805999999999975,0.00801699999999994
14,14:06:10,0.966667,0.095676,0.364289,0.739047,0.940575,0.493529,CNN_ASCON_NoFOG,CNN,ASCON,NoFOG,5,C:\Users\VivoBook\Downloads\microproyecto2\microproyecto 2 porque wtf\src\hfl_v7-CNN\Results\#5,global_weights_history_5.csv,global_round,2026-04-22 14:06:10,model.global_round,14,aggregate,server,,59.0,0.002764999999999962,0.0009789999999999521,0.002717999999999998,0.004305000000000003,0.010766999999999916
15,14:07:09,0.983333,0.061896,0.366472,0.73666,0.941958,0.496622,CNN_ASCON_NoFOG,CNN,ASCON,NoFOG,5,C:\Users\VivoBook\Downloads\microproyecto2\microproyecto 2 porque wtf\src\hfl_v7-CNN\Results\#5,global_weights_history_5.csv,global_round,2026-04-22 14:07:09,model.global_round,15,aggregate,server,,59.0,0.002183000000000046,0.002387000000000028,0.001382999999999912,0.0030930000000000124,0.009045999999999998
16,14:08:08,0.983333,0.059687,0.368651,0.738105,0.942673,0.500666,CNN_ASCON_NoFOG,CNN,ASCON,NoFOG,5,C:\Users\VivoBook\Downloads\microproyecto2\microproyecto 2 porque wtf\src\hfl_v7-CNN\Results\#5,global_weights_history_5.csv,global_round,2026-04-22 14:08:08,model.global_round,16,aggregate,server,,59.0,0.0021789999999999865,0.0014450000000000296,0.0007150000000000212,0.0040440000000000476,0.008383000000000085
17,14:09:07,1.0,0.017622,0.368918,0.744867,0.94563,0.5033,CNN_ASCON_NoFOG,CNN,ASCON,NoFOG,5,C:\Users\VivoBook\Downloads\microproyecto2\microproyecto 2 porque wtf\src\hfl_v7-CNN\Results\#5,global_weights_history_5.csv,global_round,2026-04-22 14:09:07,model.global_round,17,aggregate,server,,59.0,0.0002670000000000172,0.006761999999999935,0.0029569999999999874,0.002633999999999914,0.012619999999999854
18,14:10:05,1.0,0.026454,0.369572,0.747227,0.948731,0.506034,CNN_ASCON_NoFOG,CNN,ASCON,NoFOG,5,C:\Users\VivoBook\Downloads\microproyecto2\microproyecto 2 porque wtf\src\hfl_v7-CNN\Results\#5,global_weights_history_5.csv,global_round,2026-04-22 14:10:05,model.global_round,18,aggregate,server,,58.0,0.0006539999999999879,0.0023600000000000287,0.0031010000000000204,0.002734000000000014,0.008849000000000051
19,14:11:04,0.966667,0.074411,0.371181,0.748238,0.951124,0.509954,CNN_ASCON_NoFOG,CNN,ASCON,NoFOG,5,C:\Users\VivoBook\Downloads\microproyecto2\microproyecto 2 porque wtf\src\hfl_v7-CNN\Results\#5,global_weights_history_5.csv,global_round,2026-04-22 14:11:04,model.global_round,19,aggregate,server,,59.0,0.0016089999999999716,0.0010109999999999841,0.0023929999999999785,0.003920000000000035,0.008932999999999969
20,14:12:04,0.983333,0.025146,0.373835,0.747654,0.952024,0.513892,CNN_ASCON_NoFOG,CNN,ASCON,NoFOG,5,C:\Users\VivoBook\Downloads\microproyecto2\microproyecto 2 porque wtf\src\hfl_v7-CNN\Results\#5,global_weights_history_5.csv,global_round,2026-04-22 14:12:04,model.global_round,20,aggregate,server,,60.0,0.0026539999999999897,0.0005839999999999179,0.0009000000000000119,0.003937999999999997,0.008075999999999917
1,14:16:35,0.933333,0.452949,0.319724,0.665124,0.885222,0.42104,CNN_ASCON_NoFOG,CNN,ASCON,NoFOG,6,C:\Users\VivoBook\Downloads\microproyecto2\microproyecto 2 porque wtf\src\hfl_v7-CNN\Results\#6,global_weights_history_6.csv,global_round,2026-04-22 14:16:35,model.global_round,1,aggregate,server,,,,,,,0.0
2,14:17:28,1.0,0.147667,0.326326,0.713163,0.898458,0.408197,CNN_ASCON_NoFOG,CNN,ASCON,NoFOG,6,C:\Users\VivoBook\Downloads\microproyecto2\microproyecto 2 porque wtf\src\hfl_v7-CNN\Results\#6,global_weights_history_6.csv,global_round,2026-04-22 14:17:28,model.global_round,2,aggregate,server,,53.0,0.006601999999999997,0.04803899999999994,0.013236000000000026,0.012843000000000049,0.08072000000000001
3,14:18:32,1.0,0.048005,0.33179,0.74589,0.905721,0.429712,CNN_ASCON_NoFOG,CNN,ASCON,NoFOG,6,C:\Users\VivoBook\Downloads\microproyecto2\microproyecto 2 porque wtf\src\hfl_v7-CNN\Results\#6,global_weights_history_6.csv,global_round,2026-04-22 14:18:32,model.global_round,3,aggregate,server,,64.0,0.005463999999999969,0.03272700000000006,0.0072630000000000194,0.021515000000000006,0.06696900000000006
4,14:19:33,0.9,0.283325,0.332126,0.737569,0.909232,0.430033,CNN_ASCON_NoFOG,CNN,ASCON,NoFOG,6,C:\Users\VivoBook\Downloads\microproyecto2\microproyecto 2 porque wtf\src\hfl_v7-CNN\Results\#6,global_weights_history_6.csv,global_round,2026-04-22 14:19:33,model.global_round,4,aggregate,server,,61.0,0.00033600000000000296,0.008321000000000023,0.003511000000000042,0.0003210000000000157,0.012489000000000083
5,14:20:34,0.933333,0.171943,0.334389,0.729876,0.915644,0.435212,CNN_ASCON_NoFOG,CNN,ASCON,NoFOG,6,C:\Users\VivoBook\Downloads\microproyecto2\microproyecto 2 porque wtf\src\hfl_v7-CNN\Results\#6,global_weights_history_6.csv,global_round,2026-04-22 14:20:34,model.global_round,5,aggregate,server,,61.0,0.002263000000000015,0.007693000000000061,0.006411999999999973,0.005178999999999989,0.02154700000000004
6,14:21:33,0.966667,0.076614,0.339494,0.732732,0.922217,0.440134,CNN_ASCON_NoFOG,CNN,ASCON,NoFOG,6,C:\Users\VivoBook\Downloads\microproyecto2\microproyecto 2 porque wtf\src\hfl_v7-CNN\Results\#6,global_weights_history_6.csv,global_round,2026-04-22 14:21:33,model.global_round,6,aggregate,server,,59.0,0.005105000000000026,0.0028560000000000807,0.00657299999999994,0.0049220000000000375,0.019456000000000084
7,14:22:31,0.966667,0.092314,0.342938,0.725781,0.927514,0.446541,CNN_ASCON_NoFOG,CNN,ASCON,NoFOG,6,C:\Users\VivoBook\Downloads\microproyecto2\microproyecto 2 porque wtf\src\hfl_v7-CNN\Results\#6,global_weights_history_6.csv,global_round,2026-04-22 14:22:31,model.global_round,7,aggregate,server,,58.0,0.0034440000000000026,0.0069510000000000405,0.005296999999999996,0.006406999999999996,0.022099000000000035
8,14:23:30,0.966667,0.079211,0.347477,0.730758,0.935413,0.454503,CNN_ASCON_NoFOG,CNN,ASCON,NoFOG,6,C:\Users\VivoBook\Downloads\microproyecto2\microproyecto 2 porque wtf\src\hfl_v7-CNN\Results\#6,global_weights_history_6.csv,global_round,2026-04-22 14:23:30,model.global_round,8,aggregate,server,,59.0,0.00453899999999996,0.004977000000000009,0.0078990000000001,0.007961999999999969,0.02537700000000004
9,14:24:29,0.966667,0.102865,0.352758,0.729895,0.942114,0.463219,CNN_ASCON_NoFOG,CNN,ASCON,NoFOG,6,C:\Users\VivoBook\Downloads\microproyecto2\microproyecto 2 porque wtf\src\hfl_v7-CNN\Results\#6,global_weights_history_6.csv,global_round,2026-04-22 14:24:29,model.global_round,9,aggregate,server,,59.0,0.005281000000000036,0.0008630000000000582,0.006700999999999957,0.008716000000000002,0.021561000000000052
10,14:25:28,0.916667,0.150482,0.356225,0.734931,0.947655,0.471546,CNN_ASCON_NoFOG,CNN,ASCON,NoFOG,6,C:\Users\VivoBook\Downloads\microproyecto2\microproyecto 2 porque wtf\src\hfl_v7-CNN\Results\#6,global_weights_history_6.csv,global_round,2026-04-22 14:25:28,model.global_round,10,aggregate,server,,59.0,0.003466999999999998,0.0050360000000000404,0.005541000000000018,0.008327000000000029,0.022371000000000085
11,14:26:27,0.933333,0.242119,0.358176,0.725193,0.951935,0.475753,CNN_ASCON_NoFOG,CNN,ASCON,NoFOG,6,C:\Users\VivoBook\Downloads\microproyecto2\microproyecto 2 porque wtf\src\hfl_v7-CNN\Results\#6,global_weights_history_6.csv,global_round,2026-04-22 14:26:27,model.global_round,11,aggregate,server,,59.0,0.0019509999999999805,0.009738000000000024,0.0042799999999999505,0.004206999999999961,0.020175999999999916
12,14:27:27,0.966667,0.139013,0.35854,0.709263,0.955445,0.472461,CNN_ASCON_NoFOG,CNN,ASCON,NoFOG,6,C:\Users\VivoBook\Downloads\microproyecto2\microproyecto 2 porque wtf\src\hfl_v7-CNN\Results\#6,global_weights_history_6.csv,global_round,2026-04-22 14:27:27,model.global_round,12,aggregate,server,,60.0,0.00036400000000003097,0.01593,0.003510000000000013,0.0032919999999999616,0.023096000000000005
13,14:28:35,0.966667,0.188177,0.363351,0.695199,0.961677,0.48963,CNN_ASCON_NoFOG,CNN,ASCON,NoFOG,6,C:\Users\VivoBook\Downloads\microproyecto2\microproyecto 2 porque wtf\src\hfl_v7-CNN\Results\#6,global_weights_history_6.csv,global_round,2026-04-22 14:28:35,model.global_round,13,aggregate,server,,68.0,0.004810999999999954,0.014063999999999965,0.006232000000000015,0.01716899999999999,0.042275999999999925
14,14:29:34,0.933333,0.176648,0.367361,0.68605,0.961149,0.499972,CNN_ASCON_NoFOG,CNN,ASCON,NoFOG,6,C:\Users\VivoBook\Downloads\microproyecto2\microproyecto 2 porque wtf\src\hfl_v7-CNN\Results\#6,global_weights_history_6.csv,global_round,2026-04-22 14:29:34,model.global_round,14,aggregate,server,,59.0,0.0040100000000000136,0.009148999999999963,0.0005279999999999729,0.010342000000000018,0.024028999999999967
15,14:30:33,0.95,0.123563,0.371264,0.697284,0.964864,0.508803,CNN_ASCON_NoFOG,CNN,ASCON,NoFOG,6,C:\Users\VivoBook\Downloads\microproyecto2\microproyecto 2 porque wtf\src\hfl_v7-CNN\Results\#6,global_weights_history_6.csv,global_round,2026-04-22 14:30:33,model.global_round,15,aggregate,server,,59.0,0.00390299999999999,0.011233999999999966,0.003715000000000024,0.008830999999999978,0.027682999999999958
16,14:31:31,0.966667,0.105877,0.374822,0.709444,0.969649,0.513263,CNN_ASCON_NoFOG,CNN,ASCON,NoFOG,6,C:\Users\VivoBook\Downloads\microproyecto2\microproyecto 2 porque wtf\src\hfl_v7-CNN\Results\#6,global_weights_history_6.csv,global_round,2026-04-22 14:31:31,model.global_round,16,aggregate,server,,58.0,0.0035580000000000056,0.012159999999999949,0.004784999999999928,0.0044600000000000195,0.024962999999999902
17,14:32:30,0.95,0.188309,0.378227,0.711675,0.971493,0.521039,CNN_ASCON_NoFOG,CNN,ASCON,NoFOG,6,C:\Users\VivoBook\Downloads\microproyecto2\microproyecto 2 porque wtf\src\hfl_v7-CNN\Results\#6,global_weights_history_6.csv,global_round,2026-04-22 14:32:30,model.global_round,17,aggregate,server,,59.0,0.0034049999999999914,0.002230999999999983,0.0018440000000000678,0.007776000000000005,0.015256000000000047
18,14:33:33,0.933333,0.165833,0.381499,0.705243,0.976757,0.526482,CNN_ASCON_NoFOG,CNN,ASCON,NoFOG,6,C:\Users\VivoBook\Downloads\microproyecto2\microproyecto 2 porque wtf\src\hfl_v7-CNN\Results\#6,global_weights_history_6.csv,global_round,2026-04-22 14:33:33,model.global_round,18,aggregate,server,,63.0,0.003271999999999997,0.006431999999999993,0.005263999999999935,0.005442999999999976,0.0204109999999999
19,14:34:32,0.933333,0.144881,0.384062,0.71403,0.980122,0.528584,CNN_ASCON_NoFOG,CNN,ASCON,NoFOG,6,C:\Users\VivoBook\Downloads\microproyecto2\microproyecto 2 porque wtf\src\hfl_v7-CNN\Results\#6,global_weights_history_6.csv,global_round,2026-04-22 14:34:32,model.global_round,19,aggregate,server,,59.0,0.0025630000000000375,0.0087870000000001,0.0033650000000000624,0.0021020000000000483,0.01681700000000025
20,14:35:31,0.883333,0.288282,0.38324,0.712098,0.977222,0.534201,CNN_ASCON_NoFOG,CNN,ASCON,NoFOG,6,C:\Users\VivoBook\Downloads\microproyecto2\microproyecto 2 porque wtf\src\hfl_v7-CNN\Results\#6,global_weights_history_6.csv,global_round,2026-04-22 14:35:31,model.global_round,20,aggregate,server,,59.0,0.0008219999999999894,0.0019320000000000448,0.0029000000000000137,0.005616999999999983,0.011271000000000031
1,14:38:36,0.883333,0.32279,0.327725,0.656502,0.876344,0.438695,CNN_ASCON_NoFOG,CNN,ASCON,NoFOG,7,C:\Users\VivoBook\Downloads\microproyecto2\microproyecto 2 porque wtf\src\hfl_v7-CNN\Results\#7,global_weights_history_7.csv,global_round,2026-04-22 14:38:36,model.global_round,1,aggregate,server,,,,,,,0.0
2,14:39:29,0.75,0.482662,0.331555,0.655623,0.885155,0.445547,CNN_ASCON_NoFOG,CNN,ASCON,NoFOG,7,C:\Users\VivoBook\Downloads\microproyecto2\microproyecto 2 porque wtf\src\hfl_v7-CNN\Results\#7,global_weights_history_7.csv,global_round,2026-04-22 14:39:29,model.global_round,2,aggregate,server,,53.0,0.00383,0.0008790000000000742,0.008811000000000013,0.006852000000000025,0.020372000000000112
3,14:40:28,0.8,0.484568,0.334823,0.649956,0.893944,0.453763,CNN_ASCON_NoFOG,CNN,ASCON,NoFOG,7,C:\Users\VivoBook\Downloads\microproyecto2\microproyecto 2 porque wtf\src\hfl_v7-CNN\Results\#7,global_weights_history_7.csv,global_round,2026-04-22 14:40:28,model.global_round,3,aggregate,server,,59.0,0.003267999999999993,0.005666999999999978,0.008788999999999936,0.008216000000000001,0.025939999999999908
4,14:41:26,0.8,0.419767,0.33848,0.645972,0.904386,0.458748,CNN_ASCON_NoFOG,CNN,ASCON,NoFOG,7,C:\Users\VivoBook\Downloads\microproyecto2\microproyecto 2 porque wtf\src\hfl_v7-CNN\Results\#7,global_weights_history_7.csv,global_round,2026-04-22 14:41:26,model.global_round,4,aggregate,server,,58.0,0.0036570000000000213,0.0039839999999999876,0.010442000000000062,0.004984999999999962,0.023068000000000033
5,14:42:25,0.9,0.293691,0.343346,0.658306,0.912365,0.455803,CNN_ASCON_NoFOG,CNN,ASCON,NoFOG,7,C:\Users\VivoBook\Downloads\microproyecto2\microproyecto 2 porque wtf\src\hfl_v7-CNN\Results\#7,global_weights_history_7.csv,global_round,2026-04-22 14:42:25,model.global_round,5,aggregate,server,,59.0,0.0048659999999999815,0.012333999999999956,0.007978999999999958,0.0029449999999999754,0.02812399999999987
6,14:43:23,0.833333,0.320707,0.348121,0.657868,0.921331,0.464045,CNN_ASCON_NoFOG,CNN,ASCON,NoFOG,7,C:\Users\VivoBook\Downloads\microproyecto2\microproyecto 2 porque wtf\src\hfl_v7-CNN\Results\#7,global_weights_history_7.csv,global_round,2026-04-22 14:43:23,model.global_round,6,aggregate,server,,58.0,0.004775000000000029,0.00043799999999993844,0.00896600000000003,0.008241999999999972,0.02242099999999997
7,14:44:25,0.916667,0.242132,0.351097,0.669361,0.929299,0.472932,CNN_ASCON_NoFOG,CNN,ASCON,NoFOG,7,C:\Users\VivoBook\Downloads\microproyecto2\microproyecto 2 porque wtf\src\hfl_v7-CNN\Results\#7,global_weights_history_7.csv,global_round,2026-04-22 14:44:25,model.global_round,7,aggregate,server,,62.0,0.0029759999999999787,0.011492999999999975,0.007967999999999975,0.008887000000000034,0.03132399999999996
8,14:45:24,0.883333,0.301887,0.353358,0.672214,0.932316,0.468025,CNN_ASCON_NoFOG,CNN,ASCON,NoFOG,7,C:\Users\VivoBook\Downloads\microproyecto2\microproyecto 2 porque wtf\src\hfl_v7-CNN\Results\#7,global_weights_history_7.csv,global_round,2026-04-22 14:45:24,model.global_round,8,aggregate,server,,59.0,0.002261000000000013,0.0028529999999999944,0.0030170000000000474,0.004906999999999995,0.01303800000000005
9,14:46:22,0.916667,0.256059,0.353345,0.656834,0.934269,0.484288,CNN_ASCON_NoFOG,CNN,ASCON,NoFOG,7,C:\Users\VivoBook\Downloads\microproyecto2\microproyecto 2 porque wtf\src\hfl_v7-CNN\Results\#7,global_weights_history_7.csv,global_round,2026-04-22 14:46:22,model.global_round,9,aggregate,server,,58.0,1.2999999999985246e-05,0.01537999999999995,0.0019529999999999825,0.016262999999999972,0.03360899999999989
10,14:47:21,0.883333,0.236086,0.355588,0.665012,0.937299,0.482403,CNN_ASCON_NoFOG,CNN,ASCON,NoFOG,7,C:\Users\VivoBook\Downloads\microproyecto2\microproyecto 2 porque wtf\src\hfl_v7-CNN\Results\#7,global_weights_history_7.csv,global_round,2026-04-22 14:47:21,model.global_round,10,aggregate,server,,59.0,0.002242999999999995,0.008178000000000019,0.003029999999999977,0.00188499999999997,0.01533599999999996
11,14:48:21,0.95,0.197282,0.35526,0.667053,0.934386,0.491914,CNN_ASCON_NoFOG,CNN,ASCON,NoFOG,7,C:\Users\VivoBook\Downloads\microproyecto2\microproyecto 2 porque wtf\src\hfl_v7-CNN\Results\#7,global_weights_history_7.csv,global_round,2026-04-22 14:48:21,model.global_round,11,aggregate,server,,60.0,0.00032799999999999496,0.0020409999999999595,0.0029129999999999434,0.009510999999999992,0.01479299999999989
12,14:49:20,0.933333,0.13732,0.357814,0.680534,0.93437,0.502453,CNN_ASCON_NoFOG,CNN,ASCON,NoFOG,7,C:\Users\VivoBook\Downloads\microproyecto2\microproyecto 2 porque wtf\src\hfl_v7-CNN\Results\#7,global_weights_history_7.csv,global_round,2026-04-22 14:49:20,model.global_round,12,aggregate,server,,59.0,0.0025540000000000007,0.013480999999999965,1.6000000000016e-05,0.01053900000000002,0.026590000000000003
13,14:50:20,0.933333,0.165133,0.35796,0.686178,0.938159,0.50584,CNN_ASCON_NoFOG,CNN,ASCON,NoFOG,7,C:\Users\VivoBook\Downloads\microproyecto2\microproyecto 2 porque wtf\src\hfl_v7-CNN\Results\#7,global_weights_history_7.csv,global_round,2026-04-22 14:50:20,model.global_round,13,aggregate,server,,60.0,0.00014599999999997948,0.005643999999999982,0.0037889999999999313,0.003386999999999918,0.012965999999999811
14,14:51:19,0.916667,0.202366,0.359808,0.686812,0.94135,0.506129,CNN_ASCON_NoFOG,CNN,ASCON,NoFOG,7,C:\Users\VivoBook\Downloads\microproyecto2\microproyecto 2 porque wtf\src\hfl_v7-CNN\Results\#7,global_weights_history_7.csv,global_round,2026-04-22 14:51:19,model.global_round,14,aggregate,server,,59.0,0.0018480000000000163,0.0006340000000000234,0.003191000000000055,0.00028900000000009474,0.005962000000000189
15,14:52:18,0.866667,0.260998,0.362625,0.689791,0.944333,0.510629,CNN_ASCON_NoFOG,CNN,ASCON,NoFOG,7,C:\Users\VivoBook\Downloads\microproyecto2\microproyecto 2 porque wtf\src\hfl_v7-CNN\Results\#7,global_weights_history_7.csv,global_round,2026-04-22 14:52:18,model.global_round,15,aggregate,server,,59.0,0.0028169999999999584,0.002979000000000065,0.002982999999999958,0.0044999999999999485,0.01327899999999993
16,14:53:16,0.9,0.203011,0.363761,0.689345,0.946113,0.518566,CNN_ASCON_NoFOG,CNN,ASCON,NoFOG,7,C:\Users\VivoBook\Downloads\microproyecto2\microproyecto 2 porque wtf\src\hfl_v7-CNN\Results\#7,global_weights_history_7.csv,global_round,2026-04-22 14:53:16,model.global_round,16,aggregate,server,,58.0,0.0011360000000000259,0.00044600000000005746,0.0017800000000000038,0.007936999999999972,0.011299000000000059
17,14:54:14,0.933333,0.163695,0.365988,0.690816,0.947651,0.524614,CNN_ASCON_NoFOG,CNN,ASCON,NoFOG,7,C:\Users\VivoBook\Downloads\microproyecto2\microproyecto 2 porque wtf\src\hfl_v7-CNN\Results\#7,global_weights_history_7.csv,global_round,2026-04-22 14:54:14,model.global_round,17,aggregate,server,,58.0,0.002226999999999979,0.001471,0.0015380000000000393,0.006048000000000053,0.011284000000000072
18,14:55:13,0.933333,0.161022,0.365949,0.692975,0.947701,0.528017,CNN_ASCON_NoFOG,CNN,ASCON,NoFOG,7,C:\Users\VivoBook\Downloads\microproyecto2\microproyecto 2 porque wtf\src\hfl_v7-CNN\Results\#7,global_weights_history_7.csv,global_round,2026-04-22 14:55:13,model.global_round,18,aggregate,server,,59.0,3.899999999995574e-05,0.002159000000000022,4.999999999999449e-05,0.003402999999999934,0.005650999999999906
19,14:56:12,0.916667,0.187685,0.366894,0.699146,0.950597,0.52413,CNN_ASCON_NoFOG,CNN,ASCON,NoFOG,7,C:\Users\VivoBook\Downloads\microproyecto2\microproyecto 2 porque wtf\src\hfl_v7-CNN\Results\#7,global_weights_history_7.csv,global_round,2026-04-22 14:56:12,model.global_round,19,aggregate,server,,59.0,0.0009449999999999736,0.006171000000000038,0.0028960000000000097,0.003886999999999974,0.013898999999999995
20,14:57:11,0.966667,0.118696,0.3678,0.698187,0.954874,0.524628,CNN_ASCON_NoFOG,CNN,ASCON,NoFOG,7,C:\Users\VivoBook\Downloads\microproyecto2\microproyecto 2 porque wtf\src\hfl_v7-CNN\Results\#7,global_weights_history_7.csv,global_round,2026-04-22 14:57:11,model.global_round,20,aggregate,server,,59.0,0.0009060000000000179,0.0009590000000000432,0.004276999999999975,0.0004979999999999984,0.006640000000000035
1,14:59:51,0.716667,0.596609,0.322573,0.630971,0.870132,0.458768,CNN_ASCON_NoFOG,CNN,ASCON,NoFOG,8,C:\Users\VivoBook\Downloads\microproyecto2\microproyecto 2 porque wtf\src\hfl_v7-CNN\Results\#8,global_weights_history_8.csv,global_round,2026-04-22 14:59:51,model.global_round,1,aggregate,server,,,,,,,0.0
2,15:00:44,0.75,0.554596,0.330153,0.629665,0.889629,0.453581,CNN_ASCON_NoFOG,CNN,ASCON,NoFOG,8,C:\Users\VivoBook\Downloads\microproyecto2\microproyecto 2 porque wtf\src\hfl_v7-CNN\Results\#8,global_weights_history_8.csv,global_round,2026-04-22 15:00:44,model.global_round,2,aggregate,server,,53.0,0.007579999999999976,0.0013059999999999183,0.019496999999999987,0.005186999999999997,0.03356999999999988
3,15:01:42,0.816667,0.41064,0.336618,0.62936,0.906052,0.456269,CNN_ASCON_NoFOG,CNN,ASCON,NoFOG,8,C:\Users\VivoBook\Downloads\microproyecto2\microproyecto 2 porque wtf\src\hfl_v7-CNN\Results\#8,global_weights_history_8.csv,global_round,2026-04-22 15:01:42,model.global_round,3,aggregate,server,,58.0,0.0064649999999999985,0.0003049999999999997,0.016422999999999965,0.002687999999999968,0.025880999999999932
4,15:02:41,0.916667,0.306469,0.341817,0.63958,0.918236,0.472971,CNN_ASCON_NoFOG,CNN,ASCON,NoFOG,8,C:\Users\VivoBook\Downloads\microproyecto2\microproyecto 2 porque wtf\src\hfl_v7-CNN\Results\#8,global_weights_history_8.csv,global_round,2026-04-22 15:02:41,model.global_round,4,aggregate,server,,59.0,0.005199000000000009,0.010220000000000007,0.012184000000000084,0.016701999999999995,0.044305000000000094
5,15:03:40,0.866667,0.32952,0.346921,0.652489,0.930172,0.472473,CNN_ASCON_NoFOG,CNN,ASCON,NoFOG,8,C:\Users\VivoBook\Downloads\microproyecto2\microproyecto 2 porque wtf\src\hfl_v7-CNN\Results\#8,global_weights_history_8.csv,global_round,2026-04-22 15:03:40,model.global_round,5,aggregate,server,,59.0,0.005103999999999997,0.012908999999999948,0.011935999999999947,0.0004979999999999984,0.03044699999999989
6,15:04:38,0.733333,0.451074,0.349901,0.639871,0.940863,0.479181,CNN_ASCON_NoFOG,CNN,ASCON,NoFOG,8,C:\Users\VivoBook\Downloads\microproyecto2\microproyecto 2 porque wtf\src\hfl_v7-CNN\Results\#8,global_weights_history_8.csv,global_round,2026-04-22 15:04:38,model.global_round,6,aggregate,server,,58.0,0.002980000000000038,0.012618000000000018,0.010691000000000006,0.006708000000000047,0.03299700000000011
7,15:05:36,0.833333,0.308003,0.351852,0.640477,0.946314,0.476391,CNN_ASCON_NoFOG,CNN,ASCON,NoFOG,8,C:\Users\VivoBook\Downloads\microproyecto2\microproyecto 2 porque wtf\src\hfl_v7-CNN\Results\#8,global_weights_history_8.csv,global_round,2026-04-22 15:05:36,model.global_round,7,aggregate,server,,58.0,0.0019509999999999805,0.0006059999999999954,0.005450999999999984,0.0027900000000000147,0.010797999999999974
8,15:06:35,0.883333,0.315552,0.354071,0.634382,0.947884,0.482371,CNN_ASCON_NoFOG,CNN,ASCON,NoFOG,8,C:\Users\VivoBook\Downloads\microproyecto2\microproyecto 2 porque wtf\src\hfl_v7-CNN\Results\#8,global_weights_history_8.csv,global_round,2026-04-22 15:06:35,model.global_round,8,aggregate,server,,59.0,0.0022190000000000265,0.0060949999999999616,0.0015699999999999603,0.005979999999999985,0.015863999999999934
9,15:07:33,0.883333,0.301356,0.356173,0.63226,0.949454,0.490834,CNN_ASCON_NoFOG,CNN,ASCON,NoFOG,8,C:\Users\VivoBook\Downloads\microproyecto2\microproyecto 2 porque wtf\src\hfl_v7-CNN\Results\#8,global_weights_history_8.csv,global_round,2026-04-22 15:07:33,model.global_round,9,aggregate,server,,58.0,0.0021019999999999928,0.0021219999999999573,0.0015700000000000713,0.008462999999999998,0.01425700000000002
10,15:08:32,0.8,0.447084,0.357419,0.637323,0.949305,0.499241,CNN_ASCON_NoFOG,CNN,ASCON,NoFOG,8,C:\Users\VivoBook\Downloads\microproyecto2\microproyecto 2 porque wtf\src\hfl_v7-CNN\Results\#8,global_weights_history_8.csv,global_round,2026-04-22 15:08:32,model.global_round,10,aggregate,server,,59.0,0.0012459999999999694,0.005062999999999929,0.00014900000000006575,0.008406999999999998,0.014864999999999962
11,15:09:32,0.95,0.21605,0.357937,0.644913,0.952617,0.496242,CNN_ASCON_NoFOG,CNN,ASCON,NoFOG,8,C:\Users\VivoBook\Downloads\microproyecto2\microproyecto 2 porque wtf\src\hfl_v7-CNN\Results\#8,global_weights_history_8.csv,global_round,2026-04-22 15:09:32,model.global_round,11,aggregate,server,,60.0,0.0005180000000000184,0.007589999999999986,0.0033120000000000926,0.002998999999999974,0.01441900000000007
12,15:10:31,0.866667,0.262349,0.359664,0.642965,0.956793,0.5031,CNN_ASCON_NoFOG,CNN,ASCON,NoFOG,8,C:\Users\VivoBook\Downloads\microproyecto2\microproyecto 2 porque wtf\src\hfl_v7-CNN\Results\#8,global_weights_history_8.csv,global_round,2026-04-22 15:10:31,model.global_round,12,aggregate,server,,59.0,0.0017269999999999786,0.0019479999999999498,0.0041759999999999575,0.006857999999999975,0.014708999999999861
13,15:11:29,0.933333,0.130251,0.362606,0.652313,0.96198,0.505272,CNN_ASCON_NoFOG,CNN,ASCON,NoFOG,8,C:\Users\VivoBook\Downloads\microproyecto2\microproyecto 2 porque wtf\src\hfl_v7-CNN\Results\#8,global_weights_history_8.csv,global_round,2026-04-22 15:11:29,model.global_round,13,aggregate,server,,58.0,0.002942,0.009348000000000023,0.005186999999999942,0.0021720000000000628,0.019649000000000028
14,15:12:27,1.0,0.05204,0.365717,0.659942,0.96738,0.515624,CNN_ASCON_NoFOG,CNN,ASCON,NoFOG,8,C:\Users\VivoBook\Downloads\microproyecto2\microproyecto 2 porque wtf\src\hfl_v7-CNN\Results\#8,global_weights_history_8.csv,global_round,2026-04-22 15:12:27,model.global_round,14,aggregate,server,,58.0,0.0031110000000000304,0.007628999999999997,0.005400000000000071,0.010351999999999917,0.026492000000000016
15,15:13:26,0.866667,0.279331,0.367548,0.664663,0.972553,0.518613,CNN_ASCON_NoFOG,CNN,ASCON,NoFOG,8,C:\Users\VivoBook\Downloads\microproyecto2\microproyecto 2 porque wtf\src\hfl_v7-CNN\Results\#8,global_weights_history_8.csv,global_round,2026-04-22 15:13:26,model.global_round,15,aggregate,server,,59.0,0.0018309999999999715,0.004720999999999975,0.005172999999999983,0.0029890000000000194,0.01471399999999995
16,15:14:25,0.95,0.152457,0.368407,0.662353,0.974283,0.522673,CNN_ASCON_NoFOG,CNN,ASCON,NoFOG,8,C:\Users\VivoBook\Downloads\microproyecto2\microproyecto 2 porque wtf\src\hfl_v7-CNN\Results\#8,global_weights_history_8.csv,global_round,2026-04-22 15:14:25,model.global_round,16,aggregate,server,,59.0,0.0008589999999999987,0.0023100000000000342,0.0017300000000000093,0.0040600000000000636,0.008959000000000106
17,15:15:23,0.966667,0.141447,0.368744,0.656134,0.977534,0.53065,CNN_ASCON_NoFOG,CNN,ASCON,NoFOG,8,C:\Users\VivoBook\Downloads\microproyecto2\microproyecto 2 porque wtf\src\hfl_v7-CNN\Results\#8,global_weights_history_8.csv,global_round,2026-04-22 15:15:23,model.global_round,17,aggregate,server,,58.0,0.0003370000000000317,0.0062189999999999745,0.003251000000000004,0.0079769999999999,0.01778399999999991
18,15:16:22,0.9,0.226095,0.369151,0.65747,0.980668,0.521745,CNN_ASCON_NoFOG,CNN,ASCON,NoFOG,8,C:\Users\VivoBook\Downloads\microproyecto2\microproyecto 2 porque wtf\src\hfl_v7-CNN\Results\#8,global_weights_history_8.csv,global_round,2026-04-22 15:16:22,model.global_round,18,aggregate,server,,59.0,0.0004069999999999907,0.0013360000000000039,0.00313399999999997,0.00890499999999994,0.013781999999999905
19,15:17:24,0.933333,0.18083,0.36973,0.655454,0.983633,0.524204,CNN_ASCON_NoFOG,CNN,ASCON,NoFOG,8,C:\Users\VivoBook\Downloads\microproyecto2\microproyecto 2 porque wtf\src\hfl_v7-CNN\Results\#8,global_weights_history_8.csv,global_round,2026-04-22 15:17:24,model.global_round,19,aggregate,server,,62.0,0.0005789999999999962,0.0020160000000000178,0.0029649999999999954,0.002458999999999989,0.008018999999999998
20,15:18:23,0.933333,0.147536,0.37003,0.653024,0.985898,0.526369,CNN_ASCON_NoFOG,CNN,ASCON,NoFOG,8,C:\Users\VivoBook\Downloads\microproyecto2\microproyecto 2 porque wtf\src\hfl_v7-CNN\Results\#8,global_weights_history_8.csv,global_round,2026-04-22 15:18:23,model.global_round,20,aggregate,server,,59.0,0.00030000000000002247,0.002429999999999932,0.0022650000000000725,0.0021649999999999725,0.00716
1,21:46:08,1.0,0.71673,0.171249,0.397567,0.292709,0.18399,CNN_PLAIN_FOG,CNN,PLAIN,FOG,2,C:\Users\VivoBook\Downloads\microproyecto2\microproyecto 2 porque wtf\src\hfl_v7-no-ascon-CNN\Results_FOG\#2,global_weights_history_3.csv,global_round,2026-04-27 21:46:08,model.global_round,1,aggregate,server,60.0,,,,,,0.0
2,21:46:51,1.0,0.345879,0.185434,0.460849,0.285537,0.18441,CNN_PLAIN_FOG,CNN,PLAIN,FOG,2,C:\Users\VivoBook\Downloads\microproyecto2\microproyecto 2 porque wtf\src\hfl_v7-no-ascon-CNN\Results_FOG\#2,global_weights_history_3.csv,global_round,2026-04-27 21:46:51,model.global_round,2,aggregate,server,60.0,43.0,0.014184999999999975,0.063282,0.007172000000000012,0.0004200000000000037,0.085059
3,21:47:41,1.0,0.056204,0.206465,0.520588,0.286912,0.217458,CNN_PLAIN_FOG,CNN,PLAIN,FOG,2,C:\Users\VivoBook\Downloads\microproyecto2\microproyecto 2 porque wtf\src\hfl_v7-no-ascon-CNN\Results_FOG\#2,global_weights_history_3.csv,global_round,2026-04-27 21:47:41,model.global_round,3,aggregate,server,60.0,50.0,0.021031000000000022,0.05973900000000004,0.001375000000000015,0.03304800000000002,0.1151930000000001
4,21:51:40,0.85,0.490737,0.203052,0.49544,0.286195,0.212083,CNN_PLAIN_FOG,CNN,PLAIN,FOG,2,C:\Users\VivoBook\Downloads\microproyecto2\microproyecto 2 porque wtf\src\hfl_v7-no-ascon-CNN\Results_FOG\#2,global_weights_history_3.csv,global_round,2026-04-27 21:51:40,model.global_round,4,aggregate,server,60.0,239.0,0.0034129999999999994,0.02514800000000006,0.0007170000000000232,0.005375000000000019,0.0346530000000001
5,21:52:31,0.783333,0.597727,0.195543,0.457446,0.298315,0.211329,CNN_PLAIN_FOG,CNN,PLAIN,FOG,2,C:\Users\VivoBook\Downloads\microproyecto2\microproyecto 2 porque wtf\src\hfl_v7-no-ascon-CNN\Results_FOG\#2,global_weights_history_3.csv,global_round,2026-04-27 21:52:31,model.global_round,5,aggregate,server,60.0,51.0,0.007509000000000016,0.03799399999999997,0.01212000000000002,0.0007540000000000047,0.05837700000000001
6,21:53:21,0.9,0.352813,0.199965,0.464336,0.317383,0.233295,CNN_PLAIN_FOG,CNN,PLAIN,FOG,2,C:\Users\VivoBook\Downloads\microproyecto2\microproyecto 2 porque wtf\src\hfl_v7-no-ascon-CNN\Results_FOG\#2,global_weights_history_3.csv,global_round,2026-04-27 21:53:21,model.global_round,6,aggregate,server,60.0,50.0,0.004422000000000009,0.006890000000000007,0.01906800000000003,0.021966000000000013,0.05234600000000006
7,21:54:11,0.916667,0.302124,0.207389,0.481432,0.336624,0.249845,CNN_PLAIN_FOG,CNN,PLAIN,FOG,2,C:\Users\VivoBook\Downloads\microproyecto2\microproyecto 2 porque wtf\src\hfl_v7-no-ascon-CNN\Results_FOG\#2,global_weights_history_3.csv,global_round,2026-04-27 21:54:11,model.global_round,7,aggregate,server,60.0,50.0,0.007423999999999986,0.017096,0.019240999999999953,0.01655000000000001,0.06031099999999995
8,21:55:01,0.883333,0.350867,0.213785,0.485873,0.349823,0.270292,CNN_PLAIN_FOG,CNN,PLAIN,FOG,2,C:\Users\VivoBook\Downloads\microproyecto2\microproyecto 2 porque wtf\src\hfl_v7-no-ascon-CNN\Results_FOG\#2,global_weights_history_3.csv,global_round,2026-04-27 21:55:01,model.global_round,8,aggregate,server,60.0,50.0,0.006396000000000013,0.004440999999999973,0.013199000000000016,0.020446999999999965,0.04448299999999997
9,21:55:50,0.883333,0.332973,0.219831,0.491296,0.365371,0.291328,CNN_PLAIN_FOG,CNN,PLAIN,FOG,2,C:\Users\VivoBook\Downloads\microproyecto2\microproyecto 2 porque wtf\src\hfl_v7-no-ascon-CNN\Results_FOG\#2,global_weights_history_3.csv,global_round,2026-04-27 21:55:50,model.global_round,9,aggregate,server,60.0,49.0,0.006045999999999996,0.005423000000000011,0.015548000000000006,0.021036,0.04805300000000001
10,21:56:41,0.883333,0.341152,0.227216,0.498367,0.384222,0.312186,CNN_PLAIN_FOG,CNN,PLAIN,FOG,2,C:\Users\VivoBook\Downloads\microproyecto2\microproyecto 2 porque wtf\src\hfl_v7-no-ascon-CNN\Results_FOG\#2,global_weights_history_3.csv,global_round,2026-04-27 21:56:41,model.global_round,10,aggregate,server,60.0,51.0,0.007385000000000003,0.007070999999999994,0.018851000000000007,0.020858000000000043,0.054165000000000046
11,21:57:31,0.75,0.418025,0.23203,0.487991,0.396355,0.344077,CNN_PLAIN_FOG,CNN,PLAIN,FOG,2,C:\Users\VivoBook\Downloads\microproyecto2\microproyecto 2 porque wtf\src\hfl_v7-no-ascon-CNN\Results_FOG\#2,global_weights_history_3.csv,global_round,2026-04-27 21:57:31,model.global_round,11,aggregate,server,60.0,50.0,0.004813999999999985,0.010375999999999996,0.012133000000000005,0.031891,0.05921399999999999
12,21:58:21,0.9,0.228112,0.239525,0.503278,0.416519,0.358137,CNN_PLAIN_FOG,CNN,PLAIN,FOG,2,C:\Users\VivoBook\Downloads\microproyecto2\microproyecto 2 porque wtf\src\hfl_v7-no-ascon-CNN\Results_FOG\#2,global_weights_history_3.csv,global_round,2026-04-27 21:58:21,model.global_round,12,aggregate,server,60.0,50.0,0.007495000000000002,0.015286999999999995,0.02016399999999996,0.014059999999999961,0.05700599999999992
13,21:59:11,0.866667,0.268154,0.243542,0.499846,0.428163,0.38313,CNN_PLAIN_FOG,CNN,PLAIN,FOG,2,C:\Users\VivoBook\Downloads\microproyecto2\microproyecto 2 porque wtf\src\hfl_v7-no-ascon-CNN\Results_FOG\#2,global_weights_history_3.csv,global_round,2026-04-27 21:59:11,model.global_round,13,aggregate,server,60.0,50.0,0.0040170000000000206,0.0034319999999999906,0.011644000000000043,0.024993000000000043,0.0440860000000001
14,22:00:01,0.933333,0.139245,0.248884,0.509316,0.440399,0.400103,CNN_PLAIN_FOG,CNN,PLAIN,FOG,2,C:\Users\VivoBook\Downloads\microproyecto2\microproyecto 2 porque wtf\src\hfl_v7-no-ascon-CNN\Results_FOG\#2,global_weights_history_3.csv,global_round,2026-04-27 22:00:01,model.global_round,14,aggregate,server,60.0,50.0,0.005341999999999986,0.009469999999999978,0.012235999999999969,0.01697299999999996,0.044020999999999894
15,22:00:51,0.95,0.156583,0.252237,0.517609,0.453262,0.411539,CNN_PLAIN_FOG,CNN,PLAIN,FOG,2,C:\Users\VivoBook\Downloads\microproyecto2\microproyecto 2 porque wtf\src\hfl_v7-no-ascon-CNN\Results_FOG\#2,global_weights_history_3.csv,global_round,2026-04-27 22:00:51,model.global_round,15,aggregate,server,60.0,50.0,0.003352999999999995,0.008292999999999995,0.012863000000000013,0.011436000000000002,0.035945000000000005
16,22:01:41,0.883333,0.182881,0.253374,0.506072,0.456956,0.429345,CNN_PLAIN_FOG,CNN,PLAIN,FOG,2,C:\Users\VivoBook\Downloads\microproyecto2\microproyecto 2 porque wtf\src\hfl_v7-no-ascon-CNN\Results_FOG\#2,global_weights_history_3.csv,global_round,2026-04-27 22:01:41,model.global_round,16,aggregate,server,60.0,50.0,0.0011369999999999991,0.01153700000000002,0.003693999999999975,0.01780599999999999,0.03417399999999998
17,22:02:31,0.9,0.136429,0.255624,0.506419,0.467696,0.447871,CNN_PLAIN_FOG,CNN,PLAIN,FOG,2,C:\Users\VivoBook\Downloads\microproyecto2\microproyecto 2 porque wtf\src\hfl_v7-no-ascon-CNN\Results_FOG\#2,global_weights_history_3.csv,global_round,2026-04-27 22:02:31,model.global_round,17,aggregate,server,60.0,50.0,0.0022500000000000298,0.0003469999999999862,0.010740000000000027,0.018526000000000042,0.031863000000000086
18,22:03:21,0.916667,0.194724,0.258952,0.502782,0.479732,0.470973,CNN_PLAIN_FOG,CNN,PLAIN,FOG,2,C:\Users\VivoBook\Downloads\microproyecto2\microproyecto 2 porque wtf\src\hfl_v7-no-ascon-CNN\Results_FOG\#2,global_weights_history_3.csv,global_round,2026-04-27 22:03:21,model.global_round,18,aggregate,server,60.0,50.0,0.0033279999999999976,0.0036370000000000013,0.012035999999999991,0.023101999999999956,0.042102999999999946
19,22:04:11,0.95,0.144956,0.263279,0.509584,0.490817,0.484743,CNN_PLAIN_FOG,CNN,PLAIN,FOG,2,C:\Users\VivoBook\Downloads\microproyecto2\microproyecto 2 porque wtf\src\hfl_v7-no-ascon-CNN\Results_FOG\#2,global_weights_history_3.csv,global_round,2026-04-27 22:04:11,model.global_round,19,aggregate,server,60.0,50.0,0.00432699999999997,0.006802000000000086,0.011085000000000012,0.013770000000000004,0.03598400000000007
20,22:05:01,0.95,0.137464,0.267754,0.514538,0.500899,0.499642,CNN_PLAIN_FOG,CNN,PLAIN,FOG,2,C:\Users\VivoBook\Downloads\microproyecto2\microproyecto 2 porque wtf\src\hfl_v7-no-ascon-CNN\Results_FOG\#2,global_weights_history_3.csv,global_round,2026-04-27 22:05:01,model.global_round,20,aggregate,server,60.0,50.0,0.004475000000000007,0.004954000000000014,0.01008199999999998,0.014898999999999996,0.034409999999999996
1,21:20:01,1.0,0.577967,0.167989,0.214779,0.400194,0.303754,CNN_PLAIN_FOG,CNN,PLAIN,FOG,4,C:\Users\VivoBook\Downloads\microproyecto2\microproyecto 2 porque wtf\src\hfl_v7-no-ascon-CNN\Results_FOG\#4,global_weights_history_2.csv,global_round,2026-04-27 21:20:01,model.global_round,1,aggregate,server,60.0,,,,,,0.0
2,21:20:45,1.0,0.334988,0.187521,0.239362,0.432998,0.34318,CNN_PLAIN_FOG,CNN,PLAIN,FOG,4,C:\Users\VivoBook\Downloads\microproyecto2\microproyecto 2 porque wtf\src\hfl_v7-no-ascon-CNN\Results_FOG\#4,global_weights_history_2.csv,global_round,2026-04-27 21:20:45,model.global_round,2,aggregate,server,60.0,44.0,0.019531999999999994,0.024582999999999994,0.032804,0.03942599999999996,0.11634499999999995
3,21:21:35,1.0,0.049561,0.21033,0.276712,0.467447,0.378779,CNN_PLAIN_FOG,CNN,PLAIN,FOG,4,C:\Users\VivoBook\Downloads\microproyecto2\microproyecto 2 porque wtf\src\hfl_v7-no-ascon-CNN\Results_FOG\#4,global_weights_history_2.csv,global_round,2026-04-27 21:21:35,model.global_round,3,aggregate,server,60.0,50.0,0.022808999999999996,0.03735000000000002,0.03444900000000001,0.03559899999999999,0.13020700000000002
4,21:22:31,0.933333,0.175413,0.216372,0.285377,0.467273,0.390846,CNN_PLAIN_FOG,CNN,PLAIN,FOG,4,C:\Users\VivoBook\Downloads\microproyecto2\microproyecto 2 porque wtf\src\hfl_v7-no-ascon-CNN\Results_FOG\#4,global_weights_history_2.csv,global_round,2026-04-27 21:22:31,model.global_round,4,aggregate,server,60.0,56.0,0.00604200000000002,0.008664999999999978,0.00017400000000000748,0.01206700000000005,0.026948000000000055
5,21:23:21,0.9,0.339156,0.212256,0.275527,0.468924,0.390197,CNN_PLAIN_FOG,CNN,PLAIN,FOG,4,C:\Users\VivoBook\Downloads\microproyecto2\microproyecto 2 porque wtf\src\hfl_v7-no-ascon-CNN\Results_FOG\#4,global_weights_history_2.csv,global_round,2026-04-27 21:23:21,model.global_round,5,aggregate,server,60.0,50.0,0.0041160000000000085,0.00984999999999997,0.0016510000000000136,0.0006490000000000107,0.016266000000000003
6,21:24:11,0.916667,0.206295,0.212958,0.26671,0.477036,0.395241,CNN_PLAIN_FOG,CNN,PLAIN,FOG,4,C:\Users\VivoBook\Downloads\microproyecto2\microproyecto 2 porque wtf\src\hfl_v7-no-ascon-CNN\Results_FOG\#4,global_weights_history_2.csv,global_round,2026-04-27 21:24:11,model.global_round,6,aggregate,server,60.0,50.0,0.0007020000000000082,0.00881700000000002,0.008112000000000008,0.005043999999999993,0.02267500000000003
7,21:25:01,0.916667,0.231918,0.218017,0.267276,0.493192,0.405148,CNN_PLAIN_FOG,CNN,PLAIN,FOG,4,C:\Users\VivoBook\Downloads\microproyecto2\microproyecto 2 porque wtf\src\hfl_v7-no-ascon-CNN\Results_FOG\#4,global_weights_history_2.csv,global_round,2026-04-27 21:25:01,model.global_round,7,aggregate,server,60.0,50.0,0.00505899999999998,0.0005660000000000109,0.016156000000000004,0.009907,0.031687999999999994
8,21:25:51,0.916667,0.216054,0.223086,0.262635,0.509654,0.413584,CNN_PLAIN_FOG,CNN,PLAIN,FOG,4,C:\Users\VivoBook\Downloads\microproyecto2\microproyecto 2 porque wtf\src\hfl_v7-no-ascon-CNN\Results_FOG\#4,global_weights_history_2.csv,global_round,2026-04-27 21:25:51,model.global_round,8,aggregate,server,60.0,50.0,0.005069000000000018,0.004641000000000006,0.016462000000000032,0.008435999999999999,0.034608000000000055
9,21:26:41,0.916667,0.19496,0.226851,0.259632,0.530162,0.422726,CNN_PLAIN_FOG,CNN,PLAIN,FOG,4,C:\Users\VivoBook\Downloads\microproyecto2\microproyecto 2 porque wtf\src\hfl_v7-no-ascon-CNN\Results_FOG\#4,global_weights_history_2.csv,global_round,2026-04-27 21:26:41,model.global_round,9,aggregate,server,60.0,50.0,0.0037649999999999906,0.0030030000000000334,0.02050799999999997,0.009141999999999983,0.03641799999999998
10,21:27:31,0.966667,0.163158,0.234688,0.265929,0.554842,0.434668,CNN_PLAIN_FOG,CNN,PLAIN,FOG,4,C:\Users\VivoBook\Downloads\microproyecto2\microproyecto 2 porque wtf\src\hfl_v7-no-ascon-CNN\Results_FOG\#4,global_weights_history_2.csv,global_round,2026-04-27 21:27:31,model.global_round,10,aggregate,server,60.0,50.0,0.00783700000000001,0.0062970000000000526,0.024679999999999924,0.011942000000000008,0.050755999999999996
11,21:28:21,0.9,0.232163,0.237812,0.259478,0.576979,0.446795,CNN_PLAIN_FOG,CNN,PLAIN,FOG,4,C:\Users\VivoBook\Downloads\microproyecto2\microproyecto 2 porque wtf\src\hfl_v7-no-ascon-CNN\Results_FOG\#4,global_weights_history_2.csv,global_round,2026-04-27 21:28:21,model.global_round,11,aggregate,server,60.0,50.0,0.003123999999999988,0.00645100000000004,0.022137000000000073,0.012126999999999999,0.0438390000000001
12,21:29:11,0.983333,0.102288,0.246535,0.268641,0.591278,0.459017,CNN_PLAIN_FOG,CNN,PLAIN,FOG,4,C:\Users\VivoBook\Downloads\microproyecto2\microproyecto 2 porque wtf\src\hfl_v7-no-ascon-CNN\Results_FOG\#4,global_weights_history_2.csv,global_round,2026-04-27 21:29:11,model.global_round,12,aggregate,server,60.0,50.0,0.008723000000000009,0.009163000000000032,0.01429899999999995,0.01222200000000001,0.044407
13,21:30:01,0.916667,0.202048,0.250393,0.263804,0.601976,0.470424,CNN_PLAIN_FOG,CNN,PLAIN,FOG,4,C:\Users\VivoBook\Downloads\microproyecto2\microproyecto 2 porque wtf\src\hfl_v7-no-ascon-CNN\Results_FOG\#4,global_weights_history_2.csv,global_round,2026-04-27 21:30:01,model.global_round,13,aggregate,server,60.0,50.0,0.0038579999999999726,0.004837000000000036,0.010697999999999985,0.011407,0.030799999999999994
14,21:30:51,0.9,0.193581,0.254861,0.260639,0.614355,0.485363,CNN_PLAIN_FOG,CNN,PLAIN,FOG,4,C:\Users\VivoBook\Downloads\microproyecto2\microproyecto 2 porque wtf\src\hfl_v7-no-ascon-CNN\Results_FOG\#4,global_weights_history_2.csv,global_round,2026-04-27 21:30:51,model.global_round,14,aggregate,server,60.0,50.0,0.0044680000000000275,0.0031649999999999734,0.012379000000000029,0.01493899999999998,0.03495100000000001
15,21:31:41,0.916667,0.158631,0.261622,0.266012,0.626732,0.500321,CNN_PLAIN_FOG,CNN,PLAIN,FOG,4,C:\Users\VivoBook\Downloads\microproyecto2\microproyecto 2 porque wtf\src\hfl_v7-no-ascon-CNN\Results_FOG\#4,global_weights_history_2.csv,global_round,2026-04-27 21:31:41,model.global_round,15,aggregate,server,60.0,50.0,0.006761000000000017,0.005373000000000017,0.012376999999999971,0.014958000000000027,0.03946900000000003
16,21:32:31,0.9,0.171549,0.267787,0.270742,0.636697,0.511794,CNN_PLAIN_FOG,CNN,PLAIN,FOG,4,C:\Users\VivoBook\Downloads\microproyecto2\microproyecto 2 porque wtf\src\hfl_v7-no-ascon-CNN\Results_FOG\#4,global_weights_history_2.csv,global_round,2026-04-27 21:32:31,model.global_round,16,aggregate,server,60.0,50.0,0.006164999999999976,0.0047299999999999565,0.009965000000000002,0.011472999999999955,0.03233299999999989
17,21:33:21,0.933333,0.162017,0.274641,0.276338,0.645004,0.521212,CNN_PLAIN_FOG,CNN,PLAIN,FOG,4,C:\Users\VivoBook\Downloads\microproyecto2\microproyecto 2 porque wtf\src\hfl_v7-no-ascon-CNN\Results_FOG\#4,global_weights_history_2.csv,global_round,2026-04-27 21:33:21,model.global_round,17,aggregate,server,60.0,50.0,0.006854000000000027,0.00559599999999999,0.008307000000000064,0.009418000000000037,0.03017500000000012
18,21:34:11,0.916667,0.137833,0.277669,0.279121,0.652149,0.532342,CNN_PLAIN_FOG,CNN,PLAIN,FOG,4,C:\Users\VivoBook\Downloads\microproyecto2\microproyecto 2 porque wtf\src\hfl_v7-no-ascon-CNN\Results_FOG\#4,global_weights_history_2.csv,global_round,2026-04-27 21:34:11,model.global_round,18,aggregate,server,60.0,50.0,0.003027999999999975,0.0027830000000000354,0.007144999999999957,0.011129999999999973,0.02408599999999994
19,21:35:01,0.966667,0.099221,0.282744,0.284378,0.660616,0.547243,CNN_PLAIN_FOG,CNN,PLAIN,FOG,4,C:\Users\VivoBook\Downloads\microproyecto2\microproyecto 2 porque wtf\src\hfl_v7-no-ascon-CNN\Results_FOG\#4,global_weights_history_2.csv,global_round,2026-04-27 21:35:01,model.global_round,19,aggregate,server,60.0,50.0,0.005074999999999996,0.005257000000000012,0.008467000000000002,0.014901000000000053,0.03370000000000006
20,21:35:51,0.966667,0.070961,0.288544,0.28958,0.66808,0.557322,CNN_PLAIN_FOG,CNN,PLAIN,FOG,4,C:\Users\VivoBook\Downloads\microproyecto2\microproyecto 2 porque wtf\src\hfl_v7-no-ascon-CNN\Results_FOG\#4,global_weights_history_2.csv,global_round,2026-04-27 21:35:51,model.global_round,20,aggregate,server,60.0,50.0,0.005800000000000027,0.005201999999999984,0.007464000000000026,0.010078999999999949,0.028544999999999987
1,20:01:16,0.85,0.560557,0.162133,0.386074,0.216792,0.231955,CNN_PLAIN_FOG,CNN,PLAIN,FOG,6,C:\Users\VivoBook\Downloads\microproyecto2\microproyecto 2 porque wtf\src\hfl_v7-no-ascon-CNN\Results_FOG\#6,global_weights_history_1.csv,global_round,2026-04-27 20:01:16,model.global_round,1,aggregate,server,60.0,,,,,,0.0
2,20:02:00,0.8,0.669905,0.169829,0.412845,0.225362,0.257279,CNN_PLAIN_FOG,CNN,PLAIN,FOG,6,C:\Users\VivoBook\Downloads\microproyecto2\microproyecto 2 porque wtf\src\hfl_v7-no-ascon-CNN\Results_FOG\#6,global_weights_history_1.csv,global_round,2026-04-27 20:02:00,model.global_round,2,aggregate,server,60.0,44.0,0.007696000000000008,0.026771000000000045,0.008569999999999994,0.025323999999999985,0.06836100000000003
3,20:02:50,0.733333,0.644758,0.178244,0.433173,0.268904,0.271364,CNN_PLAIN_FOG,CNN,PLAIN,FOG,6,C:\Users\VivoBook\Downloads\microproyecto2\microproyecto 2 porque wtf\src\hfl_v7-no-ascon-CNN\Results_FOG\#6,global_weights_history_1.csv,global_round,2026-04-27 20:02:50,model.global_round,3,aggregate,server,60.0,50.0,0.008415000000000006,0.020327999999999957,0.04354199999999997,0.014085000000000014,0.08636999999999995
4,20:03:40,0.883333,0.298305,0.187408,0.451888,0.308449,0.28859,CNN_PLAIN_FOG,CNN,PLAIN,FOG,6,C:\Users\VivoBook\Downloads\microproyecto2\microproyecto 2 porque wtf\src\hfl_v7-no-ascon-CNN\Results_FOG\#6,global_weights_history_1.csv,global_round,2026-04-27 20:03:40,model.global_round,4,aggregate,server,60.0,50.0,0.009163999999999978,0.018715000000000037,0.039545,0.01722600000000002,0.08465000000000003
5,20:04:30,0.7,0.640459,0.194237,0.450782,0.335817,0.290889,CNN_PLAIN_FOG,CNN,PLAIN,FOG,6,C:\Users\VivoBook\Downloads\microproyecto2\microproyecto 2 porque wtf\src\hfl_v7-no-ascon-CNN\Results_FOG\#6,global_weights_history_1.csv,global_round,2026-04-27 20:04:30,model.global_round,5,aggregate,server,60.0,50.0,0.006829000000000002,0.0011059999999999959,0.027368000000000003,0.0022989999999999955,0.037602
6,20:05:20,0.85,0.470842,0.203138,0.454424,0.365916,0.318226,CNN_PLAIN_FOG,CNN,PLAIN,FOG,6,C:\Users\VivoBook\Downloads\microproyecto2\microproyecto 2 porque wtf\src\hfl_v7-no-ascon-CNN\Results_FOG\#6,global_weights_history_1.csv,global_round,2026-04-27 20:05:20,model.global_round,6,aggregate,server,60.0,50.0,0.00890100000000002,0.0036419999999999786,0.030099000000000042,0.027337,0.06997900000000004
7,20:06:10,0.85,0.31084,0.211774,0.473142,0.384319,0.348791,CNN_PLAIN_FOG,CNN,PLAIN,FOG,6,C:\Users\VivoBook\Downloads\microproyecto2\microproyecto 2 porque wtf\src\hfl_v7-no-ascon-CNN\Results_FOG\#6,global_weights_history_1.csv,global_round,2026-04-27 20:06:10,model.global_round,7,aggregate,server,60.0,50.0,0.008635999999999977,0.018718000000000012,0.018403000000000003,0.03056500000000001,0.076322
8,20:07:00,0.933333,0.270451,0.222279,0.490736,0.397742,0.379779,CNN_PLAIN_FOG,CNN,PLAIN,FOG,6,C:\Users\VivoBook\Downloads\microproyecto2\microproyecto 2 porque wtf\src\hfl_v7-no-ascon-CNN\Results_FOG\#6,global_weights_history_1.csv,global_round,2026-04-27 20:07:00,model.global_round,8,aggregate,server,60.0,50.0,0.010505000000000014,0.017594,0.013422999999999963,0.03098799999999996,0.07250999999999994
9,20:07:50,0.816667,0.377308,0.227153,0.496001,0.40938,0.397935,CNN_PLAIN_FOG,CNN,PLAIN,FOG,6,C:\Users\VivoBook\Downloads\microproyecto2\microproyecto 2 porque wtf\src\hfl_v7-no-ascon-CNN\Results_FOG\#6,global_weights_history_1.csv,global_round,2026-04-27 20:07:50,model.global_round,9,aggregate,server,60.0,50.0,0.0048739999999999895,0.00526500000000002,0.011638000000000037,0.018156000000000005,0.03993300000000005
10,20:08:40,0.933333,0.189194,0.229296,0.513771,0.413096,0.420566,CNN_PLAIN_FOG,CNN,PLAIN,FOG,6,C:\Users\VivoBook\Downloads\microproyecto2\microproyecto 2 porque wtf\src\hfl_v7-no-ascon-CNN\Results_FOG\#6,global_weights_history_1.csv,global_round,2026-04-27 20:08:40,model.global_round,10,aggregate,server,60.0,50.0,0.002143000000000006,0.017769999999999953,0.003715999999999997,0.022631000000000012,0.04625999999999997
11,20:09:30,0.75,0.419586,0.232344,0.509631,0.408087,0.431414,CNN_PLAIN_FOG,CNN,PLAIN,FOG,6,C:\Users\VivoBook\Downloads\microproyecto2\microproyecto 2 porque wtf\src\hfl_v7-no-ascon-CNN\Results_FOG\#6,global_weights_history_1.csv,global_round,2026-04-27 20:09:30,model.global_round,11,aggregate,server,60.0,50.0,0.003047999999999995,0.0041400000000000325,0.005009000000000041,0.010848000000000024,0.023045000000000093
12,20:10:20,0.916667,0.279916,0.233723,0.513636,0.405225,0.441554,CNN_PLAIN_FOG,CNN,PLAIN,FOG,6,C:\Users\VivoBook\Downloads\microproyecto2\microproyecto 2 porque wtf\src\hfl_v7-no-ascon-CNN\Results_FOG\#6,global_weights_history_1.csv,global_round,2026-04-27 20:10:20,model.global_round,12,aggregate,server,60.0,50.0,0.0013789999999999913,0.004005000000000036,0.0028619999999999757,0.010139999999999982,0.018385999999999986
13,20:11:10,0.866667,0.289501,0.237664,0.512566,0.409884,0.452229,CNN_PLAIN_FOG,CNN,PLAIN,FOG,6,C:\Users\VivoBook\Downloads\microproyecto2\microproyecto 2 porque wtf\src\hfl_v7-no-ascon-CNN\Results_FOG\#6,global_weights_history_1.csv,global_round,2026-04-27 20:11:10,model.global_round,13,aggregate,server,60.0,50.0,0.003941,0.0010700000000000154,0.004659000000000024,0.01067499999999999,0.02034500000000003
14,20:13:40,0.916667,0.190453,0.241936,0.519043,0.425663,0.467733,CNN_PLAIN_FOG,CNN,PLAIN,FOG,6,C:\Users\VivoBook\Downloads\microproyecto2\microproyecto 2 porque wtf\src\hfl_v7-no-ascon-CNN\Results_FOG\#6,global_weights_history_1.csv,global_round,2026-04-27 20:13:40,model.global_round,14,aggregate,server,60.0,150.0,0.004272000000000026,0.006477000000000066,0.015778999999999987,0.015504000000000018,0.0420320000000001
15,20:14:30,0.9,0.221839,0.24566,0.526897,0.432429,0.479168,CNN_PLAIN_FOG,CNN,PLAIN,FOG,6,C:\Users\VivoBook\Downloads\microproyecto2\microproyecto 2 porque wtf\src\hfl_v7-no-ascon-CNN\Results_FOG\#6,global_weights_history_1.csv,global_round,2026-04-27 20:14:30,model.global_round,15,aggregate,server,60.0,50.0,0.0037239999999999773,0.007853999999999917,0.006765999999999994,0.011434999999999973,0.02977899999999986
16,20:15:20,0.933333,0.195272,0.248774,0.522208,0.437109,0.476475,CNN_PLAIN_FOG,CNN,PLAIN,FOG,6,C:\Users\VivoBook\Downloads\microproyecto2\microproyecto 2 porque wtf\src\hfl_v7-no-ascon-CNN\Results_FOG\#6,global_weights_history_1.csv,global_round,2026-04-27 20:15:20,model.global_round,16,aggregate,server,60.0,50.0,0.0031140000000000057,0.004688999999999943,0.0046800000000000175,0.002693000000000001,0.015175999999999967
17,20:16:10,0.883333,0.249636,0.249091,0.528271,0.443264,0.481049,CNN_PLAIN_FOG,CNN,PLAIN,FOG,6,C:\Users\VivoBook\Downloads\microproyecto2\microproyecto 2 porque wtf\src\hfl_v7-no-ascon-CNN\Results_FOG\#6,global_weights_history_1.csv,global_round,2026-04-27 20:16:10,model.global_round,17,aggregate,server,60.0,50.0,0.0003170000000000117,0.006063000000000041,0.006154999999999966,0.0045740000000000225,0.01710900000000004
18,20:17:00,0.866667,0.301262,0.254025,0.538267,0.448906,0.490441,CNN_PLAIN_FOG,CNN,PLAIN,FOG,6,C:\Users\VivoBook\Downloads\microproyecto2\microproyecto 2 porque wtf\src\hfl_v7-no-ascon-CNN\Results_FOG\#6,global_weights_history_1.csv,global_round,2026-04-27 20:17:00,model.global_round,18,aggregate,server,60.0,50.0,0.004933999999999994,0.009996000000000005,0.005642000000000036,0.009392000000000011,0.029964000000000046
19,20:17:50,0.916667,0.171421,0.255681,0.547495,0.45132,0.499404,CNN_PLAIN_FOG,CNN,PLAIN,FOG,6,C:\Users\VivoBook\Downloads\microproyecto2\microproyecto 2 porque wtf\src\hfl_v7-no-ascon-CNN\Results_FOG\#6,global_weights_history_1.csv,global_round,2026-04-27 20:17:50,model.global_round,19,aggregate,server,60.0,50.0,0.0016559999999999908,0.009227999999999903,0.0024139999999999717,0.008962999999999999,0.022260999999999864
20,20:18:40,0.916667,0.148495,0.258988,0.54679,0.455027,0.506978,CNN_PLAIN_FOG,CNN,PLAIN,FOG,6,C:\Users\VivoBook\Downloads\microproyecto2\microproyecto 2 porque wtf\src\hfl_v7-no-ascon-CNN\Results_FOG\#6,global_weights_history_1.csv,global_round,2026-04-27 20:18:40,model.global_round,20,aggregate,server,60.0,50.0,0.0033070000000000044,0.0007049999999999557,0.003707000000000016,0.007574000000000025,0.015293000000000001
1,19:20:33,0.983333,0.68938,0.192053,0.153913,0.212697,0.265455,CNN_PLAIN_NoFOG,CNN,PLAIN,NoFOG,2,C:\Users\VivoBook\Downloads\microproyecto2\microproyecto 2 porque wtf\src\hfl_v7-no-ascon-CNN\Results\#2,global_weights_history_3.csv,global_round,2026-04-27 19:20:33,model.global_round,1,aggregate,server,,,,,,,0.0
2,19:21:17,1.0,0.473207,0.202377,0.161782,0.276063,0.316677,CNN_PLAIN_NoFOG,CNN,PLAIN,NoFOG,2,C:\Users\VivoBook\Downloads\microproyecto2\microproyecto 2 porque wtf\src\hfl_v7-no-ascon-CNN\Results\#2,global_weights_history_3.csv,global_round,2026-04-27 19:21:17,model.global_round,2,aggregate,server,,44.0,0.010324,0.007869000000000015,0.063366,0.05122199999999999,0.132781
3,19:22:06,1.0,0.105905,0.221448,0.20915,0.343557,0.374398,CNN_PLAIN_NoFOG,CNN,PLAIN,NoFOG,2,C:\Users\VivoBook\Downloads\microproyecto2\microproyecto 2 porque wtf\src\hfl_v7-no-ascon-CNN\Results\#2,global_weights_history_3.csv,global_round,2026-04-27 19:22:06,model.global_round,3,aggregate,server,,49.0,0.019071000000000005,0.04736799999999999,0.067494,0.05772100000000002,0.19165400000000002
4,19:25:02,0.85,0.422569,0.223444,0.212566,0.357328,0.380829,CNN_PLAIN_NoFOG,CNN,PLAIN,NoFOG,2,C:\Users\VivoBook\Downloads\microproyecto2\microproyecto 2 porque wtf\src\hfl_v7-no-ascon-CNN\Results\#2,global_weights_history_3.csv,global_round,2026-04-27 19:25:02,model.global_round,4,aggregate,server,,176.0,0.0019959999999999978,0.0034160000000000024,0.013770999999999978,0.0064309999999999645,0.025613999999999942
5,19:25:52,0.866667,0.353141,0.223789,0.201229,0.36082,0.3699,CNN_PLAIN_NoFOG,CNN,PLAIN,NoFOG,2,C:\Users\VivoBook\Downloads\microproyecto2\microproyecto 2 porque wtf\src\hfl_v7-no-ascon-CNN\Results\#2,global_weights_history_3.csv,global_round,2026-04-27 19:25:52,model.global_round,5,aggregate,server,,50.0,0.0003449999999999842,0.011337000000000014,0.003491999999999995,0.010928999999999967,0.02610299999999996
6,19:26:43,0.816667,0.416387,0.226011,0.190999,0.347492,0.367087,CNN_PLAIN_NoFOG,CNN,PLAIN,NoFOG,2,C:\Users\VivoBook\Downloads\microproyecto2\microproyecto 2 porque wtf\src\hfl_v7-no-ascon-CNN\Results\#2,global_weights_history_3.csv,global_round,2026-04-27 19:26:43,model.global_round,6,aggregate,server,,51.0,0.0022220000000000018,0.010229999999999989,0.013327999999999951,0.00281300000000001,0.028592999999999952
7,19:27:32,0.816667,0.489368,0.230699,0.177589,0.37326,0.366965,CNN_PLAIN_NoFOG,CNN,PLAIN,NoFOG,2,C:\Users\VivoBook\Downloads\microproyecto2\microproyecto 2 porque wtf\src\hfl_v7-no-ascon-CNN\Results\#2,global_weights_history_3.csv,global_round,2026-04-27 19:27:32,model.global_round,7,aggregate,server,,49.0,0.004687999999999998,0.013410000000000005,0.025767999999999958,0.00012200000000001099,0.04398799999999997
8,19:28:23,0.866667,0.353398,0.241558,0.185837,0.418759,0.384256,CNN_PLAIN_NoFOG,CNN,PLAIN,NoFOG,2,C:\Users\VivoBook\Downloads\microproyecto2\microproyecto 2 porque wtf\src\hfl_v7-no-ascon-CNN\Results\#2,global_weights_history_3.csv,global_round,2026-04-27 19:28:23,model.global_round,8,aggregate,server,,51.0,0.010859000000000008,0.008248000000000005,0.04549900000000001,0.017291,0.08189700000000003
9,19:29:13,0.9,0.288509,0.255391,0.215996,0.460387,0.413112,CNN_PLAIN_NoFOG,CNN,PLAIN,NoFOG,2,C:\Users\VivoBook\Downloads\microproyecto2\microproyecto 2 porque wtf\src\hfl_v7-no-ascon-CNN\Results\#2,global_weights_history_3.csv,global_round,2026-04-27 19:29:13,model.global_round,9,aggregate,server,,50.0,0.013832999999999984,0.03015899999999999,0.041628,0.028855999999999993,0.11447599999999997
10,19:30:02,0.966667,0.107518,0.268389,0.247373,0.489064,0.436944,CNN_PLAIN_NoFOG,CNN,PLAIN,NoFOG,2,C:\Users\VivoBook\Downloads\microproyecto2\microproyecto 2 porque wtf\src\hfl_v7-no-ascon-CNN\Results\#2,global_weights_history_3.csv,global_round,2026-04-27 19:30:02,model.global_round,10,aggregate,server,,49.0,0.01299800000000001,0.031377000000000016,0.028677000000000008,0.02383200000000002,0.09688400000000005
11,19:30:52,0.933333,0.172438,0.27966,0.270782,0.497488,0.462614,CNN_PLAIN_NoFOG,CNN,PLAIN,NoFOG,2,C:\Users\VivoBook\Downloads\microproyecto2\microproyecto 2 porque wtf\src\hfl_v7-no-ascon-CNN\Results\#2,global_weights_history_3.csv,global_round,2026-04-27 19:30:52,model.global_round,11,aggregate,server,,50.0,0.011271000000000031,0.023409000000000013,0.008423999999999987,0.025670000000000026,0.06877400000000006
12,19:31:42,0.933333,0.213209,0.283924,0.285414,0.511708,0.479051,CNN_PLAIN_NoFOG,CNN,PLAIN,NoFOG,2,C:\Users\VivoBook\Downloads\microproyecto2\microproyecto 2 porque wtf\src\hfl_v7-no-ascon-CNN\Results\#2,global_weights_history_3.csv,global_round,2026-04-27 19:31:42,model.global_round,12,aggregate,server,,50.0,0.00426399999999999,0.014631999999999978,0.014220000000000066,0.01643699999999998,0.049553000000000014
13,19:32:32,0.983333,0.117021,0.29118,0.302615,0.524211,0.502764,CNN_PLAIN_NoFOG,CNN,PLAIN,NoFOG,2,C:\Users\VivoBook\Downloads\microproyecto2\microproyecto 2 porque wtf\src\hfl_v7-no-ascon-CNN\Results\#2,global_weights_history_3.csv,global_round,2026-04-27 19:32:32,model.global_round,13,aggregate,server,,50.0,0.007255999999999985,0.017201000000000022,0.01250299999999993,0.023712999999999984,0.06067299999999992
14,19:33:22,0.966667,0.090753,0.298937,0.319031,0.532866,0.521979,CNN_PLAIN_NoFOG,CNN,PLAIN,NoFOG,2,C:\Users\VivoBook\Downloads\microproyecto2\microproyecto 2 porque wtf\src\hfl_v7-no-ascon-CNN\Results\#2,global_weights_history_3.csv,global_round,2026-04-27 19:33:22,model.global_round,14,aggregate,server,,50.0,0.007757000000000014,0.016415999999999986,0.008654999999999968,0.019214999999999982,0.05204299999999995
15,19:34:12,0.9,0.250703,0.304069,0.329871,0.539354,0.531892,CNN_PLAIN_NoFOG,CNN,PLAIN,NoFOG,2,C:\Users\VivoBook\Downloads\microproyecto2\microproyecto 2 porque wtf\src\hfl_v7-no-ascon-CNN\Results\#2,global_weights_history_3.csv,global_round,2026-04-27 19:34:12,model.global_round,15,aggregate,server,,50.0,0.00513199999999997,0.010840000000000016,0.006488000000000049,0.00991300000000006,0.032373000000000096
16,19:35:02,0.933333,0.204283,0.305967,0.332825,0.546263,0.537547,CNN_PLAIN_NoFOG,CNN,PLAIN,NoFOG,2,C:\Users\VivoBook\Downloads\microproyecto2\microproyecto 2 porque wtf\src\hfl_v7-no-ascon-CNN\Results\#2,global_weights_history_3.csv,global_round,2026-04-27 19:35:02,model.global_round,16,aggregate,server,,50.0,0.0018980000000000108,0.0029539999999999567,0.006909000000000054,0.005654999999999966,0.017415999999999987
17,19:35:52,0.95,0.122166,0.311976,0.33785,0.549227,0.543775,CNN_PLAIN_NoFOG,CNN,PLAIN,NoFOG,2,C:\Users\VivoBook\Downloads\microproyecto2\microproyecto 2 porque wtf\src\hfl_v7-no-ascon-CNN\Results\#2,global_weights_history_3.csv,global_round,2026-04-27 19:35:52,model.global_round,17,aggregate,server,,50.0,0.006008999999999987,0.005025000000000002,0.0029639999999999667,0.006228000000000011,0.020225999999999966
18,19:36:42,0.933333,0.201484,0.310144,0.333747,0.54846,0.544226,CNN_PLAIN_NoFOG,CNN,PLAIN,NoFOG,2,C:\Users\VivoBook\Downloads\microproyecto2\microproyecto 2 porque wtf\src\hfl_v7-no-ascon-CNN\Results\#2,global_weights_history_3.csv,global_round,2026-04-27 19:36:42,model.global_round,18,aggregate,server,,50.0,0.0018320000000000003,0.004102999999999968,0.0007670000000000732,0.0004509999999999792,0.0071530000000000205
19,19:37:32,0.9,0.38125,0.312723,0.336503,0.556138,0.548428,CNN_PLAIN_NoFOG,CNN,PLAIN,NoFOG,2,C:\Users\VivoBook\Downloads\microproyecto2\microproyecto 2 porque wtf\src\hfl_v7-no-ascon-CNN\Results\#2,global_weights_history_3.csv,global_round,2026-04-27 19:37:32,model.global_round,19,aggregate,server,,50.0,0.002578999999999998,0.0027559999999999807,0.007678000000000074,0.004202000000000039,0.01721500000000009
20,19:38:23,0.983333,0.061129,0.314979,0.339353,0.562947,0.549162,CNN_PLAIN_NoFOG,CNN,PLAIN,NoFOG,2,C:\Users\VivoBook\Downloads\microproyecto2\microproyecto 2 porque wtf\src\hfl_v7-no-ascon-CNN\Results\#2,global_weights_history_3.csv,global_round,2026-04-27 19:38:23,model.global_round,20,aggregate,server,,51.0,0.0022560000000000358,0.002850000000000019,0.006808999999999954,0.0007340000000000124,0.012649000000000021
1,18:55:57,0.983333,0.57683,0.17711,0.2366,0.136957,0.257053,CNN_PLAIN_NoFOG,CNN,PLAIN,NoFOG,4,C:\Users\VivoBook\Downloads\microproyecto2\microproyecto 2 porque wtf\src\hfl_v7-no-ascon-CNN\Results\#4,global_weights_history_2.csv,global_round,2026-04-27 18:55:57,model.global_round,1,aggregate,server,,,,,,,0.0
2,18:56:41,1.0,0.15177,0.189606,0.284546,0.191768,0.286335,CNN_PLAIN_NoFOG,CNN,PLAIN,NoFOG,4,C:\Users\VivoBook\Downloads\microproyecto2\microproyecto 2 porque wtf\src\hfl_v7-no-ascon-CNN\Results\#4,global_weights_history_2.csv,global_round,2026-04-27 18:56:41,model.global_round,2,aggregate,server,,44.0,0.012496000000000007,0.047946000000000016,0.054811,0.02928200000000003,0.14453500000000005
3,18:57:36,1.0,0.020879,0.199263,0.314504,0.225092,0.307062,CNN_PLAIN_NoFOG,CNN,PLAIN,NoFOG,4,C:\Users\VivoBook\Downloads\microproyecto2\microproyecto 2 porque wtf\src\hfl_v7-no-ascon-CNN\Results\#4,global_weights_history_2.csv,global_round,2026-04-27 18:57:36,model.global_round,3,aggregate,server,,55.0,0.009656999999999999,0.029957999999999985,0.03332399999999999,0.020726999999999995,0.09366599999999997
4,18:58:28,0.9,0.410648,0.198927,0.30428,0.222706,0.298985,CNN_PLAIN_NoFOG,CNN,PLAIN,NoFOG,4,C:\Users\VivoBook\Downloads\microproyecto2\microproyecto 2 porque wtf\src\hfl_v7-no-ascon-CNN\Results\#4,global_weights_history_2.csv,global_round,2026-04-27 18:58:28,model.global_round,4,aggregate,server,,52.0,0.00033600000000000296,0.01022400000000001,0.0023859999999999992,0.008077,0.021023000000000014
5,18:59:18,0.916667,0.28444,0.200184,0.292137,0.227027,0.283439,CNN_PLAIN_NoFOG,CNN,PLAIN,NoFOG,4,C:\Users\VivoBook\Downloads\microproyecto2\microproyecto 2 porque wtf\src\hfl_v7-no-ascon-CNN\Results\#4,global_weights_history_2.csv,global_round,2026-04-27 18:59:18,model.global_round,5,aggregate,server,,50.0,0.0012570000000000081,0.012143000000000015,0.004321000000000019,0.015546000000000004,0.03326700000000005
6,19:00:08,0.95,0.211556,0.204447,0.287573,0.240476,0.282221,CNN_PLAIN_NoFOG,CNN,PLAIN,NoFOG,4,C:\Users\VivoBook\Downloads\microproyecto2\microproyecto 2 porque wtf\src\hfl_v7-no-ascon-CNN\Results\#4,global_weights_history_2.csv,global_round,2026-04-27 19:00:08,model.global_round,6,aggregate,server,,50.0,0.004262999999999989,0.004563999999999957,0.013448999999999989,0.0012179999999999969,0.02349399999999993
7,19:00:58,0.983333,0.10481,0.209426,0.283927,0.251934,0.290549,CNN_PLAIN_NoFOG,CNN,PLAIN,NoFOG,4,C:\Users\VivoBook\Downloads\microproyecto2\microproyecto 2 porque wtf\src\hfl_v7-no-ascon-CNN\Results\#4,global_weights_history_2.csv,global_round,2026-04-27 19:00:58,model.global_round,7,aggregate,server,,50.0,0.004979000000000011,0.003646000000000038,0.011457999999999996,0.008328000000000002,0.028411000000000047
8,19:01:48,0.933333,0.19824,0.213716,0.278755,0.259414,0.288725,CNN_PLAIN_NoFOG,CNN,PLAIN,NoFOG,4,C:\Users\VivoBook\Downloads\microproyecto2\microproyecto 2 porque wtf\src\hfl_v7-no-ascon-CNN\Results\#4,global_weights_history_2.csv,global_round,2026-04-27 19:01:48,model.global_round,8,aggregate,server,,50.0,0.004289999999999988,0.00517200000000001,0.007479999999999987,0.0018239999999999923,0.018765999999999977
9,19:02:38,0.95,0.168906,0.218044,0.276127,0.271321,0.287275,CNN_PLAIN_NoFOG,CNN,PLAIN,NoFOG,4,C:\Users\VivoBook\Downloads\microproyecto2\microproyecto 2 porque wtf\src\hfl_v7-no-ascon-CNN\Results\#4,global_weights_history_2.csv,global_round,2026-04-27 19:02:38,model.global_round,9,aggregate,server,,50.0,0.0043279999999999985,0.0026279999999999637,0.011907000000000001,0.0014500000000000068,0.02031299999999997
10,19:03:28,0.966667,0.131026,0.221601,0.278761,0.272789,0.297925,CNN_PLAIN_NoFOG,CNN,PLAIN,NoFOG,4,C:\Users\VivoBook\Downloads\microproyecto2\microproyecto 2 porque wtf\src\hfl_v7-no-ascon-CNN\Results\#4,global_weights_history_2.csv,global_round,2026-04-27 19:03:28,model.global_round,10,aggregate,server,,50.0,0.0035570000000000046,0.0026339999999999697,0.0014680000000000248,0.010649999999999993,0.018308999999999992
11,19:04:18,0.966667,0.096001,0.224645,0.281084,0.277852,0.30087,CNN_PLAIN_NoFOG,CNN,PLAIN,NoFOG,4,C:\Users\VivoBook\Downloads\microproyecto2\microproyecto 2 porque wtf\src\hfl_v7-no-ascon-CNN\Results\#4,global_weights_history_2.csv,global_round,2026-04-27 19:04:18,model.global_round,11,aggregate,server,,50.0,0.003044000000000019,0.0023230000000000195,0.005062999999999984,0.002945000000000031,0.013375000000000054
12,19:05:07,0.95,0.1301,0.228687,0.279976,0.28674,0.298793,CNN_PLAIN_NoFOG,CNN,PLAIN,NoFOG,4,C:\Users\VivoBook\Downloads\microproyecto2\microproyecto 2 porque wtf\src\hfl_v7-no-ascon-CNN\Results\#4,global_weights_history_2.csv,global_round,2026-04-27 19:05:07,model.global_round,12,aggregate,server,,49.0,0.00404199999999999,0.0011079999999999979,0.008888000000000007,0.002077000000000051,0.016115000000000046
13,19:05:58,0.966667,0.096665,0.231775,0.283901,0.285082,0.308328,CNN_PLAIN_NoFOG,CNN,PLAIN,NoFOG,4,C:\Users\VivoBook\Downloads\microproyecto2\microproyecto 2 porque wtf\src\hfl_v7-no-ascon-CNN\Results\#4,global_weights_history_2.csv,global_round,2026-04-27 19:05:58,model.global_round,13,aggregate,server,,51.0,0.0030880000000000074,0.003925000000000012,0.0016579999999999928,0.009535000000000016,0.018206000000000028
14,19:06:48,0.95,0.095941,0.234748,0.281815,0.286135,0.309252,CNN_PLAIN_NoFOG,CNN,PLAIN,NoFOG,4,C:\Users\VivoBook\Downloads\microproyecto2\microproyecto 2 porque wtf\src\hfl_v7-no-ascon-CNN\Results\#4,global_weights_history_2.csv,global_round,2026-04-27 19:06:48,model.global_round,14,aggregate,server,,50.0,0.0029730000000000034,0.0020860000000000323,0.0010529999999999706,0.0009240000000000359,0.007036000000000042
15,19:07:38,0.966667,0.058803,0.238051,0.284004,0.287325,0.315403,CNN_PLAIN_NoFOG,CNN,PLAIN,NoFOG,4,C:\Users\VivoBook\Downloads\microproyecto2\microproyecto 2 porque wtf\src\hfl_v7-no-ascon-CNN\Results\#4,global_weights_history_2.csv,global_round,2026-04-27 19:07:38,model.global_round,15,aggregate,server,,50.0,0.0033030000000000004,0.0021889999999999965,0.0011900000000000244,0.006150999999999962,0.012832999999999983
16,19:08:28,0.983333,0.051804,0.241448,0.288142,0.287224,0.317076,CNN_PLAIN_NoFOG,CNN,PLAIN,NoFOG,4,C:\Users\VivoBook\Downloads\microproyecto2\microproyecto 2 porque wtf\src\hfl_v7-no-ascon-CNN\Results\#4,global_weights_history_2.csv,global_round,2026-04-27 19:08:28,model.global_round,16,aggregate,server,,50.0,0.0033969999999999834,0.0041380000000000305,0.00010100000000001774,0.0016730000000000356,0.009309000000000067
17,19:09:18,1.0,0.032936,0.243691,0.292214,0.29012,0.322803,CNN_PLAIN_NoFOG,CNN,PLAIN,NoFOG,4,C:\Users\VivoBook\Downloads\microproyecto2\microproyecto 2 porque wtf\src\hfl_v7-no-ascon-CNN\Results\#4,global_weights_history_2.csv,global_round,2026-04-27 19:09:18,model.global_round,17,aggregate,server,,50.0,0.002242999999999995,0.0040719999999999645,0.0028960000000000097,0.005726999999999982,0.014937999999999951
18,19:10:08,0.95,0.106714,0.246162,0.293427,0.288322,0.324467,CNN_PLAIN_NoFOG,CNN,PLAIN,NoFOG,4,C:\Users\VivoBook\Downloads\microproyecto2\microproyecto 2 porque wtf\src\hfl_v7-no-ascon-CNN\Results\#4,global_weights_history_2.csv,global_round,2026-04-27 19:10:08,model.global_round,18,aggregate,server,,50.0,0.002471000000000001,0.0012130000000000196,0.0017979999999999663,0.0016639999999999988,0.007145999999999986
19,19:10:58,0.95,0.100058,0.247473,0.285472,0.280186,0.335352,CNN_PLAIN_NoFOG,CNN,PLAIN,NoFOG,4,C:\Users\VivoBook\Downloads\microproyecto2\microproyecto 2 porque wtf\src\hfl_v7-no-ascon-CNN\Results\#4,global_weights_history_2.csv,global_round,2026-04-27 19:10:58,model.global_round,19,aggregate,server,,50.0,0.0013110000000000066,0.00795499999999999,0.008136000000000032,0.010884999999999978,0.028287000000000007
20,19:11:48,1.0,0.033554,0.247232,0.292985,0.289299,0.330808,CNN_PLAIN_NoFOG,CNN,PLAIN,NoFOG,4,C:\Users\VivoBook\Downloads\microproyecto2\microproyecto 2 porque wtf\src\hfl_v7-no-ascon-CNN\Results\#4,global_weights_history_2.csv,global_round,2026-04-27 19:11:48,model.global_round,20,aggregate,server,,50.0,0.00024099999999999122,0.007512999999999992,0.009112999999999982,0.0045439999999999925,0.021410999999999958
1,20:23:45,0.783333,0.769437,0.163633,0.28684,0.255544,0.280378,CNN_PLAIN_NoFOG,CNN,PLAIN,NoFOG,6,C:\Users\VivoBook\Downloads\microproyecto2\microproyecto 2 porque wtf\src\hfl_v7-no-ascon-CNN\Results\#6,global_weights_history_4.csv,global_round,2026-04-27 20:23:45,model.global_round,1,aggregate,server,,,,,,,0.0
2,20:24:29,0.75,0.744229,0.174343,0.301806,0.279422,0.29781,CNN_PLAIN_NoFOG,CNN,PLAIN,NoFOG,6,C:\Users\VivoBook\Downloads\microproyecto2\microproyecto 2 porque wtf\src\hfl_v7-no-ascon-CNN\Results\#6,global_weights_history_4.csv,global_round,2026-04-27 20:24:29,model.global_round,2,aggregate,server,,44.0,0.010709999999999997,0.014966000000000035,0.02387800000000001,0.017432000000000003,0.06698600000000005
3,20:25:18,0.683333,0.735258,0.185708,0.308026,0.305905,0.312918,CNN_PLAIN_NoFOG,CNN,PLAIN,NoFOG,6,C:\Users\VivoBook\Downloads\microproyecto2\microproyecto 2 porque wtf\src\hfl_v7-no-ascon-CNN\Results\#6,global_weights_history_4.csv,global_round,2026-04-27 20:25:18,model.global_round,3,aggregate,server,,49.0,0.011365000000000014,0.006220000000000003,0.02648299999999998,0.015107999999999955,0.05917599999999995
4,20:26:08,0.75,0.618457,0.19718,0.309724,0.35056,0.328987,CNN_PLAIN_NoFOG,CNN,PLAIN,NoFOG,6,C:\Users\VivoBook\Downloads\microproyecto2\microproyecto 2 porque wtf\src\hfl_v7-no-ascon-CNN\Results\#6,global_weights_history_4.csv,global_round,2026-04-27 20:26:08,model.global_round,4,aggregate,server,,50.0,0.011471999999999982,0.0016979999999999773,0.044655,0.016069,0.07389399999999996
5,20:26:58,0.783333,0.567405,0.207755,0.309081,0.389756,0.341596,CNN_PLAIN_NoFOG,CNN,PLAIN,NoFOG,6,C:\Users\VivoBook\Downloads\microproyecto2\microproyecto 2 porque wtf\src\hfl_v7-no-ascon-CNN\Results\#6,global_weights_history_4.csv,global_round,2026-04-27 20:26:58,model.global_round,5,aggregate,server,,50.0,0.010575000000000001,0.0006430000000000047,0.03919600000000001,0.012609000000000037,0.06302300000000005
6,20:27:49,0.816667,0.491991,0.216008,0.310504,0.41294,0.357789,CNN_PLAIN_NoFOG,CNN,PLAIN,NoFOG,6,C:\Users\VivoBook\Downloads\microproyecto2\microproyecto 2 porque wtf\src\hfl_v7-no-ascon-CNN\Results\#6,global_weights_history_4.csv,global_round,2026-04-27 20:27:49,model.global_round,6,aggregate,server,,51.0,0.00825300000000001,0.0014230000000000076,0.023183999999999982,0.016193000000000013,0.04905300000000001
7,20:28:39,0.766667,0.519496,0.223656,0.319108,0.434327,0.370006,CNN_PLAIN_NoFOG,CNN,PLAIN,NoFOG,6,C:\Users\VivoBook\Downloads\microproyecto2\microproyecto 2 porque wtf\src\hfl_v7-no-ascon-CNN\Results\#6,global_weights_history_4.csv,global_round,2026-04-27 20:28:39,model.global_round,7,aggregate,server,,50.0,0.007647999999999988,0.008604,0.021387000000000045,0.012216999999999978,0.04985600000000001
8,20:29:29,0.783333,0.53677,0.227753,0.32545,0.448131,0.380152,CNN_PLAIN_NoFOG,CNN,PLAIN,NoFOG,6,C:\Users\VivoBook\Downloads\microproyecto2\microproyecto 2 porque wtf\src\hfl_v7-no-ascon-CNN\Results\#6,global_weights_history_4.csv,global_round,2026-04-27 20:29:29,model.global_round,8,aggregate,server,,50.0,0.004097000000000017,0.006342000000000014,0.013803999999999983,0.010145999999999988,0.034389
9,20:30:18,0.783333,0.446357,0.232365,0.327745,0.457572,0.397233,CNN_PLAIN_NoFOG,CNN,PLAIN,NoFOG,6,C:\Users\VivoBook\Downloads\microproyecto2\microproyecto 2 porque wtf\src\hfl_v7-no-ascon-CNN\Results\#6,global_weights_history_4.csv,global_round,2026-04-27 20:30:18,model.global_round,9,aggregate,server,,49.0,0.004611999999999977,0.0022949999999999915,0.009440999999999977,0.017081000000000013,0.03342899999999996
10,20:31:09,0.716667,0.579481,0.235026,0.331307,0.470052,0.418303,CNN_PLAIN_NoFOG,CNN,PLAIN,NoFOG,6,C:\Users\VivoBook\Downloads\microproyecto2\microproyecto 2 porque wtf\src\hfl_v7-no-ascon-CNN\Results\#6,global_weights_history_4.csv,global_round,2026-04-27 20:31:09,model.global_round,10,aggregate,server,,51.0,0.0026610000000000245,0.0035620000000000096,0.012480000000000047,0.021069999999999978,0.03977300000000006
11,20:31:59,0.766667,0.504064,0.240164,0.336572,0.478063,0.447215,CNN_PLAIN_NoFOG,CNN,PLAIN,NoFOG,6,C:\Users\VivoBook\Downloads\microproyecto2\microproyecto 2 porque wtf\src\hfl_v7-no-ascon-CNN\Results\#6,global_weights_history_4.csv,global_round,2026-04-27 20:31:59,model.global_round,11,aggregate,server,,50.0,0.005137999999999976,0.005264999999999964,0.00801099999999999,0.028911999999999993,0.047325999999999924
12,20:32:49,0.816667,0.396949,0.24575,0.346707,0.488566,0.468392,CNN_PLAIN_NoFOG,CNN,PLAIN,NoFOG,6,C:\Users\VivoBook\Downloads\microproyecto2\microproyecto 2 porque wtf\src\hfl_v7-no-ascon-CNN\Results\#6,global_weights_history_4.csv,global_round,2026-04-27 20:32:49,model.global_round,12,aggregate,server,,50.0,0.005586000000000008,0.010135000000000005,0.010502999999999985,0.021177,0.047401
13,20:33:39,0.866667,0.35842,0.253171,0.358988,0.498823,0.490924,CNN_PLAIN_NoFOG,CNN,PLAIN,NoFOG,6,C:\Users\VivoBook\Downloads\microproyecto2\microproyecto 2 porque wtf\src\hfl_v7-no-ascon-CNN\Results\#6,global_weights_history_4.csv,global_round,2026-04-27 20:33:39,model.global_round,13,aggregate,server,,50.0,0.007420999999999983,0.012280999999999986,0.010257000000000016,0.022532000000000052,0.05249100000000004
14,20:34:29,0.8,0.42635,0.258442,0.368974,0.500746,0.507985,CNN_PLAIN_NoFOG,CNN,PLAIN,NoFOG,6,C:\Users\VivoBook\Downloads\microproyecto2\microproyecto 2 porque wtf\src\hfl_v7-no-ascon-CNN\Results\#6,global_weights_history_4.csv,global_round,2026-04-27 20:34:29,model.global_round,14,aggregate,server,,50.0,0.005271000000000026,0.00998600000000005,0.001923000000000008,0.017060999999999993,0.03424100000000008
15,20:35:19,0.883333,0.344077,0.260015,0.369653,0.502866,0.521383,CNN_PLAIN_NoFOG,CNN,PLAIN,NoFOG,6,C:\Users\VivoBook\Downloads\microproyecto2\microproyecto 2 porque wtf\src\hfl_v7-no-ascon-CNN\Results\#6,global_weights_history_4.csv,global_round,2026-04-27 20:35:19,model.global_round,15,aggregate,server,,50.0,0.001572999999999991,0.0006789999999999852,0.0021200000000000108,0.013398000000000021,0.017770000000000008
16,20:36:08,0.783333,0.403012,0.261685,0.376834,0.511881,0.527823,CNN_PLAIN_NoFOG,CNN,PLAIN,NoFOG,6,C:\Users\VivoBook\Downloads\microproyecto2\microproyecto 2 porque wtf\src\hfl_v7-no-ascon-CNN\Results\#6,global_weights_history_4.csv,global_round,2026-04-27 20:36:08,model.global_round,16,aggregate,server,,49.0,0.0016700000000000048,0.007180999999999993,0.009014999999999995,0.006440000000000001,0.024305999999999994
17,20:36:59,0.833333,0.360211,0.264277,0.385355,0.51924,0.533222,CNN_PLAIN_NoFOG,CNN,PLAIN,NoFOG,6,C:\Users\VivoBook\Downloads\microproyecto2\microproyecto 2 porque wtf\src\hfl_v7-no-ascon-CNN\Results\#6,global_weights_history_4.csv,global_round,2026-04-27 20:36:59,model.global_round,17,aggregate,server,,51.0,0.002591999999999983,0.008521,0.007359000000000004,0.005398999999999932,0.02387099999999992
18,20:37:49,0.933333,0.188042,0.267618,0.392416,0.522841,0.547554,CNN_PLAIN_NoFOG,CNN,PLAIN,NoFOG,6,C:\Users\VivoBook\Downloads\microproyecto2\microproyecto 2 porque wtf\src\hfl_v7-no-ascon-CNN\Results\#6,global_weights_history_4.csv,global_round,2026-04-27 20:37:49,model.global_round,18,aggregate,server,,50.0,0.0033410000000000384,0.007060999999999984,0.0036009999999999653,0.014332000000000011,0.028335
19,20:38:39,0.866667,0.314678,0.27195,0.401053,0.529369,0.556234,CNN_PLAIN_NoFOG,CNN,PLAIN,NoFOG,6,C:\Users\VivoBook\Downloads\microproyecto2\microproyecto 2 porque wtf\src\hfl_v7-no-ascon-CNN\Results\#6,global_weights_history_4.csv,global_round,2026-04-27 20:38:39,model.global_round,19,aggregate,server,,50.0,0.0043320000000000025,0.008637000000000006,0.006527999999999978,0.008680000000000021,0.028177000000000008
20,20:39:29,0.833333,0.314242,0.275957,0.404583,0.53487,0.564242,CNN_PLAIN_NoFOG,CNN,PLAIN,NoFOG,6,C:\Users\VivoBook\Downloads\microproyecto2\microproyecto 2 porque wtf\src\hfl_v7-no-ascon-CNN\Results\#6,global_weights_history_4.csv,global_round,2026-04-27 20:39:29,model.global_round,20,aggregate,server,,50.0,0.004006999999999983,0.003530000000000033,0.005500999999999978,0.008008000000000015,0.02104600000000001
1,14:02:10,0.65,1.036337,0.287186,0.290662,0.540861,0.408102,RN_ASCON_FOG,RN,ASCON,FOG,2,C:\Users\VivoBook\Downloads\microproyecto2\microproyecto 2 porque wtf\src\hfl_v7-RN\Results_FOG\#2,global_weights_history_1.csv,global_round,2026-04-23 14:02:10,model.global_round,1,aggregate,server,60.0,,,,,,0.0
2,14:03:04,0.966667,0.133381,0.289557,0.295938,0.557337,0.422628,RN_ASCON_FOG,RN,ASCON,FOG,2,C:\Users\VivoBook\Downloads\microproyecto2\microproyecto 2 porque wtf\src\hfl_v7-RN\Results_FOG\#2,global_weights_history_1.csv,global_round,2026-04-23 14:03:04,model.global_round,2,aggregate,server,60.0,54.0,0.002371000000000012,0.005276000000000003,0.016475999999999935,0.014525999999999983,0.03864899999999993
3,14:04:03,1.0,0.070304,0.293053,0.304038,0.569332,0.438034,RN_ASCON_FOG,RN,ASCON,FOG,2,C:\Users\VivoBook\Downloads\microproyecto2\microproyecto 2 porque wtf\src\hfl_v7-RN\Results_FOG\#2,global_weights_history_1.csv,global_round,2026-04-23 14:04:03,model.global_round,3,aggregate,server,60.0,59.0,0.003495999999999999,0.008099999999999996,0.011994999999999978,0.015405999999999975,0.03899699999999995
4,14:05:02,1.0,0.012215,0.295288,0.309934,0.57664,0.447266,RN_ASCON_FOG,RN,ASCON,FOG,2,C:\Users\VivoBook\Downloads\microproyecto2\microproyecto 2 porque wtf\src\hfl_v7-RN\Results_FOG\#2,global_weights_history_1.csv,global_round,2026-04-23 14:05:02,model.global_round,4,aggregate,server,60.0,59.0,0.002234999999999987,0.005896000000000012,0.007308000000000092,0.009232000000000018,0.02467100000000011
5,14:06:01,1.0,0.019583,0.296817,0.317626,0.583169,0.452443,RN_ASCON_FOG,RN,ASCON,FOG,2,C:\Users\VivoBook\Downloads\microproyecto2\microproyecto 2 porque wtf\src\hfl_v7-RN\Results_FOG\#2,global_weights_history_1.csv,global_round,2026-04-23 14:06:01,model.global_round,5,aggregate,server,60.0,59.0,0.0015290000000000026,0.007692000000000032,0.006529000000000007,0.005176999999999987,0.02092700000000003
6,14:18:53,0.816667,0.386419,0.291338,0.299799,0.5694,0.44173,RN_ASCON_FOG,RN,ASCON,FOG,2,C:\Users\VivoBook\Downloads\microproyecto2\microproyecto 2 porque wtf\src\hfl_v7-RN\Results_FOG\#2,global_weights_history_1.csv,global_round,2026-04-23 14:18:53,model.global_round,6,aggregate,server,60.0,772.0,0.005479000000000012,0.017827000000000037,0.013769000000000031,0.010712999999999973,0.04778800000000005
7,14:19:52,0.95,0.154611,0.293012,0.291723,0.570637,0.445615,RN_ASCON_FOG,RN,ASCON,FOG,2,C:\Users\VivoBook\Downloads\microproyecto2\microproyecto 2 porque wtf\src\hfl_v7-RN\Results_FOG\#2,global_weights_history_1.csv,global_round,2026-04-23 14:19:52,model.global_round,7,aggregate,server,60.0,59.0,0.0016740000000000088,0.008075999999999972,0.0012369999999999326,0.003884999999999972,0.014871999999999885
8,14:20:51,0.916667,0.203556,0.294914,0.288592,0.575429,0.450696,RN_ASCON_FOG,RN,ASCON,FOG,2,C:\Users\VivoBook\Downloads\microproyecto2\microproyecto 2 porque wtf\src\hfl_v7-RN\Results_FOG\#2,global_weights_history_1.csv,global_round,2026-04-23 14:20:51,model.global_round,8,aggregate,server,60.0,59.0,0.0019020000000000148,0.003130999999999995,0.0047920000000000185,0.005081000000000002,0.01490600000000003
9,14:21:51,0.883333,0.253677,0.294464,0.284457,0.577819,0.450869,RN_ASCON_FOG,RN,ASCON,FOG,2,C:\Users\VivoBook\Downloads\microproyecto2\microproyecto 2 porque wtf\src\hfl_v7-RN\Results_FOG\#2,global_weights_history_1.csv,global_round,2026-04-23 14:21:51,model.global_round,9,aggregate,server,60.0,60.0,0.00045000000000000595,0.004135,0.0023900000000000032,0.00017300000000003424,0.007148000000000043
10,14:22:51,0.966667,0.092198,0.294852,0.286798,0.581479,0.449892,RN_ASCON_FOG,RN,ASCON,FOG,2,C:\Users\VivoBook\Downloads\microproyecto2\microproyecto 2 porque wtf\src\hfl_v7-RN\Results_FOG\#2,global_weights_history_1.csv,global_round,2026-04-23 14:22:51,model.global_round,10,aggregate,server,60.0,60.0,0.00038799999999999946,0.002340999999999982,0.0036599999999999966,0.0009770000000000056,0.007365999999999984
11,14:23:51,0.966667,0.105934,0.296492,0.288125,0.586592,0.449027,RN_ASCON_FOG,RN,ASCON,FOG,2,C:\Users\VivoBook\Downloads\microproyecto2\microproyecto 2 porque wtf\src\hfl_v7-RN\Results_FOG\#2,global_weights_history_1.csv,global_round,2026-04-23 14:23:51,model.global_round,11,aggregate,server,60.0,60.0,0.0016399999999999748,0.0013270000000000226,0.005113000000000034,0.0008650000000000047,0.008945000000000036
12,14:24:50,0.966667,0.085705,0.297955,0.288143,0.592138,0.447128,RN_ASCON_FOG,RN,ASCON,FOG,2,C:\Users\VivoBook\Downloads\microproyecto2\microproyecto 2 porque wtf\src\hfl_v7-RN\Results_FOG\#2,global_weights_history_1.csv,global_round,2026-04-23 14:24:50,model.global_round,12,aggregate,server,60.0,59.0,0.0014630000000000476,1.799999999996249e-05,0.005546000000000051,0.001898999999999984,0.008926000000000045
13,14:25:49,0.9,0.281046,0.299497,0.293492,0.597228,0.44716,RN_ASCON_FOG,RN,ASCON,FOG,2,C:\Users\VivoBook\Downloads\microproyecto2\microproyecto 2 porque wtf\src\hfl_v7-RN\Results_FOG\#2,global_weights_history_1.csv,global_round,2026-04-23 14:25:49,model.global_round,13,aggregate,server,60.0,59.0,0.0015419999999999878,0.005348999999999993,0.005089999999999928,3.199999999997649e-05,0.012012999999999885
14,14:26:48,0.95,0.15832,0.299317,0.293819,0.598041,0.448851,RN_ASCON_FOG,RN,ASCON,FOG,2,C:\Users\VivoBook\Downloads\microproyecto2\microproyecto 2 porque wtf\src\hfl_v7-RN\Results_FOG\#2,global_weights_history_1.csv,global_round,2026-04-23 14:26:48,model.global_round,14,aggregate,server,60.0,59.0,0.00018000000000001348,0.0003270000000000217,0.0008130000000000637,0.001690999999999998,0.003011000000000097
15,14:27:48,0.95,0.110159,0.299878,0.298244,0.600087,0.451663,RN_ASCON_FOG,RN,ASCON,FOG,2,C:\Users\VivoBook\Downloads\microproyecto2\microproyecto 2 porque wtf\src\hfl_v7-RN\Results_FOG\#2,global_weights_history_1.csv,global_round,2026-04-23 14:27:48,model.global_round,15,aggregate,server,60.0,60.0,0.0005609999999999782,0.004425000000000012,0.0020459999999999923,0.002811999999999981,0.009843999999999964
16,14:28:47,0.983333,0.055771,0.299922,0.30102,0.600761,0.448276,RN_ASCON_FOG,RN,ASCON,FOG,2,C:\Users\VivoBook\Downloads\microproyecto2\microproyecto 2 porque wtf\src\hfl_v7-RN\Results_FOG\#2,global_weights_history_1.csv,global_round,2026-04-23 14:28:47,model.global_round,16,aggregate,server,60.0,59.0,4.4000000000044004e-05,0.0027760000000000007,0.0006739999999999524,0.0033869999999999734,0.0068809999999999705
17,14:29:47,0.95,0.138499,0.300403,0.299727,0.598535,0.447292,RN_ASCON_FOG,RN,ASCON,FOG,2,C:\Users\VivoBook\Downloads\microproyecto2\microproyecto 2 porque wtf\src\hfl_v7-RN\Results_FOG\#2,global_weights_history_1.csv,global_round,2026-04-23 14:29:47,model.global_round,17,aggregate,server,60.0,60.0,0.0004809999999999537,0.0012929999999999886,0.0022259999999999502,0.0009839999999999849,0.004983999999999877
18,14:30:47,0.916667,0.180397,0.298325,0.294614,0.5847,0.445348,RN_ASCON_FOG,RN,ASCON,FOG,2,C:\Users\VivoBook\Downloads\microproyecto2\microproyecto 2 porque wtf\src\hfl_v7-RN\Results_FOG\#2,global_weights_history_1.csv,global_round,2026-04-23 14:30:47,model.global_round,18,aggregate,server,60.0,60.0,0.0020779999999999688,0.005113000000000034,0.013835000000000042,0.0019440000000000013,0.022970000000000046
19,14:31:47,0.933333,0.332832,0.29848,0.294546,0.582769,0.450291,RN_ASCON_FOG,RN,ASCON,FOG,2,C:\Users\VivoBook\Downloads\microproyecto2\microproyecto 2 porque wtf\src\hfl_v7-RN\Results_FOG\#2,global_weights_history_1.csv,global_round,2026-04-23 14:31:47,model.global_round,19,aggregate,server,60.0,60.0,0.00015500000000001624,6.80000000000125e-05,0.001931000000000016,0.004942999999999975,0.00709700000000002
20,14:32:47,0.916667,0.137873,0.297645,0.30019,0.578722,0.454794,RN_ASCON_FOG,RN,ASCON,FOG,2,C:\Users\VivoBook\Downloads\microproyecto2\microproyecto 2 porque wtf\src\hfl_v7-RN\Results_FOG\#2,global_weights_history_1.csv,global_round,2026-04-23 14:32:47,model.global_round,20,aggregate,server,60.0,60.0,0.0008350000000000302,0.005644000000000038,0.004047000000000023,0.004502999999999979,0.01502900000000007
1,14:42:44,0.666667,0.980691,0.287749,0.290924,0.535652,0.41067,RN_ASCON_FOG,RN,ASCON,FOG,3,C:\Users\VivoBook\Downloads\microproyecto2\microproyecto 2 porque wtf\src\hfl_v7-RN\Results_FOG\#3,global_weights_history_2.csv,global_round,2026-04-23 14:42:44,model.global_round,1,aggregate,server,60.0,,,,,,0.0
2,14:43:37,0.933333,0.212312,0.291749,0.295974,0.550254,0.429194,RN_ASCON_FOG,RN,ASCON,FOG,3,C:\Users\VivoBook\Downloads\microproyecto2\microproyecto 2 porque wtf\src\hfl_v7-RN\Results_FOG\#3,global_weights_history_2.csv,global_round,2026-04-23 14:43:37,model.global_round,2,aggregate,server,60.0,53.0,0.0040000000000000036,0.005049999999999999,0.014602000000000004,0.01852400000000004,0.04217600000000005
3,14:44:36,0.983333,0.077202,0.295285,0.306091,0.558854,0.441196,RN_ASCON_FOG,RN,ASCON,FOG,3,C:\Users\VivoBook\Downloads\microproyecto2\microproyecto 2 porque wtf\src\hfl_v7-RN\Results_FOG\#3,global_weights_history_2.csv,global_round,2026-04-23 14:44:36,model.global_round,3,aggregate,server,60.0,59.0,0.003536000000000039,0.010116999999999987,0.008599999999999941,0.012001999999999957,0.034254999999999924
4,14:45:35,1.0,0.014514,0.297523,0.310557,0.563651,0.449094,RN_ASCON_FOG,RN,ASCON,FOG,3,C:\Users\VivoBook\Downloads\microproyecto2\microproyecto 2 porque wtf\src\hfl_v7-RN\Results_FOG\#3,global_weights_history_2.csv,global_round,2026-04-23 14:45:35,model.global_round,4,aggregate,server,60.0,59.0,0.0022379999999999622,0.0044660000000000255,0.004797000000000051,0.007898000000000016,0.019399000000000055
5,14:46:35,1.0,0.011003,0.298988,0.313779,0.567365,0.454204,RN_ASCON_FOG,RN,ASCON,FOG,3,C:\Users\VivoBook\Downloads\microproyecto2\microproyecto 2 porque wtf\src\hfl_v7-RN\Results_FOG\#3,global_weights_history_2.csv,global_round,2026-04-23 14:46:35,model.global_round,5,aggregate,server,60.0,60.0,0.001464999999999994,0.003221999999999947,0.003713999999999995,0.005110000000000003,0.01351099999999994
6,14:50:45,0.85,0.745828,0.290133,0.302893,0.548519,0.443126,RN_ASCON_FOG,RN,ASCON,FOG,3,C:\Users\VivoBook\Downloads\microproyecto2\microproyecto 2 porque wtf\src\hfl_v7-RN\Results_FOG\#3,global_weights_history_2.csv,global_round,2026-04-23 14:50:45,model.global_round,6,aggregate,server,60.0,250.0,0.008855000000000002,0.010885999999999951,0.01884600000000003,0.011077999999999977,0.04966499999999996
7,14:51:44,0.85,0.299323,0.286493,0.291518,0.54708,0.433947,RN_ASCON_FOG,RN,ASCON,FOG,3,C:\Users\VivoBook\Downloads\microproyecto2\microproyecto 2 porque wtf\src\hfl_v7-RN\Results_FOG\#3,global_weights_history_2.csv,global_round,2026-04-23 14:51:44,model.global_round,7,aggregate,server,60.0,59.0,0.0036399999999999766,0.011375000000000024,0.001438999999999968,0.009178999999999993,0.02563299999999996
8,14:52:44,0.866667,0.349915,0.285786,0.286819,0.53851,0.437128,RN_ASCON_FOG,RN,ASCON,FOG,3,C:\Users\VivoBook\Downloads\microproyecto2\microproyecto 2 porque wtf\src\hfl_v7-RN\Results_FOG\#3,global_weights_history_2.csv,global_round,2026-04-23 14:52:44,model.global_round,8,aggregate,server,60.0,60.0,0.0007070000000000132,0.004699000000000009,0.008569999999999967,0.0031809999999999894,0.017156999999999978
9,14:53:45,0.85,0.398243,0.284914,0.282018,0.527193,0.44194,RN_ASCON_FOG,RN,ASCON,FOG,3,C:\Users\VivoBook\Downloads\microproyecto2\microproyecto 2 porque wtf\src\hfl_v7-RN\Results_FOG\#3,global_weights_history_2.csv,global_round,2026-04-23 14:53:45,model.global_round,9,aggregate,server,60.0,61.0,0.0008719999999999839,0.004801,0.011317000000000021,0.004811999999999983,0.021801999999999988
10,14:54:44,0.8,0.421882,0.284429,0.281093,0.522173,0.445461,RN_ASCON_FOG,RN,ASCON,FOG,3,C:\Users\VivoBook\Downloads\microproyecto2\microproyecto 2 porque wtf\src\hfl_v7-RN\Results_FOG\#3,global_weights_history_2.csv,global_round,2026-04-23 14:54:44,model.global_round,10,aggregate,server,60.0,59.0,0.0004850000000000132,0.0009250000000000091,0.0050200000000000244,0.0035209999999999964,0.009951000000000043
11,14:55:44,0.883333,0.268228,0.28446,0.277956,0.521021,0.450797,RN_ASCON_FOG,RN,ASCON,FOG,3,C:\Users\VivoBook\Downloads\microproyecto2\microproyecto 2 porque wtf\src\hfl_v7-RN\Results_FOG\#3,global_weights_history_2.csv,global_round,2026-04-23 14:55:44,model.global_round,11,aggregate,server,60.0,60.0,3.100000000000325e-05,0.003137000000000001,0.0011520000000000419,0.005336000000000007,0.009656000000000053
12,14:56:43,0.95,0.227687,0.286386,0.278603,0.525701,0.45228,RN_ASCON_FOG,RN,ASCON,FOG,3,C:\Users\VivoBook\Downloads\microproyecto2\microproyecto 2 porque wtf\src\hfl_v7-RN\Results_FOG\#3,global_weights_history_2.csv,global_round,2026-04-23 14:56:43,model.global_round,12,aggregate,server,60.0,59.0,0.0019259999999999833,0.0006470000000000087,0.0046800000000000175,0.001483000000000012,0.008736000000000022
13,14:57:43,0.95,0.283499,0.287451,0.281416,0.526805,0.454881,RN_ASCON_FOG,RN,ASCON,FOG,3,C:\Users\VivoBook\Downloads\microproyecto2\microproyecto 2 porque wtf\src\hfl_v7-RN\Results_FOG\#3,global_weights_history_2.csv,global_round,2026-04-23 14:57:43,model.global_round,13,aggregate,server,60.0,60.0,0.0010650000000000381,0.00281300000000001,0.0011039999999999939,0.0026009999999999645,0.007583000000000006
14,14:58:42,0.883333,0.356405,0.287134,0.276257,0.530427,0.45794,RN_ASCON_FOG,RN,ASCON,FOG,3,C:\Users\VivoBook\Downloads\microproyecto2\microproyecto 2 porque wtf\src\hfl_v7-RN\Results_FOG\#3,global_weights_history_2.csv,global_round,2026-04-23 14:58:42,model.global_round,14,aggregate,server,60.0,59.0,0.0003170000000000117,0.005159000000000025,0.003622000000000014,0.003059000000000034,0.012157000000000084
15,14:59:42,0.883333,0.231344,0.287229,0.272059,0.530193,0.46076,RN_ASCON_FOG,RN,ASCON,FOG,3,C:\Users\VivoBook\Downloads\microproyecto2\microproyecto 2 porque wtf\src\hfl_v7-RN\Results_FOG\#3,global_weights_history_2.csv,global_round,2026-04-23 14:59:42,model.global_round,15,aggregate,server,60.0,60.0,9.500000000001174e-05,0.0041979999999999795,0.00023399999999995647,0.002819999999999989,0.007346999999999937
16,15:00:41,0.983333,0.080164,0.287835,0.277333,0.530009,0.461385,RN_ASCON_FOG,RN,ASCON,FOG,3,C:\Users\VivoBook\Downloads\microproyecto2\microproyecto 2 porque wtf\src\hfl_v7-RN\Results_FOG\#3,global_weights_history_2.csv,global_round,2026-04-23 15:00:41,model.global_round,16,aggregate,server,60.0,59.0,0.0006059999999999954,0.005274000000000001,0.000184000000000073,0.0006249999999999867,0.006689000000000056
17,15:01:41,0.983333,0.071114,0.289601,0.283219,0.533068,0.46444,RN_ASCON_FOG,RN,ASCON,FOG,3,C:\Users\VivoBook\Downloads\microproyecto2\microproyecto 2 porque wtf\src\hfl_v7-RN\Results_FOG\#3,global_weights_history_2.csv,global_round,2026-04-23 15:01:41,model.global_round,17,aggregate,server,60.0,60.0,0.0017659999999999898,0.005886000000000002,0.003059000000000034,0.00305500000000003,0.013766000000000056
18,15:02:40,0.95,0.127595,0.290647,0.283952,0.535015,0.469269,RN_ASCON_FOG,RN,ASCON,FOG,3,C:\Users\VivoBook\Downloads\microproyecto2\microproyecto 2 porque wtf\src\hfl_v7-RN\Results_FOG\#3,global_weights_history_2.csv,global_round,2026-04-23 15:02:40,model.global_round,18,aggregate,server,60.0,59.0,0.0010459999999999914,0.0007329999999999837,0.001947000000000032,0.004828999999999972,0.00855499999999998
19,15:03:39,0.983333,0.071734,0.29205,0.282698,0.536168,0.473158,RN_ASCON_FOG,RN,ASCON,FOG,3,C:\Users\VivoBook\Downloads\microproyecto2\microproyecto 2 porque wtf\src\hfl_v7-RN\Results_FOG\#3,global_weights_history_2.csv,global_round,2026-04-23 15:03:39,model.global_round,19,aggregate,server,60.0,59.0,0.0014029999999999876,0.0012539999999999774,0.0011529999999999596,0.0038890000000000313,0.007698999999999956
20,15:04:39,1.0,0.042478,0.292665,0.287629,0.534136,0.475837,RN_ASCON_FOG,RN,ASCON,FOG,3,C:\Users\VivoBook\Downloads\microproyecto2\microproyecto 2 porque wtf\src\hfl_v7-RN\Results_FOG\#3,global_weights_history_2.csv,global_round,2026-04-23 15:04:39,model.global_round,20,aggregate,server,60.0,60.0,0.0006150000000000322,0.004931000000000019,0.0020319999999999228,0.002678999999999987,0.01025699999999996
1,00:29:03,0.766667,0.627053,0.288849,0.291005,0.540362,0.410342,RN_ASCON_FOG,RN,ASCON,FOG,4,C:\Users\VivoBook\Downloads\microproyecto2\microproyecto 2 porque wtf\src\hfl_v7-RN\Results_FOG\#4,global_weights_history_4.csv,global_round,2026-04-24 00:29:03,model.global_round,1,aggregate,server,60.0,,,,,,0.0
2,00:29:59,1.0,0.107861,0.293531,0.297168,0.554688,0.427162,RN_ASCON_FOG,RN,ASCON,FOG,4,C:\Users\VivoBook\Downloads\microproyecto2\microproyecto 2 porque wtf\src\hfl_v7-RN\Results_FOG\#4,global_weights_history_4.csv,global_round,2026-04-24 00:29:59,model.global_round,2,aggregate,server,60.0,56.0,0.004681999999999964,0.006162999999999974,0.01432599999999995,0.01682,0.04199099999999989
3,00:30:58,1.0,0.037812,0.298353,0.306077,0.565808,0.441999,RN_ASCON_FOG,RN,ASCON,FOG,4,C:\Users\VivoBook\Downloads\microproyecto2\microproyecto 2 porque wtf\src\hfl_v7-RN\Results_FOG\#4,global_weights_history_4.csv,global_round,2026-04-24 00:30:58,model.global_round,3,aggregate,server,60.0,59.0,0.004821999999999993,0.008909,0.011120000000000019,0.014836999999999989,0.039688
4,00:31:57,0.983333,0.034793,0.301168,0.312609,0.572062,0.448968,RN_ASCON_FOG,RN,ASCON,FOG,4,C:\Users\VivoBook\Downloads\microproyecto2\microproyecto 2 porque wtf\src\hfl_v7-RN\Results_FOG\#4,global_weights_history_4.csv,global_round,2026-04-24 00:31:57,model.global_round,4,aggregate,server,60.0,59.0,0.002815000000000012,0.006532000000000038,0.006253999999999982,0.006969000000000003,0.022570000000000034
5,00:33:09,1.0,0.015812,0.303033,0.320266,0.57631,0.453949,RN_ASCON_FOG,RN,ASCON,FOG,4,C:\Users\VivoBook\Downloads\microproyecto2\microproyecto 2 porque wtf\src\hfl_v7-RN\Results_FOG\#4,global_weights_history_4.csv,global_round,2026-04-24 00:33:09,model.global_round,5,aggregate,server,60.0,72.0,0.0018650000000000055,0.007656999999999969,0.0042480000000000295,0.004981000000000013,0.018751000000000018
6,00:34:08,0.866667,0.337418,0.296801,0.303541,0.565666,0.449237,RN_ASCON_FOG,RN,ASCON,FOG,4,C:\Users\VivoBook\Downloads\microproyecto2\microproyecto 2 porque wtf\src\hfl_v7-RN\Results_FOG\#4,global_weights_history_4.csv,global_round,2026-04-24 00:34:08,model.global_round,6,aggregate,server,60.0,59.0,0.006232000000000015,0.01672499999999999,0.010643999999999987,0.004711999999999994,0.038312999999999986
7,00:35:07,0.916667,0.149756,0.295076,0.293798,0.567769,0.44798,RN_ASCON_FOG,RN,ASCON,FOG,4,C:\Users\VivoBook\Downloads\microproyecto2\microproyecto 2 porque wtf\src\hfl_v7-RN\Results_FOG\#4,global_weights_history_4.csv,global_round,2026-04-24 00:35:07,model.global_round,7,aggregate,server,60.0,59.0,0.0017249999999999766,0.009743000000000002,0.002102999999999966,0.0012570000000000081,0.014827999999999952
8,00:36:06,0.933333,0.116295,0.295023,0.291104,0.570083,0.449617,RN_ASCON_FOG,RN,ASCON,FOG,4,C:\Users\VivoBook\Downloads\microproyecto2\microproyecto 2 porque wtf\src\hfl_v7-RN\Results_FOG\#4,global_weights_history_4.csv,global_round,2026-04-24 00:36:06,model.global_round,8,aggregate,server,60.0,59.0,5.300000000002525e-05,0.0026940000000000297,0.0023140000000000382,0.0016369999999999996,0.006698000000000093
9,00:37:05,0.9,0.201931,0.296207,0.292864,0.572124,0.449834,RN_ASCON_FOG,RN,ASCON,FOG,4,C:\Users\VivoBook\Downloads\microproyecto2\microproyecto 2 porque wtf\src\hfl_v7-RN\Results_FOG\#4,global_weights_history_4.csv,global_round,2026-04-24 00:37:05,model.global_round,9,aggregate,server,60.0,59.0,0.0011840000000000184,0.0017600000000000393,0.0020409999999999595,0.00021700000000002273,0.00520200000000004
10,00:38:05,0.933333,0.104356,0.298052,0.295621,0.575593,0.452395,RN_ASCON_FOG,RN,ASCON,FOG,4,C:\Users\VivoBook\Downloads\microproyecto2\microproyecto 2 porque wtf\src\hfl_v7-RN\Results_FOG\#4,global_weights_history_4.csv,global_round,2026-04-24 00:38:05,model.global_round,10,aggregate,server,60.0,60.0,0.0018449999999999855,0.0027570000000000094,0.0034690000000000554,0.00256099999999998,0.01063200000000003
11,00:39:03,0.966667,0.157546,0.297443,0.299586,0.576663,0.452336,RN_ASCON_FOG,RN,ASCON,FOG,4,C:\Users\VivoBook\Downloads\microproyecto2\microproyecto 2 porque wtf\src\hfl_v7-RN\Results_FOG\#4,global_weights_history_4.csv,global_round,2026-04-24 00:39:03,model.global_round,11,aggregate,server,60.0,58.0,0.0006089999999999707,0.003964999999999996,0.0010700000000000154,5.899999999997574e-05,0.005702999999999958
12,00:40:02,0.983333,0.088048,0.297482,0.299117,0.578555,0.453862,RN_ASCON_FOG,RN,ASCON,FOG,4,C:\Users\VivoBook\Downloads\microproyecto2\microproyecto 2 porque wtf\src\hfl_v7-RN\Results_FOG\#4,global_weights_history_4.csv,global_round,2026-04-24 00:40:02,model.global_round,12,aggregate,server,60.0,59.0,3.900000000001125e-05,0.0004689999999999972,0.0018920000000000048,0.0015259999999999718,0.003925999999999985
13,00:41:02,1.0,0.010168,0.298405,0.298249,0.581472,0.455235,RN_ASCON_FOG,RN,ASCON,FOG,4,C:\Users\VivoBook\Downloads\microproyecto2\microproyecto 2 porque wtf\src\hfl_v7-RN\Results_FOG\#4,global_weights_history_4.csv,global_round,2026-04-24 00:41:02,model.global_round,13,aggregate,server,60.0,60.0,0.0009229999999999516,0.0008680000000000354,0.0029169999999999474,0.001373000000000013,0.0060809999999999476
14,00:42:00,0.983333,0.066891,0.299647,0.303819,0.583616,0.456863,RN_ASCON_FOG,RN,ASCON,FOG,4,C:\Users\VivoBook\Downloads\microproyecto2\microproyecto 2 porque wtf\src\hfl_v7-RN\Results_FOG\#4,global_weights_history_4.csv,global_round,2026-04-24 00:42:00,model.global_round,14,aggregate,server,60.0,58.0,0.0012420000000000209,0.005570000000000019,0.0021440000000000348,0.0016280000000000183,0.010584000000000093
15,00:43:00,0.95,0.147252,0.299934,0.305306,0.583216,0.458022,RN_ASCON_FOG,RN,ASCON,FOG,4,C:\Users\VivoBook\Downloads\microproyecto2\microproyecto 2 porque wtf\src\hfl_v7-RN\Results_FOG\#4,global_weights_history_4.csv,global_round,2026-04-24 00:43:00,model.global_round,15,aggregate,server,60.0,60.0,0.0002869999999999817,0.001487000000000016,0.00040000000000006697,0.0011589999999999656,0.0033330000000000304
16,00:43:58,0.966667,0.113042,0.299795,0.306022,0.583707,0.458461,RN_ASCON_FOG,RN,ASCON,FOG,4,C:\Users\VivoBook\Downloads\microproyecto2\microproyecto 2 porque wtf\src\hfl_v7-RN\Results_FOG\#4,global_weights_history_4.csv,global_round,2026-04-24 00:43:58,model.global_round,16,aggregate,server,60.0,58.0,0.00013900000000000023,0.0007159999999999944,0.0004910000000000192,0.0004390000000000227,0.0017850000000000366
17,00:44:59,0.95,0.079381,0.299932,0.308517,0.584622,0.459576,RN_ASCON_FOG,RN,ASCON,FOG,4,C:\Users\VivoBook\Downloads\microproyecto2\microproyecto 2 porque wtf\src\hfl_v7-RN\Results_FOG\#4,global_weights_history_4.csv,global_round,2026-04-24 00:44:59,model.global_round,17,aggregate,server,60.0,61.0,0.00013699999999999823,0.0024949999999999695,0.0009149999999999991,0.0011149999999999771,0.004661999999999944
18,00:45:59,0.95,0.087961,0.300752,0.309259,0.586172,0.46027,RN_ASCON_FOG,RN,ASCON,FOG,4,C:\Users\VivoBook\Downloads\microproyecto2\microproyecto 2 porque wtf\src\hfl_v7-RN\Results_FOG\#4,global_weights_history_4.csv,global_round,2026-04-24 00:45:59,model.global_round,18,aggregate,server,60.0,60.0,0.0008200000000000429,0.0007420000000000204,0.0015500000000000513,0.0006940000000000279,0.0038060000000001426
19,00:46:59,0.95,0.104338,0.300792,0.307269,0.587669,0.455442,RN_ASCON_FOG,RN,ASCON,FOG,4,C:\Users\VivoBook\Downloads\microproyecto2\microproyecto 2 porque wtf\src\hfl_v7-RN\Results_FOG\#4,global_weights_history_4.csv,global_round,2026-04-24 00:46:59,model.global_round,19,aggregate,server,60.0,60.0,3.999999999998449e-05,0.0019899999999999918,0.0014969999999999706,0.004827999999999999,0.008354999999999946
20,00:47:57,0.966667,0.104373,0.301183,0.304917,0.591928,0.453529,RN_ASCON_FOG,RN,ASCON,FOG,4,C:\Users\VivoBook\Downloads\microproyecto2\microproyecto 2 porque wtf\src\hfl_v7-RN\Results_FOG\#4,global_weights_history_4.csv,global_round,2026-04-24 00:47:57,model.global_round,20,aggregate,server,60.0,58.0,0.0003909999999999747,0.0023520000000000207,0.004259000000000013,0.001912999999999998,0.008915000000000006
1,00:53:37,0.733333,0.858126,0.288848,0.292186,0.539381,0.408555,RN_ASCON_FOG,RN,ASCON,FOG,5,C:\Users\VivoBook\Downloads\microproyecto2\microproyecto 2 porque wtf\src\hfl_v7-RN\Results_FOG\#5,global_weights_history_5.csv,global_round,2026-04-24 00:53:37,model.global_round,1,aggregate,server,60.0,,,,,,0.0
2,00:54:32,0.916667,0.205928,0.293576,0.296666,0.554718,0.426251,RN_ASCON_FOG,RN,ASCON,FOG,5,C:\Users\VivoBook\Downloads\microproyecto2\microproyecto 2 porque wtf\src\hfl_v7-RN\Results_FOG\#5,global_weights_history_5.csv,global_round,2026-04-24 00:54:32,model.global_round,2,aggregate,server,60.0,55.0,0.00472800000000001,0.004479999999999984,0.015337000000000045,0.01769599999999999,0.04224100000000003
3,00:55:30,1.0,0.045253,0.297318,0.30858,0.562832,0.439511,RN_ASCON_FOG,RN,ASCON,FOG,5,C:\Users\VivoBook\Downloads\microproyecto2\microproyecto 2 porque wtf\src\hfl_v7-RN\Results_FOG\#5,global_weights_history_5.csv,global_round,2026-04-24 00:55:30,model.global_round,3,aggregate,server,60.0,58.0,0.003742000000000023,0.011914000000000036,0.008113999999999955,0.013259999999999994,0.03703000000000001
4,00:56:29,1.0,0.021948,0.299598,0.314316,0.568383,0.447861,RN_ASCON_FOG,RN,ASCON,FOG,5,C:\Users\VivoBook\Downloads\microproyecto2\microproyecto 2 porque wtf\src\hfl_v7-RN\Results_FOG\#5,global_weights_history_5.csv,global_round,2026-04-24 00:56:29,model.global_round,4,aggregate,server,60.0,59.0,0.0022799999999999487,0.005735999999999963,0.005550999999999973,0.008350000000000024,0.02191699999999991
5,00:57:28,1.0,0.017994,0.301232,0.318588,0.57256,0.453631,RN_ASCON_FOG,RN,ASCON,FOG,5,C:\Users\VivoBook\Downloads\microproyecto2\microproyecto 2 porque wtf\src\hfl_v7-RN\Results_FOG\#5,global_weights_history_5.csv,global_round,2026-04-24 00:57:28,model.global_round,5,aggregate,server,60.0,59.0,0.0016340000000000243,0.004271999999999998,0.004176999999999986,0.005769999999999997,0.015853000000000006
6,00:58:56,0.933333,0.169881,0.296474,0.317445,0.553815,0.449515,RN_ASCON_FOG,RN,ASCON,FOG,5,C:\Users\VivoBook\Downloads\microproyecto2\microproyecto 2 porque wtf\src\hfl_v7-RN\Results_FOG\#5,global_weights_history_5.csv,global_round,2026-04-24 00:58:56,model.global_round,6,aggregate,server,60.0,88.0,0.0047579999999999845,0.0011430000000000051,0.01874500000000001,0.0041160000000000085,0.02876200000000001
7,00:59:54,0.85,0.357606,0.295673,0.315913,0.544301,0.453856,RN_ASCON_FOG,RN,ASCON,FOG,5,C:\Users\VivoBook\Downloads\microproyecto2\microproyecto 2 porque wtf\src\hfl_v7-RN\Results_FOG\#5,global_weights_history_5.csv,global_round,2026-04-24 00:59:54,model.global_round,7,aggregate,server,60.0,58.0,0.0008009999999999962,0.0015319999999999778,0.009513999999999911,0.004340999999999984,0.01618799999999987
8,01:00:55,0.966667,0.124189,0.296945,0.318884,0.548585,0.458025,RN_ASCON_FOG,RN,ASCON,FOG,5,C:\Users\VivoBook\Downloads\microproyecto2\microproyecto 2 porque wtf\src\hfl_v7-RN\Results_FOG\#5,global_weights_history_5.csv,global_round,2026-04-24 01:00:55,model.global_round,8,aggregate,server,60.0,61.0,0.0012719999999999954,0.0029710000000000014,0.0042839999999999545,0.004169000000000034,0.012695999999999985
9,01:01:54,0.933333,0.130759,0.297816,0.317536,0.55034,0.460752,RN_ASCON_FOG,RN,ASCON,FOG,5,C:\Users\VivoBook\Downloads\microproyecto2\microproyecto 2 porque wtf\src\hfl_v7-RN\Results_FOG\#5,global_weights_history_5.csv,global_round,2026-04-24 01:01:54,model.global_round,9,aggregate,server,60.0,59.0,0.0008710000000000107,0.0013480000000000159,0.001755000000000062,0.0027269999999999794,0.006701000000000068
10,01:02:52,0.95,0.094415,0.298196,0.318013,0.553906,0.46181,RN_ASCON_FOG,RN,ASCON,FOG,5,C:\Users\VivoBook\Downloads\microproyecto2\microproyecto 2 porque wtf\src\hfl_v7-RN\Results_FOG\#5,global_weights_history_5.csv,global_round,2026-04-24 01:02:52,model.global_round,10,aggregate,server,60.0,58.0,0.00037999999999999146,0.0004770000000000052,0.003565999999999958,0.0010580000000000034,0.005480999999999958
11,01:03:52,0.866667,0.373334,0.299219,0.317306,0.55475,0.4646,RN_ASCON_FOG,RN,ASCON,FOG,5,C:\Users\VivoBook\Downloads\microproyecto2\microproyecto 2 porque wtf\src\hfl_v7-RN\Results_FOG\#5,global_weights_history_5.csv,global_round,2026-04-24 01:03:52,model.global_round,11,aggregate,server,60.0,60.0,0.0010229999999999961,0.0007070000000000132,0.0008439999999999559,0.0027900000000000147,0.00536399999999998
12,01:04:51,1.0,0.023081,0.299756,0.317483,0.555983,0.466674,RN_ASCON_FOG,RN,ASCON,FOG,5,C:\Users\VivoBook\Downloads\microproyecto2\microproyecto 2 porque wtf\src\hfl_v7-RN\Results_FOG\#5,global_weights_history_5.csv,global_round,2026-04-24 01:04:51,model.global_round,12,aggregate,server,60.0,59.0,0.0005370000000000097,0.00017700000000003824,0.0012330000000000396,0.0020739999999999648,0.004021000000000052
13,01:05:50,0.966667,0.07465,0.300913,0.321606,0.559229,0.469918,RN_ASCON_FOG,RN,ASCON,FOG,5,C:\Users\VivoBook\Downloads\microproyecto2\microproyecto 2 porque wtf\src\hfl_v7-RN\Results_FOG\#5,global_weights_history_5.csv,global_round,2026-04-24 01:05:50,model.global_round,13,aggregate,server,60.0,59.0,0.0011569999999999636,0.004122999999999988,0.003245999999999971,0.0032440000000000246,0.011769999999999947
14,01:06:49,1.0,0.030015,0.301426,0.317769,0.559423,0.471909,RN_ASCON_FOG,RN,ASCON,FOG,5,C:\Users\VivoBook\Downloads\microproyecto2\microproyecto 2 porque wtf\src\hfl_v7-RN\Results_FOG\#5,global_weights_history_5.csv,global_round,2026-04-24 01:06:49,model.global_round,14,aggregate,server,60.0,59.0,0.0005130000000000412,0.0038369999999999793,0.00019400000000002748,0.0019910000000000205,0.0065350000000000685
15,01:07:50,0.983333,0.066839,0.302125,0.316285,0.560045,0.474803,RN_ASCON_FOG,RN,ASCON,FOG,5,C:\Users\VivoBook\Downloads\microproyecto2\microproyecto 2 porque wtf\src\hfl_v7-RN\Results_FOG\#5,global_weights_history_5.csv,global_round,2026-04-24 01:07:50,model.global_round,15,aggregate,server,60.0,61.0,0.0006989999999999497,0.0014840000000000408,0.0006220000000000114,0.002893999999999952,0.005698999999999954
16,01:08:49,0.966667,0.083067,0.302876,0.318517,0.561811,0.477415,RN_ASCON_FOG,RN,ASCON,FOG,5,C:\Users\VivoBook\Downloads\microproyecto2\microproyecto 2 porque wtf\src\hfl_v7-RN\Results_FOG\#5,global_weights_history_5.csv,global_round,2026-04-24 01:08:49,model.global_round,16,aggregate,server,60.0,59.0,0.0007510000000000017,0.0022320000000000118,0.0017659999999999343,0.002612000000000003,0.007360999999999951
17,01:09:48,0.95,0.229773,0.302821,0.316278,0.564152,0.47913,RN_ASCON_FOG,RN,ASCON,FOG,5,C:\Users\VivoBook\Downloads\microproyecto2\microproyecto 2 porque wtf\src\hfl_v7-RN\Results_FOG\#5,global_weights_history_5.csv,global_round,2026-04-24 01:09:48,model.global_round,17,aggregate,server,60.0,59.0,5.499999999997174e-05,0.002238999999999991,0.0023410000000000375,0.001715000000000022,0.006350000000000022
18,01:10:47,0.983333,0.066328,0.30338,0.315674,0.565572,0.48192,RN_ASCON_FOG,RN,ASCON,FOG,5,C:\Users\VivoBook\Downloads\microproyecto2\microproyecto 2 porque wtf\src\hfl_v7-RN\Results_FOG\#5,global_weights_history_5.csv,global_round,2026-04-24 01:10:47,model.global_round,18,aggregate,server,60.0,59.0,0.0005589999999999762,0.0006039999999999934,0.0014199999999999768,0.0027900000000000147,0.005372999999999961
19,01:11:46,0.966667,0.083263,0.303716,0.313364,0.566744,0.481492,RN_ASCON_FOG,RN,ASCON,FOG,5,C:\Users\VivoBook\Downloads\microproyecto2\microproyecto 2 porque wtf\src\hfl_v7-RN\Results_FOG\#5,global_weights_history_5.csv,global_round,2026-04-24 01:11:46,model.global_round,19,aggregate,server,60.0,59.0,0.00033600000000000296,0.0023100000000000342,0.0011720000000000619,0.00042800000000003946,0.0042460000000001386
20,01:12:45,0.983333,0.047601,0.304046,0.309896,0.569438,0.481181,RN_ASCON_FOG,RN,ASCON,FOG,5,C:\Users\VivoBook\Downloads\microproyecto2\microproyecto 2 porque wtf\src\hfl_v7-RN\Results_FOG\#5,global_weights_history_5.csv,global_round,2026-04-24 01:12:45,model.global_round,20,aggregate,server,60.0,59.0,0.00032999999999999696,0.003467999999999971,0.002693999999999974,0.0003109999999999502,0.0068029999999998925
1,23:49:19,0.683333,0.932951,0.286839,0.290279,0.540719,0.410254,RN_ASCON_FOG,RN,ASCON,FOG,9,C:\Users\VivoBook\Downloads\microproyecto2\microproyecto 2 porque wtf\src\hfl_v7-RN\Results_FOG\#9,global_weights_history_3.csv,global_round,2026-04-23 23:49:19,model.global_round,1,aggregate,server,60.0,,,,,,0.0
2,23:50:14,0.933333,0.16022,0.289667,0.293041,0.553947,0.424474,RN_ASCON_FOG,RN,ASCON,FOG,9,C:\Users\VivoBook\Downloads\microproyecto2\microproyecto 2 porque wtf\src\hfl_v7-RN\Results_FOG\#9,global_weights_history_3.csv,global_round,2026-04-23 23:50:14,model.global_round,2,aggregate,server,60.0,55.0,0.002827999999999997,0.0027619999999999867,0.013228000000000018,0.01422000000000001,0.03303800000000001
3,23:51:13,0.983333,0.06576,0.292126,0.302108,0.562915,0.433391,RN_ASCON_FOG,RN,ASCON,FOG,9,C:\Users\VivoBook\Downloads\microproyecto2\microproyecto 2 porque wtf\src\hfl_v7-RN\Results_FOG\#9,global_weights_history_3.csv,global_round,2026-04-23 23:51:13,model.global_round,3,aggregate,server,60.0,59.0,0.002458999999999989,0.009066999999999992,0.008968000000000087,0.008917000000000008,0.029411000000000076
4,23:52:12,1.0,0.030337,0.294585,0.308007,0.569134,0.441339,RN_ASCON_FOG,RN,ASCON,FOG,9,C:\Users\VivoBook\Downloads\microproyecto2\microproyecto 2 porque wtf\src\hfl_v7-RN\Results_FOG\#9,global_weights_history_3.csv,global_round,2026-04-23 23:52:12,model.global_round,4,aggregate,server,60.0,59.0,0.002458999999999989,0.005898999999999988,0.0062189999999999745,0.007947999999999955,0.022524999999999906
5,23:53:11,1.0,0.02099,0.296292,0.311566,0.574246,0.44713,RN_ASCON_FOG,RN,ASCON,FOG,9,C:\Users\VivoBook\Downloads\microproyecto2\microproyecto 2 porque wtf\src\hfl_v7-RN\Results_FOG\#9,global_weights_history_3.csv,global_round,2026-04-23 23:53:11,model.global_round,5,aggregate,server,60.0,59.0,0.001707000000000014,0.0035590000000000344,0.005112000000000005,0.005791000000000046,0.0161690000000001
6,23:57:36,0.883333,0.325986,0.292477,0.300798,0.562677,0.437877,RN_ASCON_FOG,RN,ASCON,FOG,9,C:\Users\VivoBook\Downloads\microproyecto2\microproyecto 2 porque wtf\src\hfl_v7-RN\Results_FOG\#9,global_weights_history_3.csv,global_round,2026-04-23 23:57:36,model.global_round,6,aggregate,server,60.0,265.0,0.003815000000000013,0.010768,0.011569000000000051,0.009253000000000011,0.035405000000000075
7,23:58:36,0.8,0.449871,0.286961,0.292272,0.544581,0.43468,RN_ASCON_FOG,RN,ASCON,FOG,9,C:\Users\VivoBook\Downloads\microproyecto2\microproyecto 2 porque wtf\src\hfl_v7-RN\Results_FOG\#9,global_weights_history_3.csv,global_round,2026-04-23 23:58:36,model.global_round,7,aggregate,server,60.0,60.0,0.005515999999999965,0.008526000000000034,0.018096,0.0031970000000000054,0.035335000000000005
8,23:59:35,0.816667,0.377957,0.284103,0.289172,0.535779,0.428378,RN_ASCON_FOG,RN,ASCON,FOG,9,C:\Users\VivoBook\Downloads\microproyecto2\microproyecto 2 porque wtf\src\hfl_v7-RN\Results_FOG\#9,global_weights_history_3.csv,global_round,2026-04-23 23:59:35,model.global_round,8,aggregate,server,60.0,59.0,0.002858000000000027,0.0030999999999999917,0.008801999999999977,0.00630200000000003,0.021062000000000025
9,00:00:34,0.85,0.302002,0.283613,0.287964,0.530184,0.426753,RN_ASCON_FOG,RN,ASCON,FOG,9,C:\Users\VivoBook\Downloads\microproyecto2\microproyecto 2 porque wtf\src\hfl_v7-RN\Results_FOG\#9,global_weights_history_3.csv,global_round,2026-04-24 00:00:34,model.global_round,9,aggregate,server,60.0,59.0,0.0004899999999999904,0.0012079999999999869,0.005595000000000017,0.0016249999999999876,0.008917999999999981
10,00:01:33,0.866667,0.320381,0.282605,0.282408,0.518448,0.433554,RN_ASCON_FOG,RN,ASCON,FOG,9,C:\Users\VivoBook\Downloads\microproyecto2\microproyecto 2 porque wtf\src\hfl_v7-RN\Results_FOG\#9,global_weights_history_3.csv,global_round,2026-04-24 00:01:33,model.global_round,10,aggregate,server,60.0,59.0,0.0010080000000000089,0.005556000000000005,0.011735999999999969,0.0068010000000000015,0.025100999999999984
11,00:02:32,0.866667,0.318337,0.28142,0.280903,0.515598,0.439386,RN_ASCON_FOG,RN,ASCON,FOG,9,C:\Users\VivoBook\Downloads\microproyecto2\microproyecto 2 porque wtf\src\hfl_v7-RN\Results_FOG\#9,global_weights_history_3.csv,global_round,2026-04-24 00:02:32,model.global_round,11,aggregate,server,60.0,59.0,0.0011849999999999916,0.0015049999999999786,0.002850000000000019,0.005832000000000004,0.011371999999999993
12,00:03:31,0.833333,0.380255,0.281305,0.275434,0.516587,0.447335,RN_ASCON_FOG,RN,ASCON,FOG,9,C:\Users\VivoBook\Downloads\microproyecto2\microproyecto 2 porque wtf\src\hfl_v7-RN\Results_FOG\#9,global_weights_history_3.csv,global_round,2026-04-24 00:03:31,model.global_round,12,aggregate,server,60.0,59.0,0.00011499999999997623,0.005469000000000002,0.0009890000000000176,0.007948999999999984,0.01452199999999998
13,00:04:31,0.933333,0.166864,0.282785,0.276999,0.516603,0.453707,RN_ASCON_FOG,RN,ASCON,FOG,9,C:\Users\VivoBook\Downloads\microproyecto2\microproyecto 2 porque wtf\src\hfl_v7-RN\Results_FOG\#9,global_weights_history_3.csv,global_round,2026-04-24 00:04:31,model.global_round,13,aggregate,server,60.0,60.0,0.0014799999999999813,0.001564999999999983,1.6000000000016e-05,0.006372000000000044,0.009433000000000025
14,00:05:30,0.9,0.223837,0.284551,0.284963,0.517083,0.460768,RN_ASCON_FOG,RN,ASCON,FOG,9,C:\Users\VivoBook\Downloads\microproyecto2\microproyecto 2 porque wtf\src\hfl_v7-RN\Results_FOG\#9,global_weights_history_3.csv,global_round,2026-04-24 00:05:30,model.global_round,14,aggregate,server,60.0,59.0,0.0017659999999999898,0.007964000000000027,0.00047999999999992493,0.007060999999999984,0.017270999999999925
15,00:06:29,0.95,0.176148,0.285501,0.286644,0.517287,0.464213,RN_ASCON_FOG,RN,ASCON,FOG,9,C:\Users\VivoBook\Downloads\microproyecto2\microproyecto 2 porque wtf\src\hfl_v7-RN\Results_FOG\#9,global_weights_history_3.csv,global_round,2026-04-24 00:06:29,model.global_round,15,aggregate,server,60.0,59.0,0.0009500000000000064,0.001680999999999988,0.000204000000000093,0.003444999999999976,0.006280000000000063
16,00:07:27,0.9,0.19553,0.285853,0.284936,0.517167,0.466934,RN_ASCON_FOG,RN,ASCON,FOG,9,C:\Users\VivoBook\Downloads\microproyecto2\microproyecto 2 porque wtf\src\hfl_v7-RN\Results_FOG\#9,global_weights_history_3.csv,global_round,2026-04-24 00:07:27,model.global_round,16,aggregate,server,60.0,58.0,0.00035200000000001896,0.0017079999999999873,0.00012000000000000899,0.002721000000000029,0.004901000000000044
17,00:08:26,0.9,0.266693,0.284518,0.280994,0.517514,0.468055,RN_ASCON_FOG,RN,ASCON,FOG,9,C:\Users\VivoBook\Downloads\microproyecto2\microproyecto 2 porque wtf\src\hfl_v7-RN\Results_FOG\#9,global_weights_history_3.csv,global_round,2026-04-24 00:08:26,model.global_round,17,aggregate,server,60.0,59.0,0.0013350000000000306,0.003942000000000001,0.0003469999999999862,0.0011209999999999831,0.006745000000000001
18,00:09:25,0.95,0.140223,0.285161,0.27927,0.520062,0.472373,RN_ASCON_FOG,RN,ASCON,FOG,9,C:\Users\VivoBook\Downloads\microproyecto2\microproyecto 2 porque wtf\src\hfl_v7-RN\Results_FOG\#9,global_weights_history_3.csv,global_round,2026-04-24 00:09:25,model.global_round,18,aggregate,server,60.0,59.0,0.0006430000000000047,0.0017240000000000033,0.0025479999999999947,0.0043179999999999885,0.009232999999999991
19,00:10:23,0.95,0.180919,0.284415,0.275717,0.516814,0.478239,RN_ASCON_FOG,RN,ASCON,FOG,9,C:\Users\VivoBook\Downloads\microproyecto2\microproyecto 2 porque wtf\src\hfl_v7-RN\Results_FOG\#9,global_weights_history_3.csv,global_round,2026-04-24 00:10:23,model.global_round,19,aggregate,server,60.0,58.0,0.0007460000000000244,0.0035530000000000284,0.0032480000000000286,0.005866000000000038,0.01341300000000012
20,00:11:22,0.95,0.2298,0.285109,0.275059,0.520218,0.480352,RN_ASCON_FOG,RN,ASCON,FOG,9,C:\Users\VivoBook\Downloads\microproyecto2\microproyecto 2 porque wtf\src\hfl_v7-RN\Results_FOG\#9,global_weights_history_3.csv,global_round,2026-04-24 00:11:22,model.global_round,20,aggregate,server,60.0,59.0,0.0006940000000000279,0.0006579999999999919,0.0034039999999999626,0.002112999999999976,0.0068689999999999585
1,12:37:10,0.7,0.777873,0.287822,0.290407,0.534927,0.391693,RN_ASCON_NoFOG,RN,ASCON,NoFOG,2,C:\Users\VivoBook\Downloads\microproyecto2\microproyecto 2 porque wtf\src\hfl_v7-RN\Results\#2,global_weights_history_2.csv,global_round,2026-01-01 12:37:10,model.global_round,1,aggregate,server,,,,,,,0.0
2,12:38:05,0.8,0.54423,0.28944,0.290859,0.543471,0.40253,RN_ASCON_NoFOG,RN,ASCON,NoFOG,2,C:\Users\VivoBook\Downloads\microproyecto2\microproyecto 2 porque wtf\src\hfl_v7-RN\Results\#2,global_weights_history_2.csv,global_round,2026-01-01 12:38:05,model.global_round,2,aggregate,server,,55.0,0.0016179999999999528,0.00045199999999995244,0.008543999999999996,0.010836999999999986,0.021450999999999887
3,12:39:04,0.883333,0.245084,0.291173,0.292562,0.548892,0.409233,RN_ASCON_NoFOG,RN,ASCON,NoFOG,2,C:\Users\VivoBook\Downloads\microproyecto2\microproyecto 2 porque wtf\src\hfl_v7-RN\Results\#2,global_weights_history_2.csv,global_round,2026-01-01 12:39:04,model.global_round,3,aggregate,server,,59.0,0.00173300000000004,0.00170300000000001,0.005421000000000009,0.0067030000000000145,0.015560000000000074
4,12:40:02,0.933333,0.142698,0.292794,0.297732,0.554261,0.416448,RN_ASCON_NoFOG,RN,ASCON,NoFOG,2,C:\Users\VivoBook\Downloads\microproyecto2\microproyecto 2 porque wtf\src\hfl_v7-RN\Results\#2,global_weights_history_2.csv,global_round,2026-01-01 12:40:02,model.global_round,4,aggregate,server,,58.0,0.0016209999999999836,0.005170000000000008,0.005368999999999957,0.0072149999999999714,0.01937499999999992
1,13:31:07,0.75,0.794337,0.286624,0.291376,0.540607,0.409397,RN_ASCON_NoFOG,RN,ASCON,NoFOG,3,C:\Users\VivoBook\Downloads\microproyecto2\microproyecto 2 porque wtf\src\hfl_v7-RN\Results\#3,global_weights_history_2.csv,global_round,2026-04-15 13:31:07,model.global_round,1,aggregate,server,,,,,,,0.0
2,13:32:00,1.0,0.093062,0.289352,0.295928,0.554408,0.425073,RN_ASCON_NoFOG,RN,ASCON,NoFOG,3,C:\Users\VivoBook\Downloads\microproyecto2\microproyecto 2 porque wtf\src\hfl_v7-RN\Results\#3,global_weights_history_2.csv,global_round,2026-04-15 13:32:00,model.global_round,2,aggregate,server,,53.0,0.002728000000000008,0.0045520000000000005,0.013801000000000063,0.015675999999999968,0.03675700000000004
3,13:33:01,0.966667,0.076524,0.292215,0.305762,0.564005,0.441219,RN_ASCON_NoFOG,RN,ASCON,NoFOG,3,C:\Users\VivoBook\Downloads\microproyecto2\microproyecto 2 porque wtf\src\hfl_v7-RN\Results\#3,global_weights_history_2.csv,global_round,2026-04-15 13:33:01,model.global_round,3,aggregate,server,,61.0,0.0028630000000000044,0.009833999999999954,0.009596999999999967,0.016145999999999994,0.03843999999999992
4,13:34:00,0.983333,0.029888,0.295065,0.312595,0.568785,0.451966,RN_ASCON_NoFOG,RN,ASCON,NoFOG,3,C:\Users\VivoBook\Downloads\microproyecto2\microproyecto 2 porque wtf\src\hfl_v7-RN\Results\#3,global_weights_history_2.csv,global_round,2026-04-15 13:34:00,model.global_round,4,aggregate,server,,59.0,0.002850000000000019,0.0068330000000000335,0.0047800000000000065,0.010747000000000007,0.025210000000000066
5,13:34:59,1.0,0.015347,0.296527,0.316948,0.571661,0.457559,RN_ASCON_NoFOG,RN,ASCON,NoFOG,3,C:\Users\VivoBook\Downloads\microproyecto2\microproyecto 2 porque wtf\src\hfl_v7-RN\Results\#3,global_weights_history_2.csv,global_round,2026-04-15 13:34:59,model.global_round,5,aggregate,server,,59.0,0.0014619999999999633,0.004352999999999996,0.0028759999999999897,0.005593000000000015,0.014283999999999963
6,13:39:02,0.85,0.458896,0.287889,0.312742,0.545828,0.452445,RN_ASCON_NoFOG,RN,ASCON,NoFOG,3,C:\Users\VivoBook\Downloads\microproyecto2\microproyecto 2 porque wtf\src\hfl_v7-RN\Results\#3,global_weights_history_2.csv,global_round,2026-04-15 13:39:02,model.global_round,6,aggregate,server,,243.0,0.008637999999999979,0.0042059999999999875,0.025832999999999995,0.005114000000000007,0.04379099999999997
7,13:40:01,0.85,0.413023,0.285287,0.306858,0.546389,0.440083,RN_ASCON_NoFOG,RN,ASCON,NoFOG,3,C:\Users\VivoBook\Downloads\microproyecto2\microproyecto 2 porque wtf\src\hfl_v7-RN\Results\#3,global_weights_history_2.csv,global_round,2026-04-15 13:40:01,model.global_round,7,aggregate,server,,59.0,0.002601999999999993,0.005884,0.0005610000000000337,0.012361999999999984,0.02140900000000001
8,13:41:00,0.9,0.263188,0.284624,0.298128,0.542793,0.439427,RN_ASCON_NoFOG,RN,ASCON,NoFOG,3,C:\Users\VivoBook\Downloads\microproyecto2\microproyecto 2 porque wtf\src\hfl_v7-RN\Results\#3,global_weights_history_2.csv,global_round,2026-04-15 13:41:00,model.global_round,8,aggregate,server,,59.0,0.0006630000000000247,0.008730000000000016,0.0035960000000000436,0.0006559999999999899,0.013645000000000074
9,13:41:59,0.85,0.274526,0.286809,0.290664,0.544432,0.450523,RN_ASCON_NoFOG,RN,ASCON,NoFOG,3,C:\Users\VivoBook\Downloads\microproyecto2\microproyecto 2 porque wtf\src\hfl_v7-RN\Results\#3,global_weights_history_2.csv,global_round,2026-04-15 13:41:59,model.global_round,9,aggregate,server,,59.0,0.0021849999999999925,0.007464000000000026,0.001639000000000057,0.011095999999999995,0.02238400000000007
10,13:42:58,0.866667,0.305087,0.28823,0.289701,0.546012,0.455912,RN_ASCON_NoFOG,RN,ASCON,NoFOG,3,C:\Users\VivoBook\Downloads\microproyecto2\microproyecto 2 porque wtf\src\hfl_v7-RN\Results\#3,global_weights_history_2.csv,global_round,2026-04-15 13:42:58,model.global_round,10,aggregate,server,,59.0,0.0014210000000000056,0.0009629999999999916,0.0015800000000000258,0.005388999999999977,0.009353
11,13:43:57,0.866667,0.314123,0.288469,0.291933,0.543137,0.456975,RN_ASCON_NoFOG,RN,ASCON,NoFOG,3,C:\Users\VivoBook\Downloads\microproyecto2\microproyecto 2 porque wtf\src\hfl_v7-RN\Results\#3,global_weights_history_2.csv,global_round,2026-04-15 13:43:57,model.global_round,11,aggregate,server,,59.0,0.00023899999999998922,0.0022320000000000118,0.002875000000000072,0.0010630000000000361,0.006409000000000109
12,13:44:56,0.916667,0.28475,0.288143,0.291471,0.54332,0.457007,RN_ASCON_NoFOG,RN,ASCON,NoFOG,3,C:\Users\VivoBook\Downloads\microproyecto2\microproyecto 2 porque wtf\src\hfl_v7-RN\Results\#3,global_weights_history_2.csv,global_round,2026-04-15 13:44:56,model.global_round,12,aggregate,server,,59.0,0.00032599999999999296,0.00046200000000001795,0.00018300000000004424,3.199999999997649e-05,0.0010030000000000316
13,13:45:55,0.866667,0.338932,0.28632,0.287843,0.542472,0.452857,RN_ASCON_NoFOG,RN,ASCON,NoFOG,3,C:\Users\VivoBook\Downloads\microproyecto2\microproyecto 2 porque wtf\src\hfl_v7-RN\Results\#3,global_weights_history_2.csv,global_round,2026-04-15 13:45:55,model.global_round,13,aggregate,server,,59.0,0.0018229999999999635,0.0036279999999999646,0.0008480000000000709,0.004149999999999987,0.010448999999999986
14,13:46:54,0.883333,0.210639,0.286179,0.281587,0.541347,0.458013,RN_ASCON_NoFOG,RN,ASCON,NoFOG,3,C:\Users\VivoBook\Downloads\microproyecto2\microproyecto 2 porque wtf\src\hfl_v7-RN\Results\#3,global_weights_history_2.csv,global_round,2026-04-15 13:46:54,model.global_round,14,aggregate,server,,59.0,0.00014100000000000223,0.006256000000000039,0.0011249999999999316,0.005155999999999994,0.012677999999999967
15,13:47:53,0.833333,0.305248,0.286976,0.280347,0.543249,0.46311,RN_ASCON_NoFOG,RN,ASCON,NoFOG,3,C:\Users\VivoBook\Downloads\microproyecto2\microproyecto 2 porque wtf\src\hfl_v7-RN\Results\#3,global_weights_history_2.csv,global_round,2026-04-15 13:47:53,model.global_round,15,aggregate,server,,59.0,0.0007969999999999922,0.0012399999999999634,0.0019019999999999593,0.005097000000000018,0.009035999999999933
16,13:48:52,0.866667,0.284815,0.285433,0.278381,0.534739,0.470697,RN_ASCON_NoFOG,RN,ASCON,NoFOG,3,C:\Users\VivoBook\Downloads\microproyecto2\microproyecto 2 porque wtf\src\hfl_v7-RN\Results\#3,global_weights_history_2.csv,global_round,2026-04-15 13:48:52,model.global_round,16,aggregate,server,,59.0,0.0015430000000000166,0.0019660000000000233,0.008510000000000018,0.007586999999999955,0.019606000000000012
17,13:49:51,0.933333,0.237325,0.285825,0.279126,0.535192,0.477389,RN_ASCON_NoFOG,RN,ASCON,NoFOG,3,C:\Users\VivoBook\Downloads\microproyecto2\microproyecto 2 porque wtf\src\hfl_v7-RN\Results\#3,global_weights_history_2.csv,global_round,2026-04-15 13:49:51,model.global_round,17,aggregate,server,,59.0,0.00039200000000000346,0.0007449999999999957,0.0004530000000000367,0.006692000000000031,0.008282000000000067
18,13:50:49,0.883333,0.242934,0.286735,0.273063,0.539371,0.481652,RN_ASCON_NoFOG,RN,ASCON,NoFOG,3,C:\Users\VivoBook\Downloads\microproyecto2\microproyecto 2 porque wtf\src\hfl_v7-RN\Results\#3,global_weights_history_2.csv,global_round,2026-04-15 13:50:49,model.global_round,18,aggregate,server,,58.0,0.0009100000000000219,0.006062999999999985,0.004179000000000044,0.004263000000000017,0.015415000000000068
19,13:51:48,0.866667,0.313103,0.288173,0.264862,0.539603,0.484128,RN_ASCON_NoFOG,RN,ASCON,NoFOG,3,C:\Users\VivoBook\Downloads\microproyecto2\microproyecto 2 porque wtf\src\hfl_v7-RN\Results\#3,global_weights_history_2.csv,global_round,2026-04-15 13:51:48,model.global_round,19,aggregate,server,,59.0,0.0014379999999999948,0.008201000000000014,0.00023200000000000998,0.0024759999999999782,0.012346999999999997
20,13:52:47,0.816667,0.286049,0.289775,0.260785,0.541546,0.486548,RN_ASCON_NoFOG,RN,ASCON,NoFOG,3,C:\Users\VivoBook\Downloads\microproyecto2\microproyecto 2 porque wtf\src\hfl_v7-RN\Results\#3,global_weights_history_2.csv,global_round,2026-04-15 13:52:47,model.global_round,20,aggregate,server,,59.0,0.0016019999999999923,0.004076999999999997,0.001942999999999917,0.0024199999999999777,0.010041999999999884
21,13:53:47,0.9,0.183971,0.291188,0.261765,0.542794,0.492789,RN_ASCON_NoFOG,RN,ASCON,NoFOG,3,C:\Users\VivoBook\Downloads\microproyecto2\microproyecto 2 porque wtf\src\hfl_v7-RN\Results\#3,global_weights_history_2.csv,global_round,2026-04-15 13:53:47,model.global_round,21,aggregate,server,,60.0,0.0014129999999999976,0.0009800000000000364,0.0012480000000000269,0.0062409999999999966,0.009882000000000057
22,13:54:46,0.883333,0.233325,0.292073,0.265748,0.541024,0.501445,RN_ASCON_NoFOG,RN,ASCON,NoFOG,3,C:\Users\VivoBook\Downloads\microproyecto2\microproyecto 2 porque wtf\src\hfl_v7-RN\Results\#3,global_weights_history_2.csv,global_round,2026-04-15 13:54:46,model.global_round,22,aggregate,server,,59.0,0.0008850000000000247,0.003982999999999959,0.0017700000000000493,0.008656000000000053,0.015294000000000085
23,13:55:45,0.9,0.164653,0.29256,0.265108,0.538916,0.510416,RN_ASCON_NoFOG,RN,ASCON,NoFOG,3,C:\Users\VivoBook\Downloads\microproyecto2\microproyecto 2 porque wtf\src\hfl_v7-RN\Results\#3,global_weights_history_2.csv,global_round,2026-04-15 13:55:45,model.global_round,23,aggregate,server,,59.0,0.0004869999999999597,0.0006399999999999739,0.0021079999999999988,0.008970999999999951,0.012205999999999884
24,13:56:43,0.883333,0.25946,0.293046,0.266632,0.539475,0.517994,RN_ASCON_NoFOG,RN,ASCON,NoFOG,3,C:\Users\VivoBook\Downloads\microproyecto2\microproyecto 2 porque wtf\src\hfl_v7-RN\Results\#3,global_weights_history_2.csv,global_round,2026-04-15 13:56:43,model.global_round,24,aggregate,server,,58.0,0.00048599999999998644,0.0015239999999999698,0.0005590000000000872,0.007577999999999974,0.010147000000000017
25,13:57:43,0.933333,0.152145,0.292188,0.26395,0.539036,0.515111,RN_ASCON_NoFOG,RN,ASCON,NoFOG,3,C:\Users\VivoBook\Downloads\microproyecto2\microproyecto 2 porque wtf\src\hfl_v7-RN\Results\#3,global_weights_history_2.csv,global_round,2026-04-15 13:57:43,model.global_round,25,aggregate,server,,60.0,0.0008579999999999699,0.002681999999999962,0.0004390000000000782,0.002882999999999969,0.006861999999999979
26,13:58:41,0.983333,0.129977,0.293986,0.261794,0.54041,0.521326,RN_ASCON_NoFOG,RN,ASCON,NoFOG,3,C:\Users\VivoBook\Downloads\microproyecto2\microproyecto 2 porque wtf\src\hfl_v7-RN\Results\#3,global_weights_history_2.csv,global_round,2026-04-15 13:58:41,model.global_round,26,aggregate,server,,58.0,0.0017980000000000218,0.0021559999999999913,0.0013739999999999863,0.0062149999999999705,0.01154299999999997
27,13:59:40,0.95,0.169296,0.29598,0.265675,0.543034,0.530928,RN_ASCON_NoFOG,RN,ASCON,NoFOG,3,C:\Users\VivoBook\Downloads\microproyecto2\microproyecto 2 porque wtf\src\hfl_v7-RN\Results\#3,global_weights_history_2.csv,global_round,2026-04-15 13:59:40,model.global_round,27,aggregate,server,,59.0,0.0019939999999999958,0.003880999999999968,0.0026240000000000707,0.009602,0.018101000000000034
28,14:00:40,0.95,0.124062,0.294557,0.266526,0.542898,0.528572,RN_ASCON_NoFOG,RN,ASCON,NoFOG,3,C:\Users\VivoBook\Downloads\microproyecto2\microproyecto 2 porque wtf\src\hfl_v7-RN\Results\#3,global_weights_history_2.csv,global_round,2026-04-15 14:00:40,model.global_round,28,aggregate,server,,60.0,0.0014230000000000076,0.0008509999999999907,0.000136000000000025,0.0023559999999999137,0.004765999999999937
29,14:01:38,0.916667,0.198217,0.293142,0.267079,0.540971,0.526204,RN_ASCON_NoFOG,RN,ASCON,NoFOG,3,C:\Users\VivoBook\Downloads\microproyecto2\microproyecto 2 porque wtf\src\hfl_v7-RN\Results\#3,global_weights_history_2.csv,global_round,2026-04-15 14:01:38,model.global_round,29,aggregate,server,,58.0,0.0014149999999999996,0.0005530000000000257,0.001927000000000012,0.0023680000000000367,0.006263000000000074
30,14:02:39,0.916667,0.214765,0.2931,0.267029,0.541232,0.52372,RN_ASCON_NoFOG,RN,ASCON,NoFOG,3,C:\Users\VivoBook\Downloads\microproyecto2\microproyecto 2 porque wtf\src\hfl_v7-RN\Results\#3,global_weights_history_2.csv,global_round,2026-04-15 14:02:39,model.global_round,30,aggregate,server,,61.0,4.199999999998649e-05,4.999999999999449e-05,0.00026100000000006673,0.0024840000000000417,0.0028370000000000895
1,15:07:21,0.666667,0.864842,0.286679,0.290714,0.538752,0.409988,RN_ASCON_NoFOG,RN,ASCON,NoFOG,4,C:\Users\VivoBook\Downloads\microproyecto2\microproyecto 2 porque wtf\src\hfl_v7-RN\Results\#4,global_weights_history_4.csv,global_round,2026-04-15 15:07:21,model.global_round,1,aggregate,server,,,,,,,0.0
2,15:08:15,0.933333,0.157192,0.291812,0.295956,0.553318,0.429886,RN_ASCON_NoFOG,RN,ASCON,NoFOG,4,C:\Users\VivoBook\Downloads\microproyecto2\microproyecto 2 porque wtf\src\hfl_v7-RN\Results\#4,global_weights_history_4.csv,global_round,2026-04-15 15:08:15,model.global_round,2,aggregate,server,,54.0,0.005132999999999999,0.005242000000000024,0.014565999999999968,0.01989799999999997,0.04483899999999996
3,15:09:13,1.0,0.048108,0.296305,0.306218,0.562694,0.441192,RN_ASCON_NoFOG,RN,ASCON,NoFOG,4,C:\Users\VivoBook\Downloads\microproyecto2\microproyecto 2 porque wtf\src\hfl_v7-RN\Results\#4,global_weights_history_4.csv,global_round,2026-04-15 15:09:13,model.global_round,3,aggregate,server,,58.0,0.004492999999999969,0.010261999999999993,0.009376000000000051,0.011305999999999983,0.035436999999999996
4,15:10:13,0.983333,0.112293,0.298628,0.311596,0.568524,0.448226,RN_ASCON_NoFOG,RN,ASCON,NoFOG,4,C:\Users\VivoBook\Downloads\microproyecto2\microproyecto 2 porque wtf\src\hfl_v7-RN\Results\#4,global_weights_history_4.csv,global_round,2026-04-15 15:10:13,model.global_round,4,aggregate,server,,60.0,0.0023230000000000195,0.005377999999999994,0.005830000000000002,0.00703400000000004,0.020565000000000055
5,15:11:12,0.983333,0.050266,0.29966,0.316776,0.571994,0.453153,RN_ASCON_NoFOG,RN,ASCON,NoFOG,4,C:\Users\VivoBook\Downloads\microproyecto2\microproyecto 2 porque wtf\src\hfl_v7-RN\Results\#4,global_weights_history_4.csv,global_round,2026-04-15 15:11:12,model.global_round,5,aggregate,server,,59.0,0.0010319999999999774,0.005180000000000018,0.003469999999999973,0.004926999999999959,0.014608999999999928
6,15:13:33,0.933333,0.259205,0.296459,0.31393,0.564025,0.453211,RN_ASCON_NoFOG,RN,ASCON,NoFOG,4,C:\Users\VivoBook\Downloads\microproyecto2\microproyecto 2 porque wtf\src\hfl_v7-RN\Results\#4,global_weights_history_4.csv,global_round,2026-04-15 15:13:33,model.global_round,6,aggregate,server,,141.0,0.0032010000000000094,0.002846000000000015,0.007969000000000004,5.8000000000002494e-05,0.014074000000000031
7,15:14:34,0.95,0.099225,0.294824,0.310327,0.563634,0.457041,RN_ASCON_NoFOG,RN,ASCON,NoFOG,4,C:\Users\VivoBook\Downloads\microproyecto2\microproyecto 2 porque wtf\src\hfl_v7-RN\Results\#4,global_weights_history_4.csv,global_round,2026-04-15 15:14:34,model.global_round,7,aggregate,server,,61.0,0.0016349999999999976,0.0036029999999999673,0.0003910000000000302,0.00383,0.009458999999999995
8,15:15:33,0.933333,0.23476,0.292602,0.307317,0.553454,0.458644,RN_ASCON_NoFOG,RN,ASCON,NoFOG,4,C:\Users\VivoBook\Downloads\microproyecto2\microproyecto 2 porque wtf\src\hfl_v7-RN\Results\#4,global_weights_history_4.csv,global_round,2026-04-15 15:15:33,model.global_round,8,aggregate,server,,59.0,0.0022220000000000018,0.0030100000000000127,0.010179999999999967,0.001603000000000021,0.017015000000000002
9,15:16:34,0.916667,0.2334,0.292595,0.30777,0.557593,0.46035,RN_ASCON_NoFOG,RN,ASCON,NoFOG,4,C:\Users\VivoBook\Downloads\microproyecto2\microproyecto 2 porque wtf\src\hfl_v7-RN\Results\#4,global_weights_history_4.csv,global_round,2026-04-15 15:16:34,model.global_round,9,aggregate,server,,61.0,6.999999999979245e-06,0.0004529999999999812,0.004139000000000004,0.0017059999999999853,0.0063049999999999495
10,15:17:34,0.95,0.122719,0.293919,0.309819,0.561969,0.463633,RN_ASCON_NoFOG,RN,ASCON,NoFOG,4,C:\Users\VivoBook\Downloads\microproyecto2\microproyecto 2 porque wtf\src\hfl_v7-RN\Results\#4,global_weights_history_4.csv,global_round,2026-04-15 15:17:34,model.global_round,10,aggregate,server,,60.0,0.0013239999999999919,0.002049000000000023,0.0043760000000000465,0.003283000000000036,0.011032000000000097
11,15:18:37,1.0,0.054139,0.29484,0.311823,0.561985,0.467859,RN_ASCON_NoFOG,RN,ASCON,NoFOG,4,C:\Users\VivoBook\Downloads\microproyecto2\microproyecto 2 porque wtf\src\hfl_v7-RN\Results\#4,global_weights_history_4.csv,global_round,2026-04-15 15:18:37,model.global_round,11,aggregate,server,,63.0,0.0009210000000000051,0.0020040000000000058,1.599999999990498e-05,0.0042260000000000075,0.007166999999999923
12,15:19:36,0.916667,0.198009,0.295724,0.310183,0.565468,0.467967,RN_ASCON_NoFOG,RN,ASCON,NoFOG,4,C:\Users\VivoBook\Downloads\microproyecto2\microproyecto 2 porque wtf\src\hfl_v7-RN\Results\#4,global_weights_history_4.csv,global_round,2026-04-15 15:19:36,model.global_round,12,aggregate,server,,59.0,0.0008839999999999959,0.0016400000000000303,0.003483000000000014,0.00010799999999999699,0.006115000000000037
13,15:20:34,0.95,0.094147,0.296587,0.310895,0.567884,0.469423,RN_ASCON_NoFOG,RN,ASCON,NoFOG,4,C:\Users\VivoBook\Downloads\microproyecto2\microproyecto 2 porque wtf\src\hfl_v7-RN\Results\#4,global_weights_history_4.csv,global_round,2026-04-15 15:20:34,model.global_round,13,aggregate,server,,58.0,0.0008630000000000027,0.0007119999999999904,0.0024160000000000847,0.0014559999999999573,0.005447000000000035
14,15:21:33,0.933333,0.106184,0.2967,0.309104,0.568564,0.472239,RN_ASCON_NoFOG,RN,ASCON,NoFOG,4,C:\Users\VivoBook\Downloads\microproyecto2\microproyecto 2 porque wtf\src\hfl_v7-RN\Results\#4,global_weights_history_4.csv,global_round,2026-04-15 15:21:33,model.global_round,14,aggregate,server,,59.0,0.00011300000000002974,0.001790999999999987,0.0006799999999999029,0.0028160000000000407,0.00539999999999996
15,15:22:33,0.933333,0.181214,0.296536,0.30998,0.567724,0.473163,RN_ASCON_NoFOG,RN,ASCON,NoFOG,4,C:\Users\VivoBook\Downloads\microproyecto2\microproyecto 2 porque wtf\src\hfl_v7-RN\Results\#4,global_weights_history_4.csv,global_round,2026-04-15 15:22:33,model.global_round,15,aggregate,server,,60.0,0.00016399999999999748,0.0008759999999999879,0.0008399999999999519,0.0009239999999999804,0.0028039999999999177
16,15:23:32,0.933333,0.228008,0.296944,0.309712,0.567364,0.474633,RN_ASCON_NoFOG,RN,ASCON,NoFOG,4,C:\Users\VivoBook\Downloads\microproyecto2\microproyecto 2 porque wtf\src\hfl_v7-RN\Results\#4,global_weights_history_4.csv,global_round,2026-04-15 15:23:32,model.global_round,16,aggregate,server,,59.0,0.00040799999999996395,0.00026799999999999047,0.00036000000000002697,0.0014700000000000268,0.0025060000000000082
17,15:24:30,0.983333,0.058851,0.296974,0.30796,0.566299,0.471389,RN_ASCON_NoFOG,RN,ASCON,NoFOG,4,C:\Users\VivoBook\Downloads\microproyecto2\microproyecto 2 porque wtf\src\hfl_v7-RN\Results\#4,global_weights_history_4.csv,global_round,2026-04-15 15:24:30,model.global_round,17,aggregate,server,,58.0,3.0000000000030003e-05,0.0017519999999999758,0.0010649999999999826,0.0032440000000000246,0.006091000000000013
18,15:25:29,0.9,0.168915,0.297886,0.308828,0.566421,0.470042,RN_ASCON_NoFOG,RN,ASCON,NoFOG,4,C:\Users\VivoBook\Downloads\microproyecto2\microproyecto 2 porque wtf\src\hfl_v7-RN\Results\#4,global_weights_history_4.csv,global_round,2026-04-15 15:25:29,model.global_round,18,aggregate,server,,59.0,0.0009119999999999684,0.0008679999999999799,0.00012199999999995548,0.001346999999999987,0.003248999999999891
19,15:26:29,1.0,0.047993,0.298257,0.311042,0.567103,0.470507,RN_ASCON_NoFOG,RN,ASCON,NoFOG,4,C:\Users\VivoBook\Downloads\microproyecto2\microproyecto 2 porque wtf\src\hfl_v7-RN\Results\#4,global_weights_history_4.csv,global_round,2026-04-15 15:26:29,model.global_round,19,aggregate,server,,60.0,0.0003710000000000102,0.0022139999999999938,0.0006820000000000714,0.0004649999999999932,0.0037320000000000686
20,15:27:27,0.983333,0.037074,0.299572,0.313864,0.569173,0.47282,RN_ASCON_NoFOG,RN,ASCON,NoFOG,4,C:\Users\VivoBook\Downloads\microproyecto2\microproyecto 2 porque wtf\src\hfl_v7-RN\Results\#4,global_weights_history_4.csv,global_round,2026-04-15 15:27:27,model.global_round,20,aggregate,server,,58.0,0.0013150000000000106,0.002821999999999991,0.0020700000000000163,0.0023130000000000095,0.008520000000000028
1,16:04:25,0.75,0.842587,0.287569,0.292234,0.538092,0.409783,RN_ASCON_NoFOG,RN,ASCON,NoFOG,5,C:\Users\VivoBook\Downloads\microproyecto2\microproyecto 2 porque wtf\src\hfl_v7-RN\Results\#5,global_weights_history_4.csv,global_round,2026-04-15 16:04:25,model.global_round,1,aggregate,server,,,,,,,0.0
2,16:05:19,0.983333,0.104869,0.291542,0.297733,0.550952,0.429048,RN_ASCON_NoFOG,RN,ASCON,NoFOG,5,C:\Users\VivoBook\Downloads\microproyecto2\microproyecto 2 porque wtf\src\hfl_v7-RN\Results\#5,global_weights_history_4.csv,global_round,2026-04-15 16:05:19,model.global_round,2,aggregate,server,,54.0,0.003973000000000004,0.005499000000000032,0.012859999999999983,0.019264999999999977,0.041596999999999995
3,16:06:18,1.0,0.033653,0.294849,0.309401,0.56033,0.442679,RN_ASCON_NoFOG,RN,ASCON,NoFOG,5,C:\Users\VivoBook\Downloads\microproyecto2\microproyecto 2 porque wtf\src\hfl_v7-RN\Results\#5,global_weights_history_4.csv,global_round,2026-04-15 16:06:18,model.global_round,3,aggregate,server,,59.0,0.0033070000000000044,0.011667999999999956,0.009377999999999997,0.013631000000000004,0.03798399999999996
4,16:07:17,1.0,0.016286,0.297269,0.315451,0.566118,0.452261,RN_ASCON_NoFOG,RN,ASCON,NoFOG,5,C:\Users\VivoBook\Downloads\microproyecto2\microproyecto 2 porque wtf\src\hfl_v7-RN\Results\#5,global_weights_history_4.csv,global_round,2026-04-15 16:07:17,model.global_round,4,aggregate,server,,59.0,0.0024199999999999777,0.00605,0.005788000000000015,0.009582000000000035,0.023840000000000028
5,16:08:16,1.0,0.015779,0.298594,0.319108,0.569115,0.456659,RN_ASCON_NoFOG,RN,ASCON,NoFOG,5,C:\Users\VivoBook\Downloads\microproyecto2\microproyecto 2 porque wtf\src\hfl_v7-RN\Results\#5,global_weights_history_4.csv,global_round,2026-04-15 16:08:16,model.global_round,5,aggregate,server,,59.0,0.0013250000000000206,0.0036570000000000213,0.0029970000000000274,0.0043979999999999575,0.012377000000000027
6,16:11:06,0.933333,0.18023,0.294504,0.314604,0.560646,0.454704,RN_ASCON_NoFOG,RN,ASCON,NoFOG,5,C:\Users\VivoBook\Downloads\microproyecto2\microproyecto 2 porque wtf\src\hfl_v7-RN\Results\#5,global_weights_history_4.csv,global_round,2026-04-15 16:11:06,model.global_round,6,aggregate,server,,170.0,0.004090000000000038,0.004504000000000008,0.00846900000000006,0.0019549999999999845,0.01901800000000009
7,16:12:05,0.9,0.356315,0.293172,0.310296,0.558628,0.452954,RN_ASCON_NoFOG,RN,ASCON,NoFOG,5,C:\Users\VivoBook\Downloads\microproyecto2\microproyecto 2 porque wtf\src\hfl_v7-RN\Results\#5,global_weights_history_4.csv,global_round,2026-04-15 16:12:05,model.global_round,7,aggregate,server,,59.0,0.0013319999999999999,0.0043079999999999785,0.0020179999999999643,0.0017499999999999738,0.009407999999999916
8,16:13:04,0.966667,0.130994,0.292995,0.311353,0.559567,0.456262,RN_ASCON_NoFOG,RN,ASCON,NoFOG,5,C:\Users\VivoBook\Downloads\microproyecto2\microproyecto 2 porque wtf\src\hfl_v7-RN\Results\#5,global_weights_history_4.csv,global_round,2026-04-15 16:13:04,model.global_round,8,aggregate,server,,59.0,0.00017699999999998273,0.0010569999999999746,0.0009390000000000231,0.0033079999999999776,0.005480999999999958
9,16:14:03,0.933333,0.167941,0.293115,0.313585,0.558079,0.459074,RN_ASCON_NoFOG,RN,ASCON,NoFOG,5,C:\Users\VivoBook\Downloads\microproyecto2\microproyecto 2 porque wtf\src\hfl_v7-RN\Results\#5,global_weights_history_4.csv,global_round,2026-04-15 16:14:03,model.global_round,9,aggregate,server,,59.0,0.00012000000000000899,0.0022320000000000118,0.0014880000000000448,0.002811999999999981,0.006652000000000047
10,16:15:02,0.933333,0.187718,0.291573,0.312812,0.550244,0.45812,RN_ASCON_NoFOG,RN,ASCON,NoFOG,5,C:\Users\VivoBook\Downloads\microproyecto2\microproyecto 2 porque wtf\src\hfl_v7-RN\Results\#5,global_weights_history_4.csv,global_round,2026-04-15 16:15:02,model.global_round,10,aggregate,server,,59.0,0.0015419999999999878,0.0007730000000000237,0.007835000000000036,0.0009539999999999549,0.011104000000000003
11,16:16:01,0.933333,0.208866,0.290943,0.313582,0.548532,0.4626,RN_ASCON_NoFOG,RN,ASCON,NoFOG,5,C:\Users\VivoBook\Downloads\microproyecto2\microproyecto 2 porque wtf\src\hfl_v7-RN\Results\#5,global_weights_history_4.csv,global_round,2026-04-15 16:16:01,model.global_round,11,aggregate,server,,59.0,0.0006300000000000194,0.0007700000000000484,0.0017119999999999358,0.004479999999999984,0.007591999999999988
12,16:17:00,0.95,0.125099,0.291381,0.313794,0.549032,0.468782,RN_ASCON_NoFOG,RN,ASCON,NoFOG,5,C:\Users\VivoBook\Downloads\microproyecto2\microproyecto 2 porque wtf\src\hfl_v7-RN\Results\#5,global_weights_history_4.csv,global_round,2026-04-15 16:17:00,model.global_round,12,aggregate,server,,59.0,0.00043799999999999395,0.00021199999999998997,0.0004999999999999449,0.006181999999999965,0.007331999999999894
13,16:17:59,0.933333,0.223421,0.291114,0.313919,0.551636,0.468698,RN_ASCON_NoFOG,RN,ASCON,NoFOG,5,C:\Users\VivoBook\Downloads\microproyecto2\microproyecto 2 porque wtf\src\hfl_v7-RN\Results\#5,global_weights_history_4.csv,global_round,2026-04-15 16:17:59,model.global_round,13,aggregate,server,,59.0,0.0002670000000000172,0.00012499999999998623,0.0026040000000000507,8.399999999997299e-05,0.003080000000000027
14,16:18:58,0.9,0.22891,0.290867,0.308619,0.554721,0.469559,RN_ASCON_NoFOG,RN,ASCON,NoFOG,5,C:\Users\VivoBook\Downloads\microproyecto2\microproyecto 2 porque wtf\src\hfl_v7-RN\Results\#5,global_weights_history_4.csv,global_round,2026-04-15 16:18:58,model.global_round,14,aggregate,server,,59.0,0.0002469999999999972,0.005300000000000027,0.0030850000000000044,0.0008610000000000007,0.00949300000000003
15,16:19:58,0.916667,0.18418,0.291372,0.309116,0.551208,0.473293,RN_ASCON_NoFOG,RN,ASCON,NoFOG,5,C:\Users\VivoBook\Downloads\microproyecto2\microproyecto 2 porque wtf\src\hfl_v7-RN\Results\#5,global_weights_history_4.csv,global_round,2026-04-15 16:19:58,model.global_round,15,aggregate,server,,60.0,0.0005050000000000332,0.0004970000000000252,0.0035129999999999884,0.003734000000000015,0.008249000000000062
16,16:20:57,0.9,0.183416,0.292063,0.308822,0.551891,0.47674,RN_ASCON_NoFOG,RN,ASCON,NoFOG,5,C:\Users\VivoBook\Downloads\microproyecto2\microproyecto 2 porque wtf\src\hfl_v7-RN\Results\#5,global_weights_history_4.csv,global_round,2026-04-15 16:20:57,model.global_round,16,aggregate,server,,59.0,0.0006909999999999972,0.00029400000000001647,0.0006829999999999892,0.003446999999999978,0.005114999999999981
17,16:21:56,0.983333,0.119328,0.292266,0.31036,0.553824,0.481957,RN_ASCON_NoFOG,RN,ASCON,NoFOG,5,C:\Users\VivoBook\Downloads\microproyecto2\microproyecto 2 porque wtf\src\hfl_v7-RN\Results\#5,global_weights_history_4.csv,global_round,2026-04-15 16:21:56,model.global_round,17,aggregate,server,,59.0,0.00020300000000000873,0.0015380000000000393,0.0019329999999999625,0.005217000000000027,0.008891000000000038
18,16:22:55,0.983333,0.03503,0.293436,0.311453,0.551835,0.487338,RN_ASCON_NoFOG,RN,ASCON,NoFOG,5,C:\Users\VivoBook\Downloads\microproyecto2\microproyecto 2 porque wtf\src\hfl_v7-RN\Results\#5,global_weights_history_4.csv,global_round,2026-04-15 16:22:55,model.global_round,18,aggregate,server,,59.0,0.0011699999999999489,0.0010929999999999551,0.0019890000000000185,0.005380999999999969,0.009632999999999892
19,16:23:54,0.966667,0.126519,0.293886,0.313135,0.552828,0.492716,RN_ASCON_NoFOG,RN,ASCON,NoFOG,5,C:\Users\VivoBook\Downloads\microproyecto2\microproyecto 2 porque wtf\src\hfl_v7-RN\Results\#5,global_weights_history_4.csv,global_round,2026-04-15 16:23:54,model.global_round,19,aggregate,server,,59.0,0.00045000000000000595,0.0016820000000000168,0.0009930000000000216,0.005377999999999994,0.008503000000000038
20,16:24:53,0.983333,0.038647,0.295032,0.308638,0.556409,0.493191,RN_ASCON_NoFOG,RN,ASCON,NoFOG,5,C:\Users\VivoBook\Downloads\microproyecto2\microproyecto 2 porque wtf\src\hfl_v7-RN\Results\#5,global_weights_history_4.csv,global_round,2026-04-15 16:24:53,model.global_round,20,aggregate,server,,59.0,0.0011460000000000359,0.004496999999999973,0.0035810000000000564,0.0004750000000000032,0.009699000000000069
1,16:32:32,0.75,1.017591,0.288975,0.292089,0.539953,0.408072,RN_ASCON_NoFOG,RN,ASCON,NoFOG,6,C:\Users\VivoBook\Downloads\microproyecto2\microproyecto 2 porque wtf\src\hfl_v7-RN\Results\#6,global_weights_history_5.csv,global_round,2026-04-15 16:32:32,model.global_round,1,aggregate,server,,,,,,,0.0
2,16:33:51,0.95,0.135244,0.294394,0.299267,0.553973,0.429585,RN_ASCON_NoFOG,RN,ASCON,NoFOG,6,C:\Users\VivoBook\Downloads\microproyecto2\microproyecto 2 porque wtf\src\hfl_v7-RN\Results\#6,global_weights_history_5.csv,global_round,2026-04-15 16:33:51,model.global_round,2,aggregate,server,,79.0,0.005419000000000007,0.007178000000000018,0.014020000000000032,0.021513000000000004,0.04813000000000006
3,16:34:51,1.0,0.034946,0.297125,0.30913,0.564437,0.444992,RN_ASCON_NoFOG,RN,ASCON,NoFOG,6,C:\Users\VivoBook\Downloads\microproyecto2\microproyecto 2 porque wtf\src\hfl_v7-RN\Results\#6,global_weights_history_5.csv,global_round,2026-04-15 16:34:51,model.global_round,3,aggregate,server,,60.0,0.0027309999999999834,0.00986300000000001,0.010463999999999918,0.015407000000000004,0.038464999999999916
4,16:35:50,1.0,0.024912,0.29938,0.314236,0.570751,0.453172,RN_ASCON_NoFOG,RN,ASCON,NoFOG,6,C:\Users\VivoBook\Downloads\microproyecto2\microproyecto 2 porque wtf\src\hfl_v7-RN\Results\#6,global_weights_history_5.csv,global_round,2026-04-15 16:35:50,model.global_round,4,aggregate,server,,59.0,0.002255000000000007,0.005105999999999999,0.006314000000000042,0.00818000000000002,0.02185500000000007
5,16:36:53,1.0,0.010663,0.301085,0.319368,0.575259,0.458191,RN_ASCON_NoFOG,RN,ASCON,NoFOG,6,C:\Users\VivoBook\Downloads\microproyecto2\microproyecto 2 porque wtf\src\hfl_v7-RN\Results\#6,global_weights_history_5.csv,global_round,2026-04-15 16:36:53,model.global_round,5,aggregate,server,,63.0,0.001705000000000012,0.00513199999999997,0.0045079999999999565,0.005018999999999996,0.016363999999999934
6,16:37:57,0.916667,0.296874,0.297118,0.311699,0.559067,0.456221,RN_ASCON_NoFOG,RN,ASCON,NoFOG,6,C:\Users\VivoBook\Downloads\microproyecto2\microproyecto 2 porque wtf\src\hfl_v7-RN\Results\#6,global_weights_history_5.csv,global_round,2026-04-15 16:37:57,model.global_round,6,aggregate,server,,64.0,0.003966999999999998,0.007668999999999981,0.016191999999999984,0.0019700000000000273,0.02979799999999999
7,16:38:57,0.95,0.213609,0.295566,0.30442,0.544879,0.461342,RN_ASCON_NoFOG,RN,ASCON,NoFOG,6,C:\Users\VivoBook\Downloads\microproyecto2\microproyecto 2 porque wtf\src\hfl_v7-RN\Results\#6,global_weights_history_5.csv,global_round,2026-04-15 16:38:57,model.global_round,7,aggregate,server,,60.0,0.0015519999999999978,0.00727899999999998,0.014187999999999978,0.005120999999999987,0.028139999999999943
8,16:39:58,0.983333,0.061959,0.295455,0.298781,0.549632,0.464278,RN_ASCON_NoFOG,RN,ASCON,NoFOG,6,C:\Users\VivoBook\Downloads\microproyecto2\microproyecto 2 porque wtf\src\hfl_v7-RN\Results\#6,global_weights_history_5.csv,global_round,2026-04-15 16:39:58,model.global_round,8,aggregate,server,,61.0,0.00011099999999997223,0.005639000000000005,0.004753000000000007,0.0029360000000000497,0.013439000000000034
9,16:40:58,0.916667,0.178716,0.295991,0.297613,0.554128,0.468341,RN_ASCON_NoFOG,RN,ASCON,NoFOG,6,C:\Users\VivoBook\Downloads\microproyecto2\microproyecto 2 porque wtf\src\hfl_v7-RN\Results\#6,global_weights_history_5.csv,global_round,2026-04-15 16:40:58,model.global_round,9,aggregate,server,,60.0,0.0005359999999999809,0.0011680000000000024,0.0044959999999999445,0.004062999999999983,0.010262999999999911
10,16:41:56,0.983333,0.133821,0.295976,0.301686,0.559887,0.469398,RN_ASCON_NoFOG,RN,ASCON,NoFOG,6,C:\Users\VivoBook\Downloads\microproyecto2\microproyecto 2 porque wtf\src\hfl_v7-RN\Results\#6,global_weights_history_5.csv,global_round,2026-04-15 16:41:56,model.global_round,10,aggregate,server,,58.0,1.4999999999987246e-05,0.004072999999999993,0.00575900000000007,0.0010569999999999746,0.010904000000000025
11,16:42:55,0.916667,0.227894,0.296107,0.298294,0.558136,0.470819,RN_ASCON_NoFOG,RN,ASCON,NoFOG,6,C:\Users\VivoBook\Downloads\microproyecto2\microproyecto 2 porque wtf\src\hfl_v7-RN\Results\#6,global_weights_history_5.csv,global_round,2026-04-15 16:42:55,model.global_round,11,aggregate,server,,59.0,0.00013099999999999223,0.003392000000000006,0.001751000000000058,0.0014210000000000056,0.006695000000000062
12,16:43:54,0.983333,0.055132,0.296649,0.297872,0.558439,0.474033,RN_ASCON_NoFOG,RN,ASCON,NoFOG,6,C:\Users\VivoBook\Downloads\microproyecto2\microproyecto 2 porque wtf\src\hfl_v7-RN\Results\#6,global_weights_history_5.csv,global_round,2026-04-15 16:43:54,model.global_round,12,aggregate,server,,59.0,0.0005419999999999869,0.00042199999999997795,0.0003030000000000532,0.0032139999999999946,0.004481000000000013
13,16:44:52,0.966667,0.069748,0.296958,0.297149,0.55682,0.477262,RN_ASCON_NoFOG,RN,ASCON,NoFOG,6,C:\Users\VivoBook\Downloads\microproyecto2\microproyecto 2 porque wtf\src\hfl_v7-RN\Results\#6,global_weights_history_5.csv,global_round,2026-04-15 16:44:52,model.global_round,13,aggregate,server,,58.0,0.0003090000000000037,0.0007230000000000292,0.001619000000000037,0.0032290000000000374,0.005880000000000107
14,16:45:51,0.983333,0.059501,0.297781,0.301204,0.558331,0.480207,RN_ASCON_NoFOG,RN,ASCON,NoFOG,6,C:\Users\VivoBook\Downloads\microproyecto2\microproyecto 2 porque wtf\src\hfl_v7-RN\Results\#6,global_weights_history_5.csv,global_round,2026-04-15 16:45:51,model.global_round,14,aggregate,server,,59.0,0.0008230000000000182,0.004055000000000031,0.00151100000000004,0.0029449999999999754,0.009334000000000064
15,16:46:50,0.966667,0.112095,0.29799,0.301554,0.5578,0.482173,RN_ASCON_NoFOG,RN,ASCON,NoFOG,6,C:\Users\VivoBook\Downloads\microproyecto2\microproyecto 2 porque wtf\src\hfl_v7-RN\Results\#6,global_weights_history_5.csv,global_round,2026-04-15 16:46:50,model.global_round,15,aggregate,server,,59.0,0.00020899999999995922,0.00034999999999996145,0.0005310000000000592,0.0019660000000000233,0.003056000000000003
16,16:47:49,0.966667,0.131776,0.298682,0.302882,0.560203,0.484392,RN_ASCON_NoFOG,RN,ASCON,NoFOG,6,C:\Users\VivoBook\Downloads\microproyecto2\microproyecto 2 porque wtf\src\hfl_v7-RN\Results\#6,global_weights_history_5.csv,global_round,2026-04-15 16:47:49,model.global_round,16,aggregate,server,,59.0,0.0006920000000000259,0.0013279999999999959,0.002403000000000044,0.002218999999999971,0.006642000000000037
17,16:48:48,0.95,0.176198,0.299182,0.302384,0.562997,0.484466,RN_ASCON_NoFOG,RN,ASCON,NoFOG,6,C:\Users\VivoBook\Downloads\microproyecto2\microproyecto 2 porque wtf\src\hfl_v7-RN\Results\#6,global_weights_history_5.csv,global_round,2026-04-15 16:48:48,model.global_round,17,aggregate,server,,59.0,0.0005000000000000004,0.0004979999999999984,0.002793999999999963,7.40000000000185e-05,0.0038659999999999806
18,16:49:47,0.983333,0.07476,0.299573,0.298887,0.566557,0.485301,RN_ASCON_NoFOG,RN,ASCON,NoFOG,6,C:\Users\VivoBook\Downloads\microproyecto2\microproyecto 2 porque wtf\src\hfl_v7-RN\Results\#6,global_weights_history_5.csv,global_round,2026-04-15 16:49:47,model.global_round,18,aggregate,server,,59.0,0.0003909999999999747,0.0034969999999999724,0.0035600000000000076,0.0008349999999999747,0.00828299999999993
19,16:50:46,0.966667,0.18198,0.299438,0.293202,0.570417,0.485618,RN_ASCON_NoFOG,RN,ASCON,NoFOG,6,C:\Users\VivoBook\Downloads\microproyecto2\microproyecto 2 porque wtf\src\hfl_v7-RN\Results\#6,global_weights_history_5.csv,global_round,2026-04-15 16:50:46,model.global_round,19,aggregate,server,,59.0,0.00013499999999999623,0.005684999999999996,0.0038599999999999746,0.0003170000000000117,0.009996999999999978
20,16:51:44,0.916667,0.237888,0.298845,0.290659,0.572738,0.479677,RN_ASCON_NoFOG,RN,ASCON,NoFOG,6,C:\Users\VivoBook\Downloads\microproyecto2\microproyecto 2 porque wtf\src\hfl_v7-RN\Results\#6,global_weights_history_5.csv,global_round,2026-04-15 16:51:44,model.global_round,20,aggregate,server,,58.0,0.0005929999999999547,0.0025430000000000175,0.0023210000000000175,0.005940999999999974,0.011397999999999964
1,16:59:29,0.8,0.684,0.28629,0.290266,0.541345,0.412711,RN_ASCON_NoFOG,RN,ASCON,NoFOG,7,C:\Users\VivoBook\Downloads\microproyecto2\microproyecto 2 porque wtf\src\hfl_v7-RN\Results\#7,global_weights_history_6.csv,global_round,2026-04-15 16:59:29,model.global_round,1,aggregate,server,,,,,,,0.0
2,17:00:23,0.933333,0.247279,0.289536,0.293433,0.557537,0.429422,RN_ASCON_NoFOG,RN,ASCON,NoFOG,7,C:\Users\VivoBook\Downloads\microproyecto2\microproyecto 2 porque wtf\src\hfl_v7-RN\Results\#7,global_weights_history_6.csv,global_round,2026-04-15 17:00:23,model.global_round,2,aggregate,server,,54.0,0.0032460000000000266,0.0031669999999999754,0.016191999999999984,0.01671100000000003,0.03931600000000002
3,17:01:23,0.95,0.130688,0.293168,0.300483,0.56784,0.438865,RN_ASCON_NoFOG,RN,ASCON,NoFOG,7,C:\Users\VivoBook\Downloads\microproyecto2\microproyecto 2 porque wtf\src\hfl_v7-RN\Results\#7,global_weights_history_6.csv,global_round,2026-04-15 17:01:23,model.global_round,3,aggregate,server,,60.0,0.0036319999999999686,0.007050000000000001,0.010303000000000062,0.00944299999999998,0.03042800000000001
4,17:02:22,1.0,0.05397,0.295303,0.306371,0.574009,0.447043,RN_ASCON_NoFOG,RN,ASCON,NoFOG,7,C:\Users\VivoBook\Downloads\microproyecto2\microproyecto 2 porque wtf\src\hfl_v7-RN\Results\#7,global_weights_history_6.csv,global_round,2026-04-15 17:02:22,model.global_round,4,aggregate,server,,59.0,0.002134999999999998,0.005888000000000004,0.00616899999999998,0.008178000000000019,0.02237
5,17:03:22,1.0,0.022362,0.296721,0.311771,0.578663,0.453427,RN_ASCON_NoFOG,RN,ASCON,NoFOG,7,C:\Users\VivoBook\Downloads\microproyecto2\microproyecto 2 porque wtf\src\hfl_v7-RN\Results\#7,global_weights_history_6.csv,global_round,2026-04-15 17:03:22,model.global_round,5,aggregate,server,,60.0,0.0014180000000000303,0.005400000000000016,0.004654000000000047,0.006384000000000001,0.017856000000000094
6,17:04:27,0.983333,0.071513,0.298001,0.314492,0.582236,0.455349,RN_ASCON_NoFOG,RN,ASCON,NoFOG,7,C:\Users\VivoBook\Downloads\microproyecto2\microproyecto 2 porque wtf\src\hfl_v7-RN\Results\#7,global_weights_history_6.csv,global_round,2026-04-15 17:04:27,model.global_round,6,aggregate,server,,65.0,0.0012800000000000034,0.0027209999999999734,0.0035729999999999373,0.0019219999999999793,0.009495999999999893
7,17:05:25,0.916667,0.213857,0.294084,0.306426,0.571334,0.449697,RN_ASCON_NoFOG,RN,ASCON,NoFOG,7,C:\Users\VivoBook\Downloads\microproyecto2\microproyecto 2 porque wtf\src\hfl_v7-RN\Results\#7,global_weights_history_6.csv,global_round,2026-04-15 17:05:25,model.global_round,7,aggregate,server,,58.0,0.003917000000000004,0.008066000000000018,0.010901999999999967,0.00565199999999999,0.02853699999999998
8,17:06:24,0.916667,0.150267,0.294375,0.306382,0.567739,0.451358,RN_ASCON_NoFOG,RN,ASCON,NoFOG,7,C:\Users\VivoBook\Downloads\microproyecto2\microproyecto 2 porque wtf\src\hfl_v7-RN\Results\#7,global_weights_history_6.csv,global_round,2026-04-15 17:06:24,model.global_round,8,aggregate,server,,59.0,0.0002909999999999857,4.399999999998849e-05,0.003595000000000015,0.001660999999999968,0.005590999999999957
9,17:07:23,0.933333,0.155353,0.295022,0.306937,0.568522,0.453153,RN_ASCON_NoFOG,RN,ASCON,NoFOG,7,C:\Users\VivoBook\Downloads\microproyecto2\microproyecto 2 porque wtf\src\hfl_v7-RN\Results\#7,global_weights_history_6.csv,global_round,2026-04-15 17:07:23,model.global_round,9,aggregate,server,,59.0,0.0006470000000000087,0.0005550000000000277,0.0007829999999999782,0.001794999999999991,0.0037800000000000056
10,17:08:22,0.916667,0.140416,0.295015,0.305937,0.56766,0.457052,RN_ASCON_NoFOG,RN,ASCON,NoFOG,7,C:\Users\VivoBook\Downloads\microproyecto2\microproyecto 2 porque wtf\src\hfl_v7-RN\Results\#7,global_weights_history_6.csv,global_round,2026-04-15 17:08:22,model.global_round,10,aggregate,server,,59.0,6.999999999979245e-06,0.0010000000000000009,0.0008619999999999184,0.0038990000000000413,0.00576799999999994
11,17:09:22,0.983333,0.097937,0.295105,0.305004,0.56889,0.456252,RN_ASCON_NoFOG,RN,ASCON,NoFOG,7,C:\Users\VivoBook\Downloads\microproyecto2\microproyecto 2 porque wtf\src\hfl_v7-RN\Results\#7,global_weights_history_6.csv,global_round,2026-04-15 17:09:22,model.global_round,11,aggregate,server,,60.0,8.999999999997899e-05,0.0009330000000000171,0.0012299999999999534,0.0008000000000000229,0.0030529999999999724
12,17:10:21,1.0,0.023597,0.295524,0.307822,0.569186,0.457594,RN_ASCON_NoFOG,RN,ASCON,NoFOG,7,C:\Users\VivoBook\Downloads\microproyecto2\microproyecto 2 porque wtf\src\hfl_v7-RN\Results\#7,global_weights_history_6.csv,global_round,2026-04-15 17:10:21,model.global_round,12,aggregate,server,,59.0,0.0004190000000000027,0.002817999999999987,0.00029599999999996296,0.0013420000000000099,0.004874999999999963
13,17:11:19,0.95,0.115079,0.296335,0.312209,0.571624,0.459997,RN_ASCON_NoFOG,RN,ASCON,NoFOG,7,C:\Users\VivoBook\Downloads\microproyecto2\microproyecto 2 porque wtf\src\hfl_v7-RN\Results\#7,global_weights_history_6.csv,global_round,2026-04-15 17:11:19,model.global_round,13,aggregate,server,,58.0,0.0008110000000000062,0.00438700000000003,0.0024380000000000512,0.0024029999999999885,0.010039000000000076
14,17:12:19,1.0,0.02345,0.297015,0.312109,0.573624,0.463054,RN_ASCON_NoFOG,RN,ASCON,NoFOG,7,C:\Users\VivoBook\Downloads\microproyecto2\microproyecto 2 porque wtf\src\hfl_v7-RN\Results\#7,global_weights_history_6.csv,global_round,2026-04-15 17:12:19,model.global_round,14,aggregate,server,,60.0,0.0006799999999999584,9.999999999998899e-05,0.0020000000000000018,0.003057000000000032,0.005836999999999981
15,17:13:18,0.95,0.113255,0.298014,0.316229,0.575716,0.465515,RN_ASCON_NoFOG,RN,ASCON,NoFOG,7,C:\Users\VivoBook\Downloads\microproyecto2\microproyecto 2 porque wtf\src\hfl_v7-RN\Results\#7,global_weights_history_6.csv,global_round,2026-04-15 17:13:18,model.global_round,15,aggregate,server,,59.0,0.0009990000000000276,0.004119999999999957,0.0020919999999999828,0.002460999999999991,0.009671999999999958
16,17:14:18,0.983333,0.075394,0.299196,0.318813,0.576541,0.467661,RN_ASCON_NoFOG,RN,ASCON,NoFOG,7,C:\Users\VivoBook\Downloads\microproyecto2\microproyecto 2 porque wtf\src\hfl_v7-RN\Results\#7,global_weights_history_6.csv,global_round,2026-04-15 17:14:18,model.global_round,16,aggregate,server,,60.0,0.0011820000000000164,0.0025840000000000307,0.0008249999999999647,0.0021459999999999813,0.006736999999999993
17,17:15:19,0.966667,0.119421,0.299876,0.311598,0.578793,0.464925,RN_ASCON_NoFOG,RN,ASCON,NoFOG,7,C:\Users\VivoBook\Downloads\microproyecto2\microproyecto 2 porque wtf\src\hfl_v7-RN\Results\#7,global_weights_history_6.csv,global_round,2026-04-15 17:15:19,model.global_round,17,aggregate,server,,61.0,0.0006799999999999584,0.007215000000000027,0.0022520000000000318,0.002736000000000016,0.012883000000000033
18,17:16:18,0.966667,0.104582,0.299973,0.308976,0.582522,0.46911,RN_ASCON_NoFOG,RN,ASCON,NoFOG,7,C:\Users\VivoBook\Downloads\microproyecto2\microproyecto 2 porque wtf\src\hfl_v7-RN\Results\#7,global_weights_history_6.csv,global_round,2026-04-15 17:16:18,model.global_round,18,aggregate,server,,59.0,9.700000000001374e-05,0.002622000000000013,0.0037289999999999823,0.00418500000000005,0.010633000000000059
19,17:17:19,0.95,0.113864,0.300805,0.310299,0.585905,0.474246,RN_ASCON_NoFOG,RN,ASCON,NoFOG,7,C:\Users\VivoBook\Downloads\microproyecto2\microproyecto 2 porque wtf\src\hfl_v7-RN\Results\#7,global_weights_history_6.csv,global_round,2026-04-15 17:17:19,model.global_round,19,aggregate,server,,61.0,0.0008319999999999994,0.0013230000000000186,0.003383000000000025,0.005135999999999974,0.010674000000000017
20,17:18:19,0.966667,0.151863,0.301179,0.310335,0.587734,0.482371,RN_ASCON_NoFOG,RN,ASCON,NoFOG,7,C:\Users\VivoBook\Downloads\microproyecto2\microproyecto 2 porque wtf\src\hfl_v7-RN\Results\#7,global_weights_history_6.csv,global_round,2026-04-15 17:18:19,model.global_round,20,aggregate,server,,60.0,0.00037399999999998546,3.6000000000036e-05,0.0018289999999999695,0.008124999999999993,0.010363999999999984
1,17:24:02,0.783333,0.801066,0.287752,0.29142,0.543978,0.409817,RN_ASCON_NoFOG,RN,ASCON,NoFOG,8,C:\Users\VivoBook\Downloads\microproyecto2\microproyecto 2 porque wtf\src\hfl_v7-RN\Results\#8,global_weights_history_7.csv,global_round,2026-04-15 17:24:02,model.global_round,1,aggregate,server,,,,,,,0.0
2,17:24:56,0.966667,0.132952,0.290409,0.29573,0.561473,0.42355,RN_ASCON_NoFOG,RN,ASCON,NoFOG,8,C:\Users\VivoBook\Downloads\microproyecto2\microproyecto 2 porque wtf\src\hfl_v7-RN\Results\#8,global_weights_history_7.csv,global_round,2026-04-15 17:24:56,model.global_round,2,aggregate,server,,54.0,0.002656999999999965,0.0043099999999999805,0.01749500000000004,0.013732999999999995,0.03819499999999998
3,17:25:56,1.0,0.047946,0.294311,0.306617,0.57031,0.43712,RN_ASCON_NoFOG,RN,ASCON,NoFOG,8,C:\Users\VivoBook\Downloads\microproyecto2\microproyecto 2 porque wtf\src\hfl_v7-RN\Results\#8,global_weights_history_7.csv,global_round,2026-04-15 17:25:56,model.global_round,3,aggregate,server,,60.0,0.0039020000000000166,0.01088699999999998,0.008836999999999984,0.013570000000000026,0.03719600000000001
4,17:26:55,1.0,0.028006,0.29658,0.312339,0.575282,0.445176,RN_ASCON_NoFOG,RN,ASCON,NoFOG,8,C:\Users\VivoBook\Downloads\microproyecto2\microproyecto 2 porque wtf\src\hfl_v7-RN\Results\#8,global_weights_history_7.csv,global_round,2026-04-15 17:26:55,model.global_round,4,aggregate,server,,59.0,0.002269000000000021,0.005722000000000005,0.0049719999999999764,0.008056000000000008,0.02101900000000001
5,17:27:58,1.0,0.012422,0.298398,0.316205,0.580295,0.450795,RN_ASCON_NoFOG,RN,ASCON,NoFOG,8,C:\Users\VivoBook\Downloads\microproyecto2\microproyecto 2 porque wtf\src\hfl_v7-RN\Results\#8,global_weights_history_7.csv,global_round,2026-04-15 17:27:58,model.global_round,5,aggregate,server,,63.0,0.0018179999999999863,0.003866000000000036,0.005013000000000045,0.005618999999999985,0.016316000000000053
6,17:28:57,0.883333,0.375871,0.292446,0.31075,0.563132,0.445566,RN_ASCON_NoFOG,RN,ASCON,NoFOG,8,C:\Users\VivoBook\Downloads\microproyecto2\microproyecto 2 porque wtf\src\hfl_v7-RN\Results\#8,global_weights_history_7.csv,global_round,2026-04-15 17:28:57,model.global_round,6,aggregate,server,,59.0,0.005952000000000013,0.005454999999999988,0.01716300000000004,0.005228999999999984,0.03379900000000002
7,17:29:56,0.983333,0.093956,0.291059,0.31255,0.5598,0.447362,RN_ASCON_NoFOG,RN,ASCON,NoFOG,8,C:\Users\VivoBook\Downloads\microproyecto2\microproyecto 2 porque wtf\src\hfl_v7-RN\Results\#8,global_weights_history_7.csv,global_round,2026-04-15 17:29:56,model.global_round,7,aggregate,server,,59.0,0.0013869999999999716,0.0017999999999999683,0.0033320000000000016,0.0017959999999999643,0.008314999999999906
8,17:30:55,0.95,0.10189,0.290891,0.318526,0.561403,0.448508,RN_ASCON_NoFOG,RN,ASCON,NoFOG,8,C:\Users\VivoBook\Downloads\microproyecto2\microproyecto 2 porque wtf\src\hfl_v7-RN\Results\#8,global_weights_history_7.csv,global_round,2026-04-15 17:30:55,model.global_round,8,aggregate,server,,59.0,0.00016800000000000148,0.005975999999999981,0.001603000000000021,0.0011460000000000359,0.00889300000000004
9,17:31:54,0.95,0.141639,0.292237,0.321099,0.563408,0.451129,RN_ASCON_NoFOG,RN,ASCON,NoFOG,8,C:\Users\VivoBook\Downloads\microproyecto2\microproyecto 2 porque wtf\src\hfl_v7-RN\Results\#8,global_weights_history_7.csv,global_round,2026-04-15 17:31:54,model.global_round,9,aggregate,server,,59.0,0.0013460000000000139,0.0025730000000000475,0.0020050000000000345,0.0026209999999999845,0.00854500000000008
10,17:32:59,0.916667,0.243116,0.293418,0.317993,0.566637,0.449459,RN_ASCON_NoFOG,RN,ASCON,NoFOG,8,C:\Users\VivoBook\Downloads\microproyecto2\microproyecto 2 porque wtf\src\hfl_v7-RN\Results\#8,global_weights_history_7.csv,global_round,2026-04-15 17:32:59,model.global_round,10,aggregate,server,,65.0,0.0011809999999999876,0.0031059999999999977,0.0032289999999999264,0.0016700000000000048,0.009185999999999916
11,17:33:59,0.933333,0.153539,0.293342,0.315386,0.567262,0.449883,RN_ASCON_NoFOG,RN,ASCON,NoFOG,8,C:\Users\VivoBook\Downloads\microproyecto2\microproyecto 2 porque wtf\src\hfl_v7-RN\Results\#8,global_weights_history_7.csv,global_round,2026-04-15 17:33:59,model.global_round,11,aggregate,server,,60.0,7.60000000000205e-05,0.002607000000000026,0.0006250000000000977,0.00042399999999997995,0.003732000000000124
12,17:35:00,0.966667,0.114245,0.293876,0.315533,0.568778,0.452352,RN_ASCON_NoFOG,RN,ASCON,NoFOG,8,C:\Users\VivoBook\Downloads\microproyecto2\microproyecto 2 porque wtf\src\hfl_v7-RN\Results\#8,global_weights_history_7.csv,global_round,2026-04-15 17:35:00,model.global_round,12,aggregate,server,,61.0,0.0005340000000000344,0.00014700000000000824,0.0015159999999999618,0.002468999999999999,0.0046660000000000035
13,17:36:01,0.9,0.167055,0.294627,0.317603,0.570153,0.456091,RN_ASCON_NoFOG,RN,ASCON,NoFOG,8,C:\Users\VivoBook\Downloads\microproyecto2\microproyecto 2 porque wtf\src\hfl_v7-RN\Results\#8,global_weights_history_7.csv,global_round,2026-04-15 17:36:01,model.global_round,13,aggregate,server,,61.0,0.0007509999999999462,0.0020700000000000163,0.001375000000000015,0.003739000000000048,0.007935000000000025
14,17:37:03,0.983333,0.062423,0.294816,0.318314,0.564176,0.458749,RN_ASCON_NoFOG,RN,ASCON,NoFOG,8,C:\Users\VivoBook\Downloads\microproyecto2\microproyecto 2 porque wtf\src\hfl_v7-RN\Results\#8,global_weights_history_7.csv,global_round,2026-04-15 17:37:03,model.global_round,14,aggregate,server,,62.0,0.00018900000000005024,0.0007109999999999617,0.00597700000000001,0.0026579999999999937,0.009535000000000016
15,17:38:02,0.966667,0.094135,0.295274,0.320315,0.563621,0.461755,RN_ASCON_NoFOG,RN,ASCON,NoFOG,8,C:\Users\VivoBook\Downloads\microproyecto2\microproyecto 2 porque wtf\src\hfl_v7-RN\Results\#8,global_weights_history_7.csv,global_round,2026-04-15 17:38:02,model.global_round,15,aggregate,server,,59.0,0.00045799999999995844,0.0020010000000000305,0.0005549999999999722,0.0030060000000000087,0.00601999999999997
16,17:39:01,0.983333,0.052529,0.29577,0.324809,0.564961,0.465382,RN_ASCON_NoFOG,RN,ASCON,NoFOG,8,C:\Users\VivoBook\Downloads\microproyecto2\microproyecto 2 porque wtf\src\hfl_v7-RN\Results\#8,global_weights_history_7.csv,global_round,2026-04-15 17:39:01,model.global_round,16,aggregate,server,,59.0,0.0004959999999999964,0.004493999999999998,0.0013400000000000079,0.0036269999999999913,0.009956999999999994
17,17:39:59,1.0,0.013581,0.297151,0.328204,0.567134,0.47023,RN_ASCON_NoFOG,RN,ASCON,NoFOG,8,C:\Users\VivoBook\Downloads\microproyecto2\microproyecto 2 porque wtf\src\hfl_v7-RN\Results\#8,global_weights_history_7.csv,global_round,2026-04-15 17:39:59,model.global_round,17,aggregate,server,,58.0,0.001381000000000021,0.0033949999999999814,0.0021729999999999805,0.0048479999999999634,0.011796999999999946
18,17:40:58,0.933333,0.123744,0.298412,0.329765,0.567874,0.473574,RN_ASCON_NoFOG,RN,ASCON,NoFOG,8,C:\Users\VivoBook\Downloads\microproyecto2\microproyecto 2 porque wtf\src\hfl_v7-RN\Results\#8,global_weights_history_7.csv,global_round,2026-04-15 17:40:58,model.global_round,18,aggregate,server,,59.0,0.0012610000000000121,0.001560999999999979,0.0007399999999999629,0.0033440000000000136,0.006905999999999968
19,17:41:57,0.966667,0.107467,0.298662,0.323869,0.570641,0.471167,RN_ASCON_NoFOG,RN,ASCON,NoFOG,8,C:\Users\VivoBook\Downloads\microproyecto2\microproyecto 2 porque wtf\src\hfl_v7-RN\Results\#8,global_weights_history_7.csv,global_round,2026-04-15 17:41:57,model.global_round,19,aggregate,server,,59.0,0.00024999999999997247,0.005895999999999957,0.002766999999999964,0.0024069999999999925,0.011319999999999886
20,17:42:56,0.95,0.151913,0.299321,0.324661,0.574506,0.473727,RN_ASCON_NoFOG,RN,ASCON,NoFOG,8,C:\Users\VivoBook\Downloads\microproyecto2\microproyecto 2 porque wtf\src\hfl_v7-RN\Results\#8,global_weights_history_7.csv,global_round,2026-04-15 17:42:56,model.global_round,20,aggregate,server,,59.0,0.0006590000000000207,0.0007919999999999594,0.0038650000000000073,0.0025600000000000067,0.007875999999999994
1,17:49:44,0.8,0.558471,0.288657,0.292287,0.54239,0.40808,RN_ASCON_NoFOG,RN,ASCON,NoFOG,9,C:\Users\VivoBook\Downloads\microproyecto2\microproyecto 2 porque wtf\src\hfl_v7-RN\Results\#9,global_weights_history_8.csv,global_round,2026-04-15 17:49:44,model.global_round,1,aggregate,server,,,,,,,0.0
2,17:50:37,0.966667,0.140777,0.293921,0.29609,0.557061,0.426495,RN_ASCON_NoFOG,RN,ASCON,NoFOG,9,C:\Users\VivoBook\Downloads\microproyecto2\microproyecto 2 porque wtf\src\hfl_v7-RN\Results\#9,global_weights_history_8.csv,global_round,2026-04-15 17:50:37,model.global_round,2,aggregate,server,,53.0,0.005263999999999991,0.003803000000000001,0.01467099999999999,0.018415000000000015,0.042152999999999996
3,17:51:37,1.0,0.039211,0.297037,0.305357,0.564498,0.439899,RN_ASCON_NoFOG,RN,ASCON,NoFOG,9,C:\Users\VivoBook\Downloads\microproyecto2\microproyecto 2 porque wtf\src\hfl_v7-RN\Results\#9,global_weights_history_8.csv,global_round,2026-04-15 17:51:37,model.global_round,3,aggregate,server,,60.0,0.0031160000000000077,0.00926699999999997,0.007437000000000027,0.013403999999999971,0.033223999999999976
4,17:52:36,1.0,0.024904,0.298946,0.310883,0.56961,0.447431,RN_ASCON_NoFOG,RN,ASCON,NoFOG,9,C:\Users\VivoBook\Downloads\microproyecto2\microproyecto 2 porque wtf\src\hfl_v7-RN\Results\#9,global_weights_history_8.csv,global_round,2026-04-15 17:52:36,model.global_round,4,aggregate,server,,59.0,0.001908999999999994,0.005526000000000031,0.005111999999999894,0.007532000000000039,0.020078999999999958
5,17:53:42,0.983333,0.135768,0.29839,0.312233,0.566731,0.452656,RN_ASCON_NoFOG,RN,ASCON,NoFOG,9,C:\Users\VivoBook\Downloads\microproyecto2\microproyecto 2 porque wtf\src\hfl_v7-RN\Results\#9,global_weights_history_8.csv,global_round,2026-04-15 17:53:42,model.global_round,5,aggregate,server,,66.0,0.0005560000000000009,0.0013499999999999623,0.002878999999999965,0.00522499999999998,0.010009999999999908
6,17:54:40,0.8,0.492693,0.290895,0.300878,0.547329,0.43987,RN_ASCON_NoFOG,RN,ASCON,NoFOG,9,C:\Users\VivoBook\Downloads\microproyecto2\microproyecto 2 porque wtf\src\hfl_v7-RN\Results\#9,global_weights_history_8.csv,global_round,2026-04-15 17:54:40,model.global_round,6,aggregate,server,,58.0,0.007494999999999974,0.011355000000000004,0.01940200000000003,0.01278600000000002,0.05103800000000003
7,17:55:40,0.883333,0.287913,0.289294,0.300174,0.536179,0.436275,RN_ASCON_NoFOG,RN,ASCON,NoFOG,9,C:\Users\VivoBook\Downloads\microproyecto2\microproyecto 2 porque wtf\src\hfl_v7-RN\Results\#9,global_weights_history_8.csv,global_round,2026-04-15 17:55:40,model.global_round,7,aggregate,server,,60.0,0.001601000000000019,0.0007039999999999824,0.011149999999999993,0.0035949999999999593,0.017049999999999954
8,17:56:41,0.9,0.256608,0.288525,0.300721,0.532105,0.438657,RN_ASCON_NoFOG,RN,ASCON,NoFOG,9,C:\Users\VivoBook\Downloads\microproyecto2\microproyecto 2 porque wtf\src\hfl_v7-RN\Results\#9,global_weights_history_8.csv,global_round,2026-04-15 17:56:41,model.global_round,8,aggregate,server,,61.0,0.0007690000000000197,0.0005470000000000197,0.004073999999999911,0.0023819999999999952,0.007771999999999946
9,17:57:40,0.85,0.295224,0.288402,0.296943,0.529922,0.443754,RN_ASCON_NoFOG,RN,ASCON,NoFOG,9,C:\Users\VivoBook\Downloads\microproyecto2\microproyecto 2 porque wtf\src\hfl_v7-RN\Results\#9,global_weights_history_8.csv,global_round,2026-04-15 17:57:40,model.global_round,9,aggregate,server,,59.0,0.00012299999999998423,0.0037780000000000036,0.002183000000000046,0.005096999999999963,0.011180999999999996
10,17:58:40,0.866667,0.353417,0.289333,0.29048,0.530424,0.450428,RN_ASCON_NoFOG,RN,ASCON,NoFOG,9,C:\Users\VivoBook\Downloads\microproyecto2\microproyecto 2 porque wtf\src\hfl_v7-RN\Results\#9,global_weights_history_8.csv,global_round,2026-04-15 17:58:40,model.global_round,10,aggregate,server,,60.0,0.0009310000000000151,0.0064629999999999965,0.0005020000000000024,0.006674000000000013,0.014570000000000027
11,17:59:39,0.833333,0.335582,0.2902,0.286114,0.531261,0.45597,RN_ASCON_NoFOG,RN,ASCON,NoFOG,9,C:\Users\VivoBook\Downloads\microproyecto2\microproyecto 2 porque wtf\src\hfl_v7-RN\Results\#9,global_weights_history_8.csv,global_round,2026-04-15 17:59:39,model.global_round,11,aggregate,server,,59.0,0.0008670000000000067,0.0043660000000000365,0.0008369999999999767,0.005541999999999991,0.011612000000000011
12,18:00:38,0.866667,0.269349,0.289665,0.285368,0.525181,0.459408,RN_ASCON_NoFOG,RN,ASCON,NoFOG,9,C:\Users\VivoBook\Downloads\microproyecto2\microproyecto 2 porque wtf\src\hfl_v7-RN\Results\#9,global_weights_history_8.csv,global_round,2026-04-15 18:00:38,model.global_round,12,aggregate,server,,59.0,0.0005350000000000077,0.0007459999999999689,0.006079999999999974,0.0034379999999999966,0.010798999999999948
13,18:01:38,0.966667,0.116645,0.290641,0.277249,0.52477,0.463548,RN_ASCON_NoFOG,RN,ASCON,NoFOG,9,C:\Users\VivoBook\Downloads\microproyecto2\microproyecto 2 porque wtf\src\hfl_v7-RN\Results\#9,global_weights_history_8.csv,global_round,2026-04-15 18:01:38,model.global_round,13,aggregate,server,,60.0,0.0009759999999999769,0.008118999999999987,0.0004110000000000502,0.0041400000000000325,0.013646000000000047
14,18:02:37,0.95,0.206365,0.290886,0.275282,0.525133,0.468658,RN_ASCON_NoFOG,RN,ASCON,NoFOG,9,C:\Users\VivoBook\Downloads\microproyecto2\microproyecto 2 porque wtf\src\hfl_v7-RN\Results\#9,global_weights_history_8.csv,global_round,2026-04-15 18:02:37,model.global_round,14,aggregate,server,,59.0,0.0002449999999999952,0.0019669999999999965,0.0003630000000000022,0.005110000000000003,0.007684999999999997
15,18:03:36,0.966667,0.134026,0.290639,0.277926,0.524851,0.471884,RN_ASCON_NoFOG,RN,ASCON,NoFOG,9,C:\Users\VivoBook\Downloads\microproyecto2\microproyecto 2 porque wtf\src\hfl_v7-RN\Results\#9,global_weights_history_8.csv,global_round,2026-04-15 18:03:36,model.global_round,15,aggregate,server,,59.0,0.0002469999999999972,0.0026439999999999797,0.00028200000000000447,0.0032260000000000066,0.006398999999999988
16,18:04:35,0.933333,0.176438,0.291462,0.280342,0.52639,0.475408,RN_ASCON_NoFOG,RN,ASCON,NoFOG,9,C:\Users\VivoBook\Downloads\microproyecto2\microproyecto 2 porque wtf\src\hfl_v7-RN\Results\#9,global_weights_history_8.csv,global_round,2026-04-15 18:04:35,model.global_round,16,aggregate,server,,59.0,0.0008230000000000182,0.0024159999999999737,0.001539000000000068,0.0035239999999999716,0.008302000000000032
17,18:05:34,0.8,0.413783,0.291955,0.276617,0.53046,0.475422,RN_ASCON_NoFOG,RN,ASCON,NoFOG,9,C:\Users\VivoBook\Downloads\microproyecto2\microproyecto 2 porque wtf\src\hfl_v7-RN\Results\#9,global_weights_history_8.csv,global_round,2026-04-15 18:05:34,model.global_round,17,aggregate,server,,59.0,0.0004930000000000212,0.0037249999999999783,0.004070000000000018,1.4000000000014001e-05,0.008302000000000032
18,18:06:33,0.95,0.180033,0.291353,0.27255,0.531704,0.47425,RN_ASCON_NoFOG,RN,ASCON,NoFOG,9,C:\Users\VivoBook\Downloads\microproyecto2\microproyecto 2 porque wtf\src\hfl_v7-RN\Results\#9,global_weights_history_8.csv,global_round,2026-04-15 18:06:33,model.global_round,18,aggregate,server,,59.0,0.0006020000000000469,0.004066999999999987,0.0012439999999999118,0.0011720000000000064,0.0070849999999999524
19,18:07:33,0.933333,0.196686,0.290369,0.272433,0.534747,0.472232,RN_ASCON_NoFOG,RN,ASCON,NoFOG,9,C:\Users\VivoBook\Downloads\microproyecto2\microproyecto 2 porque wtf\src\hfl_v7-RN\Results\#9,global_weights_history_8.csv,global_round,2026-04-15 18:07:33,model.global_round,19,aggregate,server,,60.0,0.0009839999999999849,0.00011700000000003374,0.003043000000000018,0.0020180000000000198,0.006162000000000056
20,18:08:32,0.933333,0.178108,0.290633,0.265012,0.532505,0.474873,RN_ASCON_NoFOG,RN,ASCON,NoFOG,9,C:\Users\VivoBook\Downloads\microproyecto2\microproyecto 2 porque wtf\src\hfl_v7-RN\Results\#9,global_weights_history_8.csv,global_round,2026-04-15 18:08:32,model.global_round,20,aggregate,server,,59.0,0.00026399999999998647,0.007420999999999955,0.0022419999999999662,0.0026410000000000045,0.012567999999999913
1,18:15:59,0.766667,0.716873,0.289522,0.292051,0.540919,0.409526,RN_ASCON_NoFOG,RN,ASCON,NoFOG,10,C:\Users\VivoBook\Downloads\microproyecto2\microproyecto 2 porque wtf\src\hfl_v7-RN\Results\#10,global_weights_history_9.csv,global_round,2026-04-15 18:15:59,model.global_round,1,aggregate,server,,,,,,,0.0
2,18:16:53,0.966667,0.140104,0.293115,0.296928,0.554844,0.425787,RN_ASCON_NoFOG,RN,ASCON,NoFOG,10,C:\Users\VivoBook\Downloads\microproyecto2\microproyecto 2 porque wtf\src\hfl_v7-RN\Results\#10,global_weights_history_9.csv,global_round,2026-04-15 18:16:53,model.global_round,2,aggregate,server,,54.0,0.003593000000000013,0.00487700000000002,0.013924999999999965,0.016261000000000025,0.038656000000000024
3,18:17:53,1.0,0.037189,0.297042,0.307292,0.563961,0.441028,RN_ASCON_NoFOG,RN,ASCON,NoFOG,10,C:\Users\VivoBook\Downloads\microproyecto2\microproyecto 2 porque wtf\src\hfl_v7-RN\Results\#10,global_weights_history_9.csv,global_round,2026-04-15 18:17:53,model.global_round,3,aggregate,server,,60.0,0.003926999999999958,0.010363999999999984,0.009117000000000042,0.015240999999999949,0.03864899999999993
4,18:18:51,1.0,0.016519,0.3001,0.31195,0.571498,0.450025,RN_ASCON_NoFOG,RN,ASCON,NoFOG,10,C:\Users\VivoBook\Downloads\microproyecto2\microproyecto 2 porque wtf\src\hfl_v7-RN\Results\#10,global_weights_history_9.csv,global_round,2026-04-15 18:18:51,model.global_round,4,aggregate,server,,58.0,0.003058000000000005,0.0046579999999999955,0.007536999999999905,0.008997000000000033,0.02424999999999994
5,18:19:50,1.0,0.015542,0.302098,0.318584,0.576711,0.45525,RN_ASCON_NoFOG,RN,ASCON,NoFOG,10,C:\Users\VivoBook\Downloads\microproyecto2\microproyecto 2 porque wtf\src\hfl_v7-RN\Results\#10,global_weights_history_9.csv,global_round,2026-04-15 18:19:50,model.global_round,5,aggregate,server,,59.0,0.0019979999999999998,0.006633999999999973,0.005213000000000023,0.00522499999999998,0.019069999999999976
6,18:20:49,1.0,0.009494,0.303174,0.323408,0.579545,0.458393,RN_ASCON_NoFOG,RN,ASCON,NoFOG,10,C:\Users\VivoBook\Downloads\microproyecto2\microproyecto 2 porque wtf\src\hfl_v7-RN\Results\#10,global_weights_history_9.csv,global_round,2026-04-15 18:20:49,model.global_round,6,aggregate,server,,59.0,0.0010760000000000214,0.004823999999999995,0.002834000000000003,0.003143000000000007,0.011877000000000026
7,18:21:54,0.983333,0.111128,0.301722,0.317977,0.573791,0.460998,RN_ASCON_NoFOG,RN,ASCON,NoFOG,10,C:\Users\VivoBook\Downloads\microproyecto2\microproyecto 2 porque wtf\src\hfl_v7-RN\Results\#10,global_weights_history_9.csv,global_round,2026-04-15 18:21:54,model.global_round,7,aggregate,server,,65.0,0.0014520000000000088,0.005430999999999964,0.005753999999999926,0.002605000000000024,0.015241999999999922
8,18:22:53,0.85,0.433231,0.292267,0.301669,0.546915,0.442942,RN_ASCON_NoFOG,RN,ASCON,NoFOG,10,C:\Users\VivoBook\Downloads\microproyecto2\microproyecto 2 porque wtf\src\hfl_v7-RN\Results\#10,global_weights_history_9.csv,global_round,2026-04-15 18:22:53,model.global_round,8,aggregate,server,,59.0,0.009454999999999991,0.01630799999999999,0.02687600000000001,0.018056000000000016,0.07069500000000001
9,18:23:52,0.883333,0.37669,0.289169,0.288774,0.54307,0.436605,RN_ASCON_NoFOG,RN,ASCON,NoFOG,10,C:\Users\VivoBook\Downloads\microproyecto2\microproyecto 2 porque wtf\src\hfl_v7-RN\Results\#10,global_weights_history_9.csv,global_round,2026-04-15 18:23:52,model.global_round,9,aggregate,server,,59.0,0.0030979999999999897,0.012895000000000045,0.0038449999999999873,0.0063369999999999815,0.026175000000000004
10,18:24:51,0.866667,0.425706,0.288379,0.290679,0.536432,0.441932,RN_ASCON_NoFOG,RN,ASCON,NoFOG,10,C:\Users\VivoBook\Downloads\microproyecto2\microproyecto 2 porque wtf\src\hfl_v7-RN\Results\#10,global_weights_history_9.csv,global_round,2026-04-15 18:24:51,model.global_round,10,aggregate,server,,59.0,0.0007900000000000129,0.0019050000000000455,0.006638000000000033,0.005326999999999971,0.014660000000000062
11,18:25:50,0.85,0.323838,0.287489,0.282784,0.522886,0.447355,RN_ASCON_NoFOG,RN,ASCON,NoFOG,10,C:\Users\VivoBook\Downloads\microproyecto2\microproyecto 2 porque wtf\src\hfl_v7-RN\Results\#10,global_weights_history_9.csv,global_round,2026-04-15 18:25:50,model.global_round,11,aggregate,server,,59.0,0.0008900000000000019,0.007895000000000041,0.013546000000000058,0.005423000000000011,0.027754000000000112
12,18:26:49,0.933333,0.186699,0.287973,0.286204,0.519452,0.45504,RN_ASCON_NoFOG,RN,ASCON,NoFOG,10,C:\Users\VivoBook\Downloads\microproyecto2\microproyecto 2 porque wtf\src\hfl_v7-RN\Results\#10,global_weights_history_9.csv,global_round,2026-04-15 18:26:49,model.global_round,12,aggregate,server,,59.0,0.00048399999999998444,0.003420000000000034,0.003433999999999937,0.007684999999999997,0.015022999999999953
13,18:27:48,0.85,0.288288,0.288239,0.285236,0.519241,0.460709,RN_ASCON_NoFOG,RN,ASCON,NoFOG,10,C:\Users\VivoBook\Downloads\microproyecto2\microproyecto 2 porque wtf\src\hfl_v7-RN\Results\#10,global_weights_history_9.csv,global_round,2026-04-15 18:27:48,model.global_round,13,aggregate,server,,59.0,0.000266000000000044,0.0009680000000000244,0.00021100000000007224,0.00566899999999998,0.00711400000000012
14,18:28:49,0.916667,0.21706,0.288728,0.285937,0.519346,0.464721,RN_ASCON_NoFOG,RN,ASCON,NoFOG,10,C:\Users\VivoBook\Downloads\microproyecto2\microproyecto 2 porque wtf\src\hfl_v7-RN\Results\#10,global_weights_history_9.csv,global_round,2026-04-15 18:28:49,model.global_round,14,aggregate,server,,61.0,0.0004889999999999617,0.0007010000000000072,0.00010500000000002174,0.0040120000000000156,0.005307000000000006
15,18:29:48,0.883333,0.224941,0.290547,0.283087,0.518796,0.467149,RN_ASCON_NoFOG,RN,ASCON,NoFOG,10,C:\Users\VivoBook\Downloads\microproyecto2\microproyecto 2 porque wtf\src\hfl_v7-RN\Results\#10,global_weights_history_9.csv,global_round,2026-04-15 18:29:48,model.global_round,15,aggregate,server,,59.0,0.001819000000000015,0.002850000000000019,0.0005499999999999394,0.0024279999999999857,0.007646999999999959
16,18:30:49,0.916667,0.278612,0.291154,0.282355,0.519069,0.46797,RN_ASCON_NoFOG,RN,ASCON,NoFOG,10,C:\Users\VivoBook\Downloads\microproyecto2\microproyecto 2 porque wtf\src\hfl_v7-RN\Results\#10,global_weights_history_9.csv,global_round,2026-04-15 18:30:49,model.global_round,16,aggregate,server,,61.0,0.0006070000000000242,0.0007319999999999549,0.0002729999999999677,0.0008210000000000162,0.002432999999999963
17,18:31:51,0.933333,0.260793,0.292422,0.28274,0.518347,0.472348,RN_ASCON_NoFOG,RN,ASCON,NoFOG,10,C:\Users\VivoBook\Downloads\microproyecto2\microproyecto 2 porque wtf\src\hfl_v7-RN\Results\#10,global_weights_history_9.csv,global_round,2026-04-15 18:31:51,model.global_round,17,aggregate,server,,62.0,0.0012679999999999914,0.0003849999999999687,0.0007220000000000004,0.004377999999999993,0.0067529999999999535
18,18:32:51,0.883333,0.238404,0.291335,0.279867,0.517161,0.472158,RN_ASCON_NoFOG,RN,ASCON,NoFOG,10,C:\Users\VivoBook\Downloads\microproyecto2\microproyecto 2 porque wtf\src\hfl_v7-RN\Results\#10,global_weights_history_9.csv,global_round,2026-04-15 18:32:51,model.global_round,18,aggregate,server,,60.0,0.0010870000000000046,0.0028730000000000144,0.0011860000000000204,0.00018999999999996797,0.005336000000000007
19,18:33:50,0.9,0.210023,0.291748,0.278483,0.517165,0.478227,RN_ASCON_NoFOG,RN,ASCON,NoFOG,10,C:\Users\VivoBook\Downloads\microproyecto2\microproyecto 2 porque wtf\src\hfl_v7-RN\Results\#10,global_weights_history_9.csv,global_round,2026-04-15 18:33:50,model.global_round,19,aggregate,server,,59.0,0.0004129999999999967,0.0013839999999999963,4.000000000004e-06,0.006068999999999991,0.007869999999999988
20,18:34:49,0.933333,0.139853,0.293376,0.280735,0.519042,0.483878,RN_ASCON_NoFOG,RN,ASCON,NoFOG,10,C:\Users\VivoBook\Downloads\microproyecto2\microproyecto 2 porque wtf\src\hfl_v7-RN\Results\#10,global_weights_history_9.csv,global_round,2026-04-15 18:34:49,model.global_round,20,aggregate,server,,59.0,0.0016280000000000183,0.0022520000000000318,0.0018770000000000175,0.005650999999999962,0.01140800000000003
1,18:40:42,0.75,0.906604,0.288574,0.291733,0.540995,0.41006,RN_ASCON_NoFOG,RN,ASCON,NoFOG,11,C:\Users\VivoBook\Downloads\microproyecto2\microproyecto 2 porque wtf\src\hfl_v7-RN\Results\#11,global_weights_history_10.csv,global_round,2026-04-15 18:40:42,model.global_round,1,aggregate,server,,,,,,,0.0
2,18:41:35,0.95,0.158162,0.292321,0.295371,0.554168,0.42658,RN_ASCON_NoFOG,RN,ASCON,NoFOG,11,C:\Users\VivoBook\Downloads\microproyecto2\microproyecto 2 porque wtf\src\hfl_v7-RN\Results\#11,global_weights_history_10.csv,global_round,2026-04-15 18:41:35,model.global_round,2,aggregate,server,,53.0,0.0037470000000000003,0.0036379999999999746,0.01317299999999999,0.016520000000000035,0.037078
3,18:42:37,0.983333,0.062502,0.29583,0.306252,0.5637,0.43717,RN_ASCON_NoFOG,RN,ASCON,NoFOG,11,C:\Users\VivoBook\Downloads\microproyecto2\microproyecto 2 porque wtf\src\hfl_v7-RN\Results\#11,global_weights_history_10.csv,global_round,2026-04-15 18:42:37,model.global_round,3,aggregate,server,,62.0,0.0035089999999999844,0.01088100000000003,0.009531999999999985,0.010589999999999988,0.03451199999999999
4,18:43:36,1.0,0.022675,0.298063,0.312403,0.570028,0.446557,RN_ASCON_NoFOG,RN,ASCON,NoFOG,11,C:\Users\VivoBook\Downloads\microproyecto2\microproyecto 2 porque wtf\src\hfl_v7-RN\Results\#11,global_weights_history_10.csv,global_round,2026-04-15 18:43:36,model.global_round,4,aggregate,server,,59.0,0.0022330000000000405,0.006150999999999962,0.006328,0.009386999999999979,0.02409899999999998
5,18:44:44,1.0,0.012399,0.299368,0.317495,0.574334,0.451123,RN_ASCON_NoFOG,RN,ASCON,NoFOG,11,C:\Users\VivoBook\Downloads\microproyecto2\microproyecto 2 porque wtf\src\hfl_v7-RN\Results\#11,global_weights_history_10.csv,global_round,2026-04-15 18:44:44,model.global_round,5,aggregate,server,,68.0,0.0013050000000000006,0.005092000000000041,0.004306000000000032,0.0045660000000000145,0.015269000000000088
6,18:45:43,0.9,0.242563,0.29642,0.313124,0.559022,0.449948,RN_ASCON_NoFOG,RN,ASCON,NoFOG,11,C:\Users\VivoBook\Downloads\microproyecto2\microproyecto 2 porque wtf\src\hfl_v7-RN\Results\#11,global_weights_history_10.csv,global_round,2026-04-15 18:45:43,model.global_round,6,aggregate,server,,59.0,0.002948000000000006,0.004371000000000014,0.015311999999999992,0.0011749999999999816,0.023805999999999994
7,18:46:42,0.95,0.183978,0.295405,0.309577,0.549455,0.452527,RN_ASCON_NoFOG,RN,ASCON,NoFOG,11,C:\Users\VivoBook\Downloads\microproyecto2\microproyecto 2 porque wtf\src\hfl_v7-RN\Results\#11,global_weights_history_10.csv,global_round,2026-04-15 18:46:42,model.global_round,7,aggregate,server,,59.0,0.0010150000000000436,0.0035470000000000224,0.009566999999999992,0.002578999999999998,0.016708000000000056
8,18:47:41,0.9,0.254117,0.294932,0.306162,0.549052,0.454881,RN_ASCON_NoFOG,RN,ASCON,NoFOG,11,C:\Users\VivoBook\Downloads\microproyecto2\microproyecto 2 porque wtf\src\hfl_v7-RN\Results\#11,global_weights_history_10.csv,global_round,2026-04-15 18:47:41,model.global_round,8,aggregate,server,,59.0,0.0004729999999999457,0.0034150000000000014,0.0004030000000000422,0.0023539999999999672,0.0066449999999999565
9,18:48:40,0.966667,0.118733,0.294275,0.304943,0.538166,0.457676,RN_ASCON_NoFOG,RN,ASCON,NoFOG,11,C:\Users\VivoBook\Downloads\microproyecto2\microproyecto 2 porque wtf\src\hfl_v7-RN\Results\#11,global_weights_history_10.csv,global_round,2026-04-15 18:48:40,model.global_round,9,aggregate,server,,59.0,0.0006570000000000187,0.00121899999999997,0.010885999999999951,0.0027950000000000474,0.015556999999999988
10,18:49:39,0.966667,0.122137,0.294311,0.310791,0.536597,0.463012,RN_ASCON_NoFOG,RN,ASCON,NoFOG,11,C:\Users\VivoBook\Downloads\microproyecto2\microproyecto 2 porque wtf\src\hfl_v7-RN\Results\#11,global_weights_history_10.csv,global_round,2026-04-15 18:49:39,model.global_round,10,aggregate,server,,59.0,3.599999999998049e-05,0.005847999999999964,0.0015690000000000426,0.005335999999999952,0.01278899999999994
11,18:50:37,0.9,0.238231,0.294509,0.307337,0.53893,0.466877,RN_ASCON_NoFOG,RN,ASCON,NoFOG,11,C:\Users\VivoBook\Downloads\microproyecto2\microproyecto 2 porque wtf\src\hfl_v7-RN\Results\#11,global_weights_history_10.csv,global_round,2026-04-15 18:50:37,model.global_round,11,aggregate,server,,58.0,0.00019800000000003148,0.003453999999999957,0.0023330000000000295,0.0038650000000000073,0.009850000000000025
12,18:51:36,0.933333,0.184959,0.294214,0.308257,0.539052,0.46931,RN_ASCON_NoFOG,RN,ASCON,NoFOG,11,C:\Users\VivoBook\Downloads\microproyecto2\microproyecto 2 porque wtf\src\hfl_v7-RN\Results\#11,global_weights_history_10.csv,global_round,2026-04-15 18:51:36,model.global_round,12,aggregate,server,,59.0,0.0002950000000000452,0.0009199999999999764,0.00012199999999995548,0.0024330000000000185,0.0037699999999999956
13,18:52:36,0.883333,0.174798,0.293959,0.302752,0.540146,0.468068,RN_ASCON_NoFOG,RN,ASCON,NoFOG,11,C:\Users\VivoBook\Downloads\microproyecto2\microproyecto 2 porque wtf\src\hfl_v7-RN\Results\#11,global_weights_history_10.csv,global_round,2026-04-15 18:52:36,model.global_round,13,aggregate,server,,60.0,0.0002549999999999497,0.005504999999999982,0.0010940000000000394,0.0012420000000000209,0.008095999999999992
14,18:53:35,0.95,0.115257,0.294708,0.304459,0.541055,0.471781,RN_ASCON_NoFOG,RN,ASCON,NoFOG,11,C:\Users\VivoBook\Downloads\microproyecto2\microproyecto 2 porque wtf\src\hfl_v7-RN\Results\#11,global_weights_history_10.csv,global_round,2026-04-15 18:53:35,model.global_round,14,aggregate,server,,59.0,0.0007489999999999997,0.0017069999999999586,0.0009089999999999376,0.003713000000000022,0.007077999999999918
15,18:54:34,0.916667,0.150432,0.295674,0.308001,0.54125,0.475642,RN_ASCON_NoFOG,RN,ASCON,NoFOG,11,C:\Users\VivoBook\Downloads\microproyecto2\microproyecto 2 porque wtf\src\hfl_v7-RN\Results\#11,global_weights_history_10.csv,global_round,2026-04-15 18:54:34,model.global_round,15,aggregate,server,,59.0,0.0009659999999999669,0.003542000000000045,0.00019500000000005624,0.0038610000000000033,0.008564000000000072
16,18:55:32,0.916667,0.15957,0.296278,0.309255,0.542298,0.478637,RN_ASCON_NoFOG,RN,ASCON,NoFOG,11,C:\Users\VivoBook\Downloads\microproyecto2\microproyecto 2 porque wtf\src\hfl_v7-RN\Results\#11,global_weights_history_10.csv,global_round,2026-04-15 18:55:32,model.global_round,16,aggregate,server,,58.0,0.0006039999999999934,0.0012539999999999774,0.0010479999999999379,0.00299499999999997,0.0059009999999998786
17,18:56:31,0.916667,0.141149,0.296808,0.30814,0.544766,0.483352,RN_ASCON_NoFOG,RN,ASCON,NoFOG,11,C:\Users\VivoBook\Downloads\microproyecto2\microproyecto 2 porque wtf\src\hfl_v7-RN\Results\#11,global_weights_history_10.csv,global_round,2026-04-15 18:56:31,model.global_round,17,aggregate,server,,59.0,0.0005300000000000304,0.0011149999999999771,0.0024680000000000257,0.004715000000000025,0.008828000000000058
18,18:57:29,0.933333,0.14123,0.296781,0.310816,0.544545,0.489276,RN_ASCON_NoFOG,RN,ASCON,NoFOG,11,C:\Users\VivoBook\Downloads\microproyecto2\microproyecto 2 porque wtf\src\hfl_v7-RN\Results\#11,global_weights_history_10.csv,global_round,2026-04-15 18:57:29,model.global_round,18,aggregate,server,,58.0,2.6999999999999247e-05,0.002675999999999956,0.00022100000000002673,0.005923999999999985,0.008847999999999967
19,18:58:30,0.866667,0.231651,0.296781,0.312989,0.543866,0.495593,RN_ASCON_NoFOG,RN,ASCON,NoFOG,11,C:\Users\VivoBook\Downloads\microproyecto2\microproyecto 2 porque wtf\src\hfl_v7-RN\Results\#11,global_weights_history_10.csv,global_round,2026-04-15 18:58:30,model.global_round,19,aggregate,server,,61.0,0.0,0.002173000000000036,0.0006789999999999852,0.006317000000000017,0.009169000000000038
20,18:59:29,0.933333,0.123043,0.296923,0.312076,0.546035,0.500903,RN_ASCON_NoFOG,RN,ASCON,NoFOG,11,C:\Users\VivoBook\Downloads\microproyecto2\microproyecto 2 porque wtf\src\hfl_v7-RN\Results\#11,global_weights_history_10.csv,global_round,2026-04-15 18:59:29,model.global_round,20,aggregate,server,,59.0,0.00014199999999997548,0.0009129999999999971,0.0021690000000000875,0.005309999999999981,0.008534000000000042
1,12:37:51,0.683333,0.837695,0.287123,0.291243,0.540225,0.409909,RN_ASCON_NoFOG,RN,ASCON,NoFOG,12,C:\Users\VivoBook\Downloads\microproyecto2\microproyecto 2 porque wtf\src\hfl_v7-RN\Results\#12,global_weights_history_11.csv,global_round,2026-04-16 12:37:51,model.global_round,1,aggregate,server,,,,,,,0.0
2,12:38:44,0.933333,0.210773,0.289251,0.296188,0.55553,0.427194,RN_ASCON_NoFOG,RN,ASCON,NoFOG,12,C:\Users\VivoBook\Downloads\microproyecto2\microproyecto 2 porque wtf\src\hfl_v7-RN\Results\#12,global_weights_history_11.csv,global_round,2026-04-16 12:38:44,model.global_round,2,aggregate,server,,53.0,0.0021279999999999633,0.004945000000000033,0.015305000000000013,0.017284999999999995,0.039663000000000004
3,12:39:42,1.0,0.050908,0.292685,0.306396,0.563667,0.44218,RN_ASCON_NoFOG,RN,ASCON,NoFOG,12,C:\Users\VivoBook\Downloads\microproyecto2\microproyecto 2 porque wtf\src\hfl_v7-RN\Results\#12,global_weights_history_11.csv,global_round,2026-04-16 12:39:42,model.global_round,3,aggregate,server,,58.0,0.0034339999999999926,0.010207999999999995,0.00813700000000006,0.014986,0.03676500000000005
4,12:40:41,1.0,0.01315,0.295169,0.311052,0.569655,0.45243,RN_ASCON_NoFOG,RN,ASCON,NoFOG,12,C:\Users\VivoBook\Downloads\microproyecto2\microproyecto 2 porque wtf\src\hfl_v7-RN\Results\#12,global_weights_history_11.csv,global_round,2026-04-16 12:40:41,model.global_round,4,aggregate,server,,59.0,0.0024840000000000417,0.0046559999999999935,0.005987999999999993,0.010249999999999981,0.02337800000000001
5,12:41:39,1.0,0.014095,0.296693,0.314772,0.573637,0.457555,RN_ASCON_NoFOG,RN,ASCON,NoFOG,12,C:\Users\VivoBook\Downloads\microproyecto2\microproyecto 2 porque wtf\src\hfl_v7-RN\Results\#12,global_weights_history_11.csv,global_round,2026-04-16 12:41:39,model.global_round,5,aggregate,server,,58.0,0.0015239999999999698,0.003720000000000001,0.00398199999999993,0.005124999999999991,0.014350999999999892
6,12:46:04,0.85,0.462281,0.287375,0.302699,0.546095,0.446984,RN_ASCON_NoFOG,RN,ASCON,NoFOG,12,C:\Users\VivoBook\Downloads\microproyecto2\microproyecto 2 porque wtf\src\hfl_v7-RN\Results\#12,global_weights_history_11.csv,global_round,2026-04-16 12:46:04,model.global_round,6,aggregate,server,,265.0,0.009317999999999993,0.012073,0.027541999999999955,0.010570999999999997,0.059503999999999946
7,12:47:02,0.816667,0.447032,0.285598,0.295835,0.549469,0.44355,RN_ASCON_NoFOG,RN,ASCON,NoFOG,12,C:\Users\VivoBook\Downloads\microproyecto2\microproyecto 2 porque wtf\src\hfl_v7-RN\Results\#12,global_weights_history_11.csv,global_round,2026-04-16 12:47:02,model.global_round,7,aggregate,server,,58.0,0.001776999999999973,0.006863999999999981,0.003373999999999988,0.0034339999999999926,0.015448999999999935
8,12:48:01,0.816667,0.566732,0.284335,0.290484,0.543089,0.447702,RN_ASCON_NoFOG,RN,ASCON,NoFOG,12,C:\Users\VivoBook\Downloads\microproyecto2\microproyecto 2 porque wtf\src\hfl_v7-RN\Results\#12,global_weights_history_11.csv,global_round,2026-04-16 12:48:01,model.global_round,8,aggregate,server,,59.0,0.0012630000000000141,0.005350999999999995,0.006379999999999941,0.004151999999999989,0.01714599999999994
9,12:49:00,0.933333,0.232826,0.282589,0.287777,0.537596,0.451237,RN_ASCON_NoFOG,RN,ASCON,NoFOG,12,C:\Users\VivoBook\Downloads\microproyecto2\microproyecto 2 porque wtf\src\hfl_v7-RN\Results\#12,global_weights_history_11.csv,global_round,2026-04-16 12:49:00,model.global_round,9,aggregate,server,,59.0,0.0017460000000000253,0.002707000000000015,0.005493000000000081,0.0035350000000000104,0.013481000000000132
10,12:49:58,0.85,0.402367,0.281958,0.281393,0.534846,0.45913,RN_ASCON_NoFOG,RN,ASCON,NoFOG,12,C:\Users\VivoBook\Downloads\microproyecto2\microproyecto 2 porque wtf\src\hfl_v7-RN\Results\#12,global_weights_history_11.csv,global_round,2026-04-16 12:49:58,model.global_round,10,aggregate,server,,58.0,0.0006309999999999927,0.006384000000000001,0.002749999999999919,0.007892999999999983,0.017657999999999896
11,12:50:57,0.933333,0.166896,0.282786,0.280361,0.531068,0.465516,RN_ASCON_NoFOG,RN,ASCON,NoFOG,12,C:\Users\VivoBook\Downloads\microproyecto2\microproyecto 2 porque wtf\src\hfl_v7-RN\Results\#12,global_weights_history_11.csv,global_round,2026-04-16 12:50:57,model.global_round,11,aggregate,server,,59.0,0.0008279999999999954,0.0010319999999999774,0.003778000000000059,0.006386000000000003,0.012024000000000035
12,12:51:55,0.95,0.176159,0.284749,0.282358,0.5284,0.471413,RN_ASCON_NoFOG,RN,ASCON,NoFOG,12,C:\Users\VivoBook\Downloads\microproyecto2\microproyecto 2 porque wtf\src\hfl_v7-RN\Results\#12,global_weights_history_11.csv,global_round,2026-04-16 12:51:55,model.global_round,12,aggregate,server,,58.0,0.0019629999999999925,0.001996999999999971,0.0026680000000000037,0.005897000000000041,0.012525000000000008
13,12:52:54,0.95,0.133977,0.286232,0.285116,0.528841,0.478244,RN_ASCON_NoFOG,RN,ASCON,NoFOG,12,C:\Users\VivoBook\Downloads\microproyecto2\microproyecto 2 porque wtf\src\hfl_v7-RN\Results\#12,global_weights_history_11.csv,global_round,2026-04-16 12:52:54,model.global_round,13,aggregate,server,,59.0,0.001483000000000012,0.0027579999999999827,0.0004410000000000247,0.006830999999999976,0.011512999999999995
14,12:53:53,0.866667,0.287945,0.287627,0.284829,0.52898,0.484853,RN_ASCON_NoFOG,RN,ASCON,NoFOG,12,C:\Users\VivoBook\Downloads\microproyecto2\microproyecto 2 porque wtf\src\hfl_v7-RN\Results\#12,global_weights_history_11.csv,global_round,2026-04-16 12:53:53,model.global_round,14,aggregate,server,,59.0,0.001395000000000035,0.0002869999999999817,0.00013900000000000023,0.006608999999999976,0.008429999999999993
15,12:54:51,0.9,0.21656,0.287402,0.280793,0.528502,0.489217,RN_ASCON_NoFOG,RN,ASCON,NoFOG,12,C:\Users\VivoBook\Downloads\microproyecto2\microproyecto 2 porque wtf\src\hfl_v7-RN\Results\#12,global_weights_history_11.csv,global_round,2026-04-16 12:54:51,model.global_round,15,aggregate,server,,58.0,0.00022500000000003073,0.004035999999999984,0.00047799999999997844,0.0043640000000000345,0.009103000000000028
16,12:55:50,0.85,0.325548,0.285377,0.271333,0.526575,0.489102,RN_ASCON_NoFOG,RN,ASCON,NoFOG,12,C:\Users\VivoBook\Downloads\microproyecto2\microproyecto 2 porque wtf\src\hfl_v7-RN\Results\#12,global_weights_history_11.csv,global_round,2026-04-16 12:55:50,model.global_round,16,aggregate,server,,59.0,0.002024999999999999,0.009460000000000024,0.001927000000000012,0.00011500000000003174,0.013527000000000067
17,12:57:39,0.866667,0.226435,0.28834,0.270179,0.532223,0.497372,RN_ASCON_NoFOG,RN,ASCON,NoFOG,12,C:\Users\VivoBook\Downloads\microproyecto2\microproyecto 2 porque wtf\src\hfl_v7-RN\Results\#12,global_weights_history_11.csv,global_round,2026-04-16 12:57:39,model.global_round,17,aggregate,server,,109.0,0.0029629999999999934,0.0011539999999999884,0.005647999999999986,0.00827,0.018034999999999968
18,12:58:39,0.85,0.302748,0.290147,0.270841,0.531163,0.506408,RN_ASCON_NoFOG,RN,ASCON,NoFOG,12,C:\Users\VivoBook\Downloads\microproyecto2\microproyecto 2 porque wtf\src\hfl_v7-RN\Results\#12,global_weights_history_11.csv,global_round,2026-04-16 12:58:39,model.global_round,18,aggregate,server,,60.0,0.001807000000000003,0.0006619999999999959,0.0010599999999999499,0.009035999999999988,0.012564999999999937
19,12:59:38,0.85,0.242026,0.290673,0.268207,0.532375,0.513745,RN_ASCON_NoFOG,RN,ASCON,NoFOG,12,C:\Users\VivoBook\Downloads\microproyecto2\microproyecto 2 porque wtf\src\hfl_v7-RN\Results\#12,global_weights_history_11.csv,global_round,2026-04-16 12:59:38,model.global_round,19,aggregate,server,,59.0,0.0005260000000000264,0.002634000000000025,0.0012119999999999909,0.007337000000000038,0.01170900000000008
20,13:00:36,0.866667,0.259398,0.291232,0.267449,0.534202,0.520006,RN_ASCON_NoFOG,RN,ASCON,NoFOG,12,C:\Users\VivoBook\Downloads\microproyecto2\microproyecto 2 porque wtf\src\hfl_v7-RN\Results\#12,global_weights_history_11.csv,global_round,2026-04-16 13:00:36,model.global_round,20,aggregate,server,,58.0,0.0005589999999999762,0.0007579999999999809,0.001826999999999912,0.006260999999999961,0.00940499999999983
21,13:01:35,0.916667,0.208888,0.291071,0.261866,0.537965,0.522867,RN_ASCON_NoFOG,RN,ASCON,NoFOG,12,C:\Users\VivoBook\Downloads\microproyecto2\microproyecto 2 porque wtf\src\hfl_v7-RN\Results\#12,global_weights_history_11.csv,global_round,2026-04-16 13:01:35,model.global_round,21,aggregate,server,,59.0,0.00016099999999996673,0.005583000000000005,0.003763000000000072,0.0028610000000000024,0.012368000000000046
22,13:02:33,0.9,0.157909,0.292087,0.267329,0.53766,0.534064,RN_ASCON_NoFOG,RN,ASCON,NoFOG,12,C:\Users\VivoBook\Downloads\microproyecto2\microproyecto 2 porque wtf\src\hfl_v7-RN\Results\#12,global_weights_history_11.csv,global_round,2026-04-16 13:02:33,model.global_round,22,aggregate,server,,58.0,0.0010159999999999614,0.005462999999999996,0.0003049999999999997,0.011197000000000012,0.01798099999999997
23,13:03:31,0.9,0.21174,0.292763,0.268889,0.537717,0.53629,RN_ASCON_NoFOG,RN,ASCON,NoFOG,12,C:\Users\VivoBook\Downloads\microproyecto2\microproyecto 2 porque wtf\src\hfl_v7-RN\Results\#12,global_weights_history_11.csv,global_round,2026-04-16 13:03:31,model.global_round,23,aggregate,server,,58.0,0.0006760000000000099,0.0015600000000000058,5.699999999997374e-05,0.0022260000000000613,0.004519000000000051
24,13:04:32,0.933333,0.156201,0.293845,0.267186,0.54092,0.540025,RN_ASCON_NoFOG,RN,ASCON,NoFOG,12,C:\Users\VivoBook\Downloads\microproyecto2\microproyecto 2 porque wtf\src\hfl_v7-RN\Results\#12,global_weights_history_11.csv,global_round,2026-04-16 13:04:32,model.global_round,24,aggregate,server,,61.0,0.0010820000000000274,0.00170300000000001,0.003202999999999956,0.003734999999999933,0.009722999999999926
25,13:05:31,1.0,0.07467,0.293829,0.268087,0.541413,0.541094,RN_ASCON_NoFOG,RN,ASCON,NoFOG,12,C:\Users\VivoBook\Downloads\microproyecto2\microproyecto 2 porque wtf\src\hfl_v7-RN\Results\#12,global_weights_history_11.csv,global_round,2026-04-16 13:05:31,model.global_round,25,aggregate,server,,59.0,1.6000000000016e-05,0.0009010000000000407,0.0004930000000000767,0.0010689999999999866,0.00247900000000012
26,13:06:31,0.933333,0.150842,0.295008,0.266429,0.545286,0.546881,RN_ASCON_NoFOG,RN,ASCON,NoFOG,12,C:\Users\VivoBook\Downloads\microproyecto2\microproyecto 2 porque wtf\src\hfl_v7-RN\Results\#12,global_weights_history_11.csv,global_round,2026-04-16 13:06:31,model.global_round,26,aggregate,server,,60.0,0.0011789999999999856,0.0016579999999999928,0.0038730000000000153,0.005786999999999987,0.01249699999999998
27,13:07:30,0.9,0.182633,0.295717,0.267671,0.543644,0.549319,RN_ASCON_NoFOG,RN,ASCON,NoFOG,12,C:\Users\VivoBook\Downloads\microproyecto2\microproyecto 2 porque wtf\src\hfl_v7-RN\Results\#12,global_weights_history_11.csv,global_round,2026-04-16 13:07:30,model.global_round,27,aggregate,server,,59.0,0.0007090000000000152,0.0012419999999999654,0.0016420000000000323,0.0024380000000000512,0.006031000000000064
1,13:15:24,0.816667,0.749245,0.287664,0.291482,0.538437,0.409512,RN_ASCON_NoFOG,RN,ASCON,NoFOG,13,C:\Users\VivoBook\Downloads\microproyecto2\microproyecto 2 porque wtf\src\hfl_v7-RN\Results\#13,global_weights_history_12.csv,global_round,2026-04-16 13:15:24,model.global_round,1,aggregate,server,,,,,,,0.0
2,13:16:17,0.95,0.196683,0.291975,0.294643,0.552906,0.42536,RN_ASCON_NoFOG,RN,ASCON,NoFOG,13,C:\Users\VivoBook\Downloads\microproyecto2\microproyecto 2 porque wtf\src\hfl_v7-RN\Results\#13,global_weights_history_12.csv,global_round,2026-04-16 13:16:17,model.global_round,2,aggregate,server,,53.0,0.004311000000000009,0.0031609999999999694,0.014468999999999954,0.01584800000000003,0.03778899999999996
3,13:17:16,1.0,0.03935,0.29543,0.303511,0.563112,0.436873,RN_ASCON_NoFOG,RN,ASCON,NoFOG,13,C:\Users\VivoBook\Downloads\microproyecto2\microproyecto 2 porque wtf\src\hfl_v7-RN\Results\#13,global_weights_history_12.csv,global_round,2026-04-16 13:17:16,model.global_round,3,aggregate,server,,59.0,0.0034550000000000414,0.008867999999999987,0.010205999999999937,0.011512999999999995,0.03404199999999996
4,13:18:15,1.0,0.026397,0.29836,0.309344,0.570041,0.445936,RN_ASCON_NoFOG,RN,ASCON,NoFOG,13,C:\Users\VivoBook\Downloads\microproyecto2\microproyecto 2 porque wtf\src\hfl_v7-RN\Results\#13,global_weights_history_12.csv,global_round,2026-04-16 13:18:15,model.global_round,4,aggregate,server,,59.0,0.002929999999999988,0.005833000000000033,0.006929000000000074,0.009062999999999988,0.024755000000000082
5,13:19:14,1.0,0.007863,0.300718,0.316468,0.575889,0.452048,RN_ASCON_NoFOG,RN,ASCON,NoFOG,13,C:\Users\VivoBook\Downloads\microproyecto2\microproyecto 2 porque wtf\src\hfl_v7-RN\Results\#13,global_weights_history_12.csv,global_round,2026-04-16 13:19:14,model.global_round,5,aggregate,server,,59.0,0.0023579999999999712,0.007124000000000019,0.005847999999999964,0.006112000000000006,0.02144199999999996
6,13:24:34,0.9,0.298229,0.2929,0.307786,0.540679,0.450412,RN_ASCON_NoFOG,RN,ASCON,NoFOG,13,C:\Users\VivoBook\Downloads\microproyecto2\microproyecto 2 porque wtf\src\hfl_v7-RN\Results\#13,global_weights_history_12.csv,global_round,2026-04-16 13:24:34,model.global_round,6,aggregate,server,,320.0,0.007817999999999992,0.008682000000000023,0.035209999999999964,0.0016360000000000263,0.053346000000000005
7,13:25:32,0.933333,0.188335,0.290636,0.306025,0.524325,0.453923,RN_ASCON_NoFOG,RN,ASCON,NoFOG,13,C:\Users\VivoBook\Downloads\microproyecto2\microproyecto 2 porque wtf\src\hfl_v7-RN\Results\#13,global_weights_history_12.csv,global_round,2026-04-16 13:25:32,model.global_round,7,aggregate,server,,58.0,0.0022639999999999882,0.0017610000000000126,0.01635399999999998,0.003511000000000042,0.023890000000000022
8,13:26:31,0.883333,0.317702,0.288694,0.297274,0.52283,0.452459,RN_ASCON_NoFOG,RN,ASCON,NoFOG,13,C:\Users\VivoBook\Downloads\microproyecto2\microproyecto 2 porque wtf\src\hfl_v7-RN\Results\#13,global_weights_history_12.csv,global_round,2026-04-16 13:26:31,model.global_round,8,aggregate,server,,59.0,0.0019419999999999993,0.008751000000000009,0.001495000000000024,0.0014640000000000208,0.013652000000000053
9,13:27:30,0.883333,0.321683,0.287681,0.291775,0.513762,0.44945,RN_ASCON_NoFOG,RN,ASCON,NoFOG,13,C:\Users\VivoBook\Downloads\microproyecto2\microproyecto 2 porque wtf\src\hfl_v7-RN\Results\#13,global_weights_history_12.csv,global_round,2026-04-16 13:27:30,model.global_round,9,aggregate,server,,59.0,0.0010129999999999861,0.005498999999999976,0.009067999999999965,0.003008999999999984,0.01858899999999991
10,13:28:29,0.85,0.302328,0.286163,0.288044,0.505984,0.448435,RN_ASCON_NoFOG,RN,ASCON,NoFOG,13,C:\Users\VivoBook\Downloads\microproyecto2\microproyecto 2 porque wtf\src\hfl_v7-RN\Results\#13,global_weights_history_12.csv,global_round,2026-04-16 13:28:29,model.global_round,10,aggregate,server,,59.0,0.0015180000000000193,0.0037309999999999843,0.007778000000000063,0.0010150000000000436,0.01404200000000011
11,13:29:28,0.85,0.286658,0.285389,0.28603,0.507221,0.450344,RN_ASCON_NoFOG,RN,ASCON,NoFOG,13,C:\Users\VivoBook\Downloads\microproyecto2\microproyecto 2 porque wtf\src\hfl_v7-RN\Results\#13,global_weights_history_12.csv,global_round,2026-04-16 13:29:28,model.global_round,11,aggregate,server,,59.0,0.0007739999999999969,0.0020140000000000158,0.0012370000000000436,0.0019090000000000495,0.005934000000000106
12,13:30:26,0.9,0.247578,0.285702,0.285048,0.514809,0.456841,RN_ASCON_NoFOG,RN,ASCON,NoFOG,13,C:\Users\VivoBook\Downloads\microproyecto2\microproyecto 2 porque wtf\src\hfl_v7-RN\Results\#13,global_weights_history_12.csv,global_round,2026-04-16 13:30:26,model.global_round,12,aggregate,server,,58.0,0.0003130000000000077,0.0009819999999999829,0.007587999999999928,0.006496999999999975,0.015379999999999894
13,13:31:25,0.816667,0.341611,0.285563,0.280106,0.515372,0.46132,RN_ASCON_NoFOG,RN,ASCON,NoFOG,13,C:\Users\VivoBook\Downloads\microproyecto2\microproyecto 2 porque wtf\src\hfl_v7-RN\Results\#13,global_weights_history_12.csv,global_round,2026-04-16 13:31:25,model.global_round,13,aggregate,server,,59.0,0.00013900000000000023,0.004942000000000002,0.0005630000000000912,0.004479000000000011,0.010123000000000104
14,13:32:25,0.983333,0.138784,0.287148,0.285748,0.518502,0.467721,RN_ASCON_NoFOG,RN,ASCON,NoFOG,13,C:\Users\VivoBook\Downloads\microproyecto2\microproyecto 2 porque wtf\src\hfl_v7-RN\Results\#13,global_weights_history_12.csv,global_round,2026-04-16 13:32:25,model.global_round,14,aggregate,server,,60.0,0.001585000000000003,0.00564199999999998,0.003129999999999966,0.00640099999999999,0.01675799999999994
15,13:33:23,0.933333,0.226526,0.287612,0.286353,0.516016,0.476591,RN_ASCON_NoFOG,RN,ASCON,NoFOG,13,C:\Users\VivoBook\Downloads\microproyecto2\microproyecto 2 porque wtf\src\hfl_v7-RN\Results\#13,global_weights_history_12.csv,global_round,2026-04-16 13:33:23,model.global_round,15,aggregate,server,,58.0,0.00046399999999996444,0.0006050000000000222,0.0024859999999999882,0.008869999999999989,0.012424999999999964
16,13:34:22,0.883333,0.255982,0.288558,0.287266,0.514656,0.484185,RN_ASCON_NoFOG,RN,ASCON,NoFOG,13,C:\Users\VivoBook\Downloads\microproyecto2\microproyecto 2 porque wtf\src\hfl_v7-RN\Results\#13,global_weights_history_12.csv,global_round,2026-04-16 13:34:22,model.global_round,16,aggregate,server,,59.0,0.0009460000000000024,0.0009129999999999971,0.0013600000000000279,0.00759399999999999,0.010813000000000017
17,13:35:21,0.85,0.419078,0.287638,0.279184,0.514472,0.484285,RN_ASCON_NoFOG,RN,ASCON,NoFOG,13,C:\Users\VivoBook\Downloads\microproyecto2\microproyecto 2 porque wtf\src\hfl_v7-RN\Results\#13,global_weights_history_12.csv,global_round,2026-04-16 13:35:21,model.global_round,17,aggregate,server,,59.0,0.0009199999999999764,0.008082000000000034,0.00018399999999996197,0.0001000000000000445,0.009286000000000016
18,13:36:20,0.85,0.29296,0.286616,0.274955,0.510176,0.484359,RN_ASCON_NoFOG,RN,ASCON,NoFOG,13,C:\Users\VivoBook\Downloads\microproyecto2\microproyecto 2 porque wtf\src\hfl_v7-RN\Results\#13,global_weights_history_12.csv,global_round,2026-04-16 13:36:20,model.global_round,18,aggregate,server,,59.0,0.0010220000000000229,0.004228999999999983,0.0042960000000000775,7.399999999996298e-05,0.009621000000000046
19,13:37:21,0.9,0.190018,0.286846,0.276625,0.509029,0.493124,RN_ASCON_NoFOG,RN,ASCON,NoFOG,13,C:\Users\VivoBook\Downloads\microproyecto2\microproyecto 2 porque wtf\src\hfl_v7-RN\Results\#13,global_weights_history_12.csv,global_round,2026-04-16 13:37:21,model.global_round,19,aggregate,server,,61.0,0.00023000000000000798,0.0016700000000000048,0.0011470000000000091,0.008765000000000023,0.011812000000000045
20,13:40:49,0.933333,0.149011,0.292692,0.285116,0.517797,0.523615,RN_ASCON_NoFOG,RN,ASCON,NoFOG,13,C:\Users\VivoBook\Downloads\microproyecto2\microproyecto 2 porque wtf\src\hfl_v7-RN\Results\#13,global_weights_history_12.csv,global_round,2026-04-16 13:40:49,model.global_round,20,aggregate,server,,208.0,0.005846000000000018,0.00849099999999997,0.008767999999999998,0.030491000000000046,0.05359600000000003
1,13:50:19,0.766667,0.8835,0.289468,0.290076,0.541221,0.411937,RN_ASCON_NoFOG,RN,ASCON,NoFOG,14,C:\Users\VivoBook\Downloads\microproyecto2\microproyecto 2 porque wtf\src\hfl_v7-RN\Results\#14,global_weights_history_13.csv,global_round,2026-04-16 13:50:19,model.global_round,1,aggregate,server,,,,,,,0.0
2,13:51:13,0.966667,0.09832,0.295834,0.293839,0.559409,0.429767,RN_ASCON_NoFOG,RN,ASCON,NoFOG,14,C:\Users\VivoBook\Downloads\microproyecto2\microproyecto 2 porque wtf\src\hfl_v7-RN\Results\#14,global_weights_history_13.csv,global_round,2026-04-16 13:51:13,model.global_round,2,aggregate,server,,54.0,0.006365999999999983,0.0037630000000000163,0.018188000000000093,0.017830000000000013,0.046147000000000105
3,13:52:11,1.0,0.024906,0.299866,0.303022,0.57221,0.438654,RN_ASCON_NoFOG,RN,ASCON,NoFOG,14,C:\Users\VivoBook\Downloads\microproyecto2\microproyecto 2 porque wtf\src\hfl_v7-RN\Results\#14,global_weights_history_13.csv,global_round,2026-04-16 13:52:11,model.global_round,3,aggregate,server,,58.0,0.0040320000000000356,0.009182999999999997,0.012800999999999951,0.008886999999999978,0.03490299999999996
4,13:53:10,1.0,0.016364,0.302028,0.309503,0.579141,0.444569,RN_ASCON_NoFOG,RN,ASCON,NoFOG,14,C:\Users\VivoBook\Downloads\microproyecto2\microproyecto 2 porque wtf\src\hfl_v7-RN\Results\#14,global_weights_history_13.csv,global_round,2026-04-16 13:53:10,model.global_round,4,aggregate,server,,59.0,0.0021619999999999973,0.006480999999999959,0.0069310000000000205,0.005915000000000004,0.02148899999999998
5,13:54:09,1.0,0.013924,0.303532,0.315802,0.583738,0.448311,RN_ASCON_NoFOG,RN,ASCON,NoFOG,14,C:\Users\VivoBook\Downloads\microproyecto2\microproyecto 2 porque wtf\src\hfl_v7-RN\Results\#14,global_weights_history_13.csv,global_round,2026-04-16 13:54:09,model.global_round,5,aggregate,server,,59.0,0.0015040000000000053,0.0062990000000000546,0.004596999999999962,0.003742000000000023,0.016142000000000045
6,13:58:09,0.866667,0.343487,0.293127,0.30348,0.555268,0.439141,RN_ASCON_NoFOG,RN,ASCON,NoFOG,14,C:\Users\VivoBook\Downloads\microproyecto2\microproyecto 2 porque wtf\src\hfl_v7-RN\Results\#14,global_weights_history_13.csv,global_round,2026-04-16 13:58:09,model.global_round,6,aggregate,server,,240.0,0.010404999999999998,0.012322,0.028469999999999995,0.009170000000000011,0.060367000000000004
7,13:59:07,0.733333,0.533753,0.287601,0.286461,0.541218,0.43298,RN_ASCON_NoFOG,RN,ASCON,NoFOG,14,C:\Users\VivoBook\Downloads\microproyecto2\microproyecto 2 porque wtf\src\hfl_v7-RN\Results\#14,global_weights_history_13.csv,global_round,2026-04-16 13:59:07,model.global_round,7,aggregate,server,,58.0,0.005526000000000031,0.017019000000000006,0.014050000000000007,0.0061610000000000276,0.04275600000000007
8,14:00:06,0.9,0.346192,0.287952,0.28531,0.539267,0.433238,RN_ASCON_NoFOG,RN,ASCON,NoFOG,14,C:\Users\VivoBook\Downloads\microproyecto2\microproyecto 2 porque wtf\src\hfl_v7-RN\Results\#14,global_weights_history_13.csv,global_round,2026-04-16 14:00:06,model.global_round,8,aggregate,server,,59.0,0.0003509999999999902,0.0011510000000000131,0.001950999999999925,0.000258000000000036,0.0037109999999999643
9,14:01:06,0.916667,0.317337,0.287149,0.281563,0.539803,0.435681,RN_ASCON_NoFOG,RN,ASCON,NoFOG,14,C:\Users\VivoBook\Downloads\microproyecto2\microproyecto 2 porque wtf\src\hfl_v7-RN\Results\#14,global_weights_history_13.csv,global_round,2026-04-16 14:01:06,model.global_round,9,aggregate,server,,60.0,0.0008029999999999982,0.0037470000000000003,0.0005359999999999809,0.002442999999999973,0.007528999999999952
10,14:02:05,0.85,0.356728,0.286298,0.279616,0.542288,0.436229,RN_ASCON_NoFOG,RN,ASCON,NoFOG,14,C:\Users\VivoBook\Downloads\microproyecto2\microproyecto 2 porque wtf\src\hfl_v7-RN\Results\#14,global_weights_history_13.csv,global_round,2026-04-16 14:02:05,model.global_round,10,aggregate,server,,59.0,0.0008509999999999907,0.001947000000000032,0.0024849999999999595,0.0005479999999999929,0.005830999999999975
11,14:03:04,0.933333,0.222868,0.286784,0.275143,0.545001,0.439045,RN_ASCON_NoFOG,RN,ASCON,NoFOG,14,C:\Users\VivoBook\Downloads\microproyecto2\microproyecto 2 porque wtf\src\hfl_v7-RN\Results\#14,global_weights_history_13.csv,global_round,2026-04-16 14:03:04,model.global_round,11,aggregate,server,,59.0,0.00048599999999998644,0.004472999999999949,0.0027129999999999654,0.0028160000000000407,0.010487999999999942
12,14:04:03,0.95,0.187052,0.284898,0.275936,0.54382,0.438017,RN_ASCON_NoFOG,RN,ASCON,NoFOG,14,C:\Users\VivoBook\Downloads\microproyecto2\microproyecto 2 porque wtf\src\hfl_v7-RN\Results\#14,global_weights_history_13.csv,global_round,2026-04-16 14:04:03,model.global_round,12,aggregate,server,,59.0,0.0018859999999999988,0.0007929999999999882,0.0011809999999999876,0.0010280000000000289,0.0048880000000000035
13,14:05:01,0.9,0.249922,0.285106,0.274194,0.546823,0.439512,RN_ASCON_NoFOG,RN,ASCON,NoFOG,14,C:\Users\VivoBook\Downloads\microproyecto2\microproyecto 2 porque wtf\src\hfl_v7-RN\Results\#14,global_weights_history_13.csv,global_round,2026-04-16 14:05:01,model.global_round,13,aggregate,server,,58.0,0.00020800000000004149,0.0017420000000000213,0.003002999999999978,0.001495000000000024,0.006448000000000065
14,14:06:00,0.933333,0.149882,0.286966,0.273043,0.551118,0.440855,RN_ASCON_NoFOG,RN,ASCON,NoFOG,14,C:\Users\VivoBook\Downloads\microproyecto2\microproyecto 2 porque wtf\src\hfl_v7-RN\Results\#14,global_weights_history_13.csv,global_round,2026-04-16 14:06:00,model.global_round,14,aggregate,server,,59.0,0.0018599999999999728,0.0011510000000000131,0.004295000000000049,0.001342999999999983,0.008649000000000018
15,14:06:59,0.966667,0.21286,0.287573,0.270798,0.552745,0.44367,RN_ASCON_NoFOG,RN,ASCON,NoFOG,14,C:\Users\VivoBook\Downloads\microproyecto2\microproyecto 2 porque wtf\src\hfl_v7-RN\Results\#14,global_weights_history_13.csv,global_round,2026-04-16 14:06:59,model.global_round,15,aggregate,server,,59.0,0.0006070000000000242,0.002244999999999997,0.001627000000000045,0.002815000000000012,0.007294000000000078
16,14:07:58,0.866667,0.255017,0.288528,0.266236,0.550676,0.447366,RN_ASCON_NoFOG,RN,ASCON,NoFOG,14,C:\Users\VivoBook\Downloads\microproyecto2\microproyecto 2 porque wtf\src\hfl_v7-RN\Results\#14,global_weights_history_13.csv,global_round,2026-04-16 14:07:58,model.global_round,16,aggregate,server,,59.0,0.0009549999999999836,0.0045620000000000105,0.0020689999999999875,0.003695999999999977,0.011281999999999959
17,14:08:57,0.883333,0.264651,0.288499,0.265681,0.5518,0.449455,RN_ASCON_NoFOG,RN,ASCON,NoFOG,14,C:\Users\VivoBook\Downloads\microproyecto2\microproyecto 2 porque wtf\src\hfl_v7-RN\Results\#14,global_weights_history_13.csv,global_round,2026-04-16 14:08:57,model.global_round,17,aggregate,server,,59.0,2.9000000000001247e-05,0.0005549999999999722,0.0011239999999999029,0.0020890000000000075,0.003796999999999884
18,14:10:45,0.833333,0.394302,0.28889,0.261628,0.55329,0.451103,RN_ASCON_NoFOG,RN,ASCON,NoFOG,14,C:\Users\VivoBook\Downloads\microproyecto2\microproyecto 2 porque wtf\src\hfl_v7-RN\Results\#14,global_weights_history_13.csv,global_round,2026-04-16 14:10:45,model.global_round,18,aggregate,server,,108.0,0.0003909999999999747,0.004052999999999973,0.0014899999999999913,0.0016479999999999828,0.007581999999999922
19,14:11:44,0.966667,0.117956,0.289196,0.264449,0.551898,0.454896,RN_ASCON_NoFOG,RN,ASCON,NoFOG,14,C:\Users\VivoBook\Downloads\microproyecto2\microproyecto 2 porque wtf\src\hfl_v7-RN\Results\#14,global_weights_history_13.csv,global_round,2026-04-16 14:11:44,model.global_round,19,aggregate,server,,59.0,0.00030600000000002847,0.0028209999999999624,0.0013919999999999488,0.0037930000000000463,0.008311999999999986
20,14:12:43,0.95,0.158243,0.290623,0.264206,0.554527,0.457811,RN_ASCON_NoFOG,RN,ASCON,NoFOG,14,C:\Users\VivoBook\Downloads\microproyecto2\microproyecto 2 porque wtf\src\hfl_v7-RN\Results\#14,global_weights_history_13.csv,global_round,2026-04-16 14:12:43,model.global_round,20,aggregate,server,,59.0,0.0014270000000000116,0.00024299999999999322,0.0026289999999999925,0.002915000000000001,0.007213999999999998
21,14:13:41,0.933333,0.145752,0.290254,0.264239,0.556212,0.460303,RN_ASCON_NoFOG,RN,ASCON,NoFOG,14,C:\Users\VivoBook\Downloads\microproyecto2\microproyecto 2 porque wtf\src\hfl_v7-RN\Results\#14,global_weights_history_13.csv,global_round,2026-04-16 14:13:41,model.global_round,21,aggregate,server,,58.0,0.0003690000000000082,3.300000000000525e-05,0.0016850000000000476,0.0024919999999999942,0.004579000000000055
22,14:14:40,0.966667,0.132259,0.29038,0.26486,0.559016,0.460283,RN_ASCON_NoFOG,RN,ASCON,NoFOG,14,C:\Users\VivoBook\Downloads\microproyecto2\microproyecto 2 porque wtf\src\hfl_v7-RN\Results\#14,global_weights_history_13.csv,global_round,2026-04-16 14:14:40,model.global_round,22,aggregate,server,,59.0,0.000126000000000015,0.0006209999999999827,0.0028039999999999177,2.0000000000020002e-05,0.0035709999999999353
1,14:26:30,0.683333,0.66342,0.290072,0.293478,0.539425,0.407371,RN_ASCON_NoFOG,RN,ASCON,NoFOG,15,C:\Users\VivoBook\Downloads\microproyecto2\microproyecto 2 porque wtf\src\hfl_v7-RN\Results\#15,global_weights_history_14.csv,global_round,2026-04-16 14:26:30,model.global_round,1,aggregate,server,,,,,,,0.0
2,14:27:23,0.966667,0.169984,0.293929,0.297363,0.553181,0.423917,RN_ASCON_NoFOG,RN,ASCON,NoFOG,15,C:\Users\VivoBook\Downloads\microproyecto2\microproyecto 2 porque wtf\src\hfl_v7-RN\Results\#15,global_weights_history_14.csv,global_round,2026-04-16 14:27:23,model.global_round,2,aggregate,server,,53.0,0.0038569999999999993,0.003884999999999972,0.01375599999999999,0.016546000000000005,0.03804399999999997
3,14:28:21,1.0,0.020821,0.297876,0.30579,0.562789,0.438175,RN_ASCON_NoFOG,RN,ASCON,NoFOG,15,C:\Users\VivoBook\Downloads\microproyecto2\microproyecto 2 porque wtf\src\hfl_v7-RN\Results\#15,global_weights_history_14.csv,global_round,2026-04-16 14:28:21,model.global_round,3,aggregate,server,,58.0,0.003946999999999978,0.008427000000000018,0.00960799999999995,0.014257999999999993,0.03623999999999994
4,14:29:20,1.0,0.023227,0.300729,0.310266,0.568909,0.447104,RN_ASCON_NoFOG,RN,ASCON,NoFOG,15,C:\Users\VivoBook\Downloads\microproyecto2\microproyecto 2 porque wtf\src\hfl_v7-RN\Results\#15,global_weights_history_14.csv,global_round,2026-04-16 14:29:20,model.global_round,4,aggregate,server,,59.0,0.00285300000000005,0.00447599999999998,0.006120000000000014,0.00892900000000002,0.022378000000000065
5,14:30:19,1.0,0.017947,0.30249,0.314322,0.573345,0.451985,RN_ASCON_NoFOG,RN,ASCON,NoFOG,15,C:\Users\VivoBook\Downloads\microproyecto2\microproyecto 2 porque wtf\src\hfl_v7-RN\Results\#15,global_weights_history_14.csv,global_round,2026-04-16 14:30:19,model.global_round,5,aggregate,server,,59.0,0.001760999999999957,0.004056000000000004,0.0044359999999999955,0.004881000000000024,0.01513399999999998
6,14:34:08,0.866667,0.487446,0.292191,0.304433,0.537927,0.445835,RN_ASCON_NoFOG,RN,ASCON,NoFOG,15,C:\Users\VivoBook\Downloads\microproyecto2\microproyecto 2 porque wtf\src\hfl_v7-RN\Results\#15,global_weights_history_14.csv,global_round,2026-04-16 14:34:08,model.global_round,6,aggregate,server,,229.0,0.010299000000000003,0.009888999999999981,0.03541799999999995,0.006150000000000044,0.06175599999999998
7,14:35:06,0.766667,0.693779,0.288292,0.288521,0.534653,0.442141,RN_ASCON_NoFOG,RN,ASCON,NoFOG,15,C:\Users\VivoBook\Downloads\microproyecto2\microproyecto 2 porque wtf\src\hfl_v7-RN\Results\#15,global_weights_history_14.csv,global_round,2026-04-16 14:35:06,model.global_round,7,aggregate,server,,58.0,0.003898999999999986,0.01591199999999998,0.003273999999999999,0.003693999999999975,0.026778999999999942
8,14:36:05,0.816667,0.523881,0.287219,0.280945,0.5288,0.449232,RN_ASCON_NoFOG,RN,ASCON,NoFOG,15,C:\Users\VivoBook\Downloads\microproyecto2\microproyecto 2 porque wtf\src\hfl_v7-RN\Results\#15,global_weights_history_14.csv,global_round,2026-04-16 14:36:05,model.global_round,8,aggregate,server,,59.0,0.0010729999999999906,0.007576000000000027,0.005852999999999997,0.007091000000000014,0.02159300000000003
9,14:37:03,0.883333,0.186438,0.287675,0.28131,0.523653,0.45521,RN_ASCON_NoFOG,RN,ASCON,NoFOG,15,C:\Users\VivoBook\Downloads\microproyecto2\microproyecto 2 porque wtf\src\hfl_v7-RN\Results\#15,global_weights_history_14.csv,global_round,2026-04-16 14:37:03,model.global_round,9,aggregate,server,,58.0,0.00045600000000001195,0.0003650000000000042,0.005147000000000013,0.005977999999999983,0.011946000000000012
10,14:38:02,0.816667,0.398581,0.289028,0.282582,0.520466,0.460405,RN_ASCON_NoFOG,RN,ASCON,NoFOG,15,C:\Users\VivoBook\Downloads\microproyecto2\microproyecto 2 porque wtf\src\hfl_v7-RN\Results\#15,global_weights_history_14.csv,global_round,2026-04-16 14:38:02,model.global_round,10,aggregate,server,,59.0,0.001352999999999993,0.0012719999999999954,0.003187000000000051,0.005195000000000005,0.011007000000000045
11,14:39:00,0.883333,0.243561,0.289432,0.285038,0.516999,0.470316,RN_ASCON_NoFOG,RN,ASCON,NoFOG,15,C:\Users\VivoBook\Downloads\microproyecto2\microproyecto 2 porque wtf\src\hfl_v7-RN\Results\#15,global_weights_history_14.csv,global_round,2026-04-16 14:39:00,model.global_round,11,aggregate,server,,58.0,0.00040400000000001546,0.0024560000000000137,0.003466999999999998,0.009911000000000003,0.01623800000000003
12,14:39:59,0.816667,0.381494,0.290149,0.283889,0.518949,0.477419,RN_ASCON_NoFOG,RN,ASCON,NoFOG,15,C:\Users\VivoBook\Downloads\microproyecto2\microproyecto 2 porque wtf\src\hfl_v7-RN\Results\#15,global_weights_history_14.csv,global_round,2026-04-16 14:39:59,model.global_round,12,aggregate,server,,59.0,0.0007169999999999677,0.0011490000000000111,0.0019500000000000073,0.0071029999999999704,0.010918999999999957
13,14:40:58,0.9,0.363848,0.289432,0.27901,0.517669,0.484044,RN_ASCON_NoFOG,RN,ASCON,NoFOG,15,C:\Users\VivoBook\Downloads\microproyecto2\microproyecto 2 porque wtf\src\hfl_v7-RN\Results\#15,global_weights_history_14.csv,global_round,2026-04-16 14:40:58,model.global_round,13,aggregate,server,,59.0,0.0007169999999999677,0.004879000000000022,0.0012799999999999478,0.006624999999999992,0.01350099999999993
14,14:41:56,0.9,0.231235,0.289163,0.279216,0.518706,0.488424,RN_ASCON_NoFOG,RN,ASCON,NoFOG,15,C:\Users\VivoBook\Downloads\microproyecto2\microproyecto 2 porque wtf\src\hfl_v7-RN\Results\#15,global_weights_history_14.csv,global_round,2026-04-16 14:41:56,model.global_round,14,aggregate,server,,58.0,0.0002690000000000192,0.00020600000000003948,0.0010369999999999546,0.0043800000000000505,0.005892000000000064
15,15:29:50,0.783333,0.548629,0.286645,0.268572,0.529203,0.451611,RN_ASCON_NoFOG,RN,ASCON,NoFOG,15,C:\Users\VivoBook\Downloads\microproyecto2\microproyecto 2 porque wtf\src\hfl_v7-RN\Results\#15,global_weights_history_14.csv,global_round,2026-04-16 15:29:50,model.global_round,15,aggregate,server,,2874.0,0.0025180000000000202,0.010644000000000042,0.010496999999999979,0.03681300000000004,0.06047200000000008
16,15:30:44,0.666667,0.82709,0.284038,0.281142,0.523613,0.422493,RN_ASCON_NoFOG,RN,ASCON,NoFOG,15,C:\Users\VivoBook\Downloads\microproyecto2\microproyecto 2 porque wtf\src\hfl_v7-RN\Results\#15,global_weights_history_14.csv,global_round,2026-04-16 15:30:44,model.global_round,16,aggregate,server,,54.0,0.0026069999999999705,0.012570000000000026,0.005589999999999984,0.029117999999999977,0.04988499999999996
17,15:31:42,0.716667,0.53876,0.284434,0.281975,0.521287,0.440494,RN_ASCON_NoFOG,RN,ASCON,NoFOG,15,C:\Users\VivoBook\Downloads\microproyecto2\microproyecto 2 porque wtf\src\hfl_v7-RN\Results\#15,global_weights_history_14.csv,global_round,2026-04-16 15:31:42,model.global_round,17,aggregate,server,,58.0,0.00039600000000000746,0.0008329999999999727,0.0023260000000000502,0.01800099999999999,0.02155600000000002
18,15:32:40,0.833333,0.329863,0.284084,0.284565,0.518146,0.44369,RN_ASCON_NoFOG,RN,ASCON,NoFOG,15,C:\Users\VivoBook\Downloads\microproyecto2\microproyecto 2 porque wtf\src\hfl_v7-RN\Results\#15,global_weights_history_14.csv,global_round,2026-04-16 15:32:40,model.global_round,18,aggregate,server,,58.0,0.00035000000000001696,0.0025900000000000367,0.0031409999999999494,0.0031959999999999766,0.00927699999999998
19,15:33:39,0.866667,0.341574,0.283983,0.280018,0.520314,0.448389,RN_ASCON_NoFOG,RN,ASCON,NoFOG,15,C:\Users\VivoBook\Downloads\microproyecto2\microproyecto 2 porque wtf\src\hfl_v7-RN\Results\#15,global_weights_history_14.csv,global_round,2026-04-16 15:33:39,model.global_round,19,aggregate,server,,59.0,0.00010100000000001774,0.004547000000000023,0.0021680000000000588,0.004699000000000009,0.011515000000000108
20,15:34:39,0.9,0.255696,0.284567,0.282944,0.52044,0.451099,RN_ASCON_NoFOG,RN,ASCON,NoFOG,15,C:\Users\VivoBook\Downloads\microproyecto2\microproyecto 2 porque wtf\src\hfl_v7-RN\Results\#15,global_weights_history_14.csv,global_round,2026-04-16 15:34:39,model.global_round,20,aggregate,server,,60.0,0.0005840000000000289,0.002925999999999984,0.00012599999999995948,0.0027100000000000457,0.006346000000000018
21,15:35:37,0.816667,0.413811,0.284617,0.277232,0.52312,0.453058,RN_ASCON_NoFOG,RN,ASCON,NoFOG,15,C:\Users\VivoBook\Downloads\microproyecto2\microproyecto 2 porque wtf\src\hfl_v7-RN\Results\#15,global_weights_history_14.csv,global_round,2026-04-16 15:35:37,model.global_round,21,aggregate,server,,58.0,4.999999999999449e-05,0.005711999999999995,0.0026800000000000157,0.0019589999999999885,0.010400999999999994
22,15:36:36,0.933333,0.178529,0.285061,0.274785,0.524516,0.454022,RN_ASCON_NoFOG,RN,ASCON,NoFOG,15,C:\Users\VivoBook\Downloads\microproyecto2\microproyecto 2 porque wtf\src\hfl_v7-RN\Results\#15,global_weights_history_14.csv,global_round,2026-04-16 15:36:36,model.global_round,22,aggregate,server,,59.0,0.00044399999999999995,0.002446999999999977,0.0013959999999999528,0.0009639999999999649,0.005250999999999895
23,15:37:35,0.883333,0.283482,0.285745,0.276015,0.526814,0.457271,RN_ASCON_NoFOG,RN,ASCON,NoFOG,15,C:\Users\VivoBook\Downloads\microproyecto2\microproyecto 2 porque wtf\src\hfl_v7-RN\Results\#15,global_weights_history_14.csv,global_round,2026-04-16 15:37:35,model.global_round,23,aggregate,server,,59.0,0.0006840000000000179,0.0012300000000000089,0.0022980000000000222,0.003249000000000002,0.007461000000000051
1,15:03:41,0.716667,0.85109,0.28751,0.291082,0.538672,0.409911,RN_PLAIN_FOG,RN,PLAIN,FOG,2,C:\Users\VivoBook\Downloads\microproyecto2\microproyecto 2 porque wtf\src\hfl_v7-no-ascon-RN\Results_FOG\#2,global_weights_history_1.csv,global_round,2026-04-24 15:03:41,model.global_round,1,aggregate,server,60.0,,,,,,0.0
2,15:04:25,0.933333,0.206252,0.289333,0.295621,0.551873,0.426745,RN_PLAIN_FOG,RN,PLAIN,FOG,2,C:\Users\VivoBook\Downloads\microproyecto2\microproyecto 2 porque wtf\src\hfl_v7-no-ascon-RN\Results_FOG\#2,global_weights_history_1.csv,global_round,2026-04-24 15:04:25,model.global_round,2,aggregate,server,60.0,44.0,0.001823000000000019,0.004539000000000015,0.013200999999999907,0.01683399999999996,0.0363969999999999
3,15:05:15,1.0,0.035134,0.291688,0.305568,0.560125,0.440081,RN_PLAIN_FOG,RN,PLAIN,FOG,2,C:\Users\VivoBook\Downloads\microproyecto2\microproyecto 2 porque wtf\src\hfl_v7-no-ascon-RN\Results_FOG\#2,global_weights_history_1.csv,global_round,2026-04-24 15:05:15,model.global_round,3,aggregate,server,60.0,50.0,0.002354999999999996,0.009946999999999984,0.008252000000000037,0.013336000000000015,0.03389000000000003
4,15:06:05,0.983333,0.106578,0.293277,0.311511,0.565154,0.448811,RN_PLAIN_FOG,RN,PLAIN,FOG,2,C:\Users\VivoBook\Downloads\microproyecto2\microproyecto 2 porque wtf\src\hfl_v7-no-ascon-RN\Results_FOG\#2,global_weights_history_1.csv,global_round,2026-04-24 15:06:05,model.global_round,4,aggregate,server,60.0,50.0,0.001589000000000007,0.005942999999999976,0.005029000000000061,0.008730000000000016,0.02129100000000006
5,15:06:55,1.0,0.017691,0.29441,0.316429,0.569098,0.455064,RN_PLAIN_FOG,RN,PLAIN,FOG,2,C:\Users\VivoBook\Downloads\microproyecto2\microproyecto 2 porque wtf\src\hfl_v7-no-ascon-RN\Results_FOG\#2,global_weights_history_1.csv,global_round,2026-04-24 15:06:55,model.global_round,5,aggregate,server,60.0,50.0,0.0011329999999999951,0.0049180000000000335,0.0039439999999999475,0.0062530000000000086,0.016247999999999985
6,15:14:52,0.766667,0.540867,0.288784,0.301429,0.549714,0.441989,RN_PLAIN_FOG,RN,PLAIN,FOG,2,C:\Users\VivoBook\Downloads\microproyecto2\microproyecto 2 porque wtf\src\hfl_v7-no-ascon-RN\Results_FOG\#2,global_weights_history_1.csv,global_round,2026-04-24 15:14:52,model.global_round,6,aggregate,server,60.0,477.0,0.00562600000000002,0.015000000000000013,0.019383999999999957,0.013075000000000003,0.05308499999999999
7,15:15:42,0.95,0.142118,0.288997,0.29217,0.544372,0.447083,RN_PLAIN_FOG,RN,PLAIN,FOG,2,C:\Users\VivoBook\Downloads\microproyecto2\microproyecto 2 porque wtf\src\hfl_v7-no-ascon-RN\Results_FOG\#2,global_weights_history_1.csv,global_round,2026-04-24 15:15:42,model.global_round,7,aggregate,server,60.0,50.0,0.00021300000000001873,0.009259000000000017,0.005342000000000069,0.005093999999999987,0.019908000000000092
8,15:16:32,0.85,0.299811,0.290728,0.290895,0.550522,0.454619,RN_PLAIN_FOG,RN,PLAIN,FOG,2,C:\Users\VivoBook\Downloads\microproyecto2\microproyecto 2 porque wtf\src\hfl_v7-no-ascon-RN\Results_FOG\#2,global_weights_history_1.csv,global_round,2026-04-24 15:16:32,model.global_round,8,aggregate,server,60.0,50.0,0.0017309999999999826,0.0012749999999999706,0.006149999999999989,0.007535999999999987,0.01669199999999993
9,15:17:22,0.8,0.473686,0.292087,0.290252,0.558715,0.459086,RN_PLAIN_FOG,RN,PLAIN,FOG,2,C:\Users\VivoBook\Downloads\microproyecto2\microproyecto 2 porque wtf\src\hfl_v7-no-ascon-RN\Results_FOG\#2,global_weights_history_1.csv,global_round,2026-04-24 15:17:22,model.global_round,9,aggregate,server,60.0,50.0,0.001358999999999999,0.0006430000000000047,0.008193000000000006,0.004466999999999999,0.014662000000000008
10,15:18:12,0.866667,0.295945,0.291622,0.287703,0.561788,0.459101,RN_PLAIN_FOG,RN,PLAIN,FOG,2,C:\Users\VivoBook\Downloads\microproyecto2\microproyecto 2 porque wtf\src\hfl_v7-no-ascon-RN\Results_FOG\#2,global_weights_history_1.csv,global_round,2026-04-24 15:18:12,model.global_round,10,aggregate,server,60.0,50.0,0.0004649999999999932,0.0025490000000000235,0.0030729999999999924,1.4999999999987246e-05,0.006101999999999996
11,15:19:02,0.916667,0.163483,0.292156,0.289656,0.56273,0.458007,RN_PLAIN_FOG,RN,PLAIN,FOG,2,C:\Users\VivoBook\Downloads\microproyecto2\microproyecto 2 porque wtf\src\hfl_v7-no-ascon-RN\Results_FOG\#2,global_weights_history_1.csv,global_round,2026-04-24 15:19:02,model.global_round,11,aggregate,server,60.0,50.0,0.0005340000000000344,0.001953000000000038,0.0009419999999999984,0.0010939999999999839,0.004523000000000055
12,15:19:52,0.916667,0.193255,0.292602,0.28974,0.565833,0.460058,RN_PLAIN_FOG,RN,PLAIN,FOG,2,C:\Users\VivoBook\Downloads\microproyecto2\microproyecto 2 porque wtf\src\hfl_v7-no-ascon-RN\Results_FOG\#2,global_weights_history_1.csv,global_round,2026-04-24 15:19:52,model.global_round,12,aggregate,server,60.0,50.0,0.00044599999999994644,8.399999999997299e-05,0.003103000000000078,0.002051000000000025,0.005684000000000022
13,15:20:42,0.966667,0.084793,0.293976,0.290074,0.568407,0.46484,RN_PLAIN_FOG,RN,PLAIN,FOG,2,C:\Users\VivoBook\Downloads\microproyecto2\microproyecto 2 porque wtf\src\hfl_v7-no-ascon-RN\Results_FOG\#2,global_weights_history_1.csv,global_round,2026-04-24 15:20:42,model.global_round,13,aggregate,server,60.0,50.0,0.0013740000000000419,0.00033400000000000096,0.002573999999999965,0.004781999999999953,0.009063999999999961
14,15:21:32,0.966667,0.139615,0.295297,0.294032,0.572434,0.465842,RN_PLAIN_FOG,RN,PLAIN,FOG,2,C:\Users\VivoBook\Downloads\microproyecto2\microproyecto 2 porque wtf\src\hfl_v7-no-ascon-RN\Results_FOG\#2,global_weights_history_1.csv,global_round,2026-04-24 15:21:32,model.global_round,14,aggregate,server,60.0,50.0,0.001320999999999961,0.003958000000000017,0.004027000000000003,0.0010020000000000029,0.010307999999999984
15,15:22:22,0.95,0.130975,0.295468,0.296135,0.574927,0.464858,RN_PLAIN_FOG,RN,PLAIN,FOG,2,C:\Users\VivoBook\Downloads\microproyecto2\microproyecto 2 porque wtf\src\hfl_v7-no-ascon-RN\Results_FOG\#2,global_weights_history_1.csv,global_round,2026-04-24 15:22:22,model.global_round,15,aggregate,server,60.0,50.0,0.00017100000000003224,0.002102999999999966,0.0024929999999999675,0.0009839999999999849,0.005750999999999951
16,15:23:12,0.95,0.147412,0.296173,0.297362,0.577711,0.46516,RN_PLAIN_FOG,RN,PLAIN,FOG,2,C:\Users\VivoBook\Downloads\microproyecto2\microproyecto 2 porque wtf\src\hfl_v7-no-ascon-RN\Results_FOG\#2,global_weights_history_1.csv,global_round,2026-04-24 15:23:12,model.global_round,16,aggregate,server,60.0,50.0,0.0007050000000000112,0.0012270000000000336,0.0027840000000000087,0.00030200000000002447,0.005018000000000078
17,15:24:02,0.966667,0.083413,0.297352,0.297998,0.580653,0.467419,RN_PLAIN_FOG,RN,PLAIN,FOG,2,C:\Users\VivoBook\Downloads\microproyecto2\microproyecto 2 porque wtf\src\hfl_v7-no-ascon-RN\Results_FOG\#2,global_weights_history_1.csv,global_round,2026-04-24 15:24:02,model.global_round,17,aggregate,server,60.0,50.0,0.0011789999999999856,0.0006359999999999699,0.002942,0.0022589999999999555,0.007015999999999911
18,15:24:52,0.966667,0.059181,0.299285,0.300868,0.576591,0.470621,RN_PLAIN_FOG,RN,PLAIN,FOG,2,C:\Users\VivoBook\Downloads\microproyecto2\microproyecto 2 porque wtf\src\hfl_v7-no-ascon-RN\Results_FOG\#2,global_weights_history_1.csv,global_round,2026-04-24 15:24:52,model.global_round,18,aggregate,server,60.0,50.0,0.001933000000000018,0.002870000000000039,0.00406200000000001,0.003202000000000038,0.012067000000000105
19,15:25:42,0.966667,0.230762,0.29847,0.298893,0.575799,0.470179,RN_PLAIN_FOG,RN,PLAIN,FOG,2,C:\Users\VivoBook\Downloads\microproyecto2\microproyecto 2 porque wtf\src\hfl_v7-no-ascon-RN\Results_FOG\#2,global_weights_history_1.csv,global_round,2026-04-24 15:25:42,model.global_round,19,aggregate,server,60.0,50.0,0.0008150000000000102,0.0019750000000000045,0.0007920000000000149,0.00044199999999999795,0.0040240000000000276
20,15:26:32,0.866667,0.32798,0.29828,0.298982,0.577617,0.470593,RN_PLAIN_FOG,RN,PLAIN,FOG,2,C:\Users\VivoBook\Downloads\microproyecto2\microproyecto 2 porque wtf\src\hfl_v7-no-ascon-RN\Results_FOG\#2,global_weights_history_1.csv,global_round,2026-04-24 15:26:32,model.global_round,20,aggregate,server,60.0,50.0,0.00019000000000002348,8.900000000000574e-05,0.0018180000000000973,0.00041399999999996995,0.0025110000000000965
1,15:43:51,0.75,0.791782,0.286486,0.290619,0.544352,0.410705,RN_PLAIN_FOG,RN,PLAIN,FOG,3,C:\Users\VivoBook\Downloads\microproyecto2\microproyecto 2 porque wtf\src\hfl_v7-no-ascon-RN\Results_FOG\#3,global_weights_history_2.csv,global_round,2026-04-24 15:43:51,model.global_round,1,aggregate,server,60.0,,,,,,0.0
2,15:44:35,0.933333,0.1985,0.289365,0.295399,0.561371,0.4286,RN_PLAIN_FOG,RN,PLAIN,FOG,3,C:\Users\VivoBook\Downloads\microproyecto2\microproyecto 2 porque wtf\src\hfl_v7-no-ascon-RN\Results_FOG\#3,global_weights_history_2.csv,global_round,2026-04-24 15:44:35,model.global_round,2,aggregate,server,60.0,44.0,0.002878999999999965,0.0047800000000000065,0.017019000000000006,0.017894999999999994,0.04257299999999997
3,15:45:25,1.0,0.038842,0.293874,0.306507,0.571605,0.444819,RN_PLAIN_FOG,RN,PLAIN,FOG,3,C:\Users\VivoBook\Downloads\microproyecto2\microproyecto 2 porque wtf\src\hfl_v7-no-ascon-RN\Results_FOG\#3,global_weights_history_2.csv,global_round,2026-04-24 15:45:25,model.global_round,3,aggregate,server,60.0,50.0,0.004509000000000041,0.011107999999999951,0.010234000000000076,0.01621900000000004,0.04207000000000011
4,15:46:15,1.0,0.044168,0.296118,0.313035,0.578227,0.454775,RN_PLAIN_FOG,RN,PLAIN,FOG,3,C:\Users\VivoBook\Downloads\microproyecto2\microproyecto 2 porque wtf\src\hfl_v7-no-ascon-RN\Results_FOG\#3,global_weights_history_2.csv,global_round,2026-04-24 15:46:15,model.global_round,4,aggregate,server,60.0,50.0,0.0022439999999999682,0.006528000000000034,0.006622000000000017,0.009955999999999965,0.025349999999999984
5,15:47:05,0.983333,0.032681,0.297445,0.317425,0.582291,0.460306,RN_PLAIN_FOG,RN,PLAIN,FOG,3,C:\Users\VivoBook\Downloads\microproyecto2\microproyecto 2 porque wtf\src\hfl_v7-no-ascon-RN\Results_FOG\#3,global_weights_history_2.csv,global_round,2026-04-24 15:47:05,model.global_round,5,aggregate,server,60.0,50.0,0.0013270000000000226,0.004390000000000005,0.0040639999999999565,0.005531000000000008,0.015311999999999992
6,15:55:37,0.766667,0.827521,0.288217,0.30319,0.559385,0.445556,RN_PLAIN_FOG,RN,PLAIN,FOG,3,C:\Users\VivoBook\Downloads\microproyecto2\microproyecto 2 porque wtf\src\hfl_v7-no-ascon-RN\Results_FOG\#3,global_weights_history_2.csv,global_round,2026-04-24 15:55:37,model.global_round,6,aggregate,server,60.0,512.0,0.009228000000000014,0.014234999999999998,0.022905999999999982,0.014749999999999985,0.06111899999999998
7,15:56:30,0.866667,0.402206,0.285743,0.299912,0.544907,0.443418,RN_PLAIN_FOG,RN,PLAIN,FOG,3,C:\Users\VivoBook\Downloads\microproyecto2\microproyecto 2 porque wtf\src\hfl_v7-no-ascon-RN\Results_FOG\#3,global_weights_history_2.csv,global_round,2026-04-24 15:56:30,model.global_round,7,aggregate,server,60.0,53.0,0.0024739999999999762,0.003278000000000003,0.014477999999999991,0.0021380000000000288,0.022368
8,15:57:20,0.833333,0.43747,0.286776,0.295252,0.537575,0.4498,RN_PLAIN_FOG,RN,PLAIN,FOG,3,C:\Users\VivoBook\Downloads\microproyecto2\microproyecto 2 porque wtf\src\hfl_v7-no-ascon-RN\Results_FOG\#3,global_weights_history_2.csv,global_round,2026-04-24 15:57:20,model.global_round,8,aggregate,server,60.0,50.0,0.0010329999999999506,0.0046599999999999975,0.007332000000000005,0.006381999999999999,0.019406999999999952
9,15:58:10,0.866667,0.250309,0.287233,0.288068,0.535603,0.464914,RN_PLAIN_FOG,RN,PLAIN,FOG,3,C:\Users\VivoBook\Downloads\microproyecto2\microproyecto 2 porque wtf\src\hfl_v7-no-ascon-RN\Results_FOG\#3,global_weights_history_2.csv,global_round,2026-04-24 15:58:10,model.global_round,9,aggregate,server,60.0,50.0,0.0004570000000000407,0.007184000000000024,0.0019719999999999738,0.015114000000000016,0.024727000000000054
10,15:59:01,0.9,0.2387,0.287621,0.286929,0.533837,0.470586,RN_PLAIN_FOG,RN,PLAIN,FOG,3,C:\Users\VivoBook\Downloads\microproyecto2\microproyecto 2 porque wtf\src\hfl_v7-no-ascon-RN\Results_FOG\#3,global_weights_history_2.csv,global_round,2026-04-24 15:59:01,model.global_round,10,aggregate,server,60.0,51.0,0.00038799999999999946,0.0011390000000000011,0.0017660000000000453,0.00567200000000001,0.008965000000000056
11,15:59:50,0.916667,0.215249,0.289085,0.293584,0.534971,0.474153,RN_PLAIN_FOG,RN,PLAIN,FOG,3,C:\Users\VivoBook\Downloads\microproyecto2\microproyecto 2 porque wtf\src\hfl_v7-no-ascon-RN\Results_FOG\#3,global_weights_history_2.csv,global_round,2026-04-24 15:59:50,model.global_round,11,aggregate,server,60.0,49.0,0.0014639999999999653,0.006655000000000022,0.0011339999999999684,0.003566999999999987,0.012819999999999943
12,16:00:40,0.95,0.14757,0.290057,0.293824,0.533319,0.480837,RN_PLAIN_FOG,RN,PLAIN,FOG,3,C:\Users\VivoBook\Downloads\microproyecto2\microproyecto 2 porque wtf\src\hfl_v7-no-ascon-RN\Results_FOG\#3,global_weights_history_2.csv,global_round,2026-04-24 16:00:40,model.global_round,12,aggregate,server,60.0,50.0,0.0009720000000000284,0.00023999999999996247,0.0016519999999999868,0.006684000000000023,0.009548000000000001
13,16:01:30,0.9,0.257219,0.290753,0.29115,0.536081,0.484802,RN_PLAIN_FOG,RN,PLAIN,FOG,3,C:\Users\VivoBook\Downloads\microproyecto2\microproyecto 2 porque wtf\src\hfl_v7-no-ascon-RN\Results_FOG\#3,global_weights_history_2.csv,global_round,2026-04-24 16:01:30,model.global_round,13,aggregate,server,60.0,50.0,0.0006959999999999744,0.002673999999999954,0.002762000000000042,0.003964999999999996,0.010096999999999967
14,16:02:20,0.883333,0.287029,0.290969,0.286685,0.536614,0.491641,RN_PLAIN_FOG,RN,PLAIN,FOG,3,C:\Users\VivoBook\Downloads\microproyecto2\microproyecto 2 porque wtf\src\hfl_v7-no-ascon-RN\Results_FOG\#3,global_weights_history_2.csv,global_round,2026-04-24 16:02:20,model.global_round,14,aggregate,server,60.0,50.0,0.00021599999999999397,0.004464999999999997,0.0005330000000000057,0.006838999999999984,0.01205299999999998
15,16:03:10,0.883333,0.261073,0.291014,0.286886,0.541119,0.491862,RN_PLAIN_FOG,RN,PLAIN,FOG,3,C:\Users\VivoBook\Downloads\microproyecto2\microproyecto 2 porque wtf\src\hfl_v7-no-ascon-RN\Results_FOG\#3,global_weights_history_2.csv,global_round,2026-04-24 16:03:10,model.global_round,15,aggregate,server,60.0,50.0,4.500000000001725e-05,0.00020099999999995122,0.004504999999999981,0.00022100000000002673,0.0049719999999999764
16,16:04:00,0.933333,0.175764,0.291731,0.290448,0.54482,0.495974,RN_PLAIN_FOG,RN,PLAIN,FOG,3,C:\Users\VivoBook\Downloads\microproyecto2\microproyecto 2 porque wtf\src\hfl_v7-no-ascon-RN\Results_FOG\#3,global_weights_history_2.csv,global_round,2026-04-24 16:04:00,model.global_round,16,aggregate,server,60.0,50.0,0.0007170000000000232,0.0035620000000000096,0.0037009999999999543,0.0041120000000000045,0.012091999999999992
17,16:04:51,0.983333,0.094601,0.294349,0.293342,0.54972,0.502809,RN_PLAIN_FOG,RN,PLAIN,FOG,3,C:\Users\VivoBook\Downloads\microproyecto2\microproyecto 2 porque wtf\src\hfl_v7-no-ascon-RN\Results_FOG\#3,global_weights_history_2.csv,global_round,2026-04-24 16:04:51,model.global_round,17,aggregate,server,60.0,51.0,0.002618000000000009,0.0028940000000000077,0.0049000000000000155,0.0068349999999999245,0.017246999999999957
18,16:05:40,0.983333,0.083535,0.294423,0.297881,0.548948,0.508838,RN_PLAIN_FOG,RN,PLAIN,FOG,3,C:\Users\VivoBook\Downloads\microproyecto2\microproyecto 2 porque wtf\src\hfl_v7-no-ascon-RN\Results_FOG\#3,global_weights_history_2.csv,global_round,2026-04-24 16:05:40,model.global_round,18,aggregate,server,60.0,49.0,7.399999999996298e-05,0.004539000000000015,0.0007719999999999949,0.006029000000000062,0.011414000000000035
19,16:06:30,0.95,0.117114,0.294571,0.301256,0.548462,0.511515,RN_PLAIN_FOG,RN,PLAIN,FOG,3,C:\Users\VivoBook\Downloads\microproyecto2\microproyecto 2 porque wtf\src\hfl_v7-no-ascon-RN\Results_FOG\#3,global_weights_history_2.csv,global_round,2026-04-24 16:06:30,model.global_round,19,aggregate,server,60.0,50.0,0.000148000000000037,0.003375000000000017,0.00048599999999998644,0.0026770000000000405,0.006686000000000081
20,16:07:20,0.9,0.184788,0.294187,0.299942,0.548954,0.514694,RN_PLAIN_FOG,RN,PLAIN,FOG,3,C:\Users\VivoBook\Downloads\microproyecto2\microproyecto 2 porque wtf\src\hfl_v7-no-ascon-RN\Results_FOG\#3,global_weights_history_2.csv,global_round,2026-04-24 16:07:20,model.global_round,20,aggregate,server,60.0,50.0,0.00038400000000005097,0.0013140000000000374,0.000492000000000048,0.003178999999999932,0.005369000000000068
1,16:27:43,0.75,0.735837,0.288389,0.29114,0.541923,0.410128,RN_PLAIN_FOG,RN,PLAIN,FOG,4,C:\Users\VivoBook\Downloads\microproyecto2\microproyecto 2 porque wtf\src\hfl_v7-no-ascon-RN\Results_FOG\#4,global_weights_history_3.csv,global_round,2026-04-24 16:27:43,model.global_round,1,aggregate,server,60.0,,,,,,0.0
2,16:28:27,0.983333,0.10888,0.293377,0.294898,0.558619,0.431191,RN_PLAIN_FOG,RN,PLAIN,FOG,4,C:\Users\VivoBook\Downloads\microproyecto2\microproyecto 2 porque wtf\src\hfl_v7-no-ascon-RN\Results_FOG\#4,global_weights_history_3.csv,global_round,2026-04-24 16:28:27,model.global_round,2,aggregate,server,60.0,44.0,0.0049879999999999924,0.0037579999999999836,0.016695999999999933,0.021063,0.04650499999999991
3,16:29:17,0.983333,0.060715,0.297372,0.303565,0.569356,0.444021,RN_PLAIN_FOG,RN,PLAIN,FOG,4,C:\Users\VivoBook\Downloads\microproyecto2\microproyecto 2 porque wtf\src\hfl_v7-no-ascon-RN\Results_FOG\#4,global_weights_history_3.csv,global_round,2026-04-24 16:29:17,model.global_round,3,aggregate,server,60.0,50.0,0.003995000000000026,0.00866699999999998,0.010736999999999997,0.012830000000000008,0.03622900000000001
4,16:30:07,1.0,0.016886,0.299991,0.308304,0.575736,0.450935,RN_PLAIN_FOG,RN,PLAIN,FOG,4,C:\Users\VivoBook\Downloads\microproyecto2\microproyecto 2 porque wtf\src\hfl_v7-no-ascon-RN\Results_FOG\#4,global_weights_history_3.csv,global_round,2026-04-24 16:30:07,model.global_round,4,aggregate,server,60.0,50.0,0.0026189999999999825,0.004739000000000049,0.006380000000000052,0.006913999999999976,0.02065200000000006
5,16:30:57,1.0,0.023264,0.301695,0.314555,0.58032,0.455291,RN_PLAIN_FOG,RN,PLAIN,FOG,4,C:\Users\VivoBook\Downloads\microproyecto2\microproyecto 2 porque wtf\src\hfl_v7-no-ascon-RN\Results_FOG\#4,global_weights_history_3.csv,global_round,2026-04-24 16:30:57,model.global_round,5,aggregate,server,60.0,50.0,0.0017039999999999833,0.006250999999999951,0.0045839999999999215,0.0043560000000000265,0.016894999999999882
6,16:33:30,0.9,0.232083,0.296889,0.310589,0.572479,0.449749,RN_PLAIN_FOG,RN,PLAIN,FOG,4,C:\Users\VivoBook\Downloads\microproyecto2\microproyecto 2 porque wtf\src\hfl_v7-no-ascon-RN\Results_FOG\#4,global_weights_history_3.csv,global_round,2026-04-24 16:33:30,model.global_round,6,aggregate,server,60.0,153.0,0.004805999999999977,0.0039659999999999695,0.007840999999999987,0.005541999999999991,0.022154999999999925
7,16:34:20,0.95,0.15071,0.29376,0.307247,0.563909,0.449488,RN_PLAIN_FOG,RN,PLAIN,FOG,4,C:\Users\VivoBook\Downloads\microproyecto2\microproyecto 2 porque wtf\src\hfl_v7-no-ascon-RN\Results_FOG\#4,global_weights_history_3.csv,global_round,2026-04-24 16:34:20,model.global_round,7,aggregate,server,60.0,50.0,0.003128999999999993,0.0033420000000000116,0.008569999999999967,0.0002610000000000112,0.015301999999999982
8,16:35:10,0.9,0.268364,0.293673,0.306571,0.563687,0.448266,RN_PLAIN_FOG,RN,PLAIN,FOG,4,C:\Users\VivoBook\Downloads\microproyecto2\microproyecto 2 porque wtf\src\hfl_v7-no-ascon-RN\Results_FOG\#4,global_weights_history_3.csv,global_round,2026-04-24 16:35:10,model.global_round,8,aggregate,server,60.0,50.0,8.700000000000374e-05,0.0006760000000000099,0.00022199999999994446,0.0012220000000000009,0.002206999999999959
9,16:36:00,0.933333,0.114642,0.294099,0.307512,0.565741,0.450319,RN_PLAIN_FOG,RN,PLAIN,FOG,4,C:\Users\VivoBook\Downloads\microproyecto2\microproyecto 2 porque wtf\src\hfl_v7-no-ascon-RN\Results_FOG\#4,global_weights_history_3.csv,global_round,2026-04-24 16:36:00,model.global_round,9,aggregate,server,60.0,50.0,0.00042599999999998195,0.0009410000000000251,0.0020540000000000003,0.002053000000000027,0.005474000000000034
10,16:36:50,0.85,0.239372,0.29551,0.306873,0.566589,0.45377,RN_PLAIN_FOG,RN,PLAIN,FOG,4,C:\Users\VivoBook\Downloads\microproyecto2\microproyecto 2 porque wtf\src\hfl_v7-no-ascon-RN\Results_FOG\#4,global_weights_history_3.csv,global_round,2026-04-24 16:36:50,model.global_round,10,aggregate,server,60.0,50.0,0.0014109999999999956,0.0006390000000000007,0.0008479999999999599,0.003450999999999982,0.006348999999999938
11,16:37:40,0.9,0.193802,0.296233,0.30666,0.563146,0.458398,RN_PLAIN_FOG,RN,PLAIN,FOG,4,C:\Users\VivoBook\Downloads\microproyecto2\microproyecto 2 porque wtf\src\hfl_v7-no-ascon-RN\Results_FOG\#4,global_weights_history_3.csv,global_round,2026-04-24 16:37:40,model.global_round,11,aggregate,server,60.0,50.0,0.0007230000000000292,0.00021300000000001873,0.003442999999999974,0.004628000000000021,0.009007000000000043
12,16:38:30,0.933333,0.161632,0.296329,0.308118,0.565052,0.46212,RN_PLAIN_FOG,RN,PLAIN,FOG,4,C:\Users\VivoBook\Downloads\microproyecto2\microproyecto 2 porque wtf\src\hfl_v7-no-ascon-RN\Results_FOG\#4,global_weights_history_3.csv,global_round,2026-04-24 16:38:30,model.global_round,12,aggregate,server,60.0,50.0,9.599999999998499e-05,0.0014580000000000148,0.0019059999999999633,0.0037219999999999476,0.007181999999999911
13,16:39:20,0.95,0.097757,0.297115,0.310396,0.56473,0.465446,RN_PLAIN_FOG,RN,PLAIN,FOG,4,C:\Users\VivoBook\Downloads\microproyecto2\microproyecto 2 porque wtf\src\hfl_v7-no-ascon-RN\Results_FOG\#4,global_weights_history_3.csv,global_round,2026-04-24 16:39:20,model.global_round,13,aggregate,server,60.0,50.0,0.0007860000000000089,0.0022780000000000022,0.00032200000000004447,0.003326000000000051,0.006712000000000107
14,16:40:10,0.933333,0.126503,0.296904,0.312104,0.567112,0.46501,RN_PLAIN_FOG,RN,PLAIN,FOG,4,C:\Users\VivoBook\Downloads\microproyecto2\microproyecto 2 porque wtf\src\hfl_v7-no-ascon-RN\Results_FOG\#4,global_weights_history_3.csv,global_round,2026-04-24 16:40:10,model.global_round,14,aggregate,server,60.0,50.0,0.00021100000000001673,0.0017079999999999873,0.0023819999999999952,0.00043600000000004746,0.004737000000000047
15,16:41:00,0.916667,0.104961,0.297619,0.31304,0.565364,0.468252,RN_PLAIN_FOG,RN,PLAIN,FOG,4,C:\Users\VivoBook\Downloads\microproyecto2\microproyecto 2 porque wtf\src\hfl_v7-no-ascon-RN\Results_FOG\#4,global_weights_history_3.csv,global_round,2026-04-24 16:41:00,model.global_round,15,aggregate,server,60.0,50.0,0.0007150000000000212,0.0009359999999999924,0.0017479999999999718,0.0032420000000000226,0.006641000000000008
16,16:41:50,0.95,0.080439,0.297441,0.314075,0.565744,0.470216,RN_PLAIN_FOG,RN,PLAIN,FOG,4,C:\Users\VivoBook\Downloads\microproyecto2\microproyecto 2 porque wtf\src\hfl_v7-no-ascon-RN\Results_FOG\#4,global_weights_history_3.csv,global_round,2026-04-24 16:41:50,model.global_round,16,aggregate,server,60.0,50.0,0.00017800000000001148,0.0010350000000000081,0.00038000000000004697,0.0019640000000000213,0.003557000000000088
17,16:42:40,0.95,0.12345,0.296295,0.307029,0.5663,0.471199,RN_PLAIN_FOG,RN,PLAIN,FOG,4,C:\Users\VivoBook\Downloads\microproyecto2\microproyecto 2 porque wtf\src\hfl_v7-no-ascon-RN\Results_FOG\#4,global_weights_history_3.csv,global_round,2026-04-24 16:42:40,model.global_round,17,aggregate,server,60.0,50.0,0.0011460000000000359,0.007045999999999997,0.0005560000000000009,0.0009829999999999561,0.00973099999999999
18,16:43:30,0.966667,0.175077,0.296403,0.303908,0.568047,0.4733,RN_PLAIN_FOG,RN,PLAIN,FOG,4,C:\Users\VivoBook\Downloads\microproyecto2\microproyecto 2 porque wtf\src\hfl_v7-no-ascon-RN\Results_FOG\#4,global_weights_history_3.csv,global_round,2026-04-24 16:43:30,model.global_round,18,aggregate,server,60.0,50.0,0.0001080000000000525,0.003120999999999985,0.001746999999999943,0.0021010000000000195,0.007077
19,16:44:20,1.0,0.029144,0.295844,0.302389,0.570644,0.473523,RN_PLAIN_FOG,RN,PLAIN,FOG,4,C:\Users\VivoBook\Downloads\microproyecto2\microproyecto 2 porque wtf\src\hfl_v7-no-ascon-RN\Results_FOG\#4,global_weights_history_3.csv,global_round,2026-04-24 16:44:20,model.global_round,19,aggregate,server,60.0,50.0,0.0005590000000000317,0.0015189999999999926,0.0025970000000000715,0.00022300000000002873,0.0048980000000001245
20,16:45:10,0.933333,0.146945,0.296471,0.302464,0.570343,0.477557,RN_PLAIN_FOG,RN,PLAIN,FOG,4,C:\Users\VivoBook\Downloads\microproyecto2\microproyecto 2 porque wtf\src\hfl_v7-no-ascon-RN\Results_FOG\#4,global_weights_history_3.csv,global_round,2026-04-24 16:45:10,model.global_round,20,aggregate,server,60.0,50.0,0.0006269999999999887,7.499999999999174e-05,0.0003009999999999957,0.004033999999999982,0.005036999999999958
1,10:25:58,0.766667,0.784061,0.28866,0.291142,0.5427,0.409748,RN_PLAIN_NoFOG,RN,PLAIN,NoFOG,16,C:\Users\VivoBook\Downloads\microproyecto2\microproyecto 2 porque wtf\src\hfl_v7-no-ascon-RN\Results\#16,global_weights_history_2.csv,global_round,2026-04-19 10:25:58,model.global_round,1,aggregate,server,,,,,,,0.0
2,10:26:43,0.983333,0.095978,0.291775,0.295218,0.557564,0.427205,RN_PLAIN_NoFOG,RN,PLAIN,NoFOG,16,C:\Users\VivoBook\Downloads\microproyecto2\microproyecto 2 porque wtf\src\hfl_v7-no-ascon-RN\Results\#16,global_weights_history_2.csv,global_round,2026-04-19 10:26:43,model.global_round,2,aggregate,server,,45.0,0.003114999999999979,0.0040759999999999685,0.014863999999999988,0.017457,0.039511999999999936
3,10:27:33,1.0,0.048242,0.294914,0.304233,0.567695,0.438516,RN_PLAIN_NoFOG,RN,PLAIN,NoFOG,16,C:\Users\VivoBook\Downloads\microproyecto2\microproyecto 2 porque wtf\src\hfl_v7-no-ascon-RN\Results\#16,global_weights_history_2.csv,global_round,2026-04-19 10:27:33,model.global_round,3,aggregate,server,,50.0,0.003139000000000003,0.009014999999999995,0.010131000000000001,0.011311000000000015,0.033596000000000015
4,10:28:23,1.0,0.031063,0.296652,0.309996,0.573844,0.446696,RN_PLAIN_NoFOG,RN,PLAIN,NoFOG,16,C:\Users\VivoBook\Downloads\microproyecto2\microproyecto 2 porque wtf\src\hfl_v7-no-ascon-RN\Results\#16,global_weights_history_2.csv,global_round,2026-04-19 10:28:23,model.global_round,4,aggregate,server,,50.0,0.0017380000000000173,0.005763000000000018,0.006149000000000071,0.008179999999999965,0.02183000000000007
5,10:29:12,1.0,0.020206,0.297717,0.314496,0.578395,0.452812,RN_PLAIN_NoFOG,RN,PLAIN,NoFOG,16,C:\Users\VivoBook\Downloads\microproyecto2\microproyecto 2 porque wtf\src\hfl_v7-no-ascon-RN\Results\#16,global_weights_history_2.csv,global_round,2026-04-19 10:29:12,model.global_round,5,aggregate,server,,49.0,0.0010649999999999826,0.004500000000000004,0.004550999999999972,0.00611600000000001,0.01623199999999997
6,10:34:10,0.833333,0.620936,0.291656,0.300631,0.559932,0.445675,RN_PLAIN_NoFOG,RN,PLAIN,NoFOG,16,C:\Users\VivoBook\Downloads\microproyecto2\microproyecto 2 porque wtf\src\hfl_v7-no-ascon-RN\Results\#16,global_weights_history_2.csv,global_round,2026-04-19 10:34:10,model.global_round,6,aggregate,server,,298.0,0.006060999999999983,0.013865000000000016,0.018463000000000007,0.0071370000000000045,0.04552600000000001
7,10:35:00,0.9,0.262829,0.291647,0.291723,0.558179,0.449365,RN_PLAIN_NoFOG,RN,PLAIN,NoFOG,16,C:\Users\VivoBook\Downloads\microproyecto2\microproyecto 2 porque wtf\src\hfl_v7-no-ascon-RN\Results\#16,global_weights_history_2.csv,global_round,2026-04-19 10:35:00,model.global_round,7,aggregate,server,,50.0,9.000000000036756e-06,0.008907999999999971,0.0017530000000000046,0.0036900000000000266,0.01436000000000004
8,10:35:50,0.75,0.733788,0.291835,0.288771,0.565912,0.447028,RN_PLAIN_NoFOG,RN,PLAIN,NoFOG,16,C:\Users\VivoBook\Downloads\microproyecto2\microproyecto 2 porque wtf\src\hfl_v7-no-ascon-RN\Results\#16,global_weights_history_2.csv,global_round,2026-04-19 10:35:50,model.global_round,8,aggregate,server,,50.0,0.00018800000000002148,0.00295200000000001,0.00773299999999999,0.0023370000000000335,0.013210000000000055
9,10:36:40,0.85,0.379978,0.292419,0.290232,0.570937,0.447853,RN_PLAIN_NoFOG,RN,PLAIN,NoFOG,16,C:\Users\VivoBook\Downloads\microproyecto2\microproyecto 2 porque wtf\src\hfl_v7-no-ascon-RN\Results\#16,global_weights_history_2.csv,global_round,2026-04-19 10:36:40,model.global_round,9,aggregate,server,,50.0,0.0005839999999999734,0.00146099999999999,0.005025000000000057,0.0008250000000000202,0.007895000000000041
10,10:37:30,0.866667,0.204281,0.294307,0.288808,0.571073,0.450762,RN_PLAIN_NoFOG,RN,PLAIN,NoFOG,16,C:\Users\VivoBook\Downloads\microproyecto2\microproyecto 2 porque wtf\src\hfl_v7-no-ascon-RN\Results\#16,global_weights_history_2.csv,global_round,2026-04-19 10:37:30,model.global_round,10,aggregate,server,,50.0,0.0018880000000000008,0.0014239999999999808,0.000136000000000025,0.002908999999999995,0.0063570000000000015
11,10:38:20,0.966667,0.097234,0.296689,0.290899,0.573165,0.453295,RN_PLAIN_NoFOG,RN,PLAIN,NoFOG,16,C:\Users\VivoBook\Downloads\microproyecto2\microproyecto 2 porque wtf\src\hfl_v7-no-ascon-RN\Results\#16,global_weights_history_2.csv,global_round,2026-04-19 10:38:20,model.global_round,11,aggregate,server,,50.0,0.0023819999999999952,0.0020910000000000095,0.0020919999999999828,0.0025330000000000075,0.009097999999999995
12,10:39:10,0.883333,0.192207,0.298856,0.293894,0.576798,0.456547,RN_PLAIN_NoFOG,RN,PLAIN,NoFOG,16,C:\Users\VivoBook\Downloads\microproyecto2\microproyecto 2 porque wtf\src\hfl_v7-no-ascon-RN\Results\#16,global_weights_history_2.csv,global_round,2026-04-19 10:39:10,model.global_round,12,aggregate,server,,50.0,0.00216700000000003,0.00299499999999997,0.0036329999999999973,0.003251999999999977,0.012046999999999974
13,10:40:00,0.85,0.275077,0.298229,0.29303,0.579614,0.455841,RN_PLAIN_NoFOG,RN,PLAIN,NoFOG,16,C:\Users\VivoBook\Downloads\microproyecto2\microproyecto 2 porque wtf\src\hfl_v7-no-ascon-RN\Results\#16,global_weights_history_2.csv,global_round,2026-04-19 10:40:00,model.global_round,13,aggregate,server,,50.0,0.0006269999999999887,0.0008639999999999759,0.0028159999999999297,0.0007059999999999844,0.005012999999999879
14,10:40:50,0.883333,0.28154,0.298664,0.293943,0.581967,0.461149,RN_PLAIN_NoFOG,RN,PLAIN,NoFOG,16,C:\Users\VivoBook\Downloads\microproyecto2\microproyecto 2 porque wtf\src\hfl_v7-no-ascon-RN\Results\#16,global_weights_history_2.csv,global_round,2026-04-19 10:40:50,model.global_round,14,aggregate,server,,50.0,0.0004349999999999632,0.0009129999999999971,0.0023530000000000495,0.005307999999999979,0.00900899999999999
15,10:41:40,0.833333,0.285894,0.299344,0.293101,0.582428,0.465037,RN_PLAIN_NoFOG,RN,PLAIN,NoFOG,16,C:\Users\VivoBook\Downloads\microproyecto2\microproyecto 2 porque wtf\src\hfl_v7-no-ascon-RN\Results\#16,global_weights_history_2.csv,global_round,2026-04-19 10:41:40,model.global_round,15,aggregate,server,,50.0,0.0006800000000000139,0.0008420000000000094,0.0004609999999999337,0.0038880000000000026,0.00587099999999996
16,10:42:30,0.95,0.110643,0.301561,0.294291,0.583836,0.470031,RN_PLAIN_NoFOG,RN,PLAIN,NoFOG,16,C:\Users\VivoBook\Downloads\microproyecto2\microproyecto 2 porque wtf\src\hfl_v7-no-ascon-RN\Results\#16,global_weights_history_2.csv,global_round,2026-04-19 10:42:30,model.global_round,16,aggregate,server,,50.0,0.0022170000000000245,0.0011900000000000244,0.0014080000000000759,0.0049939999999999984,0.009809000000000123
17,10:43:20,0.933333,0.167332,0.300485,0.292606,0.583012,0.463189,RN_PLAIN_NoFOG,RN,PLAIN,NoFOG,16,C:\Users\VivoBook\Downloads\microproyecto2\microproyecto 2 porque wtf\src\hfl_v7-no-ascon-RN\Results\#16,global_weights_history_2.csv,global_round,2026-04-19 10:43:20,model.global_round,17,aggregate,server,,50.0,0.0010760000000000214,0.0016850000000000476,0.0008240000000000469,0.006841999999999959,0.010427000000000075
18,10:44:10,0.983333,0.141058,0.302085,0.294584,0.584392,0.466904,RN_PLAIN_NoFOG,RN,PLAIN,NoFOG,16,C:\Users\VivoBook\Downloads\microproyecto2\microproyecto 2 porque wtf\src\hfl_v7-no-ascon-RN\Results\#16,global_weights_history_2.csv,global_round,2026-04-19 10:44:10,model.global_round,18,aggregate,server,,50.0,0.0015999999999999903,0.0019780000000000353,0.0013800000000000479,0.0037149999999999683,0.008673000000000042
19,10:45:00,1.0,0.03993,0.304154,0.298982,0.58676,0.474241,RN_PLAIN_NoFOG,RN,PLAIN,NoFOG,16,C:\Users\VivoBook\Downloads\microproyecto2\microproyecto 2 porque wtf\src\hfl_v7-no-ascon-RN\Results\#16,global_weights_history_2.csv,global_round,2026-04-19 10:45:00,model.global_round,19,aggregate,server,,50.0,0.0020689999999999875,0.004398000000000013,0.0023679999999999257,0.007337000000000038,0.016171999999999964
20,10:45:50,0.933333,0.155369,0.303437,0.306238,0.586917,0.480253,RN_PLAIN_NoFOG,RN,PLAIN,NoFOG,16,C:\Users\VivoBook\Downloads\microproyecto2\microproyecto 2 porque wtf\src\hfl_v7-no-ascon-RN\Results\#16,global_weights_history_2.csv,global_round,2026-04-19 10:45:50,model.global_round,20,aggregate,server,,50.0,0.0007169999999999677,0.007255999999999985,0.00015700000000007375,0.006011999999999962,0.014141999999999988
1,11:01:32,0.766667,0.75793,0.289021,0.292063,0.541493,0.408308,RN_PLAIN_NoFOG,RN,PLAIN,NoFOG,17,C:\Users\VivoBook\Downloads\microproyecto2\microproyecto 2 porque wtf\src\hfl_v7-no-ascon-RN\Results\#17,global_weights_history_1.csv,global_round,2026-04-19 11:01:32,model.global_round,1,aggregate,server,,,,,,,0.0
2,11:02:15,0.916667,0.216451,0.293653,0.297098,0.557252,0.425032,RN_PLAIN_NoFOG,RN,PLAIN,NoFOG,17,C:\Users\VivoBook\Downloads\microproyecto2\microproyecto 2 porque wtf\src\hfl_v7-no-ascon-RN\Results\#17,global_weights_history_1.csv,global_round,2026-04-19 11:02:15,model.global_round,2,aggregate,server,,43.0,0.004632000000000025,0.005034999999999956,0.015758999999999967,0.016724000000000017,0.042149999999999965
3,11:03:05,1.0,0.034624,0.297053,0.308189,0.566097,0.441603,RN_PLAIN_NoFOG,RN,PLAIN,NoFOG,17,C:\Users\VivoBook\Downloads\microproyecto2\microproyecto 2 porque wtf\src\hfl_v7-no-ascon-RN\Results\#17,global_weights_history_1.csv,global_round,2026-04-19 11:03:05,model.global_round,3,aggregate,server,,50.0,0.003400000000000014,0.011091000000000018,0.008844999999999992,0.016571000000000002,0.039907000000000026
4,11:03:55,0.983333,0.049312,0.299833,0.31302,0.571743,0.450171,RN_PLAIN_NoFOG,RN,PLAIN,NoFOG,17,C:\Users\VivoBook\Downloads\microproyecto2\microproyecto 2 porque wtf\src\hfl_v7-no-ascon-RN\Results\#17,global_weights_history_1.csv,global_round,2026-04-19 11:03:55,model.global_round,4,aggregate,server,,50.0,0.0027800000000000047,0.00483100000000003,0.00564600000000004,0.008567999999999965,0.02182500000000004
5,11:04:47,1.0,0.017993,0.30161,0.318605,0.5759,0.455632,RN_PLAIN_NoFOG,RN,PLAIN,NoFOG,17,C:\Users\VivoBook\Downloads\microproyecto2\microproyecto 2 porque wtf\src\hfl_v7-no-ascon-RN\Results\#17,global_weights_history_1.csv,global_round,2026-04-19 11:04:47,model.global_round,5,aggregate,server,,52.0,0.001776999999999973,0.005585000000000007,0.004156999999999966,0.005460999999999994,0.01697999999999994
6,11:05:45,0.916667,0.267355,0.300705,0.316133,0.562138,0.457309,RN_PLAIN_NoFOG,RN,PLAIN,NoFOG,17,C:\Users\VivoBook\Downloads\microproyecto2\microproyecto 2 porque wtf\src\hfl_v7-no-ascon-RN\Results\#17,global_weights_history_1.csv,global_round,2026-04-19 11:05:45,model.global_round,6,aggregate,server,,58.0,0.0009049999999999891,0.0024720000000000297,0.013761999999999941,0.0016770000000000396,0.018816
7,11:06:35,0.85,0.30032,0.295175,0.308529,0.534002,0.449747,RN_PLAIN_NoFOG,RN,PLAIN,NoFOG,17,C:\Users\VivoBook\Downloads\microproyecto2\microproyecto 2 porque wtf\src\hfl_v7-no-ascon-RN\Results\#17,global_weights_history_1.csv,global_round,2026-04-19 11:06:35,model.global_round,7,aggregate,server,,50.0,0.005529999999999979,0.007604,0.02813600000000005,0.007562000000000013,0.04883200000000004
8,11:07:25,0.916667,0.218731,0.294836,0.306865,0.526026,0.448929,RN_PLAIN_NoFOG,RN,PLAIN,NoFOG,17,C:\Users\VivoBook\Downloads\microproyecto2\microproyecto 2 porque wtf\src\hfl_v7-no-ascon-RN\Results\#17,global_weights_history_1.csv,global_round,2026-04-19 11:07:25,model.global_round,8,aggregate,server,,50.0,0.0003390000000000337,0.0016639999999999988,0.007975999999999983,0.0008179999999999854,0.010797000000000001
9,11:08:15,0.866667,0.332709,0.294721,0.309135,0.52307,0.45122,RN_PLAIN_NoFOG,RN,PLAIN,NoFOG,17,C:\Users\VivoBook\Downloads\microproyecto2\microproyecto 2 porque wtf\src\hfl_v7-no-ascon-RN\Results\#17,global_weights_history_1.csv,global_round,2026-04-19 11:08:15,model.global_round,9,aggregate,server,,50.0,0.00011499999999997623,0.0022699999999999942,0.0029559999999999587,0.0022909999999999875,0.007631999999999917
10,11:09:05,0.883333,0.391117,0.294705,0.303266,0.522385,0.454961,RN_PLAIN_NoFOG,RN,PLAIN,NoFOG,17,C:\Users\VivoBook\Downloads\microproyecto2\microproyecto 2 porque wtf\src\hfl_v7-no-ascon-RN\Results\#17,global_weights_history_1.csv,global_round,2026-04-19 11:09:05,model.global_round,10,aggregate,server,,50.0,1.6000000000016e-05,0.005869000000000013,0.0006850000000000467,0.0037409999999999943,0.01031100000000007
11,11:09:55,0.833333,0.334581,0.294652,0.299231,0.517261,0.459821,RN_PLAIN_NoFOG,RN,PLAIN,NoFOG,17,C:\Users\VivoBook\Downloads\microproyecto2\microproyecto 2 porque wtf\src\hfl_v7-no-ascon-RN\Results\#17,global_weights_history_1.csv,global_round,2026-04-19 11:09:55,model.global_round,11,aggregate,server,,50.0,5.299999999996974e-05,0.004034999999999955,0.005124000000000017,0.0048599999999999755,0.014071999999999918
12,11:10:45,0.916667,0.177451,0.296102,0.30039,0.519273,0.463742,RN_PLAIN_NoFOG,RN,PLAIN,NoFOG,17,C:\Users\VivoBook\Downloads\microproyecto2\microproyecto 2 porque wtf\src\hfl_v7-no-ascon-RN\Results\#17,global_weights_history_1.csv,global_round,2026-04-19 11:10:45,model.global_round,12,aggregate,server,,50.0,0.0014499999999999513,0.0011589999999999656,0.0020120000000000138,0.003921000000000008,0.008541999999999939
13,11:11:35,0.933333,0.14689,0.297157,0.301446,0.521595,0.468885,RN_PLAIN_NoFOG,RN,PLAIN,NoFOG,17,C:\Users\VivoBook\Downloads\microproyecto2\microproyecto 2 porque wtf\src\hfl_v7-no-ascon-RN\Results\#17,global_weights_history_1.csv,global_round,2026-04-19 11:11:35,model.global_round,13,aggregate,server,,50.0,0.0010550000000000281,0.0010560000000000014,0.0023220000000000462,0.005143000000000009,0.009576000000000084
14,11:12:25,0.833333,0.374572,0.297633,0.298329,0.521363,0.473221,RN_PLAIN_NoFOG,RN,PLAIN,NoFOG,17,C:\Users\VivoBook\Downloads\microproyecto2\microproyecto 2 porque wtf\src\hfl_v7-no-ascon-RN\Results\#17,global_weights_history_1.csv,global_round,2026-04-19 11:12:25,model.global_round,14,aggregate,server,,50.0,0.00047599999999997644,0.003116999999999981,0.00023200000000000998,0.0043360000000000065,0.008160999999999974
15,11:13:15,0.9,0.259023,0.296821,0.298555,0.519489,0.474167,RN_PLAIN_NoFOG,RN,PLAIN,NoFOG,17,C:\Users\VivoBook\Downloads\microproyecto2\microproyecto 2 porque wtf\src\hfl_v7-no-ascon-RN\Results\#17,global_weights_history_1.csv,global_round,2026-04-19 11:13:15,model.global_round,15,aggregate,server,,50.0,0.0008119999999999794,0.00022600000000000398,0.0018740000000000423,0.0009460000000000024,0.003858000000000028
16,11:14:05,0.883333,0.280932,0.296813,0.302727,0.521902,0.478052,RN_PLAIN_NoFOG,RN,PLAIN,NoFOG,17,C:\Users\VivoBook\Downloads\microproyecto2\microproyecto 2 porque wtf\src\hfl_v7-no-ascon-RN\Results\#17,global_weights_history_1.csv,global_round,2026-04-19 11:14:05,model.global_round,16,aggregate,server,,50.0,8.000000000008e-06,0.004172000000000009,0.0024129999999999985,0.003884999999999972,0.010477999999999987
17,11:14:55,0.883333,0.300799,0.29744,0.300866,0.523293,0.480639,RN_PLAIN_NoFOG,RN,PLAIN,NoFOG,17,C:\Users\VivoBook\Downloads\microproyecto2\microproyecto 2 porque wtf\src\hfl_v7-no-ascon-RN\Results\#17,global_weights_history_1.csv,global_round,2026-04-19 11:14:55,model.global_round,17,aggregate,server,,50.0,0.0006269999999999887,0.0018610000000000015,0.001391000000000031,0.002587000000000006,0.006466000000000027
18,11:15:45,0.85,0.346945,0.29591,0.28828,0.525174,0.477415,RN_PLAIN_NoFOG,RN,PLAIN,NoFOG,17,C:\Users\VivoBook\Downloads\microproyecto2\microproyecto 2 porque wtf\src\hfl_v7-no-ascon-RN\Results\#17,global_weights_history_1.csv,global_round,2026-04-19 11:15:45,model.global_round,18,aggregate,server,,50.0,0.0015299999999999758,0.012586000000000042,0.0018810000000000215,0.0032240000000000046,0.019221000000000044
19,11:16:35,0.866667,0.267339,0.295934,0.285316,0.534162,0.477942,RN_PLAIN_NoFOG,RN,PLAIN,NoFOG,17,C:\Users\VivoBook\Downloads\microproyecto2\microproyecto 2 porque wtf\src\hfl_v7-no-ascon-RN\Results\#17,global_weights_history_1.csv,global_round,2026-04-19 11:16:35,model.global_round,19,aggregate,server,,50.0,2.399999999996849e-05,0.0029639999999999667,0.008987999999999996,0.0005269999999999997,0.01250299999999993
20,11:17:25,0.916667,0.172423,0.295019,0.29382,0.530794,0.483395,RN_PLAIN_NoFOG,RN,PLAIN,NoFOG,17,C:\Users\VivoBook\Downloads\microproyecto2\microproyecto 2 porque wtf\src\hfl_v7-no-ascon-RN\Results\#17,global_weights_history_1.csv,global_round,2026-04-19 11:17:25,model.global_round,20,aggregate,server,,50.0,0.0009149999999999991,0.008504000000000012,0.0033680000000000376,0.005453000000000041,0.01824000000000009
21,11:18:15,0.983333,0.091127,0.295801,0.300609,0.530026,0.487704,RN_PLAIN_NoFOG,RN,PLAIN,NoFOG,17,C:\Users\VivoBook\Downloads\microproyecto2\microproyecto 2 porque wtf\src\hfl_v7-no-ascon-RN\Results\#17,global_weights_history_1.csv,global_round,2026-04-19 11:18:15,model.global_round,21,aggregate,server,,50.0,0.0007820000000000049,0.0067889999999999895,0.0007679999999999909,0.004309000000000007,0.012647999999999993
22,11:19:05,0.966667,0.088333,0.296986,0.303696,0.531532,0.493125,RN_PLAIN_NoFOG,RN,PLAIN,NoFOG,17,C:\Users\VivoBook\Downloads\microproyecto2\microproyecto 2 porque wtf\src\hfl_v7-no-ascon-RN\Results\#17,global_weights_history_1.csv,global_round,2026-04-19 11:19:05,model.global_round,22,aggregate,server,,50.0,0.0011850000000000471,0.0030870000000000064,0.0015060000000000073,0.005420999999999954,0.011199000000000014
23,11:19:55,0.9,0.282086,0.295752,0.298132,0.533404,0.490088,RN_PLAIN_NoFOG,RN,PLAIN,NoFOG,17,C:\Users\VivoBook\Downloads\microproyecto2\microproyecto 2 porque wtf\src\hfl_v7-no-ascon-RN\Results\#17,global_weights_history_1.csv,global_round,2026-04-19 11:19:55,model.global_round,23,aggregate,server,,50.0,0.0012340000000000129,0.005564000000000013,0.0018719999999999848,0.0030369999999999564,0.011706999999999967
24,11:20:44,0.966667,0.146367,0.295896,0.293842,0.535936,0.487461,RN_PLAIN_NoFOG,RN,PLAIN,NoFOG,17,C:\Users\VivoBook\Downloads\microproyecto2\microproyecto 2 porque wtf\src\hfl_v7-no-ascon-RN\Results\#17,global_weights_history_1.csv,global_round,2026-04-19 11:20:44,model.global_round,24,aggregate,server,,49.0,0.00014399999999997748,0.004290000000000016,0.0025319999999999787,0.002627000000000046,0.009593000000000018
25,11:21:35,0.9,0.2324,0.296405,0.287352,0.541005,0.486886,RN_PLAIN_NoFOG,RN,PLAIN,NoFOG,17,C:\Users\VivoBook\Downloads\microproyecto2\microproyecto 2 porque wtf\src\hfl_v7-no-ascon-RN\Results\#17,global_weights_history_1.csv,global_round,2026-04-19 11:21:35,model.global_round,25,aggregate,server,,51.0,0.0005089999999999817,0.006489999999999996,0.00506899999999999,0.0005749999999999922,0.01264299999999996
26,11:22:25,0.933333,0.106287,0.296518,0.282164,0.544352,0.487326,RN_PLAIN_NoFOG,RN,PLAIN,NoFOG,17,C:\Users\VivoBook\Downloads\microproyecto2\microproyecto 2 porque wtf\src\hfl_v7-no-ascon-RN\Results\#17,global_weights_history_1.csv,global_round,2026-04-19 11:22:25,model.global_round,26,aggregate,server,,50.0,0.00011300000000002974,0.00518799999999997,0.003346999999999989,0.00043999999999999595,0.009087999999999985
27,11:23:15,0.95,0.137908,0.29722,0.286273,0.54132,0.487521,RN_PLAIN_NoFOG,RN,PLAIN,NoFOG,17,C:\Users\VivoBook\Downloads\microproyecto2\microproyecto 2 porque wtf\src\hfl_v7-no-ascon-RN\Results\#17,global_weights_history_1.csv,global_round,2026-04-19 11:23:15,model.global_round,27,aggregate,server,,50.0,0.0007019999999999804,0.004108999999999974,0.0030319999999999236,0.00019500000000000073,0.008037999999999879
28,11:24:05,0.933333,0.143343,0.297701,0.287198,0.54568,0.492665,RN_PLAIN_NoFOG,RN,PLAIN,NoFOG,17,C:\Users\VivoBook\Downloads\microproyecto2\microproyecto 2 porque wtf\src\hfl_v7-no-ascon-RN\Results\#17,global_weights_history_1.csv,global_round,2026-04-19 11:24:05,model.global_round,28,aggregate,server,,50.0,0.0004810000000000092,0.0009250000000000091,0.0043600000000000305,0.005144000000000037,0.010910000000000086
29,11:24:55,0.933333,0.221245,0.298474,0.289595,0.550262,0.496461,RN_PLAIN_NoFOG,RN,PLAIN,NoFOG,17,C:\Users\VivoBook\Downloads\microproyecto2\microproyecto 2 porque wtf\src\hfl_v7-no-ascon-RN\Results\#17,global_weights_history_1.csv,global_round,2026-04-19 11:24:55,model.global_round,29,aggregate,server,,50.0,0.0007730000000000237,0.0023969999999999825,0.004581999999999975,0.003795999999999966,0.011547999999999947
30,11:25:45,0.866667,0.261434,0.297602,0.28501,0.553651,0.493408,RN_PLAIN_NoFOG,RN,PLAIN,NoFOG,17,C:\Users\VivoBook\Downloads\microproyecto2\microproyecto 2 porque wtf\src\hfl_v7-no-ascon-RN\Results\#17,global_weights_history_1.csv,global_round,2026-04-19 11:25:45,model.global_round,30,aggregate,server,,50.0,0.0008720000000000394,0.004585000000000006,0.0033889999999999754,0.0030529999999999724,0.011898999999999993
1,12:00:39,0.833333,0.662626,0.286291,0.292619,0.541326,0.409798,RN_PLAIN_NoFOG,RN,PLAIN,NoFOG,18,C:\Users\VivoBook\Downloads\microproyecto2\microproyecto 2 porque wtf\src\hfl_v7-no-ascon-RN\Results\#18,global_weights_history_1.csv,global_round,2026-04-19 12:00:39,model.global_round,1,aggregate,server,,,,,,,0.0
2,12:01:23,0.983333,0.088242,0.291606,0.296135,0.557025,0.426221,RN_PLAIN_NoFOG,RN,PLAIN,NoFOG,18,C:\Users\VivoBook\Downloads\microproyecto2\microproyecto 2 porque wtf\src\hfl_v7-no-ascon-RN\Results\#18,global_weights_history_1.csv,global_round,2026-04-19 12:01:23,model.global_round,2,aggregate,server,,44.0,0.005314999999999959,0.0035159999999999636,0.01569900000000002,0.01642300000000002,0.04095299999999996
3,12:02:13,1.0,0.048471,0.296226,0.306338,0.568339,0.439202,RN_PLAIN_NoFOG,RN,PLAIN,NoFOG,18,C:\Users\VivoBook\Downloads\microproyecto2\microproyecto 2 porque wtf\src\hfl_v7-no-ascon-RN\Results\#18,global_weights_history_1.csv,global_round,2026-04-19 12:02:13,model.global_round,3,aggregate,server,,50.0,0.004620000000000013,0.010203000000000018,0.011314000000000046,0.012980999999999965,0.03911800000000004
4,12:03:05,1.0,0.01996,0.299248,0.311311,0.575911,0.447273,RN_PLAIN_NoFOG,RN,PLAIN,NoFOG,18,C:\Users\VivoBook\Downloads\microproyecto2\microproyecto 2 porque wtf\src\hfl_v7-no-ascon-RN\Results\#18,global_weights_history_1.csv,global_round,2026-04-19 12:03:05,model.global_round,4,aggregate,server,,52.0,0.0030220000000000247,0.004973000000000005,0.007571999999999912,0.008070999999999995,0.023637999999999937
5,12:03:59,1.0,0.0196,0.301018,0.316004,0.581132,0.452494,RN_PLAIN_NoFOG,RN,PLAIN,NoFOG,18,C:\Users\VivoBook\Downloads\microproyecto2\microproyecto 2 porque wtf\src\hfl_v7-no-ascon-RN\Results\#18,global_weights_history_1.csv,global_round,2026-04-19 12:03:59,model.global_round,5,aggregate,server,,54.0,0.0017699999999999938,0.004693000000000003,0.005221000000000031,0.005221000000000031,0.01690500000000006
6,12:04:51,0.933333,0.233403,0.298089,0.312799,0.575447,0.452474,RN_PLAIN_NoFOG,RN,PLAIN,NoFOG,18,C:\Users\VivoBook\Downloads\microproyecto2\microproyecto 2 porque wtf\src\hfl_v7-no-ascon-RN\Results\#18,global_weights_history_1.csv,global_round,2026-04-19 12:04:51,model.global_round,6,aggregate,server,,52.0,0.002929000000000015,0.0032050000000000134,0.00568499999999994,2.0000000000020002e-05,0.011838999999999988
7,12:05:41,0.916667,0.348831,0.295477,0.306643,0.566791,0.454319,RN_PLAIN_NoFOG,RN,PLAIN,NoFOG,18,C:\Users\VivoBook\Downloads\microproyecto2\microproyecto 2 porque wtf\src\hfl_v7-no-ascon-RN\Results\#18,global_weights_history_1.csv,global_round,2026-04-19 12:05:41,model.global_round,7,aggregate,server,,50.0,0.002612000000000003,0.006155999999999995,0.008655999999999997,0.0018449999999999855,0.01926899999999998
8,12:06:31,0.9,0.308938,0.294409,0.296375,0.55871,0.453709,RN_PLAIN_NoFOG,RN,PLAIN,NoFOG,18,C:\Users\VivoBook\Downloads\microproyecto2\microproyecto 2 porque wtf\src\hfl_v7-no-ascon-RN\Results\#18,global_weights_history_1.csv,global_round,2026-04-19 12:06:31,model.global_round,8,aggregate,server,,50.0,0.0010680000000000134,0.010268,0.008081000000000005,0.0006099999999999994,0.020027000000000017
9,12:07:21,0.966667,0.099089,0.295179,0.295398,0.558146,0.455589,RN_PLAIN_NoFOG,RN,PLAIN,NoFOG,18,C:\Users\VivoBook\Downloads\microproyecto2\microproyecto 2 porque wtf\src\hfl_v7-no-ascon-RN\Results\#18,global_weights_history_1.csv,global_round,2026-04-19 12:07:21,model.global_round,9,aggregate,server,,50.0,0.0007700000000000484,0.0009770000000000056,0.0005640000000000089,0.0018800000000000483,0.004191000000000111
10,12:08:11,0.95,0.175661,0.296777,0.2968,0.563467,0.459997,RN_PLAIN_NoFOG,RN,PLAIN,NoFOG,18,C:\Users\VivoBook\Downloads\microproyecto2\microproyecto 2 porque wtf\src\hfl_v7-no-ascon-RN\Results\#18,global_weights_history_1.csv,global_round,2026-04-19 12:08:11,model.global_round,10,aggregate,server,,50.0,0.0015979999999999883,0.0014020000000000143,0.00532100000000002,0.0044079999999999675,0.01272899999999999
11,12:09:01,0.983333,0.049506,0.298213,0.302349,0.568353,0.463709,RN_PLAIN_NoFOG,RN,PLAIN,NoFOG,18,C:\Users\VivoBook\Downloads\microproyecto2\microproyecto 2 porque wtf\src\hfl_v7-no-ascon-RN\Results\#18,global_weights_history_1.csv,global_round,2026-04-19 12:09:01,model.global_round,11,aggregate,server,,50.0,0.0014359999999999928,0.005548999999999971,0.004885999999999946,0.003711999999999993,0.015582999999999902
12,12:09:51,1.0,0.035382,0.299181,0.305118,0.567202,0.46797,RN_PLAIN_NoFOG,RN,PLAIN,NoFOG,18,C:\Users\VivoBook\Downloads\microproyecto2\microproyecto 2 porque wtf\src\hfl_v7-no-ascon-RN\Results\#18,global_weights_history_1.csv,global_round,2026-04-19 12:09:51,model.global_round,12,aggregate,server,,50.0,0.0009679999999999689,0.0027690000000000214,0.0011510000000000131,0.004261000000000015,0.009149000000000018
13,12:10:41,1.0,0.032181,0.300635,0.309627,0.568484,0.472529,RN_PLAIN_NoFOG,RN,PLAIN,NoFOG,18,C:\Users\VivoBook\Downloads\microproyecto2\microproyecto 2 porque wtf\src\hfl_v7-no-ascon-RN\Results\#18,global_weights_history_1.csv,global_round,2026-04-19 12:10:41,model.global_round,13,aggregate,server,,50.0,0.0014540000000000108,0.004508999999999985,0.0012820000000000054,0.00455899999999998,0.011803999999999981
14,12:11:31,0.933333,0.303297,0.301355,0.312811,0.570911,0.475892,RN_PLAIN_NoFOG,RN,PLAIN,NoFOG,18,C:\Users\VivoBook\Downloads\microproyecto2\microproyecto 2 porque wtf\src\hfl_v7-no-ascon-RN\Results\#18,global_weights_history_1.csv,global_round,2026-04-19 12:11:31,model.global_round,14,aggregate,server,,50.0,0.0007199999999999984,0.00318400000000002,0.002426999999999957,0.003363000000000005,0.00969399999999998
15,12:12:22,0.95,0.154626,0.301686,0.308736,0.574231,0.473799,RN_PLAIN_NoFOG,RN,PLAIN,NoFOG,18,C:\Users\VivoBook\Downloads\microproyecto2\microproyecto 2 porque wtf\src\hfl_v7-no-ascon-RN\Results\#18,global_weights_history_1.csv,global_round,2026-04-19 12:12:22,model.global_round,15,aggregate,server,,51.0,0.0003310000000000257,0.004074999999999995,0.0033200000000001006,0.002092999999999956,0.009819000000000078
16,12:13:11,0.95,0.118637,0.302709,0.304268,0.577948,0.473054,RN_PLAIN_NoFOG,RN,PLAIN,NoFOG,18,C:\Users\VivoBook\Downloads\microproyecto2\microproyecto 2 porque wtf\src\hfl_v7-no-ascon-RN\Results\#18,global_weights_history_1.csv,global_round,2026-04-19 12:13:11,model.global_round,16,aggregate,server,,49.0,0.0010229999999999961,0.0044680000000000275,0.0037169999999999703,0.0007450000000000512,0.009953000000000045
17,12:14:01,0.95,0.165827,0.30225,0.303309,0.576626,0.473375,RN_PLAIN_NoFOG,RN,PLAIN,NoFOG,18,C:\Users\VivoBook\Downloads\microproyecto2\microproyecto 2 porque wtf\src\hfl_v7-no-ascon-RN\Results\#18,global_weights_history_1.csv,global_round,2026-04-19 12:14:01,model.global_round,17,aggregate,server,,50.0,0.0004589999999999872,0.0009589999999999876,0.0013220000000000454,0.0003210000000000157,0.003061000000000036
18,12:14:51,0.983333,0.081051,0.302557,0.302897,0.577067,0.474108,RN_PLAIN_NoFOG,RN,PLAIN,NoFOG,18,C:\Users\VivoBook\Downloads\microproyecto2\microproyecto 2 porque wtf\src\hfl_v7-no-ascon-RN\Results\#18,global_weights_history_1.csv,global_round,2026-04-19 12:14:51,model.global_round,18,aggregate,server,,50.0,0.0003070000000000017,0.00041199999999996795,0.0004410000000000247,0.0007329999999999837,0.001892999999999978
19,12:15:41,0.966667,0.096473,0.303015,0.304032,0.579044,0.476918,RN_PLAIN_NoFOG,RN,PLAIN,NoFOG,18,C:\Users\VivoBook\Downloads\microproyecto2\microproyecto 2 porque wtf\src\hfl_v7-no-ascon-RN\Results\#18,global_weights_history_1.csv,global_round,2026-04-19 12:15:41,model.global_round,19,aggregate,server,,50.0,0.00045799999999995844,0.0011349999999999971,0.0019770000000000065,0.0028100000000000347,0.006379999999999997
20,12:16:31,0.933333,0.089868,0.303741,0.300075,0.581102,0.479136,RN_PLAIN_NoFOG,RN,PLAIN,NoFOG,18,C:\Users\VivoBook\Downloads\microproyecto2\microproyecto 2 porque wtf\src\hfl_v7-no-ascon-RN\Results\#18,global_weights_history_1.csv,global_round,2026-04-19 12:16:31,model.global_round,20,aggregate,server,,50.0,0.0007260000000000044,0.003957000000000044,0.0020580000000000043,0.0022179999999999978,0.00895900000000005
1,12:24:15,0.75,0.943313,0.28723,0.290831,0.539495,0.412302,RN_PLAIN_NoFOG,RN,PLAIN,NoFOG,19,C:\Users\VivoBook\Downloads\microproyecto2\microproyecto 2 porque wtf\src\hfl_v7-no-ascon-RN\Results\#19,global_weights_history_1.csv,global_round,2026-04-19 12:24:15,model.global_round,1,aggregate,server,,,,,,,0.0
2,12:24:59,0.983333,0.088724,0.29175,0.296146,0.55591,0.432271,RN_PLAIN_NoFOG,RN,PLAIN,NoFOG,19,C:\Users\VivoBook\Downloads\microproyecto2\microproyecto 2 porque wtf\src\hfl_v7-no-ascon-RN\Results\#19,global_weights_history_1.csv,global_round,2026-04-19 12:24:59,model.global_round,2,aggregate,server,,44.0,0.004520000000000024,0.005315000000000014,0.01641500000000007,0.019969000000000015,0.04621900000000012
3,12:25:49,1.0,0.030921,0.295746,0.304916,0.563657,0.443603,RN_PLAIN_NoFOG,RN,PLAIN,NoFOG,19,C:\Users\VivoBook\Downloads\microproyecto2\microproyecto 2 porque wtf\src\hfl_v7-no-ascon-RN\Results\#19,global_weights_history_1.csv,global_round,2026-04-19 12:25:49,model.global_round,3,aggregate,server,,50.0,0.0039959999999999996,0.00877,0.007746999999999948,0.011332000000000009,0.03184499999999996
4,12:26:39,0.983333,0.029891,0.297998,0.30886,0.568261,0.451314,RN_PLAIN_NoFOG,RN,PLAIN,NoFOG,19,C:\Users\VivoBook\Downloads\microproyecto2\microproyecto 2 porque wtf\src\hfl_v7-no-ascon-RN\Results\#19,global_weights_history_1.csv,global_round,2026-04-19 12:26:39,model.global_round,4,aggregate,server,,50.0,0.0022519999999999762,0.003944000000000003,0.0046040000000000525,0.007710999999999968,0.018511
5,12:27:36,1.0,0.012719,0.299601,0.31389,0.571768,0.455808,RN_PLAIN_NoFOG,RN,PLAIN,NoFOG,19,C:\Users\VivoBook\Downloads\microproyecto2\microproyecto 2 porque wtf\src\hfl_v7-no-ascon-RN\Results\#19,global_weights_history_1.csv,global_round,2026-04-19 12:27:36,model.global_round,5,aggregate,server,,57.0,0.001603000000000021,0.005029999999999979,0.003507000000000038,0.004493999999999998,0.014634000000000036
6,12:28:26,0.933333,0.18337,0.295985,0.31198,0.565446,0.454858,RN_PLAIN_NoFOG,RN,PLAIN,NoFOG,19,C:\Users\VivoBook\Downloads\microproyecto2\microproyecto 2 porque wtf\src\hfl_v7-no-ascon-RN\Results\#19,global_weights_history_1.csv,global_round,2026-04-19 12:28:26,model.global_round,6,aggregate,server,,50.0,0.003616000000000008,0.0019100000000000228,0.00632200000000005,0.0009500000000000064,0.012798000000000087
7,12:29:17,0.9,0.212391,0.294829,0.30952,0.565626,0.45011,RN_PLAIN_NoFOG,RN,PLAIN,NoFOG,19,C:\Users\VivoBook\Downloads\microproyecto2\microproyecto 2 porque wtf\src\hfl_v7-no-ascon-RN\Results\#19,global_weights_history_1.csv,global_round,2026-04-19 12:29:17,model.global_round,7,aggregate,server,,51.0,0.0011559999999999904,0.0024599999999999622,0.00017999999999995797,0.0047479999999999745,0.008543999999999885
8,12:30:06,0.933333,0.154594,0.294731,0.30808,0.565187,0.453238,RN_PLAIN_NoFOG,RN,PLAIN,NoFOG,19,C:\Users\VivoBook\Downloads\microproyecto2\microproyecto 2 porque wtf\src\hfl_v7-no-ascon-RN\Results\#19,global_weights_history_1.csv,global_round,2026-04-19 12:30:06,model.global_round,8,aggregate,server,,49.0,9.799999999998699e-05,0.0014399999999999968,0.0004389999999999672,0.003127999999999964,0.005104999999999915
9,12:30:56,0.95,0.156005,0.295506,0.307088,0.565261,0.460922,RN_PLAIN_NoFOG,RN,PLAIN,NoFOG,19,C:\Users\VivoBook\Downloads\microproyecto2\microproyecto 2 porque wtf\src\hfl_v7-no-ascon-RN\Results\#19,global_weights_history_1.csv,global_round,2026-04-19 12:30:56,model.global_round,9,aggregate,server,,50.0,0.0007749999999999702,0.0009919999999999929,7.40000000000185e-05,0.007684000000000024,0.009525000000000006
10,12:31:46,0.916667,0.222751,0.296138,0.308084,0.565704,0.463432,RN_PLAIN_NoFOG,RN,PLAIN,NoFOG,19,C:\Users\VivoBook\Downloads\microproyecto2\microproyecto 2 porque wtf\src\hfl_v7-no-ascon-RN\Results\#19,global_weights_history_1.csv,global_round,2026-04-19 12:31:46,model.global_round,10,aggregate,server,,50.0,0.0006320000000000214,0.0009959999999999969,0.0004429999999999712,0.0025100000000000122,0.004581000000000002
11,12:32:37,0.983333,0.085714,0.296709,0.311082,0.567136,0.462187,RN_PLAIN_NoFOG,RN,PLAIN,NoFOG,19,C:\Users\VivoBook\Downloads\microproyecto2\microproyecto 2 porque wtf\src\hfl_v7-no-ascon-RN\Results\#19,global_weights_history_1.csv,global_round,2026-04-19 12:32:37,model.global_round,11,aggregate,server,,51.0,0.0005709999999999882,0.0029980000000000007,0.0014319999999999888,0.0012449999999999961,0.006245999999999974
12,12:33:27,0.933333,0.160071,0.296989,0.311458,0.57003,0.463141,RN_PLAIN_NoFOG,RN,PLAIN,NoFOG,19,C:\Users\VivoBook\Downloads\microproyecto2\microproyecto 2 porque wtf\src\hfl_v7-no-ascon-RN\Results\#19,global_weights_history_1.csv,global_round,2026-04-19 12:33:27,model.global_round,12,aggregate,server,,50.0,0.00028000000000000247,0.00037599999999998746,0.002894000000000063,0.0009540000000000104,0.0045040000000000635
13,12:34:16,0.983333,0.075121,0.297775,0.313274,0.571234,0.465399,RN_PLAIN_NoFOG,RN,PLAIN,NoFOG,19,C:\Users\VivoBook\Downloads\microproyecto2\microproyecto 2 porque wtf\src\hfl_v7-no-ascon-RN\Results\#19,global_weights_history_1.csv,global_round,2026-04-19 12:34:16,model.global_round,13,aggregate,server,,49.0,0.0007860000000000089,0.0018159999999999843,0.0012039999999999829,0.0022579999999999822,0.006063999999999958
14,12:35:06,0.916667,0.166431,0.297929,0.308676,0.572639,0.466609,RN_PLAIN_NoFOG,RN,PLAIN,NoFOG,19,C:\Users\VivoBook\Downloads\microproyecto2\microproyecto 2 porque wtf\src\hfl_v7-no-ascon-RN\Results\#19,global_weights_history_1.csv,global_round,2026-04-19 12:35:06,model.global_round,14,aggregate,server,,50.0,0.00015399999999998748,0.004597999999999991,0.0014049999999999896,0.0012099999999999889,0.007366999999999957
15,12:35:56,0.966667,0.08769,0.298985,0.309221,0.575184,0.472828,RN_PLAIN_NoFOG,RN,PLAIN,NoFOG,19,C:\Users\VivoBook\Downloads\microproyecto2\microproyecto 2 porque wtf\src\hfl_v7-no-ascon-RN\Results\#19,global_weights_history_1.csv,global_round,2026-04-19 12:35:56,model.global_round,15,aggregate,server,,50.0,0.0010560000000000014,0.0005450000000000177,0.0025450000000000195,0.00621900000000003,0.010365000000000069
16,12:36:46,0.966667,0.090604,0.298355,0.307647,0.571522,0.473211,RN_PLAIN_NoFOG,RN,PLAIN,NoFOG,19,C:\Users\VivoBook\Downloads\microproyecto2\microproyecto 2 porque wtf\src\hfl_v7-no-ascon-RN\Results\#19,global_weights_history_1.csv,global_round,2026-04-19 12:36:46,model.global_round,16,aggregate,server,,50.0,0.0006300000000000194,0.0015740000000000198,0.003662000000000054,0.0003829999999999667,0.00624900000000006
17,12:37:36,0.883333,0.165605,0.298272,0.309156,0.571578,0.475143,RN_PLAIN_NoFOG,RN,PLAIN,NoFOG,19,C:\Users\VivoBook\Downloads\microproyecto2\microproyecto 2 porque wtf\src\hfl_v7-no-ascon-RN\Results\#19,global_weights_history_1.csv,global_round,2026-04-19 12:37:36,model.global_round,17,aggregate,server,,50.0,8.299999999999974e-05,0.0015089999999999826,5.6000000000056005e-05,0.0019319999999999893,0.0035800000000000276
18,12:38:26,0.983333,0.053225,0.29888,0.310978,0.572202,0.47558,RN_PLAIN_NoFOG,RN,PLAIN,NoFOG,19,C:\Users\VivoBook\Downloads\microproyecto2\microproyecto 2 porque wtf\src\hfl_v7-no-ascon-RN\Results\#19,global_weights_history_1.csv,global_round,2026-04-19 12:38:26,model.global_round,18,aggregate,server,,50.0,0.0006079999999999974,0.0018219999999999903,0.0006239999999999579,0.0004370000000000207,0.0034909999999999664
19,12:39:16,0.933333,0.117985,0.299705,0.312885,0.573145,0.47756,RN_PLAIN_NoFOG,RN,PLAIN,NoFOG,19,C:\Users\VivoBook\Downloads\microproyecto2\microproyecto 2 porque wtf\src\hfl_v7-no-ascon-RN\Results\#19,global_weights_history_1.csv,global_round,2026-04-19 12:39:16,model.global_round,19,aggregate,server,,50.0,0.0008250000000000202,0.0019070000000000475,0.0009430000000000271,0.0019799999999999818,0.005655000000000077
20,12:40:06,0.933333,0.103459,0.300575,0.314494,0.57444,0.478459,RN_PLAIN_NoFOG,RN,PLAIN,NoFOG,19,C:\Users\VivoBook\Downloads\microproyecto2\microproyecto 2 porque wtf\src\hfl_v7-no-ascon-RN\Results\#19,global_weights_history_1.csv,global_round,2026-04-19 12:40:06,model.global_round,20,aggregate,server,,50.0,0.0008699999999999819,0.0016089999999999716,0.001294999999999935,0.0008990000000000387,0.004672999999999927
1,12:50:50,0.8,0.637757,0.287922,0.292552,0.541662,0.411649,RN_PLAIN_NoFOG,RN,PLAIN,NoFOG,20,C:\Users\VivoBook\Downloads\microproyecto2\microproyecto 2 porque wtf\src\hfl_v7-no-ascon-RN\Results\#20,global_weights_history_1.csv,global_round,2026-04-19 12:50:50,model.global_round,1,aggregate,server,,,,,,,0.0
2,12:51:34,0.933333,0.26072,0.290646,0.295424,0.556285,0.429607,RN_PLAIN_NoFOG,RN,PLAIN,NoFOG,20,C:\Users\VivoBook\Downloads\microproyecto2\microproyecto 2 porque wtf\src\hfl_v7-no-ascon-RN\Results\#20,global_weights_history_1.csv,global_round,2026-04-19 12:51:34,model.global_round,2,aggregate,server,,44.0,0.002724000000000004,0.002872000000000041,0.014623000000000053,0.01795800000000003,0.03817700000000013
3,12:52:24,0.983333,0.101466,0.293771,0.304563,0.56618,0.441655,RN_PLAIN_NoFOG,RN,PLAIN,NoFOG,20,C:\Users\VivoBook\Downloads\microproyecto2\microproyecto 2 porque wtf\src\hfl_v7-no-ascon-RN\Results\#20,global_weights_history_1.csv,global_round,2026-04-19 12:52:24,model.global_round,3,aggregate,server,,50.0,0.003124999999999989,0.009138999999999953,0.009894999999999987,0.012048000000000003,0.03420699999999993
4,12:53:14,1.0,0.017869,0.296058,0.310445,0.573161,0.450868,RN_PLAIN_NoFOG,RN,PLAIN,NoFOG,20,C:\Users\VivoBook\Downloads\microproyecto2\microproyecto 2 porque wtf\src\hfl_v7-no-ascon-RN\Results\#20,global_weights_history_1.csv,global_round,2026-04-19 12:53:14,model.global_round,4,aggregate,server,,50.0,0.0022869999999999835,0.005882000000000054,0.006981000000000015,0.009212999999999971,0.024363000000000024
5,12:54:11,0.983333,0.03151,0.297398,0.314066,0.577906,0.455993,RN_PLAIN_NoFOG,RN,PLAIN,NoFOG,20,C:\Users\VivoBook\Downloads\microproyecto2\microproyecto 2 porque wtf\src\hfl_v7-no-ascon-RN\Results\#20,global_weights_history_1.csv,global_round,2026-04-19 12:54:11,model.global_round,5,aggregate,server,,57.0,0.0013400000000000079,0.0036209999999999853,0.004744999999999999,0.005124999999999991,0.014830999999999983
6,12:55:01,0.916667,0.297425,0.292883,0.30694,0.570252,0.44862,RN_PLAIN_NoFOG,RN,PLAIN,NoFOG,20,C:\Users\VivoBook\Downloads\microproyecto2\microproyecto 2 porque wtf\src\hfl_v7-no-ascon-RN\Results\#20,global_weights_history_1.csv,global_round,2026-04-19 12:55:01,model.global_round,6,aggregate,server,,50.0,0.004514999999999991,0.007126000000000021,0.00765400000000005,0.007372999999999963,0.026668000000000025
7,12:55:51,0.966667,0.108739,0.290382,0.305917,0.558704,0.445627,RN_PLAIN_NoFOG,RN,PLAIN,NoFOG,20,C:\Users\VivoBook\Downloads\microproyecto2\microproyecto 2 porque wtf\src\hfl_v7-no-ascon-RN\Results\#20,global_weights_history_1.csv,global_round,2026-04-19 12:55:51,model.global_round,7,aggregate,server,,50.0,0.002501000000000031,0.0010229999999999961,0.011548000000000003,0.0029930000000000234,0.018065000000000053
8,12:56:42,0.95,0.129467,0.290301,0.309646,0.561889,0.44931,RN_PLAIN_NoFOG,RN,PLAIN,NoFOG,20,C:\Users\VivoBook\Downloads\microproyecto2\microproyecto 2 porque wtf\src\hfl_v7-no-ascon-RN\Results\#20,global_weights_history_1.csv,global_round,2026-04-19 12:56:42,model.global_round,8,aggregate,server,,51.0,8.099999999999774e-05,0.0037289999999999823,0.0031849999999999934,0.003682999999999992,0.010677999999999965
9,12:57:31,0.966667,0.170491,0.291124,0.308415,0.554495,0.45506,RN_PLAIN_NoFOG,RN,PLAIN,NoFOG,20,C:\Users\VivoBook\Downloads\microproyecto2\microproyecto 2 porque wtf\src\hfl_v7-no-ascon-RN\Results\#20,global_weights_history_1.csv,global_round,2026-04-19 12:57:31,model.global_round,9,aggregate,server,,49.0,0.0008230000000000182,0.0012309999999999821,0.007394000000000012,0.005750000000000033,0.015198000000000045
10,12:58:21,0.916667,0.298912,0.291026,0.301152,0.55696,0.455685,RN_PLAIN_NoFOG,RN,PLAIN,NoFOG,20,C:\Users\VivoBook\Downloads\microproyecto2\microproyecto 2 porque wtf\src\hfl_v7-no-ascon-RN\Results\#20,global_weights_history_1.csv,global_round,2026-04-19 12:58:21,model.global_round,10,aggregate,server,,50.0,9.799999999998699e-05,0.0072630000000000194,0.0024650000000000505,0.0006249999999999867,0.010451000000000044
11,12:59:12,0.966667,0.096292,0.291671,0.299595,0.557968,0.460098,RN_PLAIN_NoFOG,RN,PLAIN,NoFOG,20,C:\Users\VivoBook\Downloads\microproyecto2\microproyecto 2 porque wtf\src\hfl_v7-no-ascon-RN\Results\#20,global_weights_history_1.csv,global_round,2026-04-19 12:59:12,model.global_round,11,aggregate,server,,51.0,0.0006450000000000067,0.001556999999999975,0.0010080000000000089,0.004413,0.007622999999999991
12,13:00:01,0.966667,0.083612,0.293535,0.303635,0.558013,0.465273,RN_PLAIN_NoFOG,RN,PLAIN,NoFOG,20,C:\Users\VivoBook\Downloads\microproyecto2\microproyecto 2 porque wtf\src\hfl_v7-no-ascon-RN\Results\#20,global_weights_history_1.csv,global_round,2026-04-19 13:00:01,model.global_round,12,aggregate,server,,49.0,0.0018639999999999768,0.004039999999999988,4.499999999996174e-05,0.005174999999999985,0.011123999999999912
13,13:00:51,0.95,0.145308,0.293672,0.304597,0.561182,0.470538,RN_PLAIN_NoFOG,RN,PLAIN,NoFOG,20,C:\Users\VivoBook\Downloads\microproyecto2\microproyecto 2 porque wtf\src\hfl_v7-no-ascon-RN\Results\#20,global_weights_history_1.csv,global_round,2026-04-19 13:00:51,model.global_round,13,aggregate,server,,50.0,0.00013699999999999823,0.0009620000000000184,0.0031689999999999774,0.00526500000000002,0.009533000000000014
14,13:01:41,0.933333,0.155222,0.293451,0.300691,0.562129,0.473785,RN_PLAIN_NoFOG,RN,PLAIN,NoFOG,20,C:\Users\VivoBook\Downloads\microproyecto2\microproyecto 2 porque wtf\src\hfl_v7-no-ascon-RN\Results\#20,global_weights_history_1.csv,global_round,2026-04-19 13:01:41,model.global_round,14,aggregate,server,,50.0,0.00022099999999997122,0.0039060000000000206,0.0009470000000000312,0.003247,0.008321000000000023
15,13:02:31,0.95,0.213786,0.294151,0.301847,0.560787,0.476815,RN_PLAIN_NoFOG,RN,PLAIN,NoFOG,20,C:\Users\VivoBook\Downloads\microproyecto2\microproyecto 2 porque wtf\src\hfl_v7-no-ascon-RN\Results\#20,global_weights_history_1.csv,global_round,2026-04-19 13:02:31,model.global_round,15,aggregate,server,,50.0,0.0006999999999999784,0.0011559999999999904,0.0013419999999999543,0.003029999999999977,0.0062279999999999
16,13:03:21,0.966667,0.114939,0.294228,0.299936,0.561963,0.478472,RN_PLAIN_NoFOG,RN,PLAIN,NoFOG,20,C:\Users\VivoBook\Downloads\microproyecto2\microproyecto 2 porque wtf\src\hfl_v7-no-ascon-RN\Results\#20,global_weights_history_1.csv,global_round,2026-04-19 13:03:21,model.global_round,16,aggregate,server,,50.0,7.699999999999374e-05,0.001910999999999996,0.0011759999999999549,0.0016570000000000196,0.004820999999999964
17,13:04:11,0.966667,0.121625,0.294799,0.299364,0.565732,0.484787,RN_PLAIN_NoFOG,RN,PLAIN,NoFOG,20,C:\Users\VivoBook\Downloads\microproyecto2\microproyecto 2 porque wtf\src\hfl_v7-no-ascon-RN\Results\#20,global_weights_history_1.csv,global_round,2026-04-19 13:04:11,model.global_round,17,aggregate,server,,50.0,0.0005709999999999882,0.0005719999999999614,0.0037690000000000223,0.006315000000000015,0.011226999999999987
18,13:05:01,0.916667,0.134133,0.296157,0.302244,0.567032,0.490064,RN_PLAIN_NoFOG,RN,PLAIN,NoFOG,20,C:\Users\VivoBook\Downloads\microproyecto2\microproyecto 2 porque wtf\src\hfl_v7-no-ascon-RN\Results\#20,global_weights_history_1.csv,global_round,2026-04-19 13:05:01,model.global_round,18,aggregate,server,,50.0,0.0013580000000000259,0.0028799999999999937,0.0012999999999999678,0.005276999999999976,0.010814999999999964
19,13:05:51,0.95,0.104689,0.297412,0.302628,0.569881,0.495209,RN_PLAIN_NoFOG,RN,PLAIN,NoFOG,20,C:\Users\VivoBook\Downloads\microproyecto2\microproyecto 2 porque wtf\src\hfl_v7-no-ascon-RN\Results\#20,global_weights_history_1.csv,global_round,2026-04-19 13:05:51,model.global_round,19,aggregate,server,,50.0,0.0012550000000000061,0.00038399999999999546,0.0028489999999999904,0.005145000000000011,0.009633000000000003
20,13:06:41,0.966667,0.058061,0.298212,0.303239,0.573932,0.499914,RN_PLAIN_NoFOG,RN,PLAIN,NoFOG,20,C:\Users\VivoBook\Downloads\microproyecto2\microproyecto 2 porque wtf\src\hfl_v7-no-ascon-RN\Results\#20,global_weights_history_1.csv,global_round,2026-04-19 13:06:41,model.global_round,20,aggregate,server,,50.0,0.0007999999999999674,0.0006109999999999727,0.004051000000000027,0.004705000000000015,0.010166999999999982
1,13:11:22,0.75,0.864637,0.285884,0.290759,0.540281,0.410789,RN_PLAIN_NoFOG,RN,PLAIN,NoFOG,21,C:\Users\VivoBook\Downloads\microproyecto2\microproyecto 2 porque wtf\src\hfl_v7-no-ascon-RN\Results\#21,global_weights_history_1.csv,global_round,2026-04-19 13:11:22,model.global_round,1,aggregate,server,,,,,,,0.0
2,13:12:06,0.95,0.179307,0.290475,0.295107,0.555971,0.426914,RN_PLAIN_NoFOG,RN,PLAIN,NoFOG,21,C:\Users\VivoBook\Downloads\microproyecto2\microproyecto 2 porque wtf\src\hfl_v7-no-ascon-RN\Results\#21,global_weights_history_1.csv,global_round,2026-04-19 13:12:06,model.global_round,2,aggregate,server,,44.0,0.004590999999999956,0.0043480000000000185,0.015689999999999982,0.016125,0.04075399999999996
3,13:12:56,1.0,0.049309,0.294769,0.30408,0.566427,0.438806,RN_PLAIN_NoFOG,RN,PLAIN,NoFOG,21,C:\Users\VivoBook\Downloads\microproyecto2\microproyecto 2 porque wtf\src\hfl_v7-no-ascon-RN\Results\#21,global_weights_history_1.csv,global_round,2026-04-19 13:12:56,model.global_round,3,aggregate,server,,50.0,0.00429400000000002,0.008973000000000009,0.01045600000000002,0.011891999999999958,0.03561500000000001
4,13:13:47,0.983333,0.04618,0.29763,0.30959,0.573693,0.447503,RN_PLAIN_NoFOG,RN,PLAIN,NoFOG,21,C:\Users\VivoBook\Downloads\microproyecto2\microproyecto 2 porque wtf\src\hfl_v7-no-ascon-RN\Results\#21,global_weights_history_1.csv,global_round,2026-04-19 13:13:47,model.global_round,4,aggregate,server,,51.0,0.0028610000000000024,0.005509999999999959,0.007265999999999995,0.00869700000000001,0.024333999999999967
5,13:14:43,0.983333,0.037669,0.29947,0.313217,0.578148,0.452793,RN_PLAIN_NoFOG,RN,PLAIN,NoFOG,21,C:\Users\VivoBook\Downloads\microproyecto2\microproyecto 2 porque wtf\src\hfl_v7-no-ascon-RN\Results\#21,global_weights_history_1.csv,global_round,2026-04-19 13:14:43,model.global_round,5,aggregate,server,,56.0,0.0018400000000000083,0.003627000000000047,0.004454999999999987,0.005290000000000017,0.015212000000000059
6,13:15:33,0.933333,0.156889,0.295697,0.309219,0.571297,0.450521,RN_PLAIN_NoFOG,RN,PLAIN,NoFOG,21,C:\Users\VivoBook\Downloads\microproyecto2\microproyecto 2 porque wtf\src\hfl_v7-no-ascon-RN\Results\#21,global_weights_history_1.csv,global_round,2026-04-19 13:15:33,model.global_round,6,aggregate,server,,50.0,0.0037730000000000263,0.0039980000000000016,0.0068509999999999405,0.0022719999999999962,0.016893999999999965
7,13:16:23,0.966667,0.128763,0.295117,0.309677,0.571741,0.451244,RN_PLAIN_NoFOG,RN,PLAIN,NoFOG,21,C:\Users\VivoBook\Downloads\microproyecto2\microproyecto 2 porque wtf\src\hfl_v7-no-ascon-RN\Results\#21,global_weights_history_1.csv,global_round,2026-04-19 13:16:23,model.global_round,7,aggregate,server,,50.0,0.0005799999999999694,0.00045799999999995844,0.00044399999999999995,0.0007229999999999737,0.0022049999999999015
8,13:17:13,0.916667,0.205543,0.29536,0.307393,0.572742,0.455506,RN_PLAIN_NoFOG,RN,PLAIN,NoFOG,21,C:\Users\VivoBook\Downloads\microproyecto2\microproyecto 2 porque wtf\src\hfl_v7-no-ascon-RN\Results\#21,global_weights_history_1.csv,global_round,2026-04-19 13:17:13,model.global_round,8,aggregate,server,,50.0,0.00024299999999999322,0.0022839999999999527,0.0010009999999999186,0.0042620000000000435,0.007789999999999908
9,13:18:04,0.9,0.210123,0.295461,0.304204,0.573027,0.457324,RN_PLAIN_NoFOG,RN,PLAIN,NoFOG,21,C:\Users\VivoBook\Downloads\microproyecto2\microproyecto 2 porque wtf\src\hfl_v7-no-ascon-RN\Results\#21,global_weights_history_1.csv,global_round,2026-04-19 13:18:04,model.global_round,9,aggregate,server,,51.0,0.00010099999999996223,0.003189000000000053,0.0002849999999999797,0.0018179999999999863,0.005392999999999981
10,13:18:53,0.95,0.135291,0.295781,0.303503,0.572847,0.463479,RN_PLAIN_NoFOG,RN,PLAIN,NoFOG,21,C:\Users\VivoBook\Downloads\microproyecto2\microproyecto 2 porque wtf\src\hfl_v7-no-ascon-RN\Results\#21,global_weights_history_1.csv,global_round,2026-04-19 13:18:53,model.global_round,10,aggregate,server,,49.0,0.00032000000000004247,0.0007009999999999517,0.00017999999999995797,0.006154999999999966,0.007355999999999918
11,13:19:43,0.95,0.118962,0.296238,0.305152,0.573115,0.469243,RN_PLAIN_NoFOG,RN,PLAIN,NoFOG,21,C:\Users\VivoBook\Downloads\microproyecto2\microproyecto 2 porque wtf\src\hfl_v7-no-ascon-RN\Results\#21,global_weights_history_1.csv,global_round,2026-04-19 13:19:43,model.global_round,11,aggregate,server,,50.0,0.0004569999999999852,0.001648999999999956,0.000268000000000046,0.005764000000000047,0.008138000000000034
12,13:20:34,0.933333,0.171522,0.297187,0.305702,0.572228,0.473013,RN_PLAIN_NoFOG,RN,PLAIN,NoFOG,21,C:\Users\VivoBook\Downloads\microproyecto2\microproyecto 2 porque wtf\src\hfl_v7-no-ascon-RN\Results\#21,global_weights_history_1.csv,global_round,2026-04-19 13:20:34,model.global_round,12,aggregate,server,,51.0,0.0009489999999999776,0.0005499999999999949,0.0008870000000000822,0.0037699999999999956,0.00615600000000005
13,13:21:23,0.916667,0.174665,0.298047,0.305371,0.576824,0.47863,RN_PLAIN_NoFOG,RN,PLAIN,NoFOG,21,C:\Users\VivoBook\Downloads\microproyecto2\microproyecto 2 porque wtf\src\hfl_v7-no-ascon-RN\Results\#21,global_weights_history_1.csv,global_round,2026-04-19 13:21:23,model.global_round,13,aggregate,server,,49.0,0.0008600000000000274,0.0003309999999999702,0.0045960000000000445,0.005616999999999983,0.011404000000000025
14,13:22:14,0.916667,0.175611,0.298135,0.306687,0.583338,0.480305,RN_PLAIN_NoFOG,RN,PLAIN,NoFOG,21,C:\Users\VivoBook\Downloads\microproyecto2\microproyecto 2 porque wtf\src\hfl_v7-no-ascon-RN\Results\#21,global_weights_history_1.csv,global_round,2026-04-19 13:22:14,model.global_round,14,aggregate,server,,51.0,8.799999999997699e-05,0.0013159999999999838,0.00651400000000002,0.001674999999999982,0.009592999999999963
15,13:23:03,0.95,0.103702,0.299237,0.308151,0.582754,0.4823,RN_PLAIN_NoFOG,RN,PLAIN,NoFOG,21,C:\Users\VivoBook\Downloads\microproyecto2\microproyecto 2 porque wtf\src\hfl_v7-no-ascon-RN\Results\#21,global_weights_history_1.csv,global_round,2026-04-19 13:23:03,model.global_round,15,aggregate,server,,49.0,0.0011019999999999919,0.0014640000000000208,0.0005840000000000289,0.0019950000000000245,0.005145000000000066
16,13:23:54,0.966667,0.075962,0.300582,0.308223,0.582566,0.483782,RN_PLAIN_NoFOG,RN,PLAIN,NoFOG,21,C:\Users\VivoBook\Downloads\microproyecto2\microproyecto 2 porque wtf\src\hfl_v7-no-ascon-RN\Results\#21,global_weights_history_1.csv,global_round,2026-04-19 13:23:54,model.global_round,16,aggregate,server,,51.0,0.0013450000000000406,7.20000000000165e-05,0.00018799999999996597,0.0014819999999999833,0.0030870000000000064
17,13:24:44,0.983333,0.04031,0.301121,0.312857,0.586468,0.487088,RN_PLAIN_NoFOG,RN,PLAIN,NoFOG,21,C:\Users\VivoBook\Downloads\microproyecto2\microproyecto 2 porque wtf\src\hfl_v7-no-ascon-RN\Results\#21,global_weights_history_1.csv,global_round,2026-04-19 13:24:44,model.global_round,17,aggregate,server,,50.0,0.0005390000000000117,0.0046339999999999715,0.003901999999999961,0.003306000000000031,0.012380999999999975
18,13:25:33,0.95,0.131373,0.302148,0.314757,0.588802,0.491346,RN_PLAIN_NoFOG,RN,PLAIN,NoFOG,21,C:\Users\VivoBook\Downloads\microproyecto2\microproyecto 2 porque wtf\src\hfl_v7-no-ascon-RN\Results\#21,global_weights_history_1.csv,global_round,2026-04-19 13:25:33,model.global_round,18,aggregate,server,,49.0,0.0010270000000000001,0.0019000000000000128,0.0023340000000000583,0.004257999999999984,0.009519000000000055
19,13:26:23,0.966667,0.085369,0.302409,0.313247,0.588255,0.49423,RN_PLAIN_NoFOG,RN,PLAIN,NoFOG,21,C:\Users\VivoBook\Downloads\microproyecto2\microproyecto 2 porque wtf\src\hfl_v7-no-ascon-RN\Results\#21,global_weights_history_1.csv,global_round,2026-04-19 13:26:23,model.global_round,19,aggregate,server,,50.0,0.0002609999999999557,0.0015100000000000113,0.0005470000000000752,0.0028839999999999977,0.00520200000000004
1,13:34:05,0.75,1.005226,0.286886,0.290345,0.542376,0.411202,RN_PLAIN_NoFOG,RN,PLAIN,NoFOG,22,C:\Users\VivoBook\Downloads\microproyecto2\microproyecto 2 porque wtf\src\hfl_v7-no-ascon-RN\Results\#22,global_weights_history_1.csv,global_round,2026-04-19 13:34:05,model.global_round,1,aggregate,server,,,,,,,0.0
2,13:34:48,0.95,0.224033,0.289857,0.294142,0.555073,0.427503,RN_PLAIN_NoFOG,RN,PLAIN,NoFOG,22,C:\Users\VivoBook\Downloads\microproyecto2\microproyecto 2 porque wtf\src\hfl_v7-no-ascon-RN\Results\#22,global_weights_history_1.csv,global_round,2026-04-19 13:34:48,model.global_round,2,aggregate,server,,43.0,0.0029710000000000014,0.003796999999999995,0.01269700000000007,0.01630100000000001,0.035766000000000076
3,13:35:39,0.966667,0.066936,0.292726,0.304734,0.560006,0.438872,RN_PLAIN_NoFOG,RN,PLAIN,NoFOG,22,C:\Users\VivoBook\Downloads\microproyecto2\microproyecto 2 porque wtf\src\hfl_v7-no-ascon-RN\Results\#22,global_weights_history_1.csv,global_round,2026-04-19 13:35:39,model.global_round,3,aggregate,server,,51.0,0.0028690000000000104,0.01059199999999999,0.004932999999999965,0.011368999999999962,0.02976299999999993
4,13:36:29,1.0,0.02965,0.295311,0.310625,0.564478,0.449901,RN_PLAIN_NoFOG,RN,PLAIN,NoFOG,22,C:\Users\VivoBook\Downloads\microproyecto2\microproyecto 2 porque wtf\src\hfl_v7-no-ascon-RN\Results\#22,global_weights_history_1.csv,global_round,2026-04-19 13:36:29,model.global_round,4,aggregate,server,,50.0,0.002585000000000004,0.00589099999999998,0.0044720000000000315,0.011029000000000011,0.023977000000000026
5,13:37:26,1.0,0.010939,0.29698,0.314004,0.569889,0.456943,RN_PLAIN_NoFOG,RN,PLAIN,NoFOG,22,C:\Users\VivoBook\Downloads\microproyecto2\microproyecto 2 porque wtf\src\hfl_v7-no-ascon-RN\Results\#22,global_weights_history_1.csv,global_round,2026-04-19 13:37:26,model.global_round,5,aggregate,server,,57.0,0.0016690000000000316,0.003379000000000021,0.005410999999999944,0.007041999999999993,0.01750099999999999
6,13:38:16,0.9,0.316661,0.293245,0.309117,0.560726,0.454066,RN_PLAIN_NoFOG,RN,PLAIN,NoFOG,22,C:\Users\VivoBook\Downloads\microproyecto2\microproyecto 2 porque wtf\src\hfl_v7-no-ascon-RN\Results\#22,global_weights_history_1.csv,global_round,2026-04-19 13:38:16,model.global_round,6,aggregate,server,,50.0,0.003735000000000044,0.00488700000000003,0.009163000000000032,0.002876999999999963,0.02066200000000007
7,13:39:06,0.9,0.18663,0.291457,0.307119,0.553232,0.45348,RN_PLAIN_NoFOG,RN,PLAIN,NoFOG,22,C:\Users\VivoBook\Downloads\microproyecto2\microproyecto 2 porque wtf\src\hfl_v7-no-ascon-RN\Results\#22,global_weights_history_1.csv,global_round,2026-04-19 13:39:06,model.global_round,7,aggregate,server,,50.0,0.0017879999999999563,0.0019979999999999998,0.007494000000000001,0.0005860000000000309,0.011865999999999988
8,13:39:56,0.95,0.101156,0.291658,0.306814,0.547017,0.456493,RN_PLAIN_NoFOG,RN,PLAIN,NoFOG,22,C:\Users\VivoBook\Downloads\microproyecto2\microproyecto 2 porque wtf\src\hfl_v7-no-ascon-RN\Results\#22,global_weights_history_1.csv,global_round,2026-04-19 13:39:56,model.global_round,8,aggregate,server,,50.0,0.00020099999999995122,0.0003049999999999997,0.0062149999999999705,0.003012999999999988,0.00973399999999991
9,13:40:46,0.916667,0.243437,0.291124,0.304328,0.54722,0.459718,RN_PLAIN_NoFOG,RN,PLAIN,NoFOG,22,C:\Users\VivoBook\Downloads\microproyecto2\microproyecto 2 porque wtf\src\hfl_v7-no-ascon-RN\Results\#22,global_weights_history_1.csv,global_round,2026-04-19 13:40:46,model.global_round,9,aggregate,server,,50.0,0.0005339999999999789,0.0024859999999999882,0.00020300000000006424,0.0032250000000000334,0.006448000000000065
10,13:41:36,0.9,0.235318,0.28963,0.29444,0.552832,0.457735,RN_PLAIN_NoFOG,RN,PLAIN,NoFOG,22,C:\Users\VivoBook\Downloads\microproyecto2\microproyecto 2 porque wtf\src\hfl_v7-no-ascon-RN\Results\#22,global_weights_history_1.csv,global_round,2026-04-19 13:41:36,model.global_round,10,aggregate,server,,50.0,0.0014939999999999953,0.009888000000000008,0.00561199999999995,0.0019830000000000125,0.018976999999999966
11,13:42:26,0.983333,0.081606,0.289303,0.291512,0.547448,0.45993,RN_PLAIN_NoFOG,RN,PLAIN,NoFOG,22,C:\Users\VivoBook\Downloads\microproyecto2\microproyecto 2 porque wtf\src\hfl_v7-no-ascon-RN\Results\#22,global_weights_history_1.csv,global_round,2026-04-19 13:42:26,model.global_round,11,aggregate,server,,50.0,0.0003270000000000217,0.002927999999999986,0.005383999999999944,0.0021950000000000025,0.010833999999999955
12,13:43:16,0.966667,0.101737,0.289947,0.296091,0.547735,0.460946,RN_PLAIN_NoFOG,RN,PLAIN,NoFOG,22,C:\Users\VivoBook\Downloads\microproyecto2\microproyecto 2 porque wtf\src\hfl_v7-no-ascon-RN\Results\#22,global_weights_history_1.csv,global_round,2026-04-19 13:43:16,model.global_round,12,aggregate,server,,50.0,0.0006440000000000334,0.004579,0.0002869999999999262,0.0010160000000000169,0.006525999999999976
13,13:44:06,0.95,0.099598,0.291185,0.299349,0.552176,0.463972,RN_PLAIN_NoFOG,RN,PLAIN,NoFOG,22,C:\Users\VivoBook\Downloads\microproyecto2\microproyecto 2 porque wtf\src\hfl_v7-no-ascon-RN\Results\#22,global_weights_history_1.csv,global_round,2026-04-19 13:44:06,model.global_round,13,aggregate,server,,50.0,0.0012380000000000169,0.003257999999999983,0.004441000000000028,0.003025999999999973,0.011963000000000001
14,13:44:56,0.983333,0.050393,0.291813,0.301965,0.554363,0.467181,RN_PLAIN_NoFOG,RN,PLAIN,NoFOG,22,C:\Users\VivoBook\Downloads\microproyecto2\microproyecto 2 porque wtf\src\hfl_v7-no-ascon-RN\Results\#22,global_weights_history_1.csv,global_round,2026-04-19 13:44:56,model.global_round,14,aggregate,server,,50.0,0.0006279999999999619,0.002616000000000007,0.00218700000000005,0.0032090000000000174,0.008640000000000037
15,13:45:46,0.966667,0.22706,0.292088,0.303379,0.553732,0.472268,RN_PLAIN_NoFOG,RN,PLAIN,NoFOG,22,C:\Users\VivoBook\Downloads\microproyecto2\microproyecto 2 porque wtf\src\hfl_v7-no-ascon-RN\Results\#22,global_weights_history_1.csv,global_round,2026-04-19 13:45:46,model.global_round,15,aggregate,server,,50.0,0.0002750000000000252,0.0014140000000000263,0.0006310000000000482,0.005087000000000008,0.007407000000000108
16,13:46:36,0.983333,0.042377,0.292798,0.304614,0.552187,0.476154,RN_PLAIN_NoFOG,RN,PLAIN,NoFOG,22,C:\Users\VivoBook\Downloads\microproyecto2\microproyecto 2 porque wtf\src\hfl_v7-no-ascon-RN\Results\#22,global_weights_history_1.csv,global_round,2026-04-19 13:46:36,model.global_round,16,aggregate,server,,50.0,0.0007099999999999884,0.0012349999999999861,0.0015450000000000186,0.0038860000000000006,0.007375999999999994
17,13:47:26,0.983333,0.044888,0.293663,0.309174,0.552931,0.478674,RN_PLAIN_NoFOG,RN,PLAIN,NoFOG,22,C:\Users\VivoBook\Downloads\microproyecto2\microproyecto 2 porque wtf\src\hfl_v7-no-ascon-RN\Results\#22,global_weights_history_1.csv,global_round,2026-04-19 13:47:26,model.global_round,17,aggregate,server,,50.0,0.0008650000000000047,0.0045600000000000085,0.0007439999999999669,0.0025199999999999667,0.008688999999999947
18,13:48:16,0.983333,0.034245,0.294373,0.312901,0.553057,0.481314,RN_PLAIN_NoFOG,RN,PLAIN,NoFOG,22,C:\Users\VivoBook\Downloads\microproyecto2\microproyecto 2 porque wtf\src\hfl_v7-no-ascon-RN\Results\#22,global_weights_history_1.csv,global_round,2026-04-19 13:48:16,model.global_round,18,aggregate,server,,50.0,0.0007099999999999884,0.0037269999999999803,0.0001260000000000705,0.002640000000000031,0.0072030000000000705
19,13:49:06,0.95,0.096926,0.295031,0.316427,0.553512,0.483779,RN_PLAIN_NoFOG,RN,PLAIN,NoFOG,22,C:\Users\VivoBook\Downloads\microproyecto2\microproyecto 2 porque wtf\src\hfl_v7-no-ascon-RN\Results\#22,global_weights_history_1.csv,global_round,2026-04-19 13:49:06,model.global_round,19,aggregate,server,,50.0,0.0006579999999999919,0.003526000000000029,0.0004549999999999832,0.002464999999999995,0.007103999999999999
20,13:49:56,0.966667,0.143433,0.29498,0.318243,0.552948,0.485647,RN_PLAIN_NoFOG,RN,PLAIN,NoFOG,22,C:\Users\VivoBook\Downloads\microproyecto2\microproyecto 2 porque wtf\src\hfl_v7-no-ascon-RN\Results\#22,global_weights_history_1.csv,global_round,2026-04-19 13:49:56,model.global_round,20,aggregate,server,,50.0,5.099999999996774e-05,0.0018159999999999843,0.0005640000000000089,0.0018679999999999808,0.004298999999999942
1,13:54:29,0.716667,0.840336,0.287869,0.292639,0.540778,0.409283,RN_PLAIN_NoFOG,RN,PLAIN,NoFOG,23,C:\Users\VivoBook\Downloads\microproyecto2\microproyecto 2 porque wtf\src\hfl_v7-no-ascon-RN\Results\#23,global_weights_history_1.csv,global_round,2026-04-19 13:54:29,model.global_round,1,aggregate,server,,,,,,,0.0
2,13:55:13,0.966667,0.203209,0.291811,0.298616,0.555708,0.421807,RN_PLAIN_NoFOG,RN,PLAIN,NoFOG,23,C:\Users\VivoBook\Downloads\microproyecto2\microproyecto 2 porque wtf\src\hfl_v7-no-ascon-RN\Results\#23,global_weights_history_1.csv,global_round,2026-04-19 13:55:13,model.global_round,2,aggregate,server,,44.0,0.003942000000000001,0.00597700000000001,0.014929999999999999,0.01252399999999998,0.03737299999999999
3,13:56:03,0.966667,0.075572,0.294385,0.307027,0.565101,0.432374,RN_PLAIN_NoFOG,RN,PLAIN,NoFOG,23,C:\Users\VivoBook\Downloads\microproyecto2\microproyecto 2 porque wtf\src\hfl_v7-no-ascon-RN\Results\#23,global_weights_history_1.csv,global_round,2026-04-19 13:56:03,model.global_round,3,aggregate,server,,50.0,0.0025740000000000207,0.008411000000000002,0.009392999999999985,0.010566999999999993,0.030945
4,13:56:53,1.0,0.022283,0.29646,0.312253,0.571353,0.440458,RN_PLAIN_NoFOG,RN,PLAIN,NoFOG,23,C:\Users\VivoBook\Downloads\microproyecto2\microproyecto 2 porque wtf\src\hfl_v7-no-ascon-RN\Results\#23,global_weights_history_1.csv,global_round,2026-04-19 13:56:53,model.global_round,4,aggregate,server,,50.0,0.0020749999999999935,0.005226000000000008,0.006252000000000035,0.008084000000000036,0.021637000000000073
5,13:57:46,1.0,0.021956,0.297961,0.315889,0.575261,0.445444,RN_PLAIN_NoFOG,RN,PLAIN,NoFOG,23,C:\Users\VivoBook\Downloads\microproyecto2\microproyecto 2 porque wtf\src\hfl_v7-no-ascon-RN\Results\#23,global_weights_history_1.csv,global_round,2026-04-19 13:57:46,model.global_round,5,aggregate,server,,53.0,0.0015009999999999746,0.0036359999999999726,0.003908000000000023,0.0049859999999999904,0.01403099999999996
6,13:58:44,0.85,0.487459,0.292487,0.309369,0.557007,0.441804,RN_PLAIN_NoFOG,RN,PLAIN,NoFOG,23,C:\Users\VivoBook\Downloads\microproyecto2\microproyecto 2 porque wtf\src\hfl_v7-no-ascon-RN\Results\#23,global_weights_history_1.csv,global_round,2026-04-19 13:58:44,model.global_round,6,aggregate,server,,58.0,0.005473999999999979,0.00651999999999997,0.018253999999999992,0.003640000000000032,0.033887999999999974
7,13:59:33,0.883333,0.306897,0.291372,0.300433,0.55966,0.438256,RN_PLAIN_NoFOG,RN,PLAIN,NoFOG,23,C:\Users\VivoBook\Downloads\microproyecto2\microproyecto 2 porque wtf\src\hfl_v7-no-ascon-RN\Results\#23,global_weights_history_1.csv,global_round,2026-04-19 13:59:33,model.global_round,7,aggregate,server,,49.0,0.0011149999999999771,0.008936,0.0026530000000000165,0.0035479999999999956,0.01625199999999999
8,14:00:24,0.8,0.375538,0.29064,0.299176,0.558792,0.439888,RN_PLAIN_NoFOG,RN,PLAIN,NoFOG,23,C:\Users\VivoBook\Downloads\microproyecto2\microproyecto 2 porque wtf\src\hfl_v7-no-ascon-RN\Results\#23,global_weights_history_1.csv,global_round,2026-04-19 14:00:24,model.global_round,8,aggregate,server,,51.0,0.0007320000000000104,0.0012570000000000081,0.0008680000000000909,0.0016320000000000223,0.004489000000000132
9,14:01:13,0.866667,0.411124,0.289868,0.299009,0.554937,0.446022,RN_PLAIN_NoFOG,RN,PLAIN,NoFOG,23,C:\Users\VivoBook\Downloads\microproyecto2\microproyecto 2 porque wtf\src\hfl_v7-no-ascon-RN\Results\#23,global_weights_history_1.csv,global_round,2026-04-19 14:01:13,model.global_round,9,aggregate,server,,49.0,0.0007719999999999949,0.00016699999999997273,0.003854999999999942,0.006133999999999973,0.010927999999999882
10,14:02:04,0.933333,0.153819,0.290436,0.297659,0.555783,0.448337,RN_PLAIN_NoFOG,RN,PLAIN,NoFOG,23,C:\Users\VivoBook\Downloads\microproyecto2\microproyecto 2 porque wtf\src\hfl_v7-no-ascon-RN\Results\#23,global_weights_history_1.csv,global_round,2026-04-19 14:02:04,model.global_round,10,aggregate,server,,51.0,0.0005680000000000129,0.0013500000000000179,0.0008460000000000134,0.0023150000000000115,0.005079000000000056
11,14:02:53,0.883333,0.347834,0.289327,0.294993,0.554355,0.451088,RN_PLAIN_NoFOG,RN,PLAIN,NoFOG,23,C:\Users\VivoBook\Downloads\microproyecto2\microproyecto 2 porque wtf\src\hfl_v7-no-ascon-RN\Results\#23,global_weights_history_1.csv,global_round,2026-04-19 14:02:53,model.global_round,11,aggregate,server,,49.0,0.0011090000000000266,0.0026660000000000017,0.0014279999999999848,0.0027510000000000034,0.007954000000000017
12,14:03:43,0.866667,0.346199,0.28885,0.286754,0.552902,0.453608,RN_PLAIN_NoFOG,RN,PLAIN,NoFOG,23,C:\Users\VivoBook\Downloads\microproyecto2\microproyecto 2 porque wtf\src\hfl_v7-no-ascon-RN\Results\#23,global_weights_history_1.csv,global_round,2026-04-19 14:03:43,model.global_round,12,aggregate,server,,50.0,0.0004770000000000052,0.008238999999999996,0.0014530000000000376,0.0025200000000000222,0.012689000000000061
13,14:04:33,0.95,0.13947,0.289555,0.285539,0.552999,0.458964,RN_PLAIN_NoFOG,RN,PLAIN,NoFOG,23,C:\Users\VivoBook\Downloads\microproyecto2\microproyecto 2 porque wtf\src\hfl_v7-no-ascon-RN\Results\#23,global_weights_history_1.csv,global_round,2026-04-19 14:04:33,model.global_round,13,aggregate,server,,50.0,0.0007050000000000112,0.0012150000000000216,9.700000000001374e-05,0.005355999999999972,0.007373000000000018
14,14:05:24,0.883333,0.253499,0.28863,0.282746,0.546178,0.466244,RN_PLAIN_NoFOG,RN,PLAIN,NoFOG,23,C:\Users\VivoBook\Downloads\microproyecto2\microproyecto 2 porque wtf\src\hfl_v7-no-ascon-RN\Results\#23,global_weights_history_1.csv,global_round,2026-04-19 14:05:24,model.global_round,14,aggregate,server,,51.0,0.0009250000000000091,0.00279299999999999,0.006820999999999966,0.007280000000000009,0.017818999999999974
15,14:06:13,0.933333,0.20144,0.288238,0.280998,0.54411,0.468214,RN_PLAIN_NoFOG,RN,PLAIN,NoFOG,23,C:\Users\VivoBook\Downloads\microproyecto2\microproyecto 2 porque wtf\src\hfl_v7-no-ascon-RN\Results\#23,global_weights_history_1.csv,global_round,2026-04-19 14:06:13,model.global_round,15,aggregate,server,,49.0,0.00039200000000000346,0.0017479999999999718,0.0020680000000000698,0.0019700000000000273,0.006178000000000072
16,14:07:03,0.966667,0.107573,0.289188,0.286861,0.546073,0.468812,RN_PLAIN_NoFOG,RN,PLAIN,NoFOG,23,C:\Users\VivoBook\Downloads\microproyecto2\microproyecto 2 porque wtf\src\hfl_v7-no-ascon-RN\Results\#23,global_weights_history_1.csv,global_round,2026-04-19 14:07:03,model.global_round,16,aggregate,server,,50.0,0.0009500000000000064,0.005862999999999952,0.001963000000000048,0.0005979999999999874,0.009373999999999993
17,14:07:53,0.933333,0.213996,0.290381,0.291667,0.548828,0.470264,RN_PLAIN_NoFOG,RN,PLAIN,NoFOG,23,C:\Users\VivoBook\Downloads\microproyecto2\microproyecto 2 porque wtf\src\hfl_v7-no-ascon-RN\Results\#23,global_weights_history_1.csv,global_round,2026-04-19 14:07:53,model.global_round,17,aggregate,server,,50.0,0.0011929999999999996,0.0048060000000000325,0.002754999999999952,0.0014520000000000088,0.010205999999999993
18,14:08:44,0.95,0.138982,0.289507,0.290047,0.547794,0.47365,RN_PLAIN_NoFOG,RN,PLAIN,NoFOG,23,C:\Users\VivoBook\Downloads\microproyecto2\microproyecto 2 porque wtf\src\hfl_v7-no-ascon-RN\Results\#23,global_weights_history_1.csv,global_round,2026-04-19 14:08:44,model.global_round,18,aggregate,server,,51.0,0.0008739999999999859,0.0016200000000000103,0.0010339999999999794,0.003386,0.006913999999999976
19,14:09:34,0.916667,0.237698,0.289113,0.283615,0.552199,0.476416,RN_PLAIN_NoFOG,RN,PLAIN,NoFOG,23,C:\Users\VivoBook\Downloads\microproyecto2\microproyecto 2 porque wtf\src\hfl_v7-no-ascon-RN\Results\#23,global_weights_history_1.csv,global_round,2026-04-19 14:09:34,model.global_round,19,aggregate,server,,50.0,0.00039400000000000546,0.006431999999999993,0.004404999999999992,0.0027659999999999907,0.013996999999999982
20,14:10:24,0.883333,0.269965,0.289481,0.283069,0.555615,0.478073,RN_PLAIN_NoFOG,RN,PLAIN,NoFOG,23,C:\Users\VivoBook\Downloads\microproyecto2\microproyecto 2 porque wtf\src\hfl_v7-no-ascon-RN\Results\#23,global_weights_history_1.csv,global_round,2026-04-19 14:10:24,model.global_round,20,aggregate,server,,50.0,0.00036799999999997945,0.0005459999999999909,0.0034159999999999746,0.0016570000000000196,0.005986999999999965
1,14:41:35,0.716667,0.856503,0.287108,0.291615,0.541633,0.412225,RN_PLAIN_NoFOG,RN,PLAIN,NoFOG,24,C:\Users\VivoBook\Downloads\microproyecto2\microproyecto 2 porque wtf\src\hfl_v7-no-ascon-RN\Results\#24,global_weights_history_1.csv,global_round,2026-04-19 14:41:35,model.global_round,1,aggregate,server,,,,,,,0.0
2,14:42:19,0.966667,0.189836,0.290418,0.299121,0.555959,0.430614,RN_PLAIN_NoFOG,RN,PLAIN,NoFOG,24,C:\Users\VivoBook\Downloads\microproyecto2\microproyecto 2 porque wtf\src\hfl_v7-no-ascon-RN\Results\#24,global_weights_history_1.csv,global_round,2026-04-19 14:42:19,model.global_round,2,aggregate,server,,44.0,0.003310000000000035,0.007506000000000013,0.01432599999999995,0.01838899999999999,0.043530999999999986
3,14:43:08,1.0,0.02682,0.293482,0.308311,0.563706,0.44085,RN_PLAIN_NoFOG,RN,PLAIN,NoFOG,24,C:\Users\VivoBook\Downloads\microproyecto2\microproyecto 2 porque wtf\src\hfl_v7-no-ascon-RN\Results\#24,global_weights_history_1.csv,global_round,2026-04-19 14:43:08,model.global_round,3,aggregate,server,,49.0,0.003064000000000011,0.009189999999999976,0.007747000000000059,0.010236000000000023,0.03023700000000007
4,14:43:59,1.0,0.029572,0.296157,0.31272,0.570196,0.448355,RN_PLAIN_NoFOG,RN,PLAIN,NoFOG,24,C:\Users\VivoBook\Downloads\microproyecto2\microproyecto 2 porque wtf\src\hfl_v7-no-ascon-RN\Results\#24,global_weights_history_1.csv,global_round,2026-04-19 14:43:59,model.global_round,4,aggregate,server,,51.0,0.002674999999999983,0.004408999999999996,0.006489999999999996,0.007504999999999984,0.02107899999999996
5,14:44:56,1.0,0.014622,0.298501,0.317822,0.575321,0.454274,RN_PLAIN_NoFOG,RN,PLAIN,NoFOG,24,C:\Users\VivoBook\Downloads\microproyecto2\microproyecto 2 porque wtf\src\hfl_v7-no-ascon-RN\Results\#24,global_weights_history_1.csv,global_round,2026-04-19 14:44:56,model.global_round,5,aggregate,server,,57.0,0.0023440000000000127,0.005101999999999995,0.005124999999999935,0.005919000000000008,0.01848999999999995
6,14:45:48,0.816667,0.478735,0.292232,0.305383,0.55675,0.450419,RN_PLAIN_NoFOG,RN,PLAIN,NoFOG,24,C:\Users\VivoBook\Downloads\microproyecto2\microproyecto 2 porque wtf\src\hfl_v7-no-ascon-RN\Results\#24,global_weights_history_1.csv,global_round,2026-04-19 14:45:48,model.global_round,6,aggregate,server,,52.0,0.0062690000000000246,0.012438999999999978,0.018571000000000004,0.0038549999999999973,0.041134000000000004
7,14:46:38,0.783333,0.589437,0.288534,0.298216,0.547372,0.444281,RN_PLAIN_NoFOG,RN,PLAIN,NoFOG,24,C:\Users\VivoBook\Downloads\microproyecto2\microproyecto 2 porque wtf\src\hfl_v7-no-ascon-RN\Results\#24,global_weights_history_1.csv,global_round,2026-04-19 14:46:38,model.global_round,7,aggregate,server,,50.0,0.003697999999999979,0.0071670000000000345,0.009377999999999997,0.006138000000000032,0.026381000000000043
8,14:47:29,0.833333,0.308173,0.287566,0.292691,0.542754,0.448207,RN_PLAIN_NoFOG,RN,PLAIN,NoFOG,24,C:\Users\VivoBook\Downloads\microproyecto2\microproyecto 2 porque wtf\src\hfl_v7-no-ascon-RN\Results\#24,global_weights_history_1.csv,global_round,2026-04-19 14:47:29,model.global_round,8,aggregate,server,,51.0,0.0009680000000000244,0.005525000000000002,0.004618000000000011,0.003926000000000041,0.015037000000000078
9,14:48:18,0.783333,0.608375,0.288044,0.286011,0.542389,0.450856,RN_PLAIN_NoFOG,RN,PLAIN,NoFOG,24,C:\Users\VivoBook\Downloads\microproyecto2\microproyecto 2 porque wtf\src\hfl_v7-no-ascon-RN\Results\#24,global_weights_history_1.csv,global_round,2026-04-19 14:48:18,model.global_round,9,aggregate,server,,49.0,0.00047800000000003395,0.006679999999999964,0.0003649999999999487,0.002648999999999957,0.010171999999999903
10,14:49:08,0.866667,0.417698,0.287123,0.285487,0.532691,0.447592,RN_PLAIN_NoFOG,RN,PLAIN,NoFOG,24,C:\Users\VivoBook\Downloads\microproyecto2\microproyecto 2 porque wtf\src\hfl_v7-no-ascon-RN\Results\#24,global_weights_history_1.csv,global_round,2026-04-19 14:49:08,model.global_round,10,aggregate,server,,50.0,0.0009210000000000051,0.0005240000000000244,0.009697999999999984,0.003263999999999989,0.014407000000000003
11,14:49:58,0.9,0.334489,0.287732,0.286947,0.52578,0.451695,RN_PLAIN_NoFOG,RN,PLAIN,NoFOG,24,C:\Users\VivoBook\Downloads\microproyecto2\microproyecto 2 porque wtf\src\hfl_v7-no-ascon-RN\Results\#24,global_weights_history_1.csv,global_round,2026-04-19 14:49:58,model.global_round,11,aggregate,server,,50.0,0.0006089999999999707,0.0014600000000000168,0.0069110000000000005,0.004103000000000023,0.013083000000000011
12,14:50:48,0.9,0.314113,0.289297,0.289874,0.527764,0.454847,RN_PLAIN_NoFOG,RN,PLAIN,NoFOG,24,C:\Users\VivoBook\Downloads\microproyecto2\microproyecto 2 porque wtf\src\hfl_v7-no-ascon-RN\Results\#24,global_weights_history_1.csv,global_round,2026-04-19 14:50:48,model.global_round,12,aggregate,server,,50.0,0.0015650000000000386,0.002927000000000013,0.0019839999999999858,0.003151999999999988,0.009628000000000025
13,14:51:38,0.916667,0.194686,0.290465,0.290374,0.530524,0.458524,RN_PLAIN_NoFOG,RN,PLAIN,NoFOG,24,C:\Users\VivoBook\Downloads\microproyecto2\microproyecto 2 porque wtf\src\hfl_v7-no-ascon-RN\Results\#24,global_weights_history_1.csv,global_round,2026-04-19 14:51:38,model.global_round,13,aggregate,server,,50.0,0.0011679999999999469,0.0005000000000000004,0.0027599999999999847,0.003676999999999986,0.008104999999999918
14,14:52:28,0.916667,0.192636,0.29054,0.292615,0.532693,0.460128,RN_PLAIN_NoFOG,RN,PLAIN,NoFOG,24,C:\Users\VivoBook\Downloads\microproyecto2\microproyecto 2 porque wtf\src\hfl_v7-no-ascon-RN\Results\#24,global_weights_history_1.csv,global_round,2026-04-19 14:52:28,model.global_round,14,aggregate,server,,50.0,7.500000000004725e-05,0.002240999999999993,0.0021689999999999765,0.0016039999999999943,0.006089000000000011
15,14:53:18,0.916667,0.265742,0.291246,0.290094,0.53773,0.459408,RN_PLAIN_NoFOG,RN,PLAIN,NoFOG,24,C:\Users\VivoBook\Downloads\microproyecto2\microproyecto 2 porque wtf\src\hfl_v7-no-ascon-RN\Results\#24,global_weights_history_1.csv,global_round,2026-04-19 14:53:18,model.global_round,15,aggregate,server,,50.0,0.0007059999999999844,0.0025209999999999955,0.005037000000000069,0.0007199999999999984,0.008984000000000048
16,14:54:08,0.933333,0.150242,0.291863,0.290392,0.540304,0.462907,RN_PLAIN_NoFOG,RN,PLAIN,NoFOG,24,C:\Users\VivoBook\Downloads\microproyecto2\microproyecto 2 porque wtf\src\hfl_v7-no-ascon-RN\Results\#24,global_weights_history_1.csv,global_round,2026-04-19 14:54:08,model.global_round,16,aggregate,server,,50.0,0.0006169999999999787,0.00029799999999996496,0.002573999999999965,0.00349900000000003,0.006987999999999939
17,14:54:58,0.9,0.251611,0.290863,0.288357,0.537454,0.462973,RN_PLAIN_NoFOG,RN,PLAIN,NoFOG,24,C:\Users\VivoBook\Downloads\microproyecto2\microproyecto 2 porque wtf\src\hfl_v7-no-ascon-RN\Results\#24,global_weights_history_1.csv,global_round,2026-04-19 14:54:58,model.global_round,17,aggregate,server,,50.0,0.0010000000000000009,0.002035000000000009,0.002850000000000019,6.60000000000105e-05,0.00595100000000004
18,14:55:48,0.866667,0.24055,0.290973,0.286312,0.540164,0.459671,RN_PLAIN_NoFOG,RN,PLAIN,NoFOG,24,C:\Users\VivoBook\Downloads\microproyecto2\microproyecto 2 porque wtf\src\hfl_v7-no-ascon-RN\Results\#24,global_weights_history_1.csv,global_round,2026-04-19 14:55:48,model.global_round,18,aggregate,server,,50.0,0.00010999999999999899,0.0020449999999999635,0.00270999999999999,0.003302000000000027,0.00816699999999998
19,14:56:38,0.983333,0.120888,0.292515,0.283444,0.547137,0.462126,RN_PLAIN_NoFOG,RN,PLAIN,NoFOG,24,C:\Users\VivoBook\Downloads\microproyecto2\microproyecto 2 porque wtf\src\hfl_v7-no-ascon-RN\Results\#24,global_weights_history_1.csv,global_round,2026-04-19 14:56:38,model.global_round,19,aggregate,server,,50.0,0.0015420000000000433,0.002868000000000037,0.006973000000000007,0.002454999999999985,0.013838000000000072
20,14:57:28,0.933333,0.140267,0.292335,0.281311,0.547073,0.461916,RN_PLAIN_NoFOG,RN,PLAIN,NoFOG,24,C:\Users\VivoBook\Downloads\microproyecto2\microproyecto 2 porque wtf\src\hfl_v7-no-ascon-RN\Results\#24,global_weights_history_1.csv,global_round,2026-04-19 14:57:28,model.global_round,20,aggregate,server,,50.0,0.00018000000000001348,0.002132999999999996,6.399999999995298e-05,0.00020999999999998797,0.0025869999999999505
1,15:00:42,0.75,1.084497,0.286758,0.29374,0.535008,0.403914,RN_PLAIN_NoFOG,RN,PLAIN,NoFOG,25,C:\Users\VivoBook\Downloads\microproyecto2\microproyecto 2 porque wtf\src\hfl_v7-no-ascon-RN\Results\#25,global_weights_history_1.csv,global_round,2026-04-19 15:00:42,model.global_round,1,aggregate,server,,,,,,,0.0
2,15:01:26,0.95,0.206875,0.287766,0.297325,0.540988,0.417531,RN_PLAIN_NoFOG,RN,PLAIN,NoFOG,25,C:\Users\VivoBook\Downloads\microproyecto2\microproyecto 2 porque wtf\src\hfl_v7-no-ascon-RN\Results\#25,global_weights_history_1.csv,global_round,2026-04-19 15:01:26,model.global_round,2,aggregate,server,,44.0,0.0010080000000000089,0.003585000000000005,0.005979999999999985,0.01361699999999999,0.02418999999999999
3,15:02:16,0.9,0.293747,0.288104,0.302496,0.549025,0.430663,RN_PLAIN_NoFOG,RN,PLAIN,NoFOG,25,C:\Users\VivoBook\Downloads\microproyecto2\microproyecto 2 porque wtf\src\hfl_v7-no-ascon-RN\Results\#25,global_weights_history_1.csv,global_round,2026-04-19 15:02:16,model.global_round,3,aggregate,server,,50.0,0.00033800000000000496,0.005170999999999981,0.00803699999999996,0.013132000000000033,0.02667799999999998
4,15:03:06,0.916667,0.274053,0.288233,0.304089,0.546728,0.437455,RN_PLAIN_NoFOG,RN,PLAIN,NoFOG,25,C:\Users\VivoBook\Downloads\microproyecto2\microproyecto 2 porque wtf\src\hfl_v7-no-ascon-RN\Results\#25,global_weights_history_1.csv,global_round,2026-04-19 15:03:06,model.global_round,4,aggregate,server,,50.0,0.00012899999999999023,0.001593000000000011,0.0022969999999999935,0.006791999999999965,0.01081099999999996
5,15:04:06,0.966667,0.096826,0.288942,0.303892,0.54302,0.445324,RN_PLAIN_NoFOG,RN,PLAIN,NoFOG,25,C:\Users\VivoBook\Downloads\microproyecto2\microproyecto 2 porque wtf\src\hfl_v7-no-ascon-RN\Results\#25,global_weights_history_1.csv,global_round,2026-04-19 15:04:06,model.global_round,5,aggregate,server,,60.0,0.0007089999999999597,0.00019700000000000273,0.0037080000000000446,0.007869000000000015,0.012483000000000022
6,15:04:58,0.816667,0.643055,0.285789,0.297854,0.531784,0.440359,RN_PLAIN_NoFOG,RN,PLAIN,NoFOG,25,C:\Users\VivoBook\Downloads\microproyecto2\microproyecto 2 porque wtf\src\hfl_v7-no-ascon-RN\Results\#25,global_weights_history_1.csv,global_round,2026-04-19 15:04:58,model.global_round,6,aggregate,server,,52.0,0.0031529999999999614,0.006037999999999988,0.011235999999999913,0.004964999999999997,0.02539199999999986
7,15:05:49,0.833333,0.41382,0.283889,0.289231,0.520884,0.43624,RN_PLAIN_NoFOG,RN,PLAIN,NoFOG,25,C:\Users\VivoBook\Downloads\microproyecto2\microproyecto 2 porque wtf\src\hfl_v7-no-ascon-RN\Results\#25,global_weights_history_1.csv,global_round,2026-04-19 15:05:49,model.global_round,7,aggregate,server,,51.0,0.0019000000000000128,0.008622999999999992,0.01090000000000002,0.004118999999999984,0.02554200000000001
8,15:06:39,0.9,0.222458,0.283582,0.28574,0.523541,0.436373,RN_PLAIN_NoFOG,RN,PLAIN,NoFOG,25,C:\Users\VivoBook\Downloads\microproyecto2\microproyecto 2 porque wtf\src\hfl_v7-no-ascon-RN\Results\#25,global_weights_history_1.csv,global_round,2026-04-19 15:06:39,model.global_round,8,aggregate,server,,50.0,0.0003070000000000017,0.003491000000000022,0.0026570000000000205,0.00013299999999999423,0.006588000000000038
9,15:07:28,0.9,0.267256,0.284183,0.287229,0.527019,0.440889,RN_PLAIN_NoFOG,RN,PLAIN,NoFOG,25,C:\Users\VivoBook\Downloads\microproyecto2\microproyecto 2 porque wtf\src\hfl_v7-no-ascon-RN\Results\#25,global_weights_history_1.csv,global_round,2026-04-19 15:07:28,model.global_round,9,aggregate,server,,49.0,0.0006010000000000182,0.001489000000000018,0.003477999999999981,0.0045159999999999645,0.010083999999999982
10,15:08:19,0.916667,0.236006,0.284632,0.288028,0.522898,0.445943,RN_PLAIN_NoFOG,RN,PLAIN,NoFOG,25,C:\Users\VivoBook\Downloads\microproyecto2\microproyecto 2 porque wtf\src\hfl_v7-no-ascon-RN\Results\#25,global_weights_history_1.csv,global_round,2026-04-19 15:08:19,model.global_round,10,aggregate,server,,51.0,0.0004489999999999772,0.0007989999999999942,0.004121000000000041,0.005054000000000003,0.010423000000000016
11,15:09:08,0.9,0.226532,0.28556,0.29099,0.524288,0.448841,RN_PLAIN_NoFOG,RN,PLAIN,NoFOG,25,C:\Users\VivoBook\Downloads\microproyecto2\microproyecto 2 porque wtf\src\hfl_v7-no-ascon-RN\Results\#25,global_weights_history_1.csv,global_round,2026-04-19 15:09:08,model.global_round,11,aggregate,server,,49.0,0.0009279999999999844,0.00296200000000002,0.0013900000000000023,0.0028980000000000117,0.008178000000000019
12,15:09:58,0.916667,0.201756,0.285924,0.291743,0.525959,0.451149,RN_PLAIN_NoFOG,RN,PLAIN,NoFOG,25,C:\Users\VivoBook\Downloads\microproyecto2\microproyecto 2 porque wtf\src\hfl_v7-no-ascon-RN\Results\#25,global_weights_history_1.csv,global_round,2026-04-19 15:09:58,model.global_round,12,aggregate,server,,50.0,0.00036400000000003097,0.0007529999999999482,0.001670999999999978,0.0023080000000000322,0.005095999999999989
13,15:10:48,0.916667,0.172466,0.286147,0.288711,0.527769,0.452179,RN_PLAIN_NoFOG,RN,PLAIN,NoFOG,25,C:\Users\VivoBook\Downloads\microproyecto2\microproyecto 2 porque wtf\src\hfl_v7-no-ascon-RN\Results\#25,global_weights_history_1.csv,global_round,2026-04-19 15:10:48,model.global_round,13,aggregate,server,,50.0,0.00022299999999997322,0.003031999999999979,0.0018100000000000893,0.0010299999999999754,0.006095000000000017
14,15:11:39,0.983333,0.083719,0.286983,0.290886,0.529702,0.457431,RN_PLAIN_NoFOG,RN,PLAIN,NoFOG,25,C:\Users\VivoBook\Downloads\microproyecto2\microproyecto 2 porque wtf\src\hfl_v7-no-ascon-RN\Results\#25,global_weights_history_1.csv,global_round,2026-04-19 15:11:39,model.global_round,14,aggregate,server,,51.0,0.0008360000000000034,0.0021749999999999825,0.0019329999999999625,0.005251999999999979,0.010195999999999927
15,15:12:28,0.966667,0.141113,0.28685,0.288862,0.530332,0.460599,RN_PLAIN_NoFOG,RN,PLAIN,NoFOG,25,C:\Users\VivoBook\Downloads\microproyecto2\microproyecto 2 porque wtf\src\hfl_v7-no-ascon-RN\Results\#25,global_weights_history_1.csv,global_round,2026-04-19 15:12:28,model.global_round,15,aggregate,server,,49.0,0.00013299999999999423,0.0020239999999999703,0.0006300000000000194,0.003168000000000004,0.005954999999999988
16,15:13:19,0.916667,0.177279,0.286838,0.289633,0.529973,0.463192,RN_PLAIN_NoFOG,RN,PLAIN,NoFOG,25,C:\Users\VivoBook\Downloads\microproyecto2\microproyecto 2 porque wtf\src\hfl_v7-no-ascon-RN\Results\#25,global_weights_history_1.csv,global_round,2026-04-19 15:13:19,model.global_round,16,aggregate,server,,51.0,1.2000000000012001e-05,0.0007709999999999662,0.0003589999999999982,0.002593000000000012,0.0037349999999999883
17,15:14:08,0.966667,0.156582,0.287874,0.289224,0.53234,0.463886,RN_PLAIN_NoFOG,RN,PLAIN,NoFOG,25,C:\Users\VivoBook\Downloads\microproyecto2\microproyecto 2 porque wtf\src\hfl_v7-no-ascon-RN\Results\#25,global_weights_history_1.csv,global_round,2026-04-19 15:14:08,model.global_round,17,aggregate,server,,49.0,0.0010360000000000369,0.0004089999999999927,0.002367000000000008,0.0006940000000000279,0.0045060000000000655
18,15:14:58,0.9,0.194628,0.286772,0.279916,0.530159,0.467567,RN_PLAIN_NoFOG,RN,PLAIN,NoFOG,25,C:\Users\VivoBook\Downloads\microproyecto2\microproyecto 2 porque wtf\src\hfl_v7-no-ascon-RN\Results\#25,global_weights_history_1.csv,global_round,2026-04-19 15:14:58,model.global_round,18,aggregate,server,,50.0,0.0011019999999999919,0.009307999999999983,0.0021809999999999885,0.00368099999999999,0.016271999999999953
19,15:15:48,0.85,0.23734,0.286916,0.279259,0.530249,0.474566,RN_PLAIN_NoFOG,RN,PLAIN,NoFOG,25,C:\Users\VivoBook\Downloads\microproyecto2\microproyecto 2 porque wtf\src\hfl_v7-no-ascon-RN\Results\#25,global_weights_history_1.csv,global_round,2026-04-19 15:15:48,model.global_round,19,aggregate,server,,50.0,0.00014399999999997748,0.0006570000000000187,8.999999999992347e-05,0.0069989999999999775,0.007889999999999897
20,15:16:38,0.95,0.203323,0.287245,0.280779,0.530543,0.482858,RN_PLAIN_NoFOG,RN,PLAIN,NoFOG,25,C:\Users\VivoBook\Downloads\microproyecto2\microproyecto 2 porque wtf\src\hfl_v7-no-ascon-RN\Results\#25,global_weights_history_1.csv,global_round,2026-04-19 15:16:38,model.global_round,20,aggregate,server,,50.0,0.0003289999999999682,0.0015200000000000213,0.00029400000000001647,0.008292000000000022,0.010435000000000028
1,15:19:45,0.733333,0.951632,0.288459,0.292121,0.540201,0.410865,RN_PLAIN_NoFOG,RN,PLAIN,NoFOG,26,C:\Users\VivoBook\Downloads\microproyecto2\microproyecto 2 porque wtf\src\hfl_v7-no-ascon-RN\Results\#26,global_weights_history_1.csv,global_round,2026-04-19 15:19:45,model.global_round,1,aggregate,server,,,,,,,0.0
2,15:20:29,1.0,0.081936,0.290986,0.295332,0.55419,0.427934,RN_PLAIN_NoFOG,RN,PLAIN,NoFOG,26,C:\Users\VivoBook\Downloads\microproyecto2\microproyecto 2 porque wtf\src\hfl_v7-no-ascon-RN\Results\#26,global_weights_history_1.csv,global_round,2026-04-19 15:20:29,model.global_round,2,aggregate,server,,44.0,0.0025270000000000015,0.003210999999999964,0.013988999999999918,0.017069,0.036795999999999884
3,15:21:18,0.966667,0.132803,0.294222,0.302766,0.563042,0.437553,RN_PLAIN_NoFOG,RN,PLAIN,NoFOG,26,C:\Users\VivoBook\Downloads\microproyecto2\microproyecto 2 porque wtf\src\hfl_v7-no-ascon-RN\Results\#26,global_weights_history_1.csv,global_round,2026-04-19 15:21:18,model.global_round,3,aggregate,server,,49.0,0.003235999999999961,0.007433999999999996,0.008852000000000082,0.009619000000000044,0.029141000000000084
4,15:22:08,1.0,0.030354,0.295936,0.308704,0.568404,0.445789,RN_PLAIN_NoFOG,RN,PLAIN,NoFOG,26,C:\Users\VivoBook\Downloads\microproyecto2\microproyecto 2 porque wtf\src\hfl_v7-no-ascon-RN\Results\#26,global_weights_history_1.csv,global_round,2026-04-19 15:22:08,model.global_round,4,aggregate,server,,50.0,0.0017139999999999933,0.005937999999999999,0.005361999999999978,0.008235999999999966,0.021249999999999936
5,15:23:06,1.0,0.01632,0.297986,0.314193,0.573438,0.452459,RN_PLAIN_NoFOG,RN,PLAIN,NoFOG,26,C:\Users\VivoBook\Downloads\microproyecto2\microproyecto 2 porque wtf\src\hfl_v7-no-ascon-RN\Results\#26,global_weights_history_1.csv,global_round,2026-04-19 15:23:06,model.global_round,5,aggregate,server,,58.0,0.0020499999999999963,0.005489000000000022,0.005033999999999983,0.006670000000000009,0.01924300000000001
6,15:23:58,0.916667,0.3034,0.296462,0.309053,0.576457,0.450126,RN_PLAIN_NoFOG,RN,PLAIN,NoFOG,26,C:\Users\VivoBook\Downloads\microproyecto2\microproyecto 2 porque wtf\src\hfl_v7-no-ascon-RN\Results\#26,global_weights_history_1.csv,global_round,2026-04-19 15:23:58,model.global_round,6,aggregate,server,,52.0,0.0015239999999999698,0.005139999999999978,0.003018999999999994,0.002332999999999974,0.012015999999999916
7,15:24:48,0.85,0.471989,0.290159,0.291711,0.556385,0.44603,RN_PLAIN_NoFOG,RN,PLAIN,NoFOG,26,C:\Users\VivoBook\Downloads\microproyecto2\microproyecto 2 porque wtf\src\hfl_v7-no-ascon-RN\Results\#26,global_weights_history_1.csv,global_round,2026-04-19 15:24:48,model.global_round,7,aggregate,server,,50.0,0.006303000000000003,0.017342000000000024,0.02007199999999998,0.004096000000000044,0.04781300000000005
8,15:25:38,0.833333,0.428277,0.287029,0.28484,0.546095,0.449807,RN_PLAIN_NoFOG,RN,PLAIN,NoFOG,26,C:\Users\VivoBook\Downloads\microproyecto2\microproyecto 2 porque wtf\src\hfl_v7-no-ascon-RN\Results\#26,global_weights_history_1.csv,global_round,2026-04-19 15:25:38,model.global_round,8,aggregate,server,,50.0,0.0031300000000000217,0.006871000000000016,0.010290000000000021,0.0037770000000000303,0.02406800000000009
9,15:26:28,0.85,0.362684,0.285886,0.277379,0.543296,0.455013,RN_PLAIN_NoFOG,RN,PLAIN,NoFOG,26,C:\Users\VivoBook\Downloads\microproyecto2\microproyecto 2 porque wtf\src\hfl_v7-no-ascon-RN\Results\#26,global_weights_history_1.csv,global_round,2026-04-19 15:26:28,model.global_round,9,aggregate,server,,50.0,0.0011430000000000051,0.007460999999999995,0.002798999999999996,0.005205999999999988,0.016608999999999985
10,15:27:18,0.833333,0.369357,0.288554,0.275489,0.542096,0.456819,RN_PLAIN_NoFOG,RN,PLAIN,NoFOG,26,C:\Users\VivoBook\Downloads\microproyecto2\microproyecto 2 porque wtf\src\hfl_v7-no-ascon-RN\Results\#26,global_weights_history_1.csv,global_round,2026-04-19 15:27:18,model.global_round,10,aggregate,server,,50.0,0.0026680000000000037,0.0018900000000000028,0.0011999999999999789,0.0018059999999999743,0.00756399999999996
11,15:28:09,0.883333,0.290704,0.290031,0.277244,0.540828,0.455745,RN_PLAIN_NoFOG,RN,PLAIN,NoFOG,26,C:\Users\VivoBook\Downloads\microproyecto2\microproyecto 2 porque wtf\src\hfl_v7-no-ascon-RN\Results\#26,global_weights_history_1.csv,global_round,2026-04-19 15:28:09,model.global_round,11,aggregate,server,,51.0,0.001477000000000006,0.0017550000000000066,0.0012680000000000469,0.0010739999999999639,0.005574000000000023
12,15:28:58,0.816667,0.434558,0.29051,0.278623,0.53784,0.456732,RN_PLAIN_NoFOG,RN,PLAIN,NoFOG,26,C:\Users\VivoBook\Downloads\microproyecto2\microproyecto 2 porque wtf\src\hfl_v7-no-ascon-RN\Results\#26,global_weights_history_1.csv,global_round,2026-04-19 15:28:58,model.global_round,12,aggregate,server,,49.0,0.0004790000000000072,0.001379000000000019,0.0029879999999999907,0.0009870000000000156,0.005833000000000033
13,15:29:48,0.916667,0.172313,0.287966,0.275924,0.532309,0.460282,RN_PLAIN_NoFOG,RN,PLAIN,NoFOG,26,C:\Users\VivoBook\Downloads\microproyecto2\microproyecto 2 porque wtf\src\hfl_v7-no-ascon-RN\Results\#26,global_weights_history_1.csv,global_round,2026-04-19 15:29:48,model.global_round,13,aggregate,server,,50.0,0.0025439999999999907,0.002699000000000007,0.005530999999999953,0.0035499999999999976,0.014323999999999948
14,15:30:39,0.916667,0.171206,0.288209,0.27701,0.529432,0.462487,RN_PLAIN_NoFOG,RN,PLAIN,NoFOG,26,C:\Users\VivoBook\Downloads\microproyecto2\microproyecto 2 porque wtf\src\hfl_v7-no-ascon-RN\Results\#26,global_weights_history_1.csv,global_round,2026-04-19 15:30:39,model.global_round,14,aggregate,server,,51.0,0.00024299999999999322,0.0010859999999999759,0.0028770000000000184,0.002204999999999957,0.0064109999999999445
15,15:31:28,0.866667,0.374654,0.28828,0.275674,0.528411,0.464434,RN_PLAIN_NoFOG,RN,PLAIN,NoFOG,26,C:\Users\VivoBook\Downloads\microproyecto2\microproyecto 2 porque wtf\src\hfl_v7-no-ascon-RN\Results\#26,global_weights_history_1.csv,global_round,2026-04-19 15:31:28,model.global_round,15,aggregate,server,,49.0,7.099999999998774e-05,0.0013360000000000039,0.0010210000000000496,0.001947000000000032,0.004375000000000073
16,15:32:18,0.95,0.168555,0.28715,0.275307,0.528888,0.463423,RN_PLAIN_NoFOG,RN,PLAIN,NoFOG,26,C:\Users\VivoBook\Downloads\microproyecto2\microproyecto 2 porque wtf\src\hfl_v7-no-ascon-RN\Results\#26,global_weights_history_1.csv,global_round,2026-04-19 15:32:18,model.global_round,16,aggregate,server,,50.0,0.0011299999999999644,0.0003669999999999507,0.0004770000000000607,0.0010110000000000396,0.0029850000000000154
17,15:33:09,0.916667,0.192884,0.288627,0.273924,0.533576,0.465087,RN_PLAIN_NoFOG,RN,PLAIN,NoFOG,26,C:\Users\VivoBook\Downloads\microproyecto2\microproyecto 2 porque wtf\src\hfl_v7-no-ascon-RN\Results\#26,global_weights_history_1.csv,global_round,2026-04-19 15:33:09,model.global_round,17,aggregate,server,,51.0,0.001477000000000006,0.001383000000000023,0.0046880000000000255,0.0016639999999999988,0.009212000000000053
18,15:33:59,0.95,0.182601,0.290971,0.275415,0.539515,0.46993,RN_PLAIN_NoFOG,RN,PLAIN,NoFOG,26,C:\Users\VivoBook\Downloads\microproyecto2\microproyecto 2 porque wtf\src\hfl_v7-no-ascon-RN\Results\#26,global_weights_history_1.csv,global_round,2026-04-19 15:33:59,model.global_round,18,aggregate,server,,50.0,0.0023439999999999572,0.00149100000000002,0.005938999999999917,0.004843000000000042,0.014616999999999936
19,15:34:48,0.9,0.293083,0.288934,0.269958,0.537869,0.470677,RN_PLAIN_NoFOG,RN,PLAIN,NoFOG,26,C:\Users\VivoBook\Downloads\microproyecto2\microproyecto 2 porque wtf\src\hfl_v7-no-ascon-RN\Results\#26,global_weights_history_1.csv,global_round,2026-04-19 15:34:48,model.global_round,19,aggregate,server,,49.0,0.0020369999999999555,0.005457000000000045,0.0016459999999999253,0.0007469999999999977,0.009886999999999924
20,15:35:38,0.933333,0.139039,0.286811,0.267901,0.539345,0.464875,RN_PLAIN_NoFOG,RN,PLAIN,NoFOG,26,C:\Users\VivoBook\Downloads\microproyecto2\microproyecto 2 porque wtf\src\hfl_v7-no-ascon-RN\Results\#26,global_weights_history_1.csv,global_round,2026-04-19 15:35:38,model.global_round,20,aggregate,server,,50.0,0.0021230000000000415,0.0020569999999999755,0.0014759999999999218,0.005802000000000029,0.011457999999999968
1,15:38:15,0.683333,0.630181,0.287673,0.290824,0.540697,0.410966,RN_PLAIN_NoFOG,RN,PLAIN,NoFOG,27,C:\Users\VivoBook\Downloads\microproyecto2\microproyecto 2 porque wtf\src\hfl_v7-no-ascon-RN\Results\#27,global_weights_history_2.csv,global_round,2026-04-19 15:38:15,model.global_round,1,aggregate,server,,,,,,,0.0
2,15:38:59,0.966667,0.089041,0.291268,0.29528,0.556032,0.428113,RN_PLAIN_NoFOG,RN,PLAIN,NoFOG,27,C:\Users\VivoBook\Downloads\microproyecto2\microproyecto 2 porque wtf\src\hfl_v7-no-ascon-RN\Results\#27,global_weights_history_2.csv,global_round,2026-04-19 15:38:59,model.global_round,2,aggregate,server,,44.0,0.003595000000000015,0.00445599999999996,0.015334999999999988,0.017147000000000023,0.040532999999999986
3,15:39:49,0.966667,0.095561,0.295254,0.304556,0.56517,0.444222,RN_PLAIN_NoFOG,RN,PLAIN,NoFOG,27,C:\Users\VivoBook\Downloads\microproyecto2\microproyecto 2 porque wtf\src\hfl_v7-no-ascon-RN\Results\#27,global_weights_history_2.csv,global_round,2026-04-19 15:39:49,model.global_round,3,aggregate,server,,50.0,0.0039859999999999896,0.009276000000000006,0.00913799999999998,0.016108999999999984,0.03850899999999996
4,15:40:39,1.0,0.016891,0.297115,0.310308,0.570798,0.452084,RN_PLAIN_NoFOG,RN,PLAIN,NoFOG,27,C:\Users\VivoBook\Downloads\microproyecto2\microproyecto 2 porque wtf\src\hfl_v7-no-ascon-RN\Results\#27,global_weights_history_2.csv,global_round,2026-04-19 15:40:39,model.global_round,4,aggregate,server,,50.0,0.0018610000000000015,0.005751999999999979,0.005628000000000077,0.00786199999999998,0.02110300000000004
5,15:41:33,1.0,0.0184,0.298937,0.313519,0.575408,0.457117,RN_PLAIN_NoFOG,RN,PLAIN,NoFOG,27,C:\Users\VivoBook\Downloads\microproyecto2\microproyecto 2 porque wtf\src\hfl_v7-no-ascon-RN\Results\#27,global_weights_history_2.csv,global_round,2026-04-19 15:41:33,model.global_round,5,aggregate,server,,54.0,0.0018219999999999903,0.0032110000000000194,0.004610000000000003,0.00503300000000001,0.014676000000000022
6,15:42:28,0.866667,0.318298,0.295839,0.305602,0.571455,0.448254,RN_PLAIN_NoFOG,RN,PLAIN,NoFOG,27,C:\Users\VivoBook\Downloads\microproyecto2\microproyecto 2 porque wtf\src\hfl_v7-no-ascon-RN\Results\#27,global_weights_history_2.csv,global_round,2026-04-19 15:42:28,model.global_round,6,aggregate,server,,55.0,0.0030979999999999897,0.007917000000000007,0.003952999999999984,0.00886300000000001,0.02383099999999999
7,15:43:18,0.766667,0.515389,0.292638,0.296585,0.565454,0.446453,RN_PLAIN_NoFOG,RN,PLAIN,NoFOG,27,C:\Users\VivoBook\Downloads\microproyecto2\microproyecto 2 porque wtf\src\hfl_v7-no-ascon-RN\Results\#27,global_weights_history_2.csv,global_round,2026-04-19 15:43:18,model.global_round,7,aggregate,server,,50.0,0.0032010000000000094,0.009016999999999997,0.006001000000000034,0.001800999999999997,0.020020000000000038
8,15:44:08,0.8,0.319617,0.28948,0.285607,0.543354,0.449128,RN_PLAIN_NoFOG,RN,PLAIN,NoFOG,27,C:\Users\VivoBook\Downloads\microproyecto2\microproyecto 2 porque wtf\src\hfl_v7-no-ascon-RN\Results\#27,global_weights_history_2.csv,global_round,2026-04-19 15:44:08,model.global_round,8,aggregate,server,,50.0,0.003157999999999994,0.010977999999999988,0.02210000000000001,0.0026750000000000385,0.03891100000000003
9,15:44:58,0.783333,0.423149,0.287674,0.281729,0.538023,0.450426,RN_PLAIN_NoFOG,RN,PLAIN,NoFOG,27,C:\Users\VivoBook\Downloads\microproyecto2\microproyecto 2 porque wtf\src\hfl_v7-no-ascon-RN\Results\#27,global_weights_history_2.csv,global_round,2026-04-19 15:44:58,model.global_round,9,aggregate,server,,50.0,0.0018060000000000298,0.0038779999999999926,0.005330999999999975,0.0012979999999999658,0.012312999999999963
10,15:45:48,0.9,0.26049,0.287377,0.284795,0.53421,0.452426,RN_PLAIN_NoFOG,RN,PLAIN,NoFOG,27,C:\Users\VivoBook\Downloads\microproyecto2\microproyecto 2 porque wtf\src\hfl_v7-no-ascon-RN\Results\#27,global_weights_history_2.csv,global_round,2026-04-19 15:45:48,model.global_round,10,aggregate,server,,50.0,0.0002969999999999917,0.003066000000000013,0.0038130000000000663,0.0020000000000000018,0.009176000000000073
11,15:46:38,0.9,0.272431,0.288829,0.289779,0.535455,0.458211,RN_PLAIN_NoFOG,RN,PLAIN,NoFOG,27,C:\Users\VivoBook\Downloads\microproyecto2\microproyecto 2 porque wtf\src\hfl_v7-no-ascon-RN\Results\#27,global_weights_history_2.csv,global_round,2026-04-19 15:46:38,model.global_round,11,aggregate,server,,50.0,0.0014520000000000088,0.0049839999999999884,0.0012450000000000516,0.005784999999999985,0.013466000000000033
12,15:47:28,0.833333,0.318351,0.288844,0.289988,0.532432,0.464309,RN_PLAIN_NoFOG,RN,PLAIN,NoFOG,27,C:\Users\VivoBook\Downloads\microproyecto2\microproyecto 2 porque wtf\src\hfl_v7-no-ascon-RN\Results\#27,global_weights_history_2.csv,global_round,2026-04-19 15:47:28,model.global_round,12,aggregate,server,,50.0,1.4999999999987246e-05,0.00020900000000001473,0.003022999999999998,0.006098000000000048,0.009345000000000048
13,15:48:18,0.9,0.259849,0.288782,0.285434,0.530693,0.468659,RN_PLAIN_NoFOG,RN,PLAIN,NoFOG,27,C:\Users\VivoBook\Downloads\microproyecto2\microproyecto 2 porque wtf\src\hfl_v7-no-ascon-RN\Results\#27,global_weights_history_2.csv,global_round,2026-04-19 15:48:18,model.global_round,13,aggregate,server,,50.0,6.20000000000065e-05,0.0045540000000000025,0.001739000000000046,0.004349999999999965,0.01070500000000002
14,15:49:08,0.933333,0.169007,0.288523,0.287637,0.527465,0.475845,RN_PLAIN_NoFOG,RN,PLAIN,NoFOG,27,C:\Users\VivoBook\Downloads\microproyecto2\microproyecto 2 porque wtf\src\hfl_v7-no-ascon-RN\Results\#27,global_weights_history_2.csv,global_round,2026-04-19 15:49:08,model.global_round,14,aggregate,server,,50.0,0.0002590000000000092,0.002202999999999955,0.0032280000000000086,0.007186000000000026,0.012875999999999999
15,15:49:58,0.95,0.129434,0.288747,0.294346,0.524197,0.482224,RN_PLAIN_NoFOG,RN,PLAIN,NoFOG,27,C:\Users\VivoBook\Downloads\microproyecto2\microproyecto 2 porque wtf\src\hfl_v7-no-ascon-RN\Results\#27,global_weights_history_2.csv,global_round,2026-04-19 15:49:58,model.global_round,15,aggregate,server,,50.0,0.00022400000000000198,0.0067090000000000205,0.0032679999999999376,0.006378999999999968,0.016579999999999928
16,15:50:48,0.916667,0.198713,0.288563,0.291991,0.526317,0.477313,RN_PLAIN_NoFOG,RN,PLAIN,NoFOG,27,C:\Users\VivoBook\Downloads\microproyecto2\microproyecto 2 porque wtf\src\hfl_v7-no-ascon-RN\Results\#27,global_weights_history_2.csv,global_round,2026-04-19 15:50:48,model.global_round,16,aggregate,server,,50.0,0.00018399999999996197,0.002354999999999996,0.0021200000000000108,0.004910999999999999,0.009569999999999967
17,15:51:39,0.916667,0.170955,0.288277,0.285676,0.524375,0.47885,RN_PLAIN_NoFOG,RN,PLAIN,NoFOG,27,C:\Users\VivoBook\Downloads\microproyecto2\microproyecto 2 porque wtf\src\hfl_v7-no-ascon-RN\Results\#27,global_weights_history_2.csv,global_round,2026-04-19 15:51:39,model.global_round,17,aggregate,server,,51.0,0.00028600000000000847,0.006315000000000015,0.0019419999999999993,0.0015370000000000106,0.010080000000000033
18,15:52:29,0.866667,0.34158,0.28983,0.283457,0.531835,0.483381,RN_PLAIN_NoFOG,RN,PLAIN,NoFOG,27,C:\Users\VivoBook\Downloads\microproyecto2\microproyecto 2 porque wtf\src\hfl_v7-no-ascon-RN\Results\#27,global_weights_history_2.csv,global_round,2026-04-19 15:52:29,model.global_round,18,aggregate,server,,50.0,0.001552999999999971,0.002218999999999971,0.007459999999999911,0.004531000000000007,0.01576299999999986
19,15:53:18,0.983333,0.109146,0.290836,0.288668,0.531313,0.483059,RN_PLAIN_NoFOG,RN,PLAIN,NoFOG,27,C:\Users\VivoBook\Downloads\microproyecto2\microproyecto 2 porque wtf\src\hfl_v7-no-ascon-RN\Results\#27,global_weights_history_2.csv,global_round,2026-04-19 15:53:18,model.global_round,19,aggregate,server,,49.0,0.0010060000000000069,0.005210999999999966,0.0005219999999999114,0.00032199999999998896,0.007060999999999873
20,15:54:08,0.933333,0.147609,0.291088,0.291228,0.531008,0.485566,RN_PLAIN_NoFOG,RN,PLAIN,NoFOG,27,C:\Users\VivoBook\Downloads\microproyecto2\microproyecto 2 porque wtf\src\hfl_v7-no-ascon-RN\Results\#27,global_weights_history_2.csv,global_round,2026-04-19 15:54:08,model.global_round,20,aggregate,server,,50.0,0.00025200000000003,0.0025600000000000067,0.0003049999999999997,0.0025069999999999815,0.005624000000000018
1,15:58:10,0.666667,0.8185,0.288918,0.290733,0.538924,0.412049,RN_PLAIN_NoFOG,RN,PLAIN,NoFOG,28,C:\Users\VivoBook\Downloads\microproyecto2\microproyecto 2 porque wtf\src\hfl_v7-no-ascon-RN\Results\#28,global_weights_history_1.csv,global_round,2026-04-19 15:58:10,model.global_round,1,aggregate,server,,,,,,,0.0
2,15:58:53,0.983333,0.121277,0.292951,0.297015,0.553089,0.430574,RN_PLAIN_NoFOG,RN,PLAIN,NoFOG,28,C:\Users\VivoBook\Downloads\microproyecto2\microproyecto 2 porque wtf\src\hfl_v7-no-ascon-RN\Results\#28,global_weights_history_1.csv,global_round,2026-04-19 15:58:53,model.global_round,2,aggregate,server,,43.0,0.004033000000000009,0.006281999999999954,0.014165000000000094,0.018525000000000014,0.04300500000000007
3,15:59:44,1.0,0.037809,0.297449,0.305863,0.561105,0.444581,RN_PLAIN_NoFOG,RN,PLAIN,NoFOG,28,C:\Users\VivoBook\Downloads\microproyecto2\microproyecto 2 porque wtf\src\hfl_v7-no-ascon-RN\Results\#28,global_weights_history_1.csv,global_round,2026-04-19 15:59:44,model.global_round,3,aggregate,server,,51.0,0.004498000000000002,0.008848000000000023,0.008015999999999912,0.014006999999999992,0.03536899999999993
4,16:00:33,1.0,0.023274,0.300249,0.309945,0.566586,0.453878,RN_PLAIN_NoFOG,RN,PLAIN,NoFOG,28,C:\Users\VivoBook\Downloads\microproyecto2\microproyecto 2 porque wtf\src\hfl_v7-no-ascon-RN\Results\#28,global_weights_history_1.csv,global_round,2026-04-19 16:00:33,model.global_round,4,aggregate,server,,49.0,0.002799999999999969,0.00408200000000003,0.005481000000000069,0.009297,0.021660000000000068
5,16:01:24,1.0,0.023609,0.301842,0.314022,0.570579,0.459421,RN_PLAIN_NoFOG,RN,PLAIN,NoFOG,28,C:\Users\VivoBook\Downloads\microproyecto2\microproyecto 2 porque wtf\src\hfl_v7-no-ascon-RN\Results\#28,global_weights_history_1.csv,global_round,2026-04-19 16:01:24,model.global_round,5,aggregate,server,,51.0,0.001593000000000011,0.004076999999999997,0.003992999999999913,0.00554300000000002,0.015205999999999942
6,16:02:26,0.95,0.277456,0.299067,0.310643,0.56271,0.460319,RN_PLAIN_NoFOG,RN,PLAIN,NoFOG,28,C:\Users\VivoBook\Downloads\microproyecto2\microproyecto 2 porque wtf\src\hfl_v7-no-ascon-RN\Results\#28,global_weights_history_1.csv,global_round,2026-04-19 16:02:26,model.global_round,6,aggregate,server,,62.0,0.002774999999999972,0.003379000000000021,0.007868999999999904,0.0008979999999999544,0.014920999999999851
7,16:03:14,0.866667,0.477869,0.292645,0.29708,0.540684,0.456817,RN_PLAIN_NoFOG,RN,PLAIN,NoFOG,28,C:\Users\VivoBook\Downloads\microproyecto2\microproyecto 2 porque wtf\src\hfl_v7-no-ascon-RN\Results\#28,global_weights_history_1.csv,global_round,2026-04-19 16:03:14,model.global_round,7,aggregate,server,,48.0,0.006422000000000039,0.013562999999999992,0.02202599999999999,0.003502000000000005,0.045513000000000026
8,16:04:04,0.916667,0.327921,0.291549,0.290944,0.537499,0.460063,RN_PLAIN_NoFOG,RN,PLAIN,NoFOG,28,C:\Users\VivoBook\Downloads\microproyecto2\microproyecto 2 porque wtf\src\hfl_v7-no-ascon-RN\Results\#28,global_weights_history_1.csv,global_round,2026-04-19 16:04:04,model.global_round,8,aggregate,server,,50.0,0.0010959999999999859,0.00613600000000003,0.0031850000000001044,0.0032460000000000266,0.013663000000000147
9,16:04:54,0.833333,0.38648,0.290198,0.283956,0.53186,0.463216,RN_PLAIN_NoFOG,RN,PLAIN,NoFOG,28,C:\Users\VivoBook\Downloads\microproyecto2\microproyecto 2 porque wtf\src\hfl_v7-no-ascon-RN\Results\#28,global_weights_history_1.csv,global_round,2026-04-19 16:04:54,model.global_round,9,aggregate,server,,50.0,0.001350999999999991,0.006987999999999994,0.00563899999999995,0.003153000000000017,0.017130999999999952
10,16:05:43,0.85,0.34436,0.290015,0.281674,0.531533,0.466744,RN_PLAIN_NoFOG,RN,PLAIN,NoFOG,28,C:\Users\VivoBook\Downloads\microproyecto2\microproyecto 2 porque wtf\src\hfl_v7-no-ascon-RN\Results\#28,global_weights_history_1.csv,global_round,2026-04-19 16:05:43,model.global_round,10,aggregate,server,,49.0,0.00018299999999998873,0.0022820000000000062,0.0003269999999999662,0.0035279999999999756,0.006319999999999937
11,16:06:34,0.9,0.31594,0.290094,0.287398,0.530875,0.470287,RN_PLAIN_NoFOG,RN,PLAIN,NoFOG,28,C:\Users\VivoBook\Downloads\microproyecto2\microproyecto 2 porque wtf\src\hfl_v7-no-ascon-RN\Results\#28,global_weights_history_1.csv,global_round,2026-04-19 16:06:34,model.global_round,11,aggregate,server,,51.0,7.899999999999574e-05,0.005724000000000007,0.0006580000000000474,0.0035430000000000184,0.010004000000000068
12,16:07:25,0.933333,0.198887,0.28982,0.278213,0.53459,0.471721,RN_PLAIN_NoFOG,RN,PLAIN,NoFOG,28,C:\Users\VivoBook\Downloads\microproyecto2\microproyecto 2 porque wtf\src\hfl_v7-no-ascon-RN\Results\#28,global_weights_history_1.csv,global_round,2026-04-19 16:07:25,model.global_round,12,aggregate,server,,51.0,0.00027399999999999647,0.009184999999999999,0.003715000000000024,0.0014339999999999908,0.01460800000000001
13,16:08:14,0.9,0.184943,0.289703,0.2752,0.532405,0.476814,RN_PLAIN_NoFOG,RN,PLAIN,NoFOG,28,C:\Users\VivoBook\Downloads\microproyecto2\microproyecto 2 porque wtf\src\hfl_v7-no-ascon-RN\Results\#28,global_weights_history_1.csv,global_round,2026-04-19 16:08:14,model.global_round,13,aggregate,server,,49.0,0.00011700000000003374,0.003012999999999988,0.0021849999999999925,0.005093000000000014,0.010408000000000028
14,16:09:04,0.916667,0.257973,0.289308,0.276238,0.530476,0.482106,RN_PLAIN_NoFOG,RN,PLAIN,NoFOG,28,C:\Users\VivoBook\Downloads\microproyecto2\microproyecto 2 porque wtf\src\hfl_v7-no-ascon-RN\Results\#28,global_weights_history_1.csv,global_round,2026-04-19 16:09:04,model.global_round,14,aggregate,server,,50.0,0.0003949999999999787,0.0010379999999999834,0.0019290000000000695,0.005291999999999963,0.008653999999999995
15,16:09:54,0.933333,0.195114,0.288264,0.267324,0.531301,0.485548,RN_PLAIN_NoFOG,RN,PLAIN,NoFOG,28,C:\Users\VivoBook\Downloads\microproyecto2\microproyecto 2 porque wtf\src\hfl_v7-no-ascon-RN\Results\#28,global_weights_history_1.csv,global_round,2026-04-19 16:09:54,model.global_round,15,aggregate,server,,50.0,0.0010439999999999894,0.008913999999999977,0.0008250000000000757,0.0034420000000000006,0.014225000000000043
16,16:10:44,0.866667,0.305902,0.288937,0.263992,0.534252,0.488802,RN_PLAIN_NoFOG,RN,PLAIN,NoFOG,28,C:\Users\VivoBook\Downloads\microproyecto2\microproyecto 2 porque wtf\src\hfl_v7-no-ascon-RN\Results\#28,global_weights_history_1.csv,global_round,2026-04-19 16:10:44,model.global_round,16,aggregate,server,,50.0,0.0006729999999999792,0.0033320000000000016,0.002950999999999926,0.0032540000000000346,0.010209999999999941
17,16:11:34,0.966667,0.180884,0.289979,0.266411,0.538686,0.485811,RN_PLAIN_NoFOG,RN,PLAIN,NoFOG,28,C:\Users\VivoBook\Downloads\microproyecto2\microproyecto 2 porque wtf\src\hfl_v7-no-ascon-RN\Results\#28,global_weights_history_1.csv,global_round,2026-04-19 16:11:34,model.global_round,17,aggregate,server,,50.0,0.0010419999999999874,0.0024190000000000045,0.004434000000000049,0.0029910000000000214,0.010886000000000062
18,16:12:23,0.883333,0.312441,0.290216,0.26543,0.538765,0.486929,RN_PLAIN_NoFOG,RN,PLAIN,NoFOG,28,C:\Users\VivoBook\Downloads\microproyecto2\microproyecto 2 porque wtf\src\hfl_v7-no-ascon-RN\Results\#28,global_weights_history_1.csv,global_round,2026-04-19 16:12:23,model.global_round,18,aggregate,server,,49.0,0.00023699999999998722,0.0009810000000000096,7.900000000005125e-05,0.0011180000000000079,0.002415000000000056
19,16:13:14,0.883333,0.243187,0.28934,0.258997,0.538385,0.484684,RN_PLAIN_NoFOG,RN,PLAIN,NoFOG,28,C:\Users\VivoBook\Downloads\microproyecto2\microproyecto 2 porque wtf\src\hfl_v7-no-ascon-RN\Results\#28,global_weights_history_1.csv,global_round,2026-04-19 16:13:14,model.global_round,19,aggregate,server,,51.0,0.0008759999999999879,0.006433000000000022,0.00038000000000004697,0.002244999999999997,0.009934000000000054
20,16:14:04,0.883333,0.23971,0.290094,0.255488,0.540711,0.487217,RN_PLAIN_NoFOG,RN,PLAIN,NoFOG,28,C:\Users\VivoBook\Downloads\microproyecto2\microproyecto 2 porque wtf\src\hfl_v7-no-ascon-RN\Results\#28,global_weights_history_1.csv,global_round,2026-04-19 16:14:04,model.global_round,20,aggregate,server,,50.0,0.0007540000000000324,0.0035089999999999844,0.0023260000000000502,0.0025330000000000075,0.009122000000000074
1,16:21:22,0.6,1.134432,0.290767,0.298852,0.52534,0.376757,RN_PLAIN_NoFOG,RN,PLAIN,NoFOG,29,C:\Users\VivoBook\Downloads\microproyecto2\microproyecto 2 porque wtf\src\hfl_v7-no-ascon-RN\Results\#29,global_weights_history_2.csv,global_round,2026-04-19 16:21:22,model.global_round,1,aggregate,server,,,,,,,0.0
2,16:22:06,0.633333,0.868417,0.286595,0.296165,0.526291,0.373971,RN_PLAIN_NoFOG,RN,PLAIN,NoFOG,29,C:\Users\VivoBook\Downloads\microproyecto2\microproyecto 2 porque wtf\src\hfl_v7-no-ascon-RN\Results\#29,global_weights_history_2.csv,global_round,2026-04-19 16:22:06,model.global_round,2,aggregate,server,,44.0,0.004172000000000009,0.002686999999999995,0.0009509999999999241,0.0027860000000000107,0.010595999999999939
3,16:22:56,0.766667,0.624042,0.285005,0.292442,0.512045,0.376758,RN_PLAIN_NoFOG,RN,PLAIN,NoFOG,29,C:\Users\VivoBook\Downloads\microproyecto2\microproyecto 2 porque wtf\src\hfl_v7-no-ascon-RN\Results\#29,global_weights_history_2.csv,global_round,2026-04-19 16:22:56,model.global_round,3,aggregate,server,,50.0,0.0015899999999999803,0.003723000000000032,0.014245999999999981,0.002786999999999984,0.022345999999999977
4,16:23:46,0.866667,0.268145,0.286086,0.29609,0.506629,0.381412,RN_PLAIN_NoFOG,RN,PLAIN,NoFOG,29,C:\Users\VivoBook\Downloads\microproyecto2\microproyecto 2 porque wtf\src\hfl_v7-no-ascon-RN\Results\#29,global_weights_history_2.csv,global_round,2026-04-19 16:23:46,model.global_round,4,aggregate,server,,50.0,0.0010809999999999986,0.00364800000000004,0.005415999999999976,0.0046539999999999915,0.014799000000000007
5,16:24:36,0.766667,0.48617,0.286916,0.299652,0.504912,0.387684,RN_PLAIN_NoFOG,RN,PLAIN,NoFOG,29,C:\Users\VivoBook\Downloads\microproyecto2\microproyecto 2 porque wtf\src\hfl_v7-no-ascon-RN\Results\#29,global_weights_history_2.csv,global_round,2026-04-19 16:24:36,model.global_round,5,aggregate,server,,50.0,0.0008299999999999974,0.003561999999999954,0.0017169999999999686,0.006272,0.01238099999999992
6,16:25:26,0.916667,0.29396,0.286688,0.304439,0.505675,0.392237,RN_PLAIN_NoFOG,RN,PLAIN,NoFOG,29,C:\Users\VivoBook\Downloads\microproyecto2\microproyecto 2 porque wtf\src\hfl_v7-no-ascon-RN\Results\#29,global_weights_history_2.csv,global_round,2026-04-19 16:25:26,model.global_round,6,aggregate,server,,50.0,0.00022800000000000598,0.004787000000000041,0.0007629999999999582,0.004553000000000029,0.010331000000000035
7,16:26:16,0.916667,0.204322,0.285704,0.301308,0.505578,0.39871,RN_PLAIN_NoFOG,RN,PLAIN,NoFOG,29,C:\Users\VivoBook\Downloads\microproyecto2\microproyecto 2 porque wtf\src\hfl_v7-no-ascon-RN\Results\#29,global_weights_history_2.csv,global_round,2026-04-19 16:26:16,model.global_round,7,aggregate,server,,50.0,0.0009839999999999849,0.003130999999999995,9.700000000001374e-05,0.0064730000000000065,0.010685
8,16:27:06,0.916667,0.226785,0.28457,0.300785,0.505125,0.400457,RN_PLAIN_NoFOG,RN,PLAIN,NoFOG,29,C:\Users\VivoBook\Downloads\microproyecto2\microproyecto 2 porque wtf\src\hfl_v7-no-ascon-RN\Results\#29,global_weights_history_2.csv,global_round,2026-04-19 16:27:06,model.global_round,8,aggregate,server,,50.0,0.0011340000000000239,0.0005229999999999957,0.0004529999999999257,0.0017469999999999986,0.003856999999999944
9,16:27:56,0.916667,0.28295,0.284812,0.296766,0.501442,0.402611,RN_PLAIN_NoFOG,RN,PLAIN,NoFOG,29,C:\Users\VivoBook\Downloads\microproyecto2\microproyecto 2 porque wtf\src\hfl_v7-no-ascon-RN\Results\#29,global_weights_history_2.csv,global_round,2026-04-19 16:27:56,model.global_round,9,aggregate,server,,50.0,0.00024200000000001998,0.00401900000000005,0.003682999999999992,0.0021539999999999893,0.010098000000000051
10,16:28:46,0.9,0.215595,0.283213,0.304424,0.500648,0.403329,RN_PLAIN_NoFOG,RN,PLAIN,NoFOG,29,C:\Users\VivoBook\Downloads\microproyecto2\microproyecto 2 porque wtf\src\hfl_v7-no-ascon-RN\Results\#29,global_weights_history_2.csv,global_round,2026-04-19 16:28:46,model.global_round,10,aggregate,server,,50.0,0.001599000000000017,0.007657999999999998,0.0007940000000000724,0.0007179999999999964,0.010769000000000084
11,16:29:36,0.9,0.264573,0.283359,0.310855,0.502755,0.402174,RN_PLAIN_NoFOG,RN,PLAIN,NoFOG,29,C:\Users\VivoBook\Downloads\microproyecto2\microproyecto 2 porque wtf\src\hfl_v7-no-ascon-RN\Results\#29,global_weights_history_2.csv,global_round,2026-04-19 16:29:36,model.global_round,11,aggregate,server,,50.0,0.000146000000000035,0.00643100000000002,0.00210699999999997,0.0011550000000000171,0.009839000000000042
12,16:30:26,0.933333,0.247936,0.281584,0.302116,0.501562,0.406378,RN_PLAIN_NoFOG,RN,PLAIN,NoFOG,29,C:\Users\VivoBook\Downloads\microproyecto2\microproyecto 2 porque wtf\src\hfl_v7-no-ascon-RN\Results\#29,global_weights_history_2.csv,global_round,2026-04-19 16:30:26,model.global_round,12,aggregate,server,,50.0,0.0017750000000000266,0.008738999999999997,0.0011929999999999996,0.004204000000000041,0.015911000000000064
13,16:31:16,0.916667,0.305767,0.280595,0.301795,0.498969,0.41166,RN_PLAIN_NoFOG,RN,PLAIN,NoFOG,29,C:\Users\VivoBook\Downloads\microproyecto2\microproyecto 2 porque wtf\src\hfl_v7-no-ascon-RN\Results\#29,global_weights_history_2.csv,global_round,2026-04-19 16:31:16,model.global_round,13,aggregate,server,,50.0,0.0009890000000000176,0.0003210000000000157,0.0025929999999999565,0.005282000000000009,0.009184999999999999
14,16:32:06,0.9,0.32321,0.281386,0.306499,0.500748,0.414651,RN_PLAIN_NoFOG,RN,PLAIN,NoFOG,29,C:\Users\VivoBook\Downloads\microproyecto2\microproyecto 2 porque wtf\src\hfl_v7-no-ascon-RN\Results\#29,global_weights_history_2.csv,global_round,2026-04-19 16:32:06,model.global_round,14,aggregate,server,,50.0,0.0007910000000000417,0.0047040000000000415,0.001778999999999975,0.002990999999999966,0.010265000000000024
15,16:32:56,0.85,0.437651,0.283204,0.305206,0.504253,0.415086,RN_PLAIN_NoFOG,RN,PLAIN,NoFOG,29,C:\Users\VivoBook\Downloads\microproyecto2\microproyecto 2 porque wtf\src\hfl_v7-no-ascon-RN\Results\#29,global_weights_history_2.csv,global_round,2026-04-19 16:32:56,model.global_round,15,aggregate,server,,50.0,0.0018179999999999863,0.0012930000000000441,0.0035049999999999804,0.0004350000000000187,0.0070510000000000295
16,16:33:46,0.883333,0.294853,0.283534,0.301108,0.507193,0.416808,RN_PLAIN_NoFOG,RN,PLAIN,NoFOG,29,C:\Users\VivoBook\Downloads\microproyecto2\microproyecto 2 porque wtf\src\hfl_v7-no-ascon-RN\Results\#29,global_weights_history_2.csv,global_round,2026-04-19 16:33:46,model.global_round,16,aggregate,server,,50.0,0.00032999999999999696,0.0040979999999999905,0.0029400000000000537,0.0017220000000000013,0.009090000000000042
17,16:34:36,0.983333,0.10292,0.281531,0.303784,0.501595,0.421262,RN_PLAIN_NoFOG,RN,PLAIN,NoFOG,29,C:\Users\VivoBook\Downloads\microproyecto2\microproyecto 2 porque wtf\src\hfl_v7-no-ascon-RN\Results\#29,global_weights_history_2.csv,global_round,2026-04-19 16:34:36,model.global_round,17,aggregate,server,,50.0,0.0020030000000000325,0.0026760000000000117,0.005597999999999992,0.0044540000000000135,0.01473100000000005
18,16:35:26,0.95,0.115563,0.280468,0.309989,0.49914,0.421968,RN_PLAIN_NoFOG,RN,PLAIN,NoFOG,29,C:\Users\VivoBook\Downloads\microproyecto2\microproyecto 2 porque wtf\src\hfl_v7-no-ascon-RN\Results\#29,global_weights_history_2.csv,global_round,2026-04-19 16:35:26,model.global_round,18,aggregate,server,,50.0,0.0010629999999999806,0.006205000000000016,0.0024550000000000405,0.0007059999999999844,0.010429000000000022
19,16:36:16,0.95,0.130069,0.28038,0.314265,0.500018,0.423328,RN_PLAIN_NoFOG,RN,PLAIN,NoFOG,29,C:\Users\VivoBook\Downloads\microproyecto2\microproyecto 2 porque wtf\src\hfl_v7-no-ascon-RN\Results\#29,global_weights_history_2.csv,global_round,2026-04-19 16:36:16,model.global_round,19,aggregate,server,,50.0,8.799999999997699e-05,0.004276000000000002,0.0008779999999999899,0.0013599999999999723,0.006601999999999941
20,16:37:07,0.933333,0.176987,0.28113,0.31298,0.506988,0.421883,RN_PLAIN_NoFOG,RN,PLAIN,NoFOG,29,C:\Users\VivoBook\Downloads\microproyecto2\microproyecto 2 porque wtf\src\hfl_v7-no-ascon-RN\Results\#29,global_weights_history_2.csv,global_round,2026-04-19 16:37:07,model.global_round,20,aggregate,server,,51.0,0.0007499999999999729,0.0012850000000000361,0.006970000000000032,0.001444999999999974,0.010450000000000015
