trace_id,variant,model,security,topology,attempt_id,global_round,global_timestamp,global_accuracy,global_loss,w3_mag,w4_normal,w4_brute,w4_scan,gateway_A_local_accuracy,gateway_A_local_loss,gateway_A_local_num_samples,gateway_A_local_timestamp,gateway_A_gateway_events,gateway_A_gateway_decrypt_avg_ms,gateway_A_gateway_decrypt_p95_ms,gateway_A_gateway_avg_overhead_bytes,gateway_A_gateway_samples_seen,gateway_B_local_accuracy,gateway_B_local_loss,gateway_B_local_num_samples,gateway_B_local_timestamp,gateway_B_gateway_events,gateway_B_gateway_decrypt_avg_ms,gateway_B_gateway_decrypt_p95_ms,gateway_B_gateway_avg_overhead_bytes,gateway_B_gateway_samples_seen,server_rpi_pc_events,server_rpi_pc_avg_ms,server_rpi_pc_p95_ms,server_rpi_pc_avg_overhead_bytes,server_pc_rpi_events,server_pc_rpi_avg_ms,server_pc_rpi_p95_ms,server_pc_rpi_avg_overhead_bytes,gateway_fog_leader_local_accuracy,gateway_fog_leader_local_loss,gateway_fog_leader_local_num_samples,gateway_fog_leader_local_timestamp,gateway_fog_leader_gateway_events,gateway_fog_leader_gateway_decrypt_avg_ms,gateway_fog_leader_gateway_decrypt_p95_ms,gateway_fog_leader_gateway_avg_overhead_bytes,gateway_fog_leader_gateway_samples_seen,gateway_fog_peer_local_accuracy,gateway_fog_peer_local_loss,gateway_fog_peer_local_num_samples,gateway_fog_peer_local_timestamp,gateway_fog_peer_gateway_events,gateway_fog_peer_gateway_decrypt_avg_ms,gateway_fog_peer_gateway_decrypt_p95_ms,gateway_fog_peer_gateway_avg_overhead_bytes,gateway_fog_peer_gateway_samples_seen
variant:CNN_ASCON_FOG:attempt:2:round:1,CNN_ASCON_FOG,CNN,ASCON,FOG,2,1,2026-04-22 17:44:53,1.0,0.422428,0.173333,0.106474,0.398774,0.268649,1.0,0.5549505949020386,30.0,2026-04-22 17:44:53,33.0,6.814848484848486,39.33099999999999,224.75757575757575,30.0,1.0,0.2899053990840912,30.0,2026-04-22 17:44:50,39.0,4.655564102564103,7.274200000000041,177.56410256410257,37.0,1.0,11.481,11.481,1340.0,1.0,10.379,10.379,1291.0,,,,,,,,,,,,,,,,,,
variant:CNN_ASCON_FOG:attempt:2:round:2,CNN_ASCON_FOG,CNN,ASCON,FOG,2,2,2026-04-22 17:45:42,1.0,0.291192,0.197013,0.155121,0.427155,0.325115,1.0,0.3466468453407287,30.0,2026-04-22 17:45:42,36.0,6.4760277777777775,35.707,281.5,31.0,1.0,0.2357370108366012,30.0,2026-04-22 17:45:42,27.0,5.977592592592592,34.72,248.03703703703704,24.0,1.0,10.576,10.576,1336.0,1.0,13.53,13.53,1286.0,,,,,,,,,,,,,,,,,,
variant:CNN_ASCON_FOG:attempt:2:round:3,CNN_ASCON_FOG,CNN,ASCON,FOG,2,3,2026-04-22 17:46:46,1.0,0.035616,0.228922,0.236235,0.461252,0.38695,1.0,0.0318443290889263,30.0,2026-04-22 17:46:46,34.0,7.65,37.8506,290.6764705882353,29.0,1.0,0.0393873788416385,30.0,2026-04-22 17:46:41,34.0,6.793205882352941,34.0027,220.55882352941177,31.0,1.0,10.565,10.565,1331.0,1.0,12.142,12.142,1279.0,,,,,,,,,,,,,,,,,,
variant:CNN_ASCON_FOG:attempt:2:round:4,CNN_ASCON_FOG,CNN,ASCON,FOG,2,4,2026-04-22 17:47:46,0.8,0.475499,0.220382,0.194088,0.47109,0.355337,0.800000011920929,0.4928201735019684,30.0,2026-04-22 17:47:44,37.0,6.313567567567569,33.8668,275.1081081081081,32.0,0.800000011920929,0.4581771194934845,30.0,2026-04-22 17:47:46,32.0,6.297375,36.82184999999999,226.3125,29.0,1.0,10.701,10.701,1331.0,1.0,13.825,13.825,1273.0,,,,,,,,,,,,,,,,,,
variant:CNN_ASCON_FOG:attempt:2:round:5,CNN_ASCON_FOG,CNN,ASCON,FOG,2,5,2026-04-22 17:48:45,0.783333,0.390731,0.223488,0.171907,0.503302,0.354015,0.7666666507720947,0.4080157876014709,30.0,2026-04-22 17:48:44,35.0,6.873114285714285,34.43619999999999,283.8,30.0,0.800000011920929,0.3734454810619354,30.0,2026-04-22 17:48:45,33.0,5.5763030303030305,33.5276,222.78787878787878,30.0,1.0,52.143,52.143,1330.0,1.0,70.955,70.955,1276.0,,,,,,,,,,,,,,,,,,
variant:CNN_ASCON_FOG:attempt:2:round:6,CNN_ASCON_FOG,CNN,ASCON,FOG,2,6,2026-04-22 17:49:43,0.883333,0.301763,0.235182,0.172471,0.545012,0.389594,0.9333333373069764,0.2533549070358276,30.0,2026-04-22 17:49:43,35.0,6.803714285714285,34.141,284.9142857142857,30.0,0.8333333134651184,0.3501715064048767,30.0,2026-04-22 17:49:43,33.0,5.37630303030303,33.77459999999999,223.3939393939394,30.0,1.0,66.525,66.525,1333.0,1.0,51.165,51.165,1279.0,,,,,,,,,,,,,,,,,,
variant:CNN_ASCON_FOG:attempt:2:round:7,CNN_ASCON_FOG,CNN,ASCON,FOG,2,7,2026-04-22 17:50:42,0.966667,0.165824,0.249561,0.180889,0.58542,0.425824,0.9666666388511658,0.1493038386106491,30.0,2026-04-22 17:50:42,35.0,6.9563428571428565,34.1873,284.3142857142857,30.0,0.9666666388511658,0.1823448240756988,30.0,2026-04-22 17:50:42,33.0,5.167212121212121,33.2448,223.8181818181818,30.0,1.0,16.819,16.819,1333.0,1.0,12.402,12.402,1276.0,,,,,,,,,,,,,,,,,,
variant:CNN_ASCON_FOG:attempt:2:round:8,CNN_ASCON_FOG,CNN,ASCON,FOG,2,8,2026-04-22 17:51:41,0.9,0.234383,0.260151,0.158479,0.608537,0.451098,0.8999999761581421,0.228668674826622,30.0,2026-04-22 17:51:41,35.0,6.7818571428571435,34.16749999999999,284.4,30.0,0.8999999761581421,0.2400979697704315,30.0,2026-04-22 17:51:41,33.0,5.300575757575757,34.2006,222.9090909090909,30.0,1.0,11.866,11.866,1333.0,1.0,12.807,12.807,1276.0,,,,,,,,,,,,,,,,,,
variant:CNN_ASCON_FOG:attempt:2:round:9,CNN_ASCON_FOG,CNN,ASCON,FOG,2,9,2026-04-22 17:52:40,0.916667,0.245843,0.269727,0.155063,0.640254,0.479814,0.8999999761581421,0.2386022508144378,30.0,2026-04-22 17:52:40,35.0,7.013714285714286,36.6783,284.0857142857143,30.0,0.9333333373069764,0.2530836760997772,30.0,2026-04-22 17:52:40,33.0,5.071818181818182,34.58839999999999,222.33333333333334,30.0,1.0,33.058,33.058,1330.0,1.0,12.359,12.359,1273.0,,,,,,,,,,,,,,,,,,
variant:CNN_ASCON_FOG:attempt:2:round:10,CNN_ASCON_FOG,CNN,ASCON,FOG,2,10,2026-04-22 17:53:38,0.966667,0.162729,0.278587,0.174366,0.672432,0.510836,0.9333333373069764,0.2405099421739578,30.0,2026-04-22 17:53:39,35.0,6.904628571428572,35.5436,283.8,30.0,1.0,0.0849475860595703,30.0,2026-04-22 17:53:39,33.0,5.628939393939394,37.0282,222.6969696969697,30.0,1.0,20.227,20.227,1333.0,1.0,13.006,13.006,1279.0,,,,,,,,,,,,,,,,,,
variant:CNN_ASCON_FOG:attempt:2:round:11,CNN_ASCON_FOG,CNN,ASCON,FOG,2,11,2026-04-22 17:54:37,0.983333,0.126262,0.286118,0.186329,0.695961,0.524581,1.0,0.1637241691350937,30.0,2026-04-22 17:54:37,35.0,7.422742857142855,34.203799999999994,283.0,30.0,0.9666666388511658,0.0887994095683097,30.0,2026-04-22 17:54:37,33.0,5.480969696969697,35.43019999999999,223.0909090909091,30.0,1.0,11.221,11.221,1325.0,1.0,11.943,11.943,1268.0,,,,,,,,,,,,,,,,,,
variant:CNN_ASCON_FOG:attempt:2:round:12,CNN_ASCON_FOG,CNN,ASCON,FOG,2,12,2026-04-22 17:55:37,0.916667,0.17469,0.29209,0.193435,0.710401,0.542198,0.8666666746139526,0.2322805821895599,30.0,2026-04-22 17:55:36,33.0,7.704303030303031,37.826,292.8787878787879,28.0,0.9666666388511658,0.1170989722013473,30.0,2026-04-22 17:55:35,33.0,5.697181818181818,34.0674,221.75757575757575,30.0,1.0,10.446,10.446,1322.0,1.0,10.215,10.215,1265.0,,,,,,,,,,,,,,,,,,
variant:CNN_ASCON_FOG:attempt:2:round:13,CNN_ASCON_FOG,CNN,ASCON,FOG,2,13,2026-04-22 17:56:35,0.933333,0.121522,0.302238,0.200138,0.720591,0.569626,0.8999999761581421,0.1959331929683685,30.0,2026-04-22 17:56:35,35.0,6.828685714285713,35.823699999999995,282.85714285714283,30.0,0.9666666388511658,0.047110479325056,30.0,2026-04-22 17:56:35,33.0,5.425090909090909,30.941799999999997,222.9090909090909,30.0,1.0,23.919,23.919,1326.0,1.0,23.261,23.261,1272.0,,,,,,,,,,,,,,,,,,
variant:CNN_ASCON_FOG:attempt:2:round:14,CNN_ASCON_FOG,CNN,ASCON,FOG,2,14,2026-04-22 17:57:34,0.983333,0.077948,0.30996,0.193935,0.727903,0.584202,0.9666666388511658,0.1506733447313308,30.0,2026-04-22 17:57:34,37.0,6.9138918918918915,36.0498,274.4054054054054,32.0,1.0,0.0052225370891392,30.0,2026-04-22 17:57:34,33.0,5.632848484848485,31.497,223.0909090909091,30.0,1.0,10.515,10.515,1328.0,1.0,11.099,11.099,1275.0,,,,,,,,,,,,,,,,,,
variant:CNN_ASCON_FOG:attempt:2:round:15,CNN_ASCON_FOG,CNN,ASCON,FOG,2,15,2026-04-22 17:58:32,0.933333,0.101683,0.313667,0.202404,0.749652,0.594531,0.8999999761581421,0.1485199481248855,30.0,2026-04-22 17:58:32,33.0,7.915878787878787,36.0864,294.5151515151515,28.0,0.9666666388511658,0.0548461750149726,30.0,2026-04-22 17:58:32,33.0,6.360060606060605,33.099199999999996,222.6060606060606,30.0,1.0,20.73,20.73,1329.0,1.0,21.019,21.019,1272.0,,,,,,,,,,,,,,,,,,
variant:CNN_ASCON_FOG:attempt:2:round:16,CNN_ASCON_FOG,CNN,ASCON,FOG,2,16,2026-04-22 17:59:31,1.0,0.049663,0.31477,0.197011,0.745253,0.6077,1.0,0.0387886315584182,30.0,2026-04-22 17:59:31,35.0,6.7838,35.4675,283.48571428571427,30.0,1.0,0.0605378076434135,30.0,2026-04-22 17:59:31,33.0,6.190636363636363,32.4642,222.54545454545453,30.0,1.0,11.343,11.343,1318.0,1.0,11.683,11.683,1270.0,,,,,,,,,,,,,,,,,,
variant:CNN_ASCON_FOG:attempt:2:round:17,CNN_ASCON_FOG,CNN,ASCON,FOG,2,17,2026-04-22 18:00:30,0.966667,0.086216,0.318098,0.2091,0.757397,0.620195,0.9333333373069764,0.1585970073938369,30.0,2026-04-22 18:00:30,35.0,7.2504,33.74869999999999,283.0571428571429,30.0,1.0,0.0138353407382965,30.0,2026-04-22 18:00:29,33.0,5.799030303030303,32.0058,221.45454545454547,30.0,1.0,11.006,11.006,1328.0,1.0,10.359,10.359,1271.0,,,,,,,,,,,,,,,,,,
variant:CNN_ASCON_FOG:attempt:2:round:18,CNN_ASCON_FOG,CNN,ASCON,FOG,2,18,2026-04-22 18:01:29,0.983333,0.104786,0.321283,0.209788,0.763098,0.632898,0.9666666388511658,0.1944890022277832,30.0,2026-04-22 18:01:28,37.0,6.4046486486486485,35.873999999999995,274.35135135135135,32.0,1.0,0.0150822978466749,30.0,2026-04-22 18:01:29,33.0,5.467242424242425,35.0402,222.57575757575756,30.0,1.0,10.976,10.976,1325.0,1.0,17.756,17.756,1272.0,,,,,,,,,,,,,,,,,,
variant:CNN_ASCON_FOG:attempt:2:round:19,CNN_ASCON_FOG,CNN,ASCON,FOG,2,19,2026-04-22 18:02:28,1.0,0.050418,0.32319,0.210453,0.772739,0.630067,1.0,0.0892039164900779,30.0,2026-04-22 18:02:27,35.0,7.519314285714287,36.1962,283.48571428571427,30.0,1.0,0.0116330198943614,30.0,2026-04-22 18:02:28,33.0,5.190818181818182,35.7978,222.3030303030303,30.0,1.0,12.413,12.413,1323.0,1.0,13.969,13.969,1272.0,,,,,,,,,,,,,,,,,,
variant:CNN_ASCON_FOG:attempt:2:round:20,CNN_ASCON_FOG,CNN,ASCON,FOG,2,20,2026-04-22 18:03:27,0.95,0.127952,0.326618,0.21708,0.782407,0.642261,0.8999999761581421,0.2426077276468277,30.0,2026-04-22 18:03:26,35.0,7.2991142857142846,35.992599999999996,283.0571428571429,30.0,1.0,0.0132964691147208,30.0,2026-04-22 18:03:27,33.0,5.470878787878788,34.742799999999995,222.72727272727272,30.0,1.0,10.636,10.636,1326.0,1.0,10.43,10.43,1272.0,,,,,,,,,,,,,,,,,,
variant:CNN_ASCON_FOG:attempt:3:round:1,CNN_ASCON_FOG,CNN,ASCON,FOG,3,1,2026-04-22 18:06:56,1.0,0.335318,0.18181,0.176702,0.374074,0.195656,1.0,0.3993514776229858,30.0,2026-04-22 18:06:56,33.0,5.274636363636363,33.632,224.8181818181818,30.0,1.0,0.2712846100330353,30.0,2026-04-22 18:06:52,38.0,6.3631315789473675,10.280749999999957,179.07894736842104,36.0,1.0,12.056,12.056,1334.0,1.0,12.127,12.127,1282.0,,,,,,,,,,,,,,,,,,
variant:CNN_ASCON_FOG:attempt:3:round:2,CNN_ASCON_FOG,CNN,ASCON,FOG,3,2,2026-04-22 18:07:49,1.0,0.243989,0.198929,0.220723,0.442523,0.265698,1.0,0.2108054906129837,30.0,2026-04-22 18:07:49,35.0,7.348085714285714,33.5498,284.57142857142856,30.0,1.0,0.2771733999252319,30.0,2026-04-22 18:07:44,30.0,6.017899999999999,32.830749999999995,234.03333333333333,27.0,1.0,12.33,12.33,1325.0,1.0,12.126,12.126,1273.0,,,,,,,,,,,,,,,,,,
variant:CNN_ASCON_FOG:attempt:3:round:3,CNN_ASCON_FOG,CNN,ASCON,FOG,3,3,2026-04-22 18:08:53,0.983333,0.105656,0.217777,0.278238,0.486137,0.331139,0.9666666388511658,0.154484361410141,30.0,2026-04-22 18:08:53,35.0,6.517,33.414799999999985,284.62857142857143,30.0,1.0,0.0568285062909126,30.0,2026-04-22 18:08:48,32.0,7.36215625,33.97109999999999,227.125,29.0,1.0,12.285,12.285,1333.0,1.0,10.884,10.884,1280.0,,,,,,,,,,,,,,,,,,
variant:CNN_ASCON_FOG:attempt:3:round:4,CNN_ASCON_FOG,CNN,ASCON,FOG,3,4,2026-04-22 18:09:51,0.833333,0.483682,0.215437,0.272886,0.49692,0.331684,0.800000011920929,0.4706498384475708,30.0,2026-04-22 18:09:51,35.0,7.179942857142858,35.7953,284.42857142857144,30.0,0.8666666746139526,0.496713250875473,30.0,2026-04-22 18:09:51,33.0,5.451878787878788,35.822399999999995,223.1818181818182,30.0,1.0,11.782,11.782,1335.0,1.0,20.499,20.499,1277.0,,,,,,,,,,,,,,,,,,
variant:CNN_ASCON_FOG:attempt:3:round:5,CNN_ASCON_FOG,CNN,ASCON,FOG,3,5,2026-04-22 18:10:50,0.733333,0.67002,0.213853,0.254287,0.500141,0.298368,0.7333333492279053,0.6056469082832336,30.0,2026-04-22 18:10:50,35.0,7.653200000000001,35.4564,284.6,30.0,0.7333333492279053,0.7343930006027222,30.0,2026-04-22 18:10:50,33.0,6.175272727272729,33.9794,222.78787878787878,30.0,1.0,14.455,14.455,1330.0,1.0,10.775,10.775,1276.0,,,,,,,,,,,,,,,,,,
variant:CNN_ASCON_FOG:attempt:3:round:6,CNN_ASCON_FOG,CNN,ASCON,FOG,3,6,2026-04-22 18:11:49,0.9,0.374191,0.222211,0.260885,0.548562,0.311213,0.9333333373069764,0.3142556846141815,30.0,2026-04-22 18:11:49,35.0,7.7739714285714285,37.2807,284.0,30.0,0.8666666746139526,0.4341257512569427,30.0,2026-04-22 18:11:48,33.0,7.907727272727272,38.2822,222.3030303030303,30.0,1.0,12.239,12.239,1332.0,1.0,14.87,14.87,1275.0,,,,,,,,,,,,,,,,,,
variant:CNN_ASCON_FOG:attempt:3:round:7,CNN_ASCON_FOG,CNN,ASCON,FOG,3,7,2026-04-22 18:12:48,0.933333,0.270059,0.235056,0.279128,0.593792,0.338527,0.9666666388511658,0.1770749986171722,30.0,2026-04-22 18:12:47,36.0,7.107111111111111,37.195750000000004,279.75,31.0,0.8999999761581421,0.3630438446998596,30.0,2026-04-22 18:12:48,33.0,6.660151515151515,35.337599999999995,222.6060606060606,30.0,1.0,10.456,10.456,1327.0,1.0,10.081,10.081,1274.0,,,,,,,,,,,,,,,,,,
variant:CNN_ASCON_FOG:attempt:3:round:8,CNN_ASCON_FOG,CNN,ASCON,FOG,3,8,2026-04-22 18:13:47,0.933333,0.224632,0.24237,0.287364,0.623214,0.35438,0.9333333373069764,0.2251771539449691,30.0,2026-04-22 18:13:47,34.0,7.0582352941176465,34.047,288.94117647058823,29.0,0.9333333373069764,0.2240867912769317,30.0,2026-04-22 18:13:46,33.0,5.962363636363635,33.4066,222.3030303030303,30.0,1.0,10.743,10.743,1332.0,1.0,14.837,14.837,1275.0,,,,,,,,,,,,,,,,,,
variant:CNN_ASCON_FOG:attempt:3:round:9,CNN_ASCON_FOG,CNN,ASCON,FOG,3,9,2026-04-22 18:14:45,0.833333,0.461774,0.247271,0.282684,0.638806,0.351121,0.800000011920929,0.5245373845100403,30.0,2026-04-22 18:14:45,35.0,7.001314285714286,35.85059999999999,283.34285714285716,30.0,0.8666666746139526,0.3990098237991333,30.0,2026-04-22 18:14:45,33.0,4.9493636363636355,33.19539999999999,222.12121212121212,30.0,1.0,11.133,11.133,1323.0,1.0,10.235,10.235,1265.0,,,,,,,,,,,,,,,,,,
variant:CNN_ASCON_FOG:attempt:3:round:10,CNN_ASCON_FOG,CNN,ASCON,FOG,3,10,2026-04-22 18:15:44,0.916667,0.297539,0.257072,0.296704,0.658183,0.366685,0.9333333373069764,0.2717945873737335,30.0,2026-04-22 18:15:44,35.0,7.224857142857143,36.72859999999999,283.57142857142856,30.0,0.8999999761581421,0.3232838213443756,30.0,2026-04-22 18:15:44,33.0,5.50969696969697,33.4932,222.63636363636363,30.0,1.0,11.076,11.076,1331.0,1.0,14.67,14.67,1277.0,,,,,,,,,,,,,,,,,,
variant:CNN_ASCON_FOG:attempt:3:round:11,CNN_ASCON_FOG,CNN,ASCON,FOG,3,11,2026-04-22 18:16:42,0.933333,0.140273,0.269887,0.320669,0.681653,0.392258,0.9333333373069764,0.1749507784843444,30.0,2026-04-22 18:16:43,35.0,7.33637142857143,36.345099999999995,284.2,30.0,0.9333333373069764,0.1055948957800865,30.0,2026-04-22 18:16:42,33.0,6.043969696969698,34.397,223.4848484848485,30.0,1.0,16.988,16.988,1328.0,1.0,11.225,11.225,1274.0,,,,,,,,,,,,,,,,,,
variant:CNN_ASCON_FOG:attempt:3:round:12,CNN_ASCON_FOG,CNN,ASCON,FOG,3,12,2026-04-22 18:17:41,0.95,0.245804,0.280652,0.338806,0.699937,0.410103,0.9666666388511658,0.2313766926527023,30.0,2026-04-22 18:17:41,36.0,7.13175,35.38175,279.22222222222223,31.0,0.9333333373069764,0.2602309584617615,30.0,2026-04-22 18:17:41,33.0,6.3877575757575755,34.385999999999996,222.66666666666666,30.0,1.0,13.593,13.593,1324.0,1.0,10.467,10.467,1269.0,,,,,,,,,,,,,,,,,,
variant:CNN_ASCON_FOG:attempt:3:round:13,CNN_ASCON_FOG,CNN,ASCON,FOG,3,13,2026-04-22 18:18:40,0.9,0.225899,0.287898,0.346575,0.711684,0.414186,0.9333333373069764,0.1107759475708007,30.0,2026-04-22 18:18:40,35.0,7.728514285714286,37.4633,283.54285714285714,30.0,0.8666666746139526,0.3410219550132751,30.0,2026-04-22 18:18:40,33.0,5.452727272727273,32.596199999999996,221.96969696969697,30.0,1.0,19.135,19.135,1323.0,1.0,15.304,15.304,1270.0,,,,,,,,,,,,,,,,,,
variant:CNN_ASCON_FOG:attempt:3:round:14,CNN_ASCON_FOG,CNN,ASCON,FOG,3,14,2026-04-22 18:19:38,0.983333,0.094782,0.296862,0.345573,0.707857,0.435242,0.9666666388511658,0.1246628537774086,30.0,2026-04-22 18:19:38,34.0,7.985235294117647,40.3977,287.9117647058824,29.0,1.0,0.0649002492427825,30.0,2026-04-22 18:19:38,33.0,5.7127878787878785,31.789599999999993,222.33333333333334,30.0,1.0,11.942,11.942,1328.0,1.0,10.09,10.09,1270.0,,,,,,,,,,,,,,,,,,
variant:CNN_ASCON_FOG:attempt:3:round:15,CNN_ASCON_FOG,CNN,ASCON,FOG,3,15,2026-04-22 18:20:37,0.95,0.117661,0.296585,0.349326,0.710559,0.437531,0.9333333373069764,0.1679073274135589,30.0,2026-04-22 18:20:37,35.0,7.063085714285715,34.76619999999999,283.34285714285716,30.0,0.9666666388511658,0.0674155801534652,30.0,2026-04-22 18:20:36,33.0,5.660424242424242,33.4368,222.8181818181818,30.0,1.0,24.021,24.021,1324.0,1.0,20.514,20.514,1270.0,,,,,,,,,,,,,,,,,,
variant:CNN_ASCON_FOG:attempt:3:round:16,CNN_ASCON_FOG,CNN,ASCON,FOG,3,16,2026-04-22 18:21:35,0.9,0.223285,0.301913,0.356431,0.715372,0.447659,0.8666666746139526,0.2530346810817718,30.0,2026-04-22 18:21:35,36.0,7.294027777777777,39.05875,278.5,31.0,0.9333333373069764,0.193536028265953,30.0,2026-04-22 18:21:35,33.0,6.140333333333334,34.029999999999994,222.66666666666666,30.0,1.0,10.297,10.297,1317.0,1.0,9.974,9.974,1264.0,,,,,,,,,,,,,,,,,,
variant:CNN_ASCON_FOG:attempt:3:round:17,CNN_ASCON_FOG,CNN,ASCON,FOG,3,17,2026-04-22 18:22:34,0.966667,0.119751,0.30936,0.367403,0.723991,0.461537,1.0,0.0453624911606311,30.0,2026-04-22 18:22:34,35.0,7.19717142857143,32.531099999999995,282.42857142857144,30.0,0.9333333373069764,0.1941400915384292,30.0,2026-04-22 18:22:34,33.0,6.138848484848484,33.80299999999999,222.63636363636363,30.0,1.0,11.098,11.098,1324.0,1.0,10.827,10.827,1267.0,,,,,,,,,,,,,,,,,,
variant:CNN_ASCON_FOG:attempt:3:round:18,CNN_ASCON_FOG,CNN,ASCON,FOG,3,18,2026-04-22 18:23:32,0.966667,0.148781,0.316001,0.379603,0.735418,0.476462,1.0,0.0750341713428497,30.0,2026-04-22 18:23:32,34.0,6.953147058823529,35.5758,287.44117647058823,29.0,0.9333333373069764,0.2225282341241836,30.0,2026-04-22 18:23:32,33.0,5.733787878787879,32.415,221.57575757575756,30.0,1.0,11.461,11.461,1319.0,1.0,10.639,10.639,1265.0,,,,,,,,,,,,,,,,,,
variant:CNN_ASCON_FOG:attempt:3:round:19,CNN_ASCON_FOG,CNN,ASCON,FOG,3,19,2026-04-22 18:24:31,0.933333,0.152997,0.32129,0.387593,0.743735,0.485981,0.9666666388511658,0.0837117731571197,30.0,2026-04-22 18:24:30,36.0,6.701583333333334,34.103750000000005,278.52777777777777,31.0,0.8999999761581421,0.2222823798656463,30.0,2026-04-22 18:24:31,33.0,6.354090909090909,35.85,221.0909090909091,30.0,1.0,27.589,27.589,1323.0,1.0,11.462,11.462,1266.0,,,,,,,,,,,,,,,,,,
variant:CNN_ASCON_FOG:attempt:3:round:20,CNN_ASCON_FOG,CNN,ASCON,FOG,3,20,2026-04-22 18:25:36,0.95,0.140719,0.324974,0.39446,0.750759,0.49567,1.0,0.0415299907326698,30.0,2026-04-22 18:25:35,34.0,8.059264705882352,36.4944,288.4117647058824,29.0,0.8999999761581421,0.2399087250232696,30.0,2026-04-22 18:25:29,33.0,9.683242424242424,54.35179999999994,221.84848484848484,30.0,1.0,13.979,13.979,1323.0,1.0,9.98,9.98,1269.0,,,,,,,,,,,,,,,,,,
variant:CNN_ASCON_FOG:attempt:4:round:1,CNN_ASCON_FOG,CNN,ASCON,FOG,4,1,2026-04-22 16:49:13,1.0,0.269986,0.182676,0.29478,0.370276,0.231049,1.0,0.3151843249797821,30.0,2026-04-22 16:49:13,33.0,6.16309090909091,35.4222,225.21212121212122,30.0,1.0,0.2247875034809112,30.0,2026-04-22 16:49:13,36.0,4.9075,12.02225,182.55555555555554,34.0,1.0,17.98,17.98,1333.0,1.0,16.666,16.666,1284.0,,,,,,,,,,,,,,,,,,
variant:CNN_ASCON_FOG:attempt:4:round:2,CNN_ASCON_FOG,CNN,ASCON,FOG,4,2,2026-04-22 16:50:07,1.0,0.078949,0.209099,0.358788,0.456356,0.283414,1.0,0.0924166962504386,30.0,2026-04-22 16:50:07,36.0,7.019444444444445,33.373,280.72222222222223,31.0,1.0,0.0654814168810844,30.0,2026-04-22 16:50:07,30.0,6.114766666666667,34.047599999999996,234.76666666666668,27.0,1.0,11.374,11.374,1332.0,1.0,17.436,17.436,1280.0,,,,,,,,,,,,,,,,,,
variant:CNN_ASCON_FOG:attempt:4:round:3,CNN_ASCON_FOG,CNN,ASCON,FOG,4,3,2026-04-22 16:51:11,1.0,0.014089,0.226417,0.416699,0.504621,0.333023,1.0,0.0154309570789337,30.0,2026-04-22 16:51:11,34.0,8.514823529411764,37.2232,289.8235294117647,29.0,1.0,0.0127465575933456,30.0,2026-04-22 16:51:07,36.0,7.5351944444444445,34.78225,214.88888888888889,33.0,1.0,31.065,31.065,1332.0,1.0,32.998,32.998,1281.0,,,,,,,,,,,,,,,,,,
variant:CNN_ASCON_FOG:attempt:4:round:4,CNN_ASCON_FOG,CNN,ASCON,FOG,4,4,2026-04-22 16:52:09,0.933333,0.105478,0.228195,0.407945,0.484616,0.365719,0.8666666746139526,0.2056837230920791,30.0,2026-04-22 16:52:10,35.0,9.131314285714286,37.85959999999999,284.77142857142854,30.0,1.0,0.0052713388577103,30.0,2026-04-22 16:52:05,33.0,8.06169696969697,36.157399999999996,223.9090909090909,30.0,1.0,10.757,10.757,1331.0,1.0,10.436,10.436,1278.0,,,,,,,,,,,,,,,,,,
variant:CNN_ASCON_FOG:attempt:4:round:5,CNN_ASCON_FOG,CNN,ASCON,FOG,4,5,2026-04-22 16:53:07,0.9,0.213647,0.227657,0.391297,0.481353,0.367117,0.800000011920929,0.4214311838150024,30.0,2026-04-22 16:53:08,35.0,9.27282857142857,36.18899999999999,284.57142857142856,30.0,1.0,0.0058633843436837,30.0,2026-04-22 16:53:03,33.0,7.1856363636363625,35.358599999999996,223.45454545454547,30.0,1.0,10.702,10.702,1336.0,1.0,13.267,13.267,1279.0,,,,,,,,,,,,,,,,,,
variant:CNN_ASCON_FOG:attempt:4:round:6,CNN_ASCON_FOG,CNN,ASCON,FOG,4,6,2026-04-22 16:54:06,0.933333,0.153371,0.230899,0.391114,0.493495,0.376323,0.8666666746139526,0.3018900454044342,30.0,2026-04-22 16:54:06,35.0,9.369485714285714,34.728199999999994,284.37142857142857,30.0,1.0,0.0048517785035073,30.0,2026-04-22 16:54:01,33.0,8.558121212121213,37.879799999999996,223.63636363636363,30.0,1.0,30.748,30.748,1329.0,1.0,17.672,17.672,1275.0,,,,,,,,,,,,,,,,,,
variant:CNN_ASCON_FOG:attempt:4:round:7,CNN_ASCON_FOG,CNN,ASCON,FOG,4,7,2026-04-22 16:55:06,0.883333,0.222659,0.237394,0.392253,0.51019,0.379451,0.7666666507720947,0.4415440857410431,30.0,2026-04-22 16:55:04,35.0,10.128257142857144,59.019699999999936,283.25714285714287,30.0,1.0,0.0037744781002402,30.0,2026-04-22 16:55:00,33.0,8.462333333333333,40.653999999999996,224.06060606060606,30.0,1.0,11.564,11.564,1331.0,1.0,11.271,11.271,1278.0,,,,,,,,,,,,,,,,,,
variant:CNN_ASCON_FOG:attempt:4:round:8,CNN_ASCON_FOG,CNN,ASCON,FOG,4,8,2026-04-22 16:56:04,0.916667,0.164992,0.242195,0.399606,0.525122,0.388433,0.8333333134651184,0.3263859152793884,30.0,2026-04-22 16:56:04,35.0,7.009057142857143,34.2788,284.2,30.0,1.0,0.0035981684923171,30.0,2026-04-22 16:56:00,33.0,7.235666666666666,37.9502,223.21212121212122,30.0,1.0,18.117,18.117,1330.0,1.0,18.244,18.244,1272.0,,,,,,,,,,,,,,,,,,
variant:CNN_ASCON_FOG:attempt:4:round:9,CNN_ASCON_FOG,CNN,ASCON,FOG,4,9,2026-04-22 16:57:02,0.9,0.167079,0.2462,0.408112,0.538423,0.397546,0.800000011920929,0.3321747481822967,30.0,2026-04-22 16:57:03,35.0,8.950800000000001,37.8201,284.0285714285714,30.0,1.0,0.0019839985761791,30.0,2026-04-22 16:56:58,33.0,8.645000000000001,45.91299999999997,223.33333333333334,30.0,1.0,11.322,11.322,1329.0,1.0,10.935,10.935,1276.0,,,,,,,,,,,,,,,,,,
variant:CNN_ASCON_FOG:attempt:4:round:10,CNN_ASCON_FOG,CNN,ASCON,FOG,4,10,2026-04-22 16:58:01,0.883333,0.17487,0.249199,0.410004,0.5432,0.402151,0.7666666507720947,0.3481329977512359,30.0,2026-04-22 16:58:01,35.0,7.64702857142857,33.48799999999999,283.4,30.0,1.0,0.0016067158430814,30.0,2026-04-22 16:57:57,33.0,7.189424242424243,40.25619999999999,223.3030303030303,30.0,1.0,10.797,10.797,1330.0,1.0,14.184,14.184,1272.0,,,,,,,,,,,,,,,,,,
variant:CNN_ASCON_FOG:attempt:4:round:11,CNN_ASCON_FOG,CNN,ASCON,FOG,4,11,2026-04-22 16:58:59,0.866667,0.184899,0.252274,0.413907,0.551509,0.416866,0.7333333492279053,0.3684224188327789,30.0,2026-04-22 16:58:59,35.0,9.17354285714286,34.707699999999996,283.7142857142857,30.0,1.0,0.0013755521504208,30.0,2026-04-22 16:58:55,33.0,6.665212121212122,37.4672,223.9090909090909,30.0,1.0,11.456,11.456,1336.0,1.0,11.516,11.516,1282.0,,,,,,,,,,,,,,,,,,
variant:CNN_ASCON_FOG:attempt:4:round:12,CNN_ASCON_FOG,CNN,ASCON,FOG,4,12,2026-04-22 16:59:58,0.85,0.240692,0.255502,0.415681,0.567642,0.441501,0.699999988079071,0.4802329242229461,30.0,2026-04-22 16:59:58,35.0,6.683971428571428,35.7896,283.14285714285717,30.0,1.0,0.0011514939833432,30.0,2026-04-22 16:59:53,33.0,7.487757575757576,38.810399999999994,223.3030303030303,30.0,1.0,10.691,10.691,1327.0,1.0,13.093,13.093,1273.0,,,,,,,,,,,,,,,,,,
variant:CNN_ASCON_FOG:attempt:4:round:13,CNN_ASCON_FOG,CNN,ASCON,FOG,4,13,2026-04-22 17:00:56,0.883333,0.182128,0.258679,0.415278,0.583637,0.466644,0.7666666507720947,0.3631333112716675,30.0,2026-04-22 17:00:56,35.0,7.659657142857143,36.8624,283.0,30.0,1.0,0.0011236671125516,30.0,2026-04-22 17:00:52,33.0,5.266545454545455,31.6606,223.72727272727272,30.0,1.0,13.084,13.084,1327.0,1.0,15.061,15.061,1274.0,,,,,,,,,,,,,,,,,,
variant:CNN_ASCON_FOG:attempt:4:round:14,CNN_ASCON_FOG,CNN,ASCON,FOG,4,14,2026-04-22 17:01:54,0.916667,0.137493,0.262229,0.409425,0.60376,0.49445,0.8333333134651184,0.2740586698055267,30.0,2026-04-22 17:01:55,35.0,6.8786,35.85009999999999,283.6857142857143,30.0,1.0,0.0009271802264265,30.0,2026-04-22 17:01:50,33.0,5.367666666666666,35.9358,223.24242424242425,30.0,1.0,11.873,11.873,1327.0,1.0,14.793,14.793,1274.0,,,,,,,,,,,,,,,,,,
variant:CNN_ASCON_FOG:attempt:4:round:15,CNN_ASCON_FOG,CNN,ASCON,FOG,4,15,2026-04-22 17:02:53,0.983333,0.049182,0.266206,0.424422,0.620933,0.517643,0.9666666388511658,0.0976251065731048,30.0,2026-04-22 17:02:53,35.0,8.497285714285715,36.411899999999996,284.48571428571427,30.0,1.0,0.000739662325941,30.0,2026-04-22 17:02:49,33.0,6.816242424242423,35.3878,224.06060606060606,30.0,1.0,11.206,11.206,1331.0,1.0,12.458,12.458,1278.0,,,,,,,,,,,,,,,,,,
variant:CNN_ASCON_FOG:attempt:4:round:16,CNN_ASCON_FOG,CNN,ASCON,FOG,4,16,2026-04-22 17:03:52,0.966667,0.058826,0.269405,0.437318,0.633091,0.534649,0.9333333373069764,0.1169954538345336,30.0,2026-04-22 17:03:52,35.0,9.497257142857142,47.358399999999875,284.48571428571427,30.0,1.0,0.000656347896438,30.0,2026-04-22 17:03:47,33.0,8.122363636363637,44.47939999999997,223.21212121212122,30.0,1.0,10.402,10.402,1331.0,1.0,10.091,10.091,1274.0,,,,,,,,,,,,,,,,,,
variant:CNN_ASCON_FOG:attempt:4:round:17,CNN_ASCON_FOG,CNN,ASCON,FOG,4,17,2026-04-22 17:04:50,0.95,0.092705,0.272928,0.444329,0.642458,0.5472,0.8999999761581421,0.1849162727594375,30.0,2026-04-22 17:04:51,35.0,6.756942857142857,33.97099999999999,283.37142857142857,30.0,1.0,0.0004943270469084,30.0,2026-04-22 17:04:46,33.0,7.138999999999999,40.766799999999996,223.42424242424244,30.0,1.0,14.593,14.593,1331.0,1.0,10.255,10.255,1275.0,,,,,,,,,,,,,,,,,,
variant:CNN_ASCON_FOG:attempt:4:round:18,CNN_ASCON_FOG,CNN,ASCON,FOG,4,18,2026-04-22 17:05:49,0.966667,0.059955,0.276903,0.452526,0.653277,0.563461,0.9333333373069764,0.1194263994693756,30.0,2026-04-22 17:05:49,35.0,9.115285714285715,36.9396,283.37142857142857,30.0,1.0,0.0004836879670619,30.0,2026-04-22 17:05:44,33.0,6.2896363636363635,40.0762,223.12121212121212,30.0,1.0,11.58,11.58,1325.0,1.0,12.542,12.542,1271.0,,,,,,,,,,,,,,,,,,
variant:CNN_ASCON_FOG:attempt:4:round:19,CNN_ASCON_FOG,CNN,ASCON,FOG,4,19,2026-04-22 17:06:47,1.0,0.071495,0.280506,0.45129,0.655818,0.574859,1.0,0.1425040513277053,30.0,2026-04-22 17:06:48,35.0,6.643028571428572,34.3038,282.85714285714283,30.0,1.0,0.0004867479729,30.0,2026-04-22 17:06:43,33.0,5.087939393939394,34.3898,223.03030303030303,30.0,1.0,14.539,14.539,1320.0,1.0,13.383,13.383,1272.0,,,,,,,,,,,,,,,,,,
variant:CNN_ASCON_FOG:attempt:4:round:20,CNN_ASCON_FOG,CNN,ASCON,FOG,4,20,2026-04-22 17:07:46,1.0,0.071088,0.283422,0.456059,0.667301,0.592045,1.0,0.1416170448064804,30.0,2026-04-22 17:07:46,35.0,7.008714285714286,34.9323,282.4,30.0,1.0,0.0005586215411312,30.0,2026-04-22 17:07:41,33.0,6.075212121212121,33.89719999999999,222.8181818181818,30.0,1.0,11.07,11.07,1315.0,1.0,15.413,15.413,1267.0,,,,,,,,,,,,,,,,,,
variant:CNN_ASCON_FOG:attempt:5:round:1,CNN_ASCON_FOG,CNN,ASCON,FOG,5,1,2026-04-22 17:21:22,1.0,0.529764,0.18288,0.270554,0.358312,0.158175,1.0,0.2150257676839828,30.0,2026-04-22 17:21:23,33.0,5.995060606060606,34.0956,224.8181818181818,30.0,1.0,0.8445013761520386,30.0,2026-04-22 17:21:18,39.0,5.873461538461538,14.11940000000003,177.69230769230768,37.0,1.0,11.406,11.406,1335.0,1.0,19.074,19.074,1282.0,,,,,,,,,,,,,,,,,,
variant:CNN_ASCON_FOG:attempt:5:round:2,CNN_ASCON_FOG,CNN,ASCON,FOG,5,2,2026-04-22 17:22:16,1.0,0.272002,0.202593,0.301356,0.420547,0.166792,1.0,0.1903126090764999,30.0,2026-04-22 17:22:16,35.0,7.270171428571428,34.90439999999999,285.2,30.0,1.0,0.3536905944347381,30.0,2026-04-22 17:22:11,30.0,8.075233333333333,44.45044999999997,234.56666666666666,27.0,1.0,13.407,13.407,1333.0,1.0,11.983,11.983,1281.0,,,,,,,,,,,,,,,,,,
variant:CNN_ASCON_FOG:attempt:5:round:3,CNN_ASCON_FOG,CNN,ASCON,FOG,5,3,2026-04-22 17:23:19,1.0,0.038066,0.226989,0.35437,0.474777,0.200841,1.0,0.0349318347871303,30.0,2026-04-22 17:23:19,35.0,7.3831999999999995,33.073899999999995,284.8857142857143,30.0,1.0,0.0412004925310611,30.0,2026-04-22 17:23:10,36.0,7.176722222222221,34.281499999999994,214.88888888888889,33.0,1.0,12.769,12.769,1327.0,1.0,12.534,12.534,1276.0,,,,,,,,,,,,,,,,,,
variant:CNN_ASCON_FOG:attempt:5:round:4,CNN_ASCON_FOG,CNN,ASCON,FOG,5,4,2026-04-22 17:24:17,0.9,0.258716,0.232506,0.35682,0.477634,0.212408,0.800000011920929,0.5080711245536804,30.0,2026-04-22 17:24:17,35.0,7.501742857142856,36.094899999999996,282.8,30.0,1.0,0.0093613695353269,30.0,2026-04-22 17:24:08,33.0,8.836939393939394,44.83459999999997,223.03030303030303,30.0,1.0,16.329,16.329,1326.0,1.0,19.948,19.948,1272.0,,,,,,,,,,,,,,,,,,
variant:CNN_ASCON_FOG:attempt:5:round:5,CNN_ASCON_FOG,CNN,ASCON,FOG,5,5,2026-04-22 17:25:16,0.916667,0.25247,0.24106,0.354026,0.487505,0.214976,0.8333333134651184,0.4970498979091644,30.0,2026-04-22 17:25:16,35.0,8.87462857142857,35.84299999999999,283.0857142857143,30.0,1.0,0.0078900586813688,30.0,2026-04-22 17:25:06,33.0,5.764757575757575,33.7192,222.75757575757575,30.0,1.0,26.989,26.989,1325.0,1.0,27.389,27.389,1272.0,,,,,,,,,,,,,,,,,,
variant:CNN_ASCON_FOG:attempt:5:round:6,CNN_ASCON_FOG,CNN,ASCON,FOG,5,6,2026-04-22 17:26:14,0.983333,0.100882,0.251779,0.367935,0.511085,0.231115,0.9666666388511658,0.1952326595783233,30.0,2026-04-22 17:26:14,35.0,7.451428571428572,36.7733,283.8285714285714,30.0,1.0,0.0065317582339048,30.0,2026-04-22 17:26:04,33.0,7.668424242424242,37.213,222.78787878787878,30.0,1.0,11.054,11.054,1325.0,1.0,10.456,10.456,1271.0,,,,,,,,,,,,,,,,,,
variant:CNN_ASCON_FOG:attempt:5:round:7,CNN_ASCON_FOG,CNN,ASCON,FOG,5,7,2026-04-22 17:27:14,0.916667,0.213776,0.258536,0.379325,0.528594,0.239745,0.8333333134651184,0.423318862915039,30.0,2026-04-22 17:27:13,35.0,7.412457142857142,34.25429999999999,282.51428571428573,30.0,1.0,0.0042335581965744,30.0,2026-04-22 17:27:03,33.0,8.348454545454544,36.014199999999995,222.87878787878788,30.0,1.0,11.37,11.37,1321.0,1.0,13.572,13.572,1268.0,,,,,,,,,,,,,,,,,,
variant:CNN_ASCON_FOG:attempt:5:round:8,CNN_ASCON_FOG,CNN,ASCON,FOG,5,8,2026-04-22 17:28:12,0.983333,0.055784,0.264879,0.391974,0.54063,0.250912,0.9666666388511658,0.1086689755320549,30.0,2026-04-22 17:28:13,35.0,9.495971428571428,34.5767,283.8285714285714,30.0,1.0,0.002899597864598,30.0,2026-04-22 17:28:03,33.0,5.817090909090909,33.913399999999996,222.57575757575756,30.0,1.0,77.712,77.712,1326.0,1.0,107.268,107.268,1269.0,,,,,,,,,,,,,,,,,,
variant:CNN_ASCON_FOG:attempt:5:round:9,CNN_ASCON_FOG,CNN,ASCON,FOG,5,9,2026-04-22 17:29:11,0.95,0.14006,0.269944,0.400031,0.551799,0.260488,0.8999999761581421,0.2783598005771637,30.0,2026-04-22 17:29:12,35.0,7.878514285714285,32.6698,283.2,30.0,1.0,0.0017602110747247,30.0,2026-04-22 17:29:02,33.0,6.303696969696969,31.924799999999994,223.0909090909091,30.0,1.0,10.826,10.826,1324.0,1.0,12.603,12.603,1266.0,,,,,,,,,,,,,,,,,,
variant:CNN_ASCON_FOG:attempt:5:round:10,CNN_ASCON_FOG,CNN,ASCON,FOG,5,10,2026-04-22 17:30:12,0.95,0.098733,0.274241,0.404511,0.554471,0.272534,0.8999999761581421,0.1957876682281494,30.0,2026-04-22 17:30:12,35.0,8.3968,35.62469999999999,282.22857142857146,30.0,1.0,0.001679005799815,30.0,2026-04-22 17:30:00,33.0,7.523272727272726,35.0798,222.9090909090909,30.0,1.0,33.438,33.438,1323.0,1.0,37.301,37.301,1268.0,,,,,,,,,,,,,,,,,,
variant:CNN_ASCON_FOG:attempt:5:round:11,CNN_ASCON_FOG,CNN,ASCON,FOG,5,11,2026-04-22 17:31:11,0.983333,0.052221,0.279512,0.417098,0.563872,0.289946,0.9666666388511658,0.1027899235486984,30.0,2026-04-22 17:31:11,35.0,7.897714285714287,34.519299999999994,283.8,30.0,1.0,0.0016529685817658,30.0,2026-04-22 17:31:01,33.0,5.1099696969696975,31.608799999999995,222.96969696969697,30.0,1.0,12.12,12.12,1325.0,1.0,16.821,16.821,1268.0,,,,,,,,,,,,,,,,,,
variant:CNN_ASCON_FOG:attempt:5:round:12,CNN_ASCON_FOG,CNN,ASCON,FOG,5,12,2026-04-22 17:32:11,0.966667,0.104798,0.283673,0.423514,0.571403,0.302292,0.9333333373069764,0.2086030095815658,30.0,2026-04-22 17:32:09,35.0,10.688371428571427,51.749099999999856,283.37142857142857,30.0,1.0,0.0009923182660713,30.0,2026-04-22 17:32:00,33.0,6.186333333333334,31.465999999999994,222.33333333333334,30.0,1.0,124.802,124.802,1325.0,1.0,167.45,167.45,1268.0,,,,,,,,,,,,,,,,,,
variant:CNN_ASCON_FOG:attempt:5:round:13,CNN_ASCON_FOG,CNN,ASCON,FOG,5,13,2026-04-22 17:33:10,0.933333,0.109743,0.288368,0.42999,0.579472,0.314549,0.8666666746139526,0.2186983972787857,30.0,2026-04-22 17:33:10,35.0,9.263257142857144,36.149499999999975,282.22857142857146,30.0,1.0,0.0007867809617891,30.0,2026-04-22 17:33:00,33.0,7.4873939393939395,31.508399999999998,222.66666666666666,30.0,1.0,20.189,20.189,1322.0,1.0,20.508,20.508,1265.0,,,,,,,,,,,,,,,,,,
variant:CNN_ASCON_FOG:attempt:5:round:14,CNN_ASCON_FOG,CNN,ASCON,FOG,5,14,2026-04-22 17:34:08,0.966667,0.076122,0.293305,0.441737,0.588521,0.331626,0.9333333373069764,0.1515277922153473,30.0,2026-04-22 17:34:09,35.0,7.3140285714285715,34.3014,282.8285714285714,30.0,1.0,0.0007154181366786,30.0,2026-04-22 17:33:59,33.0,7.657545454545454,33.7686,222.5151515151515,30.0,1.0,13.705,13.705,1319.0,1.0,13.76,13.76,1266.0,,,,,,,,,,,,,,,,,,
variant:CNN_ASCON_FOG:attempt:5:round:15,CNN_ASCON_FOG,CNN,ASCON,FOG,5,15,2026-04-22 17:35:06,0.95,0.083507,0.298661,0.452242,0.598317,0.346753,0.8999999761581421,0.1664703488349914,30.0,2026-04-22 17:35:07,35.0,7.374828571428572,34.25,282.2857142857143,30.0,1.0,0.0005436800420284,30.0,2026-04-22 17:34:59,31.0,8.659774193548387,45.797,228.96774193548387,28.0,1.0,21.472,21.472,1321.0,1.0,35.174,35.174,1267.0,,,,,,,,,,,,,,,,,,
variant:CNN_ASCON_FOG:attempt:5:round:16,CNN_ASCON_FOG,CNN,ASCON,FOG,5,16,2026-04-22 17:36:05,0.983333,0.069239,0.304316,0.471481,0.61268,0.370151,0.9666666388511658,0.1377809941768646,30.0,2026-04-22 17:36:05,35.0,8.85577142857143,34.504599999999975,282.22857142857146,30.0,1.0,0.0006963494815863,30.0,2026-04-22 17:36:00,33.0,8.505727272727274,43.70079999999997,222.33333333333334,30.0,1.0,12.235,12.235,1315.0,1.0,11.681,11.681,1261.0,,,,,,,,,,,,,,,,,,
variant:CNN_ASCON_FOG:attempt:5:round:17,CNN_ASCON_FOG,CNN,ASCON,FOG,5,17,2026-04-22 17:37:04,0.966667,0.069735,0.309298,0.487408,0.626376,0.389777,0.9333333373069764,0.1388199478387832,30.0,2026-04-22 17:37:04,35.0,7.6486285714285716,32.9478,281.8,30.0,1.0,0.0006508930819109,30.0,2026-04-22 17:36:59,33.0,6.537030303030304,34.9876,222.12121212121212,30.0,1.0,14.026,14.026,1314.0,1.0,15.25,15.25,1261.0,,,,,,,,,,,,,,,,,,
variant:CNN_ASCON_FOG:attempt:5:round:18,CNN_ASCON_FOG,CNN,ASCON,FOG,5,18,2026-04-22 17:38:03,1.0,0.027807,0.313087,0.49857,0.63468,0.403903,1.0,0.055090669542551,30.0,2026-04-22 17:38:03,35.0,8.292485714285712,34.66929999999999,281.37142857142857,30.0,1.0,0.0005236934521235,30.0,2026-04-22 17:37:57,33.0,7.947121212121212,38.509599999999985,222.21212121212122,30.0,1.0,11.235,11.235,1306.0,1.0,11.838,11.838,1255.0,,,,,,,,,,,,,,,,,,
variant:CNN_ASCON_FOG:attempt:5:round:19,CNN_ASCON_FOG,CNN,ASCON,FOG,5,19,2026-04-22 17:39:01,1.0,0.016806,0.316439,0.508523,0.640887,0.416373,1.0,0.0328894555568695,30.0,2026-04-22 17:39:01,35.0,9.268285714285714,35.55669999999998,281.9428571428571,30.0,1.0,0.0007230136543512,30.0,2026-04-22 17:38:56,33.0,7.644909090909091,36.282399999999996,221.87878787878788,30.0,1.0,13.758,13.758,1315.0,1.0,10.794,10.794,1263.0,,,,,,,,,,,,,,,,,,
variant:CNN_ASCON_FOG:attempt:5:round:20,CNN_ASCON_FOG,CNN,ASCON,FOG,5,20,2026-04-22 17:39:59,1.0,0.024727,0.319688,0.518112,0.645329,0.427696,1.0,0.0490677766501903,30.0,2026-04-22 17:39:59,35.0,7.376542857142858,33.416,282.62857142857143,30.0,1.0,0.0003860619617626,30.0,2026-04-22 17:39:54,33.0,7.4979696969696965,36.436,222.63636363636363,30.0,1.0,11.449,11.449,1320.0,1.0,14.042,14.042,1268.0,,,,,,,,,,,,,,,,,,
variant:CNN_ASCON_FOG:attempt:6:round:1,CNN_ASCON_FOG,CNN,ASCON,FOG,6,1,2026-04-22 16:01:17,0.766667,0.775224,0.197607,0.290278,0.271831,0.21532,0.6666666865348816,0.7785906195640564,30.0,2026-04-22 16:01:17,37.0,5.002837837837839,32.355999999999995,212.0,34.0,0.8666666746139526,0.7718570828437805,30.0,2026-04-22 16:01:18,37.0,5.132108108108108,11.290999999999876,179.24324324324326,35.0,1.0,10.792,10.792,1343.0,1.0,11.552,11.552,1285.0,,,,,,,,,,,,,,,,,,
variant:CNN_ASCON_FOG:attempt:6:round:2,CNN_ASCON_FOG,CNN,ASCON,FOG,6,2,2026-04-22 16:02:11,0.75,0.776284,0.205017,0.31127,0.299017,0.228365,0.699999988079071,0.8189403414726257,30.0,2026-04-22 16:02:11,32.0,7.7291875,33.58615,299.28125,27.0,0.800000011920929,0.7336282134056091,30.0,2026-04-22 16:02:11,30.0,6.788366666666666,34.18074999999999,233.33333333333334,27.0,1.0,11.732,11.732,1329.0,1.0,11.651,11.651,1281.0,,,,,,,,,,,,,,,,,,
variant:CNN_ASCON_FOG:attempt:6:round:3,CNN_ASCON_FOG,CNN,ASCON,FOG,6,3,2026-04-22 16:03:09,0.8,0.551996,0.216204,0.337835,0.352154,0.246435,0.7333333492279053,0.6045657992362976,30.0,2026-04-22 16:03:09,35.0,8.099742857142857,34.306599999999996,283.85714285714283,30.0,0.8666666746139526,0.4994255006313324,30.0,2026-04-22 16:03:09,33.0,6.4508787878787865,37.0304,223.12121212121212,30.0,1.0,22.299,22.299,1332.0,1.0,27.946,27.946,1276.0,,,,,,,,,,,,,,,,,,
variant:CNN_ASCON_FOG:attempt:6:round:4,CNN_ASCON_FOG,CNN,ASCON,FOG,6,4,2026-04-22 16:04:08,0.85,0.344656,0.230979,0.372701,0.416508,0.266264,0.8333333134651184,0.3697461485862732,30.0,2026-04-22 16:04:08,35.0,8.333085714285716,34.340399999999995,284.2,30.0,0.8666666746139526,0.3195658028125763,30.0,2026-04-22 16:04:08,33.0,6.284939393939394,34.78959999999999,222.4848484848485,30.0,1.0,10.414,10.414,1333.0,1.0,10.294,10.294,1280.0,,,,,,,,,,,,,,,,,,
variant:CNN_ASCON_FOG:attempt:6:round:5,CNN_ASCON_FOG,CNN,ASCON,FOG,6,5,2026-04-22 16:05:06,0.85,0.412659,0.244138,0.393958,0.460278,0.28446,0.7666666507720947,0.4447455108165741,30.0,2026-04-22 16:05:06,35.0,7.7943428571428575,34.753699999999995,283.74285714285713,30.0,0.9333333373069764,0.3805721998214721,30.0,2026-04-22 16:05:06,33.0,6.5598484848484855,35.364200000000004,222.5151515151515,30.0,1.0,10.563,10.563,1331.0,1.0,14.688,14.688,1274.0,,,,,,,,,,,,,,,,,,
variant:CNN_ASCON_FOG:attempt:6:round:6,CNN_ASCON_FOG,CNN,ASCON,FOG,6,6,2026-04-22 16:06:04,0.9,0.246133,0.253825,0.422157,0.488789,0.307346,0.8666666746139526,0.3005591034889221,30.0,2026-04-22 16:06:04,35.0,7.3426,33.755799999999994,283.0571428571429,30.0,0.9333333373069764,0.1917078644037246,30.0,2026-04-22 16:06:05,33.0,6.507727272727273,35.90299999999999,222.54545454545453,30.0,1.0,10.832,10.832,1326.0,1.0,10.663,10.663,1268.0,,,,,,,,,,,,,,,,,,
variant:CNN_ASCON_FOG:attempt:6:round:7,CNN_ASCON_FOG,CNN,ASCON,FOG,6,7,2026-04-22 16:07:03,0.9,0.297541,0.263092,0.436345,0.509326,0.328259,0.9333333373069764,0.3160616755485534,30.0,2026-04-22 16:07:03,35.0,6.5107428571428585,32.9685,281.42857142857144,30.0,0.8666666746139526,0.2790211737155914,30.0,2026-04-22 16:07:03,33.0,5.9502424242424246,34.79019999999999,221.21212121212122,30.0,1.0,11.583,11.583,1328.0,1.0,16.27,16.27,1271.0,,,,,,,,,,,,,,,,,,
variant:CNN_ASCON_FOG:attempt:6:round:8,CNN_ASCON_FOG,CNN,ASCON,FOG,6,8,2026-04-22 16:08:01,0.916667,0.211839,0.271911,0.465261,0.532962,0.346011,0.8999999761581421,0.2506352066993713,30.0,2026-04-22 16:08:01,35.0,7.780371428571428,34.302099999999996,283.65714285714284,30.0,0.9333333373069764,0.1730426400899887,30.0,2026-04-22 16:08:01,33.0,6.2452424242424245,34.6516,222.36363636363637,30.0,1.0,16.295,16.295,1331.0,1.0,14.828,14.828,1274.0,,,,,,,,,,,,,,,,,,
variant:CNN_ASCON_FOG:attempt:6:round:9,CNN_ASCON_FOG,CNN,ASCON,FOG,6,9,2026-04-22 16:09:00,0.95,0.153268,0.278631,0.48131,0.546339,0.362631,0.9333333373069764,0.1679144501686096,30.0,2026-04-22 16:09:00,35.0,7.7383999999999995,34.945899999999995,283.0285714285714,30.0,0.9666666388511658,0.1386212408542633,30.0,2026-04-22 16:09:00,33.0,7.807939393939393,36.3502,222.3939393939394,30.0,1.0,20.947,20.947,1326.0,1.0,14.102,14.102,1268.0,,,,,,,,,,,,,,,,,,
variant:CNN_ASCON_FOG:attempt:6:round:10,CNN_ASCON_FOG,CNN,ASCON,FOG,6,10,2026-04-22 16:09:58,0.883333,0.288559,0.282306,0.488932,0.556957,0.376625,0.9666666388511658,0.1670842468738556,30.0,2026-04-22 16:09:58,35.0,7.739228571428571,34.9056,283.1714285714286,30.0,0.800000011920929,0.4100343585014343,30.0,2026-04-22 16:09:58,33.0,6.698030303030303,35.5798,223.27272727272728,30.0,1.0,17.729,17.729,1331.0,1.0,14.24,14.24,1277.0,,,,,,,,,,,,,,,,,,
variant:CNN_ASCON_FOG:attempt:6:round:11,CNN_ASCON_FOG,CNN,ASCON,FOG,6,11,2026-04-22 16:10:56,0.883333,0.237062,0.28569,0.491885,0.561786,0.389839,0.8666666746139526,0.2501606047153473,30.0,2026-04-22 16:10:56,35.0,7.656057142857143,34.591699999999996,283.25714285714287,30.0,0.8999999761581421,0.2239634543657302,30.0,2026-04-22 16:10:57,33.0,6.137363636363635,35.7724,221.78787878787878,30.0,1.0,12.268,12.268,1325.0,1.0,12.309,12.309,1271.0,,,,,,,,,,,,,,,,,,
variant:CNN_ASCON_FOG:attempt:6:round:12,CNN_ASCON_FOG,CNN,ASCON,FOG,6,12,2026-04-22 16:11:55,0.966667,0.118967,0.291919,0.506046,0.566642,0.410426,0.9666666388511658,0.1308925300836563,30.0,2026-04-22 16:11:55,35.0,8.001085714285715,36.8756,282.85714285714283,30.0,0.9666666388511658,0.1070422157645225,30.0,2026-04-22 16:11:56,33.0,6.3456363636363635,35.135799999999996,223.15151515151516,30.0,1.0,10.44,10.44,1325.0,1.0,13.083,13.083,1268.0,,,,,,,,,,,,,,,,,,
variant:CNN_ASCON_FOG:attempt:6:round:13,CNN_ASCON_FOG,CNN,ASCON,FOG,6,13,2026-04-22 16:12:54,0.95,0.135209,0.298007,0.515299,0.574723,0.427512,0.9666666388511658,0.102720983326435,30.0,2026-04-22 16:12:54,35.0,7.591228571428573,35.641099999999994,282.9714285714286,30.0,0.9333333373069764,0.1676962226629257,30.0,2026-04-22 16:12:54,33.0,6.238212121212122,33.4208,221.78787878787878,30.0,1.0,10.168,10.168,1330.0,1.0,12.668,12.668,1275.0,,,,,,,,,,,,,,,,,,
variant:CNN_ASCON_FOG:attempt:6:round:14,CNN_ASCON_FOG,CNN,ASCON,FOG,6,14,2026-04-22 16:13:53,0.983333,0.143291,0.300882,0.52639,0.583434,0.437109,0.9666666388511658,0.2098547369241714,30.0,2026-04-22 16:13:53,34.0,7.971323529411764,39.449,287.4117647058824,29.0,1.0,0.0767272487282753,30.0,2026-04-22 16:13:52,33.0,6.09030303030303,33.814600000000006,222.1818181818182,30.0,1.0,10.683,10.683,1326.0,1.0,11.341,11.341,1269.0,,,,,,,,,,,,,,,,,,
variant:CNN_ASCON_FOG:attempt:6:round:15,CNN_ASCON_FOG,CNN,ASCON,FOG,6,15,2026-04-22 16:14:51,0.783333,0.451678,0.303411,0.528383,0.582882,0.443858,0.9333333373069764,0.1311252266168594,30.0,2026-04-22 16:14:51,36.0,6.644749999999999,36.51075,278.8888888888889,31.0,0.6333333253860474,0.7722305059432983,30.0,2026-04-22 16:14:51,33.0,6.292575757575758,33.881,220.5151515151515,30.0,1.0,10.46,10.46,1323.0,1.0,13.269,13.269,1265.0,,,,,,,,,,,,,,,,,,
variant:CNN_ASCON_FOG:attempt:6:round:16,CNN_ASCON_FOG,CNN,ASCON,FOG,6,16,2026-04-22 16:15:51,0.9,0.195909,0.305685,0.539339,0.588749,0.451841,0.8666666746139526,0.1941836029291153,30.0,2026-04-22 16:15:50,35.0,7.033542857142858,36.96499999999999,283.0285714285714,30.0,0.9333333373069764,0.197634220123291,30.0,2026-04-22 16:15:51,33.0,5.1705151515151515,37.1686,221.75757575757575,30.0,1.0,11.283,11.283,1325.0,1.0,13.553,13.553,1268.0,,,,,,,,,,,,,,,,,,
variant:CNN_ASCON_FOG:attempt:6:round:17,CNN_ASCON_FOG,CNN,ASCON,FOG,6,17,2026-04-22 16:16:50,0.933333,0.175158,0.310786,0.55281,0.597715,0.46413,0.8999999761581421,0.2349415719509124,30.0,2026-04-22 16:16:50,34.0,7.255823529411764,41.2307,287.52941176470586,29.0,0.9666666388511658,0.1153754070401191,30.0,2026-04-22 16:16:50,33.0,4.964484848484849,34.58579999999999,221.8181818181818,30.0,1.0,13.998,13.998,1326.0,1.0,12.733,12.733,1269.0,,,,,,,,,,,,,,,,,,
variant:CNN_ASCON_FOG:attempt:6:round:18,CNN_ASCON_FOG,CNN,ASCON,FOG,6,18,2026-04-22 16:17:48,0.933333,0.153363,0.315483,0.555505,0.602919,0.468222,1.0,0.1029457375407219,30.0,2026-04-22 16:17:48,36.0,7.2219444444444445,35.012,277.80555555555554,31.0,0.8666666746139526,0.2037797421216964,30.0,2026-04-22 16:17:48,33.0,6.701515151515151,38.24939999999999,221.3030303030303,30.0,1.0,10.494,10.494,1323.0,1.0,10.271,10.271,1266.0,,,,,,,,,,,,,,,,,,
variant:CNN_ASCON_FOG:attempt:6:round:19,CNN_ASCON_FOG,CNN,ASCON,FOG,6,19,2026-04-22 16:18:46,0.916667,0.134416,0.320101,0.56535,0.606949,0.477478,0.8666666746139526,0.1704151183366775,30.0,2026-04-22 16:18:47,35.0,8.04557142857143,36.1584,282.57142857142856,30.0,0.9666666388511658,0.0984177589416503,30.0,2026-04-22 16:18:46,33.0,5.983242424242424,35.2998,220.5151515151515,30.0,1.0,15.219,15.219,1322.0,1.0,11.463,11.463,1269.0,,,,,,,,,,,,,,,,,,
variant:CNN_ASCON_FOG:attempt:6:round:20,CNN_ASCON_FOG,CNN,ASCON,FOG,6,20,2026-04-22 16:19:45,0.95,0.150578,0.321553,0.572913,0.610568,0.48373,0.9666666388511658,0.1146145015954971,30.0,2026-04-22 16:19:45,35.0,8.211971428571427,37.486799999999995,282.37142857142857,30.0,0.9333333373069764,0.1865420192480087,30.0,2026-04-22 16:19:45,33.0,6.231575757575757,34.879599999999996,222.0,30.0,1.0,11.038,11.038,1322.0,1.0,13.891,13.891,1268.0,,,,,,,,,,,,,,,,,,
variant:CNN_ASCON_FOG:attempt:7:round:1,CNN_ASCON_FOG,CNN,ASCON,FOG,7,1,2026-04-22 16:22:45,0.8,0.742458,0.173017,0.256041,0.339632,0.175258,0.699999988079071,0.7234936952590942,30.0,2026-04-22 16:22:44,37.0,4.966027027027027,32.17419999999999,212.1891891891892,34.0,0.8999999761581421,0.7614228129386902,30.0,2026-04-22 16:22:45,36.0,4.429722222222222,12.031500000000001,180.97222222222223,34.0,1.0,15.498,15.498,1333.0,1.0,10.315,10.315,1279.0,,,,,,,,,,,,,,,,,,
variant:CNN_ASCON_FOG:attempt:7:round:2,CNN_ASCON_FOG,CNN,ASCON,FOG,7,2,2026-04-22 16:23:38,0.866667,0.615341,0.185921,0.28698,0.391614,0.170238,0.8999999761581421,0.6312021613121033,30.0,2026-04-22 16:23:38,32.0,8.802375,36.045300000000005,300.5625,27.0,0.8333333134651184,0.5994794368743896,30.0,2026-04-22 16:23:38,30.0,5.3713999999999995,36.72234999999999,231.13333333333333,27.0,1.0,10.738,10.738,1331.0,1.0,12.328,12.328,1277.0,,,,,,,,,,,,,,,,,,
variant:CNN_ASCON_FOG:attempt:7:round:3,CNN_ASCON_FOG,CNN,ASCON,FOG,7,3,2026-04-22 16:24:37,0.8,0.508413,0.201546,0.329863,0.457546,0.164853,0.9333333373069764,0.365104079246521,30.0,2026-04-22 16:24:37,35.0,9.079142857142857,38.78779999999999,284.2857142857143,30.0,0.6666666865348816,0.6517218351364136,30.0,2026-04-22 16:24:37,33.0,5.475696969696969,38.2428,223.5151515151515,30.0,1.0,10.622,10.622,1331.0,1.0,11.346,11.346,1276.0,,,,,,,,,,,,,,,,,,
variant:CNN_ASCON_FOG:attempt:7:round:4,CNN_ASCON_FOG,CNN,ASCON,FOG,7,4,2026-04-22 16:25:35,0.8,0.532685,0.207462,0.332045,0.494055,0.183166,0.7333333492279053,0.5212261080741882,30.0,2026-04-22 16:25:35,35.0,7.489314285714286,35.7142,282.85714285714283,30.0,0.8666666746139526,0.5441442728042603,30.0,2026-04-22 16:25:35,33.0,5.3316060606060605,35.3124,223.1818181818182,30.0,1.0,12.687,12.687,1335.0,1.0,11.597,11.597,1280.0,,,,,,,,,,,,,,,,,,
variant:CNN_ASCON_FOG:attempt:7:round:5,CNN_ASCON_FOG,CNN,ASCON,FOG,7,5,2026-04-22 16:26:34,0.866667,0.474147,0.214369,0.342338,0.527574,0.219062,0.8666666746139526,0.4716264307498932,30.0,2026-04-22 16:26:34,35.0,7.024057142857143,35.799299999999995,283.3142857142857,30.0,0.8666666746139526,0.4766682386398315,30.0,2026-04-22 16:26:34,33.0,6.030969696969697,33.776199999999996,221.54545454545453,30.0,1.0,11.946,11.946,1332.0,1.0,10.562,10.562,1275.0,,,,,,,,,,,,,,,,,,
variant:CNN_ASCON_FOG:attempt:7:round:6,CNN_ASCON_FOG,CNN,ASCON,FOG,7,6,2026-04-22 16:27:33,0.866667,0.361383,0.226204,0.374613,0.561509,0.233289,0.8333333134651184,0.3563332855701446,30.0,2026-04-22 16:27:33,34.0,6.9842941176470585,34.96835,288.11764705882354,29.0,0.8999999761581421,0.3664324879646301,30.0,2026-04-22 16:27:33,33.0,6.421454545454545,34.05239999999999,220.6969696969697,30.0,1.0,11.609,11.609,1331.0,1.0,11.916,11.916,1273.0,,,,,,,,,,,,,,,,,,
variant:CNN_ASCON_FOG:attempt:7:round:7,CNN_ASCON_FOG,CNN,ASCON,FOG,7,7,2026-04-22 16:28:31,0.966667,0.271493,0.235076,0.400766,0.586683,0.264253,0.9666666388511658,0.2620229423046112,30.0,2026-04-22 16:28:32,35.0,7.478857142857143,35.2905,283.2,30.0,0.9666666388511658,0.2809634506702423,30.0,2026-04-22 16:28:31,33.0,6.5772424242424234,34.669,221.12121212121212,30.0,1.0,10.658,10.658,1331.0,1.0,14.806,14.806,1274.0,,,,,,,,,,,,,,,,,,
variant:CNN_ASCON_FOG:attempt:7:round:8,CNN_ASCON_FOG,CNN,ASCON,FOG,7,8,2026-04-22 16:29:29,0.916667,0.268619,0.245328,0.432696,0.603383,0.293861,0.9333333373069764,0.2233059406280517,30.0,2026-04-22 16:29:30,36.0,6.623833333333334,33.767250000000004,276.77777777777777,31.0,0.8999999761581421,0.3139319121837616,30.0,2026-04-22 16:29:30,33.0,6.417848484848485,33.6194,221.87878787878788,30.0,1.0,21.81,21.81,1327.0,1.0,21.434,21.434,1273.0,,,,,,,,,,,,,,,,,,
variant:CNN_ASCON_FOG:attempt:7:round:9,CNN_ASCON_FOG,CNN,ASCON,FOG,7,9,2026-04-22 16:30:29,0.933333,0.168416,0.252449,0.453092,0.615407,0.323437,1.0,0.0726215317845344,30.0,2026-04-22 16:30:28,35.0,7.302857142857143,33.863,281.45714285714286,30.0,0.8666666746139526,0.2642103731632232,30.0,2026-04-22 16:30:28,33.0,6.363333333333333,33.2236,221.33333333333334,30.0,1.0,10.925,10.925,1324.0,1.0,15.191,15.191,1267.0,,,,,,,,,,,,,,,,,,
variant:CNN_ASCON_FOG:attempt:7:round:10,CNN_ASCON_FOG,CNN,ASCON,FOG,7,10,2026-04-22 16:31:27,0.95,0.1932,0.262034,0.480338,0.624776,0.340361,1.0,0.1109479591250419,30.0,2026-04-22 16:31:27,35.0,7.260599999999999,36.415,283.34285714285716,30.0,0.8999999761581421,0.2754526734352112,30.0,2026-04-22 16:31:28,33.0,5.6575151515151525,32.5588,221.9090909090909,30.0,1.0,13.962,13.962,1330.0,1.0,14.143,14.143,1275.0,,,,,,,,,,,,,,,,,,
variant:CNN_ASCON_FOG:attempt:7:round:11,CNN_ASCON_FOG,CNN,ASCON,FOG,7,11,2026-04-22 16:32:27,0.966667,0.175207,0.268224,0.494714,0.634742,0.357299,0.9666666388511658,0.1479078829288482,30.0,2026-04-22 16:32:26,35.0,7.878799999999999,35.2232,282.1714285714286,30.0,0.9666666388511658,0.202505812048912,30.0,2026-04-22 16:32:26,33.0,6.013848484848485,33.649,222.15151515151516,30.0,1.0,11.276,11.276,1323.0,1.0,16.641,16.641,1266.0,,,,,,,,,,,,,,,,,,
variant:CNN_ASCON_FOG:attempt:7:round:12,CNN_ASCON_FOG,CNN,ASCON,FOG,7,12,2026-04-22 16:33:25,0.95,0.162837,0.273609,0.508402,0.644159,0.368059,1.0,0.0650764852762222,30.0,2026-04-22 16:33:25,34.0,7.932499999999999,35.829499999999996,288.4117647058824,29.0,0.8999999761581421,0.2605984508991241,30.0,2026-04-22 16:33:25,33.0,7.065909090909091,32.086999999999996,221.24242424242425,30.0,1.0,11.147,11.147,1327.0,1.0,10.531,10.531,1272.0,,,,,,,,,,,,,,,,,,
variant:CNN_ASCON_FOG:attempt:7:round:13,CNN_ASCON_FOG,CNN,ASCON,FOG,7,13,2026-04-22 16:34:24,1.0,0.077206,0.276585,0.51497,0.650389,0.378149,1.0,0.0415520444512367,30.0,2026-04-22 16:34:24,36.0,7.438277777777778,34.9455,278.25,31.0,1.0,0.1128598973155021,30.0,2026-04-22 16:34:24,33.0,5.877121212121213,31.752399999999998,221.45454545454547,30.0,1.0,15.544,15.544,1315.0,1.0,10.635,10.635,1267.0,,,,,,,,,,,,,,,,,,
variant:CNN_ASCON_FOG:attempt:7:round:14,CNN_ASCON_FOG,CNN,ASCON,FOG,7,14,2026-04-22 16:35:22,0.95,0.162631,0.28288,0.530064,0.654314,0.389908,0.9666666388511658,0.1556182205677032,30.0,2026-04-22 16:35:22,35.0,7.609599999999999,36.9199,282.74285714285713,30.0,0.9333333373069764,0.1696444451808929,30.0,2026-04-22 16:35:23,33.0,6.177424242424243,32.1472,222.12121212121212,30.0,1.0,13.774,13.774,1322.0,1.0,13.136,13.136,1267.0,,,,,,,,,,,,,,,,,,
variant:CNN_ASCON_FOG:attempt:7:round:15,CNN_ASCON_FOG,CNN,ASCON,FOG,7,15,2026-04-22 16:36:21,0.883333,0.285904,0.284524,0.534287,0.653202,0.397806,1.0,0.0682657435536384,30.0,2026-04-22 16:36:21,35.0,7.484057142857143,34.6312,282.48571428571427,30.0,0.7666666507720947,0.5035417079925537,30.0,2026-04-22 16:36:21,33.0,6.022666666666666,33.2016,221.75757575757575,30.0,1.0,12.982,12.982,1324.0,1.0,11.171,11.171,1270.0,,,,,,,,,,,,,,,,,,
variant:CNN_ASCON_FOG:attempt:7:round:16,CNN_ASCON_FOG,CNN,ASCON,FOG,7,16,2026-04-22 16:37:19,0.9,0.157886,0.288239,0.542088,0.655882,0.405644,0.8666666746139526,0.1852273941040039,30.0,2026-04-22 16:37:19,35.0,7.687342857142857,33.947399999999995,282.62857142857143,30.0,0.9333333373069764,0.1305444091558456,30.0,2026-04-22 16:37:19,33.0,6.7517272727272735,34.270599999999995,222.0909090909091,30.0,1.0,21.796,21.796,1324.0,1.0,10.739,10.739,1267.0,,,,,,,,,,,,,,,,,,
variant:CNN_ASCON_FOG:attempt:7:round:17,CNN_ASCON_FOG,CNN,ASCON,FOG,7,17,2026-04-22 16:38:17,0.983333,0.074558,0.290526,0.546679,0.659234,0.412031,1.0,0.0171346757560968,30.0,2026-04-22 16:38:18,35.0,7.651428571428572,35.4648,282.4,30.0,0.9666666388511658,0.1319814771413803,30.0,2026-04-22 16:38:18,33.0,6.798636363636364,35.044200000000004,221.36363636363637,30.0,1.0,10.499,10.499,1326.0,1.0,11.427,11.427,1269.0,,,,,,,,,,,,,,,,,,
variant:CNN_ASCON_FOG:attempt:7:round:18,CNN_ASCON_FOG,CNN,ASCON,FOG,7,18,2026-04-22 16:39:16,0.966667,0.09389,0.293903,0.554354,0.663414,0.418475,0.9333333373069764,0.1078143194317817,30.0,2026-04-22 16:39:16,35.0,7.415600000000001,34.9216,281.9428571428571,30.0,1.0,0.0799648091197013,30.0,2026-04-22 16:39:16,33.0,6.861727272727273,35.246399999999994,221.75757575757575,30.0,1.0,17.922,17.922,1324.0,1.0,21.117,21.117,1271.0,,,,,,,,,,,,,,,,,,
variant:CNN_ASCON_FOG:attempt:7:round:19,CNN_ASCON_FOG,CNN,ASCON,FOG,7,19,2026-04-22 16:40:15,0.983333,0.053251,0.296566,0.559067,0.666977,0.424431,0.9666666388511658,0.0633999034762382,30.0,2026-04-22 16:40:14,35.0,7.853285714285715,35.65859999999999,282.77142857142854,30.0,1.0,0.0431024692952632,30.0,2026-04-22 16:40:15,33.0,6.2743636363636375,35.0744,220.78787878787878,30.0,1.0,12.384,12.384,1322.0,1.0,11.036,11.036,1265.0,,,,,,,,,,,,,,,,,,
variant:CNN_ASCON_FOG:attempt:7:round:20,CNN_ASCON_FOG,CNN,ASCON,FOG,7,20,2026-04-22 16:41:14,1.0,0.03105,0.299021,0.565312,0.670005,0.431728,1.0,0.0342730470001697,30.0,2026-04-22 16:41:13,35.0,7.779314285714286,35.462999999999994,282.48571428571427,30.0,1.0,0.0278268530964851,30.0,2026-04-22 16:41:14,33.0,6.393090909090908,33.00619999999999,222.75757575757575,30.0,1.0,12.233,12.233,1323.0,1.0,10.304,10.304,1272.0,,,,,,,,,,,,,,,,,,
variant:CNN_ASCON_NoFOG:attempt:1:round:1,CNN_ASCON_NoFOG,CNN,ASCON,NoFOG,1,1,2026-04-22 10:49:55,0.833333,0.560312,0.323036,0.655486,0.885777,0.443425,0.699999988079071,0.6839560270309448,30.0,2026-04-22 10:49:55,32.0,4.504531249999999,17.45909999999998,188.53125,0.0,0.9666666388511658,0.436668336391449,30.0,2026-04-22 10:49:32,51.0,4.21643137254902,4.439,163.62745098039215,0.0,2.0,30.831,42.968399999999995,1322.5,1.0,14.202,14.202,1272.0,,,,,,,,,,,,,,,,,,
variant:CNN_ASCON_NoFOG:attempt:1:round:2,CNN_ASCON_NoFOG,CNN,ASCON,NoFOG,1,2,2026-04-22 10:51:04,0.9,0.334868,0.330608,0.672303,0.905099,0.424545,0.800000011920929,0.4973050653934479,30.0,2026-04-22 10:51:04,33.0,6.512999999999999,32.889399999999995,222.6969696969697,0.0,1.0,0.1724310368299484,30.0,2026-04-22 10:50:25,39.0,6.725333333333333,31.949800000000007,206.87179487179486,0.0,2.0,24.548000000000002,35.597300000000004,1320.0,1.0,16.349,16.349,1276.0,,,,,,,,,,,,,,,,,,
variant:CNN_ASCON_NoFOG:attempt:1:round:3,CNN_ASCON_NoFOG,CNN,ASCON,NoFOG,1,3,2026-04-22 10:52:02,0.95,0.236378,0.338052,0.691318,0.918644,0.416197,0.8999999761581421,0.4162375330924988,30.0,2026-04-22 10:52:02,33.0,5.867333333333333,32.0274,222.03030303030303,0.0,1.0,0.056517731398344,30.0,2026-04-22 10:51:22,33.0,7.841636363636364,34.8516,222.45454545454547,0.0,2.0,13.955,14.178199999999999,1314.5,1.0,12.044,12.044,1266.0,,,,,,,,,,,,,,,,,,
variant:CNN_ASCON_NoFOG:attempt:1:round:4,CNN_ASCON_NoFOG,CNN,ASCON,NoFOG,1,4,2026-04-22 10:53:01,0.916667,0.244712,0.342273,0.693735,0.929754,0.426332,0.8333333134651184,0.4603959321975708,30.0,2026-04-22 10:53:01,33.0,5.915030303030304,33.7574,221.3030303030303,0.0,1.0,0.0290274731814861,30.0,2026-04-22 10:52:21,33.0,7.211242424242425,34.801399999999994,222.9090909090909,0.0,2.0,14.795,18.095299999999998,1315.5,1.0,11.771,11.771,1272.0,,,,,,,,,,,,,,,,,,
variant:CNN_ASCON_NoFOG:attempt:1:round:5,CNN_ASCON_NoFOG,CNN,ASCON,NoFOG,1,5,2026-04-22 10:54:01,0.95,0.165856,0.347922,0.701439,0.937083,0.423559,0.8999999761581421,0.2971560359001159,30.0,2026-04-22 10:54:00,33.0,7.489878787878789,33.16819999999999,222.27272727272728,0.0,1.0,0.0345561429858207,30.0,2026-04-22 10:53:20,33.0,7.94990909090909,37.892999999999994,223.21212121212122,0.0,2.0,14.218499999999999,17.309549999999998,1320.0,1.0,10.227,10.227,1270.0,,,,,,,,,,,,,,,,,,
variant:CNN_ASCON_NoFOG:attempt:1:round:6,CNN_ASCON_NoFOG,CNN,ASCON,NoFOG,1,6,2026-04-22 10:55:02,0.933333,0.126774,0.350716,0.699481,0.942669,0.431526,0.8666666746139526,0.2403884381055832,30.0,2026-04-22 10:55:00,33.0,5.263272727272728,32.8574,220.0909090909091,0.0,1.0,0.0131603041663765,30.0,2026-04-22 10:54:20,33.0,7.50960606060606,38.6078,222.84848484848484,0.0,2.0,13.3295,15.80405,1318.0,1.0,21.878,21.878,1265.0,,,,,,,,,,,,,,,,,,
variant:CNN_ASCON_NoFOG:attempt:1:round:7,CNN_ASCON_NoFOG,CNN,ASCON,NoFOG,1,7,2026-04-22 10:56:01,0.95,0.141069,0.35388,0.708852,0.950128,0.434205,0.8999999761581421,0.2747125029563904,30.0,2026-04-22 10:56:01,33.0,5.777484848484849,30.7002,221.3030303030303,0.0,1.0,0.0074264765717089,30.0,2026-04-22 10:55:21,33.0,7.023545454545454,33.796199999999985,222.66666666666666,0.0,2.0,15.58,17.7769,1318.5,1.0,25.641,25.641,1264.0,,,,,,,,,,,,,,,,,,
variant:CNN_ASCON_NoFOG:attempt:1:round:8,CNN_ASCON_NoFOG,CNN,ASCON,NoFOG,1,8,2026-04-22 10:57:00,0.983333,0.072004,0.356936,0.718607,0.955539,0.440321,0.9666666388511658,0.1362278908491134,30.0,2026-04-22 10:57:00,33.0,6.167333333333333,33.1782,222.0909090909091,0.0,1.0,0.0077791940420866,30.0,2026-04-22 10:56:20,33.0,7.9121818181818195,33.9032,222.24242424242425,0.0,2.0,13.1775,15.59625,1320.5,1.0,12.349,12.349,1261.0,,,,,,,,,,,,,,,,,,
variant:CNN_ASCON_NoFOG:attempt:1:round:9,CNN_ASCON_NoFOG,CNN,ASCON,NoFOG,1,9,2026-04-22 10:57:58,0.983333,0.062773,0.358717,0.719214,0.958735,0.446895,0.9666666388511658,0.1230603158473968,30.0,2026-04-22 10:57:59,33.0,5.892212121212122,31.721199999999996,220.8181818181818,0.0,1.0,0.0024847318418323,30.0,2026-04-22 10:57:19,33.0,5.908666666666666,33.3352,222.4848484848485,0.0,2.0,12.0045,12.16695,1315.0,1.0,10.57,10.57,1267.0,,,,,,,,,,,,,,,,,,
variant:CNN_ASCON_NoFOG:attempt:1:round:10,CNN_ASCON_NoFOG,CNN,ASCON,NoFOG,1,10,2026-04-22 10:58:57,0.966667,0.096664,0.360534,0.722954,0.960365,0.450672,0.9333333373069764,0.1902010291814804,30.0,2026-04-22 10:58:57,33.0,5.308545454545454,32.367,221.42424242424244,0.0,1.0,0.0031274037901312,30.0,2026-04-22 10:58:17,33.0,5.7518787878787885,31.7688,222.4848484848485,0.0,2.0,21.249000000000002,30.1248,1314.5,1.0,10.589,10.589,1266.0,,,,,,,,,,,,,,,,,,
variant:CNN_ASCON_NoFOG:attempt:1:round:11,CNN_ASCON_NoFOG,CNN,ASCON,NoFOG,1,11,2026-04-22 10:59:56,0.95,0.083759,0.361417,0.72593,0.959071,0.453064,0.8999999761581421,0.165935069322586,30.0,2026-04-22 10:59:56,33.0,6.38569696969697,32.91139999999999,220.96969696969697,0.0,1.0,0.0015823176363483,30.0,2026-04-22 10:59:16,33.0,6.267363636363637,33.2778,222.6060606060606,0.0,2.0,11.8855,13.26475,1317.0,1.0,16.18,16.18,1265.0,,,,,,,,,,,,,,,,,,
variant:CNN_ASCON_NoFOG:attempt:1:round:12,CNN_ASCON_NoFOG,CNN,ASCON,NoFOG,1,12,2026-04-22 11:00:55,0.983333,0.069683,0.3624,0.729784,0.957523,0.457789,0.9666666388511658,0.1371559649705886,30.0,2026-04-22 11:00:55,33.0,5.51539393939394,33.449799999999996,221.21212121212122,0.0,1.0,0.0022097832988947,30.0,2026-04-22 11:00:15,33.0,7.313303030303031,35.12979999999999,221.96969696969697,0.0,2.0,12.2375,13.39355,1315.0,1.0,12.573,12.573,1262.0,,,,,,,,,,,,,,,,,,
variant:CNN_ASCON_NoFOG:attempt:1:round:13,CNN_ASCON_NoFOG,CNN,ASCON,NoFOG,1,13,2026-04-22 11:01:54,0.916667,0.178444,0.363825,0.734413,0.956796,0.462505,0.8333333134651184,0.3550280332565307,30.0,2026-04-22 11:01:54,33.0,5.88860606060606,33.4306,221.03030303030303,0.0,1.0,0.0018591547850519,30.0,2026-04-22 11:01:13,33.0,8.514969696969699,46.081399999999995,222.63636363636363,0.0,2.0,12.061,12.88,1320.0,1.0,14.807,14.807,1270.0,,,,,,,,,,,,,,,,,,
variant:CNN_ASCON_NoFOG:attempt:1:round:14,CNN_ASCON_NoFOG,CNN,ASCON,NoFOG,1,14,2026-04-22 11:02:53,0.966667,0.101387,0.364843,0.738168,0.958499,0.464186,0.9333333373069764,0.2001921087503433,30.0,2026-04-22 11:02:53,33.0,6.080727272727272,34.025,220.84848484848484,0.0,1.0,0.0025809451472014,30.0,2026-04-22 11:02:13,33.0,7.782848484848485,35.671,222.84848484848484,0.0,2.0,11.3015,11.736650000000001,1314.0,1.0,10.311,10.311,1267.0,,,,,,,,,,,,,,,,,,
variant:CNN_ASCON_NoFOG:attempt:1:round:15,CNN_ASCON_NoFOG,CNN,ASCON,NoFOG,1,15,2026-04-22 11:03:52,1.0,0.046373,0.365336,0.74323,0.961053,0.46572,1.0,0.0917788222432136,30.0,2026-04-22 11:03:52,33.0,6.770121212121212,36.23279999999999,219.96969696969697,0.0,1.0,0.0009671758161857,30.0,2026-04-22 11:03:12,33.0,8.087181818181818,35.67239999999999,222.3030303030303,0.0,2.0,14.2315,17.80495,1312.5,1.0,10.814,10.814,1264.0,,,,,,,,,,,,,,,,,,
variant:CNN_ASCON_NoFOG:attempt:1:round:16,CNN_ASCON_NoFOG,CNN,ASCON,NoFOG,1,16,2026-04-22 11:04:51,0.933333,0.211619,0.366083,0.746558,0.956803,0.468373,0.8666666746139526,0.4211761355400085,30.0,2026-04-22 11:04:51,33.0,5.968030303030303,31.242399999999996,221.66666666666666,0.0,1.0,0.0020617032423615,30.0,2026-04-22 11:04:10,33.0,5.8219393939393935,32.8338,222.57575757575756,0.0,2.0,10.9355,11.09525,1312.5,1.0,12.52,12.52,1270.0,,,,,,,,,,,,,,,,,,
variant:CNN_ASCON_NoFOG:attempt:1:round:17,CNN_ASCON_NoFOG,CNN,ASCON,NoFOG,1,17,2026-04-22 11:05:50,1.0,0.059405,0.366317,0.749186,0.955749,0.470824,1.0,0.1176815927028656,30.0,2026-04-22 11:05:50,33.0,6.150393939393939,31.346799999999995,221.54545454545453,0.0,1.0,0.0011282836785539,30.0,2026-04-22 11:05:09,33.0,6.158666666666666,30.600399999999997,222.8181818181818,0.0,2.0,12.043,12.2005,1314.5,1.0,13.283,13.283,1271.0,,,,,,,,,,,,,,,,,,
variant:CNN_ASCON_NoFOG:attempt:1:round:18,CNN_ASCON_NoFOG,CNN,ASCON,NoFOG,1,18,2026-04-22 11:06:49,0.966667,0.109322,0.367667,0.753403,0.959873,0.473195,0.9333333373069764,0.2177994847297668,30.0,2026-04-22 11:06:49,33.0,5.981181818181819,30.936999999999998,222.72727272727272,0.0,1.0,0.0008448747103102,30.0,2026-04-22 11:06:08,33.0,8.724,36.641199999999984,222.78787878787878,0.0,2.0,11.2425,11.82615,1316.0,1.0,10.71,10.71,1266.0,,,,,,,,,,,,,,,,,,
variant:CNN_ASCON_NoFOG:attempt:1:round:19,CNN_ASCON_NoFOG,CNN,ASCON,NoFOG,1,19,2026-04-22 11:07:47,0.933333,0.105516,0.366926,0.75185,0.960938,0.473567,0.8666666746139526,0.210392415523529,30.0,2026-04-22 11:07:48,33.0,5.555666666666667,30.7028,221.12121212121212,0.0,1.0,0.0006385996821336,30.0,2026-04-22 11:07:07,33.0,7.688636363636364,34.8138,222.5151515151515,0.0,2.0,12.9455,14.904349999999999,1316.5,1.0,10.65,10.65,1264.0,,,,,,,,,,,,,,,,,,
variant:CNN_ASCON_NoFOG:attempt:1:round:20,CNN_ASCON_NoFOG,CNN,ASCON,NoFOG,1,20,2026-04-22 11:08:46,0.983333,0.062082,0.36696,0.752097,0.961541,0.474651,0.9666666388511658,0.1235729083418846,30.0,2026-04-22 11:08:47,33.0,5.100606060606061,31.1194,220.96969696969697,0.0,1.0,0.0005905439611524,30.0,2026-04-22 11:08:06,33.0,8.48360606060606,44.16259999999997,222.66666666666666,0.0,2.0,23.867,28.357100000000003,1316.5,1.0,17.251,17.251,1261.0,,,,,,,,,,,,,,,,,,
variant:CNN_ASCON_NoFOG:attempt:2:round:1,CNN_ASCON_NoFOG,CNN,ASCON,NoFOG,2,1,2026-04-22 11:20:15,0.966667,0.434208,0.318231,0.666433,0.884882,0.424231,0.9666666388511658,0.4250422120094299,30.0,2026-04-22 11:20:14,37.0,4.624216216216216,9.763199999999888,181.1081081081081,0.0,0.9666666388511658,0.443373292684555,30.0,2026-04-22 11:20:15,32.0,4.9891250000000005,17.111249999999984,190.6875,0.0,2.0,12.2025,12.95265,1324.5,1.0,21.806,21.806,1272.0,,,,,,,,,,,,,,,,,,
variant:CNN_ASCON_NoFOG:attempt:2:round:2,CNN_ASCON_NoFOG,CNN,ASCON,NoFOG,2,2,2026-04-22 11:21:10,1.0,0.14287,0.32567,0.711592,0.896883,0.416372,1.0,0.1429284363985061,30.0,2026-04-22 11:21:08,30.0,5.877966666666667,33.10715,233.23333333333332,0.0,1.0,0.142811045050621,30.0,2026-04-22 11:21:10,33.0,6.02669696969697,33.5108,223.3030303030303,0.0,2.0,29.3535,46.29465,1319.5,1.0,11.244,11.244,1271.0,,,,,,,,,,,,,,,,,,
variant:CNN_ASCON_NoFOG:attempt:2:round:3,CNN_ASCON_NoFOG,CNN,ASCON,NoFOG,2,3,2026-04-22 11:22:13,1.0,0.041273,0.33205,0.742598,0.904057,0.438197,1.0,0.0452899858355522,30.0,2026-04-22 11:22:13,31.0,5.751096774193548,33.183,230.2258064516129,0.0,1.0,0.0372567996382713,30.0,2026-04-22 11:22:09,38.0,7.105684210526315,34.33324999999999,209.18421052631578,0.0,2.0,20.262,27.735599999999998,1320.5,1.0,13.408,13.408,1274.0,,,,,,,,,,,,,,,,,,
variant:CNN_ASCON_NoFOG:attempt:2:round:4,CNN_ASCON_NoFOG,CNN,ASCON,NoFOG,2,4,2026-04-22 11:23:12,0.866667,0.443251,0.329238,0.722542,0.908509,0.431781,0.7666666507720947,0.7180111408233643,30.0,2026-04-22 11:23:12,34.0,5.568529411764706,33.20439999999999,219.58823529411765,0.0,0.9666666388511658,0.1684903353452682,30.0,2026-04-22 11:23:12,28.0,7.126428571428572,33.455999999999996,242.14285714285714,0.0,2.0,13.812000000000001,14.9037,1322.5,1.0,12.006,12.006,1273.0,,,,,,,,,,,,,,,,,,
variant:CNN_ASCON_NoFOG:attempt:2:round:5,CNN_ASCON_NoFOG,CNN,ASCON,NoFOG,2,5,2026-04-22 11:24:10,0.816667,0.534879,0.324671,0.690808,0.908613,0.438245,0.8666666746139526,0.2432238161563873,30.0,2026-04-22 11:24:10,33.0,6.146454545454546,34.6166,222.78787878787878,0.0,0.7666666507720947,0.8265332579612732,30.0,2026-04-22 11:24:10,33.0,6.585696969696969,33.2414,223.27272727272728,0.0,2.0,12.6525,13.99845,1319.5,1.0,12.689,12.689,1276.0,,,,,,,,,,,,,,,,,,
variant:CNN_ASCON_NoFOG:attempt:2:round:6,CNN_ASCON_NoFOG,CNN,ASCON,NoFOG,2,6,2026-04-22 11:25:08,0.866667,0.291697,0.327155,0.676646,0.919907,0.451275,0.8666666746139526,0.2135521620512008,30.0,2026-04-22 11:25:08,32.0,5.80696875,31.935599999999997,226.8125,0.0,0.8666666746139526,0.3698425590991974,30.0,2026-04-22 11:25:08,34.0,5.906941176470589,32.357299999999995,219.23529411764707,0.0,2.0,10.901,11.18,1321.0,1.0,12.324,12.324,1271.0,,,,,,,,,,,,,,,,,,
variant:CNN_ASCON_NoFOG:attempt:2:round:7,CNN_ASCON_NoFOG,CNN,ASCON,NoFOG,2,7,2026-04-22 11:26:07,0.9,0.266643,0.333622,0.667996,0.936127,0.464667,0.9333333373069764,0.173817828297615,30.0,2026-04-22 11:26:07,33.0,5.563727272727273,32.989999999999995,222.6969696969697,0.0,0.8666666746139526,0.3594682812690735,30.0,2026-04-22 11:26:06,33.0,6.6881818181818184,33.1926,222.6969696969697,0.0,2.0,10.756499999999999,10.83255,1318.0,1.0,10.256,10.256,1271.0,,,,,,,,,,,,,,,,,,
variant:CNN_ASCON_NoFOG:attempt:2:round:8,CNN_ASCON_NoFOG,CNN,ASCON,NoFOG,2,8,2026-04-22 11:27:05,0.966667,0.15158,0.34017,0.676887,0.948976,0.479801,1.0,0.0970115512609481,30.0,2026-04-22 11:27:05,33.0,6.016121212121211,32.9018,222.1818181818182,0.0,0.9333333373069764,0.2061484903097152,30.0,2026-04-22 11:27:05,33.0,6.896939393939395,33.648999999999994,222.24242424242425,0.0,2.0,11.3855,11.60375,1319.0,1.0,10.539,10.539,1264.0,,,,,,,,,,,,,,,,,,
variant:CNN_ASCON_NoFOG:attempt:2:round:9,CNN_ASCON_NoFOG,CNN,ASCON,NoFOG,2,9,2026-04-22 11:28:04,0.95,0.195135,0.346141,0.67978,0.954996,0.496567,0.9333333373069764,0.1697620451450348,30.0,2026-04-22 11:28:04,33.0,5.402757575757576,30.863400000000002,222.03030303030303,0.0,0.9666666388511658,0.2205085158348083,30.0,2026-04-22 11:28:03,33.0,6.296484848484849,33.7954,222.42424242424244,0.0,2.0,11.124500000000001,11.71355,1319.0,1.0,11.818,11.818,1265.0,,,,,,,,,,,,,,,,,,
variant:CNN_ASCON_NoFOG:attempt:2:round:10,CNN_ASCON_NoFOG,CNN,ASCON,NoFOG,2,10,2026-04-22 11:29:03,0.95,0.148529,0.351954,0.688773,0.961123,0.514567,1.0,0.088609866797924,30.0,2026-04-22 11:29:02,34.0,5.543558823529413,32.24115,219.05882352941177,0.0,0.8999999761581421,0.2084479629993438,30.0,2026-04-22 11:29:03,32.0,6.93746875,31.950000000000003,225.875,0.0,2.0,13.2225,13.91865,1314.5,1.0,13.138,13.138,1263.0,,,,,,,,,,,,,,,,,,
variant:CNN_ASCON_NoFOG:attempt:2:round:11,CNN_ASCON_NoFOG,CNN,ASCON,NoFOG,2,11,2026-04-22 11:30:01,0.966667,0.13287,0.35545,0.693518,0.968932,0.517564,0.9666666388511658,0.1333213299512863,30.0,2026-04-22 11:30:01,33.0,5.792151515151515,34.464000000000006,222.15151515151516,0.0,0.9666666388511658,0.1324184089899063,30.0,2026-04-22 11:30:01,33.0,5.771606060606061,32.6828,221.6969696969697,0.0,2.0,13.189499999999999,14.42025,1317.5,1.0,14.761,14.761,1267.0,,,,,,,,,,,,,,,,,,
variant:CNN_ASCON_NoFOG:attempt:2:round:12,CNN_ASCON_NoFOG,CNN,ASCON,NoFOG,2,12,2026-04-22 11:31:00,0.966667,0.132414,0.35938,0.692168,0.976119,0.535454,0.9666666388511658,0.1420739442110061,30.0,2026-04-22 11:30:59,33.0,6.386484848484849,34.608799999999995,221.57575757575756,0.0,0.9666666388511658,0.1227538287639617,30.0,2026-04-22 11:31:00,33.0,5.625939393939394,31.015199999999997,221.54545454545453,0.0,2.0,11.094999999999999,11.3065,1319.5,1.0,10.265,10.265,1264.0,,,,,,,,,,,,,,,,,,
variant:CNN_ASCON_NoFOG:attempt:2:round:13,CNN_ASCON_NoFOG,CNN,ASCON,NoFOG,2,13,2026-04-22 11:31:58,0.933333,0.190563,0.362149,0.697133,0.981439,0.530241,0.9333333373069764,0.1736121177673339,30.0,2026-04-22 11:31:58,33.0,5.899636363636363,33.7574,221.27272727272728,0.0,0.9333333373069764,0.2075135409832,30.0,2026-04-22 11:31:58,33.0,5.65130303030303,31.091399999999997,222.63636363636363,0.0,2.0,16.2515,17.53625,1318.5,1.0,21.015,21.015,1263.0,,,,,,,,,,,,,,,,,,
variant:CNN_ASCON_NoFOG:attempt:2:round:14,CNN_ASCON_NoFOG,CNN,ASCON,NoFOG,2,14,2026-04-22 11:32:57,0.966667,0.105907,0.365111,0.697367,0.989103,0.541259,0.9333333373069764,0.1538712382316589,30.0,2026-04-22 11:32:57,33.0,5.697272727272727,35.8622,221.27272727272728,0.0,1.0,0.0579425767064094,30.0,2026-04-22 11:32:57,33.0,6.297151515151516,32.1912,221.66666666666666,0.0,2.0,11.2035,11.71875,1314.0,1.0,13.549,13.549,1264.0,,,,,,,,,,,,,,,,,,
variant:CNN_ASCON_NoFOG:attempt:2:round:15,CNN_ASCON_NoFOG,CNN,ASCON,NoFOG,2,15,2026-04-22 11:33:55,0.95,0.158688,0.366122,0.698265,0.995636,0.548181,0.8999999761581421,0.2682458758354187,30.0,2026-04-22 11:33:55,33.0,5.710969696969697,35.0694,221.1818181818182,0.0,1.0,0.0491309352219104,30.0,2026-04-22 11:33:55,33.0,6.209878787878788,30.691399999999998,222.36363636363637,0.0,2.0,32.822500000000005,43.413250000000005,1313.0,1.0,11.652,11.652,1264.0,,,,,,,,,,,,,,,,,,
variant:CNN_ASCON_NoFOG:attempt:2:round:16,CNN_ASCON_NoFOG,CNN,ASCON,NoFOG,2,16,2026-04-22 11:34:54,0.966667,0.063126,0.367701,0.69516,0.997745,0.540647,0.9333333373069764,0.0990809202194213,30.0,2026-04-22 11:34:53,33.0,6.0708787878787875,34.699,221.66666666666666,0.0,1.0,0.0271717030555009,30.0,2026-04-22 11:34:54,33.0,6.600484848484848,33.161,222.3030303030303,0.0,2.0,14.210999999999999,16.262099999999997,1315.0,1.0,13.784,13.784,1265.0,,,,,,,,,,,,,,,,,,
variant:CNN_ASCON_NoFOG:attempt:2:round:17,CNN_ASCON_NoFOG,CNN,ASCON,NoFOG,2,17,2026-04-22 11:35:53,0.95,0.143368,0.368821,0.689201,0.999296,0.550336,0.9666666388511658,0.0884994193911552,30.0,2026-04-22 11:35:53,32.0,6.1438749999999995,33.72935,225.65625,0.0,0.9333333373069764,0.1982370018959045,30.0,2026-04-22 11:35:53,34.0,6.296294117647058,34.46075,218.7058823529412,0.0,2.0,12.729500000000002,14.20325,1315.0,1.0,12.867,12.867,1268.0,,,,,,,,,,,,,,,,,,
variant:CNN_ASCON_NoFOG:attempt:2:round:18,CNN_ASCON_NoFOG,CNN,ASCON,NoFOG,2,18,2026-04-22 11:36:52,0.95,0.105174,0.370599,0.694564,1.003144,0.559318,0.9666666388511658,0.0722986236214637,30.0,2026-04-22 11:36:52,33.0,5.803090909090909,31.554599999999997,221.96969696969697,0.0,0.9333333373069764,0.1380485594272613,30.0,2026-04-22 11:36:51,33.0,6.996666666666666,35.45,221.33333333333334,0.0,2.0,16.238500000000002,20.82445,1318.0,1.0,11.416,11.416,1267.0,,,,,,,,,,,,,,,,,,
variant:CNN_ASCON_NoFOG:attempt:2:round:19,CNN_ASCON_NoFOG,CNN,ASCON,NoFOG,2,19,2026-04-22 11:37:51,0.966667,0.100995,0.372769,0.699973,1.004763,0.559842,0.9666666388511658,0.0900595411658287,30.0,2026-04-22 11:37:51,33.0,5.67130303030303,31.3748,221.72727272727272,0.0,0.9666666388511658,0.1119313091039657,30.0,2026-04-22 11:37:50,33.0,6.483272727272728,35.5064,221.5151515151515,0.0,2.0,13.246500000000001,14.67435,1317.0,1.0,14.569,14.569,1261.0,,,,,,,,,,,,,,,,,,
variant:CNN_ASCON_NoFOG:attempt:2:round:20,CNN_ASCON_NoFOG,CNN,ASCON,NoFOG,2,20,2026-04-22 11:38:49,0.983333,0.034544,0.374359,0.703164,1.007353,0.571001,0.9666666388511658,0.0588925257325172,30.0,2026-04-22 11:38:49,33.0,5.613545454545455,31.926199999999994,222.15151515151516,0.0,1.0,0.0101945903152227,30.0,2026-04-22 11:38:49,33.0,6.6184242424242425,35.5222,220.75757575757575,0.0,2.0,12.037500000000001,12.952350000000001,1314.0,1.0,21.572,21.572,1263.0,,,,,,,,,,,,,,,,,,
variant:CNN_ASCON_NoFOG:attempt:3:round:1,CNN_ASCON_NoFOG,CNN,ASCON,NoFOG,3,1,2026-04-22 13:09:19,0.966667,0.519715,0.31864,0.664675,0.886637,0.419672,1.0,0.5177375674247742,30.0,2026-04-22 13:09:18,37.0,4.566513513513513,9.663199999999886,180.51351351351352,0.0,0.9333333373069764,0.5216931104660034,30.0,2026-04-22 13:09:19,32.0,5.5211875,17.21294999999998,190.5625,0.0,2.0,14.014,15.319,1323.0,1.0,18.587,18.587,1279.0,,,,,,,,,,,,,,,,,,
variant:CNN_ASCON_NoFOG:attempt:3:round:2,CNN_ASCON_NoFOG,CNN,ASCON,NoFOG,3,2,2026-04-22 13:10:12,1.0,0.158193,0.326235,0.713058,0.898771,0.409879,1.0,0.1623006910085678,30.0,2026-04-22 13:10:12,30.0,6.2821,32.62509999999999,233.8,0.0,1.0,0.1540861278772354,30.0,2026-04-22 13:10:12,33.0,6.006818181818183,32.4052,223.21212121212122,0.0,2.0,13.838000000000001,15.17,1317.0,1.0,14.882,14.882,1274.0,,,,,,,,,,,,,,,,,,
variant:CNN_ASCON_NoFOG:attempt:3:round:3,CNN_ASCON_NoFOG,CNN,ASCON,NoFOG,3,3,2026-04-22 13:11:16,1.0,0.035118,0.332728,0.74475,0.906291,0.428584,1.0,0.0385454185307025,30.0,2026-04-22 13:11:16,31.0,6.491806451612903,34.839,230.29032258064515,0.0,1.0,0.0316906496882438,30.0,2026-04-22 13:11:16,34.0,6.085558823529412,31.592149999999997,220.38235294117646,0.0,2.0,10.724499999999999,10.98145,1315.5,1.0,14.105,14.105,1275.0,,,,,,,,,,,,,,,,,,
variant:CNN_ASCON_NoFOG:attempt:3:round:4,CNN_ASCON_NoFOG,CNN,ASCON,NoFOG,3,4,2026-04-22 13:12:14,0.8,0.706719,0.326172,0.705695,0.905251,0.414545,0.8333333134651184,0.5567048192024231,30.0,2026-04-22 13:12:14,33.0,5.6886363636363635,30.9746,222.0,0.0,0.7666666507720947,0.8567329049110413,30.0,2026-04-22 13:12:14,33.0,6.593969696969697,34.6606,222.75757575757575,0.0,2.0,10.651499999999999,10.82475,1324.0,1.0,11.358,11.358,1272.0,,,,,,,,,,,,,,,,,,
variant:CNN_ASCON_NoFOG:attempt:3:round:5,CNN_ASCON_NoFOG,CNN,ASCON,NoFOG,3,5,2026-04-22 13:13:14,0.866667,0.333385,0.325911,0.688006,0.909175,0.418165,1.0,0.0758110135793685,30.0,2026-04-22 13:13:15,33.0,5.894121212121213,34.61259999999999,222.6969696969697,0.0,0.7333333492279053,0.5909582376480103,30.0,2026-04-22 13:13:12,34.0,6.439411764705883,34.887249999999995,219.91176470588235,0.0,2.0,11.0085,11.48055,1319.5,1.0,10.769,10.769,1272.0,,,,,,,,,,,,,,,,,,
variant:CNN_ASCON_NoFOG:attempt:3:round:6,CNN_ASCON_NoFOG,CNN,ASCON,NoFOG,3,6,2026-04-22 13:14:13,0.866667,0.39406,0.330576,0.677277,0.919994,0.424984,0.8333333134651184,0.355049192905426,30.0,2026-04-22 13:14:14,33.0,5.6252121212121216,34.1506,222.57575757575756,0.0,0.8999999761581421,0.4330705404281616,30.0,2026-04-22 13:14:13,33.0,6.4726060606060605,33.876599999999996,222.78787878787878,0.0,2.0,12.69,13.7196,1324.5,1.0,10.22,10.22,1272.0,,,,,,,,,,,,,,,,,,
variant:CNN_ASCON_NoFOG:attempt:3:round:7,CNN_ASCON_NoFOG,CNN,ASCON,NoFOG,3,7,2026-04-22 13:15:12,0.9,0.335682,0.339703,0.677248,0.931611,0.446756,0.8999999761581421,0.3406810164451599,30.0,2026-04-22 13:15:12,33.0,5.662575757575758,32.39,222.45454545454547,0.0,0.8999999761581421,0.3306837677955627,30.0,2026-04-22 13:15:12,33.0,6.094090909090909,33.0368,222.66666666666666,0.0,2.0,11.372499999999999,11.753649999999999,1320.0,1.0,9.948,9.948,1270.0,,,,,,,,,,,,,,,,,,
variant:CNN_ASCON_NoFOG:attempt:3:round:8,CNN_ASCON_NoFOG,CNN,ASCON,NoFOG,3,8,2026-04-22 13:16:11,0.983333,0.126509,0.346489,0.696023,0.939345,0.462382,1.0,0.1027814522385597,30.0,2026-04-22 13:16:11,33.0,6.24630303030303,31.733199999999997,221.8181818181818,0.0,0.9666666388511658,0.1502363532781601,30.0,2026-04-22 13:16:11,33.0,5.651363636363637,31.682,222.54545454545453,0.0,2.0,10.8455,10.95665,1318.5,1.0,10.523,10.523,1268.0,,,,,,,,,,,,,,,,,,
variant:CNN_ASCON_NoFOG:attempt:3:round:9,CNN_ASCON_NoFOG,CNN,ASCON,NoFOG,3,9,2026-04-22 13:17:10,0.966667,0.089279,0.352194,0.706285,0.950549,0.468032,0.9666666388511658,0.0822564214468002,30.0,2026-04-22 13:17:10,33.0,5.718575757575757,30.418599999999998,221.6969696969697,0.0,0.9666666388511658,0.0963014140725135,30.0,2026-04-22 13:17:09,33.0,6.228575757575758,32.1614,222.42424242424244,0.0,2.0,10.592,10.6964,1320.0,1.0,10.617,10.617,1269.0,,,,,,,,,,,,,,,,,,
variant:CNN_ASCON_NoFOG:attempt:3:round:10,CNN_ASCON_NoFOG,CNN,ASCON,NoFOG,3,10,2026-04-22 13:18:09,0.983333,0.077219,0.355589,0.714636,0.954358,0.476871,1.0,0.0617611557245254,30.0,2026-04-22 13:18:09,33.0,5.539060606060605,30.163600000000002,222.9090909090909,0.0,0.9666666388511658,0.0926777645945549,30.0,2026-04-22 13:18:08,33.0,6.243242424242425,33.3762,221.8181818181818,0.0,2.0,11.655000000000001,12.521700000000001,1313.5,1.0,13.794,13.794,1268.0,,,,,,,,,,,,,,,,,,
variant:CNN_ASCON_NoFOG:attempt:3:round:11,CNN_ASCON_NoFOG,CNN,ASCON,NoFOG,3,11,2026-04-22 13:19:08,0.983333,0.070275,0.358822,0.718291,0.954672,0.488719,0.9666666388511658,0.1151727586984634,30.0,2026-04-22 13:19:08,33.0,5.542424242424242,32.984199999999994,222.4848484848485,0.0,1.0,0.0253770612180233,30.0,2026-04-22 13:19:07,33.0,5.835909090909091,33.6314,222.1818181818182,0.0,2.0,11.5715,12.41075,1315.5,1.0,14.066,14.066,1271.0,,,,,,,,,,,,,,,,,,
variant:CNN_ASCON_NoFOG:attempt:3:round:12,CNN_ASCON_NoFOG,CNN,ASCON,NoFOG,3,12,2026-04-22 13:20:06,1.0,0.047353,0.362972,0.72444,0.954211,0.505094,1.0,0.0289584435522556,30.0,2026-04-22 13:20:06,33.0,5.71130303030303,32.3104,222.45454545454547,0.0,1.0,0.0657475218176841,30.0,2026-04-22 13:20:06,33.0,6.159272727272728,33.517799999999994,223.0,0.0,2.0,11.682500000000001,12.14195,1315.0,1.0,10.792,10.792,1268.0,,,,,,,,,,,,,,,,,,
variant:CNN_ASCON_NoFOG:attempt:3:round:13,CNN_ASCON_NoFOG,CNN,ASCON,NoFOG,3,13,2026-04-22 13:21:05,0.933333,0.158672,0.36487,0.730573,0.954604,0.509951,0.9666666388511658,0.1157420426607132,30.0,2026-04-22 13:21:05,33.0,5.389636363636364,33.5858,221.87878787878788,0.0,0.8999999761581421,0.2016012519598007,30.0,2026-04-22 13:21:04,33.0,5.772393939393939,32.4984,221.54545454545453,0.0,2.0,11.92,12.3187,1319.0,1.0,11.796,11.796,1268.0,,,,,,,,,,,,,,,,,,
variant:CNN_ASCON_NoFOG:attempt:3:round:14,CNN_ASCON_NoFOG,CNN,ASCON,NoFOG,3,14,2026-04-22 13:22:03,0.933333,0.144061,0.365764,0.731111,0.958345,0.509263,0.9333333373069764,0.1458341777324676,30.0,2026-04-22 13:22:03,34.0,5.610382352941176,34.75745,218.7058823529412,0.0,0.9333333373069764,0.1422883421182632,30.0,2026-04-22 13:22:03,31.0,5.439645161290323,31.032000000000004,229.09677419354838,0.0,2.0,16.0275,17.28345,1321.5,1.0,10.791,10.791,1268.0,,,,,,,,,,,,,,,,,,
variant:CNN_ASCON_NoFOG:attempt:3:round:15,CNN_ASCON_NoFOG,CNN,ASCON,NoFOG,3,15,2026-04-22 13:23:01,0.983333,0.105892,0.368374,0.727118,0.959779,0.519978,1.0,0.0346375070512294,30.0,2026-04-22 13:23:01,33.0,5.931818181818182,35.10039999999999,221.63636363636363,0.0,0.9666666388511658,0.1771459430456161,30.0,2026-04-22 13:23:01,33.0,5.922484848484848,30.266,221.75757575757575,0.0,2.0,12.370000000000001,13.9315,1314.5,1.0,13.839,13.839,1265.0,,,,,,,,,,,,,,,,,,
variant:CNN_ASCON_NoFOG:attempt:3:round:16,CNN_ASCON_NoFOG,CNN,ASCON,NoFOG,3,16,2026-04-22 13:23:59,1.0,0.045777,0.370117,0.735245,0.963997,0.522231,1.0,0.0414966866374015,30.0,2026-04-22 13:23:59,33.0,6.163151515151515,33.6956,221.24242424242425,0.0,1.0,0.0500579513609409,30.0,2026-04-22 13:23:59,33.0,6.525575757575758,31.185599999999994,221.57575757575756,0.0,2.0,16.0845,17.81115,1308.5,1.0,14.902,14.902,1263.0,,,,,,,,,,,,,,,,,,
variant:CNN_ASCON_NoFOG:attempt:3:round:17,CNN_ASCON_NoFOG,CNN,ASCON,NoFOG,3,17,2026-04-22 13:24:59,0.983333,0.077754,0.37051,0.740117,0.967253,0.519445,0.9666666388511658,0.0988697782158851,30.0,2026-04-22 13:24:58,33.0,6.212393939393939,33.2494,221.8181818181818,0.0,1.0,0.0566379465162754,30.0,2026-04-22 13:24:58,33.0,6.010181818181818,33.0692,221.6060606060606,0.0,2.0,15.441500000000001,15.71015,1314.5,1.0,12.92,12.92,1268.0,,,,,,,,,,,,,,,,,,
variant:CNN_ASCON_NoFOG:attempt:3:round:18,CNN_ASCON_NoFOG,CNN,ASCON,NoFOG,3,18,2026-04-22 13:25:58,0.95,0.127046,0.371972,0.741558,0.97125,0.523806,1.0,0.0909894332289695,30.0,2026-04-22 13:25:58,32.0,6.081468750000001,32.53185,225.59375,0.0,0.8999999761581421,0.1631024479866027,30.0,2026-04-22 13:25:57,35.0,5.722685714285714,34.192,215.4857142857143,0.0,2.0,11.1985,11.80645,1316.0,1.0,10.73,10.73,1268.0,,,,,,,,,,,,,,,,,,
variant:CNN_ASCON_NoFOG:attempt:3:round:19,CNN_ASCON_NoFOG,CNN,ASCON,NoFOG,3,19,2026-04-22 13:26:56,0.966667,0.055178,0.373708,0.745385,0.974833,0.530169,0.9666666388511658,0.0497773140668869,30.0,2026-04-22 13:26:56,33.0,5.852393939393939,31.3808,222.87878787878788,0.0,0.9666666388511658,0.0605783499777317,30.0,2026-04-22 13:26:56,33.0,5.993,33.505,221.33333333333334,0.0,2.0,11.1675,11.46405,1318.5,1.0,17.122,17.122,1269.0,,,,,,,,,,,,,,,,,,
variant:CNN_ASCON_NoFOG:attempt:3:round:20,CNN_ASCON_NoFOG,CNN,ASCON,NoFOG,3,20,2026-04-22 13:27:55,0.95,0.12126,0.375419,0.750728,0.976693,0.536459,0.9333333373069764,0.1104176789522171,30.0,2026-04-22 13:27:55,33.0,5.67769696969697,31.4518,222.15151515151516,0.0,0.9666666388511658,0.1321020126342773,30.0,2026-04-22 13:27:55,33.0,6.822181818181818,34.0228,222.03030303030303,0.0,2.0,11.635,12.5692,1319.0,1.0,12.404,12.404,1263.0,,,,,,,,,,,,,,,,,,
variant:CNN_ASCON_NoFOG:attempt:4:round:1,CNN_ASCON_NoFOG,CNN,ASCON,NoFOG,4,1,2026-04-22 13:31:50,0.85,0.525682,0.319243,0.664135,0.883822,0.419568,0.8999999761581421,0.533106803894043,30.0,2026-04-22 13:31:50,32.0,5.3593125,17.00499999999998,190.09375,0.0,0.800000011920929,0.5182562470436096,30.0,2026-04-22 13:31:49,36.0,4.919472222222223,11.794749999999999,182.08333333333334,0.0,2.0,11.931000000000001,12.7626,1322.0,1.0,12.777,12.777,1273.0,,,,,,,,,,,,,,,,,,
variant:CNN_ASCON_NoFOG:attempt:4:round:2,CNN_ASCON_NoFOG,CNN,ASCON,NoFOG,4,2,2026-04-22 13:32:43,1.0,0.14128,0.325997,0.711714,0.895356,0.407892,1.0,0.1427559405565261,30.0,2026-04-22 13:32:44,33.0,5.589363636363637,32.8902,223.0909090909091,0.0,1.0,0.1398036330938339,30.0,2026-04-22 13:32:43,30.0,6.711433333333334,33.90364999999999,233.6,0.0,2.0,11.586500000000001,12.03065,1321.5,1.0,12.571,12.571,1269.0,,,,,,,,,,,,,,,,,,
variant:CNN_ASCON_NoFOG:attempt:4:round:3,CNN_ASCON_NoFOG,CNN,ASCON,NoFOG,4,3,2026-04-22 13:33:42,1.0,0.048077,0.332207,0.74355,0.902131,0.425031,1.0,0.0416348502039909,30.0,2026-04-22 13:33:42,34.0,5.894117647058823,31.860949999999995,219.94117647058823,0.0,1.0,0.0545182712376117,30.0,2026-04-22 13:33:43,32.0,6.175125,32.20005,226.4375,0.0,2.0,25.137,32.2551,1319.5,1.0,19.05,19.05,1271.0,,,,,,,,,,,,,,,,,,
variant:CNN_ASCON_NoFOG:attempt:4:round:4,CNN_ASCON_NoFOG,CNN,ASCON,NoFOG,4,4,2026-04-22 13:34:46,0.933333,0.137553,0.334692,0.746584,0.903504,0.429808,0.8666666746139526,0.2591189742088318,30.0,2026-04-22 13:34:46,32.0,5.466531249999999,33.402899999999995,225.78125,0.0,1.0,0.0159868616610765,30.0,2026-04-22 13:34:41,37.0,7.168594594594595,32.77719999999999,211.2972972972973,0.0,2.0,14.121500000000001,14.80505,1318.5,1.0,13.225,13.225,1270.0,,,,,,,,,,,,,,,,,,
variant:CNN_ASCON_NoFOG:attempt:4:round:5,CNN_ASCON_NoFOG,CNN,ASCON,NoFOG,4,5,2026-04-22 13:35:45,0.916667,0.211046,0.332886,0.726528,0.904031,0.426629,0.8333333134651184,0.4078203439712524,30.0,2026-04-22 13:35:45,33.0,5.955969696969697,31.848599999999998,222.33333333333334,0.0,1.0,0.0142717007547616,30.0,2026-04-22 13:35:40,33.0,8.034090909090908,42.015999999999984,223.27272727272728,0.0,2.0,10.5605,10.648249999999999,1320.0,1.0,13.722,13.722,1269.0,,,,,,,,,,,,,,,,,,
variant:CNN_ASCON_NoFOG:attempt:4:round:6,CNN_ASCON_NoFOG,CNN,ASCON,NoFOG,4,6,2026-04-22 13:36:44,0.966667,0.091823,0.335532,0.723531,0.906881,0.436052,0.9333333373069764,0.1713007539510727,30.0,2026-04-22 13:36:44,33.0,5.957,32.0268,223.15151515151516,0.0,1.0,0.0123457191511988,30.0,2026-04-22 13:36:38,33.0,8.262363636363636,40.60059999999998,223.24242424242425,0.0,2.0,11.2745,11.32715,1318.0,1.0,12.037,12.037,1266.0,,,,,,,,,,,,,,,,,,
variant:CNN_ASCON_NoFOG:attempt:4:round:7,CNN_ASCON_NoFOG,CNN,ASCON,NoFOG,4,7,2026-04-22 13:37:43,0.95,0.126559,0.339775,0.72289,0.908687,0.448424,0.8999999761581421,0.2442281395196914,30.0,2026-04-22 13:37:43,33.0,6.413848484848486,31.086,222.0,0.0,1.0,0.0088907498866319,30.0,2026-04-22 13:37:38,33.0,8.06121212121212,35.799599999999984,223.24242424242425,0.0,2.0,12.3255,14.208749999999998,1319.5,1.0,12.411,12.411,1268.0,,,,,,,,,,,,,,,,,,
variant:CNN_ASCON_NoFOG:attempt:4:round:8,CNN_ASCON_NoFOG,CNN,ASCON,NoFOG,4,8,2026-04-22 13:38:41,0.983333,0.067401,0.342407,0.719503,0.9127,0.453389,0.9666666388511658,0.1256459355354309,30.0,2026-04-22 13:38:41,33.0,6.654909090909091,34.399,222.03030303030303,0.0,1.0,0.0091559560969471,30.0,2026-04-22 13:38:36,33.0,7.709484848484848,34.1098,223.03030303030303,0.0,2.0,10.7595,10.831050000000001,1317.0,1.0,13.211,13.211,1268.0,,,,,,,,,,,,,,,,,,
variant:CNN_ASCON_NoFOG:attempt:4:round:9,CNN_ASCON_NoFOG,CNN,ASCON,NoFOG,4,9,2026-04-22 13:39:40,1.0,0.069642,0.344846,0.72658,0.915016,0.46518,1.0,0.1332901567220688,30.0,2026-04-22 13:39:40,33.0,6.00930303030303,30.941599999999998,222.3939393939394,0.0,1.0,0.0059945667162537,30.0,2026-04-22 13:39:35,33.0,7.138727272727272,34.693799999999996,222.5151515151515,0.0,2.0,12.2495,12.75845,1312.0,1.0,12.148,12.148,1266.0,,,,,,,,,,,,,,,,,,
variant:CNN_ASCON_NoFOG:attempt:4:round:10,CNN_ASCON_NoFOG,CNN,ASCON,NoFOG,4,10,2026-04-22 13:40:39,0.933333,0.137112,0.34796,0.737517,0.918713,0.47976,0.8666666746139526,0.2680516839027405,30.0,2026-04-22 13:40:39,33.0,6.063363636363635,31.3796,221.96969696969697,0.0,1.0,0.0061729862354695,30.0,2026-04-22 13:40:33,33.0,8.239636363636363,42.977199999999975,222.33333333333334,0.0,2.0,12.156500000000001,13.48625,1315.5,1.0,10.798,10.798,1262.0,,,,,,,,,,,,,,,,,,
variant:CNN_ASCON_NoFOG:attempt:4:round:11,CNN_ASCON_NoFOG,CNN,ASCON,NoFOG,4,11,2026-04-22 13:41:38,1.0,0.047108,0.350908,0.744469,0.92455,0.49009,1.0,0.079557292163372,30.0,2026-04-22 13:41:38,33.0,5.063787878787879,32.9124,221.6969696969697,0.0,1.0,0.0146589986979961,30.0,2026-04-22 13:41:33,33.0,8.505636363636363,45.40239999999997,222.6969696969697,0.0,2.0,10.528500000000001,10.929450000000001,1310.5,1.0,11.641,11.641,1266.0,,,,,,,,,,,,,,,,,,
variant:CNN_ASCON_NoFOG:attempt:4:round:12,CNN_ASCON_NoFOG,CNN,ASCON,NoFOG,4,12,2026-04-22 13:42:37,0.983333,0.041482,0.35299,0.749596,0.927705,0.496204,0.9666666388511658,0.0810200795531272,30.0,2026-04-22 13:42:37,33.0,5.531606060606061,32.1032,221.57575757575756,0.0,1.0,0.0019437142182141,30.0,2026-04-22 13:42:32,33.0,7.944878787878787,40.48959999999999,223.21212121212122,0.0,2.0,14.595,18.312,1317.5,1.0,14.616,14.616,1267.0,,,,,,,,,,,,,,,,,,
variant:CNN_ASCON_NoFOG:attempt:4:round:13,CNN_ASCON_NoFOG,CNN,ASCON,NoFOG,4,13,2026-04-22 13:43:36,1.0,0.01963,0.354155,0.750428,0.929776,0.49954,1.0,0.0365073792636394,30.0,2026-04-22 13:43:36,33.0,4.968969696969697,32.781,221.8181818181818,0.0,1.0,0.0027522062882781,30.0,2026-04-22 13:43:31,33.0,6.932606060606061,33.6404,222.84848484848484,0.0,2.0,14.5355,17.71205,1314.0,1.0,12.812,12.812,1267.0,,,,,,,,,,,,,,,,,,
variant:CNN_ASCON_NoFOG:attempt:4:round:14,CNN_ASCON_NoFOG,CNN,ASCON,NoFOG,4,14,2026-04-22 13:44:37,0.966667,0.062421,0.355948,0.754299,0.932444,0.503921,0.9333333373069764,0.1236680671572685,30.0,2026-04-22 13:44:37,33.0,5.613030303030303,33.1214,222.27272727272728,0.0,1.0,0.0011746406089514,30.0,2026-04-22 13:44:31,33.0,7.16030303030303,31.387999999999998,222.72727272727272,0.0,2.0,19.471,21.6571,1317.0,1.0,28.891,28.891,1266.0,,,,,,,,,,,,,,,,,,
variant:CNN_ASCON_NoFOG:attempt:4:round:15,CNN_ASCON_NoFOG,CNN,ASCON,NoFOG,4,15,2026-04-22 13:45:35,0.983333,0.064158,0.357613,0.757159,0.933929,0.508224,0.9666666388511658,0.1270096451044082,30.0,2026-04-22 13:45:35,33.0,5.464272727272728,32.913799999999995,222.12121212121212,0.0,1.0,0.0013055955059826,30.0,2026-04-22 13:45:30,33.0,8.262787878787877,41.267399999999974,222.6060606060606,0.0,2.0,10.59,10.7898,1313.0,1.0,11.605,11.605,1264.0,,,,,,,,,,,,,,,,,,
variant:CNN_ASCON_NoFOG:attempt:4:round:16,CNN_ASCON_NoFOG,CNN,ASCON,NoFOG,4,16,2026-04-22 13:46:34,0.983333,0.057022,0.358873,0.757676,0.935138,0.511202,0.9666666388511658,0.1131339147686958,30.0,2026-04-22 13:46:34,33.0,6.088909090909091,32.81159999999999,221.45454545454547,0.0,1.0,0.0009109038510359,30.0,2026-04-22 13:46:29,33.0,7.743727272727273,33.258799999999994,222.45454545454547,0.0,2.0,15.0735,17.95125,1314.0,1.0,13.935,13.935,1266.0,,,,,,,,,,,,,,,,,,
variant:CNN_ASCON_NoFOG:attempt:4:round:17,CNN_ASCON_NoFOG,CNN,ASCON,NoFOG,4,17,2026-04-22 13:47:33,0.983333,0.052292,0.360208,0.760943,0.939088,0.514707,0.9666666388511658,0.1027659848332405,30.0,2026-04-22 13:47:33,33.0,6.730969696969696,30.797799999999995,222.54545454545453,0.0,1.0,0.0018180427141487,30.0,2026-04-22 13:47:28,33.0,8.701878787878789,44.68339999999998,222.5151515151515,0.0,2.0,10.8895,11.15185,1315.5,1.0,15.424,15.424,1267.0,,,,,,,,,,,,,,,,,,
variant:CNN_ASCON_NoFOG:attempt:4:round:18,CNN_ASCON_NoFOG,CNN,ASCON,NoFOG,4,18,2026-04-22 13:48:32,0.966667,0.056289,0.36155,0.764851,0.942168,0.518888,0.9333333373069764,0.1118469908833503,30.0,2026-04-22 13:48:32,33.0,5.332363636363637,29.855199999999996,222.21212121212122,0.0,1.0,0.0007309659267775,30.0,2026-04-22 13:48:27,33.0,6.003151515151515,35.0208,222.6060606060606,0.0,2.0,11.2755,11.31735,1314.5,1.0,11.535,11.535,1266.0,,,,,,,,,,,,,,,,,,
variant:CNN_ASCON_NoFOG:attempt:4:round:19,CNN_ASCON_NoFOG,CNN,ASCON,NoFOG,4,19,2026-04-22 13:49:31,1.0,0.013726,0.363684,0.768744,0.944935,0.52414,1.0,0.0265829004347324,30.0,2026-04-22 13:49:31,33.0,5.722212121212121,30.807,221.78787878787878,0.0,1.0,0.000869751907885,30.0,2026-04-22 13:49:26,33.0,7.857818181818182,37.123,222.45454545454547,0.0,2.0,11.5375,11.66845,1314.5,1.0,10.19,10.19,1267.0,,,,,,,,,,,,,,,,,,
variant:CNN_ASCON_NoFOG:attempt:4:round:20,CNN_ASCON_NoFOG,CNN,ASCON,NoFOG,4,20,2026-04-22 13:50:30,1.0,0.034302,0.365145,0.774302,0.946424,0.52966,1.0,0.0676632449030876,30.0,2026-04-22 13:50:30,33.0,5.544545454545454,30.594,222.36363636363637,0.0,1.0,0.000941491976846,30.0,2026-04-22 13:50:25,33.0,7.632787878787879,37.2316,222.24242424242425,0.0,2.0,11.1885,11.44905,1313.5,1.0,14.179,14.179,1265.0,,,,,,,,,,,,,,,,,,
variant:CNN_ASCON_NoFOG:attempt:5:round:1,CNN_ASCON_NoFOG,CNN,ASCON,NoFOG,5,1,2026-04-22 13:53:25,0.916667,0.529727,0.317355,0.664702,0.883665,0.422208,0.9666666388511658,0.4903380572795868,30.0,2026-04-22 13:53:25,32.0,4.82590625,16.62389999999998,190.375,0.0,0.8666666746139526,0.5691150426864624,30.0,2026-04-22 13:53:24,35.0,4.984485714285715,13.682699999999919,184.11428571428573,0.0,2.0,11.946,12.6183,1322.0,1.0,11.304,11.304,1275.0,,,,,,,,,,,,,,,,,,
variant:CNN_ASCON_NoFOG:attempt:5:round:2,CNN_ASCON_NoFOG,CNN,ASCON,NoFOG,5,2,2026-04-22 13:54:18,0.983333,0.143371,0.324303,0.711861,0.893902,0.412408,0.9666666388511658,0.1592817455530166,30.0,2026-04-22 13:54:18,34.0,5.428382352941177,32.843999999999994,220.02941176470588,0.0,1.0,0.127460777759552,30.0,2026-04-22 13:54:18,30.0,6.628733333333332,35.18569999999999,233.06666666666666,0.0,2.0,10.428999999999998,10.646799999999999,1320.0,1.0,10.791,10.791,1269.0,,,,,,,,,,,,,,,,,,
variant:CNN_ASCON_NoFOG:attempt:5:round:3,CNN_ASCON_NoFOG,CNN,ASCON,NoFOG,5,3,2026-04-22 13:55:21,1.0,0.044974,0.330343,0.742732,0.899664,0.432645,1.0,0.0506333075463771,30.0,2026-04-22 13:55:21,32.0,6.274125,33.1391,226.25,0.0,1.0,0.0393145680427551,30.0,2026-04-22 13:55:17,36.0,7.529527777777777,34.0995,214.25,0.0,2.0,11.958,12.2271,1320.0,1.0,14.259,14.259,1268.0,,,,,,,,,,,,,,,,,,
variant:CNN_ASCON_NoFOG:attempt:5:round:4,CNN_ASCON_NoFOG,CNN,ASCON,NoFOG,5,4,2026-04-22 13:56:21,0.916667,0.188442,0.331777,0.737462,0.899818,0.432588,0.8333333134651184,0.3615860641002655,30.0,2026-04-22 13:56:21,33.0,6.214363636363637,32.4034,222.78787878787878,0.0,1.0,0.0152983525767922,30.0,2026-04-22 13:56:15,33.0,8.418151515151514,48.48359999999998,223.06060606060606,0.0,2.0,11.288499999999999,11.95135,1320.0,1.0,12.395,12.395,1273.0,,,,,,,,,,,,,,,,,,
variant:CNN_ASCON_NoFOG:attempt:5:round:5,CNN_ASCON_NoFOG,CNN,ASCON,NoFOG,5,5,2026-04-22 13:57:20,0.916667,0.256825,0.331931,0.72196,0.904752,0.43218,0.8333333134651184,0.5019168257713318,30.0,2026-04-22 13:57:20,33.0,5.765272727272727,33.2896,221.1818181818182,0.0,1.0,0.0117333652451634,30.0,2026-04-22 13:57:15,33.0,8.410363636363638,44.29299999999998,223.0,0.0,2.0,10.763,11.2454,1316.0,1.0,12.778,12.778,1277.0,,,,,,,,,,,,,,,,,,
variant:CNN_ASCON_NoFOG:attempt:5:round:6,CNN_ASCON_NoFOG,CNN,ASCON,NoFOG,5,6,2026-04-22 13:58:19,0.966667,0.11266,0.335647,0.726013,0.908218,0.441609,0.9333333373069764,0.202984407544136,30.0,2026-04-22 13:58:19,33.0,5.420696969696969,31.3232,221.63636363636363,0.0,1.0,0.0223349835723638,30.0,2026-04-22 13:58:14,33.0,7.132424242424243,34.672799999999995,223.57575757575756,0.0,2.0,11.650500000000001,12.415949999999999,1319.0,1.0,12.795,12.795,1274.0,,,,,,,,,,,,,,,,,,
variant:CNN_ASCON_NoFOG:attempt:5:round:7,CNN_ASCON_NoFOG,CNN,ASCON,NoFOG,5,7,2026-04-22 13:59:18,0.933333,0.158134,0.340751,0.728224,0.915744,0.45158,0.8666666746139526,0.3070220649242401,30.0,2026-04-22 13:59:19,33.0,5.444030303030304,32.3452,221.93939393939394,0.0,1.0,0.0092459069564938,30.0,2026-04-22 13:59:13,33.0,8.765818181818183,40.79519999999998,223.27272727272728,0.0,2.0,10.714,11.1118,1318.0,1.0,12.339,12.339,1270.0,,,,,,,,,,,,,,,,,,
variant:CNN_ASCON_NoFOG:attempt:5:round:8,CNN_ASCON_NoFOG,CNN,ASCON,NoFOG,5,8,2026-04-22 14:00:17,0.966667,0.12786,0.345687,0.73357,0.921587,0.462853,0.9333333373069764,0.2477809637784958,30.0,2026-04-22 14:00:18,33.0,6.029757575757575,31.170599999999993,222.84848484848484,0.0,1.0,0.0079384548589587,30.0,2026-04-22 14:00:12,33.0,7.488606060606061,35.057599999999994,222.9090909090909,0.0,2.0,10.957,11.5951,1317.0,1.0,13.457,13.457,1272.0,,,,,,,,,,,,,,,,,,
variant:CNN_ASCON_NoFOG:attempt:5:round:9,CNN_ASCON_NoFOG,CNN,ASCON,NoFOG,5,9,2026-04-22 14:01:16,0.95,0.110965,0.350414,0.734302,0.927497,0.467894,0.8999999761581421,0.214101567864418,30.0,2026-04-22 14:01:16,33.0,5.746363636363636,32.893,222.36363636363637,0.0,1.0,0.007828208617866,30.0,2026-04-22 14:01:12,33.0,7.247424242424243,33.1154,222.87878787878788,0.0,2.0,11.911999999999999,12.3314,1319.5,1.0,12.686,12.686,1265.0,,,,,,,,,,,,,,,,,,
variant:CNN_ASCON_NoFOG:attempt:5:round:10,CNN_ASCON_NoFOG,CNN,ASCON,NoFOG,5,10,2026-04-22 14:02:15,1.0,0.046176,0.354136,0.739241,0.931653,0.474632,1.0,0.08687324821949,30.0,2026-04-22 14:02:15,33.0,5.481060606060606,32.800399999999996,221.8181818181818,0.0,1.0,0.0054790424183011,30.0,2026-04-22 14:02:10,33.0,8.224575757575758,44.84459999999997,222.6060606060606,0.0,2.0,10.371,10.434000000000001,1312.5,1.0,13.894,13.894,1268.0,,,,,,,,,,,,,,,,,,
variant:CNN_ASCON_NoFOG:attempt:5:round:11,CNN_ASCON_NoFOG,CNN,ASCON,NoFOG,5,11,2026-04-22 14:03:14,0.966667,0.078161,0.356786,0.740318,0.933388,0.480368,0.9333333373069764,0.153130754828453,30.0,2026-04-22 14:03:14,33.0,5.492757575757576,32.4336,221.87878787878788,0.0,1.0,0.0031919605098664,30.0,2026-04-22 14:03:09,33.0,8.363575757575758,42.10139999999998,222.75757575757575,0.0,2.0,10.934,11.283199999999999,1315.5,1.0,12.229,12.229,1271.0,,,,,,,,,,,,,,,,,,
variant:CNN_ASCON_NoFOG:attempt:5:round:12,CNN_ASCON_NoFOG,CNN,ASCON,NoFOG,5,12,2026-04-22 14:04:13,0.966667,0.128868,0.360415,0.738631,0.93515,0.486418,0.9333333373069764,0.2547264993190765,30.0,2026-04-22 14:04:13,33.0,6.089121212121213,32.8982,221.96969696969697,0.0,1.0,0.0030089521314948,30.0,2026-04-22 14:04:08,33.0,7.663363636363636,34.54099999999999,222.87878787878788,0.0,2.0,11.426,12.554599999999999,1315.0,1.0,14.271,14.271,1258.0,,,,,,,,,,,,,,,,,,
variant:CNN_ASCON_NoFOG:attempt:5:round:13,CNN_ASCON_NoFOG,CNN,ASCON,NoFOG,5,13,2026-04-22 14:05:11,1.0,0.054345,0.361524,0.740026,0.937857,0.489224,1.0,0.1049134880304336,30.0,2026-04-22 14:05:12,33.0,5.209454545454545,33.456599999999995,222.63636363636363,0.0,1.0,0.0037756084930151,30.0,2026-04-22 14:05:07,33.0,8.12651515151515,35.6538,222.3030303030303,0.0,2.0,14.0335,14.63875,1313.0,1.0,11.503,11.503,1266.0,,,,,,,,,,,,,,,,,,
variant:CNN_ASCON_NoFOG:attempt:5:round:14,CNN_ASCON_NoFOG,CNN,ASCON,NoFOG,5,14,2026-04-22 14:06:10,0.966667,0.095676,0.364289,0.739047,0.940575,0.493529,0.9333333373069764,0.1899858862161636,30.0,2026-04-22 14:06:10,33.0,6.034060606060606,31.219399999999997,222.3030303030303,0.0,1.0,0.0013655351940542,30.0,2026-04-22 14:06:05,33.0,6.977303030303031,31.3928,222.33333333333334,0.0,2.0,10.6475,10.92155,1316.5,1.0,13.088,13.088,1266.0,,,,,,,,,,,,,,,,,,
variant:CNN_ASCON_NoFOG:attempt:5:round:15,CNN_ASCON_NoFOG,CNN,ASCON,NoFOG,5,15,2026-04-22 14:07:09,0.983333,0.061896,0.366472,0.73666,0.941958,0.496622,0.9666666388511658,0.1220716163516044,30.0,2026-04-22 14:07:09,33.0,5.883545454545454,30.299599999999998,222.72727272727272,0.0,1.0,0.0017200099537149,30.0,2026-04-22 14:07:04,33.0,7.795909090909091,40.80819999999997,222.75757575757575,0.0,2.0,24.137,35.4275,1317.0,1.0,12.156,12.156,1264.0,,,,,,,,,,,,,,,,,,
variant:CNN_ASCON_NoFOG:attempt:5:round:16,CNN_ASCON_NoFOG,CNN,ASCON,NoFOG,5,16,2026-04-22 14:08:08,0.983333,0.059687,0.368651,0.738105,0.942673,0.500666,0.9666666388511658,0.117925651371479,30.0,2026-04-22 14:08:08,33.0,5.956848484848486,33.4098,221.5151515151515,0.0,1.0,0.0014491070760414,30.0,2026-04-22 14:08:03,33.0,7.858575757575757,38.44039999999998,222.33333333333334,0.0,2.0,10.811499999999999,11.261949999999999,1313.5,1.0,10.927,10.927,1264.0,,,,,,,,,,,,,,,,,,
variant:CNN_ASCON_NoFOG:attempt:5:round:17,CNN_ASCON_NoFOG,CNN,ASCON,NoFOG,5,17,2026-04-22 14:09:07,1.0,0.017622,0.368918,0.744867,0.94563,0.5033,1.0,0.0336960889399051,30.0,2026-04-22 14:09:07,33.0,6.060333333333333,32.6408,222.0,0.0,1.0,0.0015487377531826,30.0,2026-04-22 14:09:01,33.0,8.26530303030303,41.312399999999975,222.54545454545453,0.0,2.0,10.9555,11.32315,1312.5,1.0,11.171,11.171,1263.0,,,,,,,,,,,,,,,,,,
variant:CNN_ASCON_NoFOG:attempt:5:round:18,CNN_ASCON_NoFOG,CNN,ASCON,NoFOG,5,18,2026-04-22 14:10:05,1.0,0.026454,0.369572,0.747227,0.948731,0.506034,1.0,0.0522723980247974,30.0,2026-04-22 14:10:06,33.0,6.007757575757576,30.912999999999993,221.9090909090909,0.0,1.0,0.0006346486625261,30.0,2026-04-22 14:10:01,33.0,8.385060606060605,44.99779999999997,221.9090909090909,0.0,2.0,11.417,12.511399999999998,1313.5,1.0,9.926,9.926,1266.0,,,,,,,,,,,,,,,,,,
variant:CNN_ASCON_NoFOG:attempt:5:round:19,CNN_ASCON_NoFOG,CNN,ASCON,NoFOG,5,19,2026-04-22 14:11:04,0.966667,0.074411,0.371181,0.748238,0.951124,0.509954,0.9333333373069764,0.1480336934328079,30.0,2026-04-22 14:11:05,33.0,5.1486363636363635,31.6822,221.72727272727272,0.0,1.0,0.0007885721861384,30.0,2026-04-22 14:11:00,33.0,8.169666666666666,41.08479999999999,222.0909090909091,0.0,2.0,11.937999999999999,13.4455,1314.5,1.0,10.545,10.545,1260.0,,,,,,,,,,,,,,,,,,
variant:CNN_ASCON_NoFOG:attempt:5:round:20,CNN_ASCON_NoFOG,CNN,ASCON,NoFOG,5,20,2026-04-22 14:12:04,0.983333,0.025146,0.373835,0.747654,0.952024,0.513892,0.9666666388511658,0.049609612673521,30.0,2026-04-22 14:12:04,33.0,5.494818181818182,31.726399999999998,220.54545454545453,0.0,1.0,0.0006831164937466,30.0,2026-04-22 14:11:58,32.0,6.38096875,18.784549999999978,189.8125,0.0,2.0,18.7595,26.01125,1314.0,1.0,10.982,10.982,1265.0,,,,,,,,,,,,,,,,,,
variant:CNN_ASCON_NoFOG:attempt:6:round:1,CNN_ASCON_NoFOG,CNN,ASCON,NoFOG,6,1,2026-04-22 14:16:35,0.933333,0.452949,0.319724,0.665124,0.885222,0.42104,0.9333333373069764,0.4733618497848511,30.0,2026-04-22 14:16:35,32.0,5.26103125,16.79164999999998,190.4375,0.0,0.9333333373069764,0.4325353503227234,30.0,2026-04-22 14:16:34,36.0,4.744861111111112,11.2655,182.27777777777777,0.0,2.0,10.806000000000001,11.036399999999999,1320.0,1.0,14.833,14.833,1272.0,,,,,,,,,,,,,,,,,,
variant:CNN_ASCON_NoFOG:attempt:6:round:2,CNN_ASCON_NoFOG,CNN,ASCON,NoFOG,6,2,2026-04-22 14:17:28,1.0,0.147667,0.326326,0.713163,0.898458,0.408197,1.0,0.1572828739881515,30.0,2026-04-22 14:17:29,33.0,5.921121212121211,33.0042,222.96969696969697,0.0,1.0,0.1380516439676284,30.0,2026-04-22 14:17:28,30.0,5.970833333333334,32.9614,233.7,0.0,2.0,17.538,24.0099,1318.5,1.0,10.762,10.762,1272.0,,,,,,,,,,,,,,,,,,
variant:CNN_ASCON_NoFOG:attempt:6:round:3,CNN_ASCON_NoFOG,CNN,ASCON,NoFOG,6,3,2026-04-22 14:18:32,1.0,0.048005,0.33179,0.74589,0.905721,0.429712,1.0,0.0535149797797203,30.0,2026-04-22 14:18:32,33.0,5.650030303030303,33.690999999999995,223.06060606060606,0.0,1.0,0.0424953699111938,30.0,2026-04-22 14:18:27,36.0,7.602583333333333,35.755250000000004,214.38888888888889,0.0,2.0,16.556,20.2658,1317.0,1.0,11.922,11.922,1272.0,,,,,,,,,,,,,,,,,,
variant:CNN_ASCON_NoFOG:attempt:6:round:4,CNN_ASCON_NoFOG,CNN,ASCON,NoFOG,6,4,2026-04-22 14:19:33,0.9,0.283325,0.332126,0.737569,0.909232,0.430033,0.800000011920929,0.5524110794067383,30.0,2026-04-22 14:19:31,33.0,5.480636363636363,32.8246,222.42424242424244,0.0,1.0,0.014239446260035,30.0,2026-04-22 14:19:26,33.0,6.102333333333333,35.0386,222.93939393939394,0.0,2.0,10.9565,11.39345,1320.5,1.0,10.322,10.322,1273.0,,,,,,,,,,,,,,,,,,
variant:CNN_ASCON_NoFOG:attempt:6:round:5,CNN_ASCON_NoFOG,CNN,ASCON,NoFOG,6,5,2026-04-22 14:20:34,0.933333,0.171943,0.334389,0.729876,0.915644,0.435212,0.8666666746139526,0.3262057900428772,30.0,2026-04-22 14:20:34,33.0,5.336696969696971,31.578599999999994,222.42424242424244,0.0,1.0,0.0176804829388856,30.0,2026-04-22 14:20:28,33.0,7.723090909090909,34.3424,222.96969696969697,0.0,2.0,11.331,11.5668,1317.0,1.0,14.698,14.698,1274.0,,,,,,,,,,,,,,,,,,
variant:CNN_ASCON_NoFOG:attempt:6:round:6,CNN_ASCON_NoFOG,CNN,ASCON,NoFOG,6,6,2026-04-22 14:21:33,0.966667,0.076614,0.339494,0.732732,0.922217,0.440134,0.9333333373069764,0.1367082297801971,30.0,2026-04-22 14:21:33,33.0,5.29369696969697,30.877399999999994,223.57575757575756,0.0,1.0,0.0165207218378782,30.0,2026-04-22 14:21:27,33.0,7.445515151515151,34.86579999999999,223.3030303030303,0.0,2.0,11.157499999999999,11.43425,1318.5,1.0,12.433,12.433,1268.0,,,,,,,,,,,,,,,,,,
variant:CNN_ASCON_NoFOG:attempt:6:round:7,CNN_ASCON_NoFOG,CNN,ASCON,NoFOG,6,7,2026-04-22 14:22:31,0.966667,0.092314,0.342938,0.725781,0.927514,0.446541,0.9333333373069764,0.1750555634498596,30.0,2026-04-22 14:22:32,33.0,5.995636363636364,31.9428,221.75757575757575,0.0,1.0,0.0095715457573533,30.0,2026-04-22 14:22:26,33.0,7.40109090909091,34.0418,222.5151515151515,0.0,2.0,12.039000000000001,13.3071,1318.0,1.0,14.859,14.859,1267.0,,,,,,,,,,,,,,,,,,
variant:CNN_ASCON_NoFOG:attempt:6:round:8,CNN_ASCON_NoFOG,CNN,ASCON,NoFOG,6,8,2026-04-22 14:23:30,0.966667,0.079211,0.347477,0.730758,0.935413,0.454503,0.9333333373069764,0.1536304205656051,30.0,2026-04-22 14:23:31,33.0,5.533030303030303,33.4096,223.06060606060606,0.0,1.0,0.0047921994701027,30.0,2026-04-22 14:23:25,33.0,7.582303030303031,32.8048,222.6969696969697,0.0,2.0,11.5515,11.88675,1317.0,1.0,14.53,14.53,1272.0,,,,,,,,,,,,,,,,,,
variant:CNN_ASCON_NoFOG:attempt:6:round:9,CNN_ASCON_NoFOG,CNN,ASCON,NoFOG,6,9,2026-04-22 14:24:29,0.966667,0.102865,0.352758,0.729895,0.942114,0.463219,0.9333333373069764,0.2011680603027343,30.0,2026-04-22 14:24:29,33.0,5.318090909090909,31.876399999999997,222.8181818181818,0.0,1.0,0.0045610102824866,30.0,2026-04-22 14:24:25,33.0,7.303242424242424,35.035,222.3030303030303,0.0,2.0,10.9405,11.24875,1319.5,1.0,13.065,13.065,1266.0,,,,,,,,,,,,,,,,,,
variant:CNN_ASCON_NoFOG:attempt:6:round:10,CNN_ASCON_NoFOG,CNN,ASCON,NoFOG,6,10,2026-04-22 14:25:28,0.916667,0.150482,0.356225,0.734931,0.947655,0.471546,0.8333333134651184,0.2975507974624634,30.0,2026-04-22 14:25:28,33.0,5.88630303030303,30.9534,221.84848484848484,0.0,1.0,0.0034138911869376,30.0,2026-04-22 14:25:23,33.0,6.392272727272726,33.88219999999999,222.8181818181818,0.0,2.0,11.8545,12.92325,1314.5,1.0,14.09,14.09,1264.0,,,,,,,,,,,,,,,,,,
variant:CNN_ASCON_NoFOG:attempt:6:round:11,CNN_ASCON_NoFOG,CNN,ASCON,NoFOG,6,11,2026-04-22 14:26:27,0.933333,0.242119,0.358176,0.725193,0.951935,0.475753,0.8666666746139526,0.479983389377594,30.0,2026-04-22 14:26:27,33.0,5.54060606060606,33.313599999999994,222.3939393939394,0.0,1.0,0.0042541483417153,30.0,2026-04-22 14:26:22,33.0,7.187545454545456,34.992799999999995,222.45454545454547,0.0,2.0,10.5815,10.756549999999999,1313.5,1.0,10.562,10.562,1272.0,,,,,,,,,,,,,,,,,,
variant:CNN_ASCON_NoFOG:attempt:6:round:12,CNN_ASCON_NoFOG,CNN,ASCON,NoFOG,6,12,2026-04-22 14:27:27,0.966667,0.139013,0.35854,0.709263,0.955445,0.472461,0.9333333373069764,0.2603136897087097,30.0,2026-04-22 14:27:26,33.0,5.607454545454545,33.337,223.0909090909091,0.0,1.0,0.0177119001746177,30.0,2026-04-22 14:27:27,29.0,7.022862068965518,31.586999999999993,237.3793103448276,0.0,2.0,14.0475,17.085449999999998,1314.5,1.0,10.79,10.79,1270.0,,,,,,,,,,,,,,,,,,
variant:CNN_ASCON_NoFOG:attempt:6:round:13,CNN_ASCON_NoFOG,CNN,ASCON,NoFOG,6,13,2026-04-22 14:28:35,0.966667,0.188177,0.363351,0.695199,0.961677,0.48963,0.9666666388511658,0.1740997582674026,30.0,2026-04-22 14:28:25,39.0,6.676564102564102,35.756299999999996,206.25641025641025,0.0,0.9666666388511658,0.2022539675235748,30.0,2026-04-22 14:28:35,33.0,6.363393939393939,32.81679999999999,222.3939393939394,0.0,2.0,11.3635,11.37655,1316.5,1.0,10.489,10.489,1268.0,,,,,,,,,,,,,,,,,,
variant:CNN_ASCON_NoFOG:attempt:6:round:14,CNN_ASCON_NoFOG,CNN,ASCON,NoFOG,6,14,2026-04-22 14:29:34,0.933333,0.176648,0.367361,0.68605,0.961149,0.499972,0.8999999761581421,0.2038229405879974,30.0,2026-04-22 14:29:24,33.0,6.999363636363637,35.562,221.75757575757575,0.0,0.9666666388511658,0.1494729071855545,30.0,2026-04-22 14:29:34,33.0,6.181969696969697,32.0022,222.1818181818182,0.0,2.0,16.9065,21.78225,1319.0,1.0,11.763,11.763,1267.0,,,,,,,,,,,,,,,,,,
variant:CNN_ASCON_NoFOG:attempt:6:round:15,CNN_ASCON_NoFOG,CNN,ASCON,NoFOG,6,15,2026-04-22 14:30:33,0.95,0.123563,0.371264,0.697284,0.964864,0.508803,1.0,0.0476860292255878,30.0,2026-04-22 14:30:23,33.0,6.898242424242424,37.4396,222.03030303030303,0.0,0.8999999761581421,0.1994402259588241,30.0,2026-04-22 14:30:33,33.0,6.367030303030302,33.1952,222.06060606060606,0.0,2.0,10.798,11.074300000000001,1316.5,1.0,10.12,10.12,1266.0,,,,,,,,,,,,,,,,,,
variant:CNN_ASCON_NoFOG:attempt:6:round:16,CNN_ASCON_NoFOG,CNN,ASCON,NoFOG,6,16,2026-04-22 14:31:31,0.966667,0.105877,0.374822,0.709444,0.969649,0.513263,0.9333333373069764,0.1363413333892822,30.0,2026-04-22 14:31:21,33.0,7.456181818181818,36.791599999999974,221.57575757575756,0.0,1.0,0.0754118338227272,30.0,2026-04-22 14:31:31,33.0,6.757303030303031,32.74759999999999,222.12121212121212,0.0,2.0,11.024000000000001,11.1437,1313.5,1.0,12.033,12.033,1265.0,,,,,,,,,,,,,,,,,,
variant:CNN_ASCON_NoFOG:attempt:6:round:17,CNN_ASCON_NoFOG,CNN,ASCON,NoFOG,6,17,2026-04-22 14:32:30,0.95,0.188309,0.378227,0.711675,0.971493,0.521039,1.0,0.0939515009522438,30.0,2026-04-22 14:32:20,33.0,5.454060606060605,31.6452,221.84848484848484,0.0,0.8999999761581421,0.2826656699180603,30.0,2026-04-22 14:32:30,33.0,6.232727272727273,32.711999999999996,222.57575757575756,0.0,2.0,24.604499999999998,37.06995,1314.5,1.0,33.468,33.468,1264.0,,,,,,,,,,,,,,,,,,
variant:CNN_ASCON_NoFOG:attempt:6:round:18,CNN_ASCON_NoFOG,CNN,ASCON,NoFOG,6,18,2026-04-22 14:33:33,0.933333,0.165833,0.381499,0.705243,0.976757,0.526482,0.9666666388511658,0.07087954133749,30.0,2026-04-22 14:33:18,36.0,6.463833333333333,32.329750000000004,213.13888888888889,0.0,0.8999999761581421,0.2607869803905487,30.0,2026-04-22 14:33:34,33.0,6.281151515151516,31.793799999999997,221.84848484848484,0.0,2.0,11.5755,11.82165,1314.0,1.0,12.328,12.328,1267.0,,,,,,,,,,,,,,,,,,
variant:CNN_ASCON_NoFOG:attempt:6:round:19,CNN_ASCON_NoFOG,CNN,ASCON,NoFOG,6,19,2026-04-22 14:34:32,0.933333,0.144881,0.384062,0.71403,0.980122,0.528584,0.9666666388511658,0.0485459230840206,30.0,2026-04-22 14:34:17,33.0,7.241575757575757,35.01659999999999,222.6969696969697,0.0,0.8999999761581421,0.2412167936563491,30.0,2026-04-22 14:34:32,33.0,6.289878787878788,32.4188,222.45454545454547,0.0,2.0,12.768,13.774199999999999,1320.0,1.0,12.811,12.811,1266.0,,,,,,,,,,,,,,,,,,
variant:CNN_ASCON_NoFOG:attempt:6:round:20,CNN_ASCON_NoFOG,CNN,ASCON,NoFOG,6,20,2026-04-22 14:35:31,0.883333,0.288282,0.38324,0.712098,0.977222,0.534201,0.9333333373069764,0.1789261549711227,30.0,2026-04-22 14:35:16,33.0,7.139848484848485,41.94979999999997,222.63636363636363,0.0,0.8333333134651184,0.397638738155365,30.0,2026-04-22 14:35:31,33.0,6.484030303030303,31.205399999999997,221.3939393939394,0.0,2.0,17.610500000000002,18.50555,1316.5,1.0,23.529,23.529,1267.0,,,,,,,,,,,,,,,,,,
variant:CNN_ASCON_NoFOG:attempt:7:round:1,CNN_ASCON_NoFOG,CNN,ASCON,NoFOG,7,1,2026-04-22 14:38:36,0.883333,0.32279,0.327725,0.656502,0.876344,0.438695,0.9666666388511658,0.1854930967092514,30.0,2026-04-22 14:38:36,32.0,5.318781250000001,16.99724999999998,190.375,0.0,0.800000011920929,0.4600861966609955,30.0,2026-04-22 14:38:36,36.0,4.882638888888888,11.3325,180.52777777777777,0.0,2.0,10.817,11.2274,1322.5,1.0,19.21,19.21,1270.0,,,,,,,,,,,,,,,,,,
variant:CNN_ASCON_NoFOG:attempt:7:round:2,CNN_ASCON_NoFOG,CNN,ASCON,NoFOG,7,2,2026-04-22 14:39:29,0.75,0.482662,0.331555,0.655623,0.885155,0.445547,0.6333333253860474,0.6129496693611145,30.0,2026-04-22 14:39:29,34.0,5.310235294117647,33.02115,218.97058823529412,0.0,0.8666666746139526,0.352373719215393,30.0,2026-04-22 14:39:29,29.0,7.055965517241379,34.48579999999999,237.24137931034483,0.0,2.0,10.4915,10.831249999999999,1321.5,1.0,12.578,12.578,1266.0,,,,,,,,,,,,,,,,,,
variant:CNN_ASCON_NoFOG:attempt:7:round:3,CNN_ASCON_NoFOG,CNN,ASCON,NoFOG,7,3,2026-04-22 14:40:28,0.8,0.484568,0.334823,0.649956,0.893944,0.453763,0.699999988079071,0.6330394744873047,30.0,2026-04-22 14:40:28,33.0,5.846090909090909,32.6286,221.12121212121212,0.0,0.8999999761581421,0.336096704006195,30.0,2026-04-22 14:40:28,33.0,5.841636363636364,31.832599999999996,222.1818181818182,0.0,2.0,10.6705,10.83475,1321.5,1.0,13.288,13.288,1272.0,,,,,,,,,,,,,,,,,,
variant:CNN_ASCON_NoFOG:attempt:7:round:4,CNN_ASCON_NoFOG,CNN,ASCON,NoFOG,7,4,2026-04-22 14:41:26,0.8,0.419767,0.33848,0.645972,0.904386,0.458748,0.7666666507720947,0.4581463932991028,30.0,2026-04-22 14:41:26,33.0,6.1315757575757575,34.0492,221.8181818181818,0.0,0.8333333134651184,0.3813867568969726,30.0,2026-04-22 14:41:27,33.0,6.492757575757576,33.240399999999994,221.3939393939394,0.0,2.0,10.628,10.781,1319.0,1.0,15.248,15.248,1270.0,,,,,,,,,,,,,,,,,,
variant:CNN_ASCON_NoFOG:attempt:7:round:5,CNN_ASCON_NoFOG,CNN,ASCON,NoFOG,7,5,2026-04-22 14:42:25,0.9,0.293691,0.343346,0.658306,0.912365,0.455803,0.9666666388511658,0.2618417739868164,30.0,2026-04-22 14:42:25,33.0,6.213212121212122,33.6552,222.3030303030303,0.0,0.8333333134651184,0.3255399763584137,30.0,2026-04-22 14:42:25,33.0,6.475151515151515,32.602599999999995,222.27272727272728,0.0,2.0,11.8475,12.372649999999998,1320.5,1.0,11.036,11.036,1268.0,,,,,,,,,,,,,,,,,,
variant:CNN_ASCON_NoFOG:attempt:7:round:6,CNN_ASCON_NoFOG,CNN,ASCON,NoFOG,7,6,2026-04-22 14:43:23,0.833333,0.320707,0.348121,0.657868,0.921331,0.464045,0.8666666746139526,0.3177020847797394,30.0,2026-04-22 14:43:23,33.0,5.4170606060606055,31.892,221.6060606060606,0.0,0.800000011920929,0.3237121403217315,30.0,2026-04-22 14:43:24,33.0,6.773969696969696,32.051199999999994,221.3939393939394,0.0,2.0,12.0455,12.39875,1321.5,1.0,10.842,10.842,1267.0,,,,,,,,,,,,,,,,,,
variant:CNN_ASCON_NoFOG:attempt:7:round:7,CNN_ASCON_NoFOG,CNN,ASCON,NoFOG,7,7,2026-04-22 14:44:25,0.916667,0.242132,0.351097,0.669361,0.929299,0.472932,0.8999999761581421,0.2897639572620392,30.0,2026-04-22 14:44:22,33.0,5.6747272727272735,33.504599999999996,221.45454545454547,0.0,0.9333333373069764,0.1944996267557144,30.0,2026-04-22 14:44:25,33.0,6.398999999999999,32.989,221.3939393939394,0.0,2.0,10.6265,10.81325,1321.0,1.0,13.813,13.813,1268.0,,,,,,,,,,,,,,,,,,
variant:CNN_ASCON_NoFOG:attempt:7:round:8,CNN_ASCON_NoFOG,CNN,ASCON,NoFOG,7,8,2026-04-22 14:45:24,0.883333,0.301887,0.353358,0.672214,0.932316,0.468025,0.9333333373069764,0.1827912926673889,30.0,2026-04-22 14:45:23,33.0,5.956484848484848,31.424799999999998,222.03030303030303,0.0,0.8333333134651184,0.4209835231304168,30.0,2026-04-22 14:45:24,33.0,6.78830303030303,32.07739999999999,222.15151515151516,0.0,2.0,10.8825,11.52735,1321.5,1.0,16.512,16.512,1265.0,,,,,,,,,,,,,,,,,,
variant:CNN_ASCON_NoFOG:attempt:7:round:9,CNN_ASCON_NoFOG,CNN,ASCON,NoFOG,7,9,2026-04-22 14:46:22,0.916667,0.256059,0.353345,0.656834,0.934269,0.484288,0.8999999761581421,0.2194950729608535,30.0,2026-04-22 14:46:22,33.0,5.689060606060607,30.4182,221.27272727272728,0.0,0.9333333373069764,0.2926224768161773,30.0,2026-04-22 14:46:22,33.0,6.186848484848484,33.288399999999996,221.5151515151515,0.0,2.0,11.0005,11.54995,1320.0,1.0,12.589,12.589,1266.0,,,,,,,,,,,,,,,,,,
variant:CNN_ASCON_NoFOG:attempt:7:round:10,CNN_ASCON_NoFOG,CNN,ASCON,NoFOG,7,10,2026-04-22 14:47:21,0.883333,0.236086,0.355588,0.665012,0.937299,0.482403,0.9666666388511658,0.1520437449216842,30.0,2026-04-22 14:47:20,33.0,5.614696969696969,30.7698,222.12121212121212,0.0,0.800000011920929,0.3201279938220978,30.0,2026-04-22 14:47:21,33.0,5.926454545454545,31.299999999999997,221.0909090909091,0.0,2.0,12.201,13.7157,1320.5,1.0,10.715,10.715,1269.0,,,,,,,,,,,,,,,,,,
variant:CNN_ASCON_NoFOG:attempt:7:round:11,CNN_ASCON_NoFOG,CNN,ASCON,NoFOG,7,11,2026-04-22 14:48:21,0.95,0.197282,0.35526,0.667053,0.934386,0.491914,0.8999999761581421,0.2571417093276977,30.0,2026-04-22 14:48:19,33.0,6.326969696969696,34.47279999999999,221.21212121212122,0.0,1.0,0.1374226957559585,30.0,2026-04-22 14:48:21,33.0,6.1457575757575755,33.459599999999995,221.63636363636363,0.0,2.0,10.4845,10.80265,1317.0,1.0,10.909,10.909,1270.0,,,,,,,,,,,,,,,,,,
variant:CNN_ASCON_NoFOG:attempt:7:round:12,CNN_ASCON_NoFOG,CNN,ASCON,NoFOG,7,12,2026-04-22 14:49:20,0.933333,0.13732,0.357814,0.680534,0.93437,0.502453,0.9333333373069764,0.158100813627243,30.0,2026-04-22 14:49:20,33.0,6.786333333333333,35.6446,222.03030303030303,0.0,0.9333333373069764,0.1165396124124527,30.0,2026-04-22 14:49:20,33.0,6.394727272727273,32.3336,221.66666666666666,0.0,2.0,11.5655,12.37145,1321.0,1.0,11.173,11.173,1271.0,,,,,,,,,,,,,,,,,,
variant:CNN_ASCON_NoFOG:attempt:7:round:13,CNN_ASCON_NoFOG,CNN,ASCON,NoFOG,7,13,2026-04-22 14:50:20,0.933333,0.165133,0.35796,0.686178,0.938159,0.50584,0.9333333373069764,0.137144848704338,30.0,2026-04-22 14:50:19,33.0,6.416969696969699,33.5148,221.84848484848484,0.0,0.9333333373069764,0.1931218802928924,30.0,2026-04-22 14:50:21,33.0,5.681818181818182,31.552799999999998,220.87878787878788,0.0,2.0,15.904499999999999,20.183549999999997,1317.0,1.0,17.266,17.266,1265.0,,,,,,,,,,,,,,,,,,
variant:CNN_ASCON_NoFOG:attempt:7:round:14,CNN_ASCON_NoFOG,CNN,ASCON,NoFOG,7,14,2026-04-22 14:51:19,0.916667,0.202366,0.359808,0.686812,0.94135,0.506129,0.8999999761581421,0.2052049487829208,30.0,2026-04-22 14:51:19,33.0,6.530151515151514,34.095,221.1818181818182,0.0,0.9333333373069764,0.1995278745889663,30.0,2026-04-22 14:51:19,33.0,6.181575757575757,33.571799999999996,222.96969696969697,0.0,2.0,25.6295,33.16205,1318.0,1.0,18.476,18.476,1269.0,,,,,,,,,,,,,,,,,,
variant:CNN_ASCON_NoFOG:attempt:7:round:15,CNN_ASCON_NoFOG,CNN,ASCON,NoFOG,7,15,2026-04-22 14:52:18,0.866667,0.260998,0.362625,0.689791,0.944333,0.510629,0.8666666746139526,0.2276016920804977,30.0,2026-04-22 14:52:18,33.0,5.751090909090908,34.9742,221.54545454545453,0.0,0.8666666746139526,0.2943934202194214,30.0,2026-04-22 14:52:18,33.0,6.589909090909091,35.315999999999995,221.6969696969697,0.0,2.0,11.472000000000001,12.3414,1319.5,1.0,10.386,10.386,1266.0,,,,,,,,,,,,,,,,,,
variant:CNN_ASCON_NoFOG:attempt:7:round:16,CNN_ASCON_NoFOG,CNN,ASCON,NoFOG,7,16,2026-04-22 14:53:16,0.9,0.203011,0.363761,0.689345,0.946113,0.518566,0.8666666746139526,0.2466405481100082,30.0,2026-04-22 14:53:16,33.0,6.098272727272727,35.903999999999996,221.96969696969697,0.0,0.9333333373069764,0.1593805849552154,30.0,2026-04-22 14:53:16,33.0,6.672090909090909,34.803599999999996,222.57575757575756,0.0,2.0,11.553,12.438600000000001,1319.5,1.0,13.196,13.196,1273.0,,,,,,,,,,,,,,,,,,
variant:CNN_ASCON_NoFOG:attempt:7:round:17,CNN_ASCON_NoFOG,CNN,ASCON,NoFOG,7,17,2026-04-22 14:54:14,0.933333,0.163695,0.365988,0.690816,0.947651,0.524614,0.9333333373069764,0.1517505794763565,30.0,2026-04-22 14:54:15,32.0,6.117218749999999,33.252900000000004,224.28125,0.0,0.9333333373069764,0.1756398528814315,30.0,2026-04-22 14:54:14,34.0,6.184058823529411,32.8592,219.05882352941177,0.0,2.0,18.189999999999998,18.6751,1313.5,1.0,16.417,16.417,1265.0,,,,,,,,,,,,,,,,,,
variant:CNN_ASCON_NoFOG:attempt:7:round:18,CNN_ASCON_NoFOG,CNN,ASCON,NoFOG,7,18,2026-04-22 14:55:13,0.933333,0.161022,0.365949,0.692975,0.947701,0.528017,0.9333333373069764,0.1946226805448532,30.0,2026-04-22 14:55:13,34.0,5.5483529411764705,30.304499999999997,217.41176470588235,0.0,0.9333333373069764,0.1274210214614868,30.0,2026-04-22 14:55:14,32.0,6.674312499999999,33.370549999999994,224.40625,0.0,2.0,12.478000000000002,14.4121,1316.5,1.0,10.224,10.224,1266.0,,,,,,,,,,,,,,,,,,
variant:CNN_ASCON_NoFOG:attempt:7:round:19,CNN_ASCON_NoFOG,CNN,ASCON,NoFOG,7,19,2026-04-22 14:56:12,0.916667,0.187685,0.366894,0.699146,0.950597,0.52413,0.8999999761581421,0.2123535424470901,30.0,2026-04-22 14:56:12,33.0,5.900545454545454,30.4732,221.57575757575756,0.0,0.9333333373069764,0.1630157083272934,30.0,2026-04-22 14:56:12,33.0,6.748212121212121,32.50399999999999,220.6969696969697,0.0,2.0,12.6695,13.79945,1318.5,1.0,10.939,10.939,1262.0,,,,,,,,,,,,,,,,,,
variant:CNN_ASCON_NoFOG:attempt:7:round:20,CNN_ASCON_NoFOG,CNN,ASCON,NoFOG,7,20,2026-04-22 14:57:11,0.966667,0.118696,0.3678,0.698187,0.954874,0.524628,0.9666666388511658,0.1241103634238243,30.0,2026-04-22 14:57:10,33.0,5.194363636363636,31.341599999999996,220.93939393939394,0.0,0.9666666388511658,0.1132808029651641,30.0,2026-04-22 14:57:11,33.0,6.580303030303031,33.3022,221.0,0.0,2.0,10.732,10.8175,1318.0,1.0,11.377,11.377,1266.0,,,,,,,,,,,,,,,,,,
variant:CNN_ASCON_NoFOG:attempt:8:round:1,CNN_ASCON_NoFOG,CNN,ASCON,NoFOG,8,1,2026-04-22 14:59:51,0.716667,0.596609,0.322573,0.630971,0.870132,0.458768,0.8333333134651184,0.519302248954773,30.0,2026-04-22 14:59:51,36.0,4.171694444444444,10.89575,181.19444444444446,0.0,0.6000000238418579,0.6739161014556885,30.0,2026-04-22 14:59:51,32.0,5.69525,17.14904999999998,188.46875,0.0,2.0,12.1985,12.456349999999999,1319.0,1.0,13.83,13.83,1269.0,,,,,,,,,,,,,,,,,,
variant:CNN_ASCON_NoFOG:attempt:8:round:2,CNN_ASCON_NoFOG,CNN,ASCON,NoFOG,8,2,2026-04-22 15:00:44,0.75,0.554596,0.330153,0.629665,0.889629,0.453581,0.800000011920929,0.507355809211731,30.0,2026-04-22 15:00:44,30.0,6.2996,33.02405,231.43333333333334,0.0,0.699999988079071,0.6018365025520325,30.0,2026-04-22 15:00:44,33.0,6.102060606060606,30.7772,222.06060606060606,0.0,2.0,10.772,10.8755,1321.0,1.0,15.196,15.196,1271.0,,,,,,,,,,,,,,,,,,
variant:CNN_ASCON_NoFOG:attempt:8:round:3,CNN_ASCON_NoFOG,CNN,ASCON,NoFOG,8,3,2026-04-22 15:01:42,0.816667,0.41064,0.336618,0.62936,0.906052,0.456269,0.800000011920929,0.4251613020896911,30.0,2026-04-22 15:01:42,33.0,6.0394545454545465,34.661,222.27272727272728,0.0,0.8333333134651184,0.3961178064346313,30.0,2026-04-22 15:01:43,33.0,6.367454545454546,32.601,221.6060606060606,0.0,2.0,10.68,10.801499999999999,1321.5,1.0,12.784,12.784,1271.0,,,,,,,,,,,,,,,,,,
variant:CNN_ASCON_NoFOG:attempt:8:round:4,CNN_ASCON_NoFOG,CNN,ASCON,NoFOG,8,4,2026-04-22 15:02:41,0.916667,0.306469,0.341817,0.63958,0.918236,0.472971,1.0,0.2428806275129318,30.0,2026-04-22 15:02:41,33.0,5.4718484848484845,33.1688,222.21212121212122,0.0,0.8333333134651184,0.3700567483901977,30.0,2026-04-22 15:02:41,33.0,5.938030303030303,31.6812,221.4848484848485,0.0,2.0,18.219,20.1054,1314.5,1.0,18.234,18.234,1270.0,,,,,,,,,,,,,,,,,,
variant:CNN_ASCON_NoFOG:attempt:8:round:5,CNN_ASCON_NoFOG,CNN,ASCON,NoFOG,8,5,2026-04-22 15:03:40,0.866667,0.32952,0.346921,0.652489,0.930172,0.472473,0.800000011920929,0.3631974160671234,30.0,2026-04-22 15:03:39,33.0,6.136878787878787,34.0484,221.9090909090909,0.0,0.9333333373069764,0.2958430051803589,30.0,2026-04-22 15:03:40,33.0,6.664818181818181,32.0828,221.5151515151515,0.0,2.0,26.165999999999997,26.601599999999998,1320.0,1.0,20.03,20.03,1267.0,,,,,,,,,,,,,,,,,,
variant:CNN_ASCON_NoFOG:attempt:8:round:6,CNN_ASCON_NoFOG,CNN,ASCON,NoFOG,8,6,2026-04-22 15:04:38,0.733333,0.451074,0.349901,0.639871,0.940863,0.479181,0.800000011920929,0.3894072771072387,30.0,2026-04-22 15:04:38,33.0,5.856424242424241,33.8058,221.24242424242425,0.0,0.6666666865348816,0.5127397775650024,30.0,2026-04-22 15:04:38,33.0,5.929,31.3506,220.42424242424244,0.0,2.0,27.852,31.063200000000002,1319.0,1.0,22.008,22.008,1268.0,,,,,,,,,,,,,,,,,,
variant:CNN_ASCON_NoFOG:attempt:8:round:7,CNN_ASCON_NoFOG,CNN,ASCON,NoFOG,8,7,2026-04-22 15:05:36,0.833333,0.308003,0.351852,0.640477,0.946314,0.476391,0.8333333134651184,0.3200928270816803,30.0,2026-04-22 15:05:37,33.0,5.783757575757575,35.0,221.8181818181818,0.0,0.8333333134651184,0.2959136962890625,30.0,2026-04-22 15:05:37,33.0,6.427090909090909,33.590199999999996,221.96969696969697,0.0,2.0,22.814500000000002,26.30965,1318.0,1.0,14.17,14.17,1267.0,,,,,,,,,,,,,,,,,,
variant:CNN_ASCON_NoFOG:attempt:8:round:8,CNN_ASCON_NoFOG,CNN,ASCON,NoFOG,8,8,2026-04-22 15:06:35,0.883333,0.315552,0.354071,0.634382,0.947884,0.482371,0.9333333373069764,0.1966654509305954,30.0,2026-04-22 15:06:35,33.0,5.96230303030303,34.54,221.0909090909091,0.0,0.8333333134651184,0.4344378113746643,30.0,2026-04-22 15:06:35,33.0,5.833909090909091,31.89399999999999,222.0,0.0,2.0,18.933999999999997,19.2049,1319.0,1.0,17.746,17.746,1265.0,,,,,,,,,,,,,,,,,,
variant:CNN_ASCON_NoFOG:attempt:8:round:9,CNN_ASCON_NoFOG,CNN,ASCON,NoFOG,8,9,2026-04-22 15:07:33,0.883333,0.301356,0.356173,0.63226,0.949454,0.490834,0.800000011920929,0.3935607373714447,30.0,2026-04-22 15:07:33,33.0,5.837606060606062,30.709799999999994,221.21212121212122,0.0,0.9666666388511658,0.2091505825519561,30.0,2026-04-22 15:07:33,33.0,6.457515151515151,34.635999999999996,221.03030303030303,0.0,2.0,11.5625,12.951649999999999,1315.5,1.0,18.71,18.71,1266.0,,,,,,,,,,,,,,,,,,
variant:CNN_ASCON_NoFOG:attempt:8:round:10,CNN_ASCON_NoFOG,CNN,ASCON,NoFOG,8,10,2026-04-22 15:08:32,0.8,0.447084,0.357419,0.637323,0.949305,0.499241,0.8666666746139526,0.3812400996685028,30.0,2026-04-22 15:08:32,33.0,7.354030303030303,33.060399999999994,221.12121212121212,0.0,0.7333333492279053,0.5129280686378479,30.0,2026-04-22 15:08:32,33.0,6.043969696969698,33.70559999999999,221.87878787878788,0.0,2.0,97.80250000000001,105.79585,1316.0,1.0,318.303,318.303,1269.0,,,,,,,,,,,,,,,,,,
variant:CNN_ASCON_NoFOG:attempt:8:round:11,CNN_ASCON_NoFOG,CNN,ASCON,NoFOG,8,11,2026-04-22 15:09:32,0.95,0.21605,0.357937,0.644913,0.952617,0.496242,0.8999999761581421,0.3072302639484405,30.0,2026-04-22 15:09:32,33.0,6.302090909090909,34.0144,221.66666666666666,0.0,1.0,0.1248698160052299,30.0,2026-04-22 15:09:33,33.0,6.06969696969697,33.013999999999996,221.42424242424244,0.0,2.0,17.4415,20.92675,1313.5,1.0,17.357,17.357,1267.0,,,,,,,,,,,,,,,,,,
variant:CNN_ASCON_NoFOG:attempt:8:round:12,CNN_ASCON_NoFOG,CNN,ASCON,NoFOG,8,12,2026-04-22 15:10:31,0.866667,0.262349,0.359664,0.642965,0.956793,0.5031,0.800000011920929,0.3589456677436828,30.0,2026-04-22 15:10:31,33.0,5.680636363636364,33.8826,221.5151515151515,0.0,0.9333333373069764,0.1657524108886718,30.0,2026-04-22 15:10:31,33.0,6.396484848484849,33.21479999999999,221.4848484848485,0.0,2.0,11.2865,11.715349999999999,1320.0,1.0,12.946,12.946,1265.0,,,,,,,,,,,,,,,,,,
variant:CNN_ASCON_NoFOG:attempt:8:round:13,CNN_ASCON_NoFOG,CNN,ASCON,NoFOG,8,13,2026-04-22 15:11:29,0.933333,0.130251,0.362606,0.652313,0.96198,0.505272,0.9333333373069764,0.1349132508039474,30.0,2026-04-22 15:11:29,33.0,6.519363636363637,32.939,221.96969696969697,0.0,0.9333333373069764,0.1255887299776077,30.0,2026-04-22 15:11:29,33.0,6.705939393939395,32.032199999999996,221.5151515151515,0.0,2.0,10.588999999999999,10.7348,1318.0,1.0,15.204,15.204,1267.0,,,,,,,,,,,,,,,,,,
variant:CNN_ASCON_NoFOG:attempt:8:round:14,CNN_ASCON_NoFOG,CNN,ASCON,NoFOG,8,14,2026-04-22 15:12:27,1.0,0.05204,0.365717,0.659942,0.96738,0.515624,1.0,0.0399566181004047,30.0,2026-04-22 15:12:27,33.0,5.606757575757577,33.234,220.63636363636363,0.0,1.0,0.0641235262155532,30.0,2026-04-22 15:12:27,33.0,6.287060606060606,31.039599999999997,221.6060606060606,0.0,2.0,20.9735,23.13575,1310.0,1.0,24.613,24.613,1269.0,,,,,,,,,,,,,,,,,,
variant:CNN_ASCON_NoFOG:attempt:8:round:15,CNN_ASCON_NoFOG,CNN,ASCON,NoFOG,8,15,2026-04-22 15:13:26,0.866667,0.279331,0.367548,0.664663,0.972553,0.518613,0.8666666746139526,0.2732318341732025,30.0,2026-04-22 15:13:25,33.0,8.74857575757576,37.309999999999995,221.5151515151515,0.0,0.8666666746139526,0.2854293882846832,30.0,2026-04-22 15:13:26,33.0,6.3044242424242425,32.2744,222.24242424242425,0.0,2.0,37.966,40.920700000000004,1317.5,1.0,27.882,27.882,1265.0,,,,,,,,,,,,,,,,,,
variant:CNN_ASCON_NoFOG:attempt:8:round:16,CNN_ASCON_NoFOG,CNN,ASCON,NoFOG,8,16,2026-04-22 15:14:25,0.95,0.152457,0.368407,0.662353,0.974283,0.522673,0.9666666388511658,0.1525482982397079,30.0,2026-04-22 15:14:24,33.0,6.660030303030303,34.57999999999999,222.78787878787878,0.0,0.9333333373069764,0.1523662656545639,30.0,2026-04-22 15:14:25,33.0,6.271909090909091,34.428399999999996,221.0,0.0,2.0,18.344,18.9812,1319.0,1.0,23.277,23.277,1266.0,,,,,,,,,,,,,,,,,,
variant:CNN_ASCON_NoFOG:attempt:8:round:17,CNN_ASCON_NoFOG,CNN,ASCON,NoFOG,8,17,2026-04-22 15:15:23,0.966667,0.141447,0.368744,0.656134,0.977534,0.53065,0.9333333373069764,0.1970556676387787,30.0,2026-04-22 15:15:23,33.0,5.855333333333333,34.777,221.0909090909091,0.0,1.0,0.0858392417430877,30.0,2026-04-22 15:15:23,33.0,6.2529393939393945,33.242,220.8181818181818,0.0,2.0,25.0865,29.32055,1316.5,1.0,23.744,23.744,1264.0,,,,,,,,,,,,,,,,,,
variant:CNN_ASCON_NoFOG:attempt:8:round:18,CNN_ASCON_NoFOG,CNN,ASCON,NoFOG,8,18,2026-04-22 15:16:22,0.9,0.226095,0.369151,0.65747,0.980668,0.521745,0.8666666746139526,0.3265153765678406,30.0,2026-04-22 15:16:22,33.0,5.583606060606061,30.885999999999996,221.45454545454547,0.0,0.9333333373069764,0.1256746649742126,30.0,2026-04-22 15:16:22,33.0,6.452121212121213,33.98459999999999,220.75757575757575,0.0,2.0,34.958,35.66,1319.5,1.0,34.047,34.047,1269.0,,,,,,,,,,,,,,,,,,
variant:CNN_ASCON_NoFOG:attempt:8:round:19,CNN_ASCON_NoFOG,CNN,ASCON,NoFOG,8,19,2026-04-22 15:17:24,0.933333,0.18083,0.36973,0.655454,0.983633,0.524204,0.8999999761581421,0.2117450684309005,30.0,2026-04-22 15:17:20,36.0,5.322361111111111,30.927500000000002,212.83333333333334,0.0,0.9666666388511658,0.149914413690567,30.0,2026-04-22 15:17:23,33.0,6.567363636363637,33.9878,221.3939393939394,0.0,2.0,19.107,22.6314,1321.0,1.0,16.373,16.373,1268.0,,,,,,,,,,,,,,,,,,
variant:CNN_ASCON_NoFOG:attempt:8:round:20,CNN_ASCON_NoFOG,CNN,ASCON,NoFOG,8,20,2026-04-22 15:18:23,0.933333,0.147536,0.37003,0.653024,0.985898,0.526369,0.9333333373069764,0.1423390507698059,30.0,2026-04-22 15:18:18,29.0,5.710655172413794,29.30619999999991,195.82758620689654,0.0,0.9333333373069764,0.152732104063034,30.0,2026-04-22 15:18:23,33.0,6.127575757575757,34.5468,221.33333333333334,0.0,2.0,31.9555,35.53435,1318.0,1.0,41.988,41.988,1269.0,,,,,,,,,,,,,,,,,,
variant:CNN_PLAIN_FOG:attempt:2:round:1,CNN_PLAIN_FOG,CNN,PLAIN,FOG,2,1,2026-04-27 21:46:08,1.0,0.71673,0.171249,0.397567,0.292709,0.18399,,,,,,,,,,,,,,,,,,,1.0,0.0,0.0,0.0,1.0,0.359,0.359,0.0,1.0,0.781461775302887,30.0,2026-04-27 21:46:08,33.0,0.15215151515151518,0.25939999999999996,0.0,30.0,1.0,0.6519986987113953,30.0,2026-04-27 21:46:06,36.0,0.12455555555555556,0.2195,0.0,34.0
variant:CNN_PLAIN_FOG:attempt:2:round:2,CNN_PLAIN_FOG,CNN,PLAIN,FOG,2,2,2026-04-27 21:46:51,1.0,0.345879,0.185434,0.460849,0.285537,0.18441,,,,,,,,,,,,,,,,,,,1.0,0.0,0.0,0.0,1.0,0.386,0.386,0.0,1.0,0.3802262544631958,30.0,2026-04-27 21:46:51,35.0,0.15285714285714289,0.3985999999999997,0.0,30.0,1.0,0.3115312755107879,30.0,2026-04-27 21:46:50,30.0,0.14836666666666667,0.31679999999999964,0.0,27.0
variant:CNN_PLAIN_FOG:attempt:2:round:3,CNN_PLAIN_FOG,CNN,PLAIN,FOG,2,3,2026-04-27 21:47:41,1.0,0.056204,0.206465,0.520588,0.286912,0.217458,,,,,,,,,,,,,,,,,,,1.0,0.0,0.0,0.0,1.0,0.4,0.4,0.0,1.0,0.0695655271410942,30.0,2026-04-27 21:47:41,35.0,0.16822857142857145,0.4611999999999998,0.0,30.0,1.0,0.0428432710468769,30.0,2026-04-27 21:47:40,33.0,0.14612121212121212,0.30739999999999973,0.0,30.0
variant:CNN_PLAIN_FOG:attempt:2:round:4,CNN_PLAIN_FOG,CNN,PLAIN,FOG,2,4,2026-04-27 21:51:40,0.85,0.490737,0.203052,0.49544,0.286195,0.212083,,,,,,,,,,,,,,,,,,,1.0,0.0,0.0,0.0,1.0,0.407,0.407,0.0,0.8999999761581421,0.3318021893501282,30.0,2026-04-27 21:51:38,36.0,0.14369444444444446,0.3625,0.0,31.0,0.800000011920929,0.6496724486351013,30.0,2026-04-27 21:51:40,34.0,0.11905882352941177,0.27214999999999967,0.0,31.0
variant:CNN_PLAIN_FOG:attempt:2:round:5,CNN_PLAIN_FOG,CNN,PLAIN,FOG,2,5,2026-04-27 21:52:31,0.783333,0.597727,0.195543,0.457446,0.298315,0.211329,,,,,,,,,,,,,,,,,,,1.0,0.0,0.0,0.0,1.0,0.414,0.414,0.0,0.7333333492279053,0.707442581653595,30.0,2026-04-27 21:52:28,35.0,0.19234285714285715,0.6536999999999996,0.0,30.0,0.8333333134651184,0.4880113005638122,30.0,2026-04-27 21:52:31,33.0,0.13133333333333336,0.2971999999999997,0.0,30.0
variant:CNN_PLAIN_FOG:attempt:2:round:6,CNN_PLAIN_FOG,CNN,PLAIN,FOG,2,6,2026-04-27 21:53:21,0.9,0.352813,0.199965,0.464336,0.317383,0.233295,,,,,,,,,,,,,,,,,,,1.0,0.0,0.0,0.0,1.0,0.422,0.422,0.0,0.8666666746139526,0.4229087233543396,30.0,2026-04-27 21:53:18,35.0,0.2075142857142857,0.6571999999999976,0.0,30.0,0.9333333373069764,0.2827179729938507,30.0,2026-04-27 21:53:21,33.0,0.1303030303030303,0.36399999999999993,0.0,30.0
variant:CNN_PLAIN_FOG:attempt:2:round:7,CNN_PLAIN_FOG,CNN,PLAIN,FOG,2,7,2026-04-27 21:54:11,0.916667,0.302124,0.207389,0.481432,0.336624,0.249845,,,,,,,,,,,,,,,,,,,1.0,0.0,0.0,0.0,1.0,0.434,0.434,0.0,0.8999999761581421,0.3580288887023926,30.0,2026-04-27 21:54:08,35.0,0.15642857142857144,0.3882,0.0,30.0,0.9333333373069764,0.2462188154458999,30.0,2026-04-27 21:54:11,33.0,0.1327878787878788,0.27399999999999985,0.0,30.0
variant:CNN_PLAIN_FOG:attempt:2:round:8,CNN_PLAIN_FOG,CNN,PLAIN,FOG,2,8,2026-04-27 21:55:01,0.883333,0.350867,0.213785,0.485873,0.349823,0.270292,,,,,,,,,,,,,,,,,,,1.0,0.0,0.0,0.0,1.0,0.403,0.403,0.0,0.8666666746139526,0.4017738103866577,30.0,2026-04-27 21:54:58,35.0,0.1407142857142857,0.33599999999999985,0.0,30.0,0.8999999761581421,0.2999595105648041,30.0,2026-04-27 21:55:01,33.0,0.13154545454545458,0.29319999999999985,0.0,30.0
variant:CNN_PLAIN_FOG:attempt:2:round:9,CNN_PLAIN_FOG,CNN,PLAIN,FOG,2,9,2026-04-27 21:55:50,0.883333,0.332973,0.219831,0.491296,0.365371,0.291328,,,,,,,,,,,,,,,,,,,1.0,0.0,0.0,0.0,1.0,0.426,0.426,0.0,0.8666666746139526,0.3819522857666015,30.0,2026-04-27 21:55:48,35.0,0.1538857142857143,0.3704999999999999,0.0,30.0,0.8999999761581421,0.2839941680431366,30.0,2026-04-27 21:55:50,33.0,0.13842424242424245,0.3085999999999999,0.0,30.0
variant:CNN_PLAIN_FOG:attempt:2:round:10,CNN_PLAIN_FOG,CNN,PLAIN,FOG,2,10,2026-04-27 21:56:41,0.883333,0.341152,0.227216,0.498367,0.384222,0.312186,,,,,,,,,,,,,,,,,,,1.0,0.0,0.0,0.0,1.0,0.386,0.386,0.0,0.8999999761581421,0.3320585191249847,30.0,2026-04-27 21:56:38,35.0,0.16688571428571428,0.4710999999999994,0.0,30.0,0.8666666746139526,0.3502460420131683,30.0,2026-04-27 21:56:41,33.0,0.14424242424242426,0.3341999999999999,0.0,30.0
variant:CNN_PLAIN_FOG:attempt:2:round:11,CNN_PLAIN_FOG,CNN,PLAIN,FOG,2,11,2026-04-27 21:57:31,0.75,0.418025,0.23203,0.487991,0.396355,0.344077,,,,,,,,,,,,,,,,,,,1.0,0.0,0.0,0.0,1.0,0.381,0.381,0.0,0.7333333492279053,0.4645179212093353,30.0,2026-04-27 21:57:28,35.0,0.16662857142857143,0.4199999999999997,0.0,30.0,0.7666666507720947,0.3715329170227051,30.0,2026-04-27 21:57:31,33.0,0.11093939393939395,0.29579999999999973,0.0,30.0
variant:CNN_PLAIN_FOG:attempt:2:round:12,CNN_PLAIN_FOG,CNN,PLAIN,FOG,2,12,2026-04-27 21:58:21,0.9,0.228112,0.239525,0.503278,0.416519,0.358137,,,,,,,,,,,,,,,,,,,1.0,0.0,0.0,0.0,1.0,0.368,0.368,0.0,0.8999999761581421,0.2569422423839569,30.0,2026-04-27 21:58:18,35.0,0.15614285714285717,0.40019999999999994,0.0,30.0,0.8999999761581421,0.1992821097373962,30.0,2026-04-27 21:58:21,33.0,0.12015151515151516,0.30139999999999983,0.0,30.0
variant:CNN_PLAIN_FOG:attempt:2:round:13,CNN_PLAIN_FOG,CNN,PLAIN,FOG,2,13,2026-04-27 21:59:11,0.866667,0.268154,0.243542,0.499846,0.428163,0.38313,,,,,,,,,,,,,,,,,,,1.0,0.0,0.0,0.0,1.0,0.36,0.36,0.0,0.8666666746139526,0.2781948447227478,30.0,2026-04-27 21:59:08,35.0,0.14788571428571426,0.38519999999999993,0.0,30.0,0.8666666746139526,0.2581131756305694,30.0,2026-04-27 21:59:11,33.0,0.10827272727272728,0.2847999999999998,0.0,30.0
variant:CNN_PLAIN_FOG:attempt:2:round:14,CNN_PLAIN_FOG,CNN,PLAIN,FOG,2,14,2026-04-27 22:00:01,0.933333,0.139245,0.248884,0.509316,0.440399,0.400103,,,,,,,,,,,,,,,,,,,1.0,0.0,0.0,0.0,1.0,0.628,0.628,0.0,0.8666666746139526,0.2371499985456466,30.0,2026-04-27 21:59:58,35.0,0.14342857142857146,0.3697,0.0,30.0,1.0,0.041340447962284,30.0,2026-04-27 22:00:01,33.0,0.1211818181818182,0.30879999999999985,0.0,30.0
variant:CNN_PLAIN_FOG:attempt:2:round:15,CNN_PLAIN_FOG,CNN,PLAIN,FOG,2,15,2026-04-27 22:00:51,0.95,0.156583,0.252237,0.517609,0.453262,0.411539,,,,,,,,,,,,,,,,,,,1.0,0.0,0.0,0.0,1.0,0.329,0.329,0.0,0.9666666388511658,0.1274578720331192,30.0,2026-04-27 22:00:48,35.0,0.14788571428571426,0.33469999999999994,0.0,30.0,0.9333333373069764,0.1857090890407562,30.0,2026-04-27 22:00:51,33.0,0.13184848484848483,0.3691999999999999,0.0,30.0
variant:CNN_PLAIN_FOG:attempt:2:round:16,CNN_PLAIN_FOG,CNN,PLAIN,FOG,2,16,2026-04-27 22:01:41,0.883333,0.182881,0.253374,0.506072,0.456956,0.429345,,,,,,,,,,,,,,,,,,,1.0,0.0,0.0,0.0,1.0,0.407,0.407,0.0,0.8666666746139526,0.163941815495491,30.0,2026-04-27 22:01:38,35.0,0.1395142857142857,0.3836,0.0,30.0,0.8999999761581421,0.2018199265003204,30.0,2026-04-27 22:01:41,33.0,0.12136363636363635,0.2827999999999998,0.0,30.0
variant:CNN_PLAIN_FOG:attempt:2:round:17,CNN_PLAIN_FOG,CNN,PLAIN,FOG,2,17,2026-04-27 22:02:31,0.9,0.136429,0.255624,0.506419,0.467696,0.447871,,,,,,,,,,,,,,,,,,,1.0,0.0,0.0,0.0,1.0,0.387,0.387,0.0,0.8999999761581421,0.1379576474428177,30.0,2026-04-27 22:02:28,35.0,0.20051428571428567,0.7712999999999994,0.0,30.0,0.8999999761581421,0.1348997801542282,30.0,2026-04-27 22:02:31,33.0,0.13545454545454544,0.35759999999999986,0.0,30.0
variant:CNN_PLAIN_FOG:attempt:2:round:18,CNN_PLAIN_FOG,CNN,PLAIN,FOG,2,18,2026-04-27 22:03:21,0.916667,0.194724,0.258952,0.502782,0.479732,0.470973,,,,,,,,,,,,,,,,,,,1.0,0.0,0.0,0.0,1.0,0.436,0.436,0.0,0.8333333134651184,0.2972635328769684,30.0,2026-04-27 22:03:18,35.0,0.18157142857142858,0.5434999999999984,0.0,30.0,1.0,0.0921853333711624,30.0,2026-04-27 22:03:21,33.0,0.12257575757575757,0.356,0.0,30.0
variant:CNN_PLAIN_FOG:attempt:2:round:19,CNN_PLAIN_FOG,CNN,PLAIN,FOG,2,19,2026-04-27 22:04:11,0.95,0.144956,0.263279,0.509584,0.490817,0.484743,,,,,,,,,,,,,,,,,,,1.0,0.0,0.0,0.0,1.0,0.387,0.387,0.0,0.9333333373069764,0.130610242486,30.0,2026-04-27 22:04:08,35.0,0.1532,0.3875999999999996,0.0,30.0,0.9666666388511658,0.1593013703823089,30.0,2026-04-27 22:04:11,33.0,0.13927272727272727,0.2923999999999999,0.0,30.0
variant:CNN_PLAIN_FOG:attempt:2:round:20,CNN_PLAIN_FOG,CNN,PLAIN,FOG,2,20,2026-04-27 22:05:01,0.95,0.137464,0.267754,0.514538,0.500899,0.499642,,,,,,,,,,,,,,,,,,,1.0,0.0,0.0,0.0,1.0,0.418,0.418,0.0,0.9666666388511658,0.1081054583191871,30.0,2026-04-27 22:04:58,35.0,0.1398571428571429,0.4017,0.0,30.0,0.9333333373069764,0.1668218970298767,30.0,2026-04-27 22:05:01,33.0,0.126,0.39079999999999987,0.0,30.0
variant:CNN_PLAIN_FOG:attempt:4:round:1,CNN_PLAIN_FOG,CNN,PLAIN,FOG,4,1,2026-04-27 21:20:01,1.0,0.577967,0.167989,0.214779,0.400194,0.303754,,,,,,,,,,,,,,,,,,,1.0,0.0,0.0,0.0,1.0,0.339,0.339,0.0,0.7333333492279053,0.6885637640953064,30.0,2026-04-27 20:01:16,38.0,0.1673157894736842,0.3142999999999998,0.0,35.0,1.0,0.2751766145229339,30.0,2026-04-27 21:20:01,37.0,0.1274054054054054,0.20419999999999994,0.0,35.0
variant:CNN_PLAIN_FOG:attempt:4:round:2,CNN_PLAIN_FOG,CNN,PLAIN,FOG,4,2,2026-04-27 21:20:45,1.0,0.334988,0.187521,0.239362,0.432998,0.34318,,,,,,,,,,,,,,,,,,,1.0,0.0,0.0,0.0,1.0,0.452,0.452,0.0,0.8999999761581421,0.5226702690124512,30.0,2026-04-27 20:02:00,32.0,0.15087499999999998,0.38145,0.0,27.0,1.0,0.2973297536373138,30.0,2026-04-27 21:20:45,29.0,0.15696551724137933,0.3527999999999998,0.0,26.0
variant:CNN_PLAIN_FOG:attempt:4:round:3,CNN_PLAIN_FOG,CNN,PLAIN,FOG,4,3,2026-04-27 21:21:35,1.0,0.049561,0.21033,0.276712,0.467447,0.378779,,,,,,,,,,,,,,,,,,,1.0,0.0,0.0,0.0,1.0,0.393,0.393,0.0,0.8333333134651184,0.5019994378089905,30.0,2026-04-27 20:02:50,34.0,0.15894117647058825,0.4054,0.0,29.0,1.0,0.0338654071092605,30.0,2026-04-27 21:21:35,33.0,0.11724242424242426,0.2831999999999998,0.0,30.0
variant:CNN_PLAIN_FOG:attempt:4:round:4,CNN_PLAIN_FOG,CNN,PLAIN,FOG,4,4,2026-04-27 21:22:31,0.933333,0.175413,0.216372,0.285377,0.467273,0.390846,,,,,,,,,,,,,,,,,,,1.0,0.0,0.0,0.0,1.0,0.348,0.348,0.0,0.9333333373069764,0.2230813950300216,30.0,2026-04-27 20:03:40,35.0,0.13397142857142857,0.33299999999999996,0.0,30.0,1.0,0.0122805787250399,30.0,2026-04-27 21:22:31,32.0,0.12162500000000001,0.2950499999999999,0.0,29.0
variant:CNN_PLAIN_FOG:attempt:4:round:5,CNN_PLAIN_FOG,CNN,PLAIN,FOG,4,5,2026-04-27 21:23:21,0.9,0.339156,0.212256,0.275527,0.468924,0.390197,,,,,,,,,,,,,,,,,,,1.0,0.0,0.0,0.0,1.0,0.289,0.289,0.0,0.6666666865348816,0.7126916646957397,30.0,2026-04-27 20:04:30,35.0,0.15314285714285714,0.40789999999999965,0.0,30.0,1.0,0.0068137007765471,30.0,2026-04-27 21:23:21,33.0,0.10842424242424244,0.2815999999999998,0.0,30.0
variant:CNN_PLAIN_FOG:attempt:4:round:6,CNN_PLAIN_FOG,CNN,PLAIN,FOG,4,6,2026-04-27 21:24:11,0.916667,0.206295,0.212958,0.26671,0.477036,0.395241,,,,,,,,,,,,,,,,,,,1.0,0.0,0.0,0.0,1.0,0.351,0.351,0.0,0.8666666746139526,0.4515547156333923,30.0,2026-04-27 20:05:20,35.0,0.14597142857142856,0.3342999999999999,0.0,30.0,1.0,0.0088504692539572,30.0,2026-04-27 21:24:11,33.0,0.11878787878787879,0.2737999999999999,0.0,30.0
variant:CNN_PLAIN_FOG:attempt:4:round:7,CNN_PLAIN_FOG,CNN,PLAIN,FOG,4,7,2026-04-27 21:25:01,0.916667,0.231918,0.218017,0.267276,0.493192,0.405148,,,,,,,,,,,,,,,,,,,1.0,0.0,0.0,0.0,1.0,0.411,0.411,0.0,0.8666666746139526,0.2990766167640686,30.0,2026-04-27 20:06:10,35.0,0.13014285714285714,0.3437999999999999,0.0,30.0,1.0,0.007975734770298,30.0,2026-04-27 21:25:01,33.0,0.117,0.29459999999999986,0.0,30.0
variant:CNN_PLAIN_FOG:attempt:4:round:8,CNN_PLAIN_FOG,CNN,PLAIN,FOG,4,8,2026-04-27 21:25:51,0.916667,0.216054,0.223086,0.262635,0.509654,0.413584,,,,,,,,,,,,,,,,,,,1.0,0.0,0.0,0.0,1.0,0.45,0.45,0.0,0.8999999761581421,0.3310696184635162,30.0,2026-04-27 20:07:00,35.0,0.15697142857142857,0.3740999999999999,0.0,30.0,1.0,0.0054020402021706,30.0,2026-04-27 21:25:51,33.0,0.12145454545454545,0.28339999999999976,0.0,30.0
variant:CNN_PLAIN_FOG:attempt:4:round:9,CNN_PLAIN_FOG,CNN,PLAIN,FOG,4,9,2026-04-27 21:26:41,0.916667,0.19496,0.226851,0.259632,0.530162,0.422726,,,,,,,,,,,,,,,,,,,1.0,0.0,0.0,0.0,1.0,0.435,0.435,0.0,0.8333333134651184,0.3903998136520386,30.0,2026-04-27 20:07:50,35.0,0.14642857142857144,0.3885,0.0,30.0,1.0,0.0052482914179563,30.0,2026-04-27 21:26:41,33.0,0.13993939393939392,0.28039999999999976,0.0,30.0
variant:CNN_PLAIN_FOG:attempt:4:round:10,CNN_PLAIN_FOG,CNN,PLAIN,FOG,4,10,2026-04-27 21:27:31,0.966667,0.163158,0.234688,0.265929,0.554842,0.434668,,,,,,,,,,,,,,,,,,,1.0,0.0,0.0,0.0,1.0,0.406,0.406,0.0,0.8999999761581421,0.2860449254512787,30.0,2026-04-27 20:08:40,35.0,0.13440000000000002,0.34009999999999985,0.0,30.0,1.0,0.0044581303372979,30.0,2026-04-27 21:27:31,33.0,0.1213030303030303,0.3001999999999997,0.0,30.0
variant:CNN_PLAIN_FOG:attempt:4:round:11,CNN_PLAIN_FOG,CNN,PLAIN,FOG,4,11,2026-04-27 21:28:21,0.9,0.232163,0.237812,0.259478,0.576979,0.446795,,,,,,,,,,,,,,,,,,,1.0,0.0,0.0,0.0,1.0,0.361,0.361,0.0,0.9666666388511658,0.2234074473381042,30.0,2026-04-27 20:09:30,35.0,0.16154285714285713,0.37339999999999995,0.0,30.0,1.0,0.0034643735270947,30.0,2026-04-27 21:28:21,33.0,0.1321818181818182,0.2839999999999998,0.0,30.0
variant:CNN_PLAIN_FOG:attempt:4:round:12,CNN_PLAIN_FOG,CNN,PLAIN,FOG,4,12,2026-04-27 21:29:11,0.983333,0.102288,0.246535,0.268641,0.591278,0.459017,,,,,,,,,,,,,,,,,,,1.0,0.0,0.0,0.0,1.0,0.441,0.441,0.0,0.8999999761581421,0.2948735654354095,30.0,2026-04-27 20:10:20,35.0,0.15491428571428567,0.3864999999999997,0.0,30.0,1.0,0.0032234345562756,30.0,2026-04-27 21:29:11,33.0,0.1496060606060606,0.30699999999999983,0.0,30.0
variant:CNN_PLAIN_FOG:attempt:4:round:13,CNN_PLAIN_FOG,CNN,PLAIN,FOG,4,13,2026-04-27 21:30:01,0.916667,0.202048,0.250393,0.263804,0.601976,0.470424,,,,,,,,,,,,,,,,,,,1.0,0.0,0.0,0.0,1.0,0.391,0.391,0.0,0.8999999761581421,0.264638751745224,30.0,2026-04-27 20:11:10,35.0,0.14431428571428573,0.32299999999999984,0.0,30.0,1.0,0.0025941140484064,30.0,2026-04-27 21:30:01,33.0,0.129,0.2749999999999998,0.0,30.0
variant:CNN_PLAIN_FOG:attempt:4:round:14,CNN_PLAIN_FOG,CNN,PLAIN,FOG,4,14,2026-04-27 21:30:51,0.9,0.193581,0.254861,0.260639,0.614355,0.485363,,,,,,,,,,,,,,,,,,,1.0,0.0,0.0,0.0,1.0,0.386,0.386,0.0,0.7333333492279053,0.5985613465309143,30.0,2026-04-27 20:12:00,35.0,0.16460000000000002,0.41349999999999965,0.0,30.0,1.0,0.0020600424613803,30.0,2026-04-27 21:30:51,33.0,0.1311212121212121,0.2831999999999998,0.0,30.0
variant:CNN_PLAIN_FOG:attempt:4:round:15,CNN_PLAIN_FOG,CNN,PLAIN,FOG,4,15,2026-04-27 21:31:41,0.916667,0.158631,0.261622,0.266012,0.626732,0.500321,,,,,,,,,,,,,,,,,,,1.0,0.0,0.0,0.0,1.0,0.442,0.442,0.0,0.8666666746139526,0.2739087343215942,30.0,2026-04-27 20:14:30,35.0,0.1484,0.3597999999999999,0.0,30.0,1.0,0.0018712284509092,30.0,2026-04-27 21:31:41,33.0,0.12024242424242426,0.27759999999999985,0.0,30.0
variant:CNN_PLAIN_FOG:attempt:4:round:16,CNN_PLAIN_FOG,CNN,PLAIN,FOG,4,16,2026-04-27 21:32:31,0.9,0.171549,0.267787,0.270742,0.636697,0.511794,,,,,,,,,,,,,,,,,,,1.0,0.0,0.0,0.0,1.0,0.501,0.501,0.0,0.9333333373069764,0.2233112454414367,30.0,2026-04-27 20:15:20,35.0,0.20937142857142857,0.5189999999999996,0.0,30.0,1.0,0.0013057361356914,30.0,2026-04-27 21:32:31,33.0,0.11824242424242425,0.2901999999999998,0.0,30.0
variant:CNN_PLAIN_FOG:attempt:4:round:17,CNN_PLAIN_FOG,CNN,PLAIN,FOG,4,17,2026-04-27 21:33:21,0.933333,0.162017,0.274641,0.276338,0.645004,0.521212,,,,,,,,,,,,,,,,,,,1.0,0.0,0.0,0.0,1.0,0.412,0.412,0.0,0.9333333373069764,0.2297350913286209,30.0,2026-04-27 20:16:10,35.0,0.18411428571428567,0.37429999999999997,0.0,30.0,1.0,0.0012791006593033,30.0,2026-04-27 21:33:21,33.0,0.12621212121212122,0.2737999999999998,0.0,30.0
variant:CNN_PLAIN_FOG:attempt:4:round:18,CNN_PLAIN_FOG,CNN,PLAIN,FOG,4,18,2026-04-27 21:34:11,0.916667,0.137833,0.277669,0.279121,0.652149,0.532342,,,,,,,,,,,,,,,,,,,1.0,0.0,0.0,0.0,1.0,0.462,0.462,0.0,0.8999999761581421,0.1707275360822677,30.0,2026-04-27 20:17:00,35.0,0.1502857142857143,0.34769999999999995,0.0,30.0,1.0,0.0014257886214181,30.0,2026-04-27 21:34:11,33.0,0.1491212121212121,0.2749999999999998,0.0,30.0
variant:CNN_PLAIN_FOG:attempt:4:round:19,CNN_PLAIN_FOG,CNN,PLAIN,FOG,4,19,2026-04-27 21:35:01,0.966667,0.099221,0.282744,0.284378,0.660616,0.547243,,,,,,,,,,,,,,,,,,,1.0,0.0,0.0,0.0,1.0,0.404,0.404,0.0,0.8999999761581421,0.1730895191431045,30.0,2026-04-27 20:17:50,35.0,0.15194285714285716,0.3745,0.0,30.0,1.0,0.0010569252772256,30.0,2026-04-27 21:35:01,33.0,0.12015151515151518,0.26959999999999984,0.0,30.0
variant:CNN_PLAIN_FOG:attempt:4:round:20,CNN_PLAIN_FOG,CNN,PLAIN,FOG,4,20,2026-04-27 21:35:51,0.966667,0.070961,0.288544,0.28958,0.66808,0.557322,,,,,,,,,,,,,,,,,,,1.0,0.0,0.0,0.0,1.0,0.43,0.43,0.0,0.8999999761581421,0.1754010170698166,30.0,2026-04-27 20:18:40,35.0,0.15371428571428575,0.38329999999999986,0.0,30.0,1.0,0.0009950411040335,30.0,2026-04-27 21:35:51,33.0,0.1447878787878788,0.2897999999999999,0.0,30.0
variant:CNN_PLAIN_FOG:attempt:6:round:1,CNN_PLAIN_FOG,CNN,PLAIN,FOG,6,1,2026-04-27 20:01:16,0.85,0.560557,0.162133,0.386074,0.216792,0.231955,,,,,,,,,,,,,,,,,,,1.0,0.0,0.0,0.0,1.0,0.539,0.539,0.0,,,,,,,,,,0.9666666388511658,0.432550847530365,30.0,2026-04-27 20:01:17,36.0,0.13822222222222222,0.20825,0.0,34.0
variant:CNN_PLAIN_FOG:attempt:6:round:2,CNN_PLAIN_FOG,CNN,PLAIN,FOG,6,2,2026-04-27 20:02:00,0.8,0.669905,0.169829,0.412845,0.225362,0.257279,,,,,,,,,,,,,,,,,,,1.0,0.0,0.0,0.0,1.0,0.275,0.275,0.0,,,,,,,,,,0.699999988079071,0.8171405792236328,30.0,2026-04-27 20:02:00,29.0,0.1687931034482759,0.33979999999999977,0.0,26.0
variant:CNN_PLAIN_FOG:attempt:6:round:3,CNN_PLAIN_FOG,CNN,PLAIN,FOG,6,3,2026-04-27 20:02:50,0.733333,0.644758,0.178244,0.433173,0.268904,0.271364,,,,,,,,,,,,,,,,,,,1.0,0.0,0.0,0.0,1.0,0.316,0.316,0.0,,,,,,,,,,0.6333333253860474,0.7875165343284607,30.0,2026-04-27 20:02:50,33.0,0.14742424242424243,0.2905999999999998,0.0,30.0
variant:CNN_PLAIN_FOG:attempt:6:round:4,CNN_PLAIN_FOG,CNN,PLAIN,FOG,6,4,2026-04-27 20:03:40,0.883333,0.298305,0.187408,0.451888,0.308449,0.28859,,,,,,,,,,,,,,,,,,,1.0,0.0,0.0,0.0,1.0,0.439,0.439,0.0,,,,,,,,,,0.8333333134651184,0.3735292255878448,30.0,2026-04-27 20:03:40,33.0,0.14833333333333334,0.27419999999999983,0.0,30.0
variant:CNN_PLAIN_FOG:attempt:6:round:5,CNN_PLAIN_FOG,CNN,PLAIN,FOG,6,5,2026-04-27 20:04:30,0.7,0.640459,0.194237,0.450782,0.335817,0.290889,,,,,,,,,,,,,,,,,,,1.0,0.0,0.0,0.0,1.0,0.275,0.275,0.0,,,,,,,,,,0.7333333492279053,0.5682260394096375,30.0,2026-04-27 20:04:30,33.0,0.14963636363636362,0.2977999999999998,0.0,30.0
variant:CNN_PLAIN_FOG:attempt:6:round:6,CNN_PLAIN_FOG,CNN,PLAIN,FOG,6,6,2026-04-27 20:05:20,0.85,0.470842,0.203138,0.454424,0.365916,0.318226,,,,,,,,,,,,,,,,,,,1.0,0.0,0.0,0.0,1.0,0.548,0.548,0.0,,,,,,,,,,0.8333333134651184,0.4901295900344848,30.0,2026-04-27 20:05:20,33.0,0.14300000000000002,0.2835999999999998,0.0,30.0
variant:CNN_PLAIN_FOG:attempt:6:round:7,CNN_PLAIN_FOG,CNN,PLAIN,FOG,6,7,2026-04-27 20:06:10,0.85,0.31084,0.211774,0.473142,0.384319,0.348791,,,,,,,,,,,,,,,,,,,1.0,0.0,0.0,0.0,1.0,0.398,0.398,0.0,,,,,,,,,,0.8333333134651184,0.3226034939289093,30.0,2026-04-27 20:06:10,33.0,0.14790909090909088,0.29859999999999975,0.0,30.0
variant:CNN_PLAIN_FOG:attempt:6:round:8,CNN_PLAIN_FOG,CNN,PLAIN,FOG,6,8,2026-04-27 20:07:00,0.933333,0.270451,0.222279,0.490736,0.397742,0.379779,,,,,,,,,,,,,,,,,,,1.0,0.0,0.0,0.0,1.0,0.422,0.422,0.0,,,,,,,,,,0.9666666388511658,0.2098333090543747,30.0,2026-04-27 20:07:00,33.0,0.14845454545454545,0.2857999999999998,0.0,30.0
variant:CNN_PLAIN_FOG:attempt:6:round:9,CNN_PLAIN_FOG,CNN,PLAIN,FOG,6,9,2026-04-27 20:07:50,0.816667,0.377308,0.227153,0.496001,0.40938,0.397935,,,,,,,,,,,,,,,,,,,1.0,0.0,0.0,0.0,1.0,0.438,0.438,0.0,,,,,,,,,,0.800000011920929,0.3642165958881378,30.0,2026-04-27 20:07:50,33.0,0.15345454545454545,0.3185999999999997,0.0,30.0
variant:CNN_PLAIN_FOG:attempt:6:round:10,CNN_PLAIN_FOG,CNN,PLAIN,FOG,6,10,2026-04-27 20:08:40,0.933333,0.189194,0.229296,0.513771,0.413096,0.420566,,,,,,,,,,,,,,,,,,,1.0,0.0,0.0,0.0,1.0,0.365,0.365,0.0,,,,,,,,,,0.9666666388511658,0.0923428982496261,30.0,2026-04-27 20:08:40,33.0,0.1514848484848485,0.2845999999999998,0.0,30.0
variant:CNN_PLAIN_FOG:attempt:6:round:11,CNN_PLAIN_FOG,CNN,PLAIN,FOG,6,11,2026-04-27 20:09:30,0.75,0.419586,0.232344,0.509631,0.408087,0.431414,,,,,,,,,,,,,,,,,,,1.0,0.0,0.0,0.0,1.0,0.425,0.425,0.0,,,,,,,,,,0.5333333611488342,0.6157645583152771,30.0,2026-04-27 20:09:30,33.0,0.1483636363636364,0.32519999999999977,0.0,30.0
variant:CNN_PLAIN_FOG:attempt:6:round:12,CNN_PLAIN_FOG,CNN,PLAIN,FOG,6,12,2026-04-27 20:10:20,0.916667,0.279916,0.233723,0.513636,0.405225,0.441554,,,,,,,,,,,,,,,,,,,1.0,0.0,0.0,0.0,1.0,0.389,0.389,0.0,,,,,,,,,,0.9333333373069764,0.2649584710597992,30.0,2026-04-27 20:10:20,33.0,0.14821212121212124,0.28859999999999975,0.0,30.0
variant:CNN_PLAIN_FOG:attempt:6:round:13,CNN_PLAIN_FOG,CNN,PLAIN,FOG,6,13,2026-04-27 20:11:10,0.866667,0.289501,0.237664,0.512566,0.409884,0.452229,,,,,,,,,,,,,,,,,,,1.0,0.0,0.0,0.0,1.0,0.38,0.38,0.0,,,,,,,,,,0.8333333134651184,0.3143634796142578,30.0,2026-04-27 20:11:10,33.0,0.13193939393939394,0.28839999999999977,0.0,30.0
variant:CNN_PLAIN_FOG:attempt:6:round:14,CNN_PLAIN_FOG,CNN,PLAIN,FOG,6,14,2026-04-27 20:13:40,0.916667,0.190453,0.241936,0.519043,0.425663,0.467733,,,,,,,,,,,,,,,,,,,1.0,0.0,0.0,0.0,1.0,0.335,0.335,0.0,,,,,,,,,,0.9333333373069764,0.1588587909936905,30.0,2026-04-27 20:12:00,95.0,0.14005263157894737,0.2228,0.0,90.0
variant:CNN_PLAIN_FOG:attempt:6:round:15,CNN_PLAIN_FOG,CNN,PLAIN,FOG,6,15,2026-04-27 20:14:30,0.9,0.221839,0.24566,0.526897,0.432429,0.479168,,,,,,,,,,,,,,,,,,,1.0,0.0,0.0,0.0,1.0,0.427,0.427,0.0,,,,,,,,,,0.9333333373069764,0.1697687953710556,30.0,2026-04-27 20:14:30,33.0,0.1487878787878788,0.29259999999999986,0.0,30.0
variant:CNN_PLAIN_FOG:attempt:6:round:16,CNN_PLAIN_FOG,CNN,PLAIN,FOG,6,16,2026-04-27 20:15:20,0.933333,0.195272,0.248774,0.522208,0.437109,0.476475,,,,,,,,,,,,,,,,,,,1.0,0.0,0.0,0.0,1.0,0.452,0.452,0.0,,,,,,,,,,0.9333333373069764,0.1672321110963821,30.0,2026-04-27 20:15:20,33.0,0.1377878787878788,0.27519999999999983,0.0,30.0
variant:CNN_PLAIN_FOG:attempt:6:round:17,CNN_PLAIN_FOG,CNN,PLAIN,FOG,6,17,2026-04-27 20:16:10,0.883333,0.249636,0.249091,0.528271,0.443264,0.481049,,,,,,,,,,,,,,,,,,,1.0,0.0,0.0,0.0,1.0,0.301,0.301,0.0,,,,,,,,,,0.8333333134651184,0.2695365250110626,30.0,2026-04-27 20:16:10,33.0,0.16936363636363638,0.396,0.0,30.0
variant:CNN_PLAIN_FOG:attempt:6:round:18,CNN_PLAIN_FOG,CNN,PLAIN,FOG,6,18,2026-04-27 20:17:00,0.866667,0.301262,0.254025,0.538267,0.448906,0.490441,,,,,,,,,,,,,,,,,,,1.0,0.0,0.0,0.0,1.0,0.268,0.268,0.0,,,,,,,,,,0.8333333134651184,0.4317970871925354,30.0,2026-04-27 20:17:00,33.0,0.1416969696969697,0.33319999999999966,0.0,30.0
variant:CNN_PLAIN_FOG:attempt:6:round:19,CNN_PLAIN_FOG,CNN,PLAIN,FOG,6,19,2026-04-27 20:17:50,0.916667,0.171421,0.255681,0.547495,0.45132,0.499404,,,,,,,,,,,,,,,,,,,1.0,0.0,0.0,0.0,1.0,0.399,0.399,0.0,,,,,,,,,,0.9333333373069764,0.1697531193494796,30.0,2026-04-27 20:17:50,33.0,0.1363030303030303,0.3835999999999999,0.0,30.0
variant:CNN_PLAIN_FOG:attempt:6:round:20,CNN_PLAIN_FOG,CNN,PLAIN,FOG,6,20,2026-04-27 20:18:40,0.916667,0.148495,0.258988,0.54679,0.455027,0.506978,,,,,,,,,,,,,,,,,,,1.0,0.0,0.0,0.0,1.0,0.242,0.242,0.0,,,,,,,,,,0.9333333373069764,0.1215882748365402,30.0,2026-04-27 20:18:40,33.0,0.1315151515151515,0.3293999999999998,0.0,30.0
variant:CNN_PLAIN_NoFOG:attempt:2:round:1,CNN_PLAIN_NoFOG,CNN,PLAIN,NoFOG,2,1,2026-04-27 19:20:33,0.983333,0.68938,0.192053,0.153913,0.212697,0.265455,1.0,0.6904098391532898,30.0,2026-04-27 19:20:32,36.0,0.13244444444444448,0.215,0.0,34.0,0.9666666388511658,0.6883507966995239,30.0,2026-04-27 19:20:33,32.0,0.11106250000000001,0.2100999999999999,0.0,30.0,2.0,0.0,0.0,0.0,1.0,0.374,0.374,0.0,,,,,,,,,,,,,,,,,,
variant:CNN_PLAIN_NoFOG:attempt:2:round:2,CNN_PLAIN_NoFOG,CNN,PLAIN,NoFOG,2,2,2026-04-27 19:21:17,1.0,0.473207,0.202377,0.161782,0.276063,0.316677,1.0,0.5200147032737732,30.0,2026-04-27 19:21:16,30.0,0.1373,0.3180499999999995,0.0,27.0,1.0,0.4263996183872223,30.0,2026-04-27 19:21:17,33.0,0.12357575757575759,0.28739999999999977,0.0,30.0,2.0,0.0,0.0,0.0,1.0,0.342,0.342,0.0,,,,,,,,,,,,,,,,,,
variant:CNN_PLAIN_NoFOG:attempt:2:round:3,CNN_PLAIN_NoFOG,CNN,PLAIN,NoFOG,2,3,2026-04-27 19:22:06,1.0,0.105905,0.221448,0.20915,0.343557,0.374398,1.0,0.1241621598601341,30.0,2026-04-27 19:22:06,33.0,0.1416969696969697,0.31499999999999984,0.0,30.0,1.0,0.0876474156975746,30.0,2026-04-27 19:22:06,33.0,0.14421212121212124,0.3311999999999999,0.0,30.0,2.0,0.0,0.0,0.0,1.0,0.424,0.424,0.0,,,,,,,,,,,,,,,,,,
variant:CNN_PLAIN_NoFOG:attempt:2:round:4,CNN_PLAIN_NoFOG,CNN,PLAIN,NoFOG,2,4,2026-04-27 19:25:02,0.85,0.422569,0.223444,0.212566,0.357328,0.380829,0.8666666746139526,0.3941448330879211,30.0,2026-04-27 19:25:02,32.0,0.15075,0.33885,0.0,29.0,0.8333333134651184,0.4509939849376678,30.0,2026-04-27 19:25:00,34.0,0.13061764705882356,0.3968999999999999,0.0,31.0,2.0,0.0,0.0,0.0,1.0,0.309,0.309,0.0,,,,,,,,,,,,,,,,,,
variant:CNN_PLAIN_NoFOG:attempt:2:round:5,CNN_PLAIN_NoFOG,CNN,PLAIN,NoFOG,2,5,2026-04-27 19:25:52,0.866667,0.353141,0.223789,0.201229,0.36082,0.3699,0.8999999761581421,0.2679246962070465,30.0,2026-04-27 19:25:52,33.0,0.14612121212121212,0.3383999999999997,0.0,30.0,0.8333333134651184,0.4383572936058044,30.0,2026-04-27 19:25:50,33.0,0.14996969696969698,0.35379999999999984,0.0,30.0,2.0,0.0,0.0,0.0,1.0,0.406,0.406,0.0,,,,,,,,,,,,,,,,,,
variant:CNN_PLAIN_NoFOG:attempt:2:round:6,CNN_PLAIN_NoFOG,CNN,PLAIN,NoFOG,2,6,2026-04-27 19:26:43,0.816667,0.416387,0.226011,0.190999,0.347492,0.367087,0.7333333492279053,0.5445531606674194,30.0,2026-04-27 19:26:42,33.0,0.14642424242424243,0.3985999999999999,0.0,30.0,0.8999999761581421,0.2882218062877655,30.0,2026-04-27 19:26:40,33.0,0.13127272727272726,0.2747999999999998,0.0,30.0,2.0,0.0,0.0,0.0,1.0,0.449,0.449,0.0,,,,,,,,,,,,,,,,,,
variant:CNN_PLAIN_NoFOG:attempt:2:round:7,CNN_PLAIN_NoFOG,CNN,PLAIN,NoFOG,2,7,2026-04-27 19:27:32,0.816667,0.489368,0.230699,0.177589,0.37326,0.366965,0.7666666507720947,0.5184623003005981,30.0,2026-04-27 19:27:32,33.0,0.14372727272727273,0.35779999999999995,0.0,30.0,0.8666666746139526,0.460273414850235,30.0,2026-04-27 19:27:30,33.0,0.11624242424242424,0.29979999999999996,0.0,30.0,2.0,0.0,0.0,0.0,1.0,0.343,0.343,0.0,,,,,,,,,,,,,,,,,,
variant:CNN_PLAIN_NoFOG:attempt:2:round:8,CNN_PLAIN_NoFOG,CNN,PLAIN,NoFOG,2,8,2026-04-27 19:28:23,0.866667,0.353398,0.241558,0.185837,0.418759,0.384256,0.8666666746139526,0.3761945068836212,30.0,2026-04-27 19:28:23,33.0,0.1591212121212121,0.36339999999999983,0.0,30.0,0.8666666746139526,0.3306011855602264,30.0,2026-04-27 19:28:20,33.0,0.11912121212121214,0.2799999999999998,0.0,30.0,2.0,0.0,0.0,0.0,1.0,0.422,0.422,0.0,,,,,,,,,,,,,,,,,,
variant:CNN_PLAIN_NoFOG:attempt:2:round:9,CNN_PLAIN_NoFOG,CNN,PLAIN,NoFOG,2,9,2026-04-27 19:29:13,0.9,0.288509,0.255391,0.215996,0.460387,0.413112,0.8666666746139526,0.3393295705318451,30.0,2026-04-27 19:29:13,33.0,0.14403030303030304,0.3665999999999999,0.0,30.0,0.9333333373069764,0.2376876920461654,30.0,2026-04-27 19:29:10,33.0,0.1143030303030303,0.26439999999999986,0.0,30.0,2.0,0.0,0.0,0.0,1.0,0.402,0.402,0.0,,,,,,,,,,,,,,,,,,
variant:CNN_PLAIN_NoFOG:attempt:2:round:10,CNN_PLAIN_NoFOG,CNN,PLAIN,NoFOG,2,10,2026-04-27 19:30:02,0.966667,0.107518,0.268389,0.247373,0.489064,0.436944,0.9666666388511658,0.111413650214672,30.0,2026-04-27 19:30:02,33.0,0.15063636363636365,0.3383999999999997,0.0,30.0,0.9666666388511658,0.1036215275526046,30.0,2026-04-27 19:30:00,33.0,0.12854545454545457,0.3985999999999999,0.0,30.0,2.0,0.0,0.0,0.0,1.0,0.399,0.399,0.0,,,,,,,,,,,,,,,,,,
variant:CNN_PLAIN_NoFOG:attempt:2:round:11,CNN_PLAIN_NoFOG,CNN,PLAIN,NoFOG,2,11,2026-04-27 19:30:52,0.933333,0.172438,0.27966,0.270782,0.497488,0.462614,0.9333333373069764,0.1293210238218307,30.0,2026-04-27 19:30:52,33.0,0.14045454545454544,0.3207999999999998,0.0,30.0,0.9333333373069764,0.2155547440052032,30.0,2026-04-27 19:30:50,33.0,0.149,0.4977999999999998,0.0,30.0,2.0,0.0,0.0,0.0,1.0,0.694,0.694,0.0,,,,,,,,,,,,,,,,,,
variant:CNN_PLAIN_NoFOG:attempt:2:round:12,CNN_PLAIN_NoFOG,CNN,PLAIN,NoFOG,2,12,2026-04-27 19:31:42,0.933333,0.213209,0.283924,0.285414,0.511708,0.479051,0.9666666388511658,0.176859512925148,30.0,2026-04-27 19:31:42,33.0,0.15093939393939393,0.35659999999999986,0.0,30.0,0.8999999761581421,0.2495584487915039,30.0,2026-04-27 19:31:40,33.0,0.13933333333333336,0.34359999999999963,0.0,30.0,2.0,0.0,0.0,0.0,1.0,0.351,0.351,0.0,,,,,,,,,,,,,,,,,,
variant:CNN_PLAIN_NoFOG:attempt:2:round:13,CNN_PLAIN_NoFOG,CNN,PLAIN,NoFOG,2,13,2026-04-27 19:32:32,0.983333,0.117021,0.29118,0.302615,0.524211,0.502764,0.9666666388511658,0.1723473370075225,30.0,2026-04-27 19:32:33,33.0,0.15224242424242423,0.3755999999999999,0.0,30.0,1.0,0.061695322394371,30.0,2026-04-27 19:32:30,33.0,0.12412121212121212,0.2763999999999998,0.0,30.0,2.0,0.0,0.0,0.0,1.0,0.394,0.394,0.0,,,,,,,,,,,,,,,,,,
variant:CNN_PLAIN_NoFOG:attempt:2:round:14,CNN_PLAIN_NoFOG,CNN,PLAIN,NoFOG,2,14,2026-04-27 19:33:22,0.966667,0.090753,0.298937,0.319031,0.532866,0.521979,1.0,0.0617242902517318,30.0,2026-04-27 19:33:22,33.0,0.15066666666666664,0.32459999999999967,0.0,30.0,0.9333333373069764,0.1197813004255294,30.0,2026-04-27 19:33:20,33.0,0.13503030303030306,0.37,0.0,30.0,2.0,0.0,0.0,0.0,1.0,0.446,0.446,0.0,,,,,,,,,,,,,,,,,,
variant:CNN_PLAIN_NoFOG:attempt:2:round:15,CNN_PLAIN_NoFOG,CNN,PLAIN,NoFOG,2,15,2026-04-27 19:34:12,0.9,0.250703,0.304069,0.329871,0.539354,0.531892,0.8999999761581421,0.2534540891647339,30.0,2026-04-27 19:34:12,33.0,0.1479090909090909,0.3081999999999999,0.0,30.0,0.8999999761581421,0.2479524910449981,30.0,2026-04-27 19:34:10,33.0,0.13081818181818183,0.39639999999999986,0.0,30.0,2.0,0.0,0.0,0.0,1.0,0.385,0.385,0.0,,,,,,,,,,,,,,,,,,
variant:CNN_PLAIN_NoFOG:attempt:2:round:16,CNN_PLAIN_NoFOG,CNN,PLAIN,NoFOG,2,16,2026-04-27 19:35:02,0.933333,0.204283,0.305967,0.332825,0.546263,0.537547,0.9333333373069764,0.2062226682901382,30.0,2026-04-27 19:35:02,33.0,0.1423636363636364,0.36419999999999975,0.0,30.0,0.9333333373069764,0.2023435682058334,30.0,2026-04-27 19:35:00,32.0,0.132,0.30544999999999983,0.0,29.0,2.0,0.0,0.0,0.0,1.0,0.402,0.402,0.0,,,,,,,,,,,,,,,,,,
variant:CNN_PLAIN_NoFOG:attempt:2:round:17,CNN_PLAIN_NoFOG,CNN,PLAIN,NoFOG,2,17,2026-04-27 19:35:52,0.95,0.122166,0.311976,0.33785,0.549227,0.543775,0.9666666388511658,0.1022339984774589,30.0,2026-04-27 19:35:53,33.0,0.15315151515151515,0.3585999999999998,0.0,30.0,0.9333333373069764,0.142097920179367,30.0,2026-04-27 19:35:50,34.0,0.13164705882352942,0.2629999999999998,0.0,31.0,2.0,0.0,0.0,0.0,1.0,0.415,0.415,0.0,,,,,,,,,,,,,,,,,,
variant:CNN_PLAIN_NoFOG:attempt:2:round:18,CNN_PLAIN_NoFOG,CNN,PLAIN,NoFOG,2,18,2026-04-27 19:36:42,0.933333,0.201484,0.310144,0.333747,0.54846,0.544226,0.8999999761581421,0.2354615777730941,30.0,2026-04-27 19:36:42,33.0,0.149969696969697,0.36759999999999987,0.0,30.0,0.9666666388511658,0.1675063073635101,30.0,2026-04-27 19:36:40,33.0,0.14736363636363636,0.30719999999999986,0.0,30.0,2.0,0.0,0.0,0.0,1.0,0.451,0.451,0.0,,,,,,,,,,,,,,,,,,
variant:CNN_PLAIN_NoFOG:attempt:2:round:19,CNN_PLAIN_NoFOG,CNN,PLAIN,NoFOG,2,19,2026-04-27 19:37:32,0.9,0.38125,0.312723,0.336503,0.556138,0.548428,0.800000011920929,0.7168005704879761,30.0,2026-04-27 19:37:32,33.0,0.13948484848484852,0.3125999999999998,0.0,30.0,1.0,0.0457000285387039,30.0,2026-04-27 19:37:30,32.0,0.12528125,0.2846499999999999,0.0,29.0,2.0,0.0,0.0,0.0,1.0,0.394,0.394,0.0,,,,,,,,,,,,,,,,,,
variant:CNN_PLAIN_NoFOG:attempt:2:round:20,CNN_PLAIN_NoFOG,CNN,PLAIN,NoFOG,2,20,2026-04-27 19:38:23,0.983333,0.061129,0.314979,0.339353,0.562947,0.549162,0.9666666388511658,0.1131224334239959,30.0,2026-04-27 19:38:23,33.0,0.1516666666666667,0.30579999999999985,0.0,30.0,1.0,0.0091351829469203,30.0,2026-04-27 19:38:20,34.0,0.13679411764705882,0.26694999999999974,0.0,31.0,2.0,0.0,0.0,0.0,1.0,0.399,0.399,0.0,,,,,,,,,,,,,,,,,,
variant:CNN_PLAIN_NoFOG:attempt:4:round:1,CNN_PLAIN_NoFOG,CNN,PLAIN,NoFOG,4,1,2026-04-27 18:55:57,0.983333,0.57683,0.17711,0.2366,0.136957,0.257053,0.9666666388511658,0.6796393990516663,30.0,2026-04-27 18:55:56,681.0,0.11925991189427314,0.189,0.0,660.0,1.0,0.4740205109119415,30.0,2026-04-27 18:55:56,686.0,0.12651603498542274,0.22575,0.0,664.0,2.0,0.0,0.0,0.0,1.0,0.449,0.449,0.0,,,,,,,,,,,,,,,,,,
variant:CNN_PLAIN_NoFOG:attempt:4:round:2,CNN_PLAIN_NoFOG,CNN,PLAIN,NoFOG,4,2,2026-04-27 18:56:41,1.0,0.15177,0.189606,0.284546,0.191768,0.286335,,,,,,,,,,,,,,,,,,,2.0,0.0,0.0,0.0,1.0,0.406,0.406,0.0,,,,,,,,,,,,,,,,,,
variant:CNN_PLAIN_NoFOG:attempt:4:round:3,CNN_PLAIN_NoFOG,CNN,PLAIN,NoFOG,4,3,2026-04-27 18:57:36,1.0,0.020879,0.199263,0.314504,0.225092,0.307062,,,,,,,,,,,,,,,,,,,2.0,0.0,0.0,0.0,1.0,0.403,0.403,0.0,,,,,,,,,,,,,,,,,,
variant:CNN_PLAIN_NoFOG:attempt:4:round:4,CNN_PLAIN_NoFOG,CNN,PLAIN,NoFOG,4,4,2026-04-27 18:58:28,0.9,0.410648,0.198927,0.30428,0.222706,0.298985,,,,,,,,,,,,,,,,,,,2.0,0.0,0.0,0.0,1.0,1.132,1.132,0.0,,,,,,,,,,,,,,,,,,
variant:CNN_PLAIN_NoFOG:attempt:4:round:5,CNN_PLAIN_NoFOG,CNN,PLAIN,NoFOG,4,5,2026-04-27 18:59:18,0.916667,0.28444,0.200184,0.292137,0.227027,0.283439,,,,,,,,,,,,,,,,,,,2.0,0.0,0.0,0.0,1.0,0.259,0.259,0.0,,,,,,,,,,,,,,,,,,
variant:CNN_PLAIN_NoFOG:attempt:4:round:6,CNN_PLAIN_NoFOG,CNN,PLAIN,NoFOG,4,6,2026-04-27 19:00:08,0.95,0.211556,0.204447,0.287573,0.240476,0.282221,,,,,,,,,,,,,,,,,,,2.0,0.0,0.0,0.0,1.0,0.396,0.396,0.0,,,,,,,,,,,,,,,,,,
variant:CNN_PLAIN_NoFOG:attempt:4:round:7,CNN_PLAIN_NoFOG,CNN,PLAIN,NoFOG,4,7,2026-04-27 19:00:58,0.983333,0.10481,0.209426,0.283927,0.251934,0.290549,,,,,,,,,,,,,,,,,,,2.0,0.0,0.0,0.0,1.0,0.384,0.384,0.0,,,,,,,,,,,,,,,,,,
variant:CNN_PLAIN_NoFOG:attempt:4:round:8,CNN_PLAIN_NoFOG,CNN,PLAIN,NoFOG,4,8,2026-04-27 19:01:48,0.933333,0.19824,0.213716,0.278755,0.259414,0.288725,,,,,,,,,,,,,,,,,,,2.0,0.0,0.0,0.0,1.0,0.339,0.339,0.0,,,,,,,,,,,,,,,,,,
variant:CNN_PLAIN_NoFOG:attempt:4:round:9,CNN_PLAIN_NoFOG,CNN,PLAIN,NoFOG,4,9,2026-04-27 19:02:38,0.95,0.168906,0.218044,0.276127,0.271321,0.287275,,,,,,,,,,,,,,,,,,,2.0,0.0,0.0,0.0,1.0,0.353,0.353,0.0,,,,,,,,,,,,,,,,,,
variant:CNN_PLAIN_NoFOG:attempt:4:round:10,CNN_PLAIN_NoFOG,CNN,PLAIN,NoFOG,4,10,2026-04-27 19:03:28,0.966667,0.131026,0.221601,0.278761,0.272789,0.297925,,,,,,,,,,,,,,,,,,,2.0,0.0,0.0,0.0,1.0,0.436,0.436,0.0,,,,,,,,,,,,,,,,,,
variant:CNN_PLAIN_NoFOG:attempt:4:round:11,CNN_PLAIN_NoFOG,CNN,PLAIN,NoFOG,4,11,2026-04-27 19:04:18,0.966667,0.096001,0.224645,0.281084,0.277852,0.30087,,,,,,,,,,,,,,,,,,,2.0,0.0,0.0,0.0,1.0,0.267,0.267,0.0,,,,,,,,,,,,,,,,,,
variant:CNN_PLAIN_NoFOG:attempt:4:round:12,CNN_PLAIN_NoFOG,CNN,PLAIN,NoFOG,4,12,2026-04-27 19:05:07,0.95,0.1301,0.228687,0.279976,0.28674,0.298793,,,,,,,,,,,,,,,,,,,2.0,0.0,0.0,0.0,1.0,0.394,0.394,0.0,,,,,,,,,,,,,,,,,,
variant:CNN_PLAIN_NoFOG:attempt:4:round:13,CNN_PLAIN_NoFOG,CNN,PLAIN,NoFOG,4,13,2026-04-27 19:05:58,0.966667,0.096665,0.231775,0.283901,0.285082,0.308328,,,,,,,,,,,,,,,,,,,2.0,0.0,0.0,0.0,1.0,0.291,0.291,0.0,,,,,,,,,,,,,,,,,,
variant:CNN_PLAIN_NoFOG:attempt:4:round:14,CNN_PLAIN_NoFOG,CNN,PLAIN,NoFOG,4,14,2026-04-27 19:06:48,0.95,0.095941,0.234748,0.281815,0.286135,0.309252,,,,,,,,,,,,,,,,,,,2.0,0.0,0.0,0.0,1.0,0.342,0.342,0.0,,,,,,,,,,,,,,,,,,
variant:CNN_PLAIN_NoFOG:attempt:4:round:15,CNN_PLAIN_NoFOG,CNN,PLAIN,NoFOG,4,15,2026-04-27 19:07:38,0.966667,0.058803,0.238051,0.284004,0.287325,0.315403,,,,,,,,,,,,,,,,,,,2.0,0.0,0.0,0.0,1.0,0.301,0.301,0.0,,,,,,,,,,,,,,,,,,
variant:CNN_PLAIN_NoFOG:attempt:4:round:16,CNN_PLAIN_NoFOG,CNN,PLAIN,NoFOG,4,16,2026-04-27 19:08:28,0.983333,0.051804,0.241448,0.288142,0.287224,0.317076,,,,,,,,,,,,,,,,,,,2.0,0.0,0.0,0.0,1.0,0.356,0.356,0.0,,,,,,,,,,,,,,,,,,
variant:CNN_PLAIN_NoFOG:attempt:4:round:17,CNN_PLAIN_NoFOG,CNN,PLAIN,NoFOG,4,17,2026-04-27 19:09:18,1.0,0.032936,0.243691,0.292214,0.29012,0.322803,,,,,,,,,,,,,,,,,,,2.0,0.0,0.0,0.0,1.0,0.385,0.385,0.0,,,,,,,,,,,,,,,,,,
variant:CNN_PLAIN_NoFOG:attempt:4:round:18,CNN_PLAIN_NoFOG,CNN,PLAIN,NoFOG,4,18,2026-04-27 19:10:08,0.95,0.106714,0.246162,0.293427,0.288322,0.324467,,,,,,,,,,,,,,,,,,,2.0,0.0,0.0,0.0,1.0,0.905,0.905,0.0,,,,,,,,,,,,,,,,,,
variant:CNN_PLAIN_NoFOG:attempt:4:round:19,CNN_PLAIN_NoFOG,CNN,PLAIN,NoFOG,4,19,2026-04-27 19:10:58,0.95,0.100058,0.247473,0.285472,0.280186,0.335352,,,,,,,,,,,,,,,,,,,2.0,0.0,0.0,0.0,1.0,0.225,0.225,0.0,,,,,,,,,,,,,,,,,,
variant:CNN_PLAIN_NoFOG:attempt:4:round:20,CNN_PLAIN_NoFOG,CNN,PLAIN,NoFOG,4,20,2026-04-27 19:11:48,1.0,0.033554,0.247232,0.292985,0.289299,0.330808,,,,,,,,,,,,,,,,,,,2.0,0.0,0.0,0.0,1.0,0.322,0.322,0.0,,,,,,,,,,,,,,,,,,
variant:CNN_PLAIN_NoFOG:attempt:6:round:1,CNN_PLAIN_NoFOG,CNN,PLAIN,NoFOG,6,1,2026-04-27 20:23:45,0.783333,0.769437,0.163633,0.28684,0.255544,0.280378,0.7666666507720947,0.8346434235572815,30.0,2026-04-27 20:23:41,39.0,0.12761538461538463,0.35880000000000045,0.0,37.0,0.800000011920929,0.7042297720909119,30.0,2026-04-27 20:23:46,32.0,0.1316875,0.24905,0.0,30.0,2.0,0.0,0.0,0.0,1.0,0.666,0.666,0.0,,,,,,,,,,,,,,,,,,
variant:CNN_PLAIN_NoFOG:attempt:6:round:2,CNN_PLAIN_NoFOG,CNN,PLAIN,NoFOG,6,2,2026-04-27 20:24:29,0.75,0.744229,0.174343,0.301806,0.279422,0.29781,0.7333333492279053,0.7776771187782288,30.0,2026-04-27 20:24:25,29.0,0.16362068965517243,0.6271999999999995,0.0,26.0,0.7666666507720947,0.7107802033424377,30.0,2026-04-27 20:24:29,33.0,0.14381818181818184,0.3217999999999997,0.0,30.0,2.0,0.0,0.0,0.0,1.0,0.445,0.445,0.0,,,,,,,,,,,,,,,,,,
variant:CNN_PLAIN_NoFOG:attempt:6:round:3,CNN_PLAIN_NoFOG,CNN,PLAIN,NoFOG,6,3,2026-04-27 20:25:18,0.683333,0.735258,0.185708,0.308026,0.305905,0.312918,0.7333333492279053,0.7132924199104309,30.0,2026-04-27 20:25:15,32.0,0.15371875000000002,0.3397999999999998,0.0,29.0,0.6333333253860474,0.7572230100631714,30.0,2026-04-27 20:25:19,33.0,0.1419090909090909,0.29339999999999977,0.0,30.0,2.0,0.0,0.0,0.0,1.0,0.275,0.275,0.0,,,,,,,,,,,,,,,,,,
variant:CNN_PLAIN_NoFOG:attempt:6:round:4,CNN_PLAIN_NoFOG,CNN,PLAIN,NoFOG,6,4,2026-04-27 20:26:08,0.75,0.618457,0.19718,0.309724,0.35056,0.328987,0.7333333492279053,0.6741504669189453,30.0,2026-04-27 20:26:05,33.0,0.1383939393939394,0.41939999999999994,0.0,30.0,0.7666666507720947,0.5627645254135132,30.0,2026-04-27 20:26:09,33.0,0.13790909090909093,0.28839999999999977,0.0,30.0,2.0,0.0,0.0,0.0,1.0,0.437,0.437,0.0,,,,,,,,,,,,,,,,,,
variant:CNN_PLAIN_NoFOG:attempt:6:round:5,CNN_PLAIN_NoFOG,CNN,PLAIN,NoFOG,6,5,2026-04-27 20:26:58,0.783333,0.567405,0.207755,0.309081,0.389756,0.341596,0.7666666507720947,0.5561196804046631,30.0,2026-04-27 20:26:55,33.0,0.15103030303030304,0.3215999999999996,0.0,30.0,0.800000011920929,0.5786905288696289,30.0,2026-04-27 20:26:59,33.0,0.14393939393939395,0.2841999999999998,0.0,30.0,2.0,0.0,0.0,0.0,1.0,0.438,0.438,0.0,,,,,,,,,,,,,,,,,,
variant:CNN_PLAIN_NoFOG:attempt:6:round:6,CNN_PLAIN_NoFOG,CNN,PLAIN,NoFOG,6,6,2026-04-27 20:27:49,0.816667,0.491991,0.216008,0.310504,0.41294,0.357789,0.800000011920929,0.5401718020439148,30.0,2026-04-27 20:27:45,33.0,0.13172727272727275,0.29759999999999986,0.0,30.0,0.8333333134651184,0.4438096582889557,30.0,2026-04-27 20:27:49,33.0,0.14400000000000002,0.33199999999999985,0.0,30.0,2.0,0.0,0.0,0.0,1.0,0.428,0.428,0.0,,,,,,,,,,,,,,,,,,
variant:CNN_PLAIN_NoFOG:attempt:6:round:7,CNN_PLAIN_NoFOG,CNN,PLAIN,NoFOG,6,7,2026-04-27 20:28:39,0.766667,0.519496,0.223656,0.319108,0.434327,0.370006,0.699999988079071,0.653520405292511,30.0,2026-04-27 20:28:35,33.0,0.13418181818181818,0.39719999999999983,0.0,30.0,0.8333333134651184,0.385472297668457,30.0,2026-04-27 20:28:39,33.0,0.1462121212121212,0.28579999999999983,0.0,30.0,2.0,0.0,0.0,0.0,1.0,0.27,0.27,0.0,,,,,,,,,,,,,,,,,,
variant:CNN_PLAIN_NoFOG:attempt:6:round:8,CNN_PLAIN_NoFOG,CNN,PLAIN,NoFOG,6,8,2026-04-27 20:29:29,0.783333,0.53677,0.227753,0.32545,0.448131,0.380152,0.800000011920929,0.4794005155563354,30.0,2026-04-27 20:29:25,34.0,0.14811764705882358,0.34414999999999935,0.0,31.0,0.7666666507720947,0.5941392183303833,30.0,2026-04-27 20:29:29,33.0,0.14793939393939393,0.28279999999999983,0.0,30.0,2.0,0.0,0.0,0.0,1.0,0.339,0.339,0.0,,,,,,,,,,,,,,,,,,
variant:CNN_PLAIN_NoFOG:attempt:6:round:9,CNN_PLAIN_NoFOG,CNN,PLAIN,NoFOG,6,9,2026-04-27 20:30:18,0.783333,0.446357,0.232365,0.327745,0.457572,0.397233,0.800000011920929,0.4452694952487945,30.0,2026-04-27 20:30:15,32.0,0.143875,0.4136999999999999,0.0,29.0,0.7666666507720947,0.4474447965621948,30.0,2026-04-27 20:30:19,33.0,0.1495151515151515,0.28339999999999976,0.0,30.0,2.0,0.0,0.0,0.0,1.0,0.365,0.365,0.0,,,,,,,,,,,,,,,,,,
variant:CNN_PLAIN_NoFOG:attempt:6:round:10,CNN_PLAIN_NoFOG,CNN,PLAIN,NoFOG,6,10,2026-04-27 20:31:09,0.716667,0.579481,0.235026,0.331307,0.470052,0.418303,0.699999988079071,0.549312174320221,30.0,2026-04-27 20:31:05,34.0,0.15126470588235297,0.3662499999999997,0.0,31.0,0.7333333492279053,0.609650194644928,30.0,2026-04-27 20:31:09,33.0,0.15924242424242424,0.33799999999999997,0.0,30.0,2.0,0.0,0.0,0.0,1.0,0.422,0.422,0.0,,,,,,,,,,,,,,,,,,
variant:CNN_PLAIN_NoFOG:attempt:6:round:11,CNN_PLAIN_NoFOG,CNN,PLAIN,NoFOG,6,11,2026-04-27 20:31:59,0.766667,0.504064,0.240164,0.336572,0.478063,0.447215,0.8333333134651184,0.4545332193374634,30.0,2026-04-27 20:31:55,32.0,0.13603125,0.42874999999999996,0.0,29.0,0.699999988079071,0.5535954833030701,30.0,2026-04-27 20:31:59,33.0,0.13975757575757575,0.2983999999999998,0.0,30.0,2.0,0.0,0.0,0.0,1.0,0.455,0.455,0.0,,,,,,,,,,,,,,,,,,
variant:CNN_PLAIN_NoFOG:attempt:6:round:12,CNN_PLAIN_NoFOG,CNN,PLAIN,NoFOG,6,12,2026-04-27 20:32:49,0.816667,0.396949,0.24575,0.346707,0.488566,0.468392,0.8333333134651184,0.3781470358371734,30.0,2026-04-27 20:32:45,33.0,0.13942424242424242,0.3137999999999997,0.0,30.0,0.800000011920929,0.4157515168190002,30.0,2026-04-27 20:32:49,33.0,0.15181818181818182,0.34799999999999986,0.0,30.0,2.0,0.0,0.0,0.0,1.0,0.423,0.423,0.0,,,,,,,,,,,,,,,,,,
variant:CNN_PLAIN_NoFOG:attempt:6:round:13,CNN_PLAIN_NoFOG,CNN,PLAIN,NoFOG,6,13,2026-04-27 20:33:39,0.866667,0.35842,0.253171,0.358988,0.498823,0.490924,0.8999999761581421,0.4301538467407226,30.0,2026-04-27 20:33:35,33.0,0.11760606060606059,0.27779999999999977,0.0,30.0,0.8333333134651184,0.2866860032081604,30.0,2026-04-27 20:33:39,33.0,0.14072727272727273,0.2797999999999998,0.0,30.0,2.0,0.0,0.0,0.0,1.0,0.476,0.476,0.0,,,,,,,,,,,,,,,,,,
variant:CNN_PLAIN_NoFOG:attempt:6:round:14,CNN_PLAIN_NoFOG,CNN,PLAIN,NoFOG,6,14,2026-04-27 20:34:29,0.8,0.42635,0.258442,0.368974,0.500746,0.507985,0.9333333373069764,0.2672395706176758,30.0,2026-04-27 20:34:25,33.0,0.14227272727272725,0.4397999999999999,0.0,30.0,0.6666666865348816,0.5854595303535461,30.0,2026-04-27 20:34:29,33.0,0.15112121212121213,0.27719999999999984,0.0,30.0,2.0,0.0,0.0,0.0,1.0,0.389,0.389,0.0,,,,,,,,,,,,,,,,,,
variant:CNN_PLAIN_NoFOG:attempt:6:round:15,CNN_PLAIN_NoFOG,CNN,PLAIN,NoFOG,6,15,2026-04-27 20:35:19,0.883333,0.344077,0.260015,0.369653,0.502866,0.521383,0.8999999761581421,0.2856718003749847,30.0,2026-04-27 20:35:15,33.0,0.15575757575757576,0.31839999999999963,0.0,30.0,0.8666666746139526,0.4024829864501953,30.0,2026-04-27 20:35:19,33.0,0.14351515151515154,0.3219999999999999,0.0,30.0,2.0,0.0,0.0,0.0,1.0,0.423,0.423,0.0,,,,,,,,,,,,,,,,,,
variant:CNN_PLAIN_NoFOG:attempt:6:round:16,CNN_PLAIN_NoFOG,CNN,PLAIN,NoFOG,6,16,2026-04-27 20:36:08,0.783333,0.403012,0.261685,0.376834,0.511881,0.527823,0.7666666507720947,0.4140628278255462,30.0,2026-04-27 20:36:05,33.0,0.12403030303030303,0.2749999999999998,0.0,30.0,0.800000011920929,0.391961932182312,30.0,2026-04-27 20:36:09,33.0,0.15506060606060607,0.27619999999999983,0.0,30.0,2.0,0.0,0.0,0.0,1.0,0.309,0.309,0.0,,,,,,,,,,,,,,,,,,
variant:CNN_PLAIN_NoFOG:attempt:6:round:17,CNN_PLAIN_NoFOG,CNN,PLAIN,NoFOG,6,17,2026-04-27 20:36:59,0.833333,0.360211,0.264277,0.385355,0.51924,0.533222,0.8333333134651184,0.2915757298469543,30.0,2026-04-27 20:36:55,33.0,0.12772727272727272,0.2679999999999998,0.0,30.0,0.8333333134651184,0.4288459122180938,30.0,2026-04-27 20:36:59,33.0,0.1276969696969697,0.31779999999999997,0.0,30.0,2.0,0.0,0.0,0.0,1.0,0.376,0.376,0.0,,,,,,,,,,,,,,,,,,
variant:CNN_PLAIN_NoFOG:attempt:6:round:18,CNN_PLAIN_NoFOG,CNN,PLAIN,NoFOG,6,18,2026-04-27 20:37:49,0.933333,0.188042,0.267618,0.392416,0.522841,0.547554,0.8999999761581421,0.2145722657442093,30.0,2026-04-27 20:37:45,33.0,0.13587878787878788,0.27559999999999985,0.0,30.0,0.9666666388511658,0.1615123748779297,30.0,2026-04-27 20:37:49,33.0,0.14372727272727273,0.3341999999999999,0.0,30.0,2.0,0.0,0.0,0.0,1.0,0.421,0.421,0.0,,,,,,,,,,,,,,,,,,
variant:CNN_PLAIN_NoFOG:attempt:6:round:19,CNN_PLAIN_NoFOG,CNN,PLAIN,NoFOG,6,19,2026-04-27 20:38:39,0.866667,0.314678,0.27195,0.401053,0.529369,0.556234,0.9333333373069764,0.2870392501354217,30.0,2026-04-27 20:38:35,33.0,0.1320909090909091,0.3473999999999999,0.0,30.0,0.800000011920929,0.342317521572113,30.0,2026-04-27 20:38:39,33.0,0.14506060606060608,0.2921999999999998,0.0,30.0,2.0,0.0,0.0,0.0,1.0,0.412,0.412,0.0,,,,,,,,,,,,,,,,,,
variant:CNN_PLAIN_NoFOG:attempt:6:round:20,CNN_PLAIN_NoFOG,CNN,PLAIN,NoFOG,6,20,2026-04-27 20:39:29,0.833333,0.314242,0.275957,0.404583,0.53487,0.564242,0.800000011920929,0.3285533487796783,30.0,2026-04-27 20:39:25,33.0,0.15287878787878786,0.4067999999999999,0.0,30.0,0.8666666746139526,0.2999313473701477,30.0,2026-04-27 20:39:29,33.0,0.15060606060606063,0.31419999999999976,0.0,30.0,2.0,0.0,0.0,0.0,1.0,0.389,0.389,0.0,,,,,,,,,,,,,,,,,,
variant:RN_ASCON_FOG:attempt:2:round:1,RN_ASCON_FOG,RN,ASCON,FOG,2,1,2026-04-23 14:02:10,0.65,1.036337,0.287186,0.290662,0.540861,0.408102,0.6666666865348816,1.159526824951172,30.0,2026-04-23 14:02:09,38.0,5.714552631578948,29.928849999999994,209.5,35.0,0.6333333253860474,0.9131479263305664,30.0,2026-04-23 14:02:10,36.0,4.412222222222222,11.49275,182.38888888888889,34.0,1.0,26.427,26.427,1316.0,1.0,35.364,35.364,1262.0,,,,,,,,,,,,,,,,,,
variant:RN_ASCON_FOG:attempt:2:round:2,RN_ASCON_FOG,RN,ASCON,FOG,2,2,2026-04-23 14:03:04,0.966667,0.133381,0.289557,0.295938,0.557337,0.422628,0.9666666388511658,0.1416225433349609,30.0,2026-04-23 14:03:04,32.0,8.5968125,36.22265,298.1875,27.0,0.9666666388511658,0.1251385957002639,30.0,2026-04-23 14:03:04,30.0,5.646133333333334,35.2865,232.73333333333332,27.0,1.0,29.181,29.181,1319.0,1.0,25.171,25.171,1262.0,,,,,,,,,,,,,,,,,,
variant:RN_ASCON_FOG:attempt:2:round:3,RN_ASCON_FOG,RN,ASCON,FOG,2,3,2026-04-23 14:04:03,1.0,0.070304,0.293053,0.304038,0.569332,0.438034,1.0,0.0876889154314994,30.0,2026-04-23 14:04:03,35.0,7.526000000000001,34.1448,282.6,30.0,1.0,0.0529189817607402,30.0,2026-04-23 14:04:03,33.0,4.9273030303030305,34.4614,221.6969696969697,30.0,1.0,24.754,24.754,1312.0,1.0,24.448,24.448,1260.0,,,,,,,,,,,,,,,,,,
variant:RN_ASCON_FOG:attempt:2:round:4,RN_ASCON_FOG,RN,ASCON,FOG,2,4,2026-04-23 14:05:02,1.0,0.012215,0.295288,0.309934,0.57664,0.447266,1.0,0.0136063182726502,30.0,2026-04-23 14:05:02,35.0,7.252057142857144,33.9831,282.4,30.0,1.0,0.0108244372531771,30.0,2026-04-23 14:05:02,33.0,4.912757575757575,32.839,222.03030303030303,30.0,1.0,28.487,28.487,1316.0,1.0,27.564,27.564,1265.0,,,,,,,,,,,,,,,,,,
variant:RN_ASCON_FOG:attempt:2:round:5,RN_ASCON_FOG,RN,ASCON,FOG,2,5,2026-04-23 14:06:01,1.0,0.019583,0.296817,0.317626,0.583169,0.452443,1.0,0.0123705631121993,30.0,2026-04-23 14:06:01,35.0,7.440885714285714,33.665099999999995,282.8,30.0,1.0,0.0267963483929634,30.0,2026-04-23 14:06:01,33.0,4.870333333333334,33.668,222.0909090909091,30.0,1.0,22.885,22.885,1312.0,1.0,24.935,24.935,1261.0,,,,,,,,,,,,,,,,,,
variant:RN_ASCON_FOG:attempt:2:round:6,RN_ASCON_FOG,RN,ASCON,FOG,2,6,2026-04-23 14:18:53,0.816667,0.386419,0.291338,0.299799,0.5694,0.44173,0.6333333253860474,0.7521737217903137,30.0,2026-04-23 14:18:53,33.0,7.465484848484849,33.648999999999994,291.1212121212121,28.0,1.0,0.0206641275435686,30.0,2026-04-23 14:18:51,34.0,4.693617647058824,31.335049999999992,219.76470588235293,31.0,1.0,25.06,25.06,1323.0,1.0,28.125,28.125,1266.0,,,,,,,,,,,,,,,,,,
variant:RN_ASCON_FOG:attempt:2:round:7,RN_ASCON_FOG,RN,ASCON,FOG,2,7,2026-04-23 14:19:52,0.95,0.154611,0.293012,0.291723,0.570637,0.445615,0.8999999761581421,0.2675574123859405,30.0,2026-04-23 14:19:52,35.0,6.979685714285714,33.738299999999995,281.42857142857144,30.0,1.0,0.0416639596223831,30.0,2026-04-23 14:19:52,33.0,5.006575757575758,34.4614,222.1818181818182,30.0,1.0,48.264,48.264,1317.0,1.0,29.46,29.46,1263.0,,,,,,,,,,,,,,,,,,
variant:RN_ASCON_FOG:attempt:2:round:8,RN_ASCON_FOG,RN,ASCON,FOG,2,8,2026-04-23 14:20:51,0.916667,0.203556,0.294914,0.288592,0.575429,0.450696,0.8333333134651184,0.3683453798294067,30.0,2026-04-23 14:20:51,35.0,7.371657142857142,32.938399999999994,281.8,30.0,1.0,0.0387671217322349,30.0,2026-04-23 14:20:51,32.0,5.6599375,35.242799999999995,225.3125,29.0,1.0,27.205,27.205,1316.0,1.0,29.756,29.756,1263.0,,,,,,,,,,,,,,,,,,
variant:RN_ASCON_FOG:attempt:2:round:9,RN_ASCON_FOG,RN,ASCON,FOG,2,9,2026-04-23 14:21:51,0.883333,0.253677,0.294464,0.284457,0.577819,0.450869,0.7666666507720947,0.4867379367351532,30.0,2026-04-23 14:21:50,35.0,8.71,34.946099999999994,281.0285714285714,30.0,1.0,0.0206158589571714,30.0,2026-04-23 14:21:51,34.0,4.948941176470589,34.707899999999995,218.6764705882353,31.0,1.0,42.865,42.865,1317.0,1.0,37.356,37.356,1263.0,,,,,,,,,,,,,,,,,,
variant:RN_ASCON_FOG:attempt:2:round:10,RN_ASCON_FOG,RN,ASCON,FOG,2,10,2026-04-23 14:22:51,0.966667,0.092198,0.294852,0.286798,0.581479,0.449892,0.9333333373069764,0.1426601260900497,30.0,2026-04-23 14:22:49,35.0,7.587142857142857,34.1562,281.45714285714286,30.0,1.0,0.0417368598282337,30.0,2026-04-23 14:22:51,33.0,4.98760606060606,34.246199999999995,222.3939393939394,30.0,1.0,25.224,25.224,1317.0,1.0,27.088,27.088,1259.0,,,,,,,,,,,,,,,,,,
variant:RN_ASCON_FOG:attempt:2:round:11,RN_ASCON_FOG,RN,ASCON,FOG,2,11,2026-04-23 14:23:51,0.966667,0.105934,0.296492,0.288125,0.586592,0.449027,0.9333333373069764,0.1993865370750427,30.0,2026-04-23 14:23:50,35.0,8.741457142857142,34.640499999999996,279.8857142857143,30.0,1.0,0.0124807376414537,30.0,2026-04-23 14:23:51,33.0,4.96769696969697,33.395599999999995,222.21212121212122,30.0,1.0,27.897,27.897,1318.0,1.0,26.342,26.342,1265.0,,,,,,,,,,,,,,,,,,
variant:RN_ASCON_FOG:attempt:2:round:12,RN_ASCON_FOG,RN,ASCON,FOG,2,12,2026-04-23 14:24:50,0.966667,0.085705,0.297955,0.288143,0.592138,0.447128,0.9333333373069764,0.1530556678771972,30.0,2026-04-23 14:24:50,35.0,7.801885714285714,35.590999999999994,279.8857142857143,30.0,1.0,0.0183549243956804,30.0,2026-04-23 14:24:50,33.0,5.711030303030303,34.114,222.0909090909091,30.0,1.0,50.898,50.898,1315.0,1.0,45.617,45.617,1258.0,,,,,,,,,,,,,,,,,,
variant:RN_ASCON_FOG:attempt:2:round:13,RN_ASCON_FOG,RN,ASCON,FOG,2,13,2026-04-23 14:25:49,0.9,0.281046,0.299497,0.293492,0.597228,0.44716,0.800000011920929,0.5475398898124695,30.0,2026-04-23 14:25:49,35.0,7.032228571428571,33.03489999999999,281.22857142857146,30.0,1.0,0.014551592990756,30.0,2026-04-23 14:25:49,33.0,4.685393939393939,31.258999999999997,221.33333333333334,30.0,1.0,37.817,37.817,1317.0,1.0,66.198,66.198,1260.0,,,,,,,,,,,,,,,,,,
variant:RN_ASCON_FOG:attempt:2:round:14,RN_ASCON_FOG,RN,ASCON,FOG,2,14,2026-04-23 14:26:48,0.95,0.15832,0.299317,0.293819,0.598041,0.448851,0.8999999761581421,0.3045567870140075,30.0,2026-04-23 14:26:49,35.0,7.5121714285714285,34.91809999999999,279.2,30.0,1.0,0.0120830545201897,30.0,2026-04-23 14:26:48,33.0,4.665181818181819,31.7964,221.5151515151515,30.0,1.0,25.821,25.821,1312.0,1.0,31.992,31.992,1254.0,,,,,,,,,,,,,,,,,,
variant:RN_ASCON_FOG:attempt:2:round:15,RN_ASCON_FOG,RN,ASCON,FOG,2,15,2026-04-23 14:27:48,0.95,0.110159,0.299878,0.298244,0.600087,0.451663,0.8999999761581421,0.1930546909570694,30.0,2026-04-23 14:27:48,35.0,7.520542857142857,34.04729999999999,280.2857142857143,30.0,1.0,0.02726411819458,30.0,2026-04-23 14:27:47,33.0,5.028060606060606,35.174,222.12121212121212,30.0,1.0,23.875,23.875,1313.0,1.0,46.473,46.473,1259.0,,,,,,,,,,,,,,,,,,
variant:RN_ASCON_FOG:attempt:2:round:16,RN_ASCON_FOG,RN,ASCON,FOG,2,16,2026-04-23 14:28:47,0.983333,0.055771,0.299922,0.30102,0.600761,0.448276,0.9666666388511658,0.1044320613145828,30.0,2026-04-23 14:28:46,35.0,7.179457142857143,32.0742,281.3142857142857,30.0,1.0,0.0071103074587881,30.0,2026-04-23 14:28:47,33.0,4.978969696969696,33.910599999999995,221.6969696969697,30.0,1.0,33.346,33.346,1314.0,1.0,34.619,34.619,1257.0,,,,,,,,,,,,,,,,,,
variant:RN_ASCON_FOG:attempt:2:round:17,RN_ASCON_FOG,RN,ASCON,FOG,2,17,2026-04-23 14:29:47,0.95,0.138499,0.300403,0.299727,0.598535,0.447292,0.8999999761581421,0.2739077806472778,30.0,2026-04-23 14:29:47,35.0,7.729971428571428,32.17719999999999,281.25714285714287,30.0,1.0,0.003089633770287,30.0,2026-04-23 14:29:47,33.0,5.034515151515151,33.931599999999996,221.6969696969697,30.0,1.0,75.15,75.15,1311.0,1.0,36.431,36.431,1257.0,,,,,,,,,,,,,,,,,,
variant:RN_ASCON_FOG:attempt:2:round:18,RN_ASCON_FOG,RN,ASCON,FOG,2,18,2026-04-23 14:30:47,0.916667,0.180397,0.298325,0.294614,0.5847,0.445348,0.8333333134651184,0.3551128804683685,30.0,2026-04-23 14:30:48,35.0,8.46917142857143,34.2403,280.48571428571427,30.0,1.0,0.0056811799295246,30.0,2026-04-23 14:30:46,33.0,4.949727272727273,33.9946,221.72727272727272,30.0,1.0,31.918,31.918,1316.0,1.0,166.019,166.019,1262.0,,,,,,,,,,,,,,,,,,
variant:RN_ASCON_FOG:attempt:2:round:19,RN_ASCON_FOG,RN,ASCON,FOG,2,19,2026-04-23 14:31:47,0.933333,0.332832,0.29848,0.294546,0.582769,0.450291,0.8666666746139526,0.6594200134277344,30.0,2026-04-23 14:31:46,35.0,7.966571428571428,34.8734,280.57142857142856,30.0,1.0,0.0062445197254419,30.0,2026-04-23 14:31:47,33.0,5.079000000000001,34.7414,222.0909090909091,30.0,1.0,30.319,30.319,1319.0,1.0,32.083,32.083,1262.0,,,,,,,,,,,,,,,,,,
variant:RN_ASCON_FOG:attempt:2:round:20,RN_ASCON_FOG,RN,ASCON,FOG,2,20,2026-04-23 14:32:47,0.916667,0.137873,0.297645,0.30019,0.578722,0.454794,0.8333333134651184,0.269422173500061,30.0,2026-04-23 14:32:47,35.0,7.526142857142856,35.2758,281.1714285714286,30.0,1.0,0.0063229398801922,30.0,2026-04-23 14:32:47,33.0,4.781030303030303,32.654599999999995,221.93939393939394,30.0,1.0,25.609,25.609,1319.0,1.0,35.564,35.564,1262.0,,,,,,,,,,,,,,,,,,
variant:RN_ASCON_FOG:attempt:3:round:1,RN_ASCON_FOG,RN,ASCON,FOG,3,1,2026-04-23 14:42:44,0.666667,0.980691,0.287749,0.290924,0.535652,0.41067,0.699999988079071,1.0635058879852295,30.0,2026-04-23 14:42:44,33.0,5.843333333333333,32.20839999999999,223.6969696969697,30.0,0.6333333253860474,0.8978769779205322,30.0,2026-04-23 14:42:43,36.0,4.233694444444445,11.205000000000002,181.83333333333334,34.0,1.0,40.11,40.11,1317.0,1.0,41.483,41.483,1263.0,,,,,,,,,,,,,,,,,,
variant:RN_ASCON_FOG:attempt:3:round:2,RN_ASCON_FOG,RN,ASCON,FOG,3,2,2026-04-23 14:43:37,0.933333,0.212312,0.291749,0.295974,0.550254,0.429194,0.9333333373069764,0.2518606781959533,30.0,2026-04-23 14:43:37,36.0,6.749305555555556,32.83025,278.47222222222223,31.0,0.9333333373069764,0.1727630794048309,30.0,2026-04-23 14:43:37,30.0,5.178533333333333,33.1263,233.23333333333332,27.0,1.0,34.372,34.372,1317.0,1.0,23.715,23.715,1260.0,,,,,,,,,,,,,,,,,,
variant:RN_ASCON_FOG:attempt:3:round:3,RN_ASCON_FOG,RN,ASCON,FOG,3,3,2026-04-23 14:44:36,0.983333,0.077202,0.295285,0.306091,0.558854,0.441196,1.0,0.0255472585558891,30.0,2026-04-23 14:44:35,35.0,7.427428571428571,34.6835,283.0857142857143,30.0,0.9666666388511658,0.1288571506738662,30.0,2026-04-23 14:44:36,32.0,5.182281250000001,34.394400000000005,225.6875,29.0,1.0,26.736,26.736,1319.0,1.0,31.188,31.188,1265.0,,,,,,,,,,,,,,,,,,
variant:RN_ASCON_FOG:attempt:3:round:4,RN_ASCON_FOG,RN,ASCON,FOG,3,4,2026-04-23 14:45:35,1.0,0.014514,0.297523,0.310557,0.563651,0.449094,1.0,0.0145115591585636,30.0,2026-04-23 14:45:34,35.0,7.377485714285714,33.3901,282.74285714285713,30.0,1.0,0.014516070485115,30.0,2026-04-23 14:45:35,33.0,4.960606060606061,34.1216,222.0909090909091,30.0,1.0,25.992,25.992,1310.0,1.0,31.409,31.409,1259.0,,,,,,,,,,,,,,,,,,
variant:RN_ASCON_FOG:attempt:3:round:5,RN_ASCON_FOG,RN,ASCON,FOG,3,5,2026-04-23 14:46:35,1.0,0.011003,0.298988,0.313779,0.567365,0.454204,1.0,0.0126214744523167,30.0,2026-04-23 14:46:33,35.0,7.740914285714284,33.8163,282.6,30.0,1.0,0.0093838544562459,30.0,2026-04-23 14:46:35,33.0,4.747090909090909,32.38159999999999,222.0909090909091,30.0,1.0,56.346,56.346,1314.0,1.0,47.054,47.054,1262.0,,,,,,,,,,,,,,,,,,
variant:RN_ASCON_FOG:attempt:3:round:6,RN_ASCON_FOG,RN,ASCON,FOG,3,6,2026-04-23 14:50:45,0.85,0.745828,0.290133,0.302893,0.548519,0.443126,0.8999999761581421,0.6630741953849792,30.0,2026-04-23 14:50:43,36.0,7.463472222222224,34.0945,277.69444444444446,31.0,0.800000011920929,0.8285817503929138,30.0,2026-04-23 14:50:45,34.0,4.951323529411764,32.101749999999996,218.73529411764707,31.0,1.0,28.198,28.198,1318.0,1.0,32.82,32.82,1264.0,,,,,,,,,,,,,,,,,,
variant:RN_ASCON_FOG:attempt:3:round:7,RN_ASCON_FOG,RN,ASCON,FOG,3,7,2026-04-23 14:51:44,0.85,0.299323,0.286493,0.291518,0.54708,0.433947,0.8333333134651184,0.2786481976509094,30.0,2026-04-23 14:51:43,35.0,7.371542857142858,32.4136,281.9714285714286,30.0,0.8666666746139526,0.3199972808361053,30.0,2026-04-23 14:51:44,33.0,4.72569696969697,32.545199999999994,221.5151515151515,30.0,1.0,30.545,30.545,1315.0,1.0,26.71,26.71,1261.0,,,,,,,,,,,,,,,,,,
variant:RN_ASCON_FOG:attempt:3:round:8,RN_ASCON_FOG,RN,ASCON,FOG,3,8,2026-04-23 14:52:44,0.866667,0.349915,0.285786,0.286819,0.53851,0.437128,0.8333333134651184,0.3630543649196625,30.0,2026-04-23 14:52:44,35.0,7.109142857142857,32.4259,281.74285714285713,30.0,0.8999999761581421,0.3367748856544494,30.0,2026-04-23 14:52:44,33.0,4.94169696969697,35.0464,222.0909090909091,30.0,1.0,37.461,37.461,1318.0,1.0,34.067,34.067,1261.0,,,,,,,,,,,,,,,,,,
variant:RN_ASCON_FOG:attempt:3:round:9,RN_ASCON_FOG,RN,ASCON,FOG,3,9,2026-04-23 14:53:45,0.85,0.398243,0.284914,0.282018,0.527193,0.44194,0.800000011920929,0.4656539261341095,30.0,2026-04-23 14:53:42,35.0,7.437057142857143,33.8986,282.37142857142857,30.0,0.8999999761581421,0.3308326005935669,30.0,2026-04-23 14:53:45,33.0,4.958818181818183,34.629999999999995,221.75757575757575,30.0,1.0,32.046,32.046,1319.0,1.0,33.056,33.056,1265.0,,,,,,,,,,,,,,,,,,
variant:RN_ASCON_FOG:attempt:3:round:10,RN_ASCON_FOG,RN,ASCON,FOG,3,10,2026-04-23 14:54:44,0.8,0.421882,0.284429,0.281093,0.522173,0.445461,0.8666666746139526,0.2835806012153625,30.0,2026-04-23 14:54:43,35.0,7.1466,34.972399999999986,282.9142857142857,30.0,0.7333333492279053,0.5601838231086731,30.0,2026-04-23 14:54:44,33.0,4.929818181818182,33.8338,221.66666666666666,30.0,1.0,31.891,31.891,1317.0,1.0,26.327,26.327,1265.0,,,,,,,,,,,,,,,,,,
variant:RN_ASCON_FOG:attempt:3:round:11,RN_ASCON_FOG,RN,ASCON,FOG,3,11,2026-04-23 14:55:44,0.883333,0.268228,0.28446,0.277956,0.521021,0.450797,0.9666666388511658,0.129149854183197,30.0,2026-04-23 14:55:44,35.0,7.203428571428571,34.987899999999996,283.14285714285717,30.0,0.800000011920929,0.4073056578636169,30.0,2026-04-23 14:55:44,33.0,4.696121212121213,32.21979999999999,221.54545454545453,30.0,1.0,23.415,23.415,1318.0,1.0,26.305,26.305,1263.0,,,,,,,,,,,,,,,,,,
variant:RN_ASCON_FOG:attempt:3:round:12,RN_ASCON_FOG,RN,ASCON,FOG,3,12,2026-04-23 14:56:43,0.95,0.227687,0.286386,0.278603,0.525701,0.45228,0.9333333373069764,0.1720428466796875,30.0,2026-04-23 14:56:42,35.0,7.260971428571429,34.549499999999995,282.34285714285716,30.0,0.9666666388511658,0.2833302915096283,30.0,2026-04-23 14:56:43,33.0,4.816696969696969,33.8722,221.4848484848485,30.0,1.0,27.33,27.33,1317.0,1.0,80.645,80.645,1262.0,,,,,,,,,,,,,,,,,,
variant:RN_ASCON_FOG:attempt:3:round:13,RN_ASCON_FOG,RN,ASCON,FOG,3,13,2026-04-23 14:57:43,0.95,0.283499,0.287451,0.281416,0.526805,0.454881,0.9666666388511658,0.2157560288906097,30.0,2026-04-23 14:57:42,35.0,7.122285714285714,32.85659999999999,282.42857142857144,30.0,0.9333333373069764,0.3512415289878845,30.0,2026-04-23 14:57:43,33.0,4.827878787878788,33.65879999999999,221.4848484848485,30.0,1.0,23.147,23.147,1320.0,1.0,25.477,25.477,1262.0,,,,,,,,,,,,,,,,,,
variant:RN_ASCON_FOG:attempt:3:round:14,RN_ASCON_FOG,RN,ASCON,FOG,3,14,2026-04-23 14:58:42,0.883333,0.356405,0.287134,0.276257,0.530427,0.45794,0.8999999761581421,0.3330365419387817,30.0,2026-04-23 14:58:42,35.0,7.169971428571429,34.4294,282.2,30.0,0.8666666746139526,0.3797736465930938,30.0,2026-04-23 14:58:42,33.0,4.552484848484849,31.383799999999997,222.15151515151516,30.0,1.0,26.734,26.734,1321.0,1.0,27.494,27.494,1267.0,,,,,,,,,,,,,,,,,,
variant:RN_ASCON_FOG:attempt:3:round:15,RN_ASCON_FOG,RN,ASCON,FOG,3,15,2026-04-23 14:59:42,0.883333,0.231344,0.287229,0.272059,0.530193,0.46076,0.8999999761581421,0.2041867077350616,30.0,2026-04-23 14:59:42,35.0,7.119171428571429,33.3491,282.8285714285714,30.0,0.8666666746139526,0.2585014402866363,30.0,2026-04-23 14:59:42,33.0,5.185727272727274,36.17059999999999,221.5151515151515,30.0,1.0,22.604,22.604,1313.0,1.0,28.237,28.237,1258.0,,,,,,,,,,,,,,,,,,
variant:RN_ASCON_FOG:attempt:3:round:16,RN_ASCON_FOG,RN,ASCON,FOG,3,16,2026-04-23 15:00:41,0.983333,0.080164,0.287835,0.277333,0.530009,0.461385,0.9666666388511658,0.1154020726680755,30.0,2026-04-23 15:00:40,35.0,6.9327428571428555,32.1676,283.2,30.0,1.0,0.0449254997074604,30.0,2026-04-23 15:00:41,33.0,5.069272727272727,34.925399999999996,221.15151515151516,30.0,1.0,49.998,49.998,1319.0,1.0,25.014,25.014,1262.0,,,,,,,,,,,,,,,,,,
variant:RN_ASCON_FOG:attempt:3:round:17,RN_ASCON_FOG,RN,ASCON,FOG,3,17,2026-04-23 15:01:41,0.983333,0.071114,0.289601,0.283219,0.533068,0.46444,1.0,0.0827267542481422,30.0,2026-04-23 15:01:41,35.0,7.415142857142858,33.5529,282.65714285714284,30.0,0.9666666388511658,0.0595005415380001,30.0,2026-04-23 15:01:41,33.0,5.072606060606061,36.57039999999999,221.96969696969697,30.0,1.0,25.712,25.712,1312.0,1.0,35.588,35.588,1259.0,,,,,,,,,,,,,,,,,,
variant:RN_ASCON_FOG:attempt:3:round:18,RN_ASCON_FOG,RN,ASCON,FOG,3,18,2026-04-23 15:02:40,0.95,0.127595,0.290647,0.283952,0.535015,0.469269,0.9666666388511658,0.1274462789297104,30.0,2026-04-23 15:02:39,35.0,7.466228571428571,33.913399999999996,282.14285714285717,30.0,0.9333333373069764,0.1277430057525634,30.0,2026-04-23 15:02:40,33.0,4.850575757575757,35.9644,221.03030303030303,30.0,1.0,24.726,24.726,1315.0,1.0,28.833,28.833,1261.0,,,,,,,,,,,,,,,,,,
variant:RN_ASCON_FOG:attempt:3:round:19,RN_ASCON_FOG,RN,ASCON,FOG,3,19,2026-04-23 15:03:39,0.983333,0.071734,0.29205,0.282698,0.536168,0.473158,1.0,0.0576547980308532,30.0,2026-04-23 15:03:39,35.0,6.945657142857144,33.2067,282.57142857142856,30.0,0.9666666388511658,0.0858122035861015,30.0,2026-04-23 15:03:39,33.0,4.891212121212122,35.807199999999995,221.6969696969697,30.0,1.0,48.36,48.36,1312.0,1.0,81.566,81.566,1258.0,,,,,,,,,,,,,,,,,,
variant:RN_ASCON_FOG:attempt:3:round:20,RN_ASCON_FOG,RN,ASCON,FOG,3,20,2026-04-23 15:04:39,1.0,0.042478,0.292665,0.287629,0.534136,0.475837,1.0,0.0191180817782878,30.0,2026-04-23 15:04:39,35.0,7.4348285714285725,35.1568,282.34285714285716,30.0,1.0,0.0658378452062606,30.0,2026-04-23 15:04:39,33.0,4.757272727272728,34.5288,221.15151515151516,30.0,1.0,28.846,28.846,1314.0,1.0,35.389,35.389,1263.0,,,,,,,,,,,,,,,,,,
variant:RN_ASCON_FOG:attempt:4:round:1,RN_ASCON_FOG,RN,ASCON,FOG,4,1,2026-04-24 00:29:03,0.766667,0.627053,0.288849,0.291005,0.540362,0.410342,0.8333333134651184,0.4500676095485687,30.0,2026-04-24 00:29:01,38.0,4.917026315789474,30.8552,209.23684210526315,35.0,0.699999988079071,0.8040391206741333,30.0,2026-04-24 00:29:03,37.0,4.923648648648649,10.854399999999863,180.27027027027026,35.0,1.0,30.284,30.284,1311.0,1.0,24.226,24.226,1256.0,,,,,,,,,,,,,,,,,,
variant:RN_ASCON_FOG:attempt:4:round:2,RN_ASCON_FOG,RN,ASCON,FOG,4,2,2026-04-24 00:29:59,1.0,0.107861,0.293531,0.297168,0.554688,0.427162,1.0,0.1434548795223236,30.0,2026-04-24 00:29:56,32.0,7.55534375,33.54335,298.40625,27.0,1.0,0.072266861796379,30.0,2026-04-24 00:29:59,30.0,5.525866666666665,34.82439999999999,233.03333333333333,27.0,1.0,25.364,25.364,1313.0,1.0,31.076,31.076,1265.0,,,,,,,,,,,,,,,,,,
variant:RN_ASCON_FOG:attempt:4:round:3,RN_ASCON_FOG,RN,ASCON,FOG,4,3,2026-04-24 00:30:58,1.0,0.037812,0.298353,0.306077,0.565808,0.441999,1.0,0.034998420625925,30.0,2026-04-24 00:30:58,35.0,7.236257142857143,33.9883,283.0,30.0,1.0,0.0406257510185241,30.0,2026-04-24 00:30:58,33.0,5.050151515151515,35.036,222.5151515151515,30.0,1.0,57.156,57.156,1308.0,1.0,24.772,24.772,1260.0,,,,,,,,,,,,,,,,,,
variant:RN_ASCON_FOG:attempt:4:round:4,RN_ASCON_FOG,RN,ASCON,FOG,4,4,2026-04-24 00:31:57,0.983333,0.034793,0.301168,0.312609,0.572062,0.448968,0.9666666388511658,0.0514210686087608,30.0,2026-04-24 00:31:57,35.0,7.308428571428572,33.6207,283.0,30.0,1.0,0.0181640461087226,30.0,2026-04-24 00:31:57,33.0,5.061454545454546,34.1366,222.33333333333334,30.0,1.0,26.154,26.154,1317.0,1.0,41.99,41.99,1260.0,,,,,,,,,,,,,,,,,,
variant:RN_ASCON_FOG:attempt:4:round:5,RN_ASCON_FOG,RN,ASCON,FOG,4,5,2026-04-24 00:33:09,1.0,0.015812,0.303033,0.320266,0.57631,0.453949,1.0,0.0181795470416545,30.0,2026-04-24 00:32:55,38.0,9.149184210526315,38.92824999999996,269.39473684210526,33.0,1.0,0.0134444618597626,30.0,2026-04-24 00:33:09,33.0,5.14669696969697,34.925599999999996,222.36363636363637,30.0,1.0,31.003,31.003,1310.0,1.0,28.63,28.63,1259.0,,,,,,,,,,,,,,,,,,
variant:RN_ASCON_FOG:attempt:4:round:6,RN_ASCON_FOG,RN,ASCON,FOG,4,6,2026-04-24 00:34:08,0.866667,0.337418,0.296801,0.303541,0.565666,0.449237,0.7333333492279053,0.6676241159439087,30.0,2026-04-24 00:33:57,37.0,6.808945945945946,33.1678,272.5945945945946,32.0,1.0,0.0072112823836505,30.0,2026-04-24 00:34:08,33.0,4.496939393939394,32.23,221.6969696969697,30.0,1.0,67.022,67.022,1315.0,1.0,71.855,71.855,1261.0,,,,,,,,,,,,,,,,,,
variant:RN_ASCON_FOG:attempt:4:round:7,RN_ASCON_FOG,RN,ASCON,FOG,4,7,2026-04-24 00:35:07,0.916667,0.149756,0.295076,0.293798,0.567769,0.44798,0.8333333134651184,0.2859541475772857,30.0,2026-04-24 00:34:57,35.0,7.2252857142857145,33.82909999999999,281.54285714285714,30.0,1.0,0.0135571202263236,30.0,2026-04-24 00:35:07,33.0,4.901666666666667,33.3304,221.93939393939394,30.0,1.0,33.932,33.932,1318.0,1.0,30.501,30.501,1265.0,,,,,,,,,,,,,,,,,,
variant:RN_ASCON_FOG:attempt:4:round:8,RN_ASCON_FOG,RN,ASCON,FOG,4,8,2026-04-24 00:36:06,0.933333,0.116295,0.295023,0.291104,0.570083,0.449617,0.8999999761581421,0.1844208687543869,30.0,2026-04-24 00:35:56,35.0,6.919599999999999,33.5342,282.1714285714286,30.0,0.9666666388511658,0.0481688007712364,30.0,2026-04-24 00:36:06,33.0,5.23569696969697,36.4988,222.3939393939394,30.0,1.0,22.125,22.125,1316.0,1.0,25.848,25.848,1259.0,,,,,,,,,,,,,,,,,,
variant:RN_ASCON_FOG:attempt:4:round:9,RN_ASCON_FOG,RN,ASCON,FOG,4,9,2026-04-24 00:37:05,0.9,0.201931,0.296207,0.292864,0.572124,0.449834,0.800000011920929,0.3881474137306213,30.0,2026-04-24 00:36:55,35.0,6.798942857142857,32.783199999999994,281.62857142857143,30.0,1.0,0.0157145019620656,30.0,2026-04-24 00:37:05,33.0,5.444939393939394,35.06419999999999,222.24242424242425,30.0,1.0,26.001,26.001,1319.0,1.0,38.115,38.115,1262.0,,,,,,,,,,,,,,,,,,
variant:RN_ASCON_FOG:attempt:4:round:10,RN_ASCON_FOG,RN,ASCON,FOG,4,10,2026-04-24 00:38:05,0.933333,0.104356,0.298052,0.295621,0.575593,0.452395,0.8666666746139526,0.200413092970848,30.0,2026-04-24 00:37:54,35.0,8.529685714285714,36.70919999999995,281.85714285714283,30.0,1.0,0.0082994224503636,30.0,2026-04-24 00:38:04,33.0,5.311121212121212,35.7134,221.66666666666666,30.0,1.0,33.871,33.871,1314.0,1.0,23.917,23.917,1256.0,,,,,,,,,,,,,,,,,,
variant:RN_ASCON_FOG:attempt:4:round:11,RN_ASCON_FOG,RN,ASCON,FOG,4,11,2026-04-24 00:39:03,0.966667,0.157546,0.297443,0.299586,0.576663,0.452336,0.9333333373069764,0.301443487405777,30.0,2026-04-24 00:38:53,35.0,6.701457142857142,34.1654,281.8285714285714,30.0,1.0,0.0136488256976008,30.0,2026-04-24 00:39:03,33.0,5.010969696969696,33.7202,222.3030303030303,30.0,1.0,24.785,24.785,1314.0,1.0,23.281,23.281,1260.0,,,,,,,,,,,,,,,,,,
variant:RN_ASCON_FOG:attempt:4:round:12,RN_ASCON_FOG,RN,ASCON,FOG,4,12,2026-04-24 00:40:02,0.983333,0.088048,0.297482,0.299117,0.578555,0.453862,0.9666666388511658,0.1713978946208953,30.0,2026-04-24 00:39:52,35.0,7.141657142857142,34.201,282.14285714285717,30.0,1.0,0.0046990336850285,30.0,2026-04-24 00:40:02,33.0,5.066030303030303,34.438199999999995,222.42424242424244,30.0,1.0,29.207,29.207,1319.0,1.0,32.999,32.999,1266.0,,,,,,,,,,,,,,,,,,
variant:RN_ASCON_FOG:attempt:4:round:13,RN_ASCON_FOG,RN,ASCON,FOG,4,13,2026-04-24 00:41:02,1.0,0.010168,0.298405,0.298249,0.581472,0.455235,1.0,0.0155565747991204,30.0,2026-04-24 00:40:52,35.0,6.670999999999999,32.478699999999996,282.57142857142856,30.0,1.0,0.0047791344113647,30.0,2026-04-24 00:41:02,33.0,5.070242424242424,33.66999999999999,222.54545454545453,30.0,1.0,22.009,22.009,1312.0,1.0,26.015,26.015,1260.0,,,,,,,,,,,,,,,,,,
variant:RN_ASCON_FOG:attempt:4:round:14,RN_ASCON_FOG,RN,ASCON,FOG,4,14,2026-04-24 00:42:00,0.983333,0.066891,0.299647,0.303819,0.583616,0.456863,0.9666666388511658,0.1086586937308311,30.0,2026-04-24 00:41:50,35.0,6.920371428571428,32.7365,282.0,30.0,1.0,0.0251223836094141,30.0,2026-04-24 00:42:00,33.0,4.948151515151515,34.087199999999996,221.96969696969697,30.0,1.0,24.569,24.569,1315.0,1.0,25.605,25.605,1262.0,,,,,,,,,,,,,,,,,,
variant:RN_ASCON_FOG:attempt:4:round:15,RN_ASCON_FOG,RN,ASCON,FOG,4,15,2026-04-24 00:43:00,0.95,0.147252,0.299934,0.305306,0.583216,0.458022,0.8999999761581421,0.2888531386852264,30.0,2026-04-24 00:42:50,35.0,6.791428571428572,33.373099999999994,282.77142857142854,30.0,1.0,0.0056513897143304,30.0,2026-04-24 00:43:00,33.0,5.158212121212121,35.6556,222.27272727272728,30.0,1.0,29.223,29.223,1320.0,1.0,29.754,29.754,1262.0,,,,,,,,,,,,,,,,,,
variant:RN_ASCON_FOG:attempt:4:round:16,RN_ASCON_FOG,RN,ASCON,FOG,4,16,2026-04-24 00:43:58,0.966667,0.113042,0.299795,0.306022,0.583707,0.458461,0.9333333373069764,0.2204453349113464,30.0,2026-04-24 00:43:48,35.0,6.6788,34.1607,282.9142857142857,30.0,1.0,0.0056387768127024,30.0,2026-04-24 00:43:58,33.0,5.103121212121212,35.04619999999999,222.03030303030303,30.0,1.0,21.806,21.806,1317.0,1.0,25.078,25.078,1260.0,,,,,,,,,,,,,,,,,,
variant:RN_ASCON_FOG:attempt:4:round:17,RN_ASCON_FOG,RN,ASCON,FOG,4,17,2026-04-24 00:44:59,0.95,0.079381,0.299932,0.308517,0.584622,0.459576,0.8999999761581421,0.153028592467308,30.0,2026-04-24 00:44:47,35.0,6.671685714285714,33.5989,280.62857142857143,30.0,1.0,0.0057325428351759,30.0,2026-04-24 00:44:59,33.0,5.149060606060606,35.740399999999994,222.36363636363637,30.0,1.0,27.629,27.629,1314.0,1.0,37.968,37.968,1260.0,,,,,,,,,,,,,,,,,,
variant:RN_ASCON_FOG:attempt:4:round:18,RN_ASCON_FOG,RN,ASCON,FOG,4,18,2026-04-24 00:45:59,0.95,0.087961,0.300752,0.309259,0.586172,0.46027,0.8999999761581421,0.1703144162893295,30.0,2026-04-24 00:45:47,35.0,6.872085714285714,35.2588,281.85714285714283,30.0,1.0,0.0056075444445014,30.0,2026-04-24 00:45:59,33.0,4.988575757575758,35.614,221.57575757575756,30.0,1.0,33.485,33.485,1317.0,1.0,28.242,28.242,1263.0,,,,,,,,,,,,,,,,,,
variant:RN_ASCON_FOG:attempt:4:round:19,RN_ASCON_FOG,RN,ASCON,FOG,4,19,2026-04-24 00:46:59,0.95,0.104338,0.300792,0.307269,0.587669,0.455442,0.8999999761581421,0.2052481919527053,30.0,2026-04-24 00:46:48,35.0,8.673914285714286,34.724599999999995,282.2,30.0,1.0,0.0034269052557647,30.0,2026-04-24 00:46:58,33.0,5.106636363636364,35.462199999999996,221.9090909090909,30.0,1.0,31.239,31.239,1319.0,1.0,26.696,26.696,1261.0,,,,,,,,,,,,,,,,,,
variant:RN_ASCON_FOG:attempt:4:round:20,RN_ASCON_FOG,RN,ASCON,FOG,4,20,2026-04-24 00:47:57,0.966667,0.104373,0.301183,0.304917,0.591928,0.453529,0.9333333373069764,0.2051539123058319,30.0,2026-04-24 00:47:47,35.0,9.289228571428572,39.445299999999946,281.25714285714287,30.0,1.0,0.0035919153597205,30.0,2026-04-24 00:47:57,33.0,4.950666666666666,34.3426,221.96969696969697,30.0,1.0,25.761,25.761,1317.0,1.0,24.707,24.707,1260.0,,,,,,,,,,,,,,,,,,
variant:RN_ASCON_FOG:attempt:5:round:1,RN_ASCON_FOG,RN,ASCON,FOG,5,1,2026-04-24 00:53:37,0.733333,0.858126,0.288848,0.292186,0.539381,0.408555,0.7333333492279053,0.894588053226471,30.0,2026-04-24 00:53:37,33.0,5.994090909090908,32.34059999999999,223.8181818181818,30.0,0.7333333492279053,0.8216639161109924,30.0,2026-04-24 00:53:33,38.0,6.295342105263158,9.574449999999953,178.55263157894737,36.0,1.0,29.551,29.551,1317.0,1.0,35.089,35.089,1263.0,,,,,,,,,,,,,,,,,,
variant:RN_ASCON_FOG:attempt:5:round:2,RN_ASCON_FOG,RN,ASCON,FOG,5,2,2026-04-24 00:54:32,0.916667,0.205928,0.293576,0.296666,0.554718,0.426251,0.8999999761581421,0.1823953241109848,30.0,2026-04-24 00:54:31,35.0,7.989085714285714,33.367,282.74285714285713,30.0,0.9333333373069764,0.2294602543115615,30.0,2026-04-24 00:54:26,30.0,7.010933333333332,36.458349999999996,233.0,27.0,1.0,48.668,48.668,1313.0,1.0,40.296,40.296,1259.0,,,,,,,,,,,,,,,,,,
variant:RN_ASCON_FOG:attempt:5:round:3,RN_ASCON_FOG,RN,ASCON,FOG,5,3,2026-04-24 00:55:30,1.0,0.045253,0.297318,0.30858,0.562832,0.439511,1.0,0.035740677267313,30.0,2026-04-24 00:55:30,35.0,8.011685714285713,34.7778,282.51428571428573,30.0,1.0,0.0547660551965236,30.0,2026-04-24 00:55:27,30.0,5.359133333333333,33.11239999999999,232.6,27.0,1.0,26.35,26.35,1312.0,1.0,35.372,35.372,1261.0,,,,,,,,,,,,,,,,,,
variant:RN_ASCON_FOG:attempt:5:round:4,RN_ASCON_FOG,RN,ASCON,FOG,5,4,2026-04-24 00:56:29,1.0,0.021948,0.299598,0.314316,0.568383,0.447861,1.0,0.0180868133902549,30.0,2026-04-24 00:56:29,35.0,7.095342857142857,33.215799999999994,282.42857142857144,30.0,1.0,0.0258092954754829,30.0,2026-04-24 00:56:29,33.0,5.331545454545455,35.919599999999996,222.03030303030303,30.0,1.0,27.574,27.574,1305.0,1.0,25.75,25.75,1254.0,,,,,,,,,,,,,,,,,,
variant:RN_ASCON_FOG:attempt:5:round:5,RN_ASCON_FOG,RN,ASCON,FOG,5,5,2026-04-24 00:57:28,1.0,0.017994,0.301232,0.318588,0.57256,0.453631,1.0,0.0185380671173334,30.0,2026-04-24 00:57:28,35.0,7.660028571428572,33.0286,282.42857142857144,30.0,1.0,0.0174497757107019,30.0,2026-04-24 00:57:28,33.0,4.790242424242424,33.4338,221.87878787878788,30.0,1.0,30.295,30.295,1316.0,1.0,36.857,36.857,1265.0,,,,,,,,,,,,,,,,,,
variant:RN_ASCON_FOG:attempt:5:round:6,RN_ASCON_FOG,RN,ASCON,FOG,5,6,2026-04-24 00:58:56,0.933333,0.169881,0.296474,0.317445,0.553815,0.449515,0.8666666746139526,0.3318678736686706,30.0,2026-04-24 00:58:53,37.0,6.488513513513513,33.08699999999998,272.7837837837838,32.0,1.0,0.0078944507986307,30.0,2026-04-24 00:58:56,33.0,4.890969696969697,33.859,222.3030303030303,30.0,1.0,33.209,33.209,1311.0,1.0,23.263,23.263,1254.0,,,,,,,,,,,,,,,,,,
variant:RN_ASCON_FOG:attempt:5:round:7,RN_ASCON_FOG,RN,ASCON,FOG,5,7,2026-04-24 00:59:54,0.85,0.357606,0.295673,0.315913,0.544301,0.453856,0.699999988079071,0.6963855028152466,30.0,2026-04-24 00:59:54,33.0,8.134090909090908,33.62639999999999,291.6969696969697,28.0,1.0,0.0188264343887567,30.0,2026-04-24 00:59:54,33.0,4.879818181818181,34.166,221.87878787878788,30.0,1.0,22.791,22.791,1319.0,1.0,25.597,25.597,1262.0,,,,,,,,,,,,,,,,,,
variant:RN_ASCON_FOG:attempt:5:round:8,RN_ASCON_FOG,RN,ASCON,FOG,5,8,2026-04-24 01:00:55,0.966667,0.124189,0.296945,0.318884,0.548585,0.458025,0.9333333373069764,0.2249293178319931,30.0,2026-04-24 01:00:52,37.0,6.942216216216215,31.501399999999993,273.02702702702703,32.0,1.0,0.023447711020708,30.0,2026-04-24 01:00:55,33.0,4.930424242424242,33.352,221.93939393939394,30.0,1.0,24.191,24.191,1318.0,1.0,49.395,49.395,1260.0,,,,,,,,,,,,,,,,,,
variant:RN_ASCON_FOG:attempt:5:round:9,RN_ASCON_FOG,RN,ASCON,FOG,5,9,2026-04-24 01:01:54,0.933333,0.130759,0.297816,0.317536,0.55034,0.460752,0.8666666746139526,0.2483589202165603,30.0,2026-04-24 01:01:53,35.0,7.512028571428571,36.0879,282.0571428571429,30.0,1.0,0.0131583120673894,30.0,2026-04-24 01:01:53,33.0,5.004969696969696,34.8076,222.15151515151516,30.0,1.0,52.536,52.536,1316.0,1.0,37.345,37.345,1259.0,,,,,,,,,,,,,,,,,,
variant:RN_ASCON_FOG:attempt:5:round:10,RN_ASCON_FOG,RN,ASCON,FOG,5,10,2026-04-24 01:02:52,0.95,0.094415,0.298196,0.318013,0.553906,0.46181,0.8999999761581421,0.1752204746007919,30.0,2026-04-24 01:02:52,35.0,7.603514285714286,34.4738,281.6857142857143,30.0,1.0,0.0136104365810751,30.0,2026-04-24 01:02:52,33.0,4.643181818181818,33.7878,222.36363636363637,30.0,1.0,23.056,23.056,1314.0,1.0,33.793,33.793,1259.0,,,,,,,,,,,,,,,,,,
variant:RN_ASCON_FOG:attempt:5:round:11,RN_ASCON_FOG,RN,ASCON,FOG,5,11,2026-04-24 01:03:52,0.866667,0.373334,0.299219,0.317306,0.55475,0.4646,0.7666666507720947,0.7075310349464417,30.0,2026-04-24 01:03:51,35.0,8.266914285714286,33.9813,281.7142857142857,30.0,0.9666666388511658,0.0391378030180931,30.0,2026-04-24 01:03:51,33.0,5.049545454545454,33.9426,222.33333333333334,30.0,1.0,22.762,22.762,1318.0,1.0,24.39,24.39,1260.0,,,,,,,,,,,,,,,,,,
variant:RN_ASCON_FOG:attempt:5:round:12,RN_ASCON_FOG,RN,ASCON,FOG,5,12,2026-04-24 01:04:51,1.0,0.023081,0.299756,0.317483,0.555983,0.466674,1.0,0.0343862362205982,30.0,2026-04-24 01:04:50,35.0,7.228542857142857,35.994099999999996,282.3142857142857,30.0,1.0,0.0117755588144063,30.0,2026-04-24 01:04:51,33.0,4.660454545454545,31.675599999999996,221.63636363636363,30.0,1.0,32.224,32.224,1310.0,1.0,28.017,28.017,1259.0,,,,,,,,,,,,,,,,,,
variant:RN_ASCON_FOG:attempt:5:round:13,RN_ASCON_FOG,RN,ASCON,FOG,5,13,2026-04-24 01:05:50,0.966667,0.07465,0.300913,0.321606,0.559229,0.469918,0.9333333373069764,0.1359469890594482,30.0,2026-04-24 01:05:49,35.0,7.332428571428571,35.221999999999994,282.34285714285716,30.0,1.0,0.0133532378822565,30.0,2026-04-24 01:05:50,33.0,5.239606060606061,33.97839999999999,222.24242424242425,30.0,1.0,35.622,35.622,1318.0,1.0,34.467,34.467,1261.0,,,,,,,,,,,,,,,,,,
variant:RN_ASCON_FOG:attempt:5:round:14,RN_ASCON_FOG,RN,ASCON,FOG,5,14,2026-04-24 01:06:49,1.0,0.030015,0.301426,0.317769,0.559423,0.471909,1.0,0.0546655654907226,30.0,2026-04-24 01:06:48,35.0,7.3039999999999985,32.24689999999999,281.57142857142856,30.0,1.0,0.0053654164075851,30.0,2026-04-24 01:06:49,33.0,4.7010000000000005,32.273399999999995,222.12121212121212,30.0,1.0,30.888,30.888,1309.0,1.0,48.786,48.786,1260.0,,,,,,,,,,,,,,,,,,
variant:RN_ASCON_FOG:attempt:5:round:15,RN_ASCON_FOG,RN,ASCON,FOG,5,15,2026-04-24 01:07:50,0.983333,0.066839,0.302125,0.316285,0.560045,0.474803,0.9666666388511658,0.1274474710226059,30.0,2026-04-24 01:07:47,35.0,7.105342857142857,34.220099999999995,282.0285714285714,30.0,1.0,0.0062311505898833,30.0,2026-04-24 01:07:50,33.0,4.849636363636364,32.720800000000004,221.66666666666666,30.0,1.0,30.114,30.114,1318.0,1.0,28.434,28.434,1261.0,,,,,,,,,,,,,,,,,,
variant:RN_ASCON_FOG:attempt:5:round:16,RN_ASCON_FOG,RN,ASCON,FOG,5,16,2026-04-24 01:08:49,0.966667,0.083067,0.302876,0.318517,0.561811,0.477415,0.9333333373069764,0.1602570414543151,30.0,2026-04-24 01:08:48,35.0,7.183599999999999,32.71459999999999,282.1142857142857,30.0,1.0,0.0058776112273335,30.0,2026-04-24 01:08:49,33.0,5.004666666666666,33.3194,221.87878787878788,30.0,1.0,35.884,35.884,1315.0,1.0,27.692,27.692,1262.0,,,,,,,,,,,,,,,,,,
variant:RN_ASCON_FOG:attempt:5:round:17,RN_ASCON_FOG,RN,ASCON,FOG,5,17,2026-04-24 01:09:48,0.95,0.229773,0.302821,0.316278,0.564152,0.47913,0.8999999761581421,0.4556557834148407,30.0,2026-04-24 01:09:47,35.0,7.402171428571429,33.9447,281.1714285714286,30.0,1.0,0.0038905192632228,30.0,2026-04-24 01:09:48,33.0,5.007666666666666,34.2898,221.66666666666666,30.0,1.0,28.319,28.319,1312.0,1.0,24.689,24.689,1258.0,,,,,,,,,,,,,,,,,,
variant:RN_ASCON_FOG:attempt:5:round:18,RN_ASCON_FOG,RN,ASCON,FOG,5,18,2026-04-24 01:10:47,0.983333,0.066328,0.30338,0.315674,0.565572,0.48192,0.9666666388511658,0.1278378814458847,30.0,2026-04-24 01:10:46,35.0,7.209542857142857,33.4507,281.25714285714287,30.0,1.0,0.0048181787133216,30.0,2026-04-24 01:10:47,33.0,5.146121212121212,35.4292,222.21212121212122,30.0,1.0,26.624,26.624,1313.0,1.0,30.426,30.426,1259.0,,,,,,,,,,,,,,,,,,
variant:RN_ASCON_FOG:attempt:5:round:19,RN_ASCON_FOG,RN,ASCON,FOG,5,19,2026-04-24 01:11:46,0.966667,0.083263,0.303716,0.313364,0.566744,0.481492,0.9333333373069764,0.1619845479726791,30.0,2026-04-24 01:11:46,35.0,7.6215142857142855,34.25909999999999,282.1142857142857,30.0,1.0,0.0045408671721816,30.0,2026-04-24 01:11:46,33.0,4.705121212121212,34.352199999999996,221.8181818181818,30.0,1.0,25.191,25.191,1316.0,1.0,23.824,23.824,1263.0,,,,,,,,,,,,,,,,,,
variant:RN_ASCON_FOG:attempt:5:round:20,RN_ASCON_FOG,RN,ASCON,FOG,5,20,2026-04-24 01:12:45,0.983333,0.047601,0.304046,0.309896,0.569438,0.481181,0.9666666388511658,0.0922604948282241,30.0,2026-04-24 01:12:45,35.0,7.6172571428571425,35.878699999999995,281.8857142857143,30.0,1.0,0.0029422061052173,30.0,2026-04-24 01:12:45,33.0,5.157424242424242,33.921,222.03030303030303,30.0,1.0,39.825,39.825,1318.0,1.0,29.955,29.955,1261.0,,,,,,,,,,,,,,,,,,
variant:RN_ASCON_FOG:attempt:9:round:1,RN_ASCON_FOG,RN,ASCON,FOG,9,1,2026-04-23 23:49:19,0.683333,0.932951,0.286839,0.290279,0.540719,0.410254,0.7666666507720947,0.7841169238090515,30.0,2026-04-23 23:49:18,38.0,4.773605263157895,30.3739,209.44736842105263,35.0,0.6000000238418579,1.081785798072815,30.0,2026-04-23 23:49:19,37.0,3.89772972972973,10.327999999999868,179.83783783783784,35.0,1.0,22.829,22.829,1315.0,1.0,37.25,37.25,1261.0,,,,,,,,,,,,,,,,,,
variant:RN_ASCON_FOG:attempt:9:round:2,RN_ASCON_FOG,RN,ASCON,FOG,9,2,2026-04-23 23:50:14,0.933333,0.16022,0.289667,0.293041,0.553947,0.424474,0.8999999761581421,0.2168302237987518,30.0,2026-04-23 23:50:11,32.0,7.340812499999999,33.7571,298.03125,27.0,0.9666666388511658,0.1036094650626182,30.0,2026-04-23 23:50:14,30.0,5.334233333333334,34.6507,233.0,27.0,1.0,22.958,22.958,1319.0,1.0,25.638,25.638,1262.0,,,,,,,,,,,,,,,,,,
variant:RN_ASCON_FOG:attempt:9:round:3,RN_ASCON_FOG,RN,ASCON,FOG,9,3,2026-04-23 23:51:13,0.983333,0.06576,0.292126,0.302108,0.562915,0.433391,1.0,0.0561292804777622,30.0,2026-04-23 23:51:13,35.0,6.821257142857142,31.728899999999985,283.1142857142857,30.0,0.9666666388511658,0.0753916129469871,30.0,2026-04-23 23:51:13,33.0,5.102818181818182,34.67719999999999,222.57575757575756,30.0,1.0,27.226,27.226,1326.0,1.0,25.455,25.455,1269.0,,,,,,,,,,,,,,,,,,
variant:RN_ASCON_FOG:attempt:9:round:4,RN_ASCON_FOG,RN,ASCON,FOG,9,4,2026-04-23 23:52:12,1.0,0.030337,0.294585,0.308007,0.569134,0.441339,1.0,0.032218549400568,30.0,2026-04-23 23:52:12,35.0,7.464314285714287,33.2852,283.34285714285716,30.0,1.0,0.0284562073647975,30.0,2026-04-23 23:52:12,33.0,5.112333333333333,34.117799999999995,223.0,30.0,1.0,23.344,23.344,1321.0,1.0,27.51,27.51,1268.0,,,,,,,,,,,,,,,,,,
variant:RN_ASCON_FOG:attempt:9:round:5,RN_ASCON_FOG,RN,ASCON,FOG,9,5,2026-04-23 23:53:11,1.0,0.02099,0.296292,0.311566,0.574246,0.44713,1.0,0.023800428956747,30.0,2026-04-23 23:53:11,35.0,7.062,33.974199999999996,283.0285714285714,30.0,1.0,0.0181796066462993,30.0,2026-04-23 23:53:11,33.0,4.910484848484848,35.6484,222.6969696969697,30.0,1.0,40.638,40.638,1316.0,1.0,59.893,59.893,1268.0,,,,,,,,,,,,,,,,,,
variant:RN_ASCON_FOG:attempt:9:round:6,RN_ASCON_FOG,RN,ASCON,FOG,9,6,2026-04-23 23:57:36,0.883333,0.325986,0.292477,0.300798,0.562677,0.437877,0.8999999761581421,0.179596334695816,30.0,2026-04-23 23:57:36,33.0,7.285333333333333,35.2388,292.72727272727275,28.0,0.8666666746139526,0.4723760783672333,30.0,2026-04-23 23:57:32,34.0,6.625235294117647,37.67799999999999,218.6764705882353,31.0,1.0,24.172,24.172,1318.0,1.0,43.305,43.305,1261.0,,,,,,,,,,,,,,,,,,
variant:RN_ASCON_FOG:attempt:9:round:7,RN_ASCON_FOG,RN,ASCON,FOG,9,7,2026-04-23 23:58:36,0.8,0.449871,0.286961,0.292272,0.544581,0.43468,0.7666666507720947,0.5708951950073242,30.0,2026-04-23 23:58:36,35.0,8.693514285714286,42.53079999999993,282.1714285714286,30.0,0.8333333134651184,0.3288470208644867,30.0,2026-04-23 23:58:30,33.0,4.941424242424243,32.8086,221.21212121212122,30.0,1.0,25.348,25.348,1315.0,1.0,51.301,51.301,1262.0,,,,,,,,,,,,,,,,,,
variant:RN_ASCON_FOG:attempt:9:round:8,RN_ASCON_FOG,RN,ASCON,FOG,9,8,2026-04-23 23:59:35,0.816667,0.377957,0.284103,0.289172,0.535779,0.428378,0.9333333373069764,0.2191003412008285,30.0,2026-04-23 23:59:35,35.0,8.344142857142858,38.400399999999955,281.6857142857143,30.0,0.699999988079071,0.5368138551712036,30.0,2026-04-23 23:59:30,33.0,5.035454545454545,35.209599999999995,220.87878787878788,30.0,1.0,22.56,22.56,1317.0,1.0,25.813,25.813,1263.0,,,,,,,,,,,,,,,,,,
variant:RN_ASCON_FOG:attempt:9:round:9,RN_ASCON_FOG,RN,ASCON,FOG,9,9,2026-04-23 00:00:34,0.85,0.302002,0.283613,0.287964,0.530184,0.426753,0.9666666388511658,0.1529050320386886,30.0,2026-04-24 00:00:34,35.0,8.851171428571428,43.21409999999993,282.1142857142857,30.0,0.7333333492279053,0.4510984122753143,30.0,2026-04-24 00:00:29,33.0,4.668757575757576,33.130599999999994,222.45454545454547,30.0,1.0,43.177,43.177,1320.0,1.0,25.337,25.337,1266.0,,,,,,,,,,,,,,,,,,
variant:RN_ASCON_FOG:attempt:9:round:10,RN_ASCON_FOG,RN,ASCON,FOG,9,10,2026-04-23 00:01:33,0.866667,0.320381,0.282605,0.282408,0.518448,0.433554,0.8999999761581421,0.3289295136928558,30.0,2026-04-24 00:01:33,35.0,6.957628571428572,34.9273,283.34285714285716,30.0,0.8333333134651184,0.3118328154087066,30.0,2026-04-24 00:01:28,33.0,5.2090000000000005,35.437599999999996,221.6969696969697,30.0,1.0,48.163,48.163,1320.0,1.0,38.599,38.599,1266.0,,,,,,,,,,,,,,,,,,
variant:RN_ASCON_FOG:attempt:9:round:11,RN_ASCON_FOG,RN,ASCON,FOG,9,11,2026-04-23 00:02:32,0.866667,0.318337,0.28142,0.280903,0.515598,0.439386,0.8333333134651184,0.393168181180954,30.0,2026-04-24 00:02:32,35.0,6.666314285714287,33.7382,282.6857142857143,30.0,0.8999999761581421,0.2435061782598495,30.0,2026-04-24 00:02:27,33.0,4.906727272727273,33.5562,221.27272727272728,30.0,1.0,25.229,25.229,1318.0,1.0,30.794,30.794,1261.0,,,,,,,,,,,,,,,,,,
variant:RN_ASCON_FOG:attempt:9:round:12,RN_ASCON_FOG,RN,ASCON,FOG,9,12,2026-04-23 00:03:31,0.833333,0.380255,0.281305,0.275434,0.516587,0.447335,0.8666666746139526,0.3995705842971802,30.0,2026-04-24 00:03:31,35.0,7.0481428571428575,35.919599999999996,280.85714285714283,30.0,0.800000011920929,0.3609388470649719,30.0,2026-04-24 00:03:26,33.0,4.722848484848484,33.148199999999996,221.75757575757575,30.0,1.0,24.429,24.429,1321.0,1.0,34.862,34.862,1264.0,,,,,,,,,,,,,,,,,,
variant:RN_ASCON_FOG:attempt:9:round:13,RN_ASCON_FOG,RN,ASCON,FOG,9,13,2026-04-23 00:04:31,0.933333,0.166864,0.282785,0.276999,0.516603,0.453707,0.8999999761581421,0.1930913478136062,30.0,2026-04-24 00:04:31,35.0,8.405914285714285,35.9417,282.34285714285716,30.0,0.9666666388511658,0.1406372934579849,30.0,2026-04-24 00:04:26,33.0,4.695939393939393,31.849999999999994,222.15151515151516,30.0,1.0,36.245,36.245,1320.0,1.0,32.082,32.082,1262.0,,,,,,,,,,,,,,,,,,
variant:RN_ASCON_FOG:attempt:9:round:14,RN_ASCON_FOG,RN,ASCON,FOG,9,14,2026-04-23 00:05:30,0.9,0.223837,0.284551,0.284963,0.517083,0.460768,1.0,0.0978423729538917,30.0,2026-04-24 00:05:30,35.0,8.328314285714285,36.370400000000004,282.85714285714283,30.0,0.800000011920929,0.3498309552669525,30.0,2026-04-24 00:05:25,33.0,5.1377575757575755,34.846799999999995,222.6969696969697,30.0,1.0,28.56,28.56,1315.0,1.0,34.864,34.864,1262.0,,,,,,,,,,,,,,,,,,
variant:RN_ASCON_FOG:attempt:9:round:15,RN_ASCON_FOG,RN,ASCON,FOG,9,15,2026-04-23 00:06:29,0.95,0.176148,0.285501,0.286644,0.517287,0.464213,0.8999999761581421,0.2870287895202636,30.0,2026-04-24 00:06:29,35.0,6.6488,34.9439,281.9428571428571,30.0,1.0,0.0652676299214363,30.0,2026-04-24 00:06:24,33.0,5.969181818181818,35.96739999999999,221.54545454545453,30.0,1.0,23.133,23.133,1317.0,1.0,31.116,31.116,1260.0,,,,,,,,,,,,,,,,,,
variant:RN_ASCON_FOG:attempt:9:round:16,RN_ASCON_FOG,RN,ASCON,FOG,9,16,2026-04-23 00:07:27,0.9,0.19553,0.285853,0.284936,0.517167,0.466934,0.8999999761581421,0.1545332372188568,30.0,2026-04-24 00:07:27,35.0,7.099085714285714,35.1778,282.6,30.0,0.8999999761581421,0.2365270256996154,30.0,2026-04-24 00:07:22,33.0,5.802575757575758,35.388,222.06060606060606,30.0,1.0,31.677,31.677,1324.0,1.0,25.691,25.691,1267.0,,,,,,,,,,,,,,,,,,
variant:RN_ASCON_FOG:attempt:9:round:17,RN_ASCON_FOG,RN,ASCON,FOG,9,17,2026-04-23 00:08:26,0.9,0.266693,0.284518,0.280994,0.517514,0.468055,0.9333333373069764,0.2314485907554626,30.0,2026-04-24 00:08:26,35.0,6.5026,33.178,282.6857142857143,30.0,0.8666666746139526,0.3019379377365112,30.0,2026-04-24 00:08:21,33.0,4.947818181818182,33.980199999999996,222.63636363636363,30.0,1.0,23.465,23.465,1320.0,1.0,33.537,33.537,1263.0,,,,,,,,,,,,,,,,,,
variant:RN_ASCON_FOG:attempt:9:round:18,RN_ASCON_FOG,RN,ASCON,FOG,9,18,2026-04-23 00:09:25,0.95,0.140223,0.285161,0.27927,0.520062,0.472373,0.9666666388511658,0.0985069945454597,30.0,2026-04-24 00:09:25,35.0,7.910342857142856,34.40369999999999,282.34285714285716,30.0,0.9333333373069764,0.1819389760494232,30.0,2026-04-24 00:09:20,33.0,4.904363636363637,34.477799999999995,221.9090909090909,30.0,1.0,25.521,25.521,1321.0,1.0,32.912,32.912,1267.0,,,,,,,,,,,,,,,,,,
variant:RN_ASCON_FOG:attempt:9:round:19,RN_ASCON_FOG,RN,ASCON,FOG,9,19,2026-04-23 00:10:23,0.95,0.180919,0.284415,0.275717,0.516814,0.478239,0.8999999761581421,0.2901681065559387,30.0,2026-04-24 00:10:23,35.0,7.136885714285715,34.4507,281.9142857142857,30.0,1.0,0.0716689452528953,30.0,2026-04-24 00:10:19,33.0,5.203030303030303,35.8352,222.45454545454547,30.0,1.0,28.906,28.906,1317.0,1.0,25.016,25.016,1263.0,,,,,,,,,,,,,,,,,,
variant:RN_ASCON_FOG:attempt:9:round:20,RN_ASCON_FOG,RN,ASCON,FOG,9,20,2026-04-23 00:11:22,0.95,0.2298,0.285109,0.275059,0.520218,0.480352,0.9333333373069764,0.3459130227565765,30.0,2026-04-24 00:11:22,35.0,8.067285714285715,35.2437,281.7142857142857,30.0,0.9666666388511658,0.1136868149042129,30.0,2026-04-24 00:11:18,33.0,6.238121212121213,36.059799999999996,221.87878787878788,30.0,1.0,23.317,23.317,1315.0,1.0,29.339,29.339,1261.0,,,,,,,,,,,,,,,,,,
variant:RN_ASCON_NoFOG:attempt:2:round:1,RN_ASCON_NoFOG,RN,ASCON,NoFOG,2,1,2026-01-01 12:37:10,0.7,0.777873,0.287822,0.290407,0.534927,0.391693,,,,,,,,,,,,,,,,,,,2.0,12.0445,12.27355,1312.5,1.0,13.048,13.048,1262.0,,,,,,,,,,,,,,,,,,
variant:RN_ASCON_NoFOG:attempt:2:round:2,RN_ASCON_NoFOG,RN,ASCON,NoFOG,2,2,2026-01-01 12:38:05,0.8,0.54423,0.28944,0.290859,0.543471,0.40253,,,,,,,,,,,,,,,,,,,2.0,10.6325,10.84625,1313.5,1.0,11.941,11.941,1259.0,,,,,,,,,,,,,,,,,,
variant:RN_ASCON_NoFOG:attempt:2:round:3,RN_ASCON_NoFOG,RN,ASCON,NoFOG,2,3,2026-01-01 12:39:04,0.883333,0.245084,0.291173,0.292562,0.548892,0.409233,,,,,,,,,,,,,,,,,,,2.0,11.076,11.1822,1308.5,1.0,12.986,12.986,1260.0,,,,,,,,,,,,,,,,,,
variant:RN_ASCON_NoFOG:attempt:2:round:4,RN_ASCON_NoFOG,RN,ASCON,NoFOG,2,4,2026-01-01 12:40:02,0.933333,0.142698,0.292794,0.297732,0.554261,0.416448,,,,,,,,,,,,,,,,,,,2.0,12.1485,13.56015,1306.0,1.0,12.088,12.088,1261.0,,,,,,,,,,,,,,,,,,
variant:RN_ASCON_NoFOG:attempt:3:round:1,RN_ASCON_NoFOG,RN,ASCON,NoFOG,3,1,2026-04-15 13:31:07,0.75,0.794337,0.286624,0.291376,0.540607,0.409397,0.800000011920929,0.6607889533042908,30.0,2026-04-15 13:31:06,37.0,4.2476756756756755,9.645799999999884,179.97297297297297,35.0,0.699999988079071,0.9278846979141236,30.0,2026-04-15 13:31:07,32.0,6.0804375,17.09489999999998,190.15625,30.0,2.0,10.6555,10.68295,1310.0,1.0,10.38,10.38,1258.0,,,,,,,,,,,,,,,,,,
variant:RN_ASCON_NoFOG:attempt:3:round:2,RN_ASCON_NoFOG,RN,ASCON,NoFOG,3,2,2026-04-15 13:32:00,1.0,0.093062,0.289352,0.295928,0.554408,0.425073,1.0,0.0977795869112014,30.0,2026-04-15 13:32:00,30.0,5.976366666666667,32.87645,232.56666666666666,27.0,1.0,0.0883437544107437,30.0,2026-04-15 13:32:00,33.0,6.524484848484848,34.994,222.5151515151515,30.0,2.0,10.2165,10.25565,1309.5,1.0,9.737,9.737,1267.0,,,,,,,,,,,,,,,,,,
variant:RN_ASCON_NoFOG:attempt:3:round:3,RN_ASCON_NoFOG,RN,ASCON,NoFOG,3,3,2026-04-15 13:33:01,0.966667,0.076524,0.292215,0.305762,0.564005,0.441219,0.9666666388511658,0.0658856481313705,30.0,2026-04-15 13:32:58,33.0,6.396333333333333,32.8578,223.0,30.0,0.9666666388511658,0.0871630981564521,30.0,2026-04-15 13:33:01,33.0,6.939090909090909,31.587399999999995,222.6060606060606,30.0,2.0,10.471,10.6042,1313.5,1.0,9.893,9.893,1264.0,,,,,,,,,,,,,,,,,,
variant:RN_ASCON_NoFOG:attempt:3:round:4,RN_ASCON_NoFOG,RN,ASCON,NoFOG,3,4,2026-04-15 13:34:00,0.983333,0.029888,0.295065,0.312595,0.568785,0.451966,0.9666666388511658,0.0386620685458183,30.0,2026-04-15 13:34:00,33.0,5.55130303030303,32.907,222.4848484848485,30.0,1.0,0.0211145672947168,30.0,2026-04-15 13:34:00,33.0,6.721787878787879,32.584599999999995,222.0909090909091,30.0,2.0,11.3155,12.58585,1311.0,1.0,10.102,10.102,1264.0,,,,,,,,,,,,,,,,,,
variant:RN_ASCON_NoFOG:attempt:3:round:5,RN_ASCON_NoFOG,RN,ASCON,NoFOG,3,5,2026-04-15 13:34:59,1.0,0.015347,0.296527,0.316948,0.571661,0.457559,1.0,0.0200901199132204,30.0,2026-04-15 13:34:59,33.0,5.5974545454545455,32.928599999999996,222.03030303030303,30.0,1.0,0.0106034241616725,30.0,2026-04-15 13:34:59,33.0,6.624909090909091,35.471399999999996,222.45454545454547,30.0,2.0,13.9805,15.91055,1308.0,1.0,12.292,12.292,1261.0,,,,,,,,,,,,,,,,,,
variant:RN_ASCON_NoFOG:attempt:3:round:6,RN_ASCON_NoFOG,RN,ASCON,NoFOG,3,6,2026-04-15 13:39:02,0.85,0.458896,0.287889,0.312742,0.545828,0.452445,0.8666666746139526,0.3961636424064636,30.0,2026-04-15 13:38:58,34.0,7.1388235294117655,35.4321,219.05882352941177,31.0,0.8333333134651184,0.5216277837753296,30.0,2026-04-15 13:39:03,33.0,6.149909090909091,32.2472,222.03030303030303,30.0,2.0,11.3225,11.57135,1316.0,1.0,12.227,12.227,1263.0,,,,,,,,,,,,,,,,,,
variant:RN_ASCON_NoFOG:attempt:3:round:7,RN_ASCON_NoFOG,RN,ASCON,NoFOG,3,7,2026-04-15 13:40:01,0.85,0.413023,0.285287,0.306858,0.546389,0.440083,0.8999999761581421,0.310750275850296,30.0,2026-04-15 13:39:57,33.0,6.556272727272727,35.86799999999999,222.15151515151516,30.0,0.800000011920929,0.5152953267097473,30.0,2026-04-15 13:40:01,33.0,6.3794545454545455,31.2898,221.5151515151515,30.0,2.0,13.0625,13.21415,1316.0,1.0,11.51,11.51,1264.0,,,,,,,,,,,,,,,,,,
variant:RN_ASCON_NoFOG:attempt:3:round:8,RN_ASCON_NoFOG,RN,ASCON,NoFOG,3,8,2026-04-15 13:41:00,0.9,0.263188,0.284624,0.298128,0.542793,0.439427,0.9333333373069764,0.1919773668050766,30.0,2026-04-15 13:40:55,33.0,7.950121212121213,34.217999999999996,221.9090909090909,30.0,0.8666666746139526,0.334399551153183,30.0,2026-04-15 13:41:00,33.0,5.986606060606061,32.803200000000004,221.96969696969697,30.0,2.0,11.3505,11.72985,1314.5,1.0,14.402,14.402,1259.0,,,,,,,,,,,,,,,,,,
variant:RN_ASCON_NoFOG:attempt:3:round:9,RN_ASCON_NoFOG,RN,ASCON,NoFOG,3,9,2026-04-15 13:41:59,0.85,0.274526,0.286809,0.290664,0.544432,0.450523,0.800000011920929,0.3366148769855499,30.0,2026-04-15 13:41:55,33.0,5.533363636363637,32.9882,220.8181818181818,30.0,0.8999999761581421,0.2124364525079727,30.0,2026-04-15 13:41:59,33.0,6.536,34.662,221.87878787878788,30.0,2.0,26.414,28.0898,1317.0,1.0,23.262,23.262,1262.0,,,,,,,,,,,,,,,,,,
variant:RN_ASCON_NoFOG:attempt:3:round:10,RN_ASCON_NoFOG,RN,ASCON,NoFOG,3,10,2026-04-15 13:42:58,0.866667,0.305087,0.28823,0.289701,0.546012,0.455912,0.8666666746139526,0.3305416107177734,30.0,2026-04-15 13:42:54,33.0,6.757,34.327799999999996,221.1818181818182,30.0,0.8666666746139526,0.2796331346035003,30.0,2026-04-15 13:42:58,33.0,6.168727272727273,32.10059999999999,221.42424242424244,30.0,2.0,14.212,16.2973,1314.0,1.0,16.515,16.515,1260.0,,,,,,,,,,,,,,,,,,
variant:RN_ASCON_NoFOG:attempt:3:round:11,RN_ASCON_NoFOG,RN,ASCON,NoFOG,3,11,2026-04-15 13:43:57,0.866667,0.314123,0.288469,0.291933,0.543137,0.456975,0.8666666746139526,0.3338451683521271,30.0,2026-04-15 13:43:52,33.0,7.010151515151515,35.758199999999995,221.21212121212122,30.0,0.8666666746139526,0.2944017350673675,30.0,2026-04-15 13:43:57,33.0,5.914969696969697,32.53419999999999,221.96969696969697,30.0,2.0,12.4085,12.414349999999999,1313.0,1.0,21.937,21.937,1262.0,,,,,,,,,,,,,,,,,,
variant:RN_ASCON_NoFOG:attempt:3:round:12,RN_ASCON_NoFOG,RN,ASCON,NoFOG,3,12,2026-04-15 13:44:56,0.916667,0.28475,0.288143,0.291471,0.54332,0.457007,1.0,0.0294286180287599,30.0,2026-04-15 13:44:51,33.0,7.095606060606062,35.5624,221.27272727272728,30.0,0.8333333134651184,0.5400710701942444,30.0,2026-04-15 13:44:56,33.0,6.432484848484848,32.78739999999999,222.0,30.0,2.0,23.741,24.3773,1310.5,1.0,36.342,36.342,1267.0,,,,,,,,,,,,,,,,,,
variant:RN_ASCON_NoFOG:attempt:3:round:13,RN_ASCON_NoFOG,RN,ASCON,NoFOG,3,13,2026-04-15 13:45:55,0.866667,0.338932,0.28632,0.287843,0.542472,0.452857,0.7666666507720947,0.5469943881034851,30.0,2026-04-15 13:45:51,33.0,8.03239393939394,43.22299999999997,222.1818181818182,30.0,0.9666666388511658,0.1308700442314148,30.0,2026-04-15 13:45:55,33.0,5.79369696969697,31.879799999999992,221.4848484848485,30.0,2.0,13.237,15.541,1311.0,1.0,9.764,9.764,1262.0,,,,,,,,,,,,,,,,,,
variant:RN_ASCON_NoFOG:attempt:3:round:14,RN_ASCON_NoFOG,RN,ASCON,NoFOG,3,14,2026-04-15 13:46:54,0.883333,0.210639,0.286179,0.281587,0.541347,0.458013,0.8666666746139526,0.2552396953105926,30.0,2026-04-15 13:46:50,33.0,7.797878787878789,41.867599999999975,221.6969696969697,30.0,0.8999999761581421,0.1660375446081161,30.0,2026-04-15 13:46:54,33.0,5.882212121212121,31.799999999999997,221.9090909090909,30.0,2.0,17.9795,19.519849999999998,1313.0,1.0,15.796,15.796,1262.0,,,,,,,,,,,,,,,,,,
variant:RN_ASCON_NoFOG:attempt:3:round:15,RN_ASCON_NoFOG,RN,ASCON,NoFOG,3,15,2026-04-15 13:47:53,0.833333,0.305248,0.286976,0.280347,0.543249,0.46311,0.8333333134651184,0.4282840192317962,30.0,2026-04-15 13:47:49,33.0,8.443666666666665,44.49059999999997,220.54545454545453,30.0,0.8333333134651184,0.182211086153984,30.0,2026-04-15 13:47:53,33.0,6.593121212121213,32.0314,221.63636363636363,30.0,2.0,20.802500000000002,22.41935,1314.5,1.0,31.258,31.258,1263.0,,,,,,,,,,,,,,,,,,
variant:RN_ASCON_NoFOG:attempt:3:round:16,RN_ASCON_NoFOG,RN,ASCON,NoFOG,3,16,2026-04-15 13:48:52,0.866667,0.284815,0.285433,0.278381,0.534739,0.470697,0.8333333134651184,0.3670010268688202,30.0,2026-04-15 13:48:48,33.0,7.465818181818182,32.46679999999999,221.72727272727272,30.0,0.8999999761581421,0.2026298195123672,30.0,2026-04-15 13:48:52,33.0,6.451878787878787,36.056999999999995,222.21212121212122,30.0,2.0,10.9635,10.986450000000001,1312.5,1.0,11.734,11.734,1262.0,,,,,,,,,,,,,,,,,,
variant:RN_ASCON_NoFOG:attempt:3:round:17,RN_ASCON_NoFOG,RN,ASCON,NoFOG,3,17,2026-04-15 13:49:51,0.933333,0.237325,0.285825,0.279126,0.535192,0.477389,0.9333333373069764,0.2288724482059478,30.0,2026-04-15 13:49:47,33.0,7.349848484848485,32.2228,221.84848484848484,30.0,0.9333333373069764,0.245778277516365,30.0,2026-04-15 13:49:51,33.0,6.871575757575757,32.56719999999999,222.1818181818182,30.0,2.0,20.281,28.6708,1312.0,1.0,10.385,10.385,1259.0,,,,,,,,,,,,,,,,,,
variant:RN_ASCON_NoFOG:attempt:3:round:18,RN_ASCON_NoFOG,RN,ASCON,NoFOG,3,18,2026-04-15 13:50:49,0.883333,0.242934,0.286735,0.273063,0.539371,0.481652,0.8999999761581421,0.2067589610815048,30.0,2026-04-15 13:50:45,33.0,6.881848484848485,31.851599999999998,221.42424242424244,30.0,0.8666666746139526,0.2791094779968261,30.0,2026-04-15 13:50:49,33.0,6.499666666666666,33.6384,221.9090909090909,30.0,2.0,11.45,12.2708,1311.5,1.0,10.237,10.237,1264.0,,,,,,,,,,,,,,,,,,
variant:RN_ASCON_NoFOG:attempt:3:round:19,RN_ASCON_NoFOG,RN,ASCON,NoFOG,3,19,2026-04-15 13:51:48,0.866667,0.313103,0.288173,0.264862,0.539603,0.484128,0.8333333134651184,0.3577796518802643,30.0,2026-04-15 13:51:43,33.0,7.670151515151516,40.852999999999966,222.0909090909091,30.0,0.8999999761581421,0.2684263586997986,30.0,2026-04-15 13:51:48,33.0,6.372181818181818,31.066199999999995,221.57575757575756,30.0,2.0,13.9365,14.66145,1314.5,1.0,13.338,13.338,1260.0,,,,,,,,,,,,,,,,,,
variant:RN_ASCON_NoFOG:attempt:3:round:20,RN_ASCON_NoFOG,RN,ASCON,NoFOG,3,20,2026-04-15 13:52:47,0.816667,0.286049,0.289775,0.260785,0.541546,0.486548,0.7333333492279053,0.3876812756061554,30.0,2026-04-15 13:52:43,33.0,7.732727272727273,41.850599999999964,221.78787878787878,30.0,0.8999999761581421,0.184416577219963,30.0,2026-04-15 13:52:47,33.0,6.273606060606061,32.7062,221.84848484848484,30.0,2.0,10.7355,11.36685,1309.0,1.0,9.987,9.987,1264.0,,,,,,,,,,,,,,,,,,
variant:RN_ASCON_NoFOG:attempt:3:round:21,RN_ASCON_NoFOG,RN,ASCON,NoFOG,3,21,2026-04-15 13:53:47,0.9,0.183971,0.291188,0.261765,0.542794,0.492789,0.8999999761581421,0.1882566958665847,30.0,2026-04-15 13:53:42,33.0,7.9126666666666665,44.21959999999997,221.54545454545453,30.0,0.8999999761581421,0.1796846687793731,30.0,2026-04-15 13:53:47,33.0,6.242303030303031,31.810199999999995,221.66666666666666,30.0,2.0,16.372,21.506500000000003,1312.5,1.0,22.264,22.264,1258.0,,,,,,,,,,,,,,,,,,
variant:RN_ASCON_NoFOG:attempt:3:round:22,RN_ASCON_NoFOG,RN,ASCON,NoFOG,3,22,2026-04-15 13:54:46,0.883333,0.233325,0.292073,0.265748,0.541024,0.501445,0.8333333134651184,0.2701002359390259,30.0,2026-04-15 13:54:41,33.0,7.615818181818182,35.605799999999995,221.6060606060606,30.0,0.9333333373069764,0.196549504995346,30.0,2026-04-15 13:54:46,33.0,6.149212121212121,33.0698,221.66666666666666,30.0,2.0,10.4725,10.52065,1312.5,1.0,11.488,11.488,1263.0,,,,,,,,,,,,,,,,,,
variant:RN_ASCON_NoFOG:attempt:3:round:23,RN_ASCON_NoFOG,RN,ASCON,NoFOG,3,23,2026-04-15 13:55:45,0.9,0.164653,0.29256,0.265108,0.538916,0.510416,0.8666666746139526,0.1867788881063461,30.0,2026-04-15 13:55:40,33.0,7.978787878787879,35.68339999999999,222.45454545454547,30.0,0.9333333373069764,0.142527163028717,30.0,2026-04-15 13:55:45,33.0,6.401242424242424,33.3316,222.0909090909091,30.0,2.0,12.5305,13.69195,1312.5,1.0,14.424,14.424,1267.0,,,,,,,,,,,,,,,,,,
variant:RN_ASCON_NoFOG:attempt:3:round:24,RN_ASCON_NoFOG,RN,ASCON,NoFOG,3,24,2026-04-15 13:56:43,0.883333,0.25946,0.293046,0.266632,0.539475,0.517994,0.8999999761581421,0.1688563674688339,30.0,2026-04-15 13:56:39,33.0,7.907636363636364,43.20039999999997,221.45454545454547,30.0,0.8666666746139526,0.350064605474472,30.0,2026-04-15 13:56:44,33.0,6.151575757575758,32.2698,222.1818181818182,30.0,2.0,13.2805,14.127849999999999,1308.5,1.0,15.814,15.814,1263.0,,,,,,,,,,,,,,,,,,
variant:RN_ASCON_NoFOG:attempt:3:round:25,RN_ASCON_NoFOG,RN,ASCON,NoFOG,3,25,2026-04-15 13:57:43,0.933333,0.152145,0.292188,0.26395,0.539036,0.515111,0.8999999761581421,0.1650479286909103,30.0,2026-04-15 13:57:38,33.0,7.781878787878789,42.09079999999997,221.3030303030303,30.0,0.9666666388511658,0.1392418593168258,30.0,2026-04-15 13:57:43,33.0,6.9251818181818185,33.3246,221.63636363636363,30.0,2.0,11.3765,11.78465,1313.0,1.0,11.641,11.641,1263.0,,,,,,,,,,,,,,,,,,
variant:RN_ASCON_NoFOG:attempt:3:round:26,RN_ASCON_NoFOG,RN,ASCON,NoFOG,3,26,2026-04-15 13:58:41,0.983333,0.129977,0.293986,0.261794,0.54041,0.521326,0.9666666388511658,0.1786053329706192,30.0,2026-04-15 13:58:37,33.0,7.487272727272727,33.4952,221.4848484848485,30.0,1.0,0.0813494399189949,30.0,2026-04-15 13:58:41,33.0,6.688212121212121,34.0918,222.03030303030303,30.0,2.0,13.4915,14.05265,1310.5,1.0,11.257,11.257,1261.0,,,,,,,,,,,,,,,,,,
variant:RN_ASCON_NoFOG:attempt:3:round:27,RN_ASCON_NoFOG,RN,ASCON,NoFOG,3,27,2026-04-15 13:59:40,0.95,0.169296,0.29598,0.265675,0.543034,0.530928,0.9333333373069764,0.1983518600463867,30.0,2026-04-15 13:59:36,33.0,7.663151515151515,44.34199999999997,221.27272727272728,30.0,0.9666666388511658,0.1402409970760345,30.0,2026-04-15 13:59:41,33.0,6.933484848484849,32.9484,222.33333333333334,30.0,2.0,20.012999999999998,25.533599999999996,1310.5,1.0,13.422,13.422,1264.0,,,,,,,,,,,,,,,,,,
variant:RN_ASCON_NoFOG:attempt:3:round:28,RN_ASCON_NoFOG,RN,ASCON,NoFOG,3,28,2026-04-15 14:00:40,0.95,0.124062,0.294557,0.266526,0.542898,0.528572,0.9333333373069764,0.1471989750862121,30.0,2026-04-15 14:00:35,33.0,7.754848484848484,37.504,222.0909090909091,30.0,0.9666666388511658,0.1009245812892913,30.0,2026-04-15 14:00:39,33.0,6.725303030303031,34.26819999999999,222.21212121212122,30.0,2.0,15.637,18.3379,1313.0,1.0,20.956,20.956,1260.0,,,,,,,,,,,,,,,,,,
variant:RN_ASCON_NoFOG:attempt:3:round:29,RN_ASCON_NoFOG,RN,ASCON,NoFOG,3,29,2026-04-15 14:01:38,0.916667,0.198217,0.293142,0.267079,0.540971,0.526204,0.9333333373069764,0.1001088246703147,30.0,2026-04-15 14:01:34,33.0,6.579272727272728,33.1898,221.03030303030303,30.0,0.8999999761581421,0.2963253259658813,30.0,2026-04-15 14:01:38,33.0,6.9005757575757585,35.6952,221.33333333333334,30.0,2.0,21.527,27.545299999999997,1309.5,1.0,35.96,35.96,1259.0,,,,,,,,,,,,,,,,,,
variant:RN_ASCON_NoFOG:attempt:3:round:30,RN_ASCON_NoFOG,RN,ASCON,NoFOG,3,30,2026-04-15 14:02:39,0.916667,0.214765,0.2931,0.267029,0.541232,0.52372,0.9333333373069764,0.1777136772871017,30.0,2026-04-15 14:02:34,33.0,7.97918181818182,44.282399999999974,221.15151515151516,30.0,0.8999999761581421,0.2518158555030823,30.0,2026-04-15 14:02:39,33.0,6.39760606060606,35.520999999999994,221.33333333333334,30.0,2.0,29.399,33.9926,1309.5,1.0,28.37,28.37,1263.0,,,,,,,,,,,,,,,,,,
variant:RN_ASCON_NoFOG:attempt:4:round:1,RN_ASCON_NoFOG,RN,ASCON,NoFOG,4,1,2026-04-15 15:07:21,0.666667,0.864842,0.286679,0.290714,0.538752,0.409988,0.6666666865348816,0.8778215050697327,30.0,2026-04-15 15:07:21,36.0,5.096638888888888,11.717500000000001,181.63888888888889,34.0,0.6666666865348816,0.8518619537353516,30.0,2026-04-15 15:07:21,32.0,5.73925,16.750099999999982,189.96875,30.0,2.0,10.8305,11.38445,1314.0,1.0,13.679,13.679,1258.0,,,,,,,,,,,,,,,,,,
variant:RN_ASCON_NoFOG:attempt:4:round:2,RN_ASCON_NoFOG,RN,ASCON,NoFOG,4,2,2026-04-15 15:08:15,0.933333,0.157192,0.291812,0.295956,0.553318,0.429886,0.9333333373069764,0.1583544760942459,30.0,2026-04-15 15:08:15,29.0,6.54596551724138,33.8864,237.24137931034483,26.0,0.9333333373069764,0.1560298055410385,30.0,2026-04-15 15:08:15,34.0,6.602382352941177,35.30004999999999,218.97058823529412,31.0,2.0,10.358,10.6973,1313.5,1.0,10.27,10.27,1266.0,,,,,,,,,,,,,,,,,,
variant:RN_ASCON_NoFOG:attempt:4:round:3,RN_ASCON_NoFOG,RN,ASCON,NoFOG,4,3,2026-04-15 15:09:13,1.0,0.048108,0.296305,0.306218,0.562694,0.441192,1.0,0.06561841070652,30.0,2026-04-15 15:09:13,33.0,6.067030303030304,33.1686,221.72727272727272,30.0,1.0,0.0305981040000915,30.0,2026-04-15 15:09:13,32.0,6.55046875,36.556850000000004,225.5,29.0,2.0,10.936,11.5525,1305.5,1.0,11.904,11.904,1258.0,,,,,,,,,,,,,,,,,,
variant:RN_ASCON_NoFOG:attempt:4:round:4,RN_ASCON_NoFOG,RN,ASCON,NoFOG,4,4,2026-04-15 15:10:13,0.983333,0.112293,0.298628,0.311596,0.568524,0.448226,0.9666666388511658,0.2073262482881546,30.0,2026-04-15 15:10:12,34.0,6.208970588235294,34.045649999999995,218.8235294117647,31.0,1.0,0.0172589141875505,30.0,2026-04-15 15:10:14,33.0,7.071272727272728,34.7648,221.6969696969697,30.0,2.0,10.24,10.3579,1311.0,1.0,10.925,10.925,1261.0,,,,,,,,,,,,,,,,,,
variant:RN_ASCON_NoFOG:attempt:4:round:5,RN_ASCON_NoFOG,RN,ASCON,NoFOG,4,5,2026-04-15 15:11:12,0.983333,0.050266,0.29966,0.316776,0.571994,0.453153,0.9666666388511658,0.079812966287136,30.0,2026-04-15 15:11:12,32.0,6.3340625,32.28785,225.65625,29.0,1.0,0.0207184199243783,30.0,2026-04-15 15:11:12,33.0,6.584090909090909,34.5058,221.66666666666666,30.0,2.0,11.552499999999998,12.120849999999999,1309.5,1.0,11.469,11.469,1259.0,,,,,,,,,,,,,,,,,,
variant:RN_ASCON_NoFOG:attempt:4:round:6,RN_ASCON_NoFOG,RN,ASCON,NoFOG,4,6,2026-04-15 15:13:33,0.933333,0.259205,0.296459,0.31393,0.564025,0.453211,0.8666666746139526,0.4913859665393829,30.0,2026-04-15 15:13:32,34.0,6.20085294117647,33.910999999999994,218.8235294117647,31.0,1.0,0.027023883536458,30.0,2026-04-15 15:13:33,33.0,6.685090909090909,32.495599999999996,222.21212121212122,30.0,2.0,13.031,14.381,1311.5,1.0,11.998,11.998,1257.0,,,,,,,,,,,,,,,,,,
variant:RN_ASCON_NoFOG:attempt:4:round:7,RN_ASCON_NoFOG,RN,ASCON,NoFOG,4,7,2026-04-15 15:14:34,0.95,0.099225,0.294824,0.310327,0.563634,0.457041,0.8999999761581421,0.1844680607318878,30.0,2026-04-15 15:14:33,33.0,6.397818181818182,33.379599999999996,221.15151515151516,30.0,1.0,0.0139822149649262,30.0,2026-04-15 15:14:34,33.0,6.429333333333334,32.672,221.93939393939394,30.0,2.0,17.266,18.0454,1311.5,1.0,11.21,11.21,1264.0,,,,,,,,,,,,,,,,,,
variant:RN_ASCON_NoFOG:attempt:4:round:8,RN_ASCON_NoFOG,RN,ASCON,NoFOG,4,8,2026-04-15 15:15:33,0.933333,0.23476,0.292602,0.307317,0.553454,0.458644,0.8666666746139526,0.4348771274089813,30.0,2026-04-15 15:15:33,32.0,5.937906249999999,32.77455,225.03125,29.0,1.0,0.0346436351537704,30.0,2026-04-15 15:15:33,33.0,7.067363636363637,34.7682,222.57575757575756,30.0,2.0,16.3615,20.945649999999997,1307.5,1.0,10.239,10.239,1265.0,,,,,,,,,,,,,,,,,,
variant:RN_ASCON_NoFOG:attempt:4:round:9,RN_ASCON_NoFOG,RN,ASCON,NoFOG,4,9,2026-04-15 15:16:34,0.916667,0.2334,0.292595,0.30777,0.557593,0.46035,0.8333333134651184,0.4565137922763824,30.0,2026-04-15 15:16:34,33.0,6.205757575757575,32.276399999999995,222.15151515151516,30.0,1.0,0.0102854557335376,30.0,2026-04-15 15:16:31,33.0,6.410909090909091,35.17679999999999,222.1818181818182,30.0,2.0,11.573,12.7655,1310.0,1.0,10.667,10.667,1267.0,,,,,,,,,,,,,,,,,,
variant:RN_ASCON_NoFOG:attempt:4:round:10,RN_ASCON_NoFOG,RN,ASCON,NoFOG,4,10,2026-04-15 15:17:34,0.95,0.122719,0.293919,0.309819,0.561969,0.463633,0.8999999761581421,0.2309491038322448,30.0,2026-04-15 15:17:34,33.0,6.444060606060606,32.395999999999994,221.9090909090909,30.0,1.0,0.0144890826195478,30.0,2026-04-15 15:17:32,33.0,6.690212121212121,35.8342,221.87878787878788,30.0,2.0,10.118500000000001,10.25305,1310.5,1.0,14.767,14.767,1259.0,,,,,,,,,,,,,,,,,,
variant:RN_ASCON_NoFOG:attempt:4:round:11,RN_ASCON_NoFOG,RN,ASCON,NoFOG,4,11,2026-04-15 15:18:37,1.0,0.054139,0.29484,0.311823,0.561985,0.467859,1.0,0.0991340577602386,30.0,2026-04-15 15:18:37,33.0,6.354818181818181,33.1888,221.84848484848484,30.0,1.0,0.0091447830200195,30.0,2026-04-15 15:18:34,34.0,7.9362941176470585,35.387499999999996,219.23529411764707,31.0,2.0,11.724499999999999,13.15505,1307.0,1.0,14.306,14.306,1264.0,,,,,,,,,,,,,,,,,,
variant:RN_ASCON_NoFOG:attempt:4:round:12,RN_ASCON_NoFOG,RN,ASCON,NoFOG,4,12,2026-04-15 15:19:36,0.916667,0.198009,0.295724,0.310183,0.565468,0.467967,0.8333333134651184,0.3806181848049164,30.0,2026-04-15 15:19:36,33.0,5.794272727272728,33.6436,221.6969696969697,30.0,1.0,0.0153994681313633,30.0,2026-04-15 15:19:35,33.0,7.459393939393939,31.913999999999998,222.54545454545453,30.0,2.0,10.5175,10.96795,1313.0,1.0,12.896,12.896,1263.0,,,,,,,,,,,,,,,,,,
variant:RN_ASCON_NoFOG:attempt:4:round:13,RN_ASCON_NoFOG,RN,ASCON,NoFOG,4,13,2026-04-15 15:20:34,0.95,0.094147,0.296587,0.310895,0.567884,0.469423,0.8999999761581421,0.1604587286710739,30.0,2026-04-15 15:20:34,33.0,6.638393939393939,33.7332,221.8181818181818,30.0,1.0,0.0278361495584249,30.0,2026-04-15 15:20:34,33.0,6.269878787878788,32.428399999999996,222.0,30.0,2.0,12.288499999999999,13.82255,1310.0,1.0,13.387,13.387,1262.0,,,,,,,,,,,,,,,,,,
variant:RN_ASCON_NoFOG:attempt:4:round:14,RN_ASCON_NoFOG,RN,ASCON,NoFOG,4,14,2026-04-15 15:21:33,0.933333,0.106184,0.2967,0.309104,0.568564,0.472239,0.8666666746139526,0.2047582119703292,30.0,2026-04-15 15:21:33,33.0,5.912848484848485,33.84759999999999,221.03030303030303,30.0,1.0,0.0076103564351797,30.0,2026-04-15 15:21:33,33.0,6.770575757575759,33.606,222.42424242424244,30.0,2.0,11.178999999999998,11.252799999999999,1312.0,1.0,11.459,11.459,1263.0,,,,,,,,,,,,,,,,,,
variant:RN_ASCON_NoFOG:attempt:4:round:15,RN_ASCON_NoFOG,RN,ASCON,NoFOG,4,15,2026-04-15 15:22:33,0.933333,0.181214,0.296536,0.30998,0.567724,0.473163,0.8666666746139526,0.355570912361145,30.0,2026-04-15 15:22:34,33.0,6.086787878787879,31.807000000000002,221.57575757575756,30.0,1.0,0.0068574091419577,30.0,2026-04-15 15:22:31,33.0,6.760575757575757,34.1132,222.06060606060606,30.0,2.0,13.3535,15.14495,1309.5,1.0,9.869,9.869,1260.0,,,,,,,,,,,,,,,,,,
variant:RN_ASCON_NoFOG:attempt:4:round:16,RN_ASCON_NoFOG,RN,ASCON,NoFOG,4,16,2026-04-15 15:23:32,0.933333,0.228008,0.296944,0.309712,0.567364,0.474633,0.8666666746139526,0.4492025971412658,30.0,2026-04-15 15:23:32,33.0,5.8863939393939395,31.604,221.54545454545453,30.0,1.0,0.0068125976249575,30.0,2026-04-15 15:23:32,33.0,6.968515151515151,36.191599999999994,221.5151515151515,30.0,2.0,16.721,21.6818,1308.0,1.0,11.425,11.425,1255.0,,,,,,,,,,,,,,,,,,
variant:RN_ASCON_NoFOG:attempt:4:round:17,RN_ASCON_NoFOG,RN,ASCON,NoFOG,4,17,2026-04-15 15:24:30,0.983333,0.058851,0.296974,0.30796,0.566299,0.471389,0.9666666388511658,0.1135342791676521,30.0,2026-04-15 15:24:30,33.0,5.684090909090909,32.5576,220.72727272727272,30.0,1.0,0.0041675637476146,30.0,2026-04-15 15:24:30,33.0,7.17,36.0424,221.33333333333334,30.0,2.0,12.3415,13.52185,1306.0,1.0,9.942,9.942,1260.0,,,,,,,,,,,,,,,,,,
variant:RN_ASCON_NoFOG:attempt:4:round:18,RN_ASCON_NoFOG,RN,ASCON,NoFOG,4,18,2026-04-15 15:25:29,0.9,0.168915,0.297886,0.308828,0.566421,0.470042,0.800000011920929,0.3205752670764923,30.0,2026-04-15 15:25:29,33.0,5.917424242424243,33.589600000000004,220.42424242424244,30.0,1.0,0.0172545947134494,30.0,2026-04-15 15:25:29,33.0,6.418212121212121,35.586,221.8181818181818,30.0,2.0,12.756,15.3399,1306.5,1.0,10.557,10.557,1258.0,,,,,,,,,,,,,,,,,,
variant:RN_ASCON_NoFOG:attempt:4:round:19,RN_ASCON_NoFOG,RN,ASCON,NoFOG,4,19,2026-04-15 15:26:29,1.0,0.047993,0.298257,0.311042,0.567103,0.470507,1.0,0.0898922309279441,30.0,2026-04-15 15:26:29,33.0,6.207333333333333,33.41,222.3939393939394,30.0,1.0,0.0060940161347389,30.0,2026-04-15 15:26:28,33.0,7.081757575757576,34.9756,222.3030303030303,30.0,2.0,10.435,10.5826,1308.5,1.0,10.407,10.407,1260.0,,,,,,,,,,,,,,,,,,
variant:RN_ASCON_NoFOG:attempt:4:round:20,RN_ASCON_NoFOG,RN,ASCON,NoFOG,4,20,2026-04-15 15:27:27,0.983333,0.037074,0.299572,0.313864,0.569173,0.47282,0.9666666388511658,0.0699544325470924,30.0,2026-04-15 15:27:27,33.0,6.699,33.3574,221.4848484848485,30.0,1.0,0.0041943807154893,30.0,2026-04-15 15:27:27,33.0,6.491848484848485,35.93319999999999,221.87878787878788,30.0,2.0,13.634,16.630100000000002,1308.0,1.0,13.13,13.13,1254.0,,,,,,,,,,,,,,,,,,
variant:RN_ASCON_NoFOG:attempt:5:round:1,RN_ASCON_NoFOG,RN,ASCON,NoFOG,5,1,2026-04-15 16:04:25,0.75,0.842587,0.287569,0.292234,0.538092,0.409783,0.7333333492279053,0.9979569911956788,30.0,2026-04-15 16:04:24,36.0,4.845194444444444,11.863499999999998,182.11111111111111,34.0,0.7666666507720947,0.6872164607048035,30.0,2026-04-15 16:04:25,32.0,5.6908125,17.678949999999976,189.71875,30.0,2.0,10.592500000000001,10.99615,1313.0,1.0,13.433,13.433,1261.0,,,,,,,,,,,,,,,,,,
variant:RN_ASCON_NoFOG:attempt:5:round:2,RN_ASCON_NoFOG,RN,ASCON,NoFOG,5,2,2026-04-15 16:05:19,0.983333,0.104869,0.291542,0.297733,0.550952,0.429048,1.0,0.0837436839938163,30.0,2026-04-15 16:05:19,30.0,6.247466666666666,35.701249999999995,232.83333333333334,27.0,0.9666666388511658,0.1259943842887878,30.0,2026-04-15 16:05:19,33.0,6.269939393939394,35.2908,221.75757575757575,30.0,2.0,11.561,12.173,1309.0,1.0,11.823,11.823,1263.0,,,,,,,,,,,,,,,,,,
variant:RN_ASCON_NoFOG:attempt:5:round:3,RN_ASCON_NoFOG,RN,ASCON,NoFOG,5,3,2026-04-15 16:06:18,1.0,0.033653,0.294849,0.309401,0.56033,0.442679,1.0,0.0367907434701919,30.0,2026-04-15 16:06:18,33.0,5.55330303030303,31.172999999999995,222.1818181818182,30.0,1.0,0.0305142775177955,30.0,2026-04-15 16:06:18,33.0,5.868393939393941,32.9832,221.96969696969697,30.0,2.0,10.842500000000001,11.47205,1308.5,1.0,10.907,10.907,1266.0,,,,,,,,,,,,,,,,,,
variant:RN_ASCON_NoFOG:attempt:5:round:4,RN_ASCON_NoFOG,RN,ASCON,NoFOG,5,4,2026-04-15 16:07:17,1.0,0.016286,0.297269,0.315451,0.566118,0.452261,1.0,0.0207193829119205,30.0,2026-04-15 16:07:17,33.0,6.099212121212121,33.0666,221.75757575757575,30.0,1.0,0.0118527403101325,30.0,2026-04-15 16:07:17,33.0,6.512030303030302,36.535199999999996,222.4848484848485,30.0,2.0,10.9575,11.04705,1307.5,1.0,11.906,11.906,1257.0,,,,,,,,,,,,,,,,,,
variant:RN_ASCON_NoFOG:attempt:5:round:5,RN_ASCON_NoFOG,RN,ASCON,NoFOG,5,5,2026-04-15 16:08:16,1.0,0.015779,0.298594,0.319108,0.569115,0.456659,1.0,0.0187919232994318,30.0,2026-04-15 16:08:16,32.0,5.777156250000001,31.97595,225.40625,29.0,1.0,0.0127656739205122,30.0,2026-04-15 16:08:16,34.0,6.019764705882353,35.34904999999999,218.6764705882353,31.0,2.0,10.436,10.5917,1307.5,1.0,10.217,10.217,1265.0,,,,,,,,,,,,,,,,,,
variant:RN_ASCON_NoFOG:attempt:5:round:6,RN_ASCON_NoFOG,RN,ASCON,NoFOG,5,6,2026-04-15 16:11:06,0.933333,0.18023,0.294504,0.314604,0.560646,0.454704,0.8666666746139526,0.3400307595729828,30.0,2026-04-15 16:11:06,34.0,5.823558823529413,31.690049999999996,219.35294117647058,31.0,1.0,0.0204292554408311,30.0,2026-04-15 16:11:06,32.0,5.3110625,33.2955,225.84375,29.0,2.0,19.299500000000002,27.17675,1311.5,1.0,10.901,10.901,1262.0,,,,,,,,,,,,,,,,,,
variant:RN_ASCON_NoFOG:attempt:5:round:7,RN_ASCON_NoFOG,RN,ASCON,NoFOG,5,7,2026-04-15 16:12:05,0.9,0.356315,0.293172,0.310296,0.558628,0.452954,0.800000011920929,0.684702455997467,30.0,2026-04-15 16:12:05,33.0,5.611151515151516,32.2112,221.54545454545453,30.0,1.0,0.0279265530407428,30.0,2026-04-15 16:12:05,33.0,5.896909090909091,33.840799999999994,222.27272727272728,30.0,2.0,10.585999999999999,10.7921,1309.5,1.0,13.548,13.548,1258.0,,,,,,,,,,,,,,,,,,
variant:RN_ASCON_NoFOG:attempt:5:round:8,RN_ASCON_NoFOG,RN,ASCON,NoFOG,5,8,2026-04-15 16:13:04,0.966667,0.130994,0.292995,0.311353,0.559567,0.456262,0.9333333373069764,0.2494259774684906,30.0,2026-04-15 16:13:04,32.0,6.227375,32.4649,225.65625,29.0,1.0,0.0125626716762781,30.0,2026-04-15 16:13:04,34.0,5.722147058823529,36.0368,219.2941176470588,31.0,2.0,10.966000000000001,11.4178,1312.0,1.0,39.748,39.748,1261.0,,,,,,,,,,,,,,,,,,
variant:RN_ASCON_NoFOG:attempt:5:round:9,RN_ASCON_NoFOG,RN,ASCON,NoFOG,5,9,2026-04-15 16:14:03,0.933333,0.167941,0.293115,0.313585,0.558079,0.459074,0.8666666746139526,0.3235123753547668,30.0,2026-04-15 16:14:03,34.0,6.190470588235294,31.490949999999998,218.47058823529412,31.0,1.0,0.0123695135116577,30.0,2026-04-15 16:14:03,32.0,6.2568125,36.348,225.375,29.0,2.0,10.949000000000002,11.487200000000001,1310.5,1.0,10.991,10.991,1263.0,,,,,,,,,,,,,,,,,,
variant:RN_ASCON_NoFOG:attempt:5:round:10,RN_ASCON_NoFOG,RN,ASCON,NoFOG,5,10,2026-04-15 16:15:02,0.933333,0.187718,0.291573,0.312812,0.550244,0.45812,0.8666666746139526,0.3537425100803375,30.0,2026-04-15 16:15:02,33.0,6.393212121212121,32.6588,221.5151515151515,30.0,1.0,0.0216938611119985,30.0,2026-04-15 16:15:02,33.0,6.385363636363636,33.5538,222.6060606060606,30.0,2.0,10.59,10.9176,1308.5,1.0,11.069,11.069,1264.0,,,,,,,,,,,,,,,,,,
variant:RN_ASCON_NoFOG:attempt:5:round:11,RN_ASCON_NoFOG,RN,ASCON,NoFOG,5,11,2026-04-15 16:16:01,0.933333,0.208866,0.290943,0.313582,0.548532,0.4626,0.8666666746139526,0.4047148525714874,30.0,2026-04-15 16:16:01,32.0,6.37896875,33.273649999999996,226.09375,29.0,1.0,0.0130163626745343,30.0,2026-04-15 16:16:01,34.0,5.577176470588236,34.7547,218.94117647058823,31.0,2.0,10.8965,11.462150000000001,1311.5,1.0,13.869,13.869,1262.0,,,,,,,,,,,,,,,,,,
variant:RN_ASCON_NoFOG:attempt:5:round:12,RN_ASCON_NoFOG,RN,ASCON,NoFOG,5,12,2026-04-15 16:17:00,0.95,0.125099,0.291381,0.313794,0.549032,0.468782,0.8999999761581421,0.2428942173719406,30.0,2026-04-15 16:17:00,33.0,5.978999999999999,32.310599999999994,221.87878787878788,30.0,1.0,0.0073039052076637,30.0,2026-04-15 16:17:00,33.0,5.235969696969697,31.7934,221.75757575757575,30.0,2.0,12.3715,12.82015,1314.0,1.0,10.743,10.743,1264.0,,,,,,,,,,,,,,,,,,
variant:RN_ASCON_NoFOG:attempt:5:round:13,RN_ASCON_NoFOG,RN,ASCON,NoFOG,5,13,2026-04-15 16:17:59,0.933333,0.223421,0.291114,0.313919,0.551636,0.468698,0.8666666746139526,0.4399670362472534,30.0,2026-04-15 16:17:59,34.0,6.042647058823529,31.377799999999997,218.85294117647058,31.0,1.0,0.006875870283693,30.0,2026-04-15 16:17:59,32.0,6.16709375,32.98675,225.75,29.0,2.0,14.917,19.1326,1310.5,1.0,15.82,15.82,1264.0,,,,,,,,,,,,,,,,,,
variant:RN_ASCON_NoFOG:attempt:5:round:14,RN_ASCON_NoFOG,RN,ASCON,NoFOG,5,14,2026-04-15 16:18:58,0.9,0.22891,0.290867,0.308619,0.554721,0.469559,0.800000011920929,0.4413631856441498,30.0,2026-04-15 16:18:58,33.0,5.89478787878788,33.826,221.84848484848484,30.0,1.0,0.0164571721106767,30.0,2026-04-15 16:18:59,33.0,5.526727272727272,33.5792,221.6969696969697,30.0,2.0,10.691500000000001,10.934050000000001,1313.0,1.0,11.304,11.304,1266.0,,,,,,,,,,,,,,,,,,
variant:RN_ASCON_NoFOG:attempt:5:round:15,RN_ASCON_NoFOG,RN,ASCON,NoFOG,5,15,2026-04-15 16:19:58,0.916667,0.18418,0.291372,0.309116,0.551208,0.473293,0.8333333134651184,0.3617232739925384,30.0,2026-04-15 16:19:58,33.0,5.88378787878788,32.795199999999994,221.42424242424244,30.0,1.0,0.0066365203820168,30.0,2026-04-15 16:19:59,33.0,6.051242424242424,35.88399999999999,222.06060606060606,30.0,2.0,10.666,11.0431,1314.5,1.0,12.951,12.951,1261.0,,,,,,,,,,,,,,,,,,
variant:RN_ASCON_NoFOG:attempt:5:round:16,RN_ASCON_NoFOG,RN,ASCON,NoFOG,5,16,2026-04-15 16:20:57,0.9,0.183416,0.292063,0.308822,0.551891,0.47674,0.800000011920929,0.3585945963859558,30.0,2026-04-15 16:20:57,32.0,6.219625,31.602050000000002,225.0,29.0,1.0,0.0082376208156347,30.0,2026-04-15 16:20:57,34.0,6.136235294117647,34.12414999999999,219.05882352941177,31.0,2.0,12.534500000000001,13.57895,1309.5,1.0,11.967,11.967,1267.0,,,,,,,,,,,,,,,,,,
variant:RN_ASCON_NoFOG:attempt:5:round:17,RN_ASCON_NoFOG,RN,ASCON,NoFOG,5,17,2026-04-15 16:21:56,0.983333,0.119328,0.292266,0.31036,0.553824,0.481957,0.9666666388511658,0.23537677526474,30.0,2026-04-15 16:21:56,34.0,5.930411764705883,30.581349999999993,218.73529411764707,31.0,1.0,0.0032793716527521,30.0,2026-04-15 16:21:56,32.0,6.24253125,33.832499999999996,225.5625,29.0,2.0,14.456499999999998,16.17955,1314.0,1.0,14.546,14.546,1259.0,,,,,,,,,,,,,,,,,,
variant:RN_ASCON_NoFOG:attempt:5:round:18,RN_ASCON_NoFOG,RN,ASCON,NoFOG,5,18,2026-04-15 16:22:55,0.983333,0.03503,0.293436,0.311453,0.551835,0.487338,0.9666666388511658,0.058629035949707,30.0,2026-04-15 16:22:55,32.0,6.0555,30.8504,225.1875,29.0,1.0,0.0114304898306727,30.0,2026-04-15 16:22:55,34.0,5.998264705882353,35.2423,219.26470588235293,31.0,2.0,10.694500000000001,10.75525,1309.0,1.0,13.005,13.005,1265.0,,,,,,,,,,,,,,,,,,
variant:RN_ASCON_NoFOG:attempt:5:round:19,RN_ASCON_NoFOG,RN,ASCON,NoFOG,5,19,2026-04-15 16:23:54,0.966667,0.126519,0.293886,0.313135,0.552828,0.492716,0.9333333373069764,0.243057906627655,30.0,2026-04-15 16:23:55,33.0,6.020515151515152,32.016799999999996,221.75757575757575,30.0,1.0,0.0099791996181011,30.0,2026-04-15 16:23:54,33.0,5.732181818181817,34.5006,221.93939393939394,30.0,2.0,10.3825,10.645750000000001,1309.0,1.0,10.246,10.246,1258.0,,,,,,,,,,,,,,,,,,
variant:RN_ASCON_NoFOG:attempt:5:round:20,RN_ASCON_NoFOG,RN,ASCON,NoFOG,5,20,2026-04-15 16:24:53,0.983333,0.038647,0.295032,0.308638,0.556409,0.493191,0.9666666388511658,0.074266143143177,30.0,2026-04-15 16:24:53,33.0,5.944,31.241799999999994,221.54545454545453,30.0,1.0,0.0030269373673945,30.0,2026-04-15 16:24:53,33.0,5.897333333333333,34.452799999999996,221.96969696969697,30.0,2.0,17.4005,22.307750000000002,1311.5,1.0,15.238,15.238,1260.0,,,,,,,,,,,,,,,,,,
variant:RN_ASCON_NoFOG:attempt:6:round:1,RN_ASCON_NoFOG,RN,ASCON,NoFOG,6,1,2026-04-15 16:32:32,0.75,1.017591,0.288975,0.292089,0.539953,0.408072,0.7666666507720947,0.9114301204681396,30.0,2026-04-15 16:32:33,32.0,4.906500000000001,16.863999999999983,189.4375,30.0,0.7333333492279053,1.1237525939941406,30.0,2026-04-15 16:32:08,52.0,5.2855,4.595099999999999,161.96153846153845,50.0,2.0,11.1015,11.245049999999999,1312.5,1.0,12.671,12.671,1262.0,,,,,,,,,,,,,,,,,,
variant:RN_ASCON_NoFOG:attempt:6:round:2,RN_ASCON_NoFOG,RN,ASCON,NoFOG,6,2,2026-04-15 16:33:51,0.95,0.135244,0.294394,0.299267,0.553973,0.429585,,,,,31.0,6.331,17.863,190.7741935483871,29.0,0.8999999761581421,0.2136500477790832,30.0,2026-04-15 16:33:01,44.0,6.126886363636364,34.40695,223.0,40.0,2.0,11.528500000000001,12.31555,1311.0,1.0,18.056,18.056,1261.0,,,,,,,,,,,,,,,,,,
variant:RN_ASCON_NoFOG:attempt:6:round:3,RN_ASCON_NoFOG,RN,ASCON,NoFOG,6,3,2026-04-15 16:34:51,1.0,0.034946,0.297125,0.30913,0.564437,0.444992,1.0,0.0387609675526618,30.0,2026-04-15 16:34:04,23.0,9.73317391304348,35.294,267.9130434782609,20.0,1.0,0.031130826100707,30.0,2026-04-15 16:34:51,33.0,6.828212121212122,33.49979999999999,221.93939393939394,30.0,2.0,10.8065,11.21015,1307.0,1.0,11.677,11.677,1262.0,,,,,,,,,,,,,,,,,,
variant:RN_ASCON_NoFOG:attempt:6:round:4,RN_ASCON_NoFOG,RN,ASCON,NoFOG,6,4,2026-04-15 16:35:50,1.0,0.024912,0.29938,0.314236,0.570751,0.453172,1.0,0.018571900203824,30.0,2026-04-15 16:35:30,23.0,9.343434782608696,36.0028,267.7826086956522,20.0,1.0,0.0312522836029529,30.0,2026-04-15 16:35:50,33.0,6.722848484848484,34.5598,221.57575757575756,30.0,2.0,10.5015,10.63155,1305.0,1.0,12.433,12.433,1259.0,,,,,,,,,,,,,,,,,,
variant:RN_ASCON_NoFOG:attempt:6:round:5,RN_ASCON_NoFOG,RN,ASCON,NoFOG,6,5,2026-04-15 16:36:53,1.0,0.010663,0.301085,0.319368,0.575259,0.458191,1.0,0.0108089260756969,30.0,2026-04-15 16:36:53,24.0,6.983750000000001,31.829349999999994,260.7916666666667,21.0,1.0,0.0105171296745538,30.0,2026-04-15 16:36:48,37.0,6.839594594594595,35.56719999999999,210.51351351351352,34.0,2.0,12.372,13.6077,1308.5,1.0,14.739,14.739,1260.0,,,,,,,,,,,,,,,,,,
variant:RN_ASCON_NoFOG:attempt:6:round:6,RN_ASCON_NoFOG,RN,ASCON,NoFOG,6,6,2026-04-15 16:37:57,0.916667,0.296874,0.297118,0.311699,0.559067,0.456221,0.8333333134651184,0.5884392857551575,30.0,2026-04-15 16:37:57,33.0,5.963181818181818,31.079799999999995,221.9090909090909,30.0,1.0,0.0053089414723217,30.0,2026-04-15 16:37:48,36.0,8.447666666666668,49.88125,213.77777777777777,33.0,2.0,14.864,18.6728,1311.5,1.0,10.16,10.16,1259.0,,,,,,,,,,,,,,,,,,
variant:RN_ASCON_NoFOG:attempt:6:round:7,RN_ASCON_NoFOG,RN,ASCON,NoFOG,6,7,2026-04-15 16:38:57,0.95,0.213609,0.295566,0.30442,0.544879,0.461342,0.8999999761581421,0.4216656386852264,30.0,2026-04-15 16:38:56,33.0,6.0133636363636365,31.506,221.93939393939394,30.0,1.0,0.005552040413022,30.0,2026-04-15 16:38:45,33.0,9.055333333333333,45.60019999999997,221.75757575757575,30.0,2.0,10.8005,11.04035,1306.5,1.0,9.99,9.99,1263.0,,,,,,,,,,,,,,,,,,
variant:RN_ASCON_NoFOG:attempt:6:round:8,RN_ASCON_NoFOG,RN,ASCON,NoFOG,6,8,2026-04-15 16:39:58,0.983333,0.061959,0.295455,0.298781,0.549632,0.464278,0.9666666388511658,0.1067098453640937,30.0,2026-04-15 16:39:58,33.0,5.751787878787879,31.089199999999998,221.3939393939394,30.0,1.0,0.0172085240483284,30.0,2026-04-15 16:39:46,33.0,7.834121212121211,38.709999999999994,222.27272727272728,30.0,2.0,11.665500000000002,11.84415,1309.0,1.0,12.226,12.226,1258.0,,,,,,,,,,,,,,,,,,
variant:RN_ASCON_NoFOG:attempt:6:round:9,RN_ASCON_NoFOG,RN,ASCON,NoFOG,6,9,2026-04-15 16:40:58,0.916667,0.178716,0.295991,0.297613,0.554128,0.468341,0.8333333134651184,0.3139874339103699,30.0,2026-04-15 16:40:57,33.0,5.726030303030303,30.795799999999996,221.93939393939394,30.0,1.0,0.0434439517557621,30.0,2026-04-15 16:40:47,33.0,8.318090909090909,37.44599999999998,222.03030303030303,30.0,2.0,11.030999999999999,11.1336,1312.5,1.0,10.372,10.372,1264.0,,,,,,,,,,,,,,,,,,
variant:RN_ASCON_NoFOG:attempt:6:round:10,RN_ASCON_NoFOG,RN,ASCON,NoFOG,6,10,2026-04-15 16:41:56,0.983333,0.133821,0.295976,0.301686,0.559887,0.469398,0.9666666388511658,0.2536977529525757,30.0,2026-04-15 16:41:56,33.0,5.723121212121212,32.389399999999995,221.72727272727272,30.0,1.0,0.0139446770772337,30.0,2026-04-15 16:41:47,33.0,7.391939393939395,35.5426,222.27272727272728,30.0,2.0,12.1335,13.70895,1311.5,1.0,10.642,10.642,1263.0,,,,,,,,,,,,,,,,,,
variant:RN_ASCON_NoFOG:attempt:6:round:11,RN_ASCON_NoFOG,RN,ASCON,NoFOG,6,11,2026-04-15 16:42:55,0.916667,0.227894,0.296107,0.298294,0.558136,0.470819,0.8333333134651184,0.4470697343349457,30.0,2026-04-15 16:42:55,33.0,5.985636363636364,32.75739999999999,222.4848484848485,30.0,1.0,0.0087181432172656,30.0,2026-04-15 16:42:45,33.0,6.571303030303031,33.513,222.42424242424244,30.0,2.0,10.489999999999998,10.788799999999998,1310.0,1.0,10.557,10.557,1267.0,,,,,,,,,,,,,,,,,,
variant:RN_ASCON_NoFOG:attempt:6:round:12,RN_ASCON_NoFOG,RN,ASCON,NoFOG,6,12,2026-04-15 16:43:54,0.983333,0.055132,0.296649,0.297872,0.558439,0.474033,0.9666666388511658,0.1042809784412384,30.0,2026-04-15 16:43:54,33.0,5.7378484848484845,33.5798,222.03030303030303,30.0,1.0,0.0059820665046572,30.0,2026-04-15 16:43:44,33.0,7.536393939393939,35.206399999999995,222.27272727272728,30.0,2.0,10.381,10.3927,1312.0,1.0,10.353,10.353,1268.0,,,,,,,,,,,,,,,,,,
variant:RN_ASCON_NoFOG:attempt:6:round:13,RN_ASCON_NoFOG,RN,ASCON,NoFOG,6,13,2026-04-15 16:44:52,0.966667,0.069748,0.296958,0.297149,0.55682,0.477262,0.9333333373069764,0.1335808187723159,30.0,2026-04-15 16:44:52,33.0,6.40260606060606,31.606799999999996,221.4848484848485,30.0,1.0,0.0059147202409803,30.0,2026-04-15 16:44:42,33.0,8.997515151515152,44.61819999999997,222.6969696969697,30.0,2.0,11.471,11.8157,1311.0,1.0,15.683,15.683,1259.0,,,,,,,,,,,,,,,,,,
variant:RN_ASCON_NoFOG:attempt:6:round:14,RN_ASCON_NoFOG,RN,ASCON,NoFOG,6,14,2026-04-15 16:45:51,0.983333,0.059501,0.297781,0.301204,0.558331,0.480207,0.9666666388511658,0.1140563488006591,30.0,2026-04-15 16:45:51,33.0,5.7130909090909086,32.1182,222.45454545454547,30.0,1.0,0.0049460949376225,30.0,2026-04-15 16:45:41,33.0,5.956787878787877,34.565,222.27272727272728,30.0,2.0,10.658000000000001,10.8002,1311.0,1.0,10.969,10.969,1266.0,,,,,,,,,,,,,,,,,,
variant:RN_ASCON_NoFOG:attempt:6:round:15,RN_ASCON_NoFOG,RN,ASCON,NoFOG,6,15,2026-04-15 16:46:50,0.966667,0.112095,0.29799,0.301554,0.5578,0.482173,0.9333333373069764,0.2188514918088913,30.0,2026-04-15 16:46:50,33.0,5.9449393939393955,31.984199999999998,221.66666666666666,30.0,1.0,0.0053393370471894,30.0,2026-04-15 16:46:40,33.0,8.077060606060606,34.5948,222.06060606060606,30.0,2.0,11.1955,11.77735,1309.5,1.0,10.626,10.626,1262.0,,,,,,,,,,,,,,,,,,
variant:RN_ASCON_NoFOG:attempt:6:round:16,RN_ASCON_NoFOG,RN,ASCON,NoFOG,6,16,2026-04-15 16:47:49,0.966667,0.131776,0.298682,0.302882,0.560203,0.484392,0.9333333373069764,0.2601090669631958,30.0,2026-04-15 16:47:49,33.0,6.302454545454545,31.750199999999996,221.5151515151515,30.0,1.0,0.0034436960704624,30.0,2026-04-15 16:47:39,33.0,8.090303030303032,36.053999999999995,221.8181818181818,30.0,2.0,12.3265,13.68235,1310.5,1.0,13.241,13.241,1263.0,,,,,,,,,,,,,,,,,,
variant:RN_ASCON_NoFOG:attempt:6:round:17,RN_ASCON_NoFOG,RN,ASCON,NoFOG,6,17,2026-04-15 16:48:48,0.95,0.176198,0.299182,0.302384,0.562997,0.484466,0.8999999761581421,0.3441801071166992,30.0,2026-04-15 16:48:48,33.0,5.650151515151515,30.061799999999998,221.6969696969697,30.0,1.0,0.0082168318331241,30.0,2026-04-15 16:48:38,33.0,8.298757575757575,37.05599999999999,222.36363636363637,30.0,2.0,10.832,11.2685,1309.0,1.0,9.976,9.976,1259.0,,,,,,,,,,,,,,,,,,
variant:RN_ASCON_NoFOG:attempt:6:round:18,RN_ASCON_NoFOG,RN,ASCON,NoFOG,6,18,2026-04-15 16:49:47,0.983333,0.07476,0.299573,0.298887,0.566557,0.485301,0.9666666388511658,0.146576702594757,30.0,2026-04-15 16:49:47,33.0,6.151636363636364,30.272399999999998,221.96969696969697,30.0,1.0,0.0029435888864099,30.0,2026-04-15 16:49:37,33.0,8.897212121212121,43.37179999999998,221.9090909090909,30.0,2.0,10.9285,11.245750000000001,1309.5,1.0,13.262,13.262,1258.0,,,,,,,,,,,,,,,,,,
variant:RN_ASCON_NoFOG:attempt:6:round:19,RN_ASCON_NoFOG,RN,ASCON,NoFOG,6,19,2026-04-15 16:50:46,0.966667,0.18198,0.299438,0.293202,0.570417,0.485618,0.9333333373069764,0.3577962219715118,30.0,2026-04-15 16:50:46,33.0,5.292545454545454,31.637399999999996,221.36363636363637,30.0,1.0,0.0061634718440473,30.0,2026-04-15 16:50:36,33.0,6.271363636363636,33.365199999999994,222.6969696969697,30.0,2.0,10.855,11.368,1316.5,1.0,10.784,10.784,1261.0,,,,,,,,,,,,,,,,,,
variant:RN_ASCON_NoFOG:attempt:6:round:20,RN_ASCON_NoFOG,RN,ASCON,NoFOG,6,20,2026-04-15 16:51:44,0.916667,0.237888,0.298845,0.290659,0.572738,0.479677,0.8333333134651184,0.471945583820343,30.0,2026-04-15 16:51:45,33.0,5.669393939393941,31.909000000000002,221.15151515151516,30.0,1.0,0.00383031507954,30.0,2026-04-15 16:51:35,28.0,5.726535714285714,24.431949999999958,199.71428571428572,26.0,2.0,10.613,10.7615,1311.0,1.0,9.908,9.908,1258.0,,,,,,,,,,,,,,,,,,
variant:RN_ASCON_NoFOG:attempt:7:round:1,RN_ASCON_NoFOG,RN,ASCON,NoFOG,7,1,2026-04-15 16:59:29,0.8,0.684,0.28629,0.290266,0.541345,0.412711,0.8333333134651184,0.641818106174469,30.0,2026-04-15 16:59:30,32.0,4.96946875,17.190499999999982,190.25,30.0,0.7666666507720947,0.7261812686920166,30.0,2026-04-15 16:59:27,37.0,4.535594594594595,10.496799999999872,179.7027027027027,35.0,2.0,10.86,11.4441,1315.0,1.0,11.348,11.348,1262.0,,,,,,,,,,,,,,,,,,
variant:RN_ASCON_NoFOG:attempt:7:round:2,RN_ASCON_NoFOG,RN,ASCON,NoFOG,7,2,2026-04-15 17:00:23,0.933333,0.247279,0.289536,0.293433,0.557537,0.429422,0.9333333373069764,0.1954600661993026,30.0,2026-04-15 17:00:23,33.0,5.822787878787878,31.274999999999995,222.63636363636363,30.0,0.9333333373069764,0.2990980744361877,30.0,2026-04-15 17:00:18,31.0,6.736935483870968,34.0865,229.58064516129033,28.0,2.0,10.696,10.84,1318.5,1.0,11.689,11.689,1264.0,,,,,,,,,,,,,,,,,,
variant:RN_ASCON_NoFOG:attempt:7:round:3,RN_ASCON_NoFOG,RN,ASCON,NoFOG,7,3,2026-04-15 17:01:23,0.95,0.130688,0.293168,0.300483,0.56784,0.438865,1.0,0.0845387056469917,30.0,2026-04-15 17:01:23,33.0,7.005363636363637,31.9916,222.12121212121212,30.0,0.8999999761581421,0.1768369972705841,30.0,2026-04-15 17:01:16,33.0,8.235181818181816,36.89999999999999,222.3030303030303,30.0,2.0,10.6795,10.85275,1314.0,1.0,17.499,17.499,1259.0,,,,,,,,,,,,,,,,,,
variant:RN_ASCON_NoFOG:attempt:7:round:4,RN_ASCON_NoFOG,RN,ASCON,NoFOG,7,4,2026-04-15 17:02:22,1.0,0.05397,0.295303,0.306371,0.574009,0.447043,1.0,0.044970329850912,30.0,2026-04-15 17:02:22,33.0,6.529333333333333,34.1354,221.96969696969697,30.0,1.0,0.0629687532782554,30.0,2026-04-15 17:02:17,33.0,8.996606060606062,39.52699999999999,222.33333333333334,30.0,2.0,11.61,12.6621,1309.5,1.0,11.782,11.782,1260.0,,,,,,,,,,,,,,,,,,
variant:RN_ASCON_NoFOG:attempt:7:round:5,RN_ASCON_NoFOG,RN,ASCON,NoFOG,7,5,2026-04-15 17:03:22,1.0,0.022362,0.296721,0.311771,0.578663,0.453427,1.0,0.0125239193439483,30.0,2026-04-15 17:03:22,33.0,6.4628181818181805,33.806599999999996,222.33333333333334,30.0,1.0,0.0321993045508861,30.0,2026-04-15 17:03:15,33.0,7.426151515151515,34.589999999999996,222.0,30.0,2.0,17.3365,23.02855,1306.0,1.0,10.068,10.068,1265.0,,,,,,,,,,,,,,,,,,
variant:RN_ASCON_NoFOG:attempt:7:round:6,RN_ASCON_NoFOG,RN,ASCON,NoFOG,7,6,2026-04-15 17:04:27,0.983333,0.071513,0.298001,0.314492,0.582236,0.455349,0.9666666388511658,0.1187634691596031,30.0,2026-04-15 17:04:27,33.0,6.437666666666666,32.371399999999994,222.03030303030303,30.0,1.0,0.0242622401565313,30.0,2026-04-15 17:04:16,36.0,8.323611111111113,39.181000000000004,213.58333333333334,33.0,2.0,11.4015,12.01215,1313.0,1.0,10.602,10.602,1260.0,,,,,,,,,,,,,,,,,,
variant:RN_ASCON_NoFOG:attempt:7:round:7,RN_ASCON_NoFOG,RN,ASCON,NoFOG,7,7,2026-04-15 17:05:25,0.916667,0.213857,0.294084,0.306426,0.571334,0.449697,0.8333333134651184,0.4210096597671509,30.0,2026-04-15 17:05:25,33.0,6.37530303030303,31.701999999999998,221.84848484848484,30.0,1.0,0.0067052636295557,30.0,2026-04-15 17:05:15,33.0,8.113939393939393,36.4594,222.15151515151516,30.0,2.0,10.815999999999999,11.075199999999999,1312.0,1.0,11.496,11.496,1262.0,,,,,,,,,,,,,,,,,,
variant:RN_ASCON_NoFOG:attempt:7:round:8,RN_ASCON_NoFOG,RN,ASCON,NoFOG,7,8,2026-04-15 17:06:24,0.916667,0.150267,0.294375,0.306382,0.567739,0.451358,0.8333333134651184,0.2763790190219879,30.0,2026-04-15 17:06:24,33.0,5.959515151515151,32.52459999999999,221.96969696969697,30.0,1.0,0.024155979976058,30.0,2026-04-15 17:06:14,33.0,7.656727272727274,37.64519999999999,222.45454545454547,30.0,2.0,11.187999999999999,12.2041,1311.0,1.0,13.49,13.49,1263.0,,,,,,,,,,,,,,,,,,
variant:RN_ASCON_NoFOG:attempt:7:round:9,RN_ASCON_NoFOG,RN,ASCON,NoFOG,7,9,2026-04-15 17:07:23,0.933333,0.155353,0.295022,0.306937,0.568522,0.453153,0.8666666746139526,0.3046396672725677,30.0,2026-04-15 17:07:23,33.0,6.051818181818181,30.603199999999998,221.8181818181818,30.0,1.0,0.0060663651674985,30.0,2026-04-15 17:07:13,33.0,8.615,44.33399999999997,222.3030303030303,30.0,2.0,10.219999999999999,10.4693,1312.5,1.0,11.045,11.045,1265.0,,,,,,,,,,,,,,,,,,
variant:RN_ASCON_NoFOG:attempt:7:round:10,RN_ASCON_NoFOG,RN,ASCON,NoFOG,7,10,2026-04-15 17:08:22,0.916667,0.140416,0.295015,0.305937,0.56766,0.457052,0.8333333134651184,0.2716341018676758,30.0,2026-04-15 17:08:22,33.0,6.343909090909092,31.263399999999997,221.6969696969697,30.0,1.0,0.0091970320791006,30.0,2026-04-15 17:08:12,33.0,8.527818181818182,43.73439999999997,222.75757575757575,30.0,2.0,11.174,11.1776,1314.0,1.0,11.381,11.381,1265.0,,,,,,,,,,,,,,,,,,
variant:RN_ASCON_NoFOG:attempt:7:round:11,RN_ASCON_NoFOG,RN,ASCON,NoFOG,7,11,2026-04-15 17:09:22,0.983333,0.097937,0.295105,0.305004,0.56889,0.456252,0.9666666388511658,0.1819391399621963,30.0,2026-04-15 17:09:22,33.0,6.218909090909091,32.5682,222.15151515151516,30.0,1.0,0.0139342993497848,30.0,2026-04-15 17:09:11,33.0,8.566030303030304,34.1376,222.4848484848485,30.0,2.0,12.1395,12.727649999999999,1315.0,1.0,10.871,10.871,1260.0,,,,,,,,,,,,,,,,,,
variant:RN_ASCON_NoFOG:attempt:7:round:12,RN_ASCON_NoFOG,RN,ASCON,NoFOG,7,12,2026-04-15 17:10:21,1.0,0.023597,0.295524,0.307822,0.569186,0.457594,1.0,0.036469180136919,30.0,2026-04-15 17:10:21,33.0,6.651242424242424,32.8522,221.93939393939394,30.0,1.0,0.0107252178713679,30.0,2026-04-15 17:10:10,33.0,7.852060606060606,32.819199999999995,222.12121212121212,30.0,2.0,16.3645,17.99935,1309.0,1.0,16.741,16.741,1265.0,,,,,,,,,,,,,,,,,,
variant:RN_ASCON_NoFOG:attempt:7:round:13,RN_ASCON_NoFOG,RN,ASCON,NoFOG,7,13,2026-04-15 17:11:19,0.95,0.115079,0.296335,0.312209,0.571624,0.459997,0.8999999761581421,0.2250544130802154,30.0,2026-04-15 17:11:19,33.0,6.161272727272727,33.05,221.66666666666666,30.0,1.0,0.0051034679636359,30.0,2026-04-15 17:11:09,33.0,8.104151515151516,39.823799999999984,222.33333333333334,30.0,2.0,10.8575,11.046949999999999,1312.5,1.0,17.269,17.269,1263.0,,,,,,,,,,,,,,,,,,
variant:RN_ASCON_NoFOG:attempt:7:round:14,RN_ASCON_NoFOG,RN,ASCON,NoFOG,7,14,2026-04-15 17:12:19,1.0,0.02345,0.297015,0.312109,0.573624,0.463054,1.0,0.0222837533801794,30.0,2026-04-15 17:12:19,33.0,5.84069696969697,32.343599999999995,221.54545454545453,30.0,1.0,0.0246160347014665,30.0,2026-04-15 17:12:09,33.0,7.929969696969698,42.20539999999998,222.33333333333334,30.0,2.0,10.402999999999999,10.4534,1308.5,1.0,10.704,10.704,1261.0,,,,,,,,,,,,,,,,,,
variant:RN_ASCON_NoFOG:attempt:7:round:15,RN_ASCON_NoFOG,RN,ASCON,NoFOG,7,15,2026-04-15 17:13:18,0.95,0.113255,0.298014,0.316229,0.575716,0.465515,0.8999999761581421,0.2234421670436859,30.0,2026-04-15 17:13:18,33.0,6.036272727272728,32.0322,221.93939393939394,30.0,1.0,0.003068552352488,30.0,2026-04-15 17:13:08,33.0,8.661787878787878,44.720999999999975,222.27272727272728,30.0,2.0,10.832,11.1722,1311.5,1.0,10.767,10.767,1262.0,,,,,,,,,,,,,,,,,,
variant:RN_ASCON_NoFOG:attempt:7:round:16,RN_ASCON_NoFOG,RN,ASCON,NoFOG,7,16,2026-04-15 17:14:18,0.983333,0.075394,0.299196,0.318813,0.576541,0.467661,0.9666666388511658,0.1474793255329132,30.0,2026-04-15 17:14:18,33.0,6.367939393939395,32.587,221.6969696969697,30.0,1.0,0.0033089569769799,30.0,2026-04-15 17:14:06,33.0,8.753090909090908,43.37259999999998,222.06060606060606,30.0,2.0,12.9125,14.66255,1309.5,1.0,24.154,24.154,1263.0,,,,,,,,,,,,,,,,,,
variant:RN_ASCON_NoFOG:attempt:7:round:17,RN_ASCON_NoFOG,RN,ASCON,NoFOG,7,17,2026-04-15 17:15:19,0.966667,0.119421,0.299876,0.311598,0.578793,0.464925,0.9333333373069764,0.2356305718421936,30.0,2026-04-15 17:15:19,33.0,6.002545454545454,31.615399999999998,221.6060606060606,30.0,1.0,0.0032107064034789,30.0,2026-04-15 17:15:09,33.0,8.347545454545454,34.7514,222.24242424242425,30.0,2.0,15.687,19.1754,1311.5,1.0,15.697,15.697,1264.0,,,,,,,,,,,,,,,,,,
variant:RN_ASCON_NoFOG:attempt:7:round:18,RN_ASCON_NoFOG,RN,ASCON,NoFOG,7,18,2026-04-15 17:16:18,0.966667,0.104582,0.299973,0.308976,0.582522,0.46911,0.9333333373069764,0.1832967102527618,30.0,2026-04-15 17:16:18,33.0,5.881121212121212,30.801199999999998,222.0909090909091,30.0,1.0,0.0258678384125232,30.0,2026-04-15 17:16:09,33.0,7.872181818181818,36.309,222.03030303030303,30.0,2.0,16.524,21.762,1309.0,1.0,11.931,11.931,1258.0,,,,,,,,,,,,,,,,,,
variant:RN_ASCON_NoFOG:attempt:7:round:19,RN_ASCON_NoFOG,RN,ASCON,NoFOG,7,19,2026-04-15 17:17:19,0.95,0.113864,0.300805,0.310299,0.585905,0.474246,0.8999999761581421,0.2237275689840316,30.0,2026-04-15 17:17:19,33.0,5.839242424242424,31.8264,221.42424242424244,30.0,1.0,0.004001151304692,30.0,2026-04-15 17:17:09,33.0,7.986212121212121,34.13999999999999,222.54545454545453,30.0,2.0,17.2405,23.22325,1309.0,1.0,29.721,29.721,1264.0,,,,,,,,,,,,,,,,,,
variant:RN_ASCON_NoFOG:attempt:7:round:20,RN_ASCON_NoFOG,RN,ASCON,NoFOG,7,20,2026-04-15 17:18:19,0.966667,0.151863,0.301179,0.310335,0.587734,0.482371,0.9333333373069764,0.2819399535655975,30.0,2026-04-15 17:18:19,33.0,6.065060606060606,32.7138,221.87878787878788,30.0,1.0,0.0217866469174623,30.0,2026-04-15 17:18:07,33.0,8.619272727272728,42.191799999999986,222.03030303030303,30.0,2.0,10.418,10.7294,1306.0,1.0,14.702,14.702,1258.0,,,,,,,,,,,,,,,,,,
variant:RN_ASCON_NoFOG:attempt:8:round:1,RN_ASCON_NoFOG,RN,ASCON,NoFOG,8,1,2026-04-15 17:24:02,0.783333,0.801066,0.287752,0.29142,0.543978,0.409817,0.7666666507720947,0.9223887324333192,30.0,2026-04-15 17:24:02,36.0,5.179055555555556,11.67525,181.77777777777777,34.0,0.800000011920929,0.6797438263893127,30.0,2026-04-15 17:24:02,32.0,5.032125000000001,16.721749999999982,189.78125,30.0,2.0,10.6045,10.65175,1313.0,1.0,11.642,11.642,1259.0,,,,,,,,,,,,,,,,,,
variant:RN_ASCON_NoFOG:attempt:8:round:2,RN_ASCON_NoFOG,RN,ASCON,NoFOG,8,2,2026-04-15 17:24:56,0.966667,0.132952,0.290409,0.29573,0.561473,0.42355,0.9666666388511658,0.1152966395020484,30.0,2026-04-15 17:24:56,29.0,6.322241379310345,32.12499999999999,236.86206896551724,26.0,0.9666666388511658,0.1506079137325287,30.0,2026-04-15 17:24:56,34.0,6.5981764705882355,37.14145,219.2058823529412,31.0,2.0,10.942,11.4064,1315.5,1.0,11.559,11.559,1259.0,,,,,,,,,,,,,,,,,,
variant:RN_ASCON_NoFOG:attempt:8:round:3,RN_ASCON_NoFOG,RN,ASCON,NoFOG,8,3,2026-04-15 17:25:56,1.0,0.047946,0.294311,0.306617,0.57031,0.43712,1.0,0.0507910959422588,30.0,2026-04-15 17:25:55,34.0,6.179470588235294,33.687,219.08823529411765,31.0,1.0,0.0451005138456821,30.0,2026-04-15 17:25:56,32.0,7.09384375,33.430699999999995,225.25,29.0,2.0,11.4415,11.94775,1309.0,1.0,11.157,11.157,1265.0,,,,,,,,,,,,,,,,,,
variant:RN_ASCON_NoFOG:attempt:8:round:4,RN_ASCON_NoFOG,RN,ASCON,NoFOG,8,4,2026-04-15 17:26:55,1.0,0.028006,0.29658,0.312339,0.575282,0.445176,1.0,0.0259986892342567,30.0,2026-04-15 17:26:55,32.0,6.22975,33.0585,225.84375,29.0,1.0,0.030013557523489,30.0,2026-04-15 17:26:55,34.0,5.799470588235294,33.36815,219.05882352941177,31.0,2.0,18.1995,24.97695,1309.5,1.0,10.942,10.942,1261.0,,,,,,,,,,,,,,,,,,
variant:RN_ASCON_NoFOG:attempt:8:round:5,RN_ASCON_NoFOG,RN,ASCON,NoFOG,8,5,2026-04-15 17:27:58,1.0,0.012422,0.298398,0.316205,0.580295,0.450795,1.0,0.0105302315205335,30.0,2026-04-15 17:27:58,33.0,6.132909090909091,31.496999999999996,221.75757575757575,30.0,1.0,0.0143133690580725,30.0,2026-04-15 17:27:53,36.0,7.46036111111111,35.95275,213.19444444444446,33.0,2.0,19.1495,25.37525,1308.0,1.0,14.328,14.328,1260.0,,,,,,,,,,,,,,,,,,
variant:RN_ASCON_NoFOG:attempt:8:round:6,RN_ASCON_NoFOG,RN,ASCON,NoFOG,8,6,2026-04-15 17:28:57,0.883333,0.375871,0.292446,0.31075,0.563132,0.445566,0.7666666507720947,0.7429535984992981,30.0,2026-04-15 17:28:57,33.0,5.4768181818181825,30.017599999999998,221.63636363636363,30.0,1.0,0.0087877167388796,30.0,2026-04-15 17:28:51,33.0,8.211212121212123,35.9214,221.87878787878788,30.0,2.0,10.1845,10.28125,1311.0,1.0,10.053,10.053,1263.0,,,,,,,,,,,,,,,,,,
variant:RN_ASCON_NoFOG:attempt:8:round:7,RN_ASCON_NoFOG,RN,ASCON,NoFOG,8,7,2026-04-15 17:29:56,0.983333,0.093956,0.291059,0.31255,0.5598,0.447362,0.9666666388511658,0.1697461456060409,30.0,2026-04-15 17:29:56,33.0,6.213666666666668,32.1184,222.4848484848485,30.0,1.0,0.0181665029376745,30.0,2026-04-15 17:29:51,33.0,8.685545454545455,37.94799999999999,221.84848484848484,30.0,2.0,11.716000000000001,12.004,1309.5,1.0,10.128,10.128,1257.0,,,,,,,,,,,,,,,,,,
variant:RN_ASCON_NoFOG:attempt:8:round:8,RN_ASCON_NoFOG,RN,ASCON,NoFOG,8,8,2026-04-15 17:30:55,0.95,0.10189,0.290891,0.318526,0.561403,0.448508,0.8999999761581421,0.1889974325895309,30.0,2026-04-15 17:30:55,33.0,5.791787878787878,32.1506,221.6060606060606,30.0,1.0,0.0147825041785836,30.0,2026-04-15 17:30:50,33.0,7.484484848484849,37.343999999999994,221.87878787878788,30.0,2.0,11.3605,12.370750000000001,1312.0,1.0,11.784,11.784,1261.0,,,,,,,,,,,,,,,,,,
variant:RN_ASCON_NoFOG:attempt:8:round:9,RN_ASCON_NoFOG,RN,ASCON,NoFOG,8,9,2026-04-15 17:31:54,0.95,0.141639,0.292237,0.321099,0.563408,0.451129,0.8999999761581421,0.2741398215293884,30.0,2026-04-15 17:31:54,33.0,6.028909090909091,31.465999999999998,222.21212121212122,30.0,1.0,0.0091381333768367,30.0,2026-04-15 17:31:49,33.0,8.38869696969697,44.33919999999998,222.27272727272728,30.0,2.0,14.3945,16.52255,1312.5,1.0,11.413,11.413,1261.0,,,,,,,,,,,,,,,,,,
variant:RN_ASCON_NoFOG:attempt:8:round:10,RN_ASCON_NoFOG,RN,ASCON,NoFOG,8,10,2026-04-15 17:32:59,0.916667,0.243116,0.293418,0.317993,0.566637,0.449459,0.8333333134651184,0.450334221124649,30.0,2026-04-15 17:32:59,33.0,6.182575757575758,32.6956,221.42424242424244,30.0,1.0,0.0358985178172588,30.0,2026-04-15 17:32:54,33.0,7.851424242424242,43.308599999999984,222.0,30.0,2.0,10.9575,11.41605,1313.0,1.0,10.061,10.061,1266.0,,,,,,,,,,,,,,,,,,
variant:RN_ASCON_NoFOG:attempt:8:round:11,RN_ASCON_NoFOG,RN,ASCON,NoFOG,8,11,2026-04-15 17:33:59,0.933333,0.153539,0.293342,0.315386,0.567262,0.449883,0.8666666746139526,0.2971599698066711,30.0,2026-04-15 17:33:59,33.0,6.360696969696971,33.8146,221.57575757575756,30.0,1.0,0.0099184727296233,30.0,2026-04-15 17:33:55,32.0,8.139875,37.77844999999999,225.40625,29.0,2.0,10.793,11.454500000000001,1314.5,1.0,10.241,10.241,1264.0,,,,,,,,,,,,,,,,,,
variant:RN_ASCON_NoFOG:attempt:8:round:12,RN_ASCON_NoFOG,RN,ASCON,NoFOG,8,12,2026-04-15 17:35:00,0.966667,0.114245,0.293876,0.315533,0.568778,0.452352,0.9333333373069764,0.2175629734992981,30.0,2026-04-15 17:35:00,33.0,6.3556060606060605,33.53159999999999,222.0,30.0,1.0,0.0109269954264163,30.0,2026-04-15 17:34:53,33.0,7.918515151515151,39.64579999999997,222.36363636363637,30.0,2.0,10.991,11.4383,1311.0,1.0,11.58,11.58,1263.0,,,,,,,,,,,,,,,,,,
variant:RN_ASCON_NoFOG:attempt:8:round:13,RN_ASCON_NoFOG,RN,ASCON,NoFOG,8,13,2026-04-15 17:36:01,0.9,0.167055,0.294627,0.317603,0.570153,0.456091,0.800000011920929,0.314892441034317,30.0,2026-04-15 17:36:01,33.0,6.123212121212121,31.741799999999994,222.06060606060606,30.0,1.0,0.0192167703062295,30.0,2026-04-15 17:35:54,33.0,7.558848484848485,42.207599999999985,222.3030303030303,30.0,2.0,16.121000000000002,17.389100000000003,1313.0,1.0,19.116,19.116,1263.0,,,,,,,,,,,,,,,,,,
variant:RN_ASCON_NoFOG:attempt:8:round:14,RN_ASCON_NoFOG,RN,ASCON,NoFOG,8,14,2026-04-15 17:37:03,0.983333,0.062423,0.294816,0.318314,0.564176,0.458749,0.9666666388511658,0.1138919442892074,30.0,2026-04-15 17:37:02,33.0,6.363878787878788,33.48239999999999,222.06060606060606,30.0,1.0,0.0109542459249496,30.0,2026-04-15 17:37:00,32.0,6.861593750000001,37.28914999999999,225.15625,29.0,2.0,11.222999999999999,11.7657,1311.0,1.0,9.859,9.859,1259.0,,,,,,,,,,,,,,,,,,
variant:RN_ASCON_NoFOG:attempt:8:round:15,RN_ASCON_NoFOG,RN,ASCON,NoFOG,8,15,2026-04-15 17:38:02,0.966667,0.094135,0.295274,0.320315,0.563621,0.461755,0.9333333373069764,0.1746582090854644,30.0,2026-04-15 17:38:02,33.0,5.803090909090909,32.25379999999999,221.87878787878788,30.0,1.0,0.0136112095788121,30.0,2026-04-15 17:38:01,33.0,6.619939393939393,34.980999999999995,221.6060606060606,30.0,2.0,10.8355,10.88725,1309.0,1.0,11.264,11.264,1262.0,,,,,,,,,,,,,,,,,,
variant:RN_ASCON_NoFOG:attempt:8:round:16,RN_ASCON_NoFOG,RN,ASCON,NoFOG,8,16,2026-04-15 17:39:01,0.983333,0.052529,0.29577,0.324809,0.564961,0.465382,0.9666666388511658,0.101975180208683,30.0,2026-04-15 17:39:01,33.0,5.6341212121212125,31.6918,222.15151515151516,30.0,1.0,0.0030825191643089,30.0,2026-04-15 17:39:01,33.0,6.523818181818182,34.09779999999999,222.21212121212122,30.0,2.0,12.259,12.5002,1312.5,1.0,15.324,15.324,1260.0,,,,,,,,,,,,,,,,,,
variant:RN_ASCON_NoFOG:attempt:8:round:17,RN_ASCON_NoFOG,RN,ASCON,NoFOG,8,17,2026-04-15 17:39:59,1.0,0.013581,0.297151,0.328204,0.567134,0.47023,1.0,0.0219226013869047,30.0,2026-04-15 17:39:59,33.0,6.389060606060606,32.819399999999995,222.3939393939394,30.0,1.0,0.0052394513040781,30.0,2026-04-15 17:39:59,33.0,7.056090909090909,35.718199999999996,222.33333333333334,30.0,2.0,19.9995,23.60085,1308.0,1.0,9.91,9.91,1261.0,,,,,,,,,,,,,,,,,,
variant:RN_ASCON_NoFOG:attempt:8:round:18,RN_ASCON_NoFOG,RN,ASCON,NoFOG,8,18,2026-04-15 17:40:58,0.933333,0.123744,0.298412,0.329765,0.567874,0.473574,0.8666666746139526,0.2409465759992599,30.0,2026-04-15 17:40:58,33.0,5.391484848484848,30.8162,220.75757575757575,30.0,1.0,0.0065407431684434,30.0,2026-04-15 17:40:58,33.0,6.358515151515152,34.3254,222.42424242424244,30.0,2.0,15.779,20.761400000000002,1307.5,1.0,21.578,21.578,1263.0,,,,,,,,,,,,,,,,,,
variant:RN_ASCON_NoFOG:attempt:8:round:19,RN_ASCON_NoFOG,RN,ASCON,NoFOG,8,19,2026-04-15 17:41:57,0.966667,0.107467,0.298662,0.323869,0.570641,0.471167,0.9333333373069764,0.2105444073677063,30.0,2026-04-15 17:41:57,33.0,5.884757575757575,30.963199999999997,221.78787878787878,30.0,1.0,0.0043899966403841,30.0,2026-04-15 17:41:57,33.0,6.492848484848485,34.3062,222.6060606060606,30.0,2.0,17.509,23.993499999999997,1309.5,1.0,12.206,12.206,1264.0,,,,,,,,,,,,,,,,,,
variant:RN_ASCON_NoFOG:attempt:8:round:20,RN_ASCON_NoFOG,RN,ASCON,NoFOG,8,20,2026-04-15 17:42:56,0.95,0.151913,0.299321,0.324661,0.574506,0.473727,0.8999999761581421,0.2964580655097961,30.0,2026-04-15 17:42:56,33.0,6.009484848484848,31.7338,221.96969696969697,30.0,1.0,0.00736776413396,30.0,2026-04-15 17:42:56,33.0,6.150909090909091,32.5888,222.33333333333334,30.0,2.0,10.4775,10.48065,1310.5,1.0,10.2,10.2,1262.0,,,,,,,,,,,,,,,,,,
variant:RN_ASCON_NoFOG:attempt:9:round:1,RN_ASCON_NoFOG,RN,ASCON,NoFOG,9,1,2026-04-15 17:49:44,0.8,0.558471,0.288657,0.292287,0.54239,0.40808,0.800000011920929,0.5612294673919678,30.0,2026-04-15 17:49:43,37.0,4.537864864864864,10.132199999999886,179.94594594594594,35.0,0.800000011920929,0.5557125210762024,30.0,2026-04-15 17:49:44,32.0,5.35396875,16.89199999999998,190.71875,30.0,2.0,10.898,11.3075,1312.0,1.0,11.661,11.661,1261.0,,,,,,,,,,,,,,,,,,
variant:RN_ASCON_NoFOG:attempt:9:round:2,RN_ASCON_NoFOG,RN,ASCON,NoFOG,9,2,2026-04-15 17:50:37,0.966667,0.140777,0.293921,0.29609,0.557061,0.426495,1.0,0.0916161686182022,30.0,2026-04-15 17:50:37,28.0,6.268642857142857,31.760499999999997,241.10714285714286,25.0,0.9333333373069764,0.189937025308609,30.0,2026-04-15 17:50:37,34.0,6.174911764705882,35.14485,219.05882352941177,31.0,2.0,11.515,12.01,1312.0,1.0,12.61,12.61,1258.0,,,,,,,,,,,,,,,,,,
variant:RN_ASCON_NoFOG:attempt:9:round:3,RN_ASCON_NoFOG,RN,ASCON,NoFOG,9,3,2026-04-15 17:51:37,1.0,0.039211,0.297037,0.305357,0.564498,0.439899,1.0,0.0254339594393968,30.0,2026-04-15 17:51:38,33.0,6.355272727272728,31.403399999999994,222.12121212121212,30.0,1.0,0.0529874004423618,30.0,2026-04-15 17:51:35,33.0,6.868818181818183,32.8946,222.15151515151516,30.0,2.0,11.943,13.2615,1308.5,1.0,11.15,11.15,1265.0,,,,,,,,,,,,,,,,,,
variant:RN_ASCON_NoFOG:attempt:9:round:4,RN_ASCON_NoFOG,RN,ASCON,NoFOG,9,4,2026-04-15 17:52:36,1.0,0.024904,0.298946,0.310883,0.56961,0.447431,1.0,0.0324813872575759,30.0,2026-04-15 17:52:36,35.0,5.459885714285714,33.5984,215.9142857142857,32.0,1.0,0.0173258762806653,30.0,2026-04-15 17:52:36,32.0,6.07825,31.573999999999998,225.78125,29.0,2.0,10.435500000000001,10.691550000000001,1306.5,1.0,11.102,11.102,1263.0,,,,,,,,,,,,,,,,,,
variant:RN_ASCON_NoFOG:attempt:9:round:5,RN_ASCON_NoFOG,RN,ASCON,NoFOG,9,5,2026-04-15 17:53:42,0.983333,0.135768,0.29839,0.312233,0.566731,0.452656,0.9666666388511658,0.2395325154066085,30.0,2026-04-15 17:53:42,31.0,6.419161290322581,32.7825,228.51612903225808,28.0,1.0,0.0320034697651863,30.0,2026-04-15 17:53:37,34.0,7.834529411764707,37.6329,219.02941176470588,31.0,2.0,10.842,10.8564,1308.0,1.0,10.979,10.979,1261.0,,,,,,,,,,,,,,,,,,
variant:RN_ASCON_NoFOG:attempt:9:round:6,RN_ASCON_NoFOG,RN,ASCON,NoFOG,9,6,2026-04-15 17:54:40,0.8,0.492693,0.290895,0.300878,0.547329,0.43987,0.800000011920929,0.5766676664352417,30.0,2026-04-15 17:54:40,33.0,6.137363636363637,31.907799999999998,221.06060606060606,30.0,0.800000011920929,0.4087181389331817,30.0,2026-04-15 17:54:40,32.0,7.177687500000001,34.9274,225.53125,29.0,2.0,18.4165,19.306150000000002,1314.0,1.0,11.646,11.646,1261.0,,,,,,,,,,,,,,,,,,
variant:RN_ASCON_NoFOG:attempt:9:round:7,RN_ASCON_NoFOG,RN,ASCON,NoFOG,9,7,2026-04-15 17:55:40,0.883333,0.287913,0.289294,0.300174,0.536179,0.436275,0.8999999761581421,0.2113615721464157,30.0,2026-04-15 17:55:40,33.0,5.904848484848485,31.245999999999995,222.27272727272728,30.0,0.8666666746139526,0.3644654154777527,30.0,2026-04-15 17:55:39,33.0,6.814121212121211,35.12679999999999,222.3939393939394,30.0,2.0,10.6085,10.872649999999998,1313.5,1.0,11.159,11.159,1263.0,,,,,,,,,,,,,,,,,,
variant:RN_ASCON_NoFOG:attempt:9:round:8,RN_ASCON_NoFOG,RN,ASCON,NoFOG,9,8,2026-04-15 17:56:41,0.9,0.256608,0.288525,0.300721,0.532105,0.438657,0.9333333373069764,0.1543029397726059,30.0,2026-04-15 17:56:39,33.0,6.143515151515151,30.706599999999998,222.06060606060606,30.0,0.8666666746139526,0.3589133620262146,30.0,2026-04-15 17:56:39,33.0,6.8522727272727275,34.94,221.0909090909091,30.0,2.0,12.8095,14.472249999999999,1317.0,1.0,17.903,17.903,1258.0,,,,,,,,,,,,,,,,,,
variant:RN_ASCON_NoFOG:attempt:9:round:9,RN_ASCON_NoFOG,RN,ASCON,NoFOG,9,9,2026-04-15 17:57:40,0.85,0.295224,0.288402,0.296943,0.529922,0.443754,0.8333333134651184,0.3553286492824554,30.0,2026-04-15 17:57:40,33.0,6.121151515151515,31.574999999999996,221.45454545454547,30.0,0.8666666746139526,0.2351197749376297,30.0,2026-04-15 17:57:40,33.0,6.429666666666667,34.117599999999996,221.87878787878788,30.0,2.0,10.5655,10.790049999999999,1312.0,1.0,10.396,10.396,1259.0,,,,,,,,,,,,,,,,,,
variant:RN_ASCON_NoFOG:attempt:9:round:10,RN_ASCON_NoFOG,RN,ASCON,NoFOG,9,10,2026-04-15 17:58:40,0.866667,0.353417,0.289333,0.29048,0.530424,0.450428,0.7666666507720947,0.5990232825279236,30.0,2026-04-15 17:58:39,33.0,7.206151515151515,32.382,220.63636363636363,30.0,0.9666666388511658,0.1078101769089698,30.0,2026-04-15 17:58:39,33.0,6.685909090909091,33.840199999999996,221.8181818181818,30.0,2.0,15.893999999999998,20.5749,1314.0,1.0,14.973,14.973,1262.0,,,,,,,,,,,,,,,,,,
variant:RN_ASCON_NoFOG:attempt:9:round:11,RN_ASCON_NoFOG,RN,ASCON,NoFOG,9,11,2026-04-15 17:59:39,0.833333,0.335582,0.2902,0.286114,0.531261,0.45597,0.8333333134651184,0.3462404310703277,30.0,2026-04-15 17:59:39,33.0,6.331939393939394,31.2658,222.0909090909091,30.0,0.8333333134651184,0.3249226212501526,30.0,2026-04-15 17:59:38,33.0,6.940848484848485,36.605599999999995,221.87878787878788,30.0,2.0,10.680499999999999,10.99775,1315.0,1.0,9.968,9.968,1261.0,,,,,,,,,,,,,,,,,,
variant:RN_ASCON_NoFOG:attempt:9:round:12,RN_ASCON_NoFOG,RN,ASCON,NoFOG,9,12,2026-04-15 18:00:38,0.866667,0.269349,0.289665,0.285368,0.525181,0.459408,1.0,0.0835349410772323,30.0,2026-04-15 18:00:38,33.0,6.378878787878787,32.38699999999999,222.0,30.0,0.7333333492279053,0.4551630914211273,30.0,2026-04-15 18:00:37,33.0,6.48039393939394,30.969599999999996,221.45454545454547,30.0,2.0,10.3515,10.376249999999999,1310.5,1.0,10.583,10.583,1262.0,,,,,,,,,,,,,,,,,,
variant:RN_ASCON_NoFOG:attempt:9:round:13,RN_ASCON_NoFOG,RN,ASCON,NoFOG,9,13,2026-04-15 18:01:38,0.966667,0.116645,0.290641,0.277249,0.52477,0.463548,0.9666666388511658,0.1283881366252899,30.0,2026-04-15 18:01:37,33.0,6.122545454545455,33.52719999999999,221.3939393939394,30.0,0.9666666388511658,0.1049019172787666,30.0,2026-04-15 18:01:38,33.0,6.777272727272728,32.8032,222.3939393939394,30.0,2.0,13.613,16.567700000000002,1313.5,1.0,13.868,13.868,1265.0,,,,,,,,,,,,,,,,,,
variant:RN_ASCON_NoFOG:attempt:9:round:14,RN_ASCON_NoFOG,RN,ASCON,NoFOG,9,14,2026-04-15 18:02:37,0.95,0.206365,0.290886,0.275282,0.525133,0.468658,0.9666666388511658,0.1245232447981834,30.0,2026-04-15 18:02:37,33.0,6.181424242424242,33.967999999999996,221.63636363636363,30.0,0.9333333373069764,0.2882060408592224,30.0,2026-04-15 18:02:37,33.0,6.866333333333334,34.594,221.78787878787878,30.0,2.0,10.507000000000001,10.741900000000001,1314.5,1.0,11.798,11.798,1259.0,,,,,,,,,,,,,,,,,,
variant:RN_ASCON_NoFOG:attempt:9:round:15,RN_ASCON_NoFOG,RN,ASCON,NoFOG,9,15,2026-04-15 18:03:36,0.966667,0.134026,0.290639,0.277926,0.524851,0.471884,1.0,0.0874937325716018,30.0,2026-04-15 18:03:36,33.0,6.029757575757576,31.8466,222.36363636363637,30.0,0.9333333373069764,0.1805576533079147,30.0,2026-04-15 18:03:36,33.0,6.955969696969698,31.519599999999997,222.1818181818182,30.0,2.0,10.506,10.5681,1311.5,1.0,13.166,13.166,1263.0,,,,,,,,,,,,,,,,,,
variant:RN_ASCON_NoFOG:attempt:9:round:16,RN_ASCON_NoFOG,RN,ASCON,NoFOG,9,16,2026-04-15 18:04:35,0.933333,0.176438,0.291462,0.280342,0.52639,0.475408,0.9333333373069764,0.1675271838903427,30.0,2026-04-15 18:04:35,33.0,6.153666666666667,32.7176,221.1818181818182,30.0,0.9333333373069764,0.1853497326374054,30.0,2026-04-15 18:04:35,33.0,7.033242424242425,33.3906,221.78787878787878,30.0,2.0,10.770499999999998,11.10215,1312.0,1.0,10.521,10.521,1262.0,,,,,,,,,,,,,,,,,,
variant:RN_ASCON_NoFOG:attempt:9:round:17,RN_ASCON_NoFOG,RN,ASCON,NoFOG,9,17,2026-04-15 18:05:34,0.8,0.413783,0.291955,0.276617,0.53046,0.475422,0.8666666746139526,0.1816011816263198,30.0,2026-04-15 18:05:34,33.0,5.709818181818181,30.772199999999998,221.6969696969697,30.0,0.7333333492279053,0.645965576171875,30.0,2026-04-15 18:05:33,33.0,6.7739393939393935,36.4712,221.72727272727272,30.0,2.0,13.5215,16.12295,1315.0,1.0,13.292,13.292,1267.0,,,,,,,,,,,,,,,,,,
variant:RN_ASCON_NoFOG:attempt:9:round:18,RN_ASCON_NoFOG,RN,ASCON,NoFOG,9,18,2026-04-15 18:06:33,0.95,0.180033,0.291353,0.27255,0.531704,0.47425,0.9666666388511658,0.1387568265199661,30.0,2026-04-15 18:06:33,33.0,5.666090909090909,30.0708,221.57575757575756,30.0,0.9333333373069764,0.2213097214698791,30.0,2026-04-15 18:06:33,33.0,7.01039393939394,36.8488,222.3030303030303,30.0,2.0,11.852,12.3254,1314.0,1.0,11.69,11.69,1263.0,,,,,,,,,,,,,,,,,,
variant:RN_ASCON_NoFOG:attempt:9:round:19,RN_ASCON_NoFOG,RN,ASCON,NoFOG,9,19,2026-04-15 18:07:33,0.933333,0.196686,0.290369,0.272433,0.534747,0.472232,0.8999999761581421,0.2859277725219726,30.0,2026-04-15 18:07:32,33.0,5.715090909090908,31.733599999999996,221.78787878787878,30.0,0.9666666388511658,0.1074439734220504,30.0,2026-04-15 18:07:32,33.0,6.994606060606061,34.8786,222.1818181818182,30.0,2.0,12.5655,13.61985,1315.5,1.0,13.193,13.193,1259.0,,,,,,,,,,,,,,,,,,
variant:RN_ASCON_NoFOG:attempt:9:round:20,RN_ASCON_NoFOG,RN,ASCON,NoFOG,9,20,2026-04-15 18:08:32,0.933333,0.178108,0.290633,0.265012,0.532505,0.474873,0.8666666746139526,0.2851769626140594,30.0,2026-04-15 18:08:32,33.0,5.863848484848485,31.709999999999997,221.27272727272728,30.0,1.0,0.0710382685065269,30.0,2026-04-15 18:08:32,33.0,7.231969696969697,34.7498,220.5151515151515,30.0,2.0,10.3885,10.50685,1310.0,1.0,10.975,10.975,1260.0,,,,,,,,,,,,,,,,,,
variant:RN_ASCON_NoFOG:attempt:10:round:1,RN_ASCON_NoFOG,RN,ASCON,NoFOG,10,1,2026-04-15 18:15:59,0.766667,0.716873,0.289522,0.292051,0.540919,0.409526,0.7333333492279053,0.7262839674949646,30.0,2026-04-15 18:15:57,36.0,5.099527777777777,12.473500000000001,181.86111111111111,34.0,0.800000011920929,0.707461953163147,30.0,2026-04-15 18:15:59,32.0,5.64134375,16.89144999999998,189.84375,30.0,2.0,11.6845,12.01705,1312.5,1.0,13.541,13.541,1263.0,,,,,,,,,,,,,,,,,,
variant:RN_ASCON_NoFOG:attempt:10:round:2,RN_ASCON_NoFOG,RN,ASCON,NoFOG,10,2,2026-04-15 18:16:53,0.966667,0.140104,0.293115,0.296928,0.554844,0.425787,0.9333333373069764,0.1815472394227981,30.0,2026-04-15 18:16:54,29.0,6.616586206896553,32.987399999999994,236.3793103448276,26.0,1.0,0.098659761250019,30.0,2026-04-15 18:16:53,34.0,6.190911764705882,36.1645,219.61764705882354,31.0,2.0,10.972000000000001,11.9404,1313.0,1.0,15.455,15.455,1263.0,,,,,,,,,,,,,,,,,,
variant:RN_ASCON_NoFOG:attempt:10:round:3,RN_ASCON_NoFOG,RN,ASCON,NoFOG,10,3,2026-04-15 18:17:53,1.0,0.037189,0.297042,0.307292,0.563961,0.441028,1.0,0.0379756279289722,30.0,2026-04-15 18:17:53,33.0,6.030545454545454,31.245399999999993,222.06060606060606,30.0,1.0,0.036402154713869,30.0,2026-04-15 18:17:53,33.0,6.557666666666667,36.007,222.3939393939394,30.0,2.0,11.362,11.4376,1307.5,1.0,11.23,11.23,1262.0,,,,,,,,,,,,,,,,,,
variant:RN_ASCON_NoFOG:attempt:10:round:4,RN_ASCON_NoFOG,RN,ASCON,NoFOG,10,4,2026-04-15 18:18:51,1.0,0.016519,0.3001,0.31195,0.571498,0.450025,1.0,0.0141655951738357,30.0,2026-04-15 18:18:51,33.0,6.040121212121211,31.429399999999998,222.0,30.0,1.0,0.0188718754798173,30.0,2026-04-15 18:18:51,33.0,6.444454545454546,32.96059999999999,222.21212121212122,30.0,2.0,11.77,12.647499999999999,1304.0,1.0,11.207,11.207,1262.0,,,,,,,,,,,,,,,,,,
variant:RN_ASCON_NoFOG:attempt:10:round:5,RN_ASCON_NoFOG,RN,ASCON,NoFOG,10,5,2026-04-15 18:19:50,1.0,0.015542,0.302098,0.318584,0.576711,0.45525,1.0,0.0199501439929008,30.0,2026-04-15 18:19:50,33.0,6.878181818181819,33.2236,222.1818181818182,30.0,1.0,0.0111335357651114,30.0,2026-04-15 18:19:49,33.0,6.559272727272727,33.4022,222.15151515151516,30.0,2.0,11.8235,12.68975,1310.0,1.0,10.148,10.148,1258.0,,,,,,,,,,,,,,,,,,
variant:RN_ASCON_NoFOG:attempt:10:round:6,RN_ASCON_NoFOG,RN,ASCON,NoFOG,10,6,2026-04-15 18:20:49,1.0,0.009494,0.303174,0.323408,0.579545,0.458393,1.0,0.0046235485933721,30.0,2026-04-15 18:20:49,33.0,5.793666666666667,30.733199999999997,222.24242424242425,30.0,1.0,0.014365404844284,30.0,2026-04-15 18:20:48,33.0,6.937515151515152,36.0212,222.27272727272728,30.0,2.0,11.113,11.636800000000001,1307.0,1.0,10.984,10.984,1260.0,,,,,,,,,,,,,,,,,,
variant:RN_ASCON_NoFOG:attempt:10:round:7,RN_ASCON_NoFOG,RN,ASCON,NoFOG,10,7,2026-04-15 18:21:54,0.983333,0.111128,0.301722,0.317977,0.573791,0.460998,0.9666666388511658,0.1986551284790039,30.0,2026-04-15 18:21:54,33.0,6.196575757575757,33.008199999999995,222.3030303030303,30.0,1.0,0.0236007701605558,30.0,2026-04-15 18:21:52,33.0,7.320939393939393,35.22079999999999,222.06060606060606,30.0,2.0,10.989999999999998,11.1961,1308.0,1.0,11.43,11.43,1262.0,,,,,,,,,,,,,,,,,,
variant:RN_ASCON_NoFOG:attempt:10:round:8,RN_ASCON_NoFOG,RN,ASCON,NoFOG,10,8,2026-04-15 18:22:53,0.85,0.433231,0.292267,0.301669,0.546915,0.442942,0.8999999761581421,0.2892778813838959,30.0,2026-04-15 18:22:53,33.0,6.596030303030304,31.2244,222.33333333333334,30.0,0.800000011920929,0.5771833062171936,30.0,2026-04-15 18:22:52,33.0,6.932,33.6622,222.21212121212122,30.0,2.0,11.188500000000001,11.28345,1317.0,1.0,11.156,11.156,1265.0,,,,,,,,,,,,,,,,,,
variant:RN_ASCON_NoFOG:attempt:10:round:9,RN_ASCON_NoFOG,RN,ASCON,NoFOG,10,9,2026-04-15 18:23:52,0.883333,0.37669,0.289169,0.288774,0.54307,0.436605,0.8333333134651184,0.5356265902519226,30.0,2026-04-15 18:23:52,33.0,6.250484848484848,32.3242,221.8181818181818,30.0,0.9333333373069764,0.2177537977695465,30.0,2026-04-15 18:23:52,32.0,6.7259062499999995,33.5468,224.8125,29.0,2.0,11.5795,12.022749999999998,1315.0,1.0,14.692,14.692,1262.0,,,,,,,,,,,,,,,,,,
variant:RN_ASCON_NoFOG:attempt:10:round:10,RN_ASCON_NoFOG,RN,ASCON,NoFOG,10,10,2026-04-15 18:24:51,0.866667,0.425706,0.288379,0.290679,0.536432,0.441932,0.8333333134651184,0.4842453002929687,30.0,2026-04-15 18:24:51,33.0,6.091848484848484,31.872799999999994,221.6060606060606,30.0,0.8999999761581421,0.3671661913394928,30.0,2026-04-15 18:24:51,34.0,6.553911764705881,33.408849999999994,219.11764705882354,31.0,2.0,16.361,19.466900000000003,1315.5,1.0,10.908,10.908,1262.0,,,,,,,,,,,,,,,,,,
variant:RN_ASCON_NoFOG:attempt:10:round:11,RN_ASCON_NoFOG,RN,ASCON,NoFOG,10,11,2026-04-15 18:25:50,0.85,0.323838,0.287489,0.282784,0.522886,0.447355,0.800000011920929,0.4104988276958465,30.0,2026-04-15 18:25:50,33.0,6.219484848484849,32.4708,221.24242424242425,30.0,0.8999999761581421,0.2371762543916702,30.0,2026-04-15 18:25:50,33.0,7.11039393939394,34.803,222.12121212121212,30.0,2.0,10.834,11.2228,1316.0,1.0,12.528,12.528,1269.0,,,,,,,,,,,,,,,,,,
variant:RN_ASCON_NoFOG:attempt:10:round:12,RN_ASCON_NoFOG,RN,ASCON,NoFOG,10,12,2026-04-15 18:26:49,0.933333,0.186699,0.287973,0.286204,0.519452,0.45504,0.8999999761581421,0.1842896491289138,30.0,2026-04-15 18:26:49,33.0,6.795090909090909,32.89999999999999,222.63636363636363,30.0,0.9666666388511658,0.1891092956066131,30.0,2026-04-15 18:26:49,33.0,5.870424242424242,32.64739999999999,222.6060606060606,30.0,2.0,10.593499999999999,10.75775,1318.0,1.0,12.402,12.402,1263.0,,,,,,,,,,,,,,,,,,
variant:RN_ASCON_NoFOG:attempt:10:round:13,RN_ASCON_NoFOG,RN,ASCON,NoFOG,10,13,2026-04-15 18:27:48,0.85,0.288288,0.288239,0.285236,0.519241,0.460709,0.8666666746139526,0.2874134182929992,30.0,2026-04-15 18:27:48,33.0,6.238545454545454,31.7548,221.96969696969697,30.0,0.8333333134651184,0.2891633808612823,30.0,2026-04-15 18:27:47,33.0,6.163515151515151,32.967,221.3939393939394,30.0,2.0,11.958,11.9859,1313.0,1.0,15.916,15.916,1267.0,,,,,,,,,,,,,,,,,,
variant:RN_ASCON_NoFOG:attempt:10:round:14,RN_ASCON_NoFOG,RN,ASCON,NoFOG,10,14,2026-04-15 18:28:49,0.916667,0.21706,0.288728,0.285937,0.519346,0.464721,0.8999999761581421,0.2624858915805816,30.0,2026-04-15 18:28:49,33.0,6.358,35.240399999999994,222.0909090909091,30.0,0.9333333373069764,0.1716333329677581,30.0,2026-04-15 18:28:48,33.0,6.791090909090909,33.626599999999996,222.78787878787878,30.0,2.0,10.631499999999999,10.98475,1314.5,1.0,9.815,9.815,1262.0,,,,,,,,,,,,,,,,,,
variant:RN_ASCON_NoFOG:attempt:10:round:15,RN_ASCON_NoFOG,RN,ASCON,NoFOG,10,15,2026-04-15 18:29:48,0.883333,0.224941,0.290547,0.283087,0.518796,0.467149,0.8999999761581421,0.2177488654851913,30.0,2026-04-15 18:29:48,33.0,6.36509090909091,33.334999999999994,221.42424242424244,30.0,0.8666666746139526,0.2321327477693557,30.0,2026-04-15 18:29:48,33.0,6.8611818181818185,38.2564,220.72727272727272,30.0,2.0,10.754999999999999,10.962,1313.0,1.0,12.486,12.486,1260.0,,,,,,,,,,,,,,,,,,
variant:RN_ASCON_NoFOG:attempt:10:round:16,RN_ASCON_NoFOG,RN,ASCON,NoFOG,10,16,2026-04-15 18:30:49,0.916667,0.278612,0.291154,0.282355,0.519069,0.46797,0.9333333373069764,0.2514927685260772,30.0,2026-04-15 18:30:49,33.0,6.198484848484849,32.943,221.42424242424244,30.0,0.8999999761581421,0.3057315051555633,30.0,2026-04-15 18:30:46,33.0,7.0366060606060605,38.172,221.84848484848484,30.0,2.0,11.849,12.578000000000001,1312.0,1.0,10.913,10.913,1262.0,,,,,,,,,,,,,,,,,,
variant:RN_ASCON_NoFOG:attempt:10:round:17,RN_ASCON_NoFOG,RN,ASCON,NoFOG,10,17,2026-04-15 18:31:51,0.933333,0.260793,0.292422,0.28274,0.518347,0.472348,0.9333333373069764,0.2298083007335662,30.0,2026-04-15 18:31:47,33.0,6.445454545454545,32.20619999999999,221.4848484848485,30.0,0.9333333373069764,0.2917770445346832,30.0,2026-04-15 18:31:51,32.0,6.5181875,35.7512,224.78125,29.0,2.0,13.318,15.979299999999999,1315.0,1.0,16.818,16.818,1263.0,,,,,,,,,,,,,,,,,,
variant:RN_ASCON_NoFOG:attempt:10:round:18,RN_ASCON_NoFOG,RN,ASCON,NoFOG,10,18,2026-04-15 18:32:51,0.883333,0.238404,0.291335,0.279867,0.517161,0.472158,0.8333333134651184,0.254050999879837,30.0,2026-04-15 18:32:51,33.0,6.132575757575758,31.7518,221.75757575757575,30.0,0.9333333373069764,0.2227576524019241,30.0,2026-04-15 18:32:49,34.0,6.642852941176471,34.671549999999996,219.08823529411765,31.0,2.0,10.675,11.062899999999999,1315.5,1.0,10.86,10.86,1262.0,,,,,,,,,,,,,,,,,,
variant:RN_ASCON_NoFOG:attempt:10:round:19,RN_ASCON_NoFOG,RN,ASCON,NoFOG,10,19,2026-04-15 18:33:50,0.9,0.210023,0.291748,0.278483,0.517165,0.478227,0.8666666746139526,0.2163440287113189,30.0,2026-04-15 18:33:50,33.0,6.0483939393939385,30.472199999999997,221.4848484848485,30.0,0.9333333373069764,0.203701451420784,30.0,2026-04-15 18:33:49,33.0,7.173636363636364,35.572599999999994,221.8181818181818,30.0,2.0,17.2985,21.85475,1318.0,1.0,27.547,27.547,1265.0,,,,,,,,,,,,,,,,,,
variant:RN_ASCON_NoFOG:attempt:10:round:20,RN_ASCON_NoFOG,RN,ASCON,NoFOG,10,20,2026-04-15 18:34:49,0.933333,0.139853,0.293376,0.280735,0.519042,0.483878,0.8999999761581421,0.1571979373693466,30.0,2026-04-15 18:34:49,33.0,5.940606060606061,31.204199999999997,222.36363636363637,30.0,0.9666666388511658,0.1225082948803901,30.0,2026-04-15 18:34:49,33.0,6.710121212121213,33.514599999999994,222.6060606060606,30.0,2.0,10.833,11.211,1317.5,1.0,11.824,11.824,1267.0,,,,,,,,,,,,,,,,,,
variant:RN_ASCON_NoFOG:attempt:11:round:1,RN_ASCON_NoFOG,RN,ASCON,NoFOG,11,1,2026-04-15 18:40:42,0.75,0.906604,0.288574,0.291733,0.540995,0.41006,0.7666666507720947,0.6917151212692261,30.0,2026-04-15 18:40:42,32.0,5.02146875,17.94104999999998,190.3125,30.0,0.7333333492279053,1.1214922666549685,30.0,2026-04-15 18:40:42,36.0,4.633916666666668,11.818,181.97222222222223,34.0,2.0,19.3045,20.58205,1313.5,1.0,17.758,17.758,1261.0,,,,,,,,,,,,,,,,,,
variant:RN_ASCON_NoFOG:attempt:11:round:2,RN_ASCON_NoFOG,RN,ASCON,NoFOG,11,2,2026-04-15 18:41:35,0.95,0.158162,0.292321,0.295371,0.554168,0.42658,0.9666666388511658,0.1799287647008896,30.0,2026-04-15 18:41:35,33.0,5.813484848484848,33.547399999999996,222.8181818181818,30.0,0.9333333373069764,0.1363951414823532,30.0,2026-04-15 18:41:35,30.0,6.7651666666666666,36.72405,232.36666666666667,27.0,2.0,11.839500000000001,12.15945,1312.0,1.0,12.443,12.443,1262.0,,,,,,,,,,,,,,,,,,
variant:RN_ASCON_NoFOG:attempt:11:round:3,RN_ASCON_NoFOG,RN,ASCON,NoFOG,11,3,2026-04-15 18:42:37,0.983333,0.062502,0.29583,0.306252,0.5637,0.43717,0.9666666388511658,0.0887817367911338,30.0,2026-04-15 18:42:37,33.0,6.4852727272727275,35.282199999999996,222.21212121212122,30.0,1.0,0.0362218581140041,30.0,2026-04-15 18:42:37,32.0,6.44253125,34.19075,225.4375,29.0,2.0,12.794,14.243,1312.0,1.0,12.168,12.168,1256.0,,,,,,,,,,,,,,,,,,
variant:RN_ASCON_NoFOG:attempt:11:round:4,RN_ASCON_NoFOG,RN,ASCON,NoFOG,11,4,2026-04-15 18:43:36,1.0,0.022675,0.298063,0.312403,0.570028,0.446557,1.0,0.0180434305220842,30.0,2026-04-15 18:43:36,33.0,5.695212121212122,33.117399999999996,221.9090909090909,30.0,1.0,0.0273073632270097,30.0,2026-04-15 18:43:36,33.0,6.305757575757576,34.139199999999995,221.87878787878788,30.0,2.0,11.9805,12.204149999999998,1308.0,1.0,13.543,13.543,1260.0,,,,,,,,,,,,,,,,,,
variant:RN_ASCON_NoFOG:attempt:11:round:5,RN_ASCON_NoFOG,RN,ASCON,NoFOG,11,5,2026-04-15 18:44:44,1.0,0.012399,0.299368,0.317495,0.574334,0.451123,1.0,0.0046903332695364,30.0,2026-04-15 18:44:44,33.0,5.322606060606061,31.671999999999997,222.27272727272728,30.0,1.0,0.0201068837195634,30.0,2026-04-15 18:44:39,36.0,7.865166666666667,40.7115,213.30555555555554,33.0,2.0,10.811499999999999,10.96495,1302.0,1.0,9.986,9.986,1261.0,,,,,,,,,,,,,,,,,,
variant:RN_ASCON_NoFOG:attempt:11:round:6,RN_ASCON_NoFOG,RN,ASCON,NoFOG,11,6,2026-04-15 18:45:43,0.9,0.242563,0.29642,0.313124,0.559022,0.449948,1.0,0.0055918670259416,30.0,2026-04-15 18:45:43,33.0,5.601515151515152,32.6644,222.5151515151515,30.0,0.800000011920929,0.4795337319374084,30.0,2026-04-15 18:45:38,33.0,8.67539393939394,43.35039999999998,221.6969696969697,30.0,2.0,11.245999999999999,11.4782,1312.5,1.0,10.855,10.855,1264.0,,,,,,,,,,,,,,,,,,
variant:RN_ASCON_NoFOG:attempt:11:round:7,RN_ASCON_NoFOG,RN,ASCON,NoFOG,11,7,2026-04-15 18:46:42,0.95,0.183978,0.295405,0.309577,0.549455,0.452527,0.9666666388511658,0.083684854209423,30.0,2026-04-15 18:46:42,33.0,5.972484848484848,33.615,222.42424242424244,30.0,0.9333333373069764,0.2842716872692108,30.0,2026-04-15 18:46:36,33.0,7.650212121212121,37.859999999999985,221.45454545454547,30.0,2.0,10.148499999999999,10.29295,1312.5,1.0,10.253,10.253,1259.0,,,,,,,,,,,,,,,,,,
variant:RN_ASCON_NoFOG:attempt:11:round:8,RN_ASCON_NoFOG,RN,ASCON,NoFOG,11,8,2026-04-15 18:47:41,0.9,0.254117,0.294932,0.306162,0.549052,0.454881,1.0,0.0220449045300483,30.0,2026-04-15 18:47:41,33.0,5.758242424242424,33.336999999999996,222.21212121212122,30.0,0.800000011920929,0.4861887693405151,30.0,2026-04-15 18:47:35,33.0,7.741333333333333,35.748999999999995,221.1818181818182,30.0,2.0,15.191,17.3537,1309.0,1.0,11.014,11.014,1263.0,,,,,,,,,,,,,,,,,,
variant:RN_ASCON_NoFOG:attempt:11:round:9,RN_ASCON_NoFOG,RN,ASCON,NoFOG,11,9,2026-04-15 18:48:40,0.966667,0.118733,0.294275,0.304943,0.538166,0.457676,1.0,0.0237851701676845,30.0,2026-04-15 18:48:40,33.0,6.10521212121212,34.0192,222.42424242424244,30.0,0.9333333373069764,0.2136812806129455,30.0,2026-04-15 18:48:35,33.0,8.679666666666666,41.604199999999985,221.96969696969697,30.0,2.0,10.614,10.8003,1314.5,1.0,11.852,11.852,1259.0,,,,,,,,,,,,,,,,,,
variant:RN_ASCON_NoFOG:attempt:11:round:10,RN_ASCON_NoFOG,RN,ASCON,NoFOG,11,10,2026-04-15 18:49:39,0.966667,0.122137,0.294311,0.310791,0.536597,0.463012,1.0,0.0168476477265357,30.0,2026-04-15 18:49:39,33.0,5.766212121212121,32.1134,222.21212121212122,30.0,0.9333333373069764,0.2274262756109237,30.0,2026-04-15 18:49:33,33.0,8.084727272727273,36.09119999999999,221.45454545454547,30.0,2.0,14.612,14.754199999999999,1306.5,1.0,14.281,14.281,1259.0,,,,,,,,,,,,,,,,,,
variant:RN_ASCON_NoFOG:attempt:11:round:11,RN_ASCON_NoFOG,RN,ASCON,NoFOG,11,11,2026-04-15 18:50:37,0.9,0.238231,0.294509,0.307337,0.53893,0.466877,0.9666666388511658,0.0606987960636615,30.0,2026-04-15 18:50:37,33.0,5.8009393939393945,32.0458,222.57575757575756,30.0,0.8333333134651184,0.4157622754573822,30.0,2026-04-15 18:50:32,33.0,7.730030303030303,38.33839999999999,221.75757575757575,30.0,2.0,11.5215,11.69115,1313.5,1.0,11.253,11.253,1261.0,,,,,,,,,,,,,,,,,,
variant:RN_ASCON_NoFOG:attempt:11:round:12,RN_ASCON_NoFOG,RN,ASCON,NoFOG,11,12,2026-04-15 18:51:36,0.933333,0.184959,0.294214,0.308257,0.539052,0.46931,1.0,0.0068825483322143,30.0,2026-04-15 18:51:36,33.0,7.045454545454545,33.160799999999995,221.87878787878788,30.0,0.8666666746139526,0.3630345165729522,30.0,2026-04-15 18:51:30,33.0,7.247545454545455,33.092999999999996,220.84848484848484,30.0,2.0,16.903,22.0339,1310.5,1.0,10.246,10.246,1256.0,,,,,,,,,,,,,,,,,,
variant:RN_ASCON_NoFOG:attempt:11:round:13,RN_ASCON_NoFOG,RN,ASCON,NoFOG,11,13,2026-04-15 18:52:36,0.883333,0.174798,0.293959,0.302752,0.540146,0.468068,1.0,0.0130376853048801,30.0,2026-04-15 18:52:36,33.0,6.366303030303031,34.4662,221.66666666666666,30.0,0.7666666507720947,0.3365587890148163,30.0,2026-04-15 18:52:29,33.0,7.865212121212122,43.34779999999997,220.42424242424244,30.0,2.0,12.5465,13.524349999999998,1306.5,1.0,12.344,12.344,1266.0,,,,,,,,,,,,,,,,,,
variant:RN_ASCON_NoFOG:attempt:11:round:14,RN_ASCON_NoFOG,RN,ASCON,NoFOG,11,14,2026-04-15 18:53:35,0.95,0.115257,0.294708,0.304459,0.541055,0.471781,1.0,0.0361005626618862,30.0,2026-04-15 18:53:35,33.0,6.255333333333333,32.95759999999999,222.36363636363637,30.0,0.8999999761581421,0.1944136023521423,30.0,2026-04-15 18:53:30,33.0,7.709757575757576,43.026599999999966,220.72727272727272,30.0,2.0,17.017,22.219,1310.0,1.0,11.476,11.476,1260.0,,,,,,,,,,,,,,,,,,
variant:RN_ASCON_NoFOG:attempt:11:round:15,RN_ASCON_NoFOG,RN,ASCON,NoFOG,11,15,2026-04-15 18:54:34,0.916667,0.150432,0.295674,0.308001,0.54125,0.475642,1.0,0.0099765127524733,30.0,2026-04-15 18:54:34,33.0,6.120030303030304,32.6224,222.15151515151516,30.0,0.8333333134651184,0.2908882200717926,30.0,2026-04-15 18:54:29,33.0,7.854666666666667,46.462399999999974,221.42424242424244,30.0,2.0,11.36,11.4635,1309.5,1.0,11.309,11.309,1263.0,,,,,,,,,,,,,,,,,,
variant:RN_ASCON_NoFOG:attempt:11:round:16,RN_ASCON_NoFOG,RN,ASCON,NoFOG,11,16,2026-04-15 18:55:32,0.916667,0.15957,0.296278,0.309255,0.542298,0.478637,1.0,0.0132134836167097,30.0,2026-04-15 18:55:32,33.0,6.31469696969697,32.345,222.06060606060606,30.0,0.8333333134651184,0.3059262037277221,30.0,2026-04-15 18:55:27,33.0,8.498878787878787,45.44339999999997,220.87878787878788,30.0,2.0,13.71,14.7981,1311.0,1.0,11.646,11.646,1261.0,,,,,,,,,,,,,,,,,,
variant:RN_ASCON_NoFOG:attempt:11:round:17,RN_ASCON_NoFOG,RN,ASCON,NoFOG,11,17,2026-04-15 18:56:31,0.916667,0.141149,0.296808,0.30814,0.544766,0.483352,1.0,0.0088982880115509,30.0,2026-04-15 18:56:31,33.0,6.192757575757575,31.18,222.06060606060606,30.0,0.8333333134651184,0.2733990848064422,30.0,2026-04-15 18:56:26,33.0,7.91251515151515,43.522999999999975,222.06060606060606,30.0,2.0,10.6115,10.62545,1311.0,1.0,10.92,10.92,1257.0,,,,,,,,,,,,,,,,,,
variant:RN_ASCON_NoFOG:attempt:11:round:18,RN_ASCON_NoFOG,RN,ASCON,NoFOG,11,18,2026-04-15 18:57:29,0.933333,0.14123,0.296781,0.310816,0.544545,0.489276,1.0,0.0256659351289272,30.0,2026-04-15 18:57:29,33.0,5.680666666666666,32.4932,222.0,30.0,0.8666666746139526,0.2567946314811706,30.0,2026-04-15 18:57:24,33.0,7.4025454545454545,35.678999999999995,221.24242424242425,30.0,2.0,11.1415,11.52985,1309.5,1.0,13.817,13.817,1258.0,,,,,,,,,,,,,,,,,,
variant:RN_ASCON_NoFOG:attempt:11:round:19,RN_ASCON_NoFOG,RN,ASCON,NoFOG,11,19,2026-04-15 18:58:30,0.866667,0.231651,0.296781,0.312989,0.543866,0.495593,1.0,0.0053617875091731,30.0,2026-04-15 18:58:31,33.0,5.913939393939394,32.4514,222.5151515151515,30.0,0.7333333492279053,0.4579411149024963,30.0,2026-04-15 18:58:23,33.0,6.508181818181819,33.9794,221.12121212121212,30.0,2.0,20.714,21.7283,1311.0,1.0,18.106,18.106,1257.0,,,,,,,,,,,,,,,,,,
variant:RN_ASCON_NoFOG:attempt:11:round:20,RN_ASCON_NoFOG,RN,ASCON,NoFOG,11,20,2026-04-15 18:59:29,0.933333,0.123043,0.296923,0.312076,0.546035,0.500903,1.0,0.0034187291748821,30.0,2026-04-15 18:59:30,33.0,6.057818181818182,32.819599999999994,222.0909090909091,30.0,0.8666666746139526,0.2426678538322448,30.0,2026-04-15 18:59:24,33.0,8.002939393939393,34.40379999999999,221.6060606060606,30.0,2.0,10.7805,11.23365,1310.0,1.0,10.999,10.999,1265.0,,,,,,,,,,,,,,,,,,
variant:RN_ASCON_NoFOG:attempt:12:round:1,RN_ASCON_NoFOG,RN,ASCON,NoFOG,12,1,2026-04-16 12:37:51,0.683333,0.837695,0.287123,0.291243,0.540225,0.409909,0.6666666865348816,0.6228597164154053,30.0,2026-04-16 12:37:46,39.0,4.729512820512821,7.287800000000039,177.0,37.0,0.699999988079071,1.0525293350219729,30.0,2026-04-16 12:37:51,32.0,5.863312499999999,16.567949999999982,189.4375,30.0,2.0,25.8495,29.37615,1313.5,1.0,25.19,25.19,1261.0,,,,,,,,,,,,,,,,,,
variant:RN_ASCON_NoFOG:attempt:12:round:2,RN_ASCON_NoFOG,RN,ASCON,NoFOG,12,2,2026-04-16 12:38:44,0.933333,0.210773,0.289251,0.296188,0.55553,0.427194,0.9333333373069764,0.199952632188797,30.0,2026-04-16 12:38:40,30.0,6.723933333333332,35.20645,232.7,27.0,0.9333333373069764,0.221593365073204,30.0,2026-04-16 12:38:45,33.0,5.912424242424243,32.055,222.5151515151515,30.0,2.0,24.093,24.7698,1312.0,1.0,35.847,35.847,1265.0,,,,,,,,,,,,,,,,,,
variant:RN_ASCON_NoFOG:attempt:12:round:3,RN_ASCON_NoFOG,RN,ASCON,NoFOG,12,3,2026-04-16 12:39:42,1.0,0.050908,0.292685,0.306396,0.563667,0.44218,1.0,0.03670060262084,30.0,2026-04-16 12:39:38,33.0,7.516121212121212,37.96539999999999,221.96969696969697,30.0,1.0,0.065115213394165,30.0,2026-04-16 12:39:43,33.0,6.561909090909091,32.489799999999995,222.3030303030303,30.0,2.0,23.511499999999998,23.92595,1307.0,1.0,32.837,32.837,1265.0,,,,,,,,,,,,,,,,,,
variant:RN_ASCON_NoFOG:attempt:12:round:4,RN_ASCON_NoFOG,RN,ASCON,NoFOG,12,4,2026-04-16 12:40:41,1.0,0.01315,0.295169,0.311052,0.569655,0.45243,1.0,0.0104232421144843,30.0,2026-04-16 12:40:37,33.0,8.407060606060606,45.86619999999998,222.36363636363637,30.0,1.0,0.0158762037754058,30.0,2026-04-16 12:40:41,33.0,6.060939393939394,31.3894,222.03030303030303,30.0,2.0,28.597,33.142900000000004,1307.5,1.0,29.055,29.055,1261.0,,,,,,,,,,,,,,,,,,
variant:RN_ASCON_NoFOG:attempt:12:round:5,RN_ASCON_NoFOG,RN,ASCON,NoFOG,12,5,2026-04-16 12:41:39,1.0,0.014095,0.296693,0.314772,0.573637,0.457555,1.0,0.0087003838270902,30.0,2026-04-16 12:41:35,33.0,7.389181818181818,33.596999999999994,221.96969696969697,30.0,1.0,0.019490547478199,30.0,2026-04-16 12:41:40,33.0,6.147030303030304,32.918,221.84848484848484,30.0,2.0,34.2565,34.40725,1304.5,1.0,25.368,25.368,1263.0,,,,,,,,,,,,,,,,,,
variant:RN_ASCON_NoFOG:attempt:12:round:6,RN_ASCON_NoFOG,RN,ASCON,NoFOG,12,6,2026-04-16 12:46:04,0.85,0.462281,0.287375,0.302699,0.546095,0.446984,0.8333333134651184,0.6331023573875427,30.0,2026-04-16 12:46:04,29.0,6.233206896551724,32.846999999999994,236.48275862068965,26.0,0.8666666746139526,0.2914596498012543,30.0,2026-04-16 12:46:01,35.0,6.03462857142857,33.8505,215.82857142857142,32.0,2.0,23.698999999999998,24.214699999999997,1315.5,1.0,25.622,25.622,1256.0,,,,,,,,,,,,,,,,,,
variant:RN_ASCON_NoFOG:attempt:12:round:7,RN_ASCON_NoFOG,RN,ASCON,NoFOG,12,7,2026-04-16 12:47:02,0.816667,0.447032,0.285598,0.295835,0.549469,0.44355,0.8333333134651184,0.3605756163597107,30.0,2026-04-16 12:47:03,33.0,5.486757575757577,30.247,221.93939393939394,30.0,0.800000011920929,0.533487856388092,30.0,2026-04-16 12:47:03,33.0,5.61839393939394,33.8882,222.27272727272728,30.0,2.0,32.373,39.7098,1314.0,1.0,40.68,40.68,1262.0,,,,,,,,,,,,,,,,,,
variant:RN_ASCON_NoFOG:attempt:12:round:8,RN_ASCON_NoFOG,RN,ASCON,NoFOG,12,8,2026-04-16 12:48:01,0.816667,0.566732,0.284335,0.290484,0.543089,0.447702,0.7333333492279053,0.5610736012458801,30.0,2026-04-16 12:48:02,33.0,5.350666666666667,31.106599999999997,221.21212121212122,30.0,0.8999999761581421,0.572390615940094,30.0,2026-04-16 12:48:01,32.0,6.64040625,33.90555,225.875,29.0,2.0,34.2615,35.45985,1312.0,1.0,21.447,21.447,1265.0,,,,,,,,,,,,,,,,,,
variant:RN_ASCON_NoFOG:attempt:12:round:9,RN_ASCON_NoFOG,RN,ASCON,NoFOG,12,9,2026-04-16 12:49:00,0.933333,0.232826,0.282589,0.287777,0.537596,0.451237,0.9333333373069764,0.2772270143032074,30.0,2026-04-16 12:49:01,33.0,5.876848484848484,31.288999999999998,223.03030303030303,30.0,0.9333333373069764,0.1884242892265319,30.0,2026-04-16 12:49:00,33.0,5.910636363636364,32.662,222.4848484848485,30.0,2.0,24.489,25.1874,1316.0,1.0,27.276,27.276,1265.0,,,,,,,,,,,,,,,,,,
variant:RN_ASCON_NoFOG:attempt:12:round:10,RN_ASCON_NoFOG,RN,ASCON,NoFOG,12,10,2026-04-16 12:49:58,0.85,0.402367,0.281958,0.281393,0.534846,0.45913,0.8666666746139526,0.3332094252109527,30.0,2026-04-16 12:49:59,33.0,5.98460606060606,31.696199999999997,222.06060606060606,30.0,0.8333333134651184,0.4715242087841034,30.0,2026-04-16 12:49:59,33.0,5.815272727272728,32.56099999999999,222.0909090909091,30.0,2.0,29.387999999999998,35.770799999999994,1315.5,1.0,30.696,30.696,1262.0,,,,,,,,,,,,,,,,,,
variant:RN_ASCON_NoFOG:attempt:12:round:11,RN_ASCON_NoFOG,RN,ASCON,NoFOG,12,11,2026-04-16 12:50:57,0.933333,0.166896,0.282786,0.280361,0.531068,0.465516,0.9666666388511658,0.0810369774699211,30.0,2026-04-16 12:50:58,33.0,5.702545454545455,32.71319999999999,221.27272727272728,30.0,0.8999999761581421,0.2527552843093872,30.0,2026-04-16 12:50:57,33.0,5.164121212121213,33.784,222.0909090909091,30.0,2.0,34.231,44.4658,1311.0,1.0,22.451,22.451,1268.0,,,,,,,,,,,,,,,,,,
variant:RN_ASCON_NoFOG:attempt:12:round:12,RN_ASCON_NoFOG,RN,ASCON,NoFOG,12,12,2026-04-16 12:51:55,0.95,0.176159,0.284749,0.282358,0.5284,0.471413,0.9333333373069764,0.1737392097711563,30.0,2026-04-16 12:51:56,33.0,5.745727272727274,33.46019999999999,222.3030303030303,30.0,0.9666666388511658,0.1785797774791717,30.0,2026-04-16 12:51:56,33.0,5.761272727272726,30.824199999999998,222.45454545454547,30.0,2.0,24.1305,24.976950000000002,1311.0,1.0,22.527,22.527,1267.0,,,,,,,,,,,,,,,,,,
variant:RN_ASCON_NoFOG:attempt:12:round:13,RN_ASCON_NoFOG,RN,ASCON,NoFOG,12,13,2026-04-16 12:52:54,0.95,0.133977,0.286232,0.285116,0.528841,0.478244,0.9666666388511658,0.1259063929319381,30.0,2026-04-16 12:52:55,33.0,6.715454545454546,34.744,222.8181818181818,30.0,0.9333333373069764,0.1420469284057617,30.0,2026-04-16 12:52:54,33.0,7.307787878787879,33.6474,221.78787878787878,30.0,2.0,24.393,24.7224,1315.5,1.0,29.407,29.407,1261.0,,,,,,,,,,,,,,,,,,
variant:RN_ASCON_NoFOG:attempt:12:round:14,RN_ASCON_NoFOG,RN,ASCON,NoFOG,12,14,2026-04-16 12:53:53,0.866667,0.287945,0.287627,0.284829,0.52898,0.484853,0.8999999761581421,0.2530869841575622,30.0,2026-04-16 12:53:54,33.0,6.182636363636364,32.301399999999994,221.12121212121212,30.0,0.8333333134651184,0.322802722454071,30.0,2026-04-16 12:53:53,33.0,6.486303030303031,33.09139999999999,221.6969696969697,30.0,2.0,29.0285,33.87815,1312.5,1.0,26.072,26.072,1260.0,,,,,,,,,,,,,,,,,,
variant:RN_ASCON_NoFOG:attempt:12:round:15,RN_ASCON_NoFOG,RN,ASCON,NoFOG,12,15,2026-04-16 12:54:51,0.9,0.21656,0.287402,0.280793,0.528502,0.489217,0.8666666746139526,0.2815709114074707,30.0,2026-04-16 12:54:52,33.0,6.048757575757576,30.151,221.66666666666666,30.0,0.9333333373069764,0.1515484005212783,30.0,2026-04-16 12:54:52,33.0,6.745060606060606,34.5244,221.0909090909091,30.0,2.0,24.451,25.409499999999998,1315.0,1.0,23.669,23.669,1259.0,,,,,,,,,,,,,,,,,,
variant:RN_ASCON_NoFOG:attempt:12:round:16,RN_ASCON_NoFOG,RN,ASCON,NoFOG,12,16,2026-04-16 12:55:50,0.85,0.325548,0.285377,0.271333,0.526575,0.489102,0.8999999761581421,0.3173347115516662,30.0,2026-04-16 12:55:51,33.0,5.610515151515151,32.2254,222.06060606060606,30.0,0.800000011920929,0.3337613940238952,30.0,2026-04-16 12:55:50,33.0,6.715818181818182,33.5756,221.3030303030303,30.0,2.0,25.146,26.3466,1312.5,1.0,25.225,25.225,1265.0,,,,,,,,,,,,,,,,,,
variant:RN_ASCON_NoFOG:attempt:12:round:17,RN_ASCON_NoFOG,RN,ASCON,NoFOG,12,17,2026-04-16 12:57:39,0.866667,0.226435,0.28834,0.270179,0.532223,0.497372,0.9333333373069764,0.1617299914360046,30.0,2026-04-16 12:56:49,64.0,4.993,27.15629999999985,189.484375,60.0,0.8999999761581421,0.2320932298898697,30.0,2026-04-16 12:56:49,64.0,5.498203125,27.865549999999843,188.921875,60.0,2.0,35.7945,39.19155,1315.0,1.0,54.279,54.279,1265.0,,,,,,,,,,,,,,,,,,
variant:RN_ASCON_NoFOG:attempt:12:round:18,RN_ASCON_NoFOG,RN,ASCON,NoFOG,12,18,2026-04-16 12:58:39,0.85,0.302748,0.290147,0.270841,0.531163,0.506408,0.8666666746139526,0.3891904056072235,30.0,2026-04-16 12:58:40,33.0,5.739333333333334,31.5434,221.1818181818182,30.0,0.8333333134651184,0.2163059264421463,30.0,2026-04-16 12:58:37,33.0,6.512030303030302,33.812,221.54545454545453,30.0,2.0,25.176000000000002,27.9462,1314.5,1.0,42.026,42.026,1261.0,,,,,,,,,,,,,,,,,,
variant:RN_ASCON_NoFOG:attempt:12:round:19,RN_ASCON_NoFOG,RN,ASCON,NoFOG,12,19,2026-04-16 12:59:38,0.85,0.242026,0.290673,0.268207,0.532375,0.513745,0.8666666746139526,0.2579420506954193,30.0,2026-04-16 12:59:38,33.0,6.077606060606061,31.293,221.66666666666666,30.0,0.8333333134651184,0.2261099815368652,30.0,2026-04-16 12:59:38,33.0,6.104181818181818,32.8488,221.45454545454547,30.0,2.0,35.337500000000006,35.81765,1314.0,1.0,51.597,51.597,1260.0,,,,,,,,,,,,,,,,,,
variant:RN_ASCON_NoFOG:attempt:12:round:20,RN_ASCON_NoFOG,RN,ASCON,NoFOG,12,20,2026-04-16 13:00:36,0.866667,0.259398,0.291232,0.267449,0.534202,0.520006,0.8666666746139526,0.295272946357727,30.0,2026-04-16 13:00:37,33.0,5.576121212121212,30.5716,222.0,30.0,0.8666666746139526,0.22352235019207,30.0,2026-04-16 13:00:36,33.0,6.239393939393938,30.3874,221.21212121212122,30.0,2.0,29.709000000000003,34.9146,1315.5,1.0,29.938,29.938,1259.0,,,,,,,,,,,,,,,,,,
variant:RN_ASCON_NoFOG:attempt:12:round:21,RN_ASCON_NoFOG,RN,ASCON,NoFOG,12,21,2026-04-16 13:01:35,0.916667,0.208888,0.291071,0.261866,0.537965,0.522867,0.8666666746139526,0.3066364824771881,30.0,2026-04-16 13:01:35,33.0,6.173333333333334,32.276799999999994,220.57575757575756,30.0,0.9666666388511658,0.1111388951539993,30.0,2026-04-16 13:01:35,33.0,5.777181818181818,31.9678,222.0909090909091,30.0,2.0,34.170500000000004,36.10595,1315.5,1.0,24.18,24.18,1262.0,,,,,,,,,,,,,,,,,,
variant:RN_ASCON_NoFOG:attempt:12:round:22,RN_ASCON_NoFOG,RN,ASCON,NoFOG,12,22,2026-04-16 13:02:33,0.9,0.157909,0.292087,0.267329,0.53766,0.534064,0.8999999761581421,0.1537322551012039,30.0,2026-04-16 13:02:34,33.0,5.719212121212123,32.9426,221.6060606060606,30.0,0.8999999761581421,0.1620852798223495,30.0,2026-04-16 13:02:33,33.0,6.3042727272727275,33.754799999999996,221.33333333333334,30.0,2.0,30.3505,37.67965,1313.5,1.0,24.046,24.046,1266.0,,,,,,,,,,,,,,,,,,
variant:RN_ASCON_NoFOG:attempt:12:round:23,RN_ASCON_NoFOG,RN,ASCON,NoFOG,12,23,2026-04-16 13:03:31,0.9,0.21174,0.292763,0.268889,0.537717,0.53629,0.8666666746139526,0.1901994794607162,30.0,2026-04-16 13:03:32,33.0,6.307696969696969,33.190999999999995,221.66666666666666,30.0,0.9333333373069764,0.2332797795534134,30.0,2026-04-16 13:03:32,33.0,5.369333333333333,33.8814,221.42424242424244,30.0,2.0,24.3945,26.14365,1310.5,1.0,34.997,34.997,1260.0,,,,,,,,,,,,,,,,,,
variant:RN_ASCON_NoFOG:attempt:12:round:24,RN_ASCON_NoFOG,RN,ASCON,NoFOG,12,24,2026-04-16 13:04:32,0.933333,0.156201,0.293845,0.267186,0.54092,0.540025,0.9333333373069764,0.1764839738607406,30.0,2026-04-16 13:04:32,33.0,7.185242424242424,34.04779999999999,221.57575757575756,30.0,0.9333333373069764,0.1359172761440277,30.0,2026-04-16 13:04:30,33.0,6.672939393939394,32.444,222.03030303030303,30.0,2.0,24.1195,24.26485,1314.0,1.0,22.877,22.877,1261.0,,,,,,,,,,,,,,,,,,
variant:RN_ASCON_NoFOG:attempt:12:round:25,RN_ASCON_NoFOG,RN,ASCON,NoFOG,12,25,2026-04-16 13:05:31,1.0,0.07467,0.293829,0.268087,0.541413,0.541094,1.0,0.1092927306890487,30.0,2026-04-16 13:05:31,33.0,7.1123636363636376,38.48599999999999,221.3030303030303,30.0,1.0,0.0400468967854976,30.0,2026-04-16 13:05:30,33.0,6.655090909090909,34.4184,222.12121212121212,30.0,2.0,28.8475,32.293150000000004,1309.5,1.0,25.068,25.068,1262.0,,,,,,,,,,,,,,,,,,
variant:RN_ASCON_NoFOG:attempt:12:round:26,RN_ASCON_NoFOG,RN,ASCON,NoFOG,12,26,2026-04-16 13:06:31,0.933333,0.150842,0.295008,0.266429,0.545286,0.546881,0.9333333373069764,0.0977105945348739,30.0,2026-04-16 13:06:32,33.0,6.314575757575757,32.1956,221.12121212121212,30.0,0.9333333373069764,0.203972727060318,30.0,2026-04-16 13:06:31,33.0,6.434545454545454,34.8256,221.45454545454547,30.0,2.0,36.9445,39.93655,1313.5,1.0,36.858,36.858,1257.0,,,,,,,,,,,,,,,,,,
variant:RN_ASCON_NoFOG:attempt:12:round:27,RN_ASCON_NoFOG,RN,ASCON,NoFOG,12,27,2026-04-16 13:07:30,0.9,0.182633,0.295717,0.267671,0.543644,0.549319,0.8666666746139526,0.1476697623729705,30.0,2026-04-16 13:07:30,33.0,6.007636363636364,32.3976,221.72727272727272,30.0,0.9333333373069764,0.2175953835248947,30.0,2026-04-16 13:07:30,33.0,6.207121212121211,35.886199999999995,222.1818181818182,30.0,2.0,33.5955,38.74485,1314.5,1.0,25.881,25.881,1262.0,,,,,,,,,,,,,,,,,,
variant:RN_ASCON_NoFOG:attempt:13:round:1,RN_ASCON_NoFOG,RN,ASCON,NoFOG,13,1,2026-04-16 13:15:24,0.816667,0.749245,0.287664,0.291482,0.538437,0.409512,0.8333333134651184,0.6818260550498962,30.0,2026-04-16 13:15:24,32.0,5.76134375,17.261249999999983,189.875,30.0,0.800000011920929,0.8166631460189819,30.0,2026-04-16 13:15:24,36.0,5.105527777777777,11.763000000000002,182.02777777777777,34.0,2.0,23.7835,24.83695,1311.0,1.0,41.268,41.268,1264.0,,,,,,,,,,,,,,,,,,
variant:RN_ASCON_NoFOG:attempt:13:round:2,RN_ASCON_NoFOG,RN,ASCON,NoFOG,13,2,2026-04-16 13:16:17,0.95,0.196683,0.291975,0.294643,0.552906,0.42536,0.9666666388511658,0.1311890184879303,30.0,2026-04-16 13:16:18,34.0,5.700294117647059,33.603049999999996,219.52941176470588,31.0,0.9333333373069764,0.262176364660263,30.0,2026-04-16 13:16:18,29.0,6.185999999999999,34.4978,237.17241379310346,26.0,2.0,28.7265,33.663450000000005,1312.5,1.0,31.588,31.588,1261.0,,,,,,,,,,,,,,,,,,
variant:RN_ASCON_NoFOG:attempt:13:round:3,RN_ASCON_NoFOG,RN,ASCON,NoFOG,13,3,2026-04-16 13:17:16,1.0,0.03935,0.29543,0.303511,0.563112,0.436873,1.0,0.0445357970893383,30.0,2026-04-16 13:17:16,33.0,5.4045151515151515,34.733,222.3939393939394,30.0,1.0,0.0341646894812583,30.0,2026-04-16 13:17:16,33.0,6.308757575757575,33.0092,222.15151515151516,30.0,2.0,32.339,39.656,1309.0,1.0,32.841,32.841,1263.0,,,,,,,,,,,,,,,,,,
variant:RN_ASCON_NoFOG:attempt:13:round:4,RN_ASCON_NoFOG,RN,ASCON,NoFOG,13,4,2026-04-16 13:18:15,1.0,0.026397,0.29836,0.309344,0.570041,0.445936,1.0,0.0275974106043577,30.0,2026-04-16 13:18:16,32.0,5.131343750000001,32.56165,225.46875,29.0,1.0,0.0251971539109945,30.0,2026-04-16 13:18:15,34.0,5.411617647058824,32.5375,218.64705882352942,31.0,2.0,38.6175,50.22525,1310.0,1.0,25.238,25.238,1259.0,,,,,,,,,,,,,,,,,,
variant:RN_ASCON_NoFOG:attempt:13:round:5,RN_ASCON_NoFOG,RN,ASCON,NoFOG,13,5,2026-04-16 13:19:14,1.0,0.007863,0.300718,0.316468,0.575889,0.452048,1.0,0.0085627427324652,30.0,2026-04-16 13:19:14,33.0,5.384181818181818,31.100599999999996,221.96969696969697,30.0,1.0,0.0071624363772571,30.0,2026-04-16 13:19:14,33.0,5.991848484848485,33.1362,222.0909090909091,30.0,2.0,34.623000000000005,44.7021,1307.0,1.0,28.144,28.144,1259.0,,,,,,,,,,,,,,,,,,
variant:RN_ASCON_NoFOG:attempt:13:round:6,RN_ASCON_NoFOG,RN,ASCON,NoFOG,13,6,2026-04-16 13:24:34,0.9,0.298229,0.2929,0.307786,0.540679,0.450412,0.9333333373069764,0.1152508556842804,30.0,2026-04-16 13:24:31,36.0,6.004861111111111,33.6365,213.41666666666666,33.0,0.8666666746139526,0.4812066256999969,30.0,2026-04-16 13:24:34,32.0,6.4065312500000005,32.6794,224.71875,29.0,2.0,24.551000000000002,25.298000000000002,1312.0,1.0,25.514,25.514,1256.0,,,,,,,,,,,,,,,,,,
variant:RN_ASCON_NoFOG:attempt:13:round:7,RN_ASCON_NoFOG,RN,ASCON,NoFOG,13,7,2026-04-16 13:25:32,0.933333,0.188335,0.290636,0.306025,0.524325,0.453923,0.8999999761581421,0.1980542242527008,30.0,2026-04-16 13:25:28,33.0,5.001393939393939,31.140599999999996,222.21212121212122,30.0,0.9666666388511658,0.1786164194345474,30.0,2026-04-16 13:25:33,33.0,6.5344848484848495,31.923799999999993,222.42424242424244,30.0,2.0,28.708,32.6392,1317.0,1.0,23.439,23.439,1261.0,,,,,,,,,,,,,,,,,,
variant:RN_ASCON_NoFOG:attempt:13:round:8,RN_ASCON_NoFOG,RN,ASCON,NoFOG,13,8,2026-04-16 13:26:31,0.883333,0.317702,0.288694,0.297274,0.52283,0.452459,0.8333333134651184,0.417627215385437,30.0,2026-04-16 13:26:27,33.0,6.603818181818181,35.83699999999999,222.3030303030303,30.0,0.9333333373069764,0.2177769243717193,30.0,2026-04-16 13:26:32,33.0,5.921060606060606,32.944599999999994,222.12121212121212,30.0,2.0,27.983,33.4172,1314.5,1.0,25.534,25.534,1266.0,,,,,,,,,,,,,,,,,,
variant:RN_ASCON_NoFOG:attempt:13:round:9,RN_ASCON_NoFOG,RN,ASCON,NoFOG,13,9,2026-04-16 13:27:30,0.883333,0.321683,0.287681,0.291775,0.513762,0.44945,0.8999999761581421,0.2482978254556656,30.0,2026-04-16 13:27:25,33.0,8.106636363636364,40.80279999999998,221.75757575757575,30.0,0.8666666746139526,0.3950685560703277,30.0,2026-04-16 13:27:30,33.0,5.333575757575758,34.0252,222.4848484848485,30.0,2.0,29.326,35.4118,1313.5,1.0,25.043,25.043,1264.0,,,,,,,,,,,,,,,,,,
variant:RN_ASCON_NoFOG:attempt:13:round:10,RN_ASCON_NoFOG,RN,ASCON,NoFOG,13,10,2026-04-16 13:28:29,0.85,0.302328,0.286163,0.288044,0.505984,0.448435,0.8666666746139526,0.2806779146194458,30.0,2026-04-16 13:28:24,33.0,7.417454545454546,36.663599999999995,221.3939393939394,30.0,0.8333333134651184,0.3239775002002716,30.0,2026-04-16 13:28:29,33.0,5.657151515151514,33.7124,221.75757575757575,30.0,2.0,28.2295,31.257550000000002,1316.5,1.0,25.852,25.852,1265.0,,,,,,,,,,,,,,,,,,
variant:RN_ASCON_NoFOG:attempt:13:round:11,RN_ASCON_NoFOG,RN,ASCON,NoFOG,13,11,2026-04-16 13:29:28,0.85,0.286658,0.285389,0.28603,0.507221,0.450344,0.7666666507720947,0.3851701319217682,30.0,2026-04-16 13:29:23,33.0,8.548787878787879,42.93879999999997,222.45454545454547,30.0,0.9333333373069764,0.18814617395401,30.0,2026-04-16 13:29:28,33.0,5.454787878787879,34.151399999999995,222.06060606060606,30.0,2.0,34.0285,43.886649999999996,1316.5,1.0,25.117,25.117,1268.0,,,,,,,,,,,,,,,,,,
variant:RN_ASCON_NoFOG:attempt:13:round:12,RN_ASCON_NoFOG,RN,ASCON,NoFOG,13,12,2026-04-16 13:30:26,0.9,0.247578,0.285702,0.285048,0.514809,0.456841,0.8999999761581421,0.241487979888916,30.0,2026-04-16 13:30:22,33.0,7.152606060606061,40.36759999999999,221.93939393939394,30.0,0.8999999761581421,0.2536678910255432,30.0,2026-04-16 13:30:27,33.0,5.311090909090908,33.5412,221.87878787878788,30.0,2.0,25.2005,27.50675,1313.0,1.0,25.689,25.689,1265.0,,,,,,,,,,,,,,,,,,
variant:RN_ASCON_NoFOG:attempt:13:round:13,RN_ASCON_NoFOG,RN,ASCON,NoFOG,13,13,2026-04-16 13:31:25,0.816667,0.341611,0.285563,0.280106,0.515372,0.46132,0.7666666507720947,0.472767561674118,30.0,2026-04-16 13:31:21,33.0,7.698212121212121,42.56159999999997,222.03030303030303,30.0,0.8666666746139526,0.2104546278715133,30.0,2026-04-16 13:31:26,33.0,5.148303030303031,33.1502,221.27272727272728,30.0,2.0,38.9745,53.039249999999996,1317.0,1.0,29.128,29.128,1265.0,,,,,,,,,,,,,,,,,,
variant:RN_ASCON_NoFOG:attempt:13:round:14,RN_ASCON_NoFOG,RN,ASCON,NoFOG,13,14,2026-04-16 13:32:25,0.983333,0.138784,0.287148,0.285748,0.518502,0.467721,0.9666666388511658,0.1624617129564285,30.0,2026-04-16 13:32:20,33.0,7.745272727272727,47.11599999999997,222.84848484848484,30.0,1.0,0.1151068434119224,30.0,2026-04-16 13:32:25,33.0,5.471969696969697,33.78979999999999,221.84848484848484,30.0,2.0,24.6995,25.81955,1314.0,1.0,24.302,24.302,1261.0,,,,,,,,,,,,,,,,,,
variant:RN_ASCON_NoFOG:attempt:13:round:15,RN_ASCON_NoFOG,RN,ASCON,NoFOG,13,15,2026-04-16 13:33:23,0.933333,0.226526,0.287612,0.286353,0.516016,0.476591,0.9666666388511658,0.1529817879199981,30.0,2026-04-16 13:33:19,33.0,8.987121212121211,45.622999999999976,221.87878787878788,30.0,0.8999999761581421,0.3000709414482116,30.0,2026-04-16 13:33:24,33.0,5.277151515151515,32.7366,222.27272727272728,30.0,2.0,30.862499999999997,36.26295,1318.0,1.0,24.59,24.59,1269.0,,,,,,,,,,,,,,,,,,
variant:RN_ASCON_NoFOG:attempt:13:round:16,RN_ASCON_NoFOG,RN,ASCON,NoFOG,13,16,2026-04-16 13:34:22,0.883333,0.255982,0.288558,0.287266,0.514656,0.484185,0.9333333373069764,0.1423544585704803,30.0,2026-04-16 13:34:17,33.0,5.894636363636364,33.676199999999994,221.54545454545453,30.0,0.8333333134651184,0.3696105182170868,30.0,2026-04-16 13:34:23,33.0,5.720272727272727,35.069199999999995,222.6969696969697,30.0,2.0,24.1125,24.93195,1315.0,1.0,31.262,31.262,1263.0,,,,,,,,,,,,,,,,,,
variant:RN_ASCON_NoFOG:attempt:13:round:17,RN_ASCON_NoFOG,RN,ASCON,NoFOG,13,17,2026-04-16 13:35:21,0.85,0.419078,0.287638,0.279184,0.514472,0.484285,0.800000011920929,0.508867621421814,30.0,2026-04-16 13:35:17,33.0,7.462515151515151,35.20919999999999,221.75757575757575,30.0,0.8999999761581421,0.3292889595031738,30.0,2026-04-16 13:35:22,33.0,5.876,36.1688,220.72727272727272,30.0,2.0,23.997999999999998,25.529799999999998,1310.5,1.0,23.348,23.348,1263.0,,,,,,,,,,,,,,,,,,
variant:RN_ASCON_NoFOG:attempt:13:round:18,RN_ASCON_NoFOG,RN,ASCON,NoFOG,13,18,2026-04-16 13:36:20,0.85,0.29296,0.286616,0.274955,0.510176,0.484359,0.8999999761581421,0.1870096772909164,30.0,2026-04-16 13:36:15,33.0,7.2868787878787895,33.3792,221.3030303030303,30.0,0.800000011920929,0.3989112675189972,30.0,2026-04-16 13:36:21,33.0,5.783212121212121,33.3394,222.24242424242425,30.0,2.0,31.485500000000002,36.123650000000005,1312.0,1.0,29.65,29.65,1266.0,,,,,,,,,,,,,,,,,,
variant:RN_ASCON_NoFOG:attempt:13:round:19,RN_ASCON_NoFOG,RN,ASCON,NoFOG,13,19,2026-04-16 13:37:21,0.9,0.190018,0.286846,0.276625,0.509029,0.493124,0.9333333373069764,0.1423193514347076,30.0,2026-04-16 13:37:16,33.0,6.682151515151516,35.818599999999996,222.5151515151515,30.0,0.8666666746139526,0.2377159595489502,30.0,2026-04-16 13:37:21,33.0,5.507393939393939,33.3272,221.36363636363637,30.0,2.0,31.595,39.082100000000004,1315.0,1.0,26.855,26.855,1265.0,,,,,,,,,,,,,,,,,,
variant:RN_ASCON_NoFOG:attempt:13:round:20,RN_ASCON_NoFOG,RN,ASCON,NoFOG,13,20,2026-04-16 13:40:49,0.933333,0.149011,0.292692,0.285116,0.517797,0.523615,0.8666666746139526,0.2723391950130462,30.0,2026-04-16 13:38:14,126.0,5.226904761904762,5.1615,172.18253968253967,120.0,0.8999999761581421,0.1859384179115295,30.0,2026-04-16 13:38:20,126.0,4.436412698412699,5.0075,171.95238095238096,120.0,2.0,24.552500000000002,26.46815,1316.5,1.0,28.426,28.426,1259.0,,,,,,,,,,,,,,,,,,
variant:RN_ASCON_NoFOG:attempt:14:round:1,RN_ASCON_NoFOG,RN,ASCON,NoFOG,14,1,2026-04-16 13:50:19,0.766667,0.8835,0.289468,0.290076,0.541221,0.411937,0.8333333134651184,0.642993152141571,30.0,2026-04-16 13:50:19,36.0,4.907583333333333,11.42725,181.97222222222223,34.0,0.699999988079071,1.124006986618042,30.0,2026-04-16 13:50:20,32.0,4.873875,16.148749999999982,189.6875,30.0,2.0,23.389,23.8057,1314.0,1.0,28.054,28.054,1261.0,,,,,,,,,,,,,,,,,,
variant:RN_ASCON_NoFOG:attempt:14:round:2,RN_ASCON_NoFOG,RN,ASCON,NoFOG,14,2,2026-04-16 13:51:13,0.966667,0.09832,0.295834,0.293839,0.559409,0.429767,0.9666666388511658,0.1042259559035301,30.0,2026-04-16 13:51:13,30.0,6.834666666666665,34.31354999999999,232.76666666666668,27.0,0.9666666388511658,0.092414490878582,30.0,2026-04-16 13:51:13,33.0,6.175878787878788,32.797599999999996,222.27272727272728,30.0,2.0,62.491,88.825,1315.0,1.0,40.976,40.976,1260.0,,,,,,,,,,,,,,,,,,
variant:RN_ASCON_NoFOG:attempt:14:round:3,RN_ASCON_NoFOG,RN,ASCON,NoFOG,14,3,2026-04-16 13:52:11,1.0,0.024906,0.299866,0.303022,0.57221,0.438654,1.0,0.035067792981863,30.0,2026-04-16 13:52:12,33.0,6.564151515151516,31.9604,222.21212121212122,30.0,1.0,0.0147452000528573,30.0,2026-04-16 13:52:12,33.0,6.5526060606060605,35.413199999999996,222.15151515151516,30.0,2.0,42.510999999999996,50.3077,1309.0,1.0,36.266,36.266,1260.0,,,,,,,,,,,,,,,,,,
variant:RN_ASCON_NoFOG:attempt:14:round:4,RN_ASCON_NoFOG,RN,ASCON,NoFOG,14,4,2026-04-16 13:53:10,1.0,0.016364,0.302028,0.309503,0.579141,0.444569,1.0,0.0179727282375097,30.0,2026-04-16 13:53:11,33.0,6.1501515151515145,32.8608,221.87878787878788,30.0,1.0,0.0147556038573384,30.0,2026-04-16 13:53:11,33.0,6.5115757575757565,34.546600000000005,221.84848484848484,30.0,2.0,29.255499999999998,32.29075,1308.5,1.0,33.625,33.625,1256.0,,,,,,,,,,,,,,,,,,
variant:RN_ASCON_NoFOG:attempt:14:round:5,RN_ASCON_NoFOG,RN,ASCON,NoFOG,14,5,2026-04-16 13:54:09,1.0,0.013924,0.303532,0.315802,0.583738,0.448311,1.0,0.0196248386055231,30.0,2026-04-16 13:54:09,33.0,6.187636363636364,32.9572,221.54545454545453,30.0,1.0,0.0082228165119886,30.0,2026-04-16 13:54:10,33.0,6.604454545454545,33.89679999999999,222.03030303030303,30.0,2.0,32.11,40.3495,1306.5,1.0,26.74,26.74,1258.0,,,,,,,,,,,,,,,,,,
variant:RN_ASCON_NoFOG:attempt:14:round:6,RN_ASCON_NoFOG,RN,ASCON,NoFOG,14,6,2026-04-16 13:58:09,0.866667,0.343487,0.293127,0.30348,0.555268,0.439141,0.800000011920929,0.4000428318977356,30.0,2026-04-16 13:58:09,32.0,7.050656249999999,34.10135,225.46875,29.0,0.9333333373069764,0.2869303822517395,30.0,2026-04-16 13:58:09,33.0,6.460818181818182,32.58419999999999,222.1818181818182,30.0,2.0,29.5365,36.33285,1312.0,1.0,26.875,26.875,1269.0,,,,,,,,,,,,,,,,,,
variant:RN_ASCON_NoFOG:attempt:14:round:7,RN_ASCON_NoFOG,RN,ASCON,NoFOG,14,7,2026-04-16 13:59:07,0.733333,0.533753,0.287601,0.286461,0.541218,0.43298,0.6666666865348816,0.6614404916763306,30.0,2026-04-16 13:59:08,33.0,5.727333333333334,33.10339999999999,221.57575757575756,30.0,0.800000011920929,0.4060664474964142,30.0,2026-04-16 13:59:08,34.0,6.325823529411765,33.41155,218.76470588235293,31.0,2.0,29.462000000000003,30.0911,1315.0,1.0,24.683,24.683,1266.0,,,,,,,,,,,,,,,,,,
variant:RN_ASCON_NoFOG:attempt:14:round:8,RN_ASCON_NoFOG,RN,ASCON,NoFOG,14,8,2026-04-16 14:00:06,0.9,0.346192,0.287952,0.28531,0.539267,0.433238,0.9333333373069764,0.3667783737182617,30.0,2026-04-16 14:00:07,33.0,6.024333333333333,33.184599999999996,221.9090909090909,30.0,0.8666666746139526,0.3256063759326935,30.0,2026-04-16 14:00:06,33.0,5.991818181818181,33.145399999999995,222.03030303030303,30.0,2.0,29.1965,31.775449999999996,1316.5,1.0,28.097,28.097,1266.0,,,,,,,,,,,,,,,,,,
variant:RN_ASCON_NoFOG:attempt:14:round:9,RN_ASCON_NoFOG,RN,ASCON,NoFOG,14,9,2026-04-16 14:01:06,0.916667,0.317337,0.287149,0.281563,0.539803,0.435681,0.9666666388511658,0.1460382789373397,30.0,2026-04-16 14:01:07,33.0,6.09969696969697,33.3872,222.21212121212122,30.0,0.8666666746139526,0.4886351227760315,30.0,2026-04-16 14:01:05,33.0,6.142545454545455,34.224399999999996,222.0,30.0,2.0,24.799999999999997,24.8036,1316.0,1.0,26.585,26.585,1265.0,,,,,,,,,,,,,,,,,,
variant:RN_ASCON_NoFOG:attempt:14:round:10,RN_ASCON_NoFOG,RN,ASCON,NoFOG,14,10,2026-04-16 14:02:05,0.85,0.356728,0.286298,0.279616,0.542288,0.436229,0.800000011920929,0.4937249422073364,30.0,2026-04-16 14:02:06,33.0,5.968454545454546,33.1914,222.1818181818182,30.0,0.8999999761581421,0.2197308838367462,30.0,2026-04-16 14:02:05,33.0,6.043818181818182,32.9312,221.84848484848484,30.0,2.0,29.4615,33.05655,1318.5,1.0,24.826,24.826,1266.0,,,,,,,,,,,,,,,,,,
variant:RN_ASCON_NoFOG:attempt:14:round:11,RN_ASCON_NoFOG,RN,ASCON,NoFOG,14,11,2026-04-16 14:03:04,0.933333,0.222868,0.286784,0.275143,0.545001,0.439045,0.9666666388511658,0.1621678471565246,30.0,2026-04-16 14:03:05,33.0,6.261666666666667,33.160599999999995,222.4848484848485,30.0,0.8999999761581421,0.2835678458213806,30.0,2026-04-16 14:03:04,33.0,6.555545454545453,34.41139999999999,221.75757575757575,30.0,2.0,29.194499999999998,32.27925,1319.0,1.0,24.315,24.315,1260.0,,,,,,,,,,,,,,,,,,
variant:RN_ASCON_NoFOG:attempt:14:round:12,RN_ASCON_NoFOG,RN,ASCON,NoFOG,14,12,2026-04-16 14:04:03,0.95,0.187052,0.284898,0.275936,0.54382,0.438017,0.9333333373069764,0.1396554857492447,30.0,2026-04-16 14:04:03,33.0,6.291969696969698,32.391999999999996,222.12121212121212,30.0,0.9666666388511658,0.234448567032814,30.0,2026-04-16 14:04:03,33.0,6.173363636363637,30.048599999999997,221.36363636363637,30.0,2.0,36.4345,47.96485,1316.0,1.0,23.929,23.929,1264.0,,,,,,,,,,,,,,,,,,
variant:RN_ASCON_NoFOG:attempt:14:round:13,RN_ASCON_NoFOG,RN,ASCON,NoFOG,14,13,2026-04-16 14:05:01,0.9,0.249922,0.285106,0.274194,0.546823,0.439512,0.9666666388511658,0.0645867213606834,30.0,2026-04-16 14:05:02,33.0,6.747060606060605,33.3062,222.1818181818182,30.0,0.8333333134651184,0.4352578818798065,30.0,2026-04-16 14:05:01,33.0,6.327939393939394,31.321199999999997,221.36363636363637,30.0,2.0,27.6715,30.13435,1317.5,1.0,31.449,31.449,1267.0,,,,,,,,,,,,,,,,,,
variant:RN_ASCON_NoFOG:attempt:14:round:14,RN_ASCON_NoFOG,RN,ASCON,NoFOG,14,14,2026-04-16 14:06:00,0.933333,0.149882,0.286966,0.273043,0.551118,0.440855,1.0,0.0972599610686302,30.0,2026-04-16 14:06:01,33.0,6.249393939393939,31.9818,221.84848484848484,30.0,0.8666666746139526,0.2025034874677658,30.0,2026-04-16 14:06:00,33.0,5.611999999999999,33.0582,221.84848484848484,30.0,2.0,27.948,33.4524,1313.5,1.0,22.551,22.551,1262.0,,,,,,,,,,,,,,,,,,
variant:RN_ASCON_NoFOG:attempt:14:round:15,RN_ASCON_NoFOG,RN,ASCON,NoFOG,14,15,2026-04-16 14:06:59,0.966667,0.21286,0.287573,0.270798,0.552745,0.44367,0.9666666388511658,0.2782079577445984,30.0,2026-04-16 14:07:00,33.0,6.605242424242424,32.5338,222.06060606060606,30.0,0.9666666388511658,0.1475116163492202,30.0,2026-04-16 14:06:59,33.0,6.255969696969697,34.1684,221.57575757575756,30.0,2.0,24.246499999999997,24.70505,1313.0,1.0,24.695,24.695,1266.0,,,,,,,,,,,,,,,,,,
variant:RN_ASCON_NoFOG:attempt:14:round:16,RN_ASCON_NoFOG,RN,ASCON,NoFOG,14,16,2026-04-16 14:07:58,0.866667,0.255017,0.288528,0.266236,0.550676,0.447366,0.8666666746139526,0.2088785916566848,30.0,2026-04-16 14:07:58,33.0,6.068545454545454,32.5338,221.54545454545453,30.0,0.8666666746139526,0.3011552691459656,30.0,2026-04-16 14:07:58,33.0,6.20651515151515,35.2294,221.12121212121212,30.0,2.0,27.3245,27.672349999999998,1315.0,1.0,25.429,25.429,1262.0,,,,,,,,,,,,,,,,,,
variant:RN_ASCON_NoFOG:attempt:14:round:17,RN_ASCON_NoFOG,RN,ASCON,NoFOG,14,17,2026-04-16 14:08:57,0.883333,0.264651,0.288499,0.265681,0.5518,0.449455,0.8999999761581421,0.2708257436752319,30.0,2026-04-16 14:08:57,33.0,5.821393939393939,31.264999999999997,221.42424242424244,30.0,0.8666666746139526,0.2584769427776336,30.0,2026-04-16 14:08:57,33.0,6.351030303030303,35.0704,222.21212121212122,30.0,2.0,25.9685,26.254250000000003,1316.5,1.0,27.8,27.8,1265.0,,,,,,,,,,,,,,,,,,
variant:RN_ASCON_NoFOG:attempt:14:round:18,RN_ASCON_NoFOG,RN,ASCON,NoFOG,14,18,2026-04-16 14:10:45,0.833333,0.394302,0.28889,0.261628,0.55329,0.451103,0.8999999761581421,0.1600103974342346,30.0,2026-04-16 14:09:56,64.0,5.086203125,27.000349999999855,189.359375,60.0,1.0,0.069414235651493,30.0,2026-04-16 14:09:55,64.0,4.993062500000001,30.525149999999854,188.796875,60.0,2.0,25.997999999999998,27.6495,1317.5,1.0,49.186,49.186,1267.0,,,,,,,,,,,,,,,,,,
variant:RN_ASCON_NoFOG:attempt:14:round:19,RN_ASCON_NoFOG,RN,ASCON,NoFOG,14,19,2026-04-16 14:11:44,0.966667,0.117956,0.289196,0.264449,0.551898,0.454896,0.9666666388511658,0.1349694579839706,30.0,2026-04-16 14:11:45,33.0,6.372242424242424,32.7224,222.33333333333334,30.0,0.9666666388511658,0.1009417399764061,30.0,2026-04-16 14:11:44,33.0,6.025363636363637,33.8566,222.0,30.0,2.0,26.22,29.3871,1314.5,1.0,24.637,24.637,1265.0,,,,,,,,,,,,,,,,,,
variant:RN_ASCON_NoFOG:attempt:14:round:20,RN_ASCON_NoFOG,RN,ASCON,NoFOG,14,20,2026-04-16 14:12:43,0.95,0.158243,0.290623,0.264206,0.554527,0.457811,0.9333333373069764,0.166566327214241,30.0,2026-04-16 14:12:44,33.0,6.121242424242425,35.02,222.33333333333334,30.0,0.9666666388511658,0.1499204337596893,30.0,2026-04-16 14:12:43,33.0,6.543424242424242,30.818799999999996,221.1818181818182,30.0,2.0,35.150499999999994,37.43875,1312.5,1.0,43.059,43.059,1261.0,,,,,,,,,,,,,,,,,,
variant:RN_ASCON_NoFOG:attempt:14:round:21,RN_ASCON_NoFOG,RN,ASCON,NoFOG,14,21,2026-04-16 14:13:41,0.933333,0.145752,0.290254,0.264239,0.556212,0.460303,0.8999999761581421,0.1759483516216278,30.0,2026-04-16 14:13:42,33.0,6.798818181818182,32.8602,222.03030303030303,30.0,0.9666666388511658,0.1155561059713363,30.0,2026-04-16 14:13:42,33.0,6.785151515151516,31.346399999999996,221.6060606060606,30.0,2.0,31.0625,36.53315,1314.0,1.0,30.751,30.751,1256.0,,,,,,,,,,,,,,,,,,
variant:RN_ASCON_NoFOG:attempt:14:round:22,RN_ASCON_NoFOG,RN,ASCON,NoFOG,14,22,2026-04-16 14:14:40,0.966667,0.132259,0.29038,0.26486,0.559016,0.460283,1.0,0.0481594204902648,30.0,2026-04-16 14:14:41,33.0,5.908242424242426,33.255599999999994,221.12121212121212,30.0,0.9333333373069764,0.2163592427968979,30.0,2026-04-16 14:14:41,33.0,6.4644545454545455,33.5984,221.36363636363637,30.0,2.0,27.6825,32.80755,1314.0,1.0,22.729,22.729,1263.0,,,,,,,,,,,,,,,,,,
variant:RN_ASCON_NoFOG:attempt:15:round:1,RN_ASCON_NoFOG,RN,ASCON,NoFOG,15,1,2026-04-16 14:26:30,0.683333,0.66342,0.290072,0.293478,0.539425,0.407371,0.699999988079071,0.7139844298362732,30.0,2026-04-16 14:26:31,64.0,4.8684375,28.36169999999984,189.140625,60.0,0.6666666865348816,0.6128555536270142,30.0,2026-04-16 14:26:30,68.0,4.999941176470588,21.462949999999964,185.0,64.0,2.0,22.8355,23.50375,1312.0,1.0,24.2,24.2,1265.0,,,,,,,,,,,,,,,,,,
variant:RN_ASCON_NoFOG:attempt:15:round:2,RN_ASCON_NoFOG,RN,ASCON,NoFOG,15,2,2026-04-16 14:27:23,0.966667,0.169984,0.293929,0.297363,0.553181,0.423917,0.9666666388511658,0.1048976853489875,30.0,2026-04-16 14:27:24,33.0,6.040424242424242,32.574799999999996,222.5151515151515,30.0,0.9666666388511658,0.235070914030075,30.0,2026-04-16 14:27:24,30.0,6.404866666666666,34.769099999999995,233.33333333333334,27.0,2.0,30.0705,34.491749999999996,1315.5,1.0,25.687,25.687,1262.0,,,,,,,,,,,,,,,,,,
variant:RN_ASCON_NoFOG:attempt:15:round:3,RN_ASCON_NoFOG,RN,ASCON,NoFOG,15,3,2026-04-16 14:28:21,1.0,0.020821,0.297876,0.30579,0.562789,0.438175,1.0,0.0170289278030395,30.0,2026-04-16 14:28:22,33.0,6.272363636363636,32.993399999999994,221.96969696969697,30.0,1.0,0.0246127713471651,30.0,2026-04-16 14:28:22,33.0,6.145939393939394,35.8094,222.4848484848485,30.0,2.0,31.636499999999998,32.307449999999996,1311.5,1.0,24.968,24.968,1262.0,,,,,,,,,,,,,,,,,,
variant:RN_ASCON_NoFOG:attempt:15:round:4,RN_ASCON_NoFOG,RN,ASCON,NoFOG,15,4,2026-04-16 14:29:20,1.0,0.023227,0.300729,0.310266,0.568909,0.447104,1.0,0.0127582196146249,30.0,2026-04-16 14:29:21,33.0,6.143333333333333,34.5868,222.0,30.0,1.0,0.0336958020925521,30.0,2026-04-16 14:29:20,33.0,6.566484848484849,34.672,221.66666666666666,30.0,2.0,24.008499999999998,25.24825,1304.5,1.0,30.029,30.029,1258.0,,,,,,,,,,,,,,,,,,
variant:RN_ASCON_NoFOG:attempt:15:round:5,RN_ASCON_NoFOG,RN,ASCON,NoFOG,15,5,2026-04-16 14:30:19,1.0,0.017947,0.30249,0.314322,0.573345,0.451985,1.0,0.0220766775310039,30.0,2026-04-16 14:30:20,33.0,6.3020000000000005,33.3334,221.6060606060606,30.0,1.0,0.0138180209323763,30.0,2026-04-16 14:30:19,33.0,6.097,32.7726,221.87878787878788,30.0,2.0,25.420499999999997,26.21295,1305.5,1.0,25.215,25.215,1263.0,,,,,,,,,,,,,,,,,,
variant:RN_ASCON_NoFOG:attempt:15:round:6,RN_ASCON_NoFOG,RN,ASCON,NoFOG,15,6,2026-04-16 14:34:08,0.866667,0.487446,0.292191,0.304433,0.537927,0.445835,0.8666666746139526,0.3951683938503265,30.0,2026-04-16 14:34:09,33.0,6.0793333333333335,31.414799999999996,221.54545454545453,30.0,0.8666666746139526,0.5797232389450073,30.0,2026-04-16 14:34:06,34.0,5.873794117647059,33.74915,218.38235294117646,31.0,2.0,23.04,23.636699999999998,1314.0,1.0,29.313,29.313,1264.0,,,,,,,,,,,,,,,,,,
variant:RN_ASCON_NoFOG:attempt:15:round:7,RN_ASCON_NoFOG,RN,ASCON,NoFOG,15,7,2026-04-16 14:35:06,0.766667,0.693779,0.288292,0.288521,0.534653,0.442141,0.800000011920929,0.5403891801834106,30.0,2026-04-16 14:35:07,33.0,6.271181818181819,33.947,221.63636363636363,30.0,0.7333333492279053,0.8471691608428955,30.0,2026-04-16 14:35:07,33.0,6.629484848484848,35.926199999999994,220.9090909090909,30.0,2.0,33.8315,42.29015,1314.0,1.0,25.848,25.848,1259.0,,,,,,,,,,,,,,,,,,
variant:RN_ASCON_NoFOG:attempt:15:round:8,RN_ASCON_NoFOG,RN,ASCON,NoFOG,15,8,2026-04-16 14:36:05,0.816667,0.523881,0.287219,0.280945,0.5288,0.449232,0.8666666746139526,0.452384203672409,30.0,2026-04-16 14:36:06,33.0,6.549575757575758,31.275199999999998,221.96969696969697,30.0,0.7666666507720947,0.5953770875930786,30.0,2026-04-16 14:36:05,33.0,5.978363636363636,34.0396,221.6060606060606,30.0,2.0,28.012999999999998,31.2773,1312.5,1.0,24.297,24.297,1266.0,,,,,,,,,,,,,,,,,,
variant:RN_ASCON_NoFOG:attempt:15:round:9,RN_ASCON_NoFOG,RN,ASCON,NoFOG,15,9,2026-04-16 14:37:03,0.883333,0.186438,0.287675,0.28131,0.523653,0.45521,0.8666666746139526,0.1861633211374282,30.0,2026-04-16 14:37:04,33.0,5.948969696969696,32.54279999999999,221.12121212121212,30.0,0.8999999761581421,0.1867122054100036,30.0,2026-04-16 14:37:04,33.0,6.166666666666666,35.257600000000004,221.6060606060606,30.0,2.0,41.663,57.648799999999994,1314.0,1.0,24.022,24.022,1258.0,,,,,,,,,,,,,,,,,,
variant:RN_ASCON_NoFOG:attempt:15:round:10,RN_ASCON_NoFOG,RN,ASCON,NoFOG,15,10,2026-04-16 14:38:02,0.816667,0.398581,0.289028,0.282582,0.520466,0.460405,0.8333333134651184,0.4331530928611755,30.0,2026-04-16 14:38:03,33.0,6.044212121212121,32.7938,222.03030303030303,30.0,0.800000011920929,0.3640093505382538,30.0,2026-04-16 14:38:02,33.0,6.015909090909091,32.1828,221.36363636363637,30.0,2.0,24.353,24.6284,1316.5,1.0,29.096,29.096,1266.0,,,,,,,,,,,,,,,,,,
variant:RN_ASCON_NoFOG:attempt:15:round:11,RN_ASCON_NoFOG,RN,ASCON,NoFOG,15,11,2026-04-16 14:39:00,0.883333,0.243561,0.289432,0.285038,0.516999,0.470316,1.0,0.0899843797087669,30.0,2026-04-16 14:39:01,33.0,6.449363636363636,33.6994,222.45454545454547,30.0,0.7666666507720947,0.3971380293369293,30.0,2026-04-16 14:39:01,33.0,6.293060606060607,34.7114,221.78787878787878,30.0,2.0,29.091,34.7664,1313.0,1.0,22.424,22.424,1267.0,,,,,,,,,,,,,,,,,,
variant:RN_ASCON_NoFOG:attempt:15:round:12,RN_ASCON_NoFOG,RN,ASCON,NoFOG,15,12,2026-04-16 14:39:59,0.816667,0.381494,0.290149,0.283889,0.518949,0.477419,0.8333333134651184,0.2257716804742813,30.0,2026-04-16 14:40:00,33.0,6.755757575757577,33.2752,222.42424242424244,30.0,0.800000011920929,0.5372165441513062,30.0,2026-04-16 14:39:59,33.0,5.594030303030302,31.698399999999996,222.06060606060606,30.0,2.0,28.768,33.291399999999996,1314.5,1.0,23.466,23.466,1257.0,,,,,,,,,,,,,,,,,,
variant:RN_ASCON_NoFOG:attempt:15:round:13,RN_ASCON_NoFOG,RN,ASCON,NoFOG,15,13,2026-04-16 14:40:58,0.9,0.363848,0.289432,0.27901,0.517669,0.484044,0.9666666388511658,0.2689996063709259,30.0,2026-04-16 14:40:59,33.0,5.652424242424242,32.751599999999996,221.75757575757575,30.0,0.8333333134651184,0.4586963653564453,30.0,2026-04-16 14:40:58,33.0,6.02530303030303,32.5044,221.4848484848485,30.0,2.0,25.3825,28.87855,1313.5,1.0,26.514,26.514,1258.0,,,,,,,,,,,,,,,,,,
variant:RN_ASCON_NoFOG:attempt:15:round:14,RN_ASCON_NoFOG,RN,ASCON,NoFOG,15,14,2026-04-16 14:41:56,0.9,0.231235,0.289163,0.279216,0.518706,0.488424,0.8666666746139526,0.2896478772163391,30.0,2026-04-16 14:41:57,33.0,6.783515151515151,33.2134,221.93939393939394,30.0,0.9333333373069764,0.1728229373693466,30.0,2026-04-16 14:41:57,33.0,5.618636363636363,35.379799999999996,221.66666666666666,30.0,2.0,24.9705,25.26705,1317.5,1.0,26.211,26.211,1264.0,,,,,,,,,,,,,,,,,,
variant:RN_ASCON_NoFOG:attempt:15:round:15,RN_ASCON_NoFOG,RN,ASCON,NoFOG,15,15,2026-04-16 15:29:50,0.783333,0.548629,0.286645,0.268572,0.529203,0.451611,0.8333333134651184,0.4105809330940246,30.0,2026-04-16 14:42:55,342.0,4.434619883040936,4.991599999999999,157.71929824561403,330.0,0.9333333373069764,0.3981369137763977,30.0,2026-04-16 14:42:55,340.0,4.450532352941177,5.0935,157.99705882352941,328.0,2.0,127.52550000000001,217.66005,1312.0,1.0,39.797,39.797,1264.0,,,,,,,,,,,,,,,,,,
variant:RN_ASCON_NoFOG:attempt:15:round:16,RN_ASCON_NoFOG,RN,ASCON,NoFOG,15,16,2026-04-16 15:30:44,0.666667,0.82709,0.284038,0.281142,0.523613,0.422493,0.7666666507720947,0.5352848172187805,30.0,2026-04-16 15:30:45,33.0,7.087272727272728,39.37479999999997,221.27272727272728,30.0,0.6666666865348816,0.6172428131103516,30.0,2026-04-16 15:30:45,33.0,6.066606060606062,31.9382,221.87878787878788,30.0,2.0,39.64,43.992399999999996,1313.5,1.0,33.117,33.117,1262.0,,,,,,,,,,,,,,,,,,
variant:RN_ASCON_NoFOG:attempt:15:round:17,RN_ASCON_NoFOG,RN,ASCON,NoFOG,15,17,2026-04-16 15:31:42,0.716667,0.53876,0.284434,0.281975,0.521287,0.440494,0.6666666865348816,0.5422354340553284,30.0,2026-04-16 15:31:43,33.0,6.190454545454546,32.4754,221.8181818181818,30.0,,,,,32.0,6.17953125,18.33929999999998,187.6875,30.0,2.0,30.8765,36.221149999999994,1309.0,1.0,24.835,24.835,1261.0,,,,,,,,,,,,,,,,,,
variant:RN_ASCON_NoFOG:attempt:15:round:18,RN_ASCON_NoFOG,RN,ASCON,NoFOG,15,18,2026-04-16 15:32:40,0.833333,0.329863,0.284084,0.284565,0.518146,0.44369,0.8999999761581421,0.2196445763111114,30.0,2026-04-16 15:32:41,33.0,5.995242424242424,31.8544,221.36363636363637,30.0,0.7666666507720947,0.440081775188446,30.0,2026-04-16 15:31:44,34.0,7.376911764705882,35.12645,253.5,30.0,2.0,23.371,23.8291,1315.5,1.0,24.206,24.206,1263.0,,,,,,,,,,,,,,,,,,
variant:RN_ASCON_NoFOG:attempt:15:round:19,RN_ASCON_NoFOG,RN,ASCON,NoFOG,15,19,2026-04-16 15:33:39,0.866667,0.341574,0.283983,0.280018,0.520314,0.448389,0.8333333134651184,0.3449303209781647,30.0,2026-04-16 15:33:40,33.0,5.628757575757576,32.2042,221.8181818181818,30.0,0.8666666746139526,0.3335019648075104,30.0,2026-04-16 15:33:40,33.0,6.368181818181818,32.4262,221.75757575757575,30.0,2.0,29.5575,34.29555,1314.0,1.0,27.847,27.847,1264.0,,,,,,,,,,,,,,,,,,
variant:RN_ASCON_NoFOG:attempt:15:round:20,RN_ASCON_NoFOG,RN,ASCON,NoFOG,15,20,2026-04-16 15:34:39,0.9,0.255696,0.284567,0.282944,0.52044,0.451099,0.8333333134651184,0.4050074815750122,30.0,2026-04-16 15:34:40,33.0,6.131545454545455,31.531599999999997,222.03030303030303,30.0,0.9666666388511658,0.1664609611034393,30.0,2026-04-16 15:34:40,33.0,6.337727272727272,33.2628,221.84848484848484,30.0,2.0,30.953,36.494299999999996,1313.0,1.0,22.4,22.4,1263.0,,,,,,,,,,,,,,,,,,
variant:RN_ASCON_NoFOG:attempt:15:round:21,RN_ASCON_NoFOG,RN,ASCON,NoFOG,15,21,2026-04-16 15:35:37,0.816667,0.413811,0.284617,0.277232,0.52312,0.453058,,,,,32.0,5.333562499999999,18.914049999999975,188.75,30.0,0.800000011920929,0.4226137995719909,30.0,2026-04-16 15:35:38,33.0,5.70869696969697,30.877399999999998,221.1818181818182,30.0,2.0,25.831,26.0092,1315.5,1.0,26.484,26.484,1264.0,,,,,,,,,,,,,,,,,,
variant:RN_ASCON_NoFOG:attempt:15:round:22,RN_ASCON_NoFOG,RN,ASCON,NoFOG,15,22,2026-04-16 15:36:36,0.933333,0.178529,0.285061,0.274785,0.524516,0.454022,0.9333333373069764,0.1714938730001449,30.0,2026-04-16 15:35:39,31.0,9.100258064516128,58.0595,228.58064516129033,28.0,0.9333333373069764,0.1855633705854416,30.0,2026-04-16 15:36:37,33.0,6.44560606060606,32.7374,221.72727272727272,30.0,2.0,28.391,29.8436,1312.0,1.0,24.585,24.585,1264.0,,,,,,,,,,,,,,,,,,
variant:RN_ASCON_NoFOG:attempt:15:round:23,RN_ASCON_NoFOG,RN,ASCON,NoFOG,15,23,2026-04-16 15:37:35,0.883333,0.283482,0.285745,0.276015,0.526814,0.457271,1.0,0.1485289633274078,30.0,2026-04-16 15:36:50,33.0,7.506030303030303,33.4562,221.5151515151515,30.0,0.7666666507720947,0.4184351563453674,30.0,2026-04-16 15:37:36,33.0,6.672454545454545,31.7794,220.63636363636363,30.0,2.0,24.735500000000002,25.31375,1310.5,1.0,23.951,23.951,1264.0,,,,,,,,,,,,,,,,,,
variant:RN_PLAIN_FOG:attempt:2:round:1,RN_PLAIN_FOG,RN,PLAIN,FOG,2,1,2026-04-24 15:03:41,0.716667,0.85109,0.28751,0.291082,0.538672,0.409911,0.699999988079071,0.7768351435661316,30.0,2026-04-24 15:03:40,38.0,0.12010526315789474,0.2969,0.0,35.0,0.7333333492279053,0.925343930721283,30.0,2026-04-24 15:03:41,36.0,0.11983333333333333,0.19275,0.0,34.0,1.0,0.0,0.0,0.0,1.0,0.413,0.413,0.0,,,,,,,,,,,,,,,,,,
variant:RN_PLAIN_FOG:attempt:2:round:2,RN_PLAIN_FOG,RN,PLAIN,FOG,2,2,2026-04-24 15:04:25,0.933333,0.206252,0.289333,0.295621,0.551873,0.426745,0.9333333373069764,0.1970444619655609,30.0,2026-04-24 15:04:24,31.0,0.14338709677419353,0.4105,0.0,26.0,0.9333333373069764,0.2154604792594909,30.0,2026-04-24 15:04:25,30.0,0.1284,0.3182999999999996,0.0,27.0,1.0,0.0,0.0,0.0,1.0,0.862,0.862,0.0,,,,,,,,,,,,,,,,,,
variant:RN_PLAIN_FOG:attempt:2:round:3,RN_PLAIN_FOG,RN,PLAIN,FOG,2,3,2026-04-24 15:05:15,1.0,0.035134,0.291688,0.305568,0.560125,0.440081,1.0,0.0370655767619609,30.0,2026-04-24 15:05:14,34.0,0.13520588235294118,0.40359999999999996,0.0,29.0,1.0,0.0332028046250343,30.0,2026-04-24 15:05:15,33.0,0.12384848484848485,0.3037999999999998,0.0,30.0,1.0,0.0,0.0,0.0,1.0,0.376,0.376,0.0,,,,,,,,,,,,,,,,,,
variant:RN_PLAIN_FOG:attempt:2:round:4,RN_PLAIN_FOG,RN,PLAIN,FOG,2,4,2026-04-24 15:06:05,0.983333,0.106578,0.293277,0.311511,0.565154,0.448811,1.0,0.0298129096627235,30.0,2026-04-24 15:06:04,35.0,0.13808571428571428,0.38809999999999967,0.0,30.0,0.9666666388511658,0.183342844247818,30.0,2026-04-24 15:06:05,33.0,0.1250606060606061,0.3321999999999998,0.0,30.0,1.0,0.0,0.0,0.0,1.0,0.477,0.477,0.0,,,,,,,,,,,,,,,,,,
variant:RN_PLAIN_FOG:attempt:2:round:5,RN_PLAIN_FOG,RN,PLAIN,FOG,2,5,2026-04-24 15:06:55,1.0,0.017691,0.29441,0.316429,0.569098,0.455064,1.0,0.0189242865890264,30.0,2026-04-24 15:06:54,35.0,0.13725714285714286,0.3942999999999999,0.0,30.0,1.0,0.0164567381143569,30.0,2026-04-24 15:06:55,33.0,0.11451515151515151,0.28159999999999985,0.0,30.0,1.0,0.0,0.0,0.0,1.0,0.363,0.363,0.0,,,,,,,,,,,,,,,,,,
variant:RN_PLAIN_FOG:attempt:2:round:6,RN_PLAIN_FOG,RN,PLAIN,FOG,2,6,2026-04-24 15:14:52,0.766667,0.540867,0.288784,0.301429,0.549714,0.441989,0.5333333611488342,1.0673388242721558,30.0,2026-04-24 15:14:52,35.0,0.15314285714285716,0.43409999999999993,0.0,30.0,1.0,0.014395834878087,30.0,2026-04-24 15:14:49,34.0,0.12405882352941176,0.2849499999999997,0.0,31.0,1.0,0.0,0.0,0.0,1.0,0.38,0.38,0.0,,,,,,,,,,,,,,,,,,
variant:RN_PLAIN_FOG:attempt:2:round:7,RN_PLAIN_FOG,RN,PLAIN,FOG,2,7,2026-04-24 15:15:42,0.95,0.142118,0.288997,0.29217,0.544372,0.447083,0.8999999761581421,0.2569015026092529,30.0,2026-04-24 15:15:42,35.0,0.13814285714285715,0.4498,0.0,30.0,1.0,0.027335412800312,30.0,2026-04-24 15:15:39,33.0,0.14530303030303032,0.42679999999999996,0.0,30.0,1.0,0.0,0.0,0.0,1.0,0.369,0.369,0.0,,,,,,,,,,,,,,,,,,
variant:RN_PLAIN_FOG:attempt:2:round:8,RN_PLAIN_FOG,RN,PLAIN,FOG,2,8,2026-04-24 15:16:32,0.85,0.299811,0.290728,0.290895,0.550522,0.454619,0.699999988079071,0.5780935883522034,30.0,2026-04-24 15:16:32,35.0,0.1456285714285714,0.4390999999999997,0.0,30.0,1.0,0.0215292479842901,30.0,2026-04-24 15:16:29,33.0,0.16296969696969696,0.5295999999999998,0.0,30.0,1.0,0.0,0.0,0.0,1.0,0.286,0.286,0.0,,,,,,,,,,,,,,,,,,
variant:RN_PLAIN_FOG:attempt:2:round:9,RN_PLAIN_FOG,RN,PLAIN,FOG,2,9,2026-04-24 15:17:22,0.8,0.473686,0.292087,0.290252,0.558715,0.459086,0.6000000238418579,0.9108915328979492,30.0,2026-04-24 15:17:22,35.0,0.16182857142857143,0.5579,0.0,30.0,1.0,0.0364800281822681,30.0,2026-04-24 15:17:19,33.0,0.1451818181818182,0.30739999999999973,0.0,30.0,1.0,0.0,0.0,0.0,1.0,0.485,0.485,0.0,,,,,,,,,,,,,,,,,,
variant:RN_PLAIN_FOG:attempt:2:round:10,RN_PLAIN_FOG,RN,PLAIN,FOG,2,10,2026-04-24 15:18:12,0.866667,0.295945,0.291622,0.287703,0.561788,0.459101,0.7333333492279053,0.5636275410652161,30.0,2026-04-24 15:18:12,35.0,0.14945714285714287,0.43159999999999976,0.0,30.0,1.0,0.0282631013542413,30.0,2026-04-24 15:18:09,33.0,0.12575757575757576,0.3105999999999999,0.0,30.0,1.0,0.0,0.0,0.0,1.0,0.421,0.421,0.0,,,,,,,,,,,,,,,,,,
variant:RN_PLAIN_FOG:attempt:2:round:11,RN_PLAIN_FOG,RN,PLAIN,FOG,2,11,2026-04-24 15:19:02,0.916667,0.163483,0.292156,0.289656,0.56273,0.458007,0.8333333134651184,0.3155409395694732,30.0,2026-04-24 15:19:02,35.0,0.1574,0.5706999999999999,0.0,30.0,1.0,0.0114255649968981,30.0,2026-04-24 15:18:59,33.0,0.11518181818181818,0.27639999999999987,0.0,30.0,1.0,0.0,0.0,0.0,1.0,0.296,0.296,0.0,,,,,,,,,,,,,,,,,,
variant:RN_PLAIN_FOG:attempt:2:round:12,RN_PLAIN_FOG,RN,PLAIN,FOG,2,12,2026-04-24 15:19:52,0.916667,0.193255,0.292602,0.28974,0.565833,0.460058,0.8333333134651184,0.355081558227539,30.0,2026-04-24 15:19:52,35.0,0.20199999999999999,0.5871999999999988,0.0,30.0,1.0,0.0314289480447769,30.0,2026-04-24 15:19:49,33.0,0.12827272727272726,0.32399999999999973,0.0,30.0,1.0,0.0,0.0,0.0,1.0,0.394,0.394,0.0,,,,,,,,,,,,,,,,,,
variant:RN_PLAIN_FOG:attempt:2:round:13,RN_PLAIN_FOG,RN,PLAIN,FOG,2,13,2026-04-24 15:20:42,0.966667,0.084793,0.293976,0.290074,0.568407,0.46484,0.9333333373069764,0.1554959118366241,30.0,2026-04-24 15:20:42,35.0,0.16459999999999997,0.5298999999999999,0.0,30.0,1.0,0.0140897827222943,30.0,2026-04-24 15:20:39,33.0,0.14163636363636364,0.30799999999999983,0.0,30.0,1.0,0.0,0.0,0.0,1.0,0.408,0.408,0.0,,,,,,,,,,,,,,,,,,
variant:RN_PLAIN_FOG:attempt:2:round:14,RN_PLAIN_FOG,RN,PLAIN,FOG,2,14,2026-04-24 15:21:32,0.966667,0.139615,0.295297,0.294032,0.572434,0.465842,0.9333333373069764,0.270628273487091,30.0,2026-04-24 15:21:32,35.0,0.17994285714285715,0.5782999999999998,0.0,30.0,1.0,0.0086011681705713,30.0,2026-04-24 15:21:29,33.0,0.13842424242424245,0.3921999999999999,0.0,30.0,1.0,0.0,0.0,0.0,1.0,0.36,0.36,0.0,,,,,,,,,,,,,,,,,,
variant:RN_PLAIN_FOG:attempt:2:round:15,RN_PLAIN_FOG,RN,PLAIN,FOG,2,15,2026-04-24 15:22:22,0.95,0.130975,0.295468,0.296135,0.574927,0.464858,0.8999999761581421,0.2544407248497009,30.0,2026-04-24 15:22:22,35.0,0.18597142857142857,0.5718999999999999,0.0,30.0,1.0,0.0075102224946022,30.0,2026-04-24 15:22:19,33.0,0.16033333333333333,0.3161999999999997,0.0,30.0,1.0,0.0,0.0,0.0,1.0,0.387,0.387,0.0,,,,,,,,,,,,,,,,,,
variant:RN_PLAIN_FOG:attempt:2:round:16,RN_PLAIN_FOG,RN,PLAIN,FOG,2,16,2026-04-24 15:23:12,0.95,0.147412,0.296173,0.297362,0.577711,0.46516,0.8999999761581421,0.2871845066547394,30.0,2026-04-24 15:23:12,35.0,0.1552,0.4462,0.0,30.0,1.0,0.007639582734555,30.0,2026-04-24 15:23:09,33.0,0.13672727272727275,0.4077999999999999,0.0,30.0,1.0,0.0,0.0,0.0,1.0,0.395,0.395,0.0,,,,,,,,,,,,,,,,,,
variant:RN_PLAIN_FOG:attempt:2:round:17,RN_PLAIN_FOG,RN,PLAIN,FOG,2,17,2026-04-24 15:24:02,0.966667,0.083413,0.297352,0.297998,0.580653,0.467419,0.9333333373069764,0.1600648909807205,30.0,2026-04-24 15:24:02,35.0,0.16925714285714286,0.45619999999999983,0.0,30.0,1.0,0.0067603657953441,30.0,2026-04-24 15:23:59,33.0,0.15503030303030305,0.30059999999999976,0.0,30.0,1.0,0.0,0.0,0.0,1.0,0.393,0.393,0.0,,,,,,,,,,,,,,,,,,
variant:RN_PLAIN_FOG:attempt:2:round:18,RN_PLAIN_FOG,RN,PLAIN,FOG,2,18,2026-04-24 15:24:52,0.966667,0.059181,0.299285,0.300868,0.576591,0.470621,0.9333333373069764,0.1144386157393455,30.0,2026-04-24 15:24:52,35.0,0.1537714285714286,0.42089999999999994,0.0,30.0,1.0,0.003923675045371,30.0,2026-04-24 15:24:49,33.0,0.1373030303030303,0.30539999999999984,0.0,30.0,1.0,0.0,0.0,0.0,1.0,0.379,0.379,0.0,,,,,,,,,,,,,,,,,,
variant:RN_PLAIN_FOG:attempt:2:round:19,RN_PLAIN_FOG,RN,PLAIN,FOG,2,19,2026-04-24 15:25:42,0.966667,0.230762,0.29847,0.298893,0.575799,0.470179,0.9333333373069764,0.454645425081253,30.0,2026-04-24 15:25:42,35.0,0.15342857142857144,0.3956999999999996,0.0,30.0,1.0,0.0068791867233812,30.0,2026-04-24 15:25:39,33.0,0.14027272727272727,0.27539999999999987,0.0,30.0,1.0,0.0,0.0,0.0,1.0,0.322,0.322,0.0,,,,,,,,,,,,,,,,,,
variant:RN_PLAIN_FOG:attempt:2:round:20,RN_PLAIN_FOG,RN,PLAIN,FOG,2,20,2026-04-24 15:26:32,0.866667,0.32798,0.29828,0.298982,0.577617,0.470593,0.7333333492279053,0.6484603881835938,30.0,2026-04-24 15:26:32,35.0,0.14905714285714286,0.44289999999999996,0.0,30.0,1.0,0.007499121595174,30.0,2026-04-24 15:26:29,33.0,0.13045454545454543,0.3021999999999997,0.0,30.0,1.0,0.0,0.0,0.0,1.0,0.286,0.286,0.0,,,,,,,,,,,,,,,,,,
variant:RN_PLAIN_FOG:attempt:3:round:1,RN_PLAIN_FOG,RN,PLAIN,FOG,3,1,2026-04-24 15:43:51,0.75,0.791782,0.286486,0.290619,0.544352,0.410705,0.6666666865348816,0.9205265045166016,30.0,2026-04-24 15:43:51,33.0,0.13784848484848486,0.3017999999999999,0.0,30.0,0.8333333134651184,0.663036584854126,30.0,2026-04-24 15:43:49,37.0,0.1203243243243243,0.18599999999999983,0.0,35.0,1.0,0.0,0.0,0.0,1.0,0.384,0.384,0.0,,,,,,,,,,,,,,,,,,
variant:RN_PLAIN_FOG:attempt:3:round:2,RN_PLAIN_FOG,RN,PLAIN,FOG,3,2,2026-04-24 15:44:35,0.933333,0.1985,0.289365,0.295399,0.561371,0.4286,0.9333333373069764,0.2106359153985977,30.0,2026-04-24 15:44:34,35.0,0.15774285714285713,0.5188999999999995,0.0,30.0,0.9333333373069764,0.1863641142845153,30.0,2026-04-24 15:44:33,30.0,0.14393333333333336,0.32029999999999953,0.0,27.0,1.0,0.0,0.0,0.0,1.0,0.355,0.355,0.0,,,,,,,,,,,,,,,,,,
variant:RN_PLAIN_FOG:attempt:3:round:3,RN_PLAIN_FOG,RN,PLAIN,FOG,3,3,2026-04-24 15:45:25,1.0,0.038842,0.293874,0.306507,0.571605,0.444819,1.0,0.0476290136575698,30.0,2026-04-24 15:45:24,35.0,0.15337142857142855,0.4046,0.0,30.0,1.0,0.0300540868192911,30.0,2026-04-24 15:45:23,33.0,0.1406060606060606,0.3025999999999998,0.0,30.0,1.0,0.0,0.0,0.0,1.0,0.363,0.363,0.0,,,,,,,,,,,,,,,,,,
variant:RN_PLAIN_FOG:attempt:3:round:4,RN_PLAIN_FOG,RN,PLAIN,FOG,3,4,2026-04-24 15:46:15,1.0,0.044168,0.296118,0.313035,0.578227,0.454775,1.0,0.0456422492861747,30.0,2026-04-24 15:46:14,35.0,0.14845714285714287,0.5068999999999999,0.0,30.0,1.0,0.0426936149597168,30.0,2026-04-24 15:46:13,32.0,0.12581250000000002,0.3042999999999999,0.0,29.0,1.0,0.0,0.0,0.0,1.0,0.307,0.307,0.0,,,,,,,,,,,,,,,,,,
variant:RN_PLAIN_FOG:attempt:3:round:5,RN_PLAIN_FOG,RN,PLAIN,FOG,3,5,2026-04-24 15:47:05,0.983333,0.032681,0.297445,0.317425,0.582291,0.460306,0.9666666388511658,0.0580562800168991,30.0,2026-04-24 15:47:04,35.0,0.14985714285714286,0.4133999999999997,0.0,30.0,1.0,0.0073066866025328,30.0,2026-04-24 15:47:03,33.0,0.12087878787878789,0.27319999999999983,0.0,30.0,1.0,0.0,0.0,0.0,1.0,0.306,0.306,0.0,,,,,,,,,,,,,,,,,,
variant:RN_PLAIN_FOG:attempt:3:round:6,RN_PLAIN_FOG,RN,PLAIN,FOG,3,6,2026-04-24 15:55:37,0.766667,0.827521,0.288217,0.30319,0.559385,0.445556,0.7333333492279053,0.7734151482582092,30.0,2026-04-24 15:55:33,36.0,0.14500000000000002,0.36825,0.0,31.0,0.800000011920929,0.8816269040107727,30.0,2026-04-24 15:55:37,32.0,0.12984375,0.2951499999999999,0.0,29.0,1.0,0.0,0.0,0.0,1.0,0.282,0.282,0.0,,,,,,,,,,,,,,,,,,
variant:RN_PLAIN_FOG:attempt:3:round:7,RN_PLAIN_FOG,RN,PLAIN,FOG,3,7,2026-04-24 15:56:30,0.866667,0.402206,0.285743,0.299912,0.544907,0.443418,0.8999999761581421,0.4277289807796478,30.0,2026-04-24 15:56:28,35.0,0.14985714285714288,0.36989999999999984,0.0,30.0,0.8333333134651184,0.3766823410987854,30.0,2026-04-24 15:56:30,33.0,0.13251515151515156,0.3105999999999999,0.0,30.0,1.0,0.0,0.0,0.0,1.0,0.561,0.561,0.0,,,,,,,,,,,,,,,,,,
variant:RN_PLAIN_FOG:attempt:3:round:8,RN_PLAIN_FOG,RN,PLAIN,FOG,3,8,2026-04-24 15:57:20,0.833333,0.43747,0.286776,0.295252,0.537575,0.4498,0.8333333134651184,0.4120569825172424,30.0,2026-04-24 15:57:18,35.0,0.15842857142857142,0.41259999999999974,0.0,30.0,0.8333333134651184,0.4628833830356598,30.0,2026-04-24 15:57:20,33.0,0.13121212121212122,0.3207999999999997,0.0,30.0,1.0,0.0,0.0,0.0,1.0,0.269,0.269,0.0,,,,,,,,,,,,,,,,,,
variant:RN_PLAIN_FOG:attempt:3:round:9,RN_PLAIN_FOG,RN,PLAIN,FOG,3,9,2026-04-24 15:58:10,0.866667,0.250309,0.287233,0.288068,0.535603,0.464914,0.8333333134651184,0.3006587326526642,30.0,2026-04-24 15:58:08,35.0,0.1414,0.40579999999999977,0.0,30.0,0.8999999761581421,0.199958398938179,30.0,2026-04-24 15:58:10,33.0,0.12327272727272726,0.3537999999999998,0.0,30.0,1.0,0.0,0.0,0.0,1.0,0.397,0.397,0.0,,,,,,,,,,,,,,,,,,
variant:RN_PLAIN_FOG:attempt:3:round:10,RN_PLAIN_FOG,RN,PLAIN,FOG,3,10,2026-04-24 15:59:01,0.9,0.2387,0.287621,0.286929,0.533837,0.470586,0.8333333134651184,0.3200981318950653,30.0,2026-04-24 15:58:58,35.0,0.13848571428571427,0.3511999999999999,0.0,30.0,0.9666666388511658,0.1573026627302169,30.0,2026-04-24 15:59:00,33.0,0.13406060606060605,0.3053999999999997,0.0,30.0,1.0,0.0,0.0,0.0,1.0,0.402,0.402,0.0,,,,,,,,,,,,,,,,,,
variant:RN_PLAIN_FOG:attempt:3:round:11,RN_PLAIN_FOG,RN,PLAIN,FOG,3,11,2026-04-24 15:59:50,0.916667,0.215249,0.289085,0.293584,0.534971,0.474153,0.9666666388511658,0.1279971599578857,30.0,2026-04-24 15:59:48,35.0,0.1304,0.31719999999999987,0.0,30.0,0.8666666746139526,0.3025007247924804,30.0,2026-04-24 15:59:50,33.0,0.12566666666666668,0.2907999999999998,0.0,30.0,1.0,0.0,0.0,0.0,1.0,0.357,0.357,0.0,,,,,,,,,,,,,,,,,,
variant:RN_PLAIN_FOG:attempt:3:round:12,RN_PLAIN_FOG,RN,PLAIN,FOG,3,12,2026-04-24 16:00:40,0.95,0.14757,0.290057,0.293824,0.533319,0.480837,0.8999999761581421,0.2440841346979141,30.0,2026-04-24 16:00:38,35.0,0.1466857142857143,0.3956,0.0,30.0,1.0,0.0510556660592556,30.0,2026-04-24 16:00:40,33.0,0.1424848484848485,0.3111999999999998,0.0,30.0,1.0,0.0,0.0,0.0,1.0,0.287,0.287,0.0,,,,,,,,,,,,,,,,,,
variant:RN_PLAIN_FOG:attempt:3:round:13,RN_PLAIN_FOG,RN,PLAIN,FOG,3,13,2026-04-24 16:01:30,0.9,0.257219,0.290753,0.29115,0.536081,0.484802,0.8999999761581421,0.2440922260284423,30.0,2026-04-24 16:01:28,35.0,0.17671428571428574,0.41029999999999955,0.0,30.0,0.8999999761581421,0.2703452110290527,30.0,2026-04-24 16:01:30,33.0,0.1351818181818182,0.3165999999999997,0.0,30.0,1.0,0.0,0.0,0.0,1.0,0.409,0.409,0.0,,,,,,,,,,,,,,,,,,
variant:RN_PLAIN_FOG:attempt:3:round:14,RN_PLAIN_FOG,RN,PLAIN,FOG,3,14,2026-04-24 16:02:20,0.883333,0.287029,0.290969,0.286685,0.536614,0.491641,0.8666666746139526,0.268390953540802,30.0,2026-04-24 16:02:18,35.0,0.12734285714285717,0.3672999999999999,0.0,30.0,0.8999999761581421,0.3056661486625671,30.0,2026-04-24 16:02:20,33.0,0.12224242424242424,0.30639999999999973,0.0,30.0,1.0,0.0,0.0,0.0,1.0,0.384,0.384,0.0,,,,,,,,,,,,,,,,,,
variant:RN_PLAIN_FOG:attempt:3:round:15,RN_PLAIN_FOG,RN,PLAIN,FOG,3,15,2026-04-24 16:03:10,0.883333,0.261073,0.291014,0.286886,0.541119,0.491862,0.8333333134651184,0.2715814411640167,30.0,2026-04-24 16:03:08,35.0,0.13291428571428573,0.3692,0.0,30.0,0.9333333373069764,0.2505642175674438,30.0,2026-04-24 16:03:10,33.0,0.13787878787878788,0.3039999999999999,0.0,30.0,1.0,0.0,0.0,0.0,1.0,0.489,0.489,0.0,,,,,,,,,,,,,,,,,,
variant:RN_PLAIN_FOG:attempt:3:round:16,RN_PLAIN_FOG,RN,PLAIN,FOG,3,16,2026-04-24 16:04:00,0.933333,0.175764,0.291731,0.290448,0.54482,0.495974,0.9666666388511658,0.1064210683107376,30.0,2026-04-24 16:03:58,35.0,0.14568571428571428,0.3857,0.0,30.0,0.8999999761581421,0.2451071292161941,30.0,2026-04-24 16:04:00,33.0,0.13506060606060608,0.38579999999999987,0.0,30.0,1.0,0.0,0.0,0.0,1.0,0.406,0.406,0.0,,,,,,,,,,,,,,,,,,
variant:RN_PLAIN_FOG:attempt:3:round:17,RN_PLAIN_FOG,RN,PLAIN,FOG,3,17,2026-04-24 16:04:51,0.983333,0.094601,0.294349,0.293342,0.54972,0.502809,1.0,0.0304001830518245,30.0,2026-04-24 16:04:48,35.0,0.13977142857142857,0.39449999999999985,0.0,30.0,0.9666666388511658,0.1588025391101837,30.0,2026-04-24 16:04:50,33.0,0.14724242424242423,0.29259999999999975,0.0,30.0,1.0,0.0,0.0,0.0,1.0,0.444,0.444,0.0,,,,,,,,,,,,,,,,,,
variant:RN_PLAIN_FOG:attempt:3:round:18,RN_PLAIN_FOG,RN,PLAIN,FOG,3,18,2026-04-24 16:05:40,0.983333,0.083535,0.294423,0.297881,0.548948,0.508838,1.0,0.0669751837849617,30.0,2026-04-24 16:05:38,35.0,0.1345714285714286,0.35689999999999994,0.0,30.0,0.9666666388511658,0.1000956371426582,30.0,2026-04-24 16:05:40,33.0,0.13415151515151516,0.2739999999999998,0.0,30.0,1.0,0.0,0.0,0.0,1.0,0.393,0.393,0.0,,,,,,,,,,,,,,,,,,
variant:RN_PLAIN_FOG:attempt:3:round:19,RN_PLAIN_FOG,RN,PLAIN,FOG,3,19,2026-04-24 16:06:30,0.95,0.117114,0.294571,0.301256,0.548462,0.511515,0.9333333373069764,0.1210554614663124,30.0,2026-04-24 16:06:28,35.0,0.1562857142857143,0.4632999999999995,0.0,30.0,0.9666666388511658,0.1131723672151565,30.0,2026-04-24 16:06:30,33.0,0.1410909090909091,0.28639999999999977,0.0,30.0,1.0,0.0,0.0,0.0,1.0,0.407,0.407,0.0,,,,,,,,,,,,,,,,,,
variant:RN_PLAIN_FOG:attempt:3:round:20,RN_PLAIN_FOG,RN,PLAIN,FOG,3,20,2026-04-24 16:07:20,0.9,0.184788,0.294187,0.299942,0.548954,0.514694,0.8666666746139526,0.262565016746521,30.0,2026-04-24 16:07:18,35.0,0.15071428571428572,0.39799999999999963,0.0,30.0,0.9333333373069764,0.1070104911923408,30.0,2026-04-24 16:07:20,33.0,0.1403939393939394,0.28339999999999976,0.0,30.0,1.0,0.0,0.0,0.0,1.0,0.781,0.781,0.0,,,,,,,,,,,,,,,,,,
variant:RN_PLAIN_FOG:attempt:4:round:1,RN_PLAIN_FOG,RN,PLAIN,FOG,4,1,2026-04-24 16:27:43,0.75,0.735837,0.288389,0.29114,0.541923,0.410128,0.7333333492279053,0.7314664125442505,30.0,2026-04-24 16:27:42,37.0,0.13056756756756757,0.24499999999999997,0.0,34.0,0.7666666507720947,0.7402070760726929,30.0,2026-04-24 16:27:43,36.0,0.12141666666666667,0.22325,0.0,34.0,1.0,0.0,0.0,0.0,1.0,0.46,0.46,0.0,,,,,,,,,,,,,,,,,,
variant:RN_PLAIN_FOG:attempt:4:round:2,RN_PLAIN_FOG,RN,PLAIN,FOG,4,2,2026-04-24 16:28:27,0.983333,0.10888,0.293377,0.294898,0.558619,0.431191,1.0,0.1126980632543563,30.0,2026-04-24 16:28:26,31.0,0.15880645161290322,0.397,0.0,26.0,0.9666666388511658,0.1050617322325706,30.0,2026-04-24 16:28:26,29.0,0.13141379310344828,0.32019999999999965,0.0,26.0,1.0,0.0,0.0,0.0,1.0,0.372,0.372,0.0,,,,,,,,,,,,,,,,,,
variant:RN_PLAIN_FOG:attempt:4:round:3,RN_PLAIN_FOG,RN,PLAIN,FOG,4,3,2026-04-24 16:29:17,0.983333,0.060715,0.297372,0.303565,0.569356,0.444021,1.0,0.0296555887907743,30.0,2026-04-24 16:29:15,35.0,0.1508,0.4246,0.0,30.0,0.9666666388511658,0.0917739942669868,30.0,2026-04-24 16:29:16,33.0,0.13239393939393942,0.30159999999999976,0.0,30.0,1.0,0.0,0.0,0.0,1.0,0.337,0.337,0.0,,,,,,,,,,,,,,,,,,
variant:RN_PLAIN_FOG:attempt:4:round:4,RN_PLAIN_FOG,RN,PLAIN,FOG,4,4,2026-04-24 16:30:07,1.0,0.016886,0.299991,0.308304,0.575736,0.450935,1.0,0.0133437160402536,30.0,2026-04-24 16:30:06,35.0,0.15717142857142857,0.3737999999999996,0.0,30.0,1.0,0.0204277951270341,30.0,2026-04-24 16:30:06,33.0,0.12972727272727272,0.2971999999999998,0.0,30.0,1.0,0.0,0.0,0.0,1.0,0.373,0.373,0.0,,,,,,,,,,,,,,,,,,
variant:RN_PLAIN_FOG:attempt:4:round:5,RN_PLAIN_FOG,RN,PLAIN,FOG,4,5,2026-04-24 16:30:57,1.0,0.023264,0.301695,0.314555,0.58032,0.455291,1.0,0.0373889096081256,30.0,2026-04-24 16:30:55,35.0,0.16879999999999998,0.5085999999999996,0.0,30.0,1.0,0.0091388532891869,30.0,2026-04-24 16:30:57,33.0,0.13727272727272727,0.2773999999999998,0.0,30.0,1.0,0.0,0.0,0.0,1.0,0.397,0.397,0.0,,,,,,,,,,,,,,,,,,
variant:RN_PLAIN_FOG:attempt:4:round:6,RN_PLAIN_FOG,RN,PLAIN,FOG,4,6,2026-04-24 16:33:30,0.9,0.232083,0.296889,0.310589,0.572479,0.449749,0.800000011920929,0.4576556980609894,30.0,2026-04-24 16:33:27,36.0,0.15238888888888885,0.44125000000000003,0.0,31.0,1.0,0.006511241197586,30.0,2026-04-24 16:33:29,34.0,0.12226470588235297,0.2957999999999996,0.0,31.0,1.0,0.0,0.0,0.0,1.0,0.42,0.42,0.0,,,,,,,,,,,,,,,,,,
variant:RN_PLAIN_FOG:attempt:4:round:7,RN_PLAIN_FOG,RN,PLAIN,FOG,4,7,2026-04-24 16:34:20,0.95,0.15071,0.29376,0.307247,0.563909,0.449488,0.8999999761581421,0.2796694636344909,30.0,2026-04-24 16:34:17,35.0,0.13662857142857143,0.3856999999999999,0.0,30.0,1.0,0.0217496380209922,30.0,2026-04-24 16:34:20,33.0,0.1384848484848485,0.2829999999999998,0.0,30.0,1.0,0.0,0.0,0.0,1.0,0.542,0.542,0.0,,,,,,,,,,,,,,,,,,
variant:RN_PLAIN_FOG:attempt:4:round:8,RN_PLAIN_FOG,RN,PLAIN,FOG,4,8,2026-04-24 16:35:10,0.9,0.268364,0.293673,0.306571,0.563687,0.448266,0.800000011920929,0.5177032351493835,30.0,2026-04-24 16:35:07,35.0,0.13205714285714282,0.41629999999999995,0.0,30.0,1.0,0.0190238337963819,30.0,2026-04-24 16:35:10,33.0,0.16987878787878788,0.4929999999999999,0.0,30.0,1.0,0.0,0.0,0.0,1.0,0.31,0.31,0.0,,,,,,,,,,,,,,,,,,
variant:RN_PLAIN_FOG:attempt:4:round:9,RN_PLAIN_FOG,RN,PLAIN,FOG,4,9,2026-04-24 16:36:00,0.933333,0.114642,0.294099,0.307512,0.565741,0.450319,0.8666666746139526,0.2182381600141525,30.0,2026-04-24 16:35:57,35.0,0.17265714285714287,0.6025999999999999,0.0,30.0,1.0,0.0110455155372619,30.0,2026-04-24 16:36:00,33.0,0.13942424242424245,0.36459999999999965,0.0,30.0,1.0,0.0,0.0,0.0,1.0,0.416,0.416,0.0,,,,,,,,,,,,,,,,,,
variant:RN_PLAIN_FOG:attempt:4:round:10,RN_PLAIN_FOG,RN,PLAIN,FOG,4,10,2026-04-24 16:36:50,0.85,0.239372,0.29551,0.306873,0.566589,0.45377,0.699999988079071,0.4683855175971985,30.0,2026-04-24 16:36:47,35.0,0.21125714285714287,0.9660999999999998,0.0,30.0,1.0,0.0103593589738011,30.0,2026-04-24 16:36:50,33.0,0.13530303030303029,0.2841999999999998,0.0,30.0,1.0,0.0,0.0,0.0,1.0,0.655,0.655,0.0,,,,,,,,,,,,,,,,,,
variant:RN_PLAIN_FOG:attempt:4:round:11,RN_PLAIN_FOG,RN,PLAIN,FOG,4,11,2026-04-24 16:37:40,0.9,0.193802,0.296233,0.30666,0.563146,0.458398,0.800000011920929,0.3819929361343384,30.0,2026-04-24 16:37:37,35.0,0.13414285714285715,0.41219999999999957,0.0,30.0,1.0,0.0056104492396116,30.0,2026-04-24 16:37:40,33.0,0.15581818181818183,0.40119999999999967,0.0,30.0,1.0,0.0,0.0,0.0,1.0,0.84,0.84,0.0,,,,,,,,,,,,,,,,,,
variant:RN_PLAIN_FOG:attempt:4:round:12,RN_PLAIN_FOG,RN,PLAIN,FOG,4,12,2026-04-24 16:38:30,0.933333,0.161632,0.296329,0.308118,0.565052,0.46212,0.8666666746139526,0.3130284249782562,30.0,2026-04-24 16:38:27,35.0,0.13485714285714284,0.34489999999999993,0.0,30.0,1.0,0.010234834626317,30.0,2026-04-24 16:38:30,33.0,0.14209090909090913,0.28939999999999977,0.0,30.0,1.0,0.0,0.0,0.0,1.0,0.406,0.406,0.0,,,,,,,,,,,,,,,,,,
variant:RN_PLAIN_FOG:attempt:4:round:13,RN_PLAIN_FOG,RN,PLAIN,FOG,4,13,2026-04-24 16:39:20,0.95,0.097757,0.297115,0.310396,0.56473,0.465446,0.9333333373069764,0.1588851362466812,30.0,2026-04-24 16:39:17,35.0,0.13122857142857144,0.40669999999999995,0.0,30.0,0.9666666388511658,0.0366290137171745,30.0,2026-04-24 16:39:20,33.0,0.1286969696969697,0.3275999999999998,0.0,30.0,1.0,0.0,0.0,0.0,1.0,0.824,0.824,0.0,,,,,,,,,,,,,,,,,,
variant:RN_PLAIN_FOG:attempt:4:round:14,RN_PLAIN_FOG,RN,PLAIN,FOG,4,14,2026-04-24 16:40:10,0.933333,0.126503,0.296904,0.312104,0.567112,0.46501,0.8666666746139526,0.2471869736909866,30.0,2026-04-24 16:40:07,35.0,0.14259999999999998,0.4052999999999996,0.0,30.0,1.0,0.0058191618882119,30.0,2026-04-24 16:40:10,33.0,0.1369090909090909,0.2905999999999998,0.0,30.0,1.0,0.0,0.0,0.0,1.0,1.059,1.059,0.0,,,,,,,,,,,,,,,,,,
variant:RN_PLAIN_FOG:attempt:4:round:15,RN_PLAIN_FOG,RN,PLAIN,FOG,4,15,2026-04-24 16:41:00,0.916667,0.104961,0.297619,0.31304,0.565364,0.468252,0.8333333134651184,0.2066900879144668,30.0,2026-04-24 16:40:57,35.0,0.15285714285714289,0.44329999999999925,0.0,30.0,1.0,0.0032318043522536,30.0,2026-04-24 16:41:00,33.0,0.1435151515151515,0.3095999999999997,0.0,30.0,1.0,0.0,0.0,0.0,1.0,0.503,0.503,0.0,,,,,,,,,,,,,,,,,,
variant:RN_PLAIN_FOG:attempt:4:round:16,RN_PLAIN_FOG,RN,PLAIN,FOG,4,16,2026-04-24 16:41:50,0.95,0.080439,0.297441,0.314075,0.565744,0.470216,0.8999999761581421,0.1556099504232406,30.0,2026-04-24 16:41:47,35.0,0.1274,0.3376999999999999,0.0,30.0,1.0,0.0052687623538076,30.0,2026-04-24 16:41:50,33.0,0.13345454545454546,0.29519999999999974,0.0,30.0,1.0,0.0,0.0,0.0,1.0,0.424,0.424,0.0,,,,,,,,,,,,,,,,,,
variant:RN_PLAIN_FOG:attempt:4:round:17,RN_PLAIN_FOG,RN,PLAIN,FOG,4,17,2026-04-24 16:42:40,0.95,0.12345,0.296295,0.307029,0.5663,0.471199,0.8999999761581421,0.2406487166881561,30.0,2026-04-24 16:42:37,35.0,0.1412,0.4531,0.0,30.0,1.0,0.0062517058104276,30.0,2026-04-24 16:42:40,33.0,0.12721212121212122,0.3033999999999997,0.0,30.0,1.0,0.0,0.0,0.0,1.0,0.477,0.477,0.0,,,,,,,,,,,,,,,,,,
variant:RN_PLAIN_FOG:attempt:4:round:18,RN_PLAIN_FOG,RN,PLAIN,FOG,4,18,2026-04-24 16:43:30,0.966667,0.175077,0.296403,0.303908,0.568047,0.4733,0.9333333373069764,0.3418226242065429,30.0,2026-04-24 16:43:27,35.0,0.13842857142857143,0.41019999999999984,0.0,30.0,1.0,0.0083306254819035,30.0,2026-04-24 16:43:30,33.0,0.13606060606060608,0.27759999999999985,0.0,30.0,1.0,0.0,0.0,0.0,1.0,0.381,0.381,0.0,,,,,,,,,,,,,,,,,,
variant:RN_PLAIN_FOG:attempt:4:round:19,RN_PLAIN_FOG,RN,PLAIN,FOG,4,19,2026-04-24 16:44:20,1.0,0.029144,0.295844,0.302389,0.570644,0.473523,1.0,0.0507255792617797,30.0,2026-04-24 16:44:17,35.0,0.14285714285714285,0.4230999999999998,0.0,30.0,1.0,0.0075623909942805,30.0,2026-04-24 16:44:19,33.0,0.14312121212121212,0.3079999999999997,0.0,30.0,1.0,0.0,0.0,0.0,1.0,0.246,0.246,0.0,,,,,,,,,,,,,,,,,,
variant:RN_PLAIN_FOG:attempt:4:round:20,RN_PLAIN_FOG,RN,PLAIN,FOG,4,20,2026-04-24 16:45:10,0.933333,0.146945,0.296471,0.302464,0.570343,0.477557,0.8666666746139526,0.2792772948741913,30.0,2026-04-24 16:45:07,35.0,0.14122857142857145,0.4027999999999999,0.0,30.0,1.0,0.014612584374845,30.0,2026-04-24 16:45:10,33.0,0.1197878787878788,0.3003999999999997,0.0,30.0,1.0,0.0,0.0,0.0,1.0,0.675,0.675,0.0,,,,,,,,,,,,,,,,,,
variant:RN_PLAIN_NoFOG:attempt:16:round:1,RN_PLAIN_NoFOG,RN,PLAIN,NoFOG,16,1,2026-04-19 10:25:58,0.766667,0.784061,0.28866,0.291142,0.5427,0.409748,0.7333333492279053,0.8140271306037903,30.0,2026-04-19 10:25:58,32.0,0.11428125,0.2316499999999999,0.0,30.0,0.800000011920929,0.7540940642356873,30.0,2026-04-19 10:25:57,37.0,0.13891891891891894,0.22299999999999978,0.0,35.0,2.0,0.0,0.0,0.0,1.0,0.238,0.238,0.0,,,,,,,,,,,,,,,,,,
variant:RN_PLAIN_NoFOG:attempt:16:round:2,RN_PLAIN_NoFOG,RN,PLAIN,NoFOG,16,2,2026-04-19 10:26:43,0.983333,0.095978,0.291775,0.295218,0.557564,0.427205,1.0,0.0644791796803474,30.0,2026-04-19 10:26:43,33.0,0.12633333333333333,0.32639999999999975,0.0,30.0,0.9666666388511658,0.1274761259555816,30.0,2026-04-19 10:26:41,30.0,0.16363333333333335,0.4006499999999999,0.0,27.0,2.0,0.0,0.0,0.0,1.0,0.2,0.2,0.0,,,,,,,,,,,,,,,,,,
variant:RN_PLAIN_NoFOG:attempt:16:round:3,RN_PLAIN_NoFOG,RN,PLAIN,NoFOG,16,3,2026-04-19 10:27:33,1.0,0.048242,0.294914,0.304233,0.567695,0.438516,1.0,0.0511341951787471,30.0,2026-04-19 10:27:33,33.0,0.12978787878787879,0.36019999999999985,0.0,30.0,1.0,0.0453496351838111,30.0,2026-04-19 10:27:31,33.0,0.17454545454545453,0.3341999999999998,0.0,30.0,2.0,0.0,0.0,0.0,1.0,0.171,0.171,0.0,,,,,,,,,,,,,,,,,,
variant:RN_PLAIN_NoFOG:attempt:16:round:4,RN_PLAIN_NoFOG,RN,PLAIN,NoFOG,16,4,2026-04-19 10:28:23,1.0,0.031063,0.296652,0.309996,0.573844,0.446696,1.0,0.0318776816129684,30.0,2026-04-19 10:28:23,33.0,0.13415151515151516,0.41859999999999997,0.0,30.0,1.0,0.0302475877106189,30.0,2026-04-19 10:28:21,33.0,0.1605757575757576,0.32039999999999985,0.0,30.0,2.0,0.0,0.0,0.0,1.0,0.149,0.149,0.0,,,,,,,,,,,,,,,,,,
variant:RN_PLAIN_NoFOG:attempt:16:round:5,RN_PLAIN_NoFOG,RN,PLAIN,NoFOG,16,5,2026-04-19 10:29:12,1.0,0.020206,0.297717,0.314496,0.578395,0.452812,1.0,0.0248885508626699,30.0,2026-04-19 10:29:12,33.0,0.13103030303030302,0.3725999999999999,0.0,30.0,1.0,0.0155241163447499,30.0,2026-04-19 10:29:11,33.0,0.156,0.28419999999999984,0.0,30.0,2.0,0.0,0.0,0.0,1.0,0.222,0.222,0.0,,,,,,,,,,,,,,,,,,
variant:RN_PLAIN_NoFOG:attempt:16:round:6,RN_PLAIN_NoFOG,RN,PLAIN,NoFOG,16,6,2026-04-19 10:34:10,0.833333,0.620936,0.291656,0.300631,0.559932,0.445675,0.6666666865348816,1.2271682024002075,30.0,2026-04-19 10:34:05,37.0,0.13399999999999995,0.2783999999999992,0.0,34.0,1.0,0.0147034786641597,30.0,2026-04-19 10:34:10,31.0,0.1573548387096774,0.306,0.0,28.0,2.0,0.0,0.0,0.0,1.0,0.201,0.201,0.0,,,,,,,,,,,,,,,,,,
variant:RN_PLAIN_NoFOG:attempt:16:round:7,RN_PLAIN_NoFOG,RN,PLAIN,NoFOG,16,7,2026-04-19 10:35:00,0.9,0.262829,0.291647,0.291723,0.558179,0.449365,0.8333333134651184,0.4497591555118561,30.0,2026-04-19 10:34:55,33.0,0.1483939393939394,0.27619999999999983,0.0,30.0,0.9666666388511658,0.0758994296193122,30.0,2026-04-19 10:35:00,33.0,0.1433939393939394,0.2875999999999998,0.0,30.0,2.0,0.0,0.0,0.0,1.0,0.174,0.174,0.0,,,,,,,,,,,,,,,,,,
variant:RN_PLAIN_NoFOG:attempt:16:round:8,RN_PLAIN_NoFOG,RN,PLAIN,NoFOG,16,8,2026-04-19 10:35:50,0.75,0.733788,0.291835,0.288771,0.565912,0.447028,0.5,1.443485975265503,30.0,2026-04-19 10:35:45,33.0,0.14315151515151514,0.2883999999999999,0.0,30.0,1.0,0.0240906905382871,30.0,2026-04-19 10:35:50,33.0,0.14760606060606063,0.2947999999999998,0.0,30.0,2.0,0.0,0.0,0.0,1.0,0.217,0.217,0.0,,,,,,,,,,,,,,,,,,
variant:RN_PLAIN_NoFOG:attempt:16:round:9,RN_PLAIN_NoFOG,RN,PLAIN,NoFOG,16,9,2026-04-19 10:36:40,0.85,0.379978,0.292419,0.290232,0.570937,0.447853,0.699999988079071,0.7392966747283936,30.0,2026-04-19 10:36:35,33.0,0.13733333333333334,0.2963999999999998,0.0,30.0,1.0,0.0206591784954071,30.0,2026-04-19 10:36:40,33.0,0.15484848484848482,0.2865999999999998,0.0,30.0,2.0,0.0,0.0,0.0,1.0,0.185,0.185,0.0,,,,,,,,,,,,,,,,,,
variant:RN_PLAIN_NoFOG:attempt:16:round:10,RN_PLAIN_NoFOG,RN,PLAIN,NoFOG,16,10,2026-04-19 10:37:30,0.866667,0.204281,0.294307,0.288808,0.571073,0.450762,0.7333333492279053,0.3893095552921295,30.0,2026-04-19 10:37:25,33.0,0.12036363636363637,0.29559999999999975,0.0,30.0,1.0,0.0192521512508392,30.0,2026-04-19 10:37:30,33.0,0.16315151515151516,0.3243999999999998,0.0,30.0,2.0,0.0,0.0,0.0,1.0,0.245,0.245,0.0,,,,,,,,,,,,,,,,,,
variant:RN_PLAIN_NoFOG:attempt:16:round:11,RN_PLAIN_NoFOG,RN,PLAIN,NoFOG,16,11,2026-04-19 10:38:20,0.966667,0.097234,0.296689,0.290899,0.573165,0.453295,0.9333333373069764,0.1748105436563491,30.0,2026-04-19 10:38:15,33.0,0.14648484848484847,0.38779999999999987,0.0,30.0,1.0,0.0196576099842786,30.0,2026-04-19 10:38:20,33.0,0.1662121212121212,0.3357999999999999,0.0,30.0,2.0,0.0,0.0,0.0,1.0,0.194,0.194,0.0,,,,,,,,,,,,,,,,,,
variant:RN_PLAIN_NoFOG:attempt:16:round:12,RN_PLAIN_NoFOG,RN,PLAIN,NoFOG,16,12,2026-04-19 10:39:10,0.883333,0.192207,0.298856,0.293894,0.576798,0.456547,0.7666666507720947,0.3708833754062652,30.0,2026-04-19 10:39:05,33.0,0.18093939393939396,0.5209999999999997,0.0,30.0,1.0,0.0135298483073711,30.0,2026-04-19 10:39:10,33.0,0.15890909090909092,0.2965999999999997,0.0,30.0,2.0,0.0,0.0,0.0,1.0,0.179,0.179,0.0,,,,,,,,,,,,,,,,,,
variant:RN_PLAIN_NoFOG:attempt:16:round:13,RN_PLAIN_NoFOG,RN,PLAIN,NoFOG,16,13,2026-04-19 10:40:00,0.85,0.275077,0.298229,0.29303,0.579614,0.455841,0.699999988079071,0.5434021353721619,30.0,2026-04-19 10:39:55,33.0,0.15181818181818185,0.3187999999999997,0.0,30.0,1.0,0.0067520244047045,30.0,2026-04-19 10:40:00,33.0,0.1514848484848485,0.2989999999999999,0.0,30.0,2.0,0.0,0.0,0.0,1.0,0.193,0.193,0.0,,,,,,,,,,,,,,,,,,
variant:RN_PLAIN_NoFOG:attempt:16:round:14,RN_PLAIN_NoFOG,RN,PLAIN,NoFOG,16,14,2026-04-19 10:40:50,0.883333,0.28154,0.298664,0.293943,0.581967,0.461149,0.7666666507720947,0.547869861125946,30.0,2026-04-19 10:40:45,33.0,0.15715151515151515,0.4401999999999998,0.0,30.0,1.0,0.015210916288197,30.0,2026-04-19 10:40:50,33.0,0.16703030303030303,0.2777999999999998,0.0,30.0,2.0,0.0,0.0,0.0,1.0,0.174,0.174,0.0,,,,,,,,,,,,,,,,,,
variant:RN_PLAIN_NoFOG:attempt:16:round:15,RN_PLAIN_NoFOG,RN,PLAIN,NoFOG,16,15,2026-04-19 10:41:40,0.833333,0.285894,0.299344,0.293101,0.582428,0.465037,0.6666666865348816,0.5584983229637146,30.0,2026-04-19 10:41:35,33.0,0.16893939393939394,0.4094,0.0,30.0,1.0,0.0132901342585682,30.0,2026-04-19 10:41:40,33.0,0.15672727272727272,0.2845999999999998,0.0,30.0,2.0,0.0,0.0,0.0,1.0,0.182,0.182,0.0,,,,,,,,,,,,,,,,,,
variant:RN_PLAIN_NoFOG:attempt:16:round:16,RN_PLAIN_NoFOG,RN,PLAIN,NoFOG,16,16,2026-04-19 10:42:30,0.95,0.110643,0.301561,0.294291,0.583836,0.470031,0.8999999761581421,0.2139758616685867,30.0,2026-04-19 10:42:25,33.0,0.15772727272727272,0.3451999999999996,0.0,30.0,1.0,0.0073101916350424,30.0,2026-04-19 10:42:30,33.0,0.15833333333333335,0.3201999999999999,0.0,30.0,2.0,0.0,0.0,0.0,1.0,0.219,0.219,0.0,,,,,,,,,,,,,,,,,,
variant:RN_PLAIN_NoFOG:attempt:16:round:17,RN_PLAIN_NoFOG,RN,PLAIN,NoFOG,16,17,2026-04-19 10:43:20,0.933333,0.167332,0.300485,0.292606,0.583012,0.463189,0.8666666746139526,0.3305763900279999,30.0,2026-04-19 10:43:15,33.0,0.15103030303030304,0.42179999999999984,0.0,30.0,1.0,0.0040885680355131,30.0,2026-04-19 10:43:20,33.0,0.1580909090909091,0.27859999999999985,0.0,30.0,2.0,0.0,0.0,0.0,1.0,0.161,0.161,0.0,,,,,,,,,,,,,,,,,,
variant:RN_PLAIN_NoFOG:attempt:16:round:18,RN_PLAIN_NoFOG,RN,PLAIN,NoFOG,16,18,2026-04-19 10:44:10,0.983333,0.141058,0.302085,0.294584,0.584392,0.466904,0.9666666388511658,0.2738121449947357,30.0,2026-04-19 10:44:05,33.0,0.1553939393939394,0.3009999999999997,0.0,30.0,1.0,0.0083036283031106,30.0,2026-04-19 10:44:10,33.0,0.16354545454545452,0.2945999999999998,0.0,30.0,2.0,0.0,0.0,0.0,1.0,0.292,0.292,0.0,,,,,,,,,,,,,,,,,,
variant:RN_PLAIN_NoFOG:attempt:16:round:19,RN_PLAIN_NoFOG,RN,PLAIN,NoFOG,16,19,2026-04-19 10:45:00,1.0,0.03993,0.304154,0.298982,0.58676,0.474241,1.0,0.0666435584425926,30.0,2026-04-19 10:44:55,33.0,0.13627272727272727,0.3799999999999999,0.0,30.0,1.0,0.0132173430174589,30.0,2026-04-19 10:45:00,33.0,0.16342424242424242,0.31319999999999987,0.0,30.0,2.0,0.0,0.0,0.0,1.0,0.241,0.241,0.0,,,,,,,,,,,,,,,,,,
variant:RN_PLAIN_NoFOG:attempt:16:round:20,RN_PLAIN_NoFOG,RN,PLAIN,NoFOG,16,20,2026-04-19 10:45:50,0.933333,0.155369,0.303437,0.306238,0.586917,0.480253,0.8999999761581421,0.2678395211696625,30.0,2026-04-19 10:45:45,29.0,0.15531034482758618,0.37079999999999935,0.0,27.0,0.9666666388511658,0.0428990274667739,30.0,2026-04-19 10:45:50,32.0,0.15175,0.2917499999999999,0.0,30.0,2.0,0.0,0.0,0.0,1.0,0.192,0.192,0.0,,,,,,,,,,,,,,,,,,
variant:RN_PLAIN_NoFOG:attempt:17:round:1,RN_PLAIN_NoFOG,RN,PLAIN,NoFOG,17,1,2026-04-19 11:01:32,0.766667,0.75793,0.289021,0.292063,0.541493,0.408308,0.7666666507720947,0.488904058933258,30.0,2026-04-19 11:01:28,38.0,0.14428947368421055,0.2942999999999995,0.0,36.0,0.7666666507720947,1.026955485343933,30.0,2026-04-19 11:01:32,32.0,0.14500000000000002,0.22664999999999996,0.0,30.0,2.0,0.0,0.0,0.0,1.0,0.184,0.184,0.0,,,,,,,,,,,,,,,,,,
variant:RN_PLAIN_NoFOG:attempt:17:round:2,RN_PLAIN_NoFOG,RN,PLAIN,NoFOG,17,2,2026-04-19 11:02:15,0.916667,0.216451,0.293653,0.297098,0.557252,0.425032,0.8999999761581421,0.2806576788425445,30.0,2026-04-19 11:02:12,28.0,0.1733214285714286,0.34009999999999974,0.0,25.0,0.9333333373069764,0.1522442549467086,30.0,2026-04-19 11:02:15,33.0,0.14130303030303032,0.3433999999999999,0.0,30.0,2.0,0.0,0.0,0.0,1.0,0.156,0.156,0.0,,,,,,,,,,,,,,,,,,
variant:RN_PLAIN_NoFOG:attempt:17:round:3,RN_PLAIN_NoFOG,RN,PLAIN,NoFOG,17,3,2026-04-19 11:03:05,1.0,0.034624,0.297053,0.308189,0.566097,0.441603,1.0,0.0324004925787448,30.0,2026-04-19 11:03:03,33.0,0.16051515151515153,0.28799999999999976,0.0,30.0,1.0,0.0368482694029808,30.0,2026-04-19 11:03:05,33.0,0.16248484848484848,0.2993999999999998,0.0,30.0,2.0,0.0,0.0,0.0,1.0,0.224,0.224,0.0,,,,,,,,,,,,,,,,,,
variant:RN_PLAIN_NoFOG:attempt:17:round:4,RN_PLAIN_NoFOG,RN,PLAIN,NoFOG,17,4,2026-04-19 11:03:55,0.983333,0.049312,0.299833,0.31302,0.571743,0.450171,1.0,0.027724614366889,30.0,2026-04-19 11:03:53,33.0,0.15327272727272725,0.28739999999999977,0.0,30.0,0.9666666388511658,0.0708993226289749,30.0,2026-04-19 11:03:55,33.0,0.1504848484848485,0.31519999999999987,0.0,30.0,2.0,0.0,0.0,0.0,1.0,0.284,0.284,0.0,,,,,,,,,,,,,,,,,,
variant:RN_PLAIN_NoFOG:attempt:17:round:5,RN_PLAIN_NoFOG,RN,PLAIN,NoFOG,17,5,2026-04-19 11:04:47,1.0,0.017993,0.30161,0.318605,0.5759,0.455632,1.0,0.0123114855960011,30.0,2026-04-19 11:04:47,32.0,0.1385625,0.35879999999999995,0.0,29.0,1.0,0.023674564436078,30.0,2026-04-19 11:04:45,34.0,0.16029411764705884,0.2809999999999997,0.0,31.0,2.0,0.0,0.0,0.0,1.0,0.194,0.194,0.0,,,,,,,,,,,,,,,,,,
variant:RN_PLAIN_NoFOG:attempt:17:round:6,RN_PLAIN_NoFOG,RN,PLAIN,NoFOG,17,6,2026-04-19 11:05:45,0.916667,0.267355,0.300705,0.316133,0.562138,0.457309,0.8999999761581421,0.3980083465576172,30.0,2026-04-19 11:05:40,36.0,0.1588888888888889,0.4545,0.0,33.0,0.9333333373069764,0.136700764298439,30.0,2026-04-19 11:05:45,32.0,0.16109375,0.32439999999999997,0.0,29.0,2.0,0.0,0.0,0.0,1.0,0.219,0.219,0.0,,,,,,,,,,,,,,,,,,
variant:RN_PLAIN_NoFOG:attempt:17:round:7,RN_PLAIN_NoFOG,RN,PLAIN,NoFOG,17,7,2026-04-19 11:06:35,0.85,0.30032,0.295175,0.308529,0.534002,0.449747,0.8333333134651184,0.322422057390213,30.0,2026-04-19 11:06:30,33.0,0.17218181818181819,0.4995999999999999,0.0,30.0,0.8666666746139526,0.2782178819179535,30.0,2026-04-19 11:06:35,33.0,0.15127272727272728,0.2971999999999998,0.0,30.0,2.0,0.0,0.0,0.0,1.0,0.231,0.231,0.0,,,,,,,,,,,,,,,,,,
variant:RN_PLAIN_NoFOG:attempt:17:round:8,RN_PLAIN_NoFOG,RN,PLAIN,NoFOG,17,8,2026-04-19 11:07:25,0.916667,0.218731,0.294836,0.306865,0.526026,0.448929,0.9666666388511658,0.0965233668684959,30.0,2026-04-19 11:07:20,33.0,0.16775757575757577,0.5649999999999997,0.0,30.0,0.8666666746139526,0.340939462184906,30.0,2026-04-19 11:07:25,33.0,0.1593333333333333,0.3071999999999998,0.0,30.0,2.0,0.0,0.0,0.0,1.0,0.271,0.271,0.0,,,,,,,,,,,,,,,,,,
variant:RN_PLAIN_NoFOG:attempt:17:round:9,RN_PLAIN_NoFOG,RN,PLAIN,NoFOG,17,9,2026-04-19 11:08:15,0.866667,0.332709,0.294721,0.309135,0.52307,0.45122,0.9333333373069764,0.2627422511577606,30.0,2026-04-19 11:08:10,33.0,0.16284848484848485,0.49819999999999975,0.0,30.0,0.800000011920929,0.4026766717433929,30.0,2026-04-19 11:08:15,33.0,0.16209090909090906,0.3105999999999998,0.0,30.0,2.0,0.0,0.0,0.0,1.0,0.2,0.2,0.0,,,,,,,,,,,,,,,,,,
variant:RN_PLAIN_NoFOG:attempt:17:round:10,RN_PLAIN_NoFOG,RN,PLAIN,NoFOG,17,10,2026-04-19 11:09:05,0.883333,0.391117,0.294705,0.303266,0.522385,0.454961,0.8333333134651184,0.4033364653587341,30.0,2026-04-19 11:09:00,33.0,0.17578787878787877,0.4875999999999998,0.0,30.0,0.9333333373069764,0.3788968324661255,30.0,2026-04-19 11:09:05,33.0,0.167,0.34579999999999983,0.0,30.0,2.0,0.0,0.0,0.0,1.0,0.207,0.207,0.0,,,,,,,,,,,,,,,,,,
variant:RN_PLAIN_NoFOG:attempt:17:round:11,RN_PLAIN_NoFOG,RN,PLAIN,NoFOG,17,11,2026-04-19 11:09:55,0.833333,0.334581,0.294652,0.299231,0.517261,0.459821,0.8333333134651184,0.3697628676891327,30.0,2026-04-19 11:09:50,33.0,0.17003030303030306,0.4873999999999997,0.0,30.0,0.8333333134651184,0.2993984520435333,30.0,2026-04-19 11:09:55,33.0,0.14984848484848484,0.2789999999999998,0.0,30.0,2.0,0.0,0.0,0.0,1.0,0.147,0.147,0.0,,,,,,,,,,,,,,,,,,
variant:RN_PLAIN_NoFOG:attempt:17:round:12,RN_PLAIN_NoFOG,RN,PLAIN,NoFOG,17,12,2026-04-19 11:10:45,0.916667,0.177451,0.296102,0.30039,0.519273,0.463742,0.9666666388511658,0.0886437967419624,30.0,2026-04-19 11:10:40,33.0,0.16403030303030303,0.5071999999999999,0.0,30.0,0.8666666746139526,0.266258031129837,30.0,2026-04-19 11:10:45,33.0,0.1460909090909091,0.33299999999999985,0.0,30.0,2.0,0.0,0.0,0.0,1.0,0.242,0.242,0.0,,,,,,,,,,,,,,,,,,
variant:RN_PLAIN_NoFOG:attempt:17:round:13,RN_PLAIN_NoFOG,RN,PLAIN,NoFOG,17,13,2026-04-19 11:11:35,0.933333,0.14689,0.297157,0.301446,0.521595,0.468885,1.0,0.0852497816085815,30.0,2026-04-19 11:11:30,33.0,0.16048484848484845,0.4783999999999998,0.0,30.0,0.8666666746139526,0.2085298597812652,30.0,2026-04-19 11:11:35,33.0,0.1697878787878788,0.29519999999999985,0.0,30.0,2.0,0.0,0.0,0.0,1.0,0.13,0.13,0.0,,,,,,,,,,,,,,,,,,
variant:RN_PLAIN_NoFOG:attempt:17:round:14,RN_PLAIN_NoFOG,RN,PLAIN,NoFOG,17,14,2026-04-19 11:12:25,0.833333,0.374572,0.297633,0.298329,0.521363,0.473221,0.7333333492279053,0.5030373334884644,30.0,2026-04-19 11:12:20,33.0,0.15878787878787878,0.5191999999999997,0.0,30.0,0.9333333373069764,0.2461064755916595,30.0,2026-04-19 11:12:25,33.0,0.14809090909090908,0.3089999999999997,0.0,30.0,2.0,0.0,0.0,0.0,1.0,0.178,0.178,0.0,,,,,,,,,,,,,,,,,,
variant:RN_PLAIN_NoFOG:attempt:17:round:15,RN_PLAIN_NoFOG,RN,PLAIN,NoFOG,17,15,2026-04-19 11:13:15,0.9,0.259023,0.296821,0.298555,0.519489,0.474167,0.8666666746139526,0.3822803199291229,30.0,2026-04-19 11:13:10,33.0,0.17736363636363636,0.47319999999999973,0.0,30.0,0.9333333373069764,0.1357648521661758,30.0,2026-04-19 11:13:15,33.0,0.1644848484848485,0.3157999999999998,0.0,30.0,2.0,0.0,0.0,0.0,1.0,0.202,0.202,0.0,,,,,,,,,,,,,,,,,,
variant:RN_PLAIN_NoFOG:attempt:17:round:16,RN_PLAIN_NoFOG,RN,PLAIN,NoFOG,17,16,2026-04-19 11:14:05,0.883333,0.280932,0.296813,0.302727,0.521902,0.478052,0.8333333134651184,0.4419727325439453,30.0,2026-04-19 11:14:00,33.0,0.15566666666666668,0.47039999999999976,0.0,30.0,0.9333333373069764,0.1198922023177146,30.0,2026-04-19 11:14:05,33.0,0.16,0.31659999999999977,0.0,30.0,2.0,0.0,0.0,0.0,1.0,0.228,0.228,0.0,,,,,,,,,,,,,,,,,,
variant:RN_PLAIN_NoFOG:attempt:17:round:17,RN_PLAIN_NoFOG,RN,PLAIN,NoFOG,17,17,2026-04-19 11:14:55,0.883333,0.300799,0.29744,0.300866,0.523293,0.480639,0.8333333134651184,0.4764190912246704,30.0,2026-04-19 11:14:50,33.0,0.172030303030303,0.5145999999999997,0.0,30.0,0.9333333373069764,0.1251785904169082,30.0,2026-04-19 11:14:55,33.0,0.1537878787878788,0.2909999999999998,0.0,30.0,2.0,0.0,0.0,0.0,1.0,0.194,0.194,0.0,,,,,,,,,,,,,,,,,,
variant:RN_PLAIN_NoFOG:attempt:17:round:18,RN_PLAIN_NoFOG,RN,PLAIN,NoFOG,17,18,2026-04-19 11:15:45,0.85,0.346945,0.29591,0.28828,0.525174,0.477415,0.800000011920929,0.4376672208309173,30.0,2026-04-19 11:15:40,33.0,0.16163636363636366,0.5113999999999997,0.0,30.0,0.8999999761581421,0.2562218904495239,30.0,2026-04-19 11:15:45,33.0,0.15496969696969698,0.3227999999999997,0.0,30.0,2.0,0.0,0.0,0.0,1.0,0.18,0.18,0.0,,,,,,,,,,,,,,,,,,
variant:RN_PLAIN_NoFOG:attempt:17:round:19,RN_PLAIN_NoFOG,RN,PLAIN,NoFOG,17,19,2026-04-19 11:16:35,0.866667,0.267339,0.295934,0.285316,0.534162,0.477942,0.8666666746139526,0.2719965279102325,30.0,2026-04-19 11:16:30,33.0,0.16527272727272727,0.5251999999999997,0.0,30.0,0.8666666746139526,0.2626813650131225,30.0,2026-04-19 11:16:35,33.0,0.16406060606060605,0.35119999999999985,0.0,30.0,2.0,0.0,0.0,0.0,1.0,0.192,0.192,0.0,,,,,,,,,,,,,,,,,,
variant:RN_PLAIN_NoFOG:attempt:17:round:20,RN_PLAIN_NoFOG,RN,PLAIN,NoFOG,17,20,2026-04-19 11:17:25,0.916667,0.172423,0.295019,0.29382,0.530794,0.483395,0.8999999761581421,0.2131444364786148,30.0,2026-04-19 11:17:20,33.0,0.16924242424242425,0.5173999999999997,0.0,30.0,0.9333333373069764,0.1317019611597061,30.0,2026-04-19 11:17:25,33.0,0.15854545454545454,0.2859999999999998,0.0,30.0,2.0,0.0,0.0,0.0,1.0,0.217,0.217,0.0,,,,,,,,,,,,,,,,,,
variant:RN_PLAIN_NoFOG:attempt:17:round:21,RN_PLAIN_NoFOG,RN,PLAIN,NoFOG,17,21,2026-04-19 11:18:15,0.983333,0.091127,0.295801,0.300609,0.530026,0.487704,1.0,0.0903074368834495,30.0,2026-04-19 11:18:10,33.0,0.17687878787878786,0.5235999999999998,0.0,30.0,0.9666666388511658,0.091946430504322,30.0,2026-04-19 11:18:15,33.0,0.1620909090909091,0.2971999999999998,0.0,30.0,2.0,0.0,0.0,0.0,1.0,0.189,0.189,0.0,,,,,,,,,,,,,,,,,,
variant:RN_PLAIN_NoFOG:attempt:17:round:22,RN_PLAIN_NoFOG,RN,PLAIN,NoFOG,17,22,2026-04-19 11:19:05,0.966667,0.088333,0.296986,0.303696,0.531532,0.493125,0.9333333373069764,0.1399478465318679,30.0,2026-04-19 11:19:00,33.0,0.16375757575757574,0.48579999999999973,0.0,30.0,1.0,0.0367175191640853,30.0,2026-04-19 11:19:05,33.0,0.15442424242424244,0.31439999999999985,0.0,30.0,2.0,0.0,0.0,0.0,1.0,0.202,0.202,0.0,,,,,,,,,,,,,,,,,,
variant:RN_PLAIN_NoFOG:attempt:17:round:23,RN_PLAIN_NoFOG,RN,PLAIN,NoFOG,17,23,2026-04-19 11:19:55,0.9,0.282086,0.295752,0.298132,0.533404,0.490088,0.9666666388511658,0.0865813419222831,30.0,2026-04-19 11:19:50,33.0,0.15860606060606064,0.5185999999999997,0.0,30.0,0.8333333134651184,0.4775903522968292,30.0,2026-04-19 11:19:55,33.0,0.15733333333333333,0.3113999999999998,0.0,30.0,2.0,0.0,0.0,0.0,1.0,0.187,0.187,0.0,,,,,,,,,,,,,,,,,,
variant:RN_PLAIN_NoFOG:attempt:17:round:24,RN_PLAIN_NoFOG,RN,PLAIN,NoFOG,17,24,2026-04-19 11:20:44,0.966667,0.146367,0.295896,0.293842,0.535936,0.487461,0.9333333373069764,0.139915257692337,30.0,2026-04-19 11:20:40,33.0,0.16775757575757577,0.5115999999999996,0.0,30.0,1.0,0.1528182327747345,30.0,2026-04-19 11:20:45,33.0,0.1628484848484848,0.2937999999999998,0.0,30.0,2.0,0.0,0.0,0.0,1.0,0.202,0.202,0.0,,,,,,,,,,,,,,,,,,
variant:RN_PLAIN_NoFOG:attempt:17:round:25,RN_PLAIN_NoFOG,RN,PLAIN,NoFOG,17,25,2026-04-19 11:21:35,0.9,0.2324,0.296405,0.287352,0.541005,0.486886,0.9666666388511658,0.0523927062749862,30.0,2026-04-19 11:21:30,33.0,0.17200000000000001,0.47919999999999974,0.0,30.0,0.8333333134651184,0.4124070405960083,30.0,2026-04-19 11:21:35,33.0,0.17230303030303032,0.34299999999999975,0.0,30.0,2.0,0.0,0.0,0.0,1.0,0.127,0.127,0.0,,,,,,,,,,,,,,,,,,
variant:RN_PLAIN_NoFOG:attempt:17:round:26,RN_PLAIN_NoFOG,RN,PLAIN,NoFOG,17,26,2026-04-19 11:22:25,0.933333,0.106287,0.296518,0.282164,0.544352,0.487326,1.0,0.0428997948765754,30.0,2026-04-19 11:22:20,33.0,0.15618181818181817,0.48019999999999974,0.0,30.0,0.8666666746139526,0.1696736067533493,30.0,2026-04-19 11:22:25,33.0,0.158,0.31959999999999966,0.0,30.0,2.0,0.0,0.0,0.0,1.0,0.203,0.203,0.0,,,,,,,,,,,,,,,,,,
variant:RN_PLAIN_NoFOG:attempt:17:round:27,RN_PLAIN_NoFOG,RN,PLAIN,NoFOG,17,27,2026-04-19 11:23:15,0.95,0.137908,0.29722,0.286273,0.54132,0.487521,1.0,0.0968212112784385,30.0,2026-04-19 11:23:10,33.0,0.17233333333333334,0.5213999999999996,0.0,30.0,0.8999999761581421,0.1789939254522323,30.0,2026-04-19 11:23:15,33.0,0.1387878787878788,0.3295999999999999,0.0,30.0,2.0,0.0,0.0,0.0,1.0,0.2,0.2,0.0,,,,,,,,,,,,,,,,,,
variant:RN_PLAIN_NoFOG:attempt:17:round:28,RN_PLAIN_NoFOG,RN,PLAIN,NoFOG,17,28,2026-04-19 11:24:05,0.933333,0.143343,0.297701,0.287198,0.54568,0.492665,1.0,0.0711908638477325,30.0,2026-04-19 11:24:00,33.0,0.16066666666666668,0.4813999999999998,0.0,30.0,0.8666666746139526,0.215494304895401,30.0,2026-04-19 11:24:05,33.0,0.15775757575757574,0.3025999999999997,0.0,30.0,2.0,0.0,0.0,0.0,1.0,0.192,0.192,0.0,,,,,,,,,,,,,,,,,,
variant:RN_PLAIN_NoFOG:attempt:17:round:29,RN_PLAIN_NoFOG,RN,PLAIN,NoFOG,17,29,2026-04-19 11:24:55,0.933333,0.221245,0.298474,0.289595,0.550262,0.496461,0.8999999761581421,0.290216714143753,30.0,2026-04-19 11:24:50,33.0,0.1646969696969697,0.4817999999999998,0.0,30.0,0.9666666388511658,0.1522738337516784,30.0,2026-04-19 11:24:55,33.0,0.16263636363636363,0.27859999999999985,0.0,30.0,2.0,0.0,0.0,0.0,1.0,0.19,0.19,0.0,,,,,,,,,,,,,,,,,,
variant:RN_PLAIN_NoFOG:attempt:17:round:30,RN_PLAIN_NoFOG,RN,PLAIN,NoFOG,17,30,2026-04-19 11:25:45,0.866667,0.261434,0.297602,0.28501,0.553651,0.493408,0.800000011920929,0.3636223971843719,30.0,2026-04-19 11:25:40,33.0,0.15872727272727272,0.5357999999999998,0.0,30.0,0.9333333373069764,0.159245565533638,30.0,2026-04-19 11:25:45,33.0,0.15427272727272726,0.30419999999999986,0.0,30.0,2.0,0.0,0.0,0.0,1.0,0.126,0.126,0.0,,,,,,,,,,,,,,,,,,
variant:RN_PLAIN_NoFOG:attempt:18:round:1,RN_PLAIN_NoFOG,RN,PLAIN,NoFOG,18,1,2026-04-19 12:00:39,0.833333,0.662626,0.286291,0.292619,0.541326,0.409798,0.8333333134651184,0.8253849148750305,30.0,2026-04-19 12:00:37,37.0,0.13235135135135137,0.20919999999999989,0.0,35.0,0.8333333134651184,0.4998680353164673,30.0,2026-04-19 12:00:39,32.0,0.14800000000000002,0.2183,0.0,30.0,2.0,0.0,0.0,0.0,1.0,0.179,0.179,0.0,,,,,,,,,,,,,,,,,,
variant:RN_PLAIN_NoFOG:attempt:18:round:2,RN_PLAIN_NoFOG,RN,PLAIN,NoFOG,18,2,2026-04-19 12:01:23,0.983333,0.088242,0.291606,0.296135,0.557025,0.426221,0.9666666388511658,0.1020114421844482,30.0,2026-04-19 12:01:21,29.0,0.1487586206896552,0.3183999999999997,0.0,26.0,1.0,0.0744728147983551,30.0,2026-04-19 12:01:23,33.0,0.14563636363636367,0.2837999999999998,0.0,30.0,2.0,0.0,0.0,0.0,1.0,0.186,0.186,0.0,,,,,,,,,,,,,,,,,,
variant:RN_PLAIN_NoFOG:attempt:18:round:3,RN_PLAIN_NoFOG,RN,PLAIN,NoFOG,18,3,2026-04-19 12:02:13,1.0,0.048471,0.296226,0.306338,0.568339,0.439202,1.0,0.0582153238356113,30.0,2026-04-19 12:02:12,33.0,0.1376060606060606,0.2893999999999998,0.0,30.0,1.0,0.0387274883687496,30.0,2026-04-19 12:02:13,33.0,0.1555151515151515,0.33299999999999985,0.0,30.0,2.0,0.0,0.0,0.0,1.0,0.223,0.223,0.0,,,,,,,,,,,,,,,,,,
variant:RN_PLAIN_NoFOG:attempt:18:round:4,RN_PLAIN_NoFOG,RN,PLAIN,NoFOG,18,4,2026-04-19 12:03:05,1.0,0.01996,0.299248,0.311311,0.575911,0.447273,1.0,0.018010264262557,30.0,2026-04-19 12:03:01,32.0,0.14903125,0.2766499999999999,0.0,29.0,1.0,0.0219090636819601,30.0,2026-04-19 12:03:03,34.0,0.16129411764705884,0.3349499999999998,0.0,31.0,2.0,0.0,0.0,0.0,1.0,0.26,0.26,0.0,,,,,,,,,,,,,,,,,,
variant:RN_PLAIN_NoFOG:attempt:18:round:5,RN_PLAIN_NoFOG,RN,PLAIN,NoFOG,18,5,2026-04-19 12:03:59,1.0,0.0196,0.301018,0.316004,0.581132,0.452494,1.0,0.0104713523760437,30.0,2026-04-19 12:03:59,33.0,0.14942424242424246,0.3407999999999999,0.0,30.0,1.0,0.0287277027964591,30.0,2026-04-19 12:03:53,36.0,0.16219444444444442,0.383,0.0,33.0,2.0,0.0,0.0,0.0,1.0,0.223,0.223,0.0,,,,,,,,,,,,,,,,,,
variant:RN_PLAIN_NoFOG:attempt:18:round:6,RN_PLAIN_NoFOG,RN,PLAIN,NoFOG,18,6,2026-04-19 12:04:51,0.933333,0.233403,0.298089,0.312799,0.575447,0.452474,0.8666666746139526,0.4617475867271423,30.0,2026-04-19 12:04:51,33.0,0.1404242424242424,0.3019999999999997,0.0,30.0,1.0,0.0050579379312694,30.0,2026-04-19 12:04:43,34.0,0.18155882352941174,0.5393499999999997,0.0,31.0,2.0,0.0,0.0,0.0,1.0,0.347,0.347,0.0,,,,,,,,,,,,,,,,,,
variant:RN_PLAIN_NoFOG:attempt:18:round:7,RN_PLAIN_NoFOG,RN,PLAIN,NoFOG,18,7,2026-04-19 12:05:41,0.916667,0.348831,0.295477,0.306643,0.566791,0.454319,0.8333333134651184,0.6722632050514221,30.0,2026-04-19 12:05:41,33.0,0.13457575757575757,0.31959999999999983,0.0,30.0,1.0,0.0253991186618804,30.0,2026-04-19 12:05:33,32.0,0.18371875,0.51015,0.0,29.0,2.0,0.0,0.0,0.0,1.0,0.218,0.218,0.0,,,,,,,,,,,,,,,,,,
variant:RN_PLAIN_NoFOG:attempt:18:round:8,RN_PLAIN_NoFOG,RN,PLAIN,NoFOG,18,8,2026-04-19 12:06:31,0.9,0.308938,0.294409,0.296375,0.55871,0.453709,0.800000011920929,0.6121463179588318,30.0,2026-04-19 12:06:31,33.0,0.13093939393939394,0.33119999999999983,0.0,30.0,1.0,0.0057303244248032,30.0,2026-04-19 12:06:23,33.0,0.18266666666666664,0.5369999999999998,0.0,30.0,2.0,0.0,0.0,0.0,1.0,0.222,0.222,0.0,,,,,,,,,,,,,,,,,,
variant:RN_PLAIN_NoFOG:attempt:18:round:9,RN_PLAIN_NoFOG,RN,PLAIN,NoFOG,18,9,2026-04-19 12:07:21,0.966667,0.099089,0.295179,0.295398,0.558146,0.455589,0.9333333373069764,0.1620645523071289,30.0,2026-04-19 12:07:21,33.0,0.13803030303030306,0.396,0.0,30.0,1.0,0.0361127331852912,30.0,2026-04-19 12:07:13,33.0,0.196,0.5417999999999998,0.0,30.0,2.0,0.0,0.0,0.0,1.0,0.125,0.125,0.0,,,,,,,,,,,,,,,,,,
variant:RN_PLAIN_NoFOG:attempt:18:round:10,RN_PLAIN_NoFOG,RN,PLAIN,NoFOG,18,10,2026-04-19 12:08:11,0.95,0.175661,0.296777,0.2968,0.563467,0.459997,0.8999999761581421,0.3410474061965942,30.0,2026-04-19 12:08:11,33.0,0.12048484848484849,0.32179999999999986,0.0,30.0,1.0,0.0102747585624456,30.0,2026-04-19 12:08:03,33.0,0.2567575757575758,0.8035999999999993,0.0,30.0,2.0,0.0,0.0,0.0,1.0,0.222,0.222,0.0,,,,,,,,,,,,,,,,,,
variant:RN_PLAIN_NoFOG:attempt:18:round:11,RN_PLAIN_NoFOG,RN,PLAIN,NoFOG,18,11,2026-04-19 12:09:01,0.983333,0.049506,0.298213,0.302349,0.568353,0.463709,0.9666666388511658,0.0850069746375083,30.0,2026-04-19 12:09:01,33.0,0.13275757575757577,0.3121999999999997,0.0,30.0,1.0,0.0140048833563923,30.0,2026-04-19 12:08:53,34.0,0.17929411764705883,0.46479999999999994,0.0,31.0,2.0,0.0,0.0,0.0,1.0,0.139,0.139,0.0,,,,,,,,,,,,,,,,,,
variant:RN_PLAIN_NoFOG:attempt:18:round:12,RN_PLAIN_NoFOG,RN,PLAIN,NoFOG,18,12,2026-04-19 12:09:51,1.0,0.035382,0.299181,0.305118,0.567202,0.46797,1.0,0.0623278841376304,30.0,2026-04-19 12:09:51,33.0,0.12845454545454546,0.35179999999999995,0.0,30.0,1.0,0.0084353750571608,30.0,2026-04-19 12:09:43,32.0,0.18515625,0.5082499999999999,0.0,29.0,2.0,0.0,0.0,0.0,1.0,0.215,0.215,0.0,,,,,,,,,,,,,,,,,,
variant:RN_PLAIN_NoFOG:attempt:18:round:13,RN_PLAIN_NoFOG,RN,PLAIN,NoFOG,18,13,2026-04-19 12:10:41,1.0,0.032181,0.300635,0.309627,0.568484,0.472529,1.0,0.0611477494239807,30.0,2026-04-19 12:10:41,33.0,0.13972727272727276,0.3403999999999998,0.0,30.0,1.0,0.0032148242462426,30.0,2026-04-19 12:10:33,33.0,0.17233333333333334,0.48859999999999976,0.0,30.0,2.0,0.0,0.0,0.0,1.0,0.197,0.197,0.0,,,,,,,,,,,,,,,,,,
variant:RN_PLAIN_NoFOG:attempt:18:round:14,RN_PLAIN_NoFOG,RN,PLAIN,NoFOG,18,14,2026-04-19 12:11:31,0.933333,0.303297,0.301355,0.312811,0.570911,0.475892,0.8666666746139526,0.6007713675498962,30.0,2026-04-19 12:11:31,33.0,0.15872727272727272,0.42219999999999996,0.0,30.0,1.0,0.0058233034797012,30.0,2026-04-19 12:11:23,33.0,0.15184848484848484,0.5304,0.0,30.0,2.0,0.0,0.0,0.0,1.0,0.132,0.132,0.0,,,,,,,,,,,,,,,,,,
variant:RN_PLAIN_NoFOG:attempt:18:round:15,RN_PLAIN_NoFOG,RN,PLAIN,NoFOG,18,15,2026-04-19 12:12:22,0.95,0.154626,0.301686,0.308736,0.574231,0.473799,0.8999999761581421,0.2910823225975036,30.0,2026-04-19 12:12:21,33.0,0.14857575757575758,0.3948,0.0,30.0,1.0,0.0181697681546211,30.0,2026-04-19 12:12:14,34.0,0.18055882352941174,0.5382999999999994,0.0,31.0,2.0,0.0,0.0,0.0,1.0,0.199,0.199,0.0,,,,,,,,,,,,,,,,,,
variant:RN_PLAIN_NoFOG:attempt:18:round:16,RN_PLAIN_NoFOG,RN,PLAIN,NoFOG,18,16,2026-04-19 12:13:11,0.95,0.118637,0.302709,0.304268,0.577948,0.473054,0.8999999761581421,0.2335328459739685,30.0,2026-04-19 12:13:11,33.0,0.12475757575757579,0.3575999999999999,0.0,30.0,1.0,0.0037415868137031,30.0,2026-04-19 12:13:04,32.0,0.19934375,0.5788499999999999,0.0,29.0,2.0,0.0,0.0,0.0,1.0,0.209,0.209,0.0,,,,,,,,,,,,,,,,,,
variant:RN_PLAIN_NoFOG:attempt:18:round:17,RN_PLAIN_NoFOG,RN,PLAIN,NoFOG,18,17,2026-04-19 12:14:01,0.95,0.165827,0.30225,0.303309,0.576626,0.473375,0.8999999761581421,0.3274722099304199,30.0,2026-04-19 12:14:01,33.0,0.1470909090909091,0.3594,0.0,30.0,1.0,0.0041815503500401,30.0,2026-04-19 12:13:54,33.0,0.1937878787878788,0.5913999999999999,0.0,30.0,2.0,0.0,0.0,0.0,1.0,0.229,0.229,0.0,,,,,,,,,,,,,,,,,,
variant:RN_PLAIN_NoFOG:attempt:18:round:18,RN_PLAIN_NoFOG,RN,PLAIN,NoFOG,18,18,2026-04-19 12:14:51,0.983333,0.081051,0.302557,0.302897,0.577067,0.474108,0.9666666388511658,0.158231034874916,30.0,2026-04-19 12:14:51,33.0,0.14115151515151514,0.33419999999999994,0.0,30.0,1.0,0.0038713181857019,30.0,2026-04-19 12:14:44,33.0,0.19936363636363635,0.5471999999999996,0.0,30.0,2.0,0.0,0.0,0.0,1.0,0.252,0.252,0.0,,,,,,,,,,,,,,,,,,
variant:RN_PLAIN_NoFOG:attempt:18:round:19,RN_PLAIN_NoFOG,RN,PLAIN,NoFOG,18,19,2026-04-19 12:15:41,0.966667,0.096473,0.303015,0.304032,0.579044,0.476918,0.9333333373069764,0.1888110488653183,30.0,2026-04-19 12:15:42,33.0,0.1421818181818182,0.3557999999999998,0.0,30.0,1.0,0.0041358047164976,30.0,2026-04-19 12:15:34,34.0,0.1925294117647059,0.5007499999999995,0.0,31.0,2.0,0.0,0.0,0.0,1.0,0.13,0.13,0.0,,,,,,,,,,,,,,,,,,
variant:RN_PLAIN_NoFOG:attempt:18:round:20,RN_PLAIN_NoFOG,RN,PLAIN,NoFOG,18,20,2026-04-19 12:16:31,0.933333,0.089868,0.303741,0.300075,0.581102,0.479136,0.8666666746139526,0.1749482005834579,30.0,2026-04-19 12:16:31,33.0,0.14436363636363636,0.4072,0.0,30.0,1.0,0.0047885500825941,30.0,2026-04-19 12:16:24,32.0,0.206,0.5306499999999998,0.0,29.0,2.0,0.0,0.0,0.0,1.0,0.225,0.225,0.0,,,,,,,,,,,,,,,,,,
variant:RN_PLAIN_NoFOG:attempt:19:round:1,RN_PLAIN_NoFOG,RN,PLAIN,NoFOG,19,1,2026-04-19 12:24:15,0.75,0.943313,0.28723,0.290831,0.539495,0.412302,0.7666666507720947,1.170776128768921,30.0,2026-04-19 12:24:15,36.0,0.1253055555555556,0.19475,0.0,34.0,0.7333333492279053,0.7158491015434265,30.0,2026-04-19 12:24:15,32.0,0.15843749999999998,0.24505,0.0,30.0,2.0,0.0,0.0,0.0,1.0,0.22,0.22,0.0,,,,,,,,,,,,,,,,,,
variant:RN_PLAIN_NoFOG:attempt:19:round:2,RN_PLAIN_NoFOG,RN,PLAIN,NoFOG,19,2,2026-04-19 12:24:59,0.983333,0.088724,0.29175,0.296146,0.55591,0.432271,1.0,0.0832873433828353,30.0,2026-04-19 12:24:59,29.0,0.15393103448275863,0.36799999999999966,0.0,26.0,0.9666666388511658,0.0941605269908905,30.0,2026-04-19 12:24:59,33.0,0.14106060606060608,0.29739999999999983,0.0,30.0,2.0,0.0,0.0,0.0,1.0,0.225,0.225,0.0,,,,,,,,,,,,,,,,,,
variant:RN_PLAIN_NoFOG:attempt:19:round:3,RN_PLAIN_NoFOG,RN,PLAIN,NoFOG,19,3,2026-04-19 12:25:49,1.0,0.030921,0.295746,0.304916,0.563657,0.443603,1.0,0.0340908877551555,30.0,2026-04-19 12:25:49,33.0,0.14315151515151517,0.3235999999999999,0.0,30.0,1.0,0.0277514215558767,30.0,2026-04-19 12:25:49,33.0,0.16196969696969699,0.31999999999999984,0.0,30.0,2.0,0.0,0.0,0.0,1.0,0.218,0.218,0.0,,,,,,,,,,,,,,,,,,
variant:RN_PLAIN_NoFOG:attempt:19:round:4,RN_PLAIN_NoFOG,RN,PLAIN,NoFOG,19,4,2026-04-19 12:26:39,0.983333,0.029891,0.297998,0.30886,0.568261,0.451314,1.0,0.0150821926072239,30.0,2026-04-19 12:26:39,33.0,0.16054545454545455,0.2981999999999997,0.0,30.0,0.9666666388511658,0.044700488448143,30.0,2026-04-19 12:26:39,33.0,0.155,0.2861999999999998,0.0,30.0,2.0,0.0,0.0,0.0,1.0,0.179,0.179,0.0,,,,,,,,,,,,,,,,,,
variant:RN_PLAIN_NoFOG:attempt:19:round:5,RN_PLAIN_NoFOG,RN,PLAIN,NoFOG,19,5,2026-04-19 12:27:36,1.0,0.012719,0.299601,0.31389,0.571768,0.455808,1.0,0.0120322722941637,30.0,2026-04-19 12:27:36,33.0,0.14912121212121213,0.31279999999999986,0.0,30.0,1.0,0.0134064946323633,30.0,2026-04-19 12:27:29,37.0,0.1708918918918919,0.3879999999999997,0.0,34.0,2.0,0.0,0.0,0.0,1.0,0.22,0.22,0.0,,,,,,,,,,,,,,,,,,
variant:RN_PLAIN_NoFOG:attempt:19:round:6,RN_PLAIN_NoFOG,RN,PLAIN,NoFOG,19,6,2026-04-19 12:28:26,0.933333,0.18337,0.295985,0.31198,0.565446,0.454858,0.8666666746139526,0.3578264117240906,30.0,2026-04-19 12:28:26,33.0,0.16245454545454543,0.43179999999999996,0.0,30.0,1.0,0.0089126667007803,30.0,2026-04-19 12:28:19,33.0,0.18321212121212122,0.35719999999999974,0.0,30.0,2.0,0.0,0.0,0.0,1.0,0.23,0.23,0.0,,,,,,,,,,,,,,,,,,
variant:RN_PLAIN_NoFOG:attempt:19:round:7,RN_PLAIN_NoFOG,RN,PLAIN,NoFOG,19,7,2026-04-19 12:29:17,0.9,0.212391,0.294829,0.30952,0.565626,0.45011,0.800000011920929,0.4044812023639679,30.0,2026-04-19 12:29:17,33.0,0.1290909090909091,0.3037999999999997,0.0,30.0,1.0,0.0203001070767641,30.0,2026-04-19 12:29:09,34.0,0.16355882352941176,0.39744999999999986,0.0,31.0,2.0,0.0,0.0,0.0,1.0,0.137,0.137,0.0,,,,,,,,,,,,,,,,,,
variant:RN_PLAIN_NoFOG:attempt:19:round:8,RN_PLAIN_NoFOG,RN,PLAIN,NoFOG,19,8,2026-04-19 12:30:06,0.933333,0.154594,0.294731,0.30808,0.565187,0.453238,0.8666666746139526,0.2817191183567047,30.0,2026-04-19 12:30:06,33.0,0.12606060606060607,0.31039999999999973,0.0,30.0,1.0,0.0274685639888048,30.0,2026-04-19 12:29:59,32.0,0.1865,0.5137499999999999,0.0,29.0,2.0,0.0,0.0,0.0,1.0,0.212,0.212,0.0,,,,,,,,,,,,,,,,,,
variant:RN_PLAIN_NoFOG:attempt:19:round:9,RN_PLAIN_NoFOG,RN,PLAIN,NoFOG,19,9,2026-04-19 12:30:56,0.95,0.156005,0.295506,0.307088,0.565261,0.460922,0.8999999761581421,0.2985917925834656,30.0,2026-04-19 12:30:56,33.0,0.12381818181818183,0.39419999999999994,0.0,30.0,1.0,0.0134184919297695,30.0,2026-04-19 12:30:49,33.0,0.19693939393939394,0.5229999999999998,0.0,30.0,2.0,0.0,0.0,0.0,1.0,0.182,0.182,0.0,,,,,,,,,,,,,,,,,,
variant:RN_PLAIN_NoFOG:attempt:19:round:10,RN_PLAIN_NoFOG,RN,PLAIN,NoFOG,19,10,2026-04-19 12:31:46,0.916667,0.222751,0.296138,0.308084,0.565704,0.463432,0.8333333134651184,0.4333591163158417,30.0,2026-04-19 12:31:46,33.0,0.14124242424242425,0.3131999999999997,0.0,30.0,1.0,0.0121437944471836,30.0,2026-04-19 12:31:39,33.0,0.18654545454545454,0.5363999999999999,0.0,30.0,2.0,0.0,0.0,0.0,1.0,0.142,0.142,0.0,,,,,,,,,,,,,,,,,,
variant:RN_PLAIN_NoFOG:attempt:19:round:11,RN_PLAIN_NoFOG,RN,PLAIN,NoFOG,19,11,2026-04-19 12:32:37,0.983333,0.085714,0.296709,0.311082,0.567136,0.462187,0.9666666388511658,0.153084710240364,30.0,2026-04-19 12:32:37,33.0,0.14393939393939395,0.3291999999999998,0.0,30.0,1.0,0.0183438137173652,30.0,2026-04-19 12:32:29,34.0,0.1715,0.2945999999999996,0.0,31.0,2.0,0.0,0.0,0.0,1.0,0.217,0.217,0.0,,,,,,,,,,,,,,,,,,
variant:RN_PLAIN_NoFOG:attempt:19:round:12,RN_PLAIN_NoFOG,RN,PLAIN,NoFOG,19,12,2026-04-19 12:33:27,0.933333,0.160071,0.296989,0.311458,0.57003,0.463141,0.8666666746139526,0.308717668056488,30.0,2026-04-19 12:33:27,33.0,0.1414848484848485,0.34799999999999986,0.0,30.0,1.0,0.0114236688241362,30.0,2026-04-19 12:33:19,33.0,0.1574242424242424,0.3071999999999998,0.0,30.0,2.0,0.0,0.0,0.0,1.0,0.127,0.127,0.0,,,,,,,,,,,,,,,,,,
variant:RN_PLAIN_NoFOG:attempt:19:round:13,RN_PLAIN_NoFOG,RN,PLAIN,NoFOG,19,13,2026-04-19 12:34:16,0.983333,0.075121,0.297775,0.313274,0.571234,0.465399,0.9666666388511658,0.1393289566040039,30.0,2026-04-19 12:34:16,33.0,0.13724242424242425,0.30879999999999974,0.0,30.0,1.0,0.0109126921743154,30.0,2026-04-19 12:34:09,32.0,0.1635,0.41434999999999994,0.0,29.0,2.0,0.0,0.0,0.0,1.0,0.195,0.195,0.0,,,,,,,,,,,,,,,,,,
variant:RN_PLAIN_NoFOG:attempt:19:round:14,RN_PLAIN_NoFOG,RN,PLAIN,NoFOG,19,14,2026-04-19 12:35:06,0.916667,0.166431,0.297929,0.308676,0.572639,0.466609,0.8333333134651184,0.3080958425998688,30.0,2026-04-19 12:35:06,33.0,0.14284848484848484,0.3181999999999997,0.0,30.0,1.0,0.0247665476053953,30.0,2026-04-19 12:34:59,33.0,0.18745454545454546,0.5381999999999998,0.0,30.0,2.0,0.0,0.0,0.0,1.0,0.182,0.182,0.0,,,,,,,,,,,,,,,,,,
variant:RN_PLAIN_NoFOG:attempt:19:round:15,RN_PLAIN_NoFOG,RN,PLAIN,NoFOG,19,15,2026-04-19 12:35:56,0.966667,0.08769,0.298985,0.309221,0.575184,0.472828,0.9333333373069764,0.1640398055315017,30.0,2026-04-19 12:35:56,33.0,0.1398787878787879,0.4059999999999999,0.0,30.0,1.0,0.0113410968333482,30.0,2026-04-19 12:35:49,33.0,0.19636363636363635,0.5049999999999999,0.0,30.0,2.0,0.0,0.0,0.0,1.0,0.156,0.156,0.0,,,,,,,,,,,,,,,,,,
variant:RN_PLAIN_NoFOG:attempt:19:round:16,RN_PLAIN_NoFOG,RN,PLAIN,NoFOG,19,16,2026-04-19 12:36:46,0.966667,0.090604,0.298355,0.307647,0.571522,0.473211,0.9333333373069764,0.1703771948814392,30.0,2026-04-19 12:36:47,33.0,0.1560909090909091,0.3777999999999999,0.0,30.0,1.0,0.0108316596597433,30.0,2026-04-19 12:36:39,34.0,0.17932352941176471,0.4379999999999999,0.0,31.0,2.0,0.0,0.0,0.0,1.0,0.132,0.132,0.0,,,,,,,,,,,,,,,,,,
variant:RN_PLAIN_NoFOG:attempt:19:round:17,RN_PLAIN_NoFOG,RN,PLAIN,NoFOG,19,17,2026-04-19 12:37:36,0.883333,0.165605,0.298272,0.309156,0.571578,0.475143,0.7666666507720947,0.3207884132862091,30.0,2026-04-19 12:37:36,33.0,0.14554545454545453,0.3051999999999998,0.0,30.0,1.0,0.0104206362739205,30.0,2026-04-19 12:37:29,32.0,0.17821874999999998,0.48119999999999996,0.0,29.0,2.0,0.0,0.0,0.0,1.0,0.225,0.225,0.0,,,,,,,,,,,,,,,,,,
variant:RN_PLAIN_NoFOG:attempt:19:round:18,RN_PLAIN_NoFOG,RN,PLAIN,NoFOG,19,18,2026-04-19 12:38:26,0.983333,0.053225,0.29888,0.310978,0.572202,0.47558,0.9666666388511658,0.1013957634568214,30.0,2026-04-19 12:38:26,33.0,0.15672727272727274,0.43879999999999997,0.0,30.0,1.0,0.0050541618838906,30.0,2026-04-19 12:38:19,33.0,0.1802121212121212,0.32839999999999964,0.0,30.0,2.0,0.0,0.0,0.0,1.0,0.195,0.195,0.0,,,,,,,,,,,,,,,,,,
variant:RN_PLAIN_NoFOG:attempt:19:round:19,RN_PLAIN_NoFOG,RN,PLAIN,NoFOG,19,19,2026-04-19 12:39:16,0.933333,0.117985,0.299705,0.312885,0.573145,0.47756,0.8666666746139526,0.2307969480752945,30.0,2026-04-19 12:39:17,33.0,0.1403030303030303,0.33779999999999977,0.0,30.0,1.0,0.0051723276264965,30.0,2026-04-19 12:39:09,34.0,0.15655882352941178,0.37589999999999985,0.0,31.0,2.0,0.0,0.0,0.0,1.0,0.119,0.119,0.0,,,,,,,,,,,,,,,,,,
variant:RN_PLAIN_NoFOG:attempt:19:round:20,RN_PLAIN_NoFOG,RN,PLAIN,NoFOG,19,20,2026-04-19 12:40:06,0.933333,0.103459,0.300575,0.314494,0.57444,0.478459,0.8666666746139526,0.2027404904365539,30.0,2026-04-19 12:40:06,33.0,0.12348484848484849,0.32479999999999976,0.0,30.0,1.0,0.0041766236536204,30.0,2026-04-19 12:39:59,28.0,0.17807142857142857,0.33249999999999963,0.0,26.0,2.0,0.0,0.0,0.0,1.0,0.118,0.118,0.0,,,,,,,,,,,,,,,,,,
variant:RN_PLAIN_NoFOG:attempt:20:round:1,RN_PLAIN_NoFOG,RN,PLAIN,NoFOG,20,1,2026-04-19 12:50:50,0.8,0.637757,0.287922,0.292552,0.541662,0.411649,0.7666666507720947,0.6847422122955322,30.0,2026-04-19 12:50:50,35.0,0.12688571428571427,0.23679999999999995,0.0,33.0,0.8333333134651184,0.5907720923423767,30.0,2026-04-19 12:50:50,32.0,0.14587499999999998,0.21779999999999997,0.0,30.0,2.0,0.0,0.0,0.0,1.0,0.198,0.198,0.0,,,,,,,,,,,,,,,,,,
variant:RN_PLAIN_NoFOG:attempt:20:round:2,RN_PLAIN_NoFOG,RN,PLAIN,NoFOG,20,2,2026-04-19 12:51:34,0.933333,0.26072,0.290646,0.295424,0.556285,0.429607,0.9333333373069764,0.1511905193328857,30.0,2026-04-19 12:51:34,30.0,0.14553333333333332,0.3259499999999995,0.0,27.0,0.9333333373069764,0.3702499568462372,30.0,2026-04-19 12:51:34,33.0,0.14721212121212124,0.28839999999999977,0.0,30.0,2.0,0.0,0.0,0.0,1.0,0.358,0.358,0.0,,,,,,,,,,,,,,,,,,
variant:RN_PLAIN_NoFOG:attempt:20:round:3,RN_PLAIN_NoFOG,RN,PLAIN,NoFOG,20,3,2026-04-19 12:52:24,0.983333,0.101466,0.293771,0.304563,0.56618,0.441655,1.0,0.031784538179636,30.0,2026-04-19 12:52:24,33.0,0.1378787878787879,0.2929999999999998,0.0,30.0,0.9666666388511658,0.1711474508047104,30.0,2026-04-19 12:52:24,33.0,0.14754545454545454,0.29779999999999973,0.0,30.0,2.0,0.0,0.0,0.0,1.0,0.183,0.183,0.0,,,,,,,,,,,,,,,,,,
variant:RN_PLAIN_NoFOG:attempt:20:round:4,RN_PLAIN_NoFOG,RN,PLAIN,NoFOG,20,4,2026-04-19 12:53:14,1.0,0.017869,0.296058,0.310445,0.573161,0.450868,1.0,0.0208569094538688,30.0,2026-04-19 12:53:14,33.0,0.137,0.30039999999999983,0.0,30.0,1.0,0.014881893992424,30.0,2026-04-19 12:53:14,33.0,0.14224242424242425,0.2821999999999998,0.0,30.0,2.0,0.0,0.0,0.0,1.0,0.186,0.186,0.0,,,,,,,,,,,,,,,,,,
variant:RN_PLAIN_NoFOG:attempt:20:round:5,RN_PLAIN_NoFOG,RN,PLAIN,NoFOG,20,5,2026-04-19 12:54:11,0.983333,0.03151,0.297398,0.314066,0.577906,0.455993,1.0,0.0150787141174077,30.0,2026-04-19 12:54:11,33.0,0.13336363636363635,0.3189999999999999,0.0,30.0,0.9666666388511658,0.0479411147534847,30.0,2026-04-19 12:54:04,37.0,0.1288108108108108,0.26619999999999927,0.0,34.0,2.0,0.0,0.0,0.0,1.0,0.208,0.208,0.0,,,,,,,,,,,,,,,,,,
variant:RN_PLAIN_NoFOG:attempt:20:round:6,RN_PLAIN_NoFOG,RN,PLAIN,NoFOG,20,6,2026-04-19 12:55:01,0.916667,0.297425,0.292883,0.30694,0.570252,0.44862,0.8333333134651184,0.5721103549003601,30.0,2026-04-19 12:55:01,33.0,0.1740909090909091,0.3285999999999998,0.0,30.0,1.0,0.0227403938770294,30.0,2026-04-19 12:54:54,34.0,0.11608823529411764,0.2696499999999997,0.0,31.0,2.0,0.0,0.0,0.0,1.0,0.214,0.214,0.0,,,,,,,,,,,,,,,,,,
variant:RN_PLAIN_NoFOG:attempt:20:round:7,RN_PLAIN_NoFOG,RN,PLAIN,NoFOG,20,7,2026-04-19 12:55:51,0.966667,0.108739,0.290382,0.305917,0.558704,0.445627,0.9333333373069764,0.201882392168045,30.0,2026-04-19 12:55:51,33.0,0.14745454545454545,0.34519999999999984,0.0,30.0,1.0,0.0155958831310272,30.0,2026-04-19 12:55:44,32.0,0.13421875,0.3172499999999999,0.0,29.0,2.0,0.0,0.0,0.0,1.0,0.184,0.184,0.0,,,,,,,,,,,,,,,,,,
variant:RN_PLAIN_NoFOG:attempt:20:round:8,RN_PLAIN_NoFOG,RN,PLAIN,NoFOG,20,8,2026-04-19 12:56:42,0.95,0.129467,0.290301,0.309646,0.561889,0.44931,0.8999999761581421,0.2380230873823166,30.0,2026-04-19 12:56:42,33.0,0.1315151515151515,0.3073999999999997,0.0,30.0,1.0,0.0209112726151943,30.0,2026-04-19 12:56:34,34.0,0.1358823529411765,0.3282999999999998,0.0,31.0,2.0,0.0,0.0,0.0,1.0,0.215,0.215,0.0,,,,,,,,,,,,,,,,,,
variant:RN_PLAIN_NoFOG:attempt:20:round:9,RN_PLAIN_NoFOG,RN,PLAIN,NoFOG,20,9,2026-04-19 12:57:31,0.966667,0.170491,0.291124,0.308415,0.554495,0.45506,0.9333333373069764,0.331632524728775,30.0,2026-04-19 12:57:31,33.0,0.12354545454545454,0.3307999999999998,0.0,30.0,1.0,0.0093500101938843,30.0,2026-04-19 12:57:24,32.0,0.1375625,0.3336999999999999,0.0,29.0,2.0,0.0,0.0,0.0,1.0,0.207,0.207,0.0,,,,,,,,,,,,,,,,,,
variant:RN_PLAIN_NoFOG:attempt:20:round:10,RN_PLAIN_NoFOG,RN,PLAIN,NoFOG,20,10,2026-04-19 12:58:21,0.916667,0.298912,0.291026,0.301152,0.55696,0.455685,0.8333333134651184,0.5781097412109375,30.0,2026-04-19 12:58:21,33.0,0.12872727272727275,0.3131999999999998,0.0,30.0,1.0,0.0197151284664869,30.0,2026-04-19 12:58:14,33.0,0.14015151515151514,0.41479999999999984,0.0,30.0,2.0,0.0,0.0,0.0,1.0,0.173,0.173,0.0,,,,,,,,,,,,,,,,,,
variant:RN_PLAIN_NoFOG:attempt:20:round:11,RN_PLAIN_NoFOG,RN,PLAIN,NoFOG,20,11,2026-04-19 12:59:12,0.966667,0.096292,0.291671,0.299595,0.557968,0.460098,0.9333333373069764,0.1792531460523605,30.0,2026-04-19 12:59:12,33.0,0.1437878787878788,0.37179999999999985,0.0,30.0,1.0,0.0133302314206957,30.0,2026-04-19 12:59:04,34.0,0.1366764705882353,0.3199999999999998,0.0,31.0,2.0,0.0,0.0,0.0,1.0,0.228,0.228,0.0,,,,,,,,,,,,,,,,,,
variant:RN_PLAIN_NoFOG:attempt:20:round:12,RN_PLAIN_NoFOG,RN,PLAIN,NoFOG,20,12,2026-04-19 13:00:01,0.966667,0.083612,0.293535,0.303635,0.558013,0.465273,0.9333333373069764,0.160391628742218,30.0,2026-04-19 13:00:01,33.0,0.14457575757575758,0.3095999999999997,0.0,30.0,1.0,0.0068332846276462,30.0,2026-04-19 12:59:54,32.0,0.12912500000000002,0.2930999999999999,0.0,29.0,2.0,0.0,0.0,0.0,1.0,0.216,0.216,0.0,,,,,,,,,,,,,,,,,,
variant:RN_PLAIN_NoFOG:attempt:20:round:13,RN_PLAIN_NoFOG,RN,PLAIN,NoFOG,20,13,2026-04-19 13:00:51,0.95,0.145308,0.293672,0.304597,0.561182,0.470538,0.8999999761581421,0.2793820798397064,30.0,2026-04-19 13:00:51,33.0,0.12675757575757576,0.3347999999999998,0.0,30.0,1.0,0.0112333437427878,30.0,2026-04-19 13:00:44,33.0,0.11815151515151515,0.2863999999999998,0.0,30.0,2.0,0.0,0.0,0.0,1.0,0.251,0.251,0.0,,,,,,,,,,,,,,,,,,
variant:RN_PLAIN_NoFOG:attempt:20:round:14,RN_PLAIN_NoFOG,RN,PLAIN,NoFOG,20,14,2026-04-19 13:01:41,0.933333,0.155222,0.293451,0.300691,0.562129,0.473785,0.8666666746139526,0.3052573502063751,30.0,2026-04-19 13:01:41,33.0,0.14172727272727273,0.3209999999999998,0.0,30.0,1.0,0.0051867137663066,30.0,2026-04-19 13:01:34,34.0,0.1393235294117647,0.4041999999999997,0.0,31.0,2.0,0.0,0.0,0.0,1.0,0.21,0.21,0.0,,,,,,,,,,,,,,,,,,
variant:RN_PLAIN_NoFOG:attempt:20:round:15,RN_PLAIN_NoFOG,RN,PLAIN,NoFOG,20,15,2026-04-19 13:02:31,0.95,0.213786,0.294151,0.301847,0.560787,0.476815,0.8999999761581421,0.413937360048294,30.0,2026-04-19 13:02:31,33.0,0.12975757575757577,0.3199999999999998,0.0,30.0,1.0,0.0136355999857187,30.0,2026-04-19 13:02:24,33.0,0.14875757575757576,0.4065999999999994,0.0,30.0,2.0,0.0,0.0,0.0,1.0,0.201,0.201,0.0,,,,,,,,,,,,,,,,,,
variant:RN_PLAIN_NoFOG:attempt:20:round:16,RN_PLAIN_NoFOG,RN,PLAIN,NoFOG,20,16,2026-04-19 13:03:21,0.966667,0.114939,0.294228,0.299936,0.561963,0.478472,0.9333333373069764,0.223761111497879,30.0,2026-04-19 13:03:21,33.0,0.13893939393939395,0.3495999999999998,0.0,30.0,1.0,0.0061164209619164,30.0,2026-04-19 13:03:14,32.0,0.13284375,0.4205999999999999,0.0,29.0,2.0,0.0,0.0,0.0,1.0,0.208,0.208,0.0,,,,,,,,,,,,,,,,,,
variant:RN_PLAIN_NoFOG:attempt:20:round:17,RN_PLAIN_NoFOG,RN,PLAIN,NoFOG,20,17,2026-04-19 13:04:11,0.966667,0.121625,0.294799,0.299364,0.565732,0.484787,0.9333333373069764,0.2302645891904831,30.0,2026-04-19 13:04:11,33.0,0.14521212121212124,0.35319999999999974,0.0,30.0,1.0,0.012984961271286,30.0,2026-04-19 13:04:04,33.0,0.1449090909090909,0.3581999999999996,0.0,30.0,2.0,0.0,0.0,0.0,1.0,0.223,0.223,0.0,,,,,,,,,,,,,,,,,,
variant:RN_PLAIN_NoFOG:attempt:20:round:18,RN_PLAIN_NoFOG,RN,PLAIN,NoFOG,20,18,2026-04-19 13:05:01,0.916667,0.134133,0.296157,0.302244,0.567032,0.490064,0.8333333134651184,0.2647937536239624,30.0,2026-04-19 13:05:01,33.0,0.14660606060606057,0.3927999999999996,0.0,30.0,1.0,0.0034718348179012,30.0,2026-04-19 13:04:54,33.0,0.12496969696969698,0.3117999999999998,0.0,30.0,2.0,0.0,0.0,0.0,1.0,0.127,0.127,0.0,,,,,,,,,,,,,,,,,,
variant:RN_PLAIN_NoFOG:attempt:20:round:19,RN_PLAIN_NoFOG,RN,PLAIN,NoFOG,20,19,2026-04-19 13:05:51,0.95,0.104689,0.297412,0.302628,0.569881,0.495209,0.8999999761581421,0.1960943192243576,30.0,2026-04-19 13:05:51,33.0,0.15593939393939393,0.4114,0.0,30.0,1.0,0.0132838310673832,30.0,2026-04-19 13:05:44,33.0,0.1322121212121212,0.30279999999999974,0.0,30.0,2.0,0.0,0.0,0.0,1.0,0.146,0.146,0.0,,,,,,,,,,,,,,,,,,
variant:RN_PLAIN_NoFOG:attempt:20:round:20,RN_PLAIN_NoFOG,RN,PLAIN,NoFOG,20,20,2026-04-19 13:06:41,0.966667,0.058061,0.298212,0.303239,0.573932,0.499914,0.9333333373069764,0.1091905757784843,30.0,2026-04-19 13:06:41,33.0,0.12796969696969696,0.39979999999999993,0.0,30.0,1.0,0.0069315931759774,30.0,2026-04-19 13:06:34,33.0,0.14,0.3883999999999999,0.0,30.0,2.0,0.0,0.0,0.0,1.0,0.195,0.195,0.0,,,,,,,,,,,,,,,,,,
variant:RN_PLAIN_NoFOG:attempt:21:round:1,RN_PLAIN_NoFOG,RN,PLAIN,NoFOG,21,1,2026-04-19 13:11:22,0.75,0.864637,0.285884,0.290759,0.540281,0.410789,0.7666666507720947,0.8896997570991516,30.0,2026-04-19 13:11:22,32.0,0.1378125,0.2572499999999998,0.0,30.0,0.7333333492279053,0.839574933052063,30.0,2026-04-19 13:11:20,37.0,0.1236756756756757,0.2232,0.0,35.0,2.0,0.0,0.0,0.0,1.0,0.196,0.196,0.0,,,,,,,,,,,,,,,,,,
variant:RN_PLAIN_NoFOG:attempt:21:round:2,RN_PLAIN_NoFOG,RN,PLAIN,NoFOG,21,2,2026-04-19 13:12:06,0.95,0.179307,0.290475,0.295107,0.555971,0.426914,0.9333333373069764,0.2457086443901062,30.0,2026-04-19 13:12:06,33.0,0.14669696969696971,0.39019999999999977,0.0,30.0,0.9666666388511658,0.1129047200083732,30.0,2026-04-19 13:12:04,29.0,0.1566896551724138,0.31959999999999966,0.0,26.0,2.0,0.0,0.0,0.0,1.0,0.156,0.156,0.0,,,,,,,,,,,,,,,,,,
variant:RN_PLAIN_NoFOG:attempt:21:round:3,RN_PLAIN_NoFOG,RN,PLAIN,NoFOG,21,3,2026-04-19 13:12:56,1.0,0.049309,0.294769,0.30408,0.566427,0.438806,1.0,0.0627174079418182,30.0,2026-04-19 13:12:56,33.0,0.14745454545454545,0.32579999999999976,0.0,30.0,1.0,0.0359011441469192,30.0,2026-04-19 13:12:54,33.0,0.17206060606060605,0.3975999999999999,0.0,30.0,2.0,0.0,0.0,0.0,1.0,0.221,0.221,0.0,,,,,,,,,,,,,,,,,,
variant:RN_PLAIN_NoFOG:attempt:21:round:4,RN_PLAIN_NoFOG,RN,PLAIN,NoFOG,21,4,2026-04-19 13:13:47,0.983333,0.04618,0.29763,0.30959,0.573693,0.447503,0.9666666388511658,0.0575680956244468,30.0,2026-04-19 13:13:46,33.0,0.13245454545454546,0.3335999999999998,0.0,30.0,1.0,0.0347912460565567,30.0,2026-04-19 13:13:44,34.0,0.1685294117647059,0.32054999999999945,0.0,31.0,2.0,0.0,0.0,0.0,1.0,0.216,0.216,0.0,,,,,,,,,,,,,,,,,,
variant:RN_PLAIN_NoFOG:attempt:21:round:5,RN_PLAIN_NoFOG,RN,PLAIN,NoFOG,21,5,2026-04-19 13:14:43,0.983333,0.037669,0.29947,0.313217,0.578148,0.452793,0.9666666388511658,0.0622387677431106,30.0,2026-04-19 13:14:43,33.0,0.13918181818181818,0.3051999999999997,0.0,30.0,1.0,0.0130982985720038,30.0,2026-04-19 13:14:34,38.0,0.15057894736842106,0.2458499999999998,0.0,35.0,2.0,0.0,0.0,0.0,1.0,0.145,0.145,0.0,,,,,,,,,,,,,,,,,,
variant:RN_PLAIN_NoFOG:attempt:21:round:6,RN_PLAIN_NoFOG,RN,PLAIN,NoFOG,21,6,2026-04-19 13:15:33,0.933333,0.156889,0.295697,0.309219,0.571297,0.450521,0.8666666746139526,0.3050568401813507,30.0,2026-04-19 13:15:33,33.0,0.1432121212121212,0.3867999999999999,0.0,30.0,1.0,0.0087221497669816,30.0,2026-04-19 13:15:24,33.0,0.16366666666666665,0.4083999999999998,0.0,30.0,2.0,0.0,0.0,0.0,1.0,0.153,0.153,0.0,,,,,,,,,,,,,,,,,,
variant:RN_PLAIN_NoFOG:attempt:21:round:7,RN_PLAIN_NoFOG,RN,PLAIN,NoFOG,21,7,2026-04-19 13:16:23,0.966667,0.128763,0.295117,0.309677,0.571741,0.451244,0.9333333373069764,0.2405532896518707,30.0,2026-04-19 13:16:23,33.0,0.1349090909090909,0.2969999999999997,0.0,30.0,1.0,0.0169732104986906,30.0,2026-04-19 13:16:14,33.0,0.2012121212121212,0.5345999999999997,0.0,30.0,2.0,0.0,0.0,0.0,1.0,0.16,0.16,0.0,,,,,,,,,,,,,,,,,,
variant:RN_PLAIN_NoFOG:attempt:21:round:8,RN_PLAIN_NoFOG,RN,PLAIN,NoFOG,21,8,2026-04-19 13:17:13,0.916667,0.205543,0.29536,0.307393,0.572742,0.455506,0.8333333134651184,0.3964940309524536,30.0,2026-04-19 13:17:13,33.0,0.14945454545454548,0.3834,0.0,30.0,1.0,0.0145917935296893,30.0,2026-04-19 13:17:04,33.0,0.19224242424242421,0.5467999999999998,0.0,30.0,2.0,0.0,0.0,0.0,1.0,0.171,0.171,0.0,,,,,,,,,,,,,,,,,,
variant:RN_PLAIN_NoFOG:attempt:21:round:9,RN_PLAIN_NoFOG,RN,PLAIN,NoFOG,21,9,2026-04-19 13:18:04,0.9,0.210123,0.295461,0.304204,0.573027,0.457324,0.800000011920929,0.4031224846839905,30.0,2026-04-19 13:18:04,33.0,0.14006060606060605,0.35099999999999976,0.0,30.0,1.0,0.0171228852123022,30.0,2026-04-19 13:17:54,33.0,0.18978787878787878,0.5503999999999998,0.0,30.0,2.0,0.0,0.0,0.0,1.0,0.141,0.141,0.0,,,,,,,,,,,,,,,,,,
variant:RN_PLAIN_NoFOG:attempt:21:round:10,RN_PLAIN_NoFOG,RN,PLAIN,NoFOG,21,10,2026-04-19 13:18:53,0.95,0.135291,0.295781,0.303503,0.572847,0.463479,0.8999999761581421,0.2586462199687958,30.0,2026-04-19 13:18:54,33.0,0.1456060606060606,0.48739999999999994,0.0,30.0,1.0,0.0119362734258174,30.0,2026-04-19 13:18:44,33.0,0.18960606060606058,0.5363999999999998,0.0,30.0,2.0,0.0,0.0,0.0,1.0,0.124,0.124,0.0,,,,,,,,,,,,,,,,,,
variant:RN_PLAIN_NoFOG:attempt:21:round:11,RN_PLAIN_NoFOG,RN,PLAIN,NoFOG,21,11,2026-04-19 13:19:43,0.95,0.118962,0.296238,0.305152,0.573115,0.469243,0.8999999761581421,0.2222150862216949,30.0,2026-04-19 13:19:43,33.0,0.15296969696969695,0.3461999999999998,0.0,30.0,1.0,0.0157095901668071,30.0,2026-04-19 13:19:34,33.0,0.1973939393939394,0.5463999999999999,0.0,30.0,2.0,0.0,0.0,0.0,1.0,0.162,0.162,0.0,,,,,,,,,,,,,,,,,,
variant:RN_PLAIN_NoFOG:attempt:21:round:12,RN_PLAIN_NoFOG,RN,PLAIN,NoFOG,21,12,2026-04-19 13:20:34,0.933333,0.171522,0.297187,0.305702,0.572228,0.473013,0.8666666746139526,0.3325033187866211,30.0,2026-04-19 13:20:34,33.0,0.13654545454545455,0.4033999999999999,0.0,30.0,1.0,0.0105416746810078,30.0,2026-04-19 13:20:24,33.0,0.1603030303030303,0.32239999999999963,0.0,30.0,2.0,0.0,0.0,0.0,1.0,0.141,0.141,0.0,,,,,,,,,,,,,,,,,,
variant:RN_PLAIN_NoFOG:attempt:21:round:13,RN_PLAIN_NoFOG,RN,PLAIN,NoFOG,21,13,2026-04-19 13:21:23,0.916667,0.174665,0.298047,0.305371,0.576824,0.47863,0.8333333134651184,0.3340268731117248,30.0,2026-04-19 13:21:23,33.0,0.1382727272727273,0.4428,0.0,30.0,1.0,0.0153023367747664,30.0,2026-04-19 13:21:14,33.0,0.1710909090909091,0.40299999999999986,0.0,30.0,2.0,0.0,0.0,0.0,1.0,0.297,0.297,0.0,,,,,,,,,,,,,,,,,,
variant:RN_PLAIN_NoFOG:attempt:21:round:14,RN_PLAIN_NoFOG,RN,PLAIN,NoFOG,21,14,2026-04-19 13:22:14,0.916667,0.175611,0.298135,0.306687,0.583338,0.480305,0.8333333134651184,0.3431161940097809,30.0,2026-04-19 13:22:14,33.0,0.1423333333333333,0.3317999999999999,0.0,30.0,1.0,0.0081060547381639,30.0,2026-04-19 13:22:04,33.0,0.19066666666666665,0.5443999999999998,0.0,30.0,2.0,0.0,0.0,0.0,1.0,0.211,0.211,0.0,,,,,,,,,,,,,,,,,,
variant:RN_PLAIN_NoFOG:attempt:21:round:15,RN_PLAIN_NoFOG,RN,PLAIN,NoFOG,21,15,2026-04-19 13:23:03,0.95,0.103702,0.299237,0.308151,0.582754,0.4823,0.8999999761581421,0.1821644157171249,30.0,2026-04-19 13:23:04,33.0,0.14236363636363636,0.36339999999999995,0.0,30.0,1.0,0.0252405051141977,30.0,2026-04-19 13:22:54,33.0,0.19936363636363635,0.5497999999999995,0.0,30.0,2.0,0.0,0.0,0.0,1.0,0.21,0.21,0.0,,,,,,,,,,,,,,,,,,
variant:RN_PLAIN_NoFOG:attempt:21:round:16,RN_PLAIN_NoFOG,RN,PLAIN,NoFOG,21,16,2026-04-19 13:23:54,0.966667,0.075962,0.300582,0.308223,0.582566,0.483782,0.9333333373069764,0.1473800092935562,30.0,2026-04-19 13:23:54,33.0,0.14384848484848484,0.40579999999999994,0.0,30.0,1.0,0.0045439251698553,30.0,2026-04-19 13:23:44,33.0,0.19869696969696968,0.5797999999999998,0.0,30.0,2.0,0.0,0.0,0.0,1.0,0.217,0.217,0.0,,,,,,,,,,,,,,,,,,
variant:RN_PLAIN_NoFOG:attempt:21:round:17,RN_PLAIN_NoFOG,RN,PLAIN,NoFOG,21,17,2026-04-19 13:24:44,0.983333,0.04031,0.301121,0.312857,0.586468,0.487088,0.9666666388511658,0.0680808871984481,30.0,2026-04-19 13:24:44,33.0,0.1488787878787879,0.33319999999999983,0.0,30.0,1.0,0.0125395897775888,30.0,2026-04-19 13:24:34,33.0,0.19560606060606062,0.5769999999999996,0.0,30.0,2.0,0.0,0.0,0.0,1.0,0.199,0.199,0.0,,,,,,,,,,,,,,,,,,
variant:RN_PLAIN_NoFOG:attempt:21:round:18,RN_PLAIN_NoFOG,RN,PLAIN,NoFOG,21,18,2026-04-19 13:25:33,0.95,0.131373,0.302148,0.314757,0.588802,0.491346,0.8999999761581421,0.2593547105789184,30.0,2026-04-19 13:25:33,33.0,0.14645454545454545,0.40979999999999994,0.0,30.0,1.0,0.0033912153448909,30.0,2026-04-19 13:25:24,33.0,0.195,0.5023999999999997,0.0,30.0,2.0,0.0,0.0,0.0,1.0,0.134,0.134,0.0,,,,,,,,,,,,,,,,,,
variant:RN_PLAIN_NoFOG:attempt:21:round:19,RN_PLAIN_NoFOG,RN,PLAIN,NoFOG,21,19,2026-04-19 13:26:23,0.966667,0.085369,0.302409,0.313247,0.588255,0.49423,0.9333333373069764,0.164967194199562,30.0,2026-04-19 13:26:24,33.0,0.13887878787878788,0.3519999999999998,0.0,30.0,1.0,0.0057713002897799,30.0,2026-04-19 13:26:14,33.0,0.1937878787878788,0.5115999999999997,0.0,30.0,2.0,0.0,0.0,0.0,1.0,0.222,0.222,0.0,,,,,,,,,,,,,,,,,,
variant:RN_PLAIN_NoFOG:attempt:22:round:1,RN_PLAIN_NoFOG,RN,PLAIN,NoFOG,22,1,2026-04-19 13:34:05,0.75,1.005226,0.286886,0.290345,0.542376,0.411202,0.699999988079071,1.2560105323791504,30.0,2026-04-19 13:34:04,36.0,0.1351111111111111,0.20750000000000002,0.0,34.0,0.800000011920929,0.7544409036636353,30.0,2026-04-19 13:34:05,32.0,0.13884375,0.21689999999999998,0.0,30.0,2.0,0.0,0.0,0.0,1.0,0.191,0.191,0.0,,,,,,,,,,,,,,,,,,
variant:RN_PLAIN_NoFOG:attempt:22:round:2,RN_PLAIN_NoFOG,RN,PLAIN,NoFOG,22,2,2026-04-19 13:34:48,0.95,0.224033,0.289857,0.294142,0.555073,0.427503,0.8999999761581421,0.3487505912780761,30.0,2026-04-19 13:34:48,30.0,0.13673333333333335,0.31454999999999955,0.0,27.0,1.0,0.0993151366710662,30.0,2026-04-19 13:34:49,33.0,0.1390909090909091,0.2931999999999998,0.0,30.0,2.0,0.0,0.0,0.0,1.0,0.186,0.186,0.0,,,,,,,,,,,,,,,,,,
variant:RN_PLAIN_NoFOG:attempt:22:round:3,RN_PLAIN_NoFOG,RN,PLAIN,NoFOG,22,3,2026-04-19 13:35:39,0.966667,0.066936,0.292726,0.304734,0.560006,0.438872,0.9666666388511658,0.0784830227494239,30.0,2026-04-19 13:35:38,33.0,0.13475757575757577,0.2841999999999998,0.0,30.0,0.9666666388511658,0.0553883090615272,30.0,2026-04-19 13:35:39,33.0,0.1499090909090909,0.32759999999999984,0.0,30.0,2.0,0.0,0.0,0.0,1.0,0.25,0.25,0.0,,,,,,,,,,,,,,,,,,
variant:RN_PLAIN_NoFOG:attempt:22:round:4,RN_PLAIN_NoFOG,RN,PLAIN,NoFOG,22,4,2026-04-19 13:36:29,1.0,0.02965,0.295311,0.310625,0.564478,0.449901,1.0,0.0264885760843753,30.0,2026-04-19 13:36:28,33.0,0.13515151515151513,0.2911999999999998,0.0,30.0,1.0,0.0328106805682182,30.0,2026-04-19 13:36:29,33.0,0.1570909090909091,0.3029999999999998,0.0,30.0,2.0,0.0,0.0,0.0,1.0,0.151,0.151,0.0,,,,,,,,,,,,,,,,,,
variant:RN_PLAIN_NoFOG:attempt:22:round:5,RN_PLAIN_NoFOG,RN,PLAIN,NoFOG,22,5,2026-04-19 13:37:26,1.0,0.010939,0.29698,0.314004,0.569889,0.456943,1.0,0.0170036163181066,30.0,2026-04-19 13:37:26,32.0,0.1440625,0.3016999999999999,0.0,29.0,1.0,0.0048740194179117,30.0,2026-04-19 13:37:19,37.0,0.16040540540540543,0.41059999999999985,0.0,34.0,2.0,0.0,0.0,0.0,1.0,0.21,0.21,0.0,,,,,,,,,,,,,,,,,,
variant:RN_PLAIN_NoFOG:attempt:22:round:6,RN_PLAIN_NoFOG,RN,PLAIN,NoFOG,22,6,2026-04-19 13:38:16,0.9,0.316661,0.293245,0.309117,0.560726,0.454066,0.800000011920929,0.6268162131309509,30.0,2026-04-19 13:38:16,33.0,0.13936363636363636,0.32679999999999976,0.0,30.0,1.0,0.0065066427923738,30.0,2026-04-19 13:38:09,33.0,0.1916969696969697,0.4816,0.0,30.0,2.0,0.0,0.0,0.0,1.0,0.189,0.189,0.0,,,,,,,,,,,,,,,,,,
variant:RN_PLAIN_NoFOG:attempt:22:round:7,RN_PLAIN_NoFOG,RN,PLAIN,NoFOG,22,7,2026-04-19 13:39:06,0.9,0.18663,0.291457,0.307119,0.553232,0.45348,0.800000011920929,0.3566279709339142,30.0,2026-04-19 13:39:06,33.0,0.14215151515151514,0.29939999999999967,0.0,30.0,1.0,0.0166315026581287,30.0,2026-04-19 13:38:59,33.0,0.17763636363636365,0.5445999999999996,0.0,30.0,2.0,0.0,0.0,0.0,1.0,0.211,0.211,0.0,,,,,,,,,,,,,,,,,,
variant:RN_PLAIN_NoFOG:attempt:22:round:8,RN_PLAIN_NoFOG,RN,PLAIN,NoFOG,22,8,2026-04-19 13:39:56,0.95,0.101156,0.291658,0.306814,0.547017,0.456493,0.8999999761581421,0.1874557137489318,30.0,2026-04-19 13:39:56,33.0,0.14893939393939393,0.31579999999999975,0.0,30.0,1.0,0.0148557443171739,30.0,2026-04-19 13:39:49,33.0,0.1716969696969697,0.3385999999999997,0.0,30.0,2.0,0.0,0.0,0.0,1.0,0.186,0.186,0.0,,,,,,,,,,,,,,,,,,
variant:RN_PLAIN_NoFOG:attempt:22:round:9,RN_PLAIN_NoFOG,RN,PLAIN,NoFOG,22,9,2026-04-19 13:40:46,0.916667,0.243437,0.291124,0.304328,0.54722,0.459718,0.8333333134651184,0.4764494001865387,30.0,2026-04-19 13:40:46,33.0,0.13733333333333334,0.34439999999999976,0.0,30.0,1.0,0.0104237748309969,30.0,2026-04-19 13:40:39,33.0,0.15427272727272728,0.4249999999999998,0.0,30.0,2.0,0.0,0.0,0.0,1.0,0.199,0.199,0.0,,,,,,,,,,,,,,,,,,
variant:RN_PLAIN_NoFOG:attempt:22:round:10,RN_PLAIN_NoFOG,RN,PLAIN,NoFOG,22,10,2026-04-19 13:41:36,0.9,0.235318,0.28963,0.29444,0.552832,0.457735,0.800000011920929,0.4576546549797058,30.0,2026-04-19 13:41:36,33.0,0.1433030303030303,0.3269999999999998,0.0,30.0,1.0,0.0129810506477952,30.0,2026-04-19 13:41:29,33.0,0.1892121212121212,0.5337999999999998,0.0,30.0,2.0,0.0,0.0,0.0,1.0,0.182,0.182,0.0,,,,,,,,,,,,,,,,,,
variant:RN_PLAIN_NoFOG:attempt:22:round:11,RN_PLAIN_NoFOG,RN,PLAIN,NoFOG,22,11,2026-04-19 13:42:26,0.983333,0.081606,0.289303,0.291512,0.547448,0.45993,0.9666666388511658,0.1506277024745941,30.0,2026-04-19 13:42:26,33.0,0.14384848484848484,0.33419999999999983,0.0,30.0,1.0,0.0125846620649099,30.0,2026-04-19 13:42:19,33.0,0.19745454545454547,0.5583999999999998,0.0,30.0,2.0,0.0,0.0,0.0,1.0,0.226,0.226,0.0,,,,,,,,,,,,,,,,,,
variant:RN_PLAIN_NoFOG:attempt:22:round:12,RN_PLAIN_NoFOG,RN,PLAIN,NoFOG,22,12,2026-04-19 13:43:16,0.966667,0.101737,0.289947,0.296091,0.547735,0.460946,0.9333333373069764,0.1805893331766128,30.0,2026-04-19 13:43:16,33.0,0.1393939393939394,0.3247999999999997,0.0,30.0,1.0,0.0228837132453918,30.0,2026-04-19 13:43:09,33.0,0.18830303030303028,0.5425999999999997,0.0,30.0,2.0,0.0,0.0,0.0,1.0,0.189,0.189,0.0,,,,,,,,,,,,,,,,,,
variant:RN_PLAIN_NoFOG:attempt:22:round:13,RN_PLAIN_NoFOG,RN,PLAIN,NoFOG,22,13,2026-04-19 13:44:06,0.95,0.099598,0.291185,0.299349,0.552176,0.463972,0.8999999761581421,0.1801646798849105,30.0,2026-04-19 13:44:06,33.0,0.14739393939393938,0.2995999999999997,0.0,30.0,1.0,0.0190306603908538,30.0,2026-04-19 13:43:59,33.0,0.1903030303030303,0.5259999999999998,0.0,30.0,2.0,0.0,0.0,0.0,1.0,0.165,0.165,0.0,,,,,,,,,,,,,,,,,,
variant:RN_PLAIN_NoFOG:attempt:22:round:14,RN_PLAIN_NoFOG,RN,PLAIN,NoFOG,22,14,2026-04-19 13:44:56,0.983333,0.050393,0.291813,0.301965,0.554363,0.467181,0.9666666388511658,0.0941019058227539,30.0,2026-04-19 13:44:56,33.0,0.1421212121212121,0.3806,0.0,30.0,1.0,0.0066832215525209,30.0,2026-04-19 13:44:49,33.0,0.18539393939393942,0.5169999999999998,0.0,30.0,2.0,0.0,0.0,0.0,1.0,0.191,0.191,0.0,,,,,,,,,,,,,,,,,,
variant:RN_PLAIN_NoFOG:attempt:22:round:15,RN_PLAIN_NoFOG,RN,PLAIN,NoFOG,22,15,2026-04-19 13:45:46,0.966667,0.22706,0.292088,0.303379,0.553732,0.472268,0.9333333373069764,0.4471438825130462,30.0,2026-04-19 13:45:46,33.0,0.13836363636363636,0.3441999999999998,0.0,30.0,1.0,0.0069762361235916,30.0,2026-04-19 13:45:39,33.0,0.19339393939393942,0.5043999999999997,0.0,30.0,2.0,0.0,0.0,0.0,1.0,0.189,0.189,0.0,,,,,,,,,,,,,,,,,,
variant:RN_PLAIN_NoFOG:attempt:22:round:16,RN_PLAIN_NoFOG,RN,PLAIN,NoFOG,22,16,2026-04-19 13:46:36,0.983333,0.042377,0.292798,0.304614,0.552187,0.476154,1.0,0.0459797531366348,30.0,2026-04-19 13:46:36,33.0,0.14312121212121215,0.3465999999999998,0.0,30.0,0.9666666388511658,0.038774412125349,30.0,2026-04-19 13:46:29,33.0,0.18645454545454546,0.4945999999999997,0.0,30.0,2.0,0.0,0.0,0.0,1.0,0.198,0.198,0.0,,,,,,,,,,,,,,,,,,
variant:RN_PLAIN_NoFOG:attempt:22:round:17,RN_PLAIN_NoFOG,RN,PLAIN,NoFOG,22,17,2026-04-19 13:47:26,0.983333,0.044888,0.293663,0.309174,0.552931,0.478674,0.9666666388511658,0.0877711772918701,30.0,2026-04-19 13:47:26,33.0,0.13539393939393943,0.30159999999999976,0.0,30.0,1.0,0.0020053451880812,30.0,2026-04-19 13:47:19,33.0,0.19330303030303028,0.5531999999999997,0.0,30.0,2.0,0.0,0.0,0.0,1.0,0.227,0.227,0.0,,,,,,,,,,,,,,,,,,
variant:RN_PLAIN_NoFOG:attempt:22:round:18,RN_PLAIN_NoFOG,RN,PLAIN,NoFOG,22,18,2026-04-19 13:48:16,0.983333,0.034245,0.294373,0.312901,0.553057,0.481314,0.9666666388511658,0.0652475506067276,30.0,2026-04-19 13:48:16,33.0,0.15266666666666667,0.2915999999999998,0.0,30.0,1.0,0.0032420991919934,30.0,2026-04-19 13:48:09,33.0,0.1923939393939394,0.5361999999999996,0.0,30.0,2.0,0.0,0.0,0.0,1.0,0.199,0.199,0.0,,,,,,,,,,,,,,,,,,
variant:RN_PLAIN_NoFOG:attempt:22:round:19,RN_PLAIN_NoFOG,RN,PLAIN,NoFOG,22,19,2026-04-19 13:49:06,0.95,0.096926,0.295031,0.316427,0.553512,0.483779,0.8999999761581421,0.1910848468542099,30.0,2026-04-19 13:49:06,33.0,0.145030303030303,0.31479999999999986,0.0,30.0,1.0,0.0027672813739627,30.0,2026-04-19 13:48:59,33.0,0.1967878787878788,0.5031999999999996,0.0,30.0,2.0,0.0,0.0,0.0,1.0,0.156,0.156,0.0,,,,,,,,,,,,,,,,,,
variant:RN_PLAIN_NoFOG:attempt:22:round:20,RN_PLAIN_NoFOG,RN,PLAIN,NoFOG,22,20,2026-04-19 13:49:56,0.966667,0.143433,0.29498,0.318243,0.552948,0.485647,0.9333333373069764,0.2798338830471039,30.0,2026-04-19 13:49:56,33.0,0.14018181818181819,0.3891999999999999,0.0,30.0,1.0,0.0070331026799976,30.0,2026-04-19 13:49:49,33.0,0.16433333333333333,0.3053999999999997,0.0,30.0,2.0,0.0,0.0,0.0,1.0,0.18,0.18,0.0,,,,,,,,,,,,,,,,,,
variant:RN_PLAIN_NoFOG:attempt:23:round:1,RN_PLAIN_NoFOG,RN,PLAIN,NoFOG,23,1,2026-04-19 13:54:29,0.716667,0.840336,0.287869,0.292639,0.540778,0.409283,0.800000011920929,0.7078773379325867,30.0,2026-04-19 13:54:27,37.0,0.1369189189189189,0.20719999999999994,0.0,35.0,0.6333333253860474,0.9727938175201416,30.0,2026-04-19 13:54:29,32.0,0.1531875,0.2831499999999998,0.0,30.0,2.0,0.0,0.0,0.0,1.0,0.219,0.219,0.0,,,,,,,,,,,,,,,,,,
variant:RN_PLAIN_NoFOG:attempt:23:round:2,RN_PLAIN_NoFOG,RN,PLAIN,NoFOG,23,2,2026-04-19 13:55:13,0.966667,0.203209,0.291811,0.298616,0.555708,0.421807,0.9333333373069764,0.2913655936717987,30.0,2026-04-19 13:55:11,29.0,0.13658620689655174,0.3329999999999996,0.0,26.0,1.0,0.1150530949234962,30.0,2026-04-19 13:55:13,33.0,0.11793939393939394,0.34739999999999976,0.0,30.0,2.0,0.0,0.0,0.0,1.0,0.217,0.217,0.0,,,,,,,,,,,,,,,,,,
variant:RN_PLAIN_NoFOG:attempt:23:round:3,RN_PLAIN_NoFOG,RN,PLAIN,NoFOG,23,3,2026-04-19 13:56:03,0.966667,0.075572,0.294385,0.307027,0.565101,0.432374,1.0,0.0401299707591533,30.0,2026-04-19 13:56:01,33.0,0.13618181818181818,0.2823999999999998,0.0,30.0,0.9333333373069764,0.111013226211071,30.0,2026-04-19 13:56:03,33.0,0.1467272727272727,0.3343999999999998,0.0,30.0,2.0,0.0,0.0,0.0,1.0,0.218,0.218,0.0,,,,,,,,,,,,,,,,,,
variant:RN_PLAIN_NoFOG:attempt:23:round:4,RN_PLAIN_NoFOG,RN,PLAIN,NoFOG,23,4,2026-04-19 13:56:53,1.0,0.022283,0.29646,0.312253,0.571353,0.440458,1.0,0.0148497819900512,30.0,2026-04-19 13:56:51,33.0,0.1311212121212121,0.2879999999999998,0.0,30.0,1.0,0.0297171752899885,30.0,2026-04-19 13:56:53,33.0,0.14215151515151514,0.32099999999999973,0.0,30.0,2.0,0.0,0.0,0.0,1.0,0.215,0.215,0.0,,,,,,,,,,,,,,,,,,
variant:RN_PLAIN_NoFOG:attempt:23:round:5,RN_PLAIN_NoFOG,RN,PLAIN,NoFOG,23,5,2026-04-19 13:57:46,1.0,0.021956,0.297961,0.315889,0.575261,0.445444,1.0,0.0102691603824496,30.0,2026-04-19 13:57:46,32.0,0.152625,0.35569999999999996,0.0,29.0,1.0,0.0336423590779304,30.0,2026-04-19 13:57:44,34.0,0.14726470588235294,0.31314999999999976,0.0,31.0,2.0,0.0,0.0,0.0,1.0,0.218,0.218,0.0,,,,,,,,,,,,,,,,,,
variant:RN_PLAIN_NoFOG:attempt:23:round:6,RN_PLAIN_NoFOG,RN,PLAIN,NoFOG,23,6,2026-04-19 13:58:44,0.85,0.487459,0.292487,0.309369,0.557007,0.441804,0.8666666746139526,0.4268727898597717,30.0,2026-04-19 13:58:41,35.0,0.13588571428571428,0.28259999999999946,0.0,32.0,0.8333333134651184,0.5480448007583618,30.0,2026-04-19 13:58:44,32.0,0.15596875,0.3474,0.0,29.0,2.0,0.0,0.0,0.0,1.0,0.226,0.226,0.0,,,,,,,,,,,,,,,,,,
variant:RN_PLAIN_NoFOG:attempt:23:round:7,RN_PLAIN_NoFOG,RN,PLAIN,NoFOG,23,7,2026-04-19 13:59:33,0.883333,0.306897,0.291372,0.300433,0.55966,0.438256,0.8333333134651184,0.381626546382904,30.0,2026-04-19 13:59:31,33.0,0.13615151515151513,0.29339999999999977,0.0,30.0,0.9333333373069764,0.2321667373180389,30.0,2026-04-19 13:59:34,33.0,0.15821212121212122,0.40019999999999994,0.0,30.0,2.0,0.0,0.0,0.0,1.0,0.527,0.527,0.0,,,,,,,,,,,,,,,,,,
variant:RN_PLAIN_NoFOG:attempt:23:round:8,RN_PLAIN_NoFOG,RN,PLAIN,NoFOG,23,8,2026-04-19 14:00:24,0.8,0.375538,0.29064,0.299176,0.558792,0.439888,0.8666666746139526,0.224835067987442,30.0,2026-04-19 14:00:21,33.0,0.13281818181818184,0.29279999999999984,0.0,30.0,0.7333333492279053,0.5262418389320374,30.0,2026-04-19 14:00:24,33.0,0.14084848484848486,0.2935999999999998,0.0,30.0,2.0,0.0,0.0,0.0,1.0,0.228,0.228,0.0,,,,,,,,,,,,,,,,,,
variant:RN_PLAIN_NoFOG:attempt:23:round:9,RN_PLAIN_NoFOG,RN,PLAIN,NoFOG,23,9,2026-04-19 14:01:13,0.866667,0.411124,0.289868,0.299009,0.554937,0.446022,0.8666666746139526,0.3213416337966919,30.0,2026-04-19 14:01:12,33.0,0.14487878787878788,0.30279999999999974,0.0,30.0,0.8666666746139526,0.5009065866470337,30.0,2026-04-19 14:01:14,33.0,0.15996969696969698,0.36839999999999995,0.0,30.0,2.0,0.0,0.0,0.0,1.0,0.182,0.182,0.0,,,,,,,,,,,,,,,,,,
variant:RN_PLAIN_NoFOG:attempt:23:round:10,RN_PLAIN_NoFOG,RN,PLAIN,NoFOG,23,10,2026-04-19 14:02:04,0.933333,0.153819,0.290436,0.297659,0.555783,0.448337,0.8666666746139526,0.2817403972148895,30.0,2026-04-19 14:02:01,33.0,0.13257575757575757,0.3005999999999998,0.0,30.0,1.0,0.0258976463228464,30.0,2026-04-19 14:02:04,33.0,0.1451818181818182,0.3606,0.0,30.0,2.0,0.0,0.0,0.0,1.0,0.161,0.161,0.0,,,,,,,,,,,,,,,,,,
variant:RN_PLAIN_NoFOG:attempt:23:round:11,RN_PLAIN_NoFOG,RN,PLAIN,NoFOG,23,11,2026-04-19 14:02:53,0.883333,0.347834,0.289327,0.294993,0.554355,0.451088,0.800000011920929,0.4518390893936157,30.0,2026-04-19 14:02:51,33.0,0.1330909090909091,0.2845999999999998,0.0,30.0,0.9666666388511658,0.2438282668590545,30.0,2026-04-19 14:02:54,33.0,0.16054545454545455,0.3775999999999998,0.0,30.0,2.0,0.0,0.0,0.0,1.0,0.2,0.2,0.0,,,,,,,,,,,,,,,,,,
variant:RN_PLAIN_NoFOG:attempt:23:round:12,RN_PLAIN_NoFOG,RN,PLAIN,NoFOG,23,12,2026-04-19 14:03:43,0.866667,0.346199,0.28885,0.286754,0.552902,0.453608,0.8333333134651184,0.4077516496181488,30.0,2026-04-19 14:03:41,33.0,0.1302121212121212,0.4093999999999999,0.0,30.0,0.8999999761581421,0.2846473157405853,30.0,2026-04-19 14:03:44,33.0,0.1492121212121212,0.3637999999999996,0.0,30.0,2.0,0.0,0.0,0.0,1.0,0.186,0.186,0.0,,,,,,,,,,,,,,,,,,
variant:RN_PLAIN_NoFOG:attempt:23:round:13,RN_PLAIN_NoFOG,RN,PLAIN,NoFOG,23,13,2026-04-19 14:04:33,0.95,0.13947,0.289555,0.285539,0.552999,0.458964,0.9333333373069764,0.1836867034435272,30.0,2026-04-19 14:04:31,33.0,0.1610909090909091,0.33779999999999966,0.0,30.0,0.9666666388511658,0.0952528417110443,30.0,2026-04-19 14:04:34,33.0,0.14678787878787877,0.28579999999999983,0.0,30.0,2.0,0.0,0.0,0.0,1.0,0.206,0.206,0.0,,,,,,,,,,,,,,,,,,
variant:RN_PLAIN_NoFOG:attempt:23:round:14,RN_PLAIN_NoFOG,RN,PLAIN,NoFOG,23,14,2026-04-19 14:05:24,0.883333,0.253499,0.28863,0.282746,0.546178,0.466244,0.800000011920929,0.325295627117157,30.0,2026-04-19 14:05:21,33.0,0.13321212121212123,0.2937999999999998,0.0,30.0,0.9666666388511658,0.1817016899585724,30.0,2026-04-19 14:05:24,33.0,0.14033333333333334,0.2807999999999998,0.0,30.0,2.0,0.0,0.0,0.0,1.0,0.227,0.227,0.0,,,,,,,,,,,,,,,,,,
variant:RN_PLAIN_NoFOG:attempt:23:round:15,RN_PLAIN_NoFOG,RN,PLAIN,NoFOG,23,15,2026-04-19 14:06:13,0.933333,0.20144,0.288238,0.280998,0.54411,0.468214,0.9333333373069764,0.2246944010257721,30.0,2026-04-19 14:06:11,33.0,0.14057575757575758,0.2865999999999998,0.0,30.0,0.9333333373069764,0.1781853139400482,30.0,2026-04-19 14:06:14,33.0,0.1421818181818182,0.2875999999999998,0.0,30.0,2.0,0.0,0.0,0.0,1.0,0.301,0.301,0.0,,,,,,,,,,,,,,,,,,
variant:RN_PLAIN_NoFOG:attempt:23:round:16,RN_PLAIN_NoFOG,RN,PLAIN,NoFOG,23,16,2026-04-19 14:07:03,0.966667,0.107573,0.289188,0.286861,0.546073,0.468812,1.0,0.0793313682079315,30.0,2026-04-19 14:07:01,33.0,0.13903030303030303,0.2869999999999998,0.0,30.0,0.9333333373069764,0.1358145773410797,30.0,2026-04-19 14:07:04,33.0,0.1529090909090909,0.3397999999999999,0.0,30.0,2.0,0.0,0.0,0.0,1.0,0.147,0.147,0.0,,,,,,,,,,,,,,,,,,
variant:RN_PLAIN_NoFOG:attempt:23:round:17,RN_PLAIN_NoFOG,RN,PLAIN,NoFOG,23,17,2026-04-19 14:07:53,0.933333,0.213996,0.290381,0.291667,0.548828,0.470264,0.9333333373069764,0.2135457694530487,30.0,2026-04-19 14:07:51,33.0,0.1533636363636364,0.29159999999999986,0.0,30.0,0.9333333373069764,0.2144467234611511,30.0,2026-04-19 14:07:54,33.0,0.14848484848484847,0.2793999999999998,0.0,30.0,2.0,0.0,0.0,0.0,1.0,0.187,0.187,0.0,,,,,,,,,,,,,,,,,,
variant:RN_PLAIN_NoFOG:attempt:23:round:18,RN_PLAIN_NoFOG,RN,PLAIN,NoFOG,23,18,2026-04-19 14:08:44,0.95,0.138982,0.289507,0.290047,0.547794,0.47365,0.9333333373069764,0.2137631773948669,30.0,2026-04-19 14:08:41,33.0,0.15272727272727274,0.2899999999999998,0.0,30.0,0.9666666388511658,0.0642016306519508,30.0,2026-04-19 14:08:44,33.0,0.1499090909090909,0.31939999999999985,0.0,30.0,2.0,0.0,0.0,0.0,1.0,0.226,0.226,0.0,,,,,,,,,,,,,,,,,,
variant:RN_PLAIN_NoFOG:attempt:23:round:19,RN_PLAIN_NoFOG,RN,PLAIN,NoFOG,23,19,2026-04-19 14:09:34,0.916667,0.237698,0.289113,0.283615,0.552199,0.476416,0.8999999761581421,0.2557724118232727,30.0,2026-04-19 14:09:31,33.0,0.14339393939393943,0.30159999999999987,0.0,30.0,0.9333333373069764,0.2196238338947296,30.0,2026-04-19 14:09:34,33.0,0.14796969696969697,0.32719999999999977,0.0,30.0,2.0,0.0,0.0,0.0,1.0,0.166,0.166,0.0,,,,,,,,,,,,,,,,,,
variant:RN_PLAIN_NoFOG:attempt:23:round:20,RN_PLAIN_NoFOG,RN,PLAIN,NoFOG,23,20,2026-04-19 14:10:24,0.883333,0.269965,0.289481,0.283069,0.555615,0.478073,0.9333333373069764,0.2577736973762512,30.0,2026-04-19 14:10:21,33.0,0.13745454545454547,0.3081999999999998,0.0,30.0,0.8333333134651184,0.2821564972400665,30.0,2026-04-19 14:10:24,33.0,0.12599999999999997,0.33499999999999963,0.0,30.0,2.0,0.0,0.0,0.0,1.0,0.187,0.187,0.0,,,,,,,,,,,,,,,,,,
variant:RN_PLAIN_NoFOG:attempt:24:round:1,RN_PLAIN_NoFOG,RN,PLAIN,NoFOG,24,1,2026-04-19 14:41:35,0.716667,0.856503,0.287108,0.291615,0.541633,0.412225,0.6333333253860474,1.15012788772583,30.0,2026-04-19 14:41:34,35.0,0.12657142857142856,0.2176999999999999,0.0,33.0,0.800000011920929,0.5628789663314819,30.0,2026-04-19 14:41:35,32.0,0.1508125,0.21504999999999996,0.0,30.0,2.0,0.0,0.0,0.0,1.0,0.225,0.225,0.0,,,,,,,,,,,,,,,,,,
variant:RN_PLAIN_NoFOG:attempt:24:round:2,RN_PLAIN_NoFOG,RN,PLAIN,NoFOG,24,2,2026-04-19 14:42:19,0.966667,0.189836,0.290418,0.299121,0.555959,0.430614,0.9666666388511658,0.1822887063026428,30.0,2026-04-19 14:42:18,30.0,0.1401,0.3579499999999998,0.0,27.0,0.9666666388511658,0.1973840594291687,30.0,2026-04-19 14:42:19,33.0,0.15718181818181817,0.32579999999999976,0.0,30.0,2.0,0.0,0.0,0.0,1.0,0.223,0.223,0.0,,,,,,,,,,,,,,,,,,
variant:RN_PLAIN_NoFOG:attempt:24:round:3,RN_PLAIN_NoFOG,RN,PLAIN,NoFOG,24,3,2026-04-19 14:43:08,1.0,0.02682,0.293482,0.308311,0.563706,0.44085,1.0,0.0223960671573877,30.0,2026-04-19 14:43:08,33.0,0.13599999999999998,0.32679999999999976,0.0,30.0,1.0,0.0312442053109407,30.0,2026-04-19 14:43:08,34.0,0.1443235294117647,0.28329999999999966,0.0,31.0,2.0,0.0,0.0,0.0,1.0,0.184,0.184,0.0,,,,,,,,,,,,,,,,,,
variant:RN_PLAIN_NoFOG:attempt:24:round:4,RN_PLAIN_NoFOG,RN,PLAIN,NoFOG,24,4,2026-04-19 14:43:59,1.0,0.029572,0.296157,0.31272,0.570196,0.448355,1.0,0.0217778924852609,30.0,2026-04-19 14:43:59,33.0,0.1429090909090909,0.35699999999999993,0.0,30.0,1.0,0.0373653396964073,30.0,2026-04-19 14:43:59,33.0,0.16930303030303032,0.2813999999999998,0.0,30.0,2.0,0.0,0.0,0.0,1.0,0.221,0.221,0.0,,,,,,,,,,,,,,,,,,
variant:RN_PLAIN_NoFOG:attempt:24:round:5,RN_PLAIN_NoFOG,RN,PLAIN,NoFOG,24,5,2026-04-19 14:44:56,1.0,0.014622,0.298501,0.317822,0.575321,0.454274,1.0,0.0120640946552157,30.0,2026-04-19 14:44:56,33.0,0.13221212121212123,0.32459999999999983,0.0,30.0,1.0,0.0171797163784503,30.0,2026-04-19 14:44:49,34.0,0.15873529411764706,0.38799999999999985,0.0,31.0,2.0,0.0,0.0,0.0,1.0,0.235,0.235,0.0,,,,,,,,,,,,,,,,,,
variant:RN_PLAIN_NoFOG:attempt:24:round:6,RN_PLAIN_NoFOG,RN,PLAIN,NoFOG,24,6,2026-04-19 14:45:48,0.816667,0.478735,0.292232,0.305383,0.55675,0.450419,0.7666666507720947,0.5098368525505066,30.0,2026-04-19 14:45:48,34.0,0.1458529411764706,0.30149999999999966,0.0,31.0,0.8666666746139526,0.4476335346698761,30.0,2026-04-19 14:45:49,31.0,0.18190322580645163,0.3445,0.0,28.0,2.0,0.0,0.0,0.0,1.0,0.229,0.229,0.0,,,,,,,,,,,,,,,,,,
variant:RN_PLAIN_NoFOG:attempt:24:round:7,RN_PLAIN_NoFOG,RN,PLAIN,NoFOG,24,7,2026-04-19 14:46:38,0.783333,0.589437,0.288534,0.298216,0.547372,0.444281,0.800000011920929,0.5192925333976746,30.0,2026-04-19 14:46:38,33.0,0.15090909090909088,0.2727999999999998,0.0,30.0,0.7666666507720947,0.659580647945404,30.0,2026-04-19 14:46:39,33.0,0.1348787878787879,0.28539999999999976,0.0,30.0,2.0,0.0,0.0,0.0,1.0,0.18,0.18,0.0,,,,,,,,,,,,,,,,,,
variant:RN_PLAIN_NoFOG:attempt:24:round:8,RN_PLAIN_NoFOG,RN,PLAIN,NoFOG,24,8,2026-04-19 14:47:29,0.833333,0.308173,0.287566,0.292691,0.542754,0.448207,0.8666666746139526,0.2914336919784546,30.0,2026-04-19 14:47:28,33.0,0.14375757575757578,0.28859999999999986,0.0,30.0,0.800000011920929,0.3249115645885467,30.0,2026-04-19 14:47:29,33.0,0.15027272727272725,0.2995999999999998,0.0,30.0,2.0,0.0,0.0,0.0,1.0,0.196,0.196,0.0,,,,,,,,,,,,,,,,,,
variant:RN_PLAIN_NoFOG:attempt:24:round:9,RN_PLAIN_NoFOG,RN,PLAIN,NoFOG,24,9,2026-04-19 14:48:18,0.783333,0.608375,0.288044,0.286011,0.542389,0.450856,0.8333333134651184,0.5904117822647095,30.0,2026-04-19 14:48:18,33.0,0.14645454545454545,0.32179999999999986,0.0,30.0,0.7333333492279053,0.6263372302055359,30.0,2026-04-19 14:48:19,33.0,0.17245454545454544,0.3439999999999999,0.0,30.0,2.0,0.0,0.0,0.0,1.0,0.209,0.209,0.0,,,,,,,,,,,,,,,,,,
variant:RN_PLAIN_NoFOG:attempt:24:round:10,RN_PLAIN_NoFOG,RN,PLAIN,NoFOG,24,10,2026-04-19 14:49:08,0.866667,0.417698,0.287123,0.285487,0.532691,0.447592,0.8333333134651184,0.5953788161277771,30.0,2026-04-19 14:49:08,33.0,0.1443939393939394,0.2749999999999998,0.0,30.0,0.8999999761581421,0.2400174587965011,30.0,2026-04-19 14:49:09,33.0,0.15084848484848487,0.2995999999999997,0.0,30.0,2.0,0.0,0.0,0.0,1.0,0.194,0.194,0.0,,,,,,,,,,,,,,,,,,
variant:RN_PLAIN_NoFOG:attempt:24:round:11,RN_PLAIN_NoFOG,RN,PLAIN,NoFOG,24,11,2026-04-19 14:49:58,0.9,0.334489,0.287732,0.286947,0.52578,0.451695,0.9333333373069764,0.2504157721996307,30.0,2026-04-19 14:49:58,33.0,0.14933333333333335,0.2945999999999998,0.0,30.0,0.8666666746139526,0.4185631573200226,30.0,2026-04-19 14:49:59,33.0,0.1559090909090909,0.32139999999999985,0.0,30.0,2.0,0.0,0.0,0.0,1.0,0.183,0.183,0.0,,,,,,,,,,,,,,,,,,
variant:RN_PLAIN_NoFOG:attempt:24:round:12,RN_PLAIN_NoFOG,RN,PLAIN,NoFOG,24,12,2026-04-19 14:50:48,0.9,0.314113,0.289297,0.289874,0.527764,0.454847,0.8333333134651184,0.3711792230606079,30.0,2026-04-19 14:50:48,33.0,0.14836363636363636,0.33759999999999996,0.0,30.0,0.9666666388511658,0.2570469081401825,30.0,2026-04-19 14:50:49,33.0,0.15272727272727274,0.3241999999999998,0.0,30.0,2.0,0.0,0.0,0.0,1.0,0.249,0.249,0.0,,,,,,,,,,,,,,,,,,
variant:RN_PLAIN_NoFOG:attempt:24:round:13,RN_PLAIN_NoFOG,RN,PLAIN,NoFOG,24,13,2026-04-19 14:51:38,0.916667,0.194686,0.290465,0.290374,0.530524,0.458524,0.8666666746139526,0.2221872508525848,30.0,2026-04-19 14:51:38,33.0,0.1464848484848485,0.2747999999999998,0.0,30.0,0.9666666388511658,0.1671838164329528,30.0,2026-04-19 14:51:39,33.0,0.15254545454545457,0.29179999999999984,0.0,30.0,2.0,0.0,0.0,0.0,1.0,0.231,0.231,0.0,,,,,,,,,,,,,,,,,,
variant:RN_PLAIN_NoFOG:attempt:24:round:14,RN_PLAIN_NoFOG,RN,PLAIN,NoFOG,24,14,2026-04-19 14:52:28,0.916667,0.192636,0.29054,0.292615,0.532693,0.460128,0.9333333373069764,0.1781502813100814,30.0,2026-04-19 14:52:28,33.0,0.1467272727272727,0.2801999999999998,0.0,30.0,0.8999999761581421,0.2071214318275451,30.0,2026-04-19 14:52:29,33.0,0.15233333333333338,0.2929999999999998,0.0,30.0,2.0,0.0,0.0,0.0,1.0,0.217,0.217,0.0,,,,,,,,,,,,,,,,,,
variant:RN_PLAIN_NoFOG:attempt:24:round:15,RN_PLAIN_NoFOG,RN,PLAIN,NoFOG,24,15,2026-04-19 14:53:18,0.916667,0.265742,0.291246,0.290094,0.53773,0.459408,0.8999999761581421,0.2314780801534652,30.0,2026-04-19 14:53:18,33.0,0.14024242424242422,0.2679999999999998,0.0,30.0,0.9333333373069764,0.3000061810016632,30.0,2026-04-19 14:53:19,33.0,0.157969696969697,0.3123999999999999,0.0,30.0,2.0,0.0,0.0,0.0,1.0,0.139,0.139,0.0,,,,,,,,,,,,,,,,,,
variant:RN_PLAIN_NoFOG:attempt:24:round:16,RN_PLAIN_NoFOG,RN,PLAIN,NoFOG,24,16,2026-04-19 14:54:08,0.933333,0.150242,0.291863,0.290392,0.540304,0.462907,0.9333333373069764,0.1620149612426757,30.0,2026-04-19 14:54:08,33.0,0.1434848484848485,0.27939999999999976,0.0,30.0,0.9333333373069764,0.138468712568283,30.0,2026-04-19 14:54:09,33.0,0.16121212121212122,0.2843999999999998,0.0,30.0,2.0,0.0,0.0,0.0,1.0,0.237,0.237,0.0,,,,,,,,,,,,,,,,,,
variant:RN_PLAIN_NoFOG:attempt:24:round:17,RN_PLAIN_NoFOG,RN,PLAIN,NoFOG,24,17,2026-04-19 14:54:58,0.9,0.251611,0.290863,0.288357,0.537454,0.462973,0.8666666746139526,0.2937044203281402,30.0,2026-04-19 14:54:58,33.0,0.13942424242424242,0.2937999999999998,0.0,30.0,0.9333333373069764,0.2095184475183487,30.0,2026-04-19 14:54:59,33.0,0.14612121212121215,0.29459999999999986,0.0,30.0,2.0,0.0,0.0,0.0,1.0,0.214,0.214,0.0,,,,,,,,,,,,,,,,,,
variant:RN_PLAIN_NoFOG:attempt:24:round:18,RN_PLAIN_NoFOG,RN,PLAIN,NoFOG,24,18,2026-04-19 14:55:48,0.866667,0.24055,0.290973,0.286312,0.540164,0.459671,0.8999999761581421,0.1409457623958587,30.0,2026-04-19 14:55:48,33.0,0.13033333333333336,0.2769999999999998,0.0,30.0,0.8333333134651184,0.3401537537574768,30.0,2026-04-19 14:55:48,33.0,0.15481818181818183,0.3089999999999999,0.0,30.0,2.0,0.0,0.0,0.0,1.0,0.238,0.238,0.0,,,,,,,,,,,,,,,,,,
variant:RN_PLAIN_NoFOG:attempt:24:round:19,RN_PLAIN_NoFOG,RN,PLAIN,NoFOG,24,19,2026-04-19 14:56:38,0.983333,0.120888,0.292515,0.283444,0.547137,0.462126,1.0,0.0631435811519622,30.0,2026-04-19 14:56:38,33.0,0.15406060606060606,0.3123999999999999,0.0,30.0,0.9666666388511658,0.1786330342292785,30.0,2026-04-19 14:56:39,33.0,0.15,0.2927999999999998,0.0,30.0,2.0,0.0,0.0,0.0,1.0,0.189,0.189,0.0,,,,,,,,,,,,,,,,,,
variant:RN_PLAIN_NoFOG:attempt:24:round:20,RN_PLAIN_NoFOG,RN,PLAIN,NoFOG,24,20,2026-04-19 14:57:28,0.933333,0.140267,0.292335,0.281311,0.547073,0.461916,0.9333333373069764,0.1463551968336105,30.0,2026-04-19 14:57:28,33.0,0.14951515151515155,0.27939999999999976,0.0,30.0,0.9333333373069764,0.134178802371025,30.0,2026-04-19 14:57:29,33.0,0.15487878787878787,0.2829999999999998,0.0,30.0,2.0,0.0,0.0,0.0,1.0,0.137,0.137,0.0,,,,,,,,,,,,,,,,,,
variant:RN_PLAIN_NoFOG:attempt:25:round:1,RN_PLAIN_NoFOG,RN,PLAIN,NoFOG,25,1,2026-04-19 15:00:42,0.75,1.084497,0.286758,0.29374,0.535008,0.403914,0.7333333492279053,0.975787341594696,30.0,2026-04-19 15:00:42,32.0,0.14390625,0.21095,0.0,30.0,0.7666666507720947,1.193205714225769,30.0,2026-04-19 15:00:41,35.0,0.12591428571428573,0.20989999999999995,0.0,33.0,2.0,0.0,0.0,0.0,1.0,0.221,0.221,0.0,,,,,,,,,,,,,,,,,,
variant:RN_PLAIN_NoFOG:attempt:25:round:2,RN_PLAIN_NoFOG,RN,PLAIN,NoFOG,25,2,2026-04-19 15:01:26,0.95,0.206875,0.287766,0.297325,0.540988,0.417531,0.9666666388511658,0.1730548739433288,30.0,2026-04-19 15:01:26,33.0,0.13833333333333334,0.36139999999999994,0.0,30.0,0.9333333373069764,0.2406945526599884,30.0,2026-04-19 15:01:25,30.0,0.15613333333333337,0.3081499999999996,0.0,27.0,2.0,0.0,0.0,0.0,1.0,0.202,0.202,0.0,,,,,,,,,,,,,,,,,,
variant:RN_PLAIN_NoFOG:attempt:25:round:3,RN_PLAIN_NoFOG,RN,PLAIN,NoFOG,25,3,2026-04-19 15:02:16,0.9,0.293747,0.288104,0.302496,0.549025,0.430663,1.0,0.0504861362278461,30.0,2026-04-19 15:02:16,33.0,0.14842424242424243,0.3409999999999998,0.0,30.0,0.800000011920929,0.5370087027549744,30.0,2026-04-19 15:02:15,33.0,0.15745454545454546,0.3059999999999998,0.0,30.0,2.0,0.0,0.0,0.0,1.0,0.217,0.217,0.0,,,,,,,,,,,,,,,,,,
variant:RN_PLAIN_NoFOG:attempt:25:round:4,RN_PLAIN_NoFOG,RN,PLAIN,NoFOG,25,4,2026-04-19 15:03:06,0.916667,0.274053,0.288233,0.304089,0.546728,0.437455,1.0,0.0209656991064548,30.0,2026-04-19 15:03:06,33.0,0.14421212121212124,0.3387999999999998,0.0,30.0,0.8333333134651184,0.5271407961845398,30.0,2026-04-19 15:03:05,33.0,0.15763636363636363,0.30359999999999976,0.0,30.0,2.0,0.0,0.0,0.0,1.0,0.216,0.216,0.0,,,,,,,,,,,,,,,,,,
variant:RN_PLAIN_NoFOG:attempt:25:round:5,RN_PLAIN_NoFOG,RN,PLAIN,NoFOG,25,5,2026-04-19 15:04:06,0.966667,0.096826,0.288942,0.303892,0.54302,0.445324,1.0,0.0183517280966043,30.0,2026-04-19 15:04:06,33.0,0.14681818181818185,0.3666,0.0,30.0,0.9333333373069764,0.1752997040748596,30.0,2026-04-19 15:04:04,33.0,0.15015151515151515,0.2997999999999998,0.0,30.0,2.0,0.0,0.0,0.0,1.0,0.221,0.221,0.0,,,,,,,,,,,,,,,,,,
variant:RN_PLAIN_NoFOG:attempt:25:round:6,RN_PLAIN_NoFOG,RN,PLAIN,NoFOG,25,6,2026-04-19 15:04:58,0.816667,0.643055,0.285789,0.297854,0.531784,0.440359,0.7666666507720947,0.7736600637435913,30.0,2026-04-19 15:04:56,35.0,0.1523142857142857,0.42639999999999995,0.0,32.0,0.8666666746139526,0.5124499201774597,30.0,2026-04-19 15:04:59,33.0,0.1533030303030303,0.30119999999999986,0.0,30.0,2.0,0.0,0.0,0.0,1.0,0.213,0.213,0.0,,,,,,,,,,,,,,,,,,
variant:RN_PLAIN_NoFOG:attempt:25:round:7,RN_PLAIN_NoFOG,RN,PLAIN,NoFOG,25,7,2026-04-19 15:05:49,0.833333,0.41382,0.283889,0.289231,0.520884,0.43624,0.800000011920929,0.4267142415046692,30.0,2026-04-19 15:05:46,33.0,0.18836363636363637,0.5631999999999988,0.0,30.0,0.8666666746139526,0.4009258151054382,30.0,2026-04-19 15:05:49,33.0,0.15248484848484847,0.3185999999999999,0.0,30.0,2.0,0.0,0.0,0.0,1.0,0.195,0.195,0.0,,,,,,,,,,,,,,,,,,
variant:RN_PLAIN_NoFOG:attempt:25:round:8,RN_PLAIN_NoFOG,RN,PLAIN,NoFOG,25,8,2026-04-19 15:06:39,0.9,0.222458,0.283582,0.28574,0.523541,0.436373,0.800000011920929,0.3926900327205658,30.0,2026-04-19 15:06:36,33.0,0.14630303030303032,0.28339999999999976,0.0,30.0,1.0,0.0522254556417465,30.0,2026-04-19 15:06:39,33.0,0.15887878787878787,0.3021999999999997,0.0,30.0,2.0,0.0,0.0,0.0,1.0,0.225,0.225,0.0,,,,,,,,,,,,,,,,,,
variant:RN_PLAIN_NoFOG:attempt:25:round:9,RN_PLAIN_NoFOG,RN,PLAIN,NoFOG,25,9,2026-04-19 15:07:28,0.9,0.267256,0.284183,0.287229,0.527019,0.440889,0.8666666746139526,0.3813057541847229,30.0,2026-04-19 15:07:26,33.0,0.14842424242424243,0.2897999999999998,0.0,30.0,0.9333333373069764,0.1532062739133834,30.0,2026-04-19 15:07:29,33.0,0.1582121212121212,0.32059999999999983,0.0,30.0,2.0,0.0,0.0,0.0,1.0,0.188,0.188,0.0,,,,,,,,,,,,,,,,,,
variant:RN_PLAIN_NoFOG:attempt:25:round:10,RN_PLAIN_NoFOG,RN,PLAIN,NoFOG,25,10,2026-04-19 15:08:19,0.916667,0.236006,0.284632,0.288028,0.522898,0.445943,0.8666666746139526,0.3094301223754883,30.0,2026-04-19 15:08:16,33.0,0.14621212121212118,0.2869999999999998,0.0,30.0,0.9666666388511658,0.1625823974609375,30.0,2026-04-19 15:08:19,33.0,0.16663636363636367,0.2989999999999998,0.0,30.0,2.0,0.0,0.0,0.0,1.0,0.25,0.25,0.0,,,,,,,,,,,,,,,,,,
variant:RN_PLAIN_NoFOG:attempt:25:round:11,RN_PLAIN_NoFOG,RN,PLAIN,NoFOG,25,11,2026-04-19 15:09:08,0.9,0.226532,0.28556,0.29099,0.524288,0.448841,0.9333333373069764,0.1828640252351761,30.0,2026-04-19 15:09:06,33.0,0.14551515151515154,0.2789999999999998,0.0,30.0,0.8666666746139526,0.2701997756958008,30.0,2026-04-19 15:09:09,33.0,0.16151515151515153,0.32079999999999986,0.0,30.0,2.0,0.0,0.0,0.0,1.0,0.174,0.174,0.0,,,,,,,,,,,,,,,,,,
variant:RN_PLAIN_NoFOG:attempt:25:round:12,RN_PLAIN_NoFOG,RN,PLAIN,NoFOG,25,12,2026-04-19 15:09:58,0.916667,0.201756,0.285924,0.291743,0.525959,0.451149,1.0,0.047096949070692,30.0,2026-04-19 15:09:56,33.0,0.12609090909090911,0.28039999999999976,0.0,30.0,0.8333333134651184,0.3564142882823944,30.0,2026-04-19 15:09:59,33.0,0.16524242424242425,0.34539999999999976,0.0,30.0,2.0,0.0,0.0,0.0,1.0,0.22,0.22,0.0,,,,,,,,,,,,,,,,,,
variant:RN_PLAIN_NoFOG:attempt:25:round:13,RN_PLAIN_NoFOG,RN,PLAIN,NoFOG,25,13,2026-04-19 15:10:48,0.916667,0.172466,0.286147,0.288711,0.527769,0.452179,0.9333333373069764,0.1436296105384826,30.0,2026-04-19 15:10:46,33.0,0.16718181818181818,0.39039999999999986,0.0,30.0,0.8999999761581421,0.201302021741867,30.0,2026-04-19 15:10:49,33.0,0.15184848484848484,0.3351999999999997,0.0,30.0,2.0,0.0,0.0,0.0,1.0,0.221,0.221,0.0,,,,,,,,,,,,,,,,,,
variant:RN_PLAIN_NoFOG:attempt:25:round:14,RN_PLAIN_NoFOG,RN,PLAIN,NoFOG,25,14,2026-04-19 15:11:39,0.983333,0.083719,0.286983,0.290886,0.529702,0.457431,0.9666666388511658,0.0815481692552566,30.0,2026-04-19 15:11:36,33.0,0.14193939393939395,0.30839999999999984,0.0,30.0,1.0,0.0858900547027587,30.0,2026-04-19 15:11:39,33.0,0.17136363636363638,0.30399999999999977,0.0,30.0,2.0,0.0,0.0,0.0,1.0,0.175,0.175,0.0,,,,,,,,,,,,,,,,,,
variant:RN_PLAIN_NoFOG:attempt:25:round:15,RN_PLAIN_NoFOG,RN,PLAIN,NoFOG,25,15,2026-04-19 15:12:28,0.966667,0.141113,0.28685,0.288862,0.530332,0.460599,0.9333333373069764,0.172523945569992,30.0,2026-04-19 15:12:26,33.0,0.1477272727272727,0.2877999999999998,0.0,30.0,1.0,0.1097019389271736,30.0,2026-04-19 15:12:28,33.0,0.15633333333333335,0.3221999999999999,0.0,30.0,2.0,0.0,0.0,0.0,1.0,0.126,0.126,0.0,,,,,,,,,,,,,,,,,,
variant:RN_PLAIN_NoFOG:attempt:25:round:16,RN_PLAIN_NoFOG,RN,PLAIN,NoFOG,25,16,2026-04-19 15:13:19,0.916667,0.177279,0.286838,0.289633,0.529973,0.463192,0.9333333373069764,0.1767325550317764,30.0,2026-04-19 15:13:16,33.0,0.14827272727272728,0.3027999999999998,0.0,30.0,0.8999999761581421,0.1778247505426406,30.0,2026-04-19 15:13:19,33.0,0.16409090909090912,0.32379999999999987,0.0,30.0,2.0,0.0,0.0,0.0,1.0,0.158,0.158,0.0,,,,,,,,,,,,,,,,,,
variant:RN_PLAIN_NoFOG:attempt:25:round:17,RN_PLAIN_NoFOG,RN,PLAIN,NoFOG,25,17,2026-04-19 15:14:08,0.966667,0.156582,0.287874,0.289224,0.53234,0.463886,0.9666666388511658,0.1431942135095596,30.0,2026-04-19 15:14:06,33.0,0.15100000000000002,0.2829999999999998,0.0,30.0,0.9666666388511658,0.1699703484773636,30.0,2026-04-19 15:14:08,33.0,0.15287878787878786,0.3313999999999998,0.0,30.0,2.0,0.0,0.0,0.0,1.0,0.217,0.217,0.0,,,,,,,,,,,,,,,,,,
variant:RN_PLAIN_NoFOG:attempt:25:round:18,RN_PLAIN_NoFOG,RN,PLAIN,NoFOG,25,18,2026-04-19 15:14:58,0.9,0.194628,0.286772,0.279916,0.530159,0.467567,0.8333333134651184,0.3169355988502502,30.0,2026-04-19 15:14:56,33.0,0.13806060606060605,0.3013999999999997,0.0,30.0,0.9666666388511658,0.0723202526569366,30.0,2026-04-19 15:14:59,33.0,0.15772727272727272,0.3753999999999999,0.0,30.0,2.0,0.0,0.0,0.0,1.0,0.22,0.22,0.0,,,,,,,,,,,,,,,,,,
variant:RN_PLAIN_NoFOG:attempt:25:round:19,RN_PLAIN_NoFOG,RN,PLAIN,NoFOG,25,19,2026-04-19 15:15:48,0.85,0.23734,0.286916,0.279259,0.530249,0.474566,0.8666666746139526,0.2461327910423278,30.0,2026-04-19 15:15:46,33.0,0.15509090909090908,0.3937999999999999,0.0,30.0,0.8333333134651184,0.2285472601652145,30.0,2026-04-19 15:15:48,33.0,0.14300000000000002,0.2885999999999998,0.0,30.0,2.0,0.0,0.0,0.0,1.0,0.195,0.195,0.0,,,,,,,,,,,,,,,,,,
variant:RN_PLAIN_NoFOG:attempt:25:round:20,RN_PLAIN_NoFOG,RN,PLAIN,NoFOG,25,20,2026-04-19 15:16:38,0.95,0.203323,0.287245,0.280779,0.530543,0.482858,0.9666666388511658,0.1502271443605423,30.0,2026-04-19 15:16:36,33.0,0.1539090909090909,0.3073999999999997,0.0,30.0,0.9333333373069764,0.2564185857772827,30.0,2026-04-19 15:16:39,33.0,0.15166666666666667,0.31179999999999974,0.0,30.0,2.0,0.0,0.0,0.0,1.0,0.196,0.196,0.0,,,,,,,,,,,,,,,,,,
variant:RN_PLAIN_NoFOG:attempt:26:round:1,RN_PLAIN_NoFOG,RN,PLAIN,NoFOG,26,1,2026-04-19 15:19:45,0.733333,0.951632,0.288459,0.292121,0.540201,0.410865,0.7666666507720947,1.0310903787612915,30.0,2026-04-19 15:19:44,35.0,0.13214285714285715,0.22099999999999997,0.0,33.0,0.699999988079071,0.8721744418144226,30.0,2026-04-19 15:19:45,32.0,0.12906250000000002,0.20719999999999994,0.0,30.0,2.0,0.0,0.0,0.0,1.0,0.19,0.19,0.0,,,,,,,,,,,,,,,,,,
variant:RN_PLAIN_NoFOG:attempt:26:round:2,RN_PLAIN_NoFOG,RN,PLAIN,NoFOG,26,2,2026-04-19 15:20:29,1.0,0.081936,0.290986,0.295332,0.55419,0.427934,1.0,0.0614828653633594,30.0,2026-04-19 15:20:28,30.0,0.13536666666666666,0.3067999999999996,0.0,27.0,1.0,0.1023884117603302,30.0,2026-04-19 15:20:29,34.0,0.13355882352941179,0.3225499999999998,0.0,31.0,2.0,0.0,0.0,0.0,1.0,0.25,0.25,0.0,,,,,,,,,,,,,,,,,,
variant:RN_PLAIN_NoFOG:attempt:26:round:3,RN_PLAIN_NoFOG,RN,PLAIN,NoFOG,26,3,2026-04-19 15:21:18,0.966667,0.132803,0.294222,0.302766,0.563042,0.437553,0.9666666388511658,0.070593275129795,30.0,2026-04-19 15:21:18,33.0,0.13630303030303031,0.2855999999999998,0.0,30.0,0.9666666388511658,0.1950124651193618,30.0,2026-04-19 15:21:19,32.0,0.1481875,0.30869999999999986,0.0,29.0,2.0,0.0,0.0,0.0,1.0,0.185,0.185,0.0,,,,,,,,,,,,,,,,,,
variant:RN_PLAIN_NoFOG:attempt:26:round:4,RN_PLAIN_NoFOG,RN,PLAIN,NoFOG,26,4,2026-04-19 15:22:08,1.0,0.030354,0.295936,0.308704,0.568404,0.445789,1.0,0.0155278593301773,30.0,2026-04-19 15:22:08,33.0,0.12506060606060607,0.2939999999999998,0.0,30.0,1.0,0.0451804995536804,30.0,2026-04-19 15:22:08,34.0,0.12076470588235297,0.31014999999999976,0.0,31.0,2.0,0.0,0.0,0.0,1.0,0.164,0.164,0.0,,,,,,,,,,,,,,,,,,
variant:RN_PLAIN_NoFOG:attempt:26:round:5,RN_PLAIN_NoFOG,RN,PLAIN,NoFOG,26,5,2026-04-19 15:23:06,1.0,0.01632,0.297986,0.314193,0.573438,0.452459,1.0,0.0187551062554121,30.0,2026-04-19 15:23:06,33.0,0.1311212121212121,0.2961999999999998,0.0,30.0,1.0,0.0138847399502992,30.0,2026-04-19 15:23:04,33.0,0.156,0.2829999999999998,0.0,30.0,2.0,0.0,0.0,0.0,1.0,0.235,0.235,0.0,,,,,,,,,,,,,,,,,,
variant:RN_PLAIN_NoFOG:attempt:26:round:6,RN_PLAIN_NoFOG,RN,PLAIN,NoFOG,26,6,2026-04-19 15:23:58,0.916667,0.3034,0.296462,0.309053,0.576457,0.450126,0.9333333373069764,0.3327309787273407,30.0,2026-04-19 15:23:58,34.0,0.13461764705882356,0.2737999999999997,0.0,31.0,0.8999999761581421,0.2740689218044281,30.0,2026-04-19 15:23:58,32.0,0.1534375,0.2818499999999999,0.0,29.0,2.0,0.0,0.0,0.0,1.0,0.219,0.219,0.0,,,,,,,,,,,,,,,,,,
variant:RN_PLAIN_NoFOG:attempt:26:round:7,RN_PLAIN_NoFOG,RN,PLAIN,NoFOG,26,7,2026-04-19 15:24:48,0.85,0.471989,0.290159,0.291711,0.556385,0.44603,0.8999999761581421,0.4512186050415039,30.0,2026-04-19 15:24:48,33.0,0.14290909090909093,0.2799999999999998,0.0,30.0,0.800000011920929,0.492759108543396,30.0,2026-04-19 15:24:48,33.0,0.14075757575757575,0.30019999999999974,0.0,30.0,2.0,0.0,0.0,0.0,1.0,0.171,0.171,0.0,,,,,,,,,,,,,,,,,,
variant:RN_PLAIN_NoFOG:attempt:26:round:8,RN_PLAIN_NoFOG,RN,PLAIN,NoFOG,26,8,2026-04-19 15:25:38,0.833333,0.428277,0.287029,0.28484,0.546095,0.449807,0.800000011920929,0.4225383102893829,30.0,2026-04-19 15:25:38,33.0,0.13851515151515154,0.2877999999999998,0.0,30.0,0.8666666746139526,0.4340160489082336,30.0,2026-04-19 15:25:38,33.0,0.15748484848484848,0.29039999999999977,0.0,30.0,2.0,0.0,0.0,0.0,1.0,0.226,0.226,0.0,,,,,,,,,,,,,,,,,,
variant:RN_PLAIN_NoFOG:attempt:26:round:9,RN_PLAIN_NoFOG,RN,PLAIN,NoFOG,26,9,2026-04-19 15:26:28,0.85,0.362684,0.285886,0.277379,0.543296,0.455013,0.8999999761581421,0.347266674041748,30.0,2026-04-19 15:26:28,33.0,0.14312121212121215,0.2823999999999998,0.0,30.0,0.800000011920929,0.3781009018421173,30.0,2026-04-19 15:26:29,33.0,0.15706060606060607,0.2801999999999998,0.0,30.0,2.0,0.0,0.0,0.0,1.0,0.234,0.234,0.0,,,,,,,,,,,,,,,,,,
variant:RN_PLAIN_NoFOG:attempt:26:round:10,RN_PLAIN_NoFOG,RN,PLAIN,NoFOG,26,10,2026-04-19 15:27:18,0.833333,0.369357,0.288554,0.275489,0.542096,0.456819,0.8666666746139526,0.3261821866035461,30.0,2026-04-19 15:27:18,33.0,0.13760606060606062,0.2811999999999998,0.0,30.0,0.800000011920929,0.4125317335128784,30.0,2026-04-19 15:27:19,33.0,0.1448484848484849,0.2817999999999997,0.0,30.0,2.0,0.0,0.0,0.0,1.0,0.174,0.174,0.0,,,,,,,,,,,,,,,,,,
variant:RN_PLAIN_NoFOG:attempt:26:round:11,RN_PLAIN_NoFOG,RN,PLAIN,NoFOG,26,11,2026-04-19 15:28:09,0.883333,0.290704,0.290031,0.277244,0.540828,0.455745,0.8666666746139526,0.3255743086338043,30.0,2026-04-19 15:28:08,32.0,0.14068750000000002,0.2786999999999999,0.0,29.0,0.8999999761581421,0.2558338344097137,30.0,2026-04-19 15:28:08,34.0,0.15235294117647058,0.2717999999999997,0.0,31.0,2.0,0.0,0.0,0.0,1.0,0.224,0.224,0.0,,,,,,,,,,,,,,,,,,
variant:RN_PLAIN_NoFOG:attempt:26:round:12,RN_PLAIN_NoFOG,RN,PLAIN,NoFOG,26,12,2026-04-19 15:28:58,0.816667,0.434558,0.29051,0.278623,0.53784,0.456732,0.7666666507720947,0.5770820379257202,30.0,2026-04-19 15:28:58,34.0,0.1246176470588235,0.2801999999999996,0.0,31.0,0.8666666746139526,0.2920345067977905,30.0,2026-04-19 15:28:58,32.0,0.14459375,0.2932999999999999,0.0,29.0,2.0,0.0,0.0,0.0,1.0,0.186,0.186,0.0,,,,,,,,,,,,,,,,,,
variant:RN_PLAIN_NoFOG:attempt:26:round:13,RN_PLAIN_NoFOG,RN,PLAIN,NoFOG,26,13,2026-04-19 15:29:48,0.916667,0.172313,0.287966,0.275924,0.532309,0.460282,0.8999999761581421,0.1917694360017776,30.0,2026-04-19 15:29:48,33.0,0.1464242424242424,0.28879999999999983,0.0,30.0,0.9333333373069764,0.1528559327125549,30.0,2026-04-19 15:29:48,33.0,0.13518181818181815,0.28179999999999983,0.0,30.0,2.0,0.0,0.0,0.0,1.0,0.223,0.223,0.0,,,,,,,,,,,,,,,,,,
variant:RN_PLAIN_NoFOG:attempt:26:round:14,RN_PLAIN_NoFOG,RN,PLAIN,NoFOG,26,14,2026-04-19 15:30:39,0.916667,0.171206,0.288209,0.27701,0.529432,0.462487,0.8666666746139526,0.247550755739212,30.0,2026-04-19 15:30:39,33.0,0.12842424242424244,0.2809999999999998,0.0,30.0,0.9666666388511658,0.0948609411716461,30.0,2026-04-19 15:30:39,33.0,0.12845454545454546,0.2727999999999998,0.0,30.0,2.0,0.0,0.0,0.0,1.0,0.222,0.222,0.0,,,,,,,,,,,,,,,,,,
variant:RN_PLAIN_NoFOG:attempt:26:round:15,RN_PLAIN_NoFOG,RN,PLAIN,NoFOG,26,15,2026-04-19 15:31:28,0.866667,0.374654,0.28828,0.275674,0.528411,0.464434,0.8999999761581421,0.356250137090683,30.0,2026-04-19 15:31:28,33.0,0.1378181818181818,0.3149999999999999,0.0,30.0,0.8333333134651184,0.3930582702159881,30.0,2026-04-19 15:31:28,33.0,0.1423939393939394,0.28639999999999977,0.0,30.0,2.0,0.0,0.0,0.0,1.0,0.207,0.207,0.0,,,,,,,,,,,,,,,,,,
variant:RN_PLAIN_NoFOG:attempt:26:round:16,RN_PLAIN_NoFOG,RN,PLAIN,NoFOG,26,16,2026-04-19 15:32:18,0.95,0.168555,0.28715,0.275307,0.528888,0.463423,0.8999999761581421,0.2941484749317169,30.0,2026-04-19 15:32:18,33.0,0.14033333333333334,0.2991999999999998,0.0,30.0,1.0,0.042961087077856,30.0,2026-04-19 15:32:18,33.0,0.1452121212121212,0.2787999999999998,0.0,30.0,2.0,0.0,0.0,0.0,1.0,0.227,0.227,0.0,,,,,,,,,,,,,,,,,,
variant:RN_PLAIN_NoFOG:attempt:26:round:17,RN_PLAIN_NoFOG,RN,PLAIN,NoFOG,26,17,2026-04-19 15:33:09,0.916667,0.192884,0.288627,0.273924,0.533576,0.465087,0.8999999761581421,0.2730675041675567,30.0,2026-04-19 15:33:08,33.0,0.13878787878787882,0.28819999999999985,0.0,30.0,0.9333333373069764,0.1127006560564041,30.0,2026-04-19 15:33:09,33.0,0.1636969696969697,0.2797999999999998,0.0,30.0,2.0,0.0,0.0,0.0,1.0,0.18,0.18,0.0,,,,,,,,,,,,,,,,,,
variant:RN_PLAIN_NoFOG:attempt:26:round:18,RN_PLAIN_NoFOG,RN,PLAIN,NoFOG,26,18,2026-04-19 15:33:59,0.95,0.182601,0.290971,0.275415,0.539515,0.46993,0.9333333373069764,0.1698959320783615,30.0,2026-04-19 15:33:59,32.0,0.13828125000000002,0.32839999999999997,0.0,29.0,0.9666666388511658,0.1953054815530777,30.0,2026-04-19 15:33:58,34.0,0.158,0.29294999999999977,0.0,31.0,2.0,0.0,0.0,0.0,1.0,0.225,0.225,0.0,,,,,,,,,,,,,,,,,,
variant:RN_PLAIN_NoFOG:attempt:26:round:19,RN_PLAIN_NoFOG,RN,PLAIN,NoFOG,26,19,2026-04-19 15:34:48,0.9,0.293083,0.288934,0.269958,0.537869,0.470677,0.8999999761581421,0.3763254582881927,30.0,2026-04-19 15:34:49,33.0,0.347969696969697,0.4017999999999997,0.0,30.0,0.8999999761581421,0.2098397314548492,30.0,2026-04-19 15:34:48,33.0,0.1586969696969697,0.2811999999999998,0.0,30.0,2.0,0.0,0.0,0.0,1.0,0.187,0.187,0.0,,,,,,,,,,,,,,,,,,
variant:RN_PLAIN_NoFOG:attempt:26:round:20,RN_PLAIN_NoFOG,RN,PLAIN,NoFOG,26,20,2026-04-19 15:35:38,0.933333,0.139039,0.286811,0.267901,0.539345,0.464875,0.8999999761581421,0.2178910672664642,30.0,2026-04-19 15:35:38,34.0,0.12108823529411765,0.29689999999999955,0.0,31.0,0.9666666388511658,0.0601866096258163,30.0,2026-04-19 15:35:39,32.0,0.14653125,0.2827499999999999,0.0,29.0,2.0,0.0,0.0,0.0,1.0,0.172,0.172,0.0,,,,,,,,,,,,,,,,,,
variant:RN_PLAIN_NoFOG:attempt:27:round:1,RN_PLAIN_NoFOG,RN,PLAIN,NoFOG,27,1,2026-04-19 15:38:15,0.683333,0.630181,0.287673,0.290824,0.540697,0.410966,0.7333333492279053,0.650012195110321,30.0,2026-04-19 15:38:15,32.0,0.13546875,0.20229999999999992,0.0,30.0,0.6333333253860474,0.6103499531745911,30.0,2026-04-19 15:38:15,36.0,0.14702777777777779,0.23525000000000001,0.0,34.0,2.0,0.0,0.0,0.0,1.0,0.22,0.22,0.0,,,,,,,,,,,,,,,,,,
variant:RN_PLAIN_NoFOG:attempt:27:round:2,RN_PLAIN_NoFOG,RN,PLAIN,NoFOG,27,2,2026-04-19 15:38:59,0.966667,0.089041,0.291268,0.29528,0.556032,0.428113,0.9333333373069764,0.1015645042061805,30.0,2026-04-19 15:38:59,33.0,0.12606060606060607,0.32399999999999984,0.0,30.0,1.0,0.0765174776315689,30.0,2026-04-19 15:38:59,30.0,0.15639999999999998,0.3145499999999996,0.0,27.0,2.0,0.0,0.0,0.0,1.0,0.223,0.223,0.0,,,,,,,,,,,,,,,,,,
variant:RN_PLAIN_NoFOG:attempt:27:round:3,RN_PLAIN_NoFOG,RN,PLAIN,NoFOG,27,3,2026-04-19 15:39:49,0.966667,0.095561,0.295254,0.304556,0.56517,0.444222,1.0,0.0344692803919315,30.0,2026-04-19 15:39:49,33.0,0.14381818181818184,0.3587999999999999,0.0,30.0,0.9333333373069764,0.1566520780324936,30.0,2026-04-19 15:39:49,33.0,0.14812121212121215,0.2779999999999998,0.0,30.0,2.0,0.0,0.0,0.0,1.0,0.194,0.194,0.0,,,,,,,,,,,,,,,,,,
variant:RN_PLAIN_NoFOG:attempt:27:round:4,RN_PLAIN_NoFOG,RN,PLAIN,NoFOG,27,4,2026-04-19 15:40:39,1.0,0.016891,0.297115,0.310308,0.570798,0.452084,1.0,0.0148513037711381,30.0,2026-04-19 15:40:39,33.0,0.14360606060606063,0.31179999999999974,0.0,30.0,1.0,0.0189312640577554,30.0,2026-04-19 15:40:39,33.0,0.137969696969697,0.2823999999999998,0.0,30.0,2.0,0.0,0.0,0.0,1.0,0.204,0.204,0.0,,,,,,,,,,,,,,,,,,
variant:RN_PLAIN_NoFOG:attempt:27:round:5,RN_PLAIN_NoFOG,RN,PLAIN,NoFOG,27,5,2026-04-19 15:41:33,1.0,0.0184,0.298937,0.313519,0.575408,0.457117,1.0,0.0126074701547622,30.0,2026-04-19 15:41:33,33.0,0.15154545454545457,0.3711999999999999,0.0,30.0,1.0,0.0241934396326541,30.0,2026-04-19 15:41:29,35.0,0.1622857142857143,0.38039999999999974,0.0,32.0,2.0,0.0,0.0,0.0,1.0,0.197,0.197,0.0,,,,,,,,,,,,,,,,,,
variant:RN_PLAIN_NoFOG:attempt:27:round:6,RN_PLAIN_NoFOG,RN,PLAIN,NoFOG,27,6,2026-04-19 15:42:28,0.866667,0.318298,0.295839,0.305602,0.571455,0.448254,0.8333333134651184,0.4158031344413757,30.0,2026-04-19 15:42:28,33.0,0.14257575757575758,0.34179999999999977,0.0,30.0,0.8999999761581421,0.2207928150892257,30.0,2026-04-19 15:42:28,31.0,0.1842903225806452,0.377,0.0,28.0,2.0,0.0,0.0,0.0,1.0,0.827,0.827,0.0,,,,,,,,,,,,,,,,,,
variant:RN_PLAIN_NoFOG:attempt:27:round:7,RN_PLAIN_NoFOG,RN,PLAIN,NoFOG,27,7,2026-04-19 15:43:18,0.766667,0.515389,0.292638,0.296585,0.565454,0.446453,0.7333333492279053,0.4775247573852539,30.0,2026-04-19 15:43:18,33.0,0.147030303030303,0.31439999999999974,0.0,30.0,0.800000011920929,0.5532532930374146,30.0,2026-04-19 15:43:18,32.0,0.15221874999999999,0.3223499999999999,0.0,29.0,2.0,0.0,0.0,0.0,1.0,0.145,0.145,0.0,,,,,,,,,,,,,,,,,,
variant:RN_PLAIN_NoFOG:attempt:27:round:8,RN_PLAIN_NoFOG,RN,PLAIN,NoFOG,27,8,2026-04-19 15:44:08,0.8,0.319617,0.28948,0.285607,0.543354,0.449128,0.8333333134651184,0.2624834477901459,30.0,2026-04-19 15:44:09,33.0,0.145030303030303,0.29759999999999986,0.0,30.0,0.7666666507720947,0.3767512738704681,30.0,2026-04-19 15:44:08,34.0,0.15694117647058825,0.29249999999999965,0.0,31.0,2.0,0.0,0.0,0.0,1.0,0.185,0.185,0.0,,,,,,,,,,,,,,,,,,
variant:RN_PLAIN_NoFOG:attempt:27:round:9,RN_PLAIN_NoFOG,RN,PLAIN,NoFOG,27,9,2026-04-19 15:44:58,0.783333,0.423149,0.287674,0.281729,0.538023,0.450426,0.699999988079071,0.503560483455658,30.0,2026-04-19 15:44:58,33.0,0.1445151515151515,0.29859999999999987,0.0,30.0,0.8666666746139526,0.3427375257015228,30.0,2026-04-19 15:44:58,32.0,0.166625,0.3287999999999999,0.0,29.0,2.0,0.0,0.0,0.0,1.0,0.251,0.251,0.0,,,,,,,,,,,,,,,,,,
variant:RN_PLAIN_NoFOG:attempt:27:round:10,RN_PLAIN_NoFOG,RN,PLAIN,NoFOG,27,10,2026-04-19 15:45:48,0.9,0.26049,0.287377,0.284795,0.53421,0.452426,0.9666666388511658,0.2010529935359954,30.0,2026-04-19 15:45:48,33.0,0.14124242424242422,0.3303999999999997,0.0,30.0,0.8333333134651184,0.3199272453784942,30.0,2026-04-19 15:45:49,33.0,0.1402121212121212,0.33239999999999986,0.0,30.0,2.0,0.0,0.0,0.0,1.0,0.166,0.166,0.0,,,,,,,,,,,,,,,,,,
variant:RN_PLAIN_NoFOG:attempt:27:round:11,RN_PLAIN_NoFOG,RN,PLAIN,NoFOG,27,11,2026-04-19 15:46:38,0.9,0.272431,0.288829,0.289779,0.535455,0.458211,0.9333333373069764,0.2499269545078277,30.0,2026-04-19 15:46:38,33.0,0.13106060606060607,0.29759999999999986,0.0,30.0,0.8666666746139526,0.2949348390102386,30.0,2026-04-19 15:46:38,33.0,0.1566666666666667,0.2837999999999998,0.0,30.0,2.0,0.0,0.0,0.0,1.0,0.19,0.19,0.0,,,,,,,,,,,,,,,,,,
variant:RN_PLAIN_NoFOG:attempt:27:round:12,RN_PLAIN_NoFOG,RN,PLAIN,NoFOG,27,12,2026-04-19 15:47:28,0.833333,0.318351,0.288844,0.289988,0.532432,0.464309,0.8999999761581421,0.2364537566900253,30.0,2026-04-19 15:47:28,33.0,0.13599999999999998,0.32299999999999984,0.0,30.0,0.7666666507720947,0.4002487957477569,30.0,2026-04-19 15:47:28,34.0,0.15029411764705883,0.2836999999999997,0.0,31.0,2.0,0.0,0.0,0.0,1.0,0.262,0.262,0.0,,,,,,,,,,,,,,,,,,
variant:RN_PLAIN_NoFOG:attempt:27:round:13,RN_PLAIN_NoFOG,RN,PLAIN,NoFOG,27,13,2026-04-19 15:48:18,0.9,0.259849,0.288782,0.285434,0.530693,0.468659,1.0,0.1018395945429802,30.0,2026-04-19 15:48:18,33.0,0.1305757575757576,0.2951999999999998,0.0,30.0,0.800000011920929,0.4178581833839416,30.0,2026-04-19 15:48:19,32.0,0.15281250000000002,0.2963999999999999,0.0,29.0,2.0,0.0,0.0,0.0,1.0,0.191,0.191,0.0,,,,,,,,,,,,,,,,,,
variant:RN_PLAIN_NoFOG:attempt:27:round:14,RN_PLAIN_NoFOG,RN,PLAIN,NoFOG,27,14,2026-04-19 15:49:08,0.933333,0.169007,0.288523,0.287637,0.527465,0.475845,0.9666666388511658,0.1357665508985519,30.0,2026-04-19 15:49:08,33.0,0.15490909090909089,0.2793999999999998,0.0,30.0,0.8999999761581421,0.2022469639778137,30.0,2026-04-19 15:49:09,33.0,0.17303030303030303,0.41879999999999984,0.0,30.0,2.0,0.0,0.0,0.0,1.0,0.245,0.245,0.0,,,,,,,,,,,,,,,,,,
variant:RN_PLAIN_NoFOG:attempt:27:round:15,RN_PLAIN_NoFOG,RN,PLAIN,NoFOG,27,15,2026-04-19 15:49:58,0.95,0.129434,0.288747,0.294346,0.524197,0.482224,1.0,0.0337261147797107,30.0,2026-04-19 15:49:58,33.0,0.15303030303030302,0.29919999999999985,0.0,30.0,0.8999999761581421,0.2251419425010681,30.0,2026-04-19 15:49:59,33.0,0.16990909090909093,0.2845999999999998,0.0,30.0,2.0,0.0,0.0,0.0,1.0,0.2,0.2,0.0,,,,,,,,,,,,,,,,,,
variant:RN_PLAIN_NoFOG:attempt:27:round:16,RN_PLAIN_NoFOG,RN,PLAIN,NoFOG,27,16,2026-04-19 15:50:48,0.916667,0.198713,0.288563,0.291991,0.526317,0.477313,0.8666666746139526,0.3240525424480438,30.0,2026-04-19 15:50:49,33.0,0.14045454545454547,0.31379999999999986,0.0,30.0,0.9666666388511658,0.0733730494976043,30.0,2026-04-19 15:50:49,33.0,0.15687878787878787,0.2853999999999998,0.0,30.0,2.0,0.0,0.0,0.0,1.0,0.24,0.24,0.0,,,,,,,,,,,,,,,,,,
variant:RN_PLAIN_NoFOG:attempt:27:round:17,RN_PLAIN_NoFOG,RN,PLAIN,NoFOG,27,17,2026-04-19 15:51:39,0.916667,0.170955,0.288277,0.285676,0.524375,0.47885,0.8999999761581421,0.1747436672449112,30.0,2026-04-19 15:51:38,33.0,0.15030303030303033,0.2835999999999998,0.0,30.0,0.9333333373069764,0.167166456580162,30.0,2026-04-19 15:51:39,33.0,0.15563636363636363,0.32659999999999995,0.0,30.0,2.0,0.0,0.0,0.0,1.0,0.222,0.222,0.0,,,,,,,,,,,,,,,,,,
variant:RN_PLAIN_NoFOG:attempt:27:round:18,RN_PLAIN_NoFOG,RN,PLAIN,NoFOG,27,18,2026-04-19 15:52:29,0.866667,0.34158,0.28983,0.283457,0.531835,0.483381,0.8999999761581421,0.2114536613225937,30.0,2026-04-19 15:52:29,33.0,0.1535757575757576,0.32659999999999995,0.0,30.0,0.8333333134651184,0.4717053771018982,30.0,2026-04-19 15:52:28,34.0,0.1636470588235294,0.3047499999999996,0.0,31.0,2.0,0.0,0.0,0.0,1.0,0.163,0.163,0.0,,,,,,,,,,,,,,,,,,
variant:RN_PLAIN_NoFOG:attempt:27:round:19,RN_PLAIN_NoFOG,RN,PLAIN,NoFOG,27,19,2026-04-19 15:53:18,0.983333,0.109146,0.290836,0.288668,0.531313,0.483059,1.0,0.0835784450173378,30.0,2026-04-19 15:53:18,33.0,0.13984848484848483,0.3543999999999998,0.0,30.0,0.9666666388511658,0.1347129940986633,30.0,2026-04-19 15:53:19,32.0,0.14806249999999999,0.3198499999999999,0.0,29.0,2.0,0.0,0.0,0.0,1.0,0.198,0.198,0.0,,,,,,,,,,,,,,,,,,
variant:RN_PLAIN_NoFOG:attempt:27:round:20,RN_PLAIN_NoFOG,RN,PLAIN,NoFOG,27,20,2026-04-19 15:54:08,0.933333,0.147609,0.291088,0.291228,0.531008,0.485566,0.9333333373069764,0.1299424320459365,30.0,2026-04-19 15:54:08,33.0,0.14296969696969697,0.2813999999999998,0.0,30.0,0.9333333373069764,0.1652759760618209,30.0,2026-04-19 15:54:08,33.0,0.15172727272727274,0.28499999999999975,0.0,30.0,2.0,0.0,0.0,0.0,1.0,0.219,0.219,0.0,,,,,,,,,,,,,,,,,,
variant:RN_PLAIN_NoFOG:attempt:28:round:1,RN_PLAIN_NoFOG,RN,PLAIN,NoFOG,28,1,2026-04-19 15:58:10,0.666667,0.8185,0.288918,0.290733,0.538924,0.412049,0.6666666865348816,0.8748396039009094,30.0,2026-04-19 15:58:09,36.0,0.12241666666666667,0.20550000000000002,0.0,34.0,0.6666666865348816,0.7621608972549438,30.0,2026-04-19 15:58:10,32.0,0.13046875000000002,0.20284999999999997,0.0,30.0,2.0,0.0,0.0,0.0,1.0,0.218,0.218,0.0,,,,,,,,,,,,,,,,,,
variant:RN_PLAIN_NoFOG:attempt:28:round:2,RN_PLAIN_NoFOG,RN,PLAIN,NoFOG,28,2,2026-04-19 15:58:53,0.983333,0.121277,0.292951,0.297015,0.553089,0.430574,0.9666666388511658,0.1189444884657859,30.0,2026-04-19 15:58:53,30.0,0.12566666666666668,0.3056999999999996,0.0,27.0,1.0,0.1236090660095214,30.0,2026-04-19 15:58:54,33.0,0.14006060606060605,0.32039999999999974,0.0,30.0,2.0,0.0,0.0,0.0,1.0,0.229,0.229,0.0,,,,,,,,,,,,,,,,,,
variant:RN_PLAIN_NoFOG:attempt:28:round:3,RN_PLAIN_NoFOG,RN,PLAIN,NoFOG,28,3,2026-04-19 15:59:44,1.0,0.037809,0.297449,0.305863,0.561105,0.444581,1.0,0.035151183605194,30.0,2026-04-19 15:59:43,33.0,0.14021212121212123,0.2799999999999998,0.0,30.0,1.0,0.0404660515487194,30.0,2026-04-19 15:59:44,33.0,0.13596969696969696,0.3053999999999998,0.0,30.0,2.0,0.0,0.0,0.0,1.0,0.185,0.185,0.0,,,,,,,,,,,,,,,,,,
variant:RN_PLAIN_NoFOG:attempt:28:round:4,RN_PLAIN_NoFOG,RN,PLAIN,NoFOG,28,4,2026-04-19 16:00:33,1.0,0.023274,0.300249,0.309945,0.566586,0.453878,1.0,0.0229670666158199,30.0,2026-04-19 16:00:33,33.0,0.13515151515151516,0.29919999999999974,0.0,30.0,1.0,0.0235809925943613,30.0,2026-04-19 16:00:34,33.0,0.14630303030303032,0.2871999999999998,0.0,30.0,2.0,0.0,0.0,0.0,1.0,0.215,0.215,0.0,,,,,,,,,,,,,,,,,,
variant:RN_PLAIN_NoFOG:attempt:28:round:5,RN_PLAIN_NoFOG,RN,PLAIN,NoFOG,28,5,2026-04-19 16:01:24,1.0,0.023609,0.301842,0.314022,0.570579,0.459421,1.0,0.0106383357197046,30.0,2026-04-19 16:01:23,33.0,0.13342424242424242,0.28239999999999976,0.0,30.0,1.0,0.0365797467529773,30.0,2026-04-19 16:01:24,33.0,0.14366666666666666,0.2931999999999998,0.0,30.0,2.0,0.0,0.0,0.0,1.0,0.229,0.229,0.0,,,,,,,,,,,,,,,,,,
variant:RN_PLAIN_NoFOG:attempt:28:round:6,RN_PLAIN_NoFOG,RN,PLAIN,NoFOG,28,6,2026-04-19 16:02:26,0.95,0.277456,0.299067,0.310643,0.56271,0.460319,0.9333333373069764,0.4709640145301819,30.0,2026-04-19 16:02:22,34.0,0.15182352941176475,0.4045999999999999,0.0,31.0,0.9666666388511658,0.0839479640126228,30.0,2026-04-19 16:02:25,33.0,0.1483030303030303,0.2851999999999998,0.0,30.0,2.0,0.0,0.0,0.0,1.0,0.217,0.217,0.0,,,,,,,,,,,,,,,,,,
variant:RN_PLAIN_NoFOG:attempt:28:round:7,RN_PLAIN_NoFOG,RN,PLAIN,NoFOG,28,7,2026-04-19 16:03:14,0.866667,0.477869,0.292645,0.29708,0.540684,0.456817,0.8999999761581421,0.4459083676338196,30.0,2026-04-19 16:03:12,32.0,0.15581250000000002,0.32089999999999985,0.0,29.0,0.8333333134651184,0.5098288059234619,30.0,2026-04-19 16:03:14,33.0,0.14666666666666667,0.2885999999999998,0.0,30.0,2.0,0.0,0.0,0.0,1.0,0.174,0.174,0.0,,,,,,,,,,,,,,,,,,
variant:RN_PLAIN_NoFOG:attempt:28:round:8,RN_PLAIN_NoFOG,RN,PLAIN,NoFOG,28,8,2026-04-19 16:04:04,0.916667,0.327921,0.291549,0.290944,0.537499,0.460063,0.9333333373069764,0.1972197145223617,30.0,2026-04-19 16:04:02,33.0,0.13863636363636364,0.2795999999999998,0.0,30.0,0.8999999761581421,0.4586228728294372,30.0,2026-04-19 16:04:04,33.0,0.14106060606060608,0.29759999999999975,0.0,30.0,2.0,0.0,0.0,0.0,1.0,0.213,0.213,0.0,,,,,,,,,,,,,,,,,,
variant:RN_PLAIN_NoFOG:attempt:28:round:9,RN_PLAIN_NoFOG,RN,PLAIN,NoFOG,28,9,2026-04-19 16:04:54,0.833333,0.38648,0.290198,0.283956,0.53186,0.463216,0.8333333134651184,0.2918393313884735,30.0,2026-04-19 16:04:52,33.0,0.15036363636363637,0.2873999999999998,0.0,30.0,0.8333333134651184,0.4811200201511383,30.0,2026-04-19 16:04:54,33.0,0.14590909090909093,0.29159999999999975,0.0,30.0,2.0,0.0,0.0,0.0,1.0,0.153,0.153,0.0,,,,,,,,,,,,,,,,,,
variant:RN_PLAIN_NoFOG:attempt:28:round:10,RN_PLAIN_NoFOG,RN,PLAIN,NoFOG,28,10,2026-04-19 16:05:43,0.85,0.34436,0.290015,0.281674,0.531533,0.466744,0.800000011920929,0.3542954623699188,30.0,2026-04-19 16:05:42,33.0,0.13015151515151516,0.2877999999999998,0.0,30.0,0.8999999761581421,0.3344241082668304,30.0,2026-04-19 16:05:44,33.0,0.15778787878787878,0.2851999999999998,0.0,30.0,2.0,0.0,0.0,0.0,1.0,0.221,0.221,0.0,,,,,,,,,,,,,,,,,,
variant:RN_PLAIN_NoFOG:attempt:28:round:11,RN_PLAIN_NoFOG,RN,PLAIN,NoFOG,28,11,2026-04-19 16:06:34,0.9,0.31594,0.290094,0.287398,0.530875,0.470287,0.9333333373069764,0.143556073307991,30.0,2026-04-19 16:06:32,33.0,0.1482121212121212,0.2819999999999998,0.0,30.0,0.8666666746139526,0.488324224948883,30.0,2026-04-19 16:06:34,33.0,0.14651515151515151,0.2875999999999998,0.0,30.0,2.0,0.0,0.0,0.0,1.0,0.132,0.132,0.0,,,,,,,,,,,,,,,,,,
variant:RN_PLAIN_NoFOG:attempt:28:round:12,RN_PLAIN_NoFOG,RN,PLAIN,NoFOG,28,12,2026-04-19 16:07:25,0.933333,0.198887,0.28982,0.278213,0.53459,0.471721,0.9333333373069764,0.1897144615650177,30.0,2026-04-19 16:07:22,34.0,0.13555882352941176,0.2711999999999997,0.0,31.0,0.9333333373069764,0.2080597281455993,30.0,2026-04-19 16:07:24,33.0,0.13696969696969696,0.2963999999999998,0.0,30.0,2.0,0.0,0.0,0.0,1.0,0.221,0.221,0.0,,,,,,,,,,,,,,,,,,
variant:RN_PLAIN_NoFOG:attempt:28:round:13,RN_PLAIN_NoFOG,RN,PLAIN,NoFOG,28,13,2026-04-19 16:08:14,0.9,0.184943,0.289703,0.2752,0.532405,0.476814,0.9333333373069764,0.1349115073680877,30.0,2026-04-19 16:08:12,32.0,0.14596874999999998,0.2947499999999999,0.0,29.0,0.8666666746139526,0.234973669052124,30.0,2026-04-19 16:08:14,33.0,0.11957575757575759,0.3085999999999999,0.0,30.0,2.0,0.0,0.0,0.0,1.0,0.213,0.213,0.0,,,,,,,,,,,,,,,,,,
variant:RN_PLAIN_NoFOG:attempt:28:round:14,RN_PLAIN_NoFOG,RN,PLAIN,NoFOG,28,14,2026-04-19 16:09:04,0.916667,0.257973,0.289308,0.276238,0.530476,0.482106,0.9333333373069764,0.2295389473438263,30.0,2026-04-19 16:09:02,33.0,0.1277878787878788,0.2761999999999998,0.0,30.0,0.8999999761581421,0.2864063084125519,30.0,2026-04-19 16:09:04,33.0,0.11200000000000002,0.3133999999999999,0.0,30.0,2.0,0.0,0.0,0.0,1.0,0.234,0.234,0.0,,,,,,,,,,,,,,,,,,
variant:RN_PLAIN_NoFOG:attempt:28:round:15,RN_PLAIN_NoFOG,RN,PLAIN,NoFOG,28,15,2026-04-19 16:09:54,0.933333,0.195114,0.288264,0.267324,0.531301,0.485548,0.8666666746139526,0.3374584019184112,30.0,2026-04-19 16:09:52,33.0,0.13875757575757577,0.28939999999999977,0.0,30.0,1.0,0.0527690462768077,30.0,2026-04-19 16:09:54,33.0,0.12136363636363635,0.3361999999999998,0.0,30.0,2.0,0.0,0.0,0.0,1.0,0.648,0.648,0.0,,,,,,,,,,,,,,,,,,
variant:RN_PLAIN_NoFOG:attempt:28:round:16,RN_PLAIN_NoFOG,RN,PLAIN,NoFOG,28,16,2026-04-19 16:10:44,0.866667,0.305902,0.288937,0.263992,0.534252,0.488802,0.7666666507720947,0.4885302782058716,30.0,2026-04-19 16:10:42,33.0,0.145030303030303,0.3075999999999998,0.0,30.0,0.9666666388511658,0.1232733055949211,30.0,2026-04-19 16:10:44,33.0,0.12651515151515152,0.3165999999999997,0.0,30.0,2.0,0.0,0.0,0.0,1.0,0.195,0.195,0.0,,,,,,,,,,,,,,,,,,
variant:RN_PLAIN_NoFOG:attempt:28:round:17,RN_PLAIN_NoFOG,RN,PLAIN,NoFOG,28,17,2026-04-19 16:11:34,0.966667,0.180884,0.289979,0.266411,0.538686,0.485811,0.9666666388511658,0.1918032169342041,30.0,2026-04-19 16:11:32,33.0,0.1456969696969697,0.28979999999999984,0.0,30.0,0.9666666388511658,0.1699645370244979,30.0,2026-04-19 16:11:34,33.0,0.1215151515151515,0.3669999999999998,0.0,30.0,2.0,0.0,0.0,0.0,1.0,0.244,0.244,0.0,,,,,,,,,,,,,,,,,,
variant:RN_PLAIN_NoFOG:attempt:28:round:18,RN_PLAIN_NoFOG,RN,PLAIN,NoFOG,28,18,2026-04-19 16:12:23,0.883333,0.312441,0.290216,0.26543,0.538765,0.486929,0.8666666746139526,0.2722495496273041,30.0,2026-04-19 16:12:22,33.0,0.13881818181818184,0.2789999999999998,0.0,30.0,0.8999999761581421,0.3526327013969421,30.0,2026-04-19 16:12:24,33.0,0.11812121212121211,0.32459999999999967,0.0,30.0,2.0,0.0,0.0,0.0,1.0,0.241,0.241,0.0,,,,,,,,,,,,,,,,,,
variant:RN_PLAIN_NoFOG:attempt:28:round:19,RN_PLAIN_NoFOG,RN,PLAIN,NoFOG,28,19,2026-04-19 16:13:14,0.883333,0.243187,0.28934,0.258997,0.538385,0.484684,0.8333333134651184,0.3492632806301117,30.0,2026-04-19 16:13:12,33.0,0.1406666666666667,0.29659999999999986,0.0,30.0,0.9333333373069764,0.1371102035045623,30.0,2026-04-19 16:13:14,33.0,0.1526060606060606,0.32739999999999986,0.0,30.0,2.0,0.0,0.0,0.0,1.0,0.207,0.207,0.0,,,,,,,,,,,,,,,,,,
variant:RN_PLAIN_NoFOG:attempt:28:round:20,RN_PLAIN_NoFOG,RN,PLAIN,NoFOG,28,20,2026-04-19 16:14:04,0.883333,0.23971,0.290094,0.255488,0.540711,0.487217,0.9333333373069764,0.1387835443019867,30.0,2026-04-19 16:14:02,33.0,0.12821212121212122,0.28239999999999976,0.0,30.0,0.8333333134651184,0.3406373858451843,30.0,2026-04-19 16:14:04,33.0,0.1462121212121212,0.2909999999999998,0.0,30.0,2.0,0.0,0.0,0.0,1.0,0.152,0.152,0.0,,,,,,,,,,,,,,,,,,
variant:RN_PLAIN_NoFOG:attempt:29:round:1,RN_PLAIN_NoFOG,RN,PLAIN,NoFOG,29,1,2026-04-19 16:21:22,0.6,1.134432,0.290767,0.298852,0.52534,0.376757,0.6333333253860474,1.3013054132461548,30.0,2026-04-19 16:21:22,32.0,0.13340625,0.2614499999999999,0.0,30.0,0.5666666626930237,0.9675589203834534,30.0,2026-04-19 16:21:21,36.0,0.13208333333333333,0.1955,0.0,34.0,2.0,0.0,0.0,0.0,1.0,0.191,0.191,0.0,,,,,,,,,,,,,,,,,,
variant:RN_PLAIN_NoFOG:attempt:29:round:2,RN_PLAIN_NoFOG,RN,PLAIN,NoFOG,29,2,2026-04-19 16:22:06,0.633333,0.868417,0.286595,0.296165,0.526291,0.373971,0.6000000238418579,0.9165041446685792,30.0,2026-04-19 16:22:06,33.0,0.13748484848484852,0.36359999999999987,0.0,30.0,0.6666666865348816,0.8203288912773132,30.0,2026-04-19 16:22:05,30.0,0.15246666666666667,0.3295999999999997,0.0,27.0,2.0,0.0,0.0,0.0,1.0,0.229,0.229,0.0,,,,,,,,,,,,,,,,,,
variant:RN_PLAIN_NoFOG:attempt:29:round:3,RN_PLAIN_NoFOG,RN,PLAIN,NoFOG,29,3,2026-04-19 16:22:56,0.766667,0.624042,0.285005,0.292442,0.512045,0.376758,0.8333333134651184,0.2998893857002258,30.0,2026-04-19 16:22:56,33.0,0.14572727272727273,0.35579999999999984,0.0,30.0,0.699999988079071,0.9481948614120485,30.0,2026-04-19 16:22:55,33.0,0.1583030303030303,0.2897999999999998,0.0,30.0,2.0,0.0,0.0,0.0,1.0,0.145,0.145,0.0,,,,,,,,,,,,,,,,,,
variant:RN_PLAIN_NoFOG:attempt:29:round:4,RN_PLAIN_NoFOG,RN,PLAIN,NoFOG,29,4,2026-04-19 16:23:46,0.866667,0.268145,0.286086,0.29609,0.506629,0.381412,0.9333333373069764,0.19371098279953,30.0,2026-04-19 16:23:47,33.0,0.14215151515151514,0.32799999999999985,0.0,30.0,0.800000011920929,0.3425790965557098,30.0,2026-04-19 16:23:45,33.0,0.14521212121212124,0.32599999999999985,0.0,30.0,2.0,0.0,0.0,0.0,1.0,0.235,0.235,0.0,,,,,,,,,,,,,,,,,,
variant:RN_PLAIN_NoFOG:attempt:29:round:5,RN_PLAIN_NoFOG,RN,PLAIN,NoFOG,29,5,2026-04-19 16:24:36,0.766667,0.48617,0.286916,0.299652,0.504912,0.387684,0.800000011920929,0.524971604347229,30.0,2026-04-19 16:24:36,33.0,0.13330303030303034,0.3305999999999998,0.0,30.0,0.7333333492279053,0.4473688900470733,30.0,2026-04-19 16:24:35,33.0,0.1523939393939394,0.3199999999999999,0.0,30.0,2.0,0.0,0.0,0.0,1.0,0.216,0.216,0.0,,,,,,,,,,,,,,,,,,
variant:RN_PLAIN_NoFOG:attempt:29:round:6,RN_PLAIN_NoFOG,RN,PLAIN,NoFOG,29,6,2026-04-19 16:25:26,0.916667,0.29396,0.286688,0.304439,0.505675,0.392237,0.9333333373069764,0.3084989190101623,30.0,2026-04-19 16:25:26,33.0,0.14554545454545453,0.3379999999999998,0.0,30.0,0.8999999761581421,0.2794202268123626,30.0,2026-04-19 16:25:25,33.0,0.1269090909090909,0.2889999999999998,0.0,30.0,2.0,0.0,0.0,0.0,1.0,0.177,0.177,0.0,,,,,,,,,,,,,,,,,,
variant:RN_PLAIN_NoFOG:attempt:29:round:7,RN_PLAIN_NoFOG,RN,PLAIN,NoFOG,29,7,2026-04-19 16:26:16,0.916667,0.204322,0.285704,0.301308,0.505578,0.39871,0.9333333373069764,0.1682877391576767,30.0,2026-04-19 16:26:16,33.0,0.14609090909090908,0.39659999999999995,0.0,30.0,0.8999999761581421,0.2403567433357238,30.0,2026-04-19 16:26:15,33.0,0.1657878787878788,0.3085999999999998,0.0,30.0,2.0,0.0,0.0,0.0,1.0,0.192,0.192,0.0,,,,,,,,,,,,,,,,,,
variant:RN_PLAIN_NoFOG:attempt:29:round:8,RN_PLAIN_NoFOG,RN,PLAIN,NoFOG,29,8,2026-04-19 16:27:06,0.916667,0.226785,0.28457,0.300785,0.505125,0.400457,0.8999999761581421,0.2355871051549911,30.0,2026-04-19 16:27:06,33.0,0.14145454545454547,0.34379999999999983,0.0,30.0,0.9333333373069764,0.217982605099678,30.0,2026-04-19 16:27:05,33.0,0.1603030303030303,0.3637999999999999,0.0,30.0,2.0,0.0,0.0,0.0,1.0,0.226,0.226,0.0,,,,,,,,,,,,,,,,,,
variant:RN_PLAIN_NoFOG:attempt:29:round:9,RN_PLAIN_NoFOG,RN,PLAIN,NoFOG,29,9,2026-04-19 16:27:56,0.916667,0.28295,0.284812,0.296766,0.501442,0.402611,0.9333333373069764,0.2984216511249542,30.0,2026-04-19 16:27:56,33.0,0.13566666666666669,0.3704,0.0,30.0,0.8999999761581421,0.2674774825572967,30.0,2026-04-19 16:27:55,33.0,0.15606060606060607,0.3828,0.0,30.0,2.0,0.0,0.0,0.0,1.0,0.193,0.193,0.0,,,,,,,,,,,,,,,,,,
variant:RN_PLAIN_NoFOG:attempt:29:round:10,RN_PLAIN_NoFOG,RN,PLAIN,NoFOG,29,10,2026-04-19 16:28:46,0.9,0.215595,0.283213,0.304424,0.500648,0.403329,0.8999999761581421,0.2881326079368591,30.0,2026-04-19 16:28:46,33.0,0.14775757575757575,0.3653999999999997,0.0,30.0,0.8999999761581421,0.1430569142103195,30.0,2026-04-19 16:28:45,33.0,0.15306060606060604,0.29019999999999985,0.0,30.0,2.0,0.0,0.0,0.0,1.0,0.174,0.174,0.0,,,,,,,,,,,,,,,,,,
variant:RN_PLAIN_NoFOG:attempt:29:round:11,RN_PLAIN_NoFOG,RN,PLAIN,NoFOG,29,11,2026-04-19 16:29:36,0.9,0.264573,0.283359,0.310855,0.502755,0.402174,0.8666666746139526,0.3269229829311371,30.0,2026-04-19 16:29:36,33.0,0.13993939393939395,0.3399999999999998,0.0,30.0,0.9333333373069764,0.2022222727537155,30.0,2026-04-19 16:29:35,33.0,0.14266666666666666,0.28439999999999976,0.0,30.0,2.0,0.0,0.0,0.0,1.0,0.142,0.142,0.0,,,,,,,,,,,,,,,,,,
variant:RN_PLAIN_NoFOG:attempt:29:round:12,RN_PLAIN_NoFOG,RN,PLAIN,NoFOG,29,12,2026-04-19 16:30:26,0.933333,0.247936,0.281584,0.302116,0.501562,0.406378,0.8666666746139526,0.3676022887229919,30.0,2026-04-19 16:30:26,33.0,0.14784848484848484,0.3003999999999997,0.0,30.0,1.0,0.128269761800766,30.0,2026-04-19 16:30:25,32.0,0.14150000000000001,0.2954999999999999,0.0,29.0,2.0,0.0,0.0,0.0,1.0,0.201,0.201,0.0,,,,,,,,,,,,,,,,,,
variant:RN_PLAIN_NoFOG:attempt:29:round:13,RN_PLAIN_NoFOG,RN,PLAIN,NoFOG,29,13,2026-04-19 16:31:16,0.916667,0.305767,0.280595,0.301795,0.498969,0.41166,0.8999999761581421,0.2818942964076996,30.0,2026-04-19 16:31:16,33.0,0.14118181818181816,0.3433999999999998,0.0,30.0,0.9333333373069764,0.3296397030353546,30.0,2026-04-19 16:31:15,34.0,0.1346470588235294,0.2642999999999997,0.0,31.0,2.0,0.0,0.0,0.0,1.0,0.197,0.197,0.0,,,,,,,,,,,,,,,,,,
variant:RN_PLAIN_NoFOG:attempt:29:round:14,RN_PLAIN_NoFOG,RN,PLAIN,NoFOG,29,14,2026-04-19 16:32:06,0.9,0.32321,0.281386,0.306499,0.500748,0.414651,0.800000011920929,0.5808821320533752,30.0,2026-04-19 16:32:06,33.0,0.12996969696969696,0.33099999999999974,0.0,30.0,1.0,0.0655378550291061,30.0,2026-04-19 16:32:05,33.0,0.13042424242424244,0.2669999999999998,0.0,30.0,2.0,0.0,0.0,0.0,1.0,0.171,0.171,0.0,,,,,,,,,,,,,,,,,,
variant:RN_PLAIN_NoFOG:attempt:29:round:15,RN_PLAIN_NoFOG,RN,PLAIN,NoFOG,29,15,2026-04-19 16:32:56,0.85,0.437651,0.283204,0.305206,0.504253,0.415086,0.800000011920929,0.5217865109443665,30.0,2026-04-19 16:32:56,33.0,0.14339393939393943,0.31419999999999987,0.0,30.0,0.8999999761581421,0.3535162508487701,30.0,2026-04-19 16:32:55,33.0,0.13784848484848483,0.2701999999999998,0.0,30.0,2.0,0.0,0.0,0.0,1.0,0.141,0.141,0.0,,,,,,,,,,,,,,,,,,
variant:RN_PLAIN_NoFOG:attempt:29:round:16,RN_PLAIN_NoFOG,RN,PLAIN,NoFOG,29,16,2026-04-19 16:33:46,0.883333,0.294853,0.283534,0.301108,0.507193,0.416808,0.8666666746139526,0.1710671633481979,30.0,2026-04-19 16:33:46,33.0,0.1473030303030303,0.44980000000000003,0.0,30.0,0.8999999761581421,0.4186382293701172,30.0,2026-04-19 16:33:45,33.0,0.15039393939393936,0.36,0.0,30.0,2.0,0.0,0.0,0.0,1.0,0.122,0.122,0.0,,,,,,,,,,,,,,,,,,
variant:RN_PLAIN_NoFOG:attempt:29:round:17,RN_PLAIN_NoFOG,RN,PLAIN,NoFOG,29,17,2026-04-19 16:34:36,0.983333,0.10292,0.281531,0.303784,0.501595,0.421262,1.0,0.1186286285519599,30.0,2026-04-19 16:34:36,33.0,0.1509090909090909,0.35319999999999985,0.0,30.0,0.9666666388511658,0.0872103944420814,30.0,2026-04-19 16:34:35,33.0,0.14045454545454544,0.28279999999999983,0.0,30.0,2.0,0.0,0.0,0.0,1.0,0.118,0.118,0.0,,,,,,,,,,,,,,,,,,
variant:RN_PLAIN_NoFOG:attempt:29:round:18,RN_PLAIN_NoFOG,RN,PLAIN,NoFOG,29,18,2026-04-19 16:35:26,0.95,0.115563,0.280468,0.309989,0.49914,0.421968,1.0,0.041761290282011,30.0,2026-04-19 16:35:26,33.0,0.1380909090909091,0.3547999999999999,0.0,30.0,0.8999999761581421,0.1893649399280548,30.0,2026-04-19 16:35:25,33.0,0.1307878787878788,0.28139999999999976,0.0,30.0,2.0,0.0,0.0,0.0,1.0,0.128,0.128,0.0,,,,,,,,,,,,,,,,,,
variant:RN_PLAIN_NoFOG:attempt:29:round:19,RN_PLAIN_NoFOG,RN,PLAIN,NoFOG,29,19,2026-04-19 16:36:16,0.95,0.130069,0.28038,0.314265,0.500018,0.423328,0.9333333373069764,0.147371307015419,30.0,2026-04-19 16:36:16,33.0,0.14309090909090907,0.29979999999999973,0.0,30.0,0.9666666388511658,0.1127675920724868,30.0,2026-04-19 16:36:15,33.0,0.13496969696969696,0.29819999999999985,0.0,30.0,2.0,0.0,0.0,0.0,1.0,0.158,0.158,0.0,,,,,,,,,,,,,,,,,,
variant:RN_PLAIN_NoFOG:attempt:29:round:20,RN_PLAIN_NoFOG,RN,PLAIN,NoFOG,29,20,2026-04-19 16:37:07,0.933333,0.176987,0.28113,0.31298,0.506988,0.421883,0.9333333373069764,0.1861491501331329,30.0,2026-04-19 16:37:07,33.0,0.13296969696969696,0.31479999999999986,0.0,30.0,0.9333333373069764,0.1678253561258316,30.0,2026-04-19 16:37:06,32.0,0.13124999999999998,0.24594999999999984,0.0,30.0,2.0,0.0,0.0,0.0,1.0,0.239,0.239,0.0,,,,,,,,,,,,,,,,,,
