variant,model,security,topology,attempt_id,source_scope,device_suffix,channel,operation,events,avg_ms,median_ms,p95_ms,max_ms,avg_pt_bytes,avg_enc_bytes,avg_overhead_bytes,avg_overhead_ratio_pct,avg_expansion_ratio
CNN_ASCON_FOG,CNN,ASCON,FOG,2,gateway_transport,gateway_A,ESP32->RPi,decrypt,602.0,2.323858803986711,1.4905,4.429049999999998,5.741,114.72259136212625,231.15282392026577,116.43023255813954,101.8807565002207,2.018807565002207
CNN_ASCON_FOG,CNN,ASCON,FOG,2,gateway_transport,gateway_B,ESP32->RPi,decrypt,601.0,2.6052129783693845,1.623,4.397,7.508,115.28951747088186,231.87520798668885,116.58569051580699,101.41039159746889,2.0141039159746894
CNN_ASCON_FOG,CNN,ASCON,FOG,2,gateway_transport,gateway_A,PC->RPi,decrypt,20.0,34.379799999999996,33.7765,38.2629,44.512,3574.35,4849.2,1274.85,35.66664164994296,1.3566664164994295
CNN_ASCON_FOG,CNN,ASCON,FOG,2,gateway_transport,gateway_A,RPi->ESP32,encrypt,20.0,34.36615,33.908500000000004,37.99355,40.018,3574.35,4849.2,1274.85,35.66664164994296,1.3566664164994295
CNN_ASCON_FOG,CNN,ASCON,FOG,2,gateway_transport,gateway_B,RPi->ESP32,encrypt,20.0,35.2881,33.829499999999996,39.35675000000001,54.666,3574.35,4849.2,1274.85,35.66664164994296,1.3566664164994295
CNN_ASCON_FOG,CNN,ASCON,FOG,2,gateway_transport,gateway_A,RPi->PC,encrypt,20.0,36.34295,36.0015,41.08055,41.129,3689.2,5002.2,1313.0,35.590377091964754,1.3559037709196475
CNN_ASCON_FOG,CNN,ASCON,FOG,2,gateway_transport,gateway_B,RPi_leader->RPi_peer,decrypt,20.0,37.14489999999999,34.105999999999995,43.59095000000004,91.394,3574.35,4849.2,1274.85,35.66664164994296,1.3566664164994295
CNN_ASCON_FOG,CNN,ASCON,FOG,2,gateway_transport,gateway_A,RPi_leader->RPi_peer,encrypt,20.0,35.472449999999995,35.0295,39.230450000000005,45.281,3574.35,4849.2,1274.85,35.66664164994296,1.3566664164994295
CNN_ASCON_FOG,CNN,ASCON,FOG,2,gateway_transport,gateway_A,RPi_peer->RPi_leader,decrypt,20.0,38.66590000000001,36.7665,52.8995,53.099,3672.6,4980.2,1307.6,35.60424374612977,1.3560424374612974
CNN_ASCON_FOG,CNN,ASCON,FOG,2,gateway_transport,gateway_B,RPi_peer->RPi_leader,encrypt,20.0,36.290200000000006,36.6455,38.99935000000001,39.766,3672.6,4980.2,1307.6,35.60424374612977,1.3560424374612974
CNN_ASCON_FOG,CNN,ASCON,FOG,2,server_transport,Asus,PC->RPi,encrypt,20.0,18.2152,12.6045,52.15450000000001,70.955,3574.35,4849.2,1274.85,35.66664164994296,1.3566664164994295
CNN_ASCON_FOG,CNN,ASCON,FOG,2,server_transport,Asus,RPi->PC,decrypt,20.0,18.8583,11.411999999999999,52.86210000000001,66.525,3689.2,5018.2,1329.0,36.02408166836684,1.3602408166836686
CNN_ASCON_FOG,CNN,ASCON,FOG,3,gateway_transport,gateway_A,ESP32->RPi,decrypt,600.0,2.4783816666666665,1.5175,4.5181,6.175,115.23833333333333,231.84,116.60166666666667,101.49793964867638,2.0149793964867637
CNN_ASCON_FOG,CNN,ASCON,FOG,3,gateway_transport,gateway_B,ESP32->RPi,decrypt,602.0,2.95346511627907,3.605,4.5629,6.006,114.86544850498339,231.3654485049834,116.5,101.73738077600444,2.0173738077600443
CNN_ASCON_FOG,CNN,ASCON,FOG,3,gateway_transport,gateway_A,PC->RPi,decrypt,20.0,34.82000000000001,35.2245,38.6114,38.771,3566.3,4838.2,1271.9,35.664496441730456,1.3566449644173044
CNN_ASCON_FOG,CNN,ASCON,FOG,3,gateway_transport,gateway_A,RPi->ESP32,encrypt,20.0,33.972449999999995,33.838,36.5648,38.252,3566.3,4838.2,1271.9,35.664496441730456,1.3566449644173044
CNN_ASCON_FOG,CNN,ASCON,FOG,3,gateway_transport,gateway_B,RPi->ESP32,encrypt,20.0,37.17209999999999,34.7625,41.19130000000003,79.52,3566.3,4838.2,1271.9,35.664496441730456,1.3566449644173044
CNN_ASCON_FOG,CNN,ASCON,FOG,3,gateway_transport,gateway_A,RPi->PC,encrypt,20.0,37.8185,36.577,42.86365000000001,48.557,3683.25,4994.0,1310.75,35.58682586102258,1.355868258610226
CNN_ASCON_FOG,CNN,ASCON,FOG,3,gateway_transport,gateway_B,RPi_leader->RPi_peer,decrypt,20.0,45.705149999999996,33.565,99.5907,100.003,3566.3,4838.2,1271.9,35.664496441730456,1.3566449644173044
CNN_ASCON_FOG,CNN,ASCON,FOG,3,gateway_transport,gateway_A,RPi_leader->RPi_peer,encrypt,20.0,35.0351,35.331,39.1331,39.648,3566.3,4838.2,1271.9,35.664496441730456,1.3566449644173044
CNN_ASCON_FOG,CNN,ASCON,FOG,3,gateway_transport,gateway_A,RPi_peer->RPi_leader,decrypt,20.0,38.069,37.412000000000006,43.61540000000001,49.019,3668.0,4974.4,1306.4,35.61615395269232,1.3561615395269233
CNN_ASCON_FOG,CNN,ASCON,FOG,3,gateway_transport,gateway_B,RPi_peer->RPi_leader,encrypt,20.0,37.52720000000001,36.971999999999994,41.8757,49.451,3668.0,4974.4,1306.4,35.61615395269232,1.3561615395269233
CNN_ASCON_FOG,CNN,ASCON,FOG,3,server_transport,Asus,PC->RPi,encrypt,20.0,12.5793,11.0545,20.49975,20.514,3566.3,4838.2,1271.9,35.664496441730456,1.3566449644173044
CNN_ASCON_FOG,CNN,ASCON,FOG,3,server_transport,Asus,RPi->PC,decrypt,20.0,13.9329,12.1475,24.199400000000004,27.589,3683.25,5010.0,1326.75,36.02123171353792,1.3602123171353793
CNN_ASCON_FOG,CNN,ASCON,FOG,4,gateway_transport,gateway_A,ESP32->RPi,decrypt,601.0,2.544990016638935,1.528,4.382,4.966,114.53577371048253,230.9034941763727,116.36772046589019,101.99551688043996,2.0199551688043997
CNN_ASCON_FOG,CNN,ASCON,FOG,4,gateway_transport,gateway_B,ESP32->RPi,decrypt,604.0,2.9165728476821196,3.6075,4.59785,5.377,116.76655629139073,234.05298013245033,117.2864238410596,100.49361946823178,2.004936194682318
CNN_ASCON_FOG,CNN,ASCON,FOG,4,gateway_transport,gateway_A,PC->RPi,decrypt,20.0,34.54235,33.411,37.83685000000001,52.255,3575.65,4851.4,1275.75,35.67887169248128,1.3567887169248125
CNN_ASCON_FOG,CNN,ASCON,FOG,4,gateway_transport,gateway_A,RPi->ESP32,encrypt,20.0,35.987399999999994,35.5975,38.5093,48.053,3575.65,4851.4,1275.75,35.67887169248128,1.3567887169248125
CNN_ASCON_FOG,CNN,ASCON,FOG,4,gateway_transport,gateway_B,RPi->ESP32,encrypt,20.0,42.52515,37.2275,61.210650000000015,81.686,3575.65,4851.4,1275.75,35.67887169248128,1.3567887169248125
CNN_ASCON_FOG,CNN,ASCON,FOG,4,gateway_transport,gateway_A,RPi->PC,encrypt,20.0,41.0129,36.977500000000006,74.9494,77.712,3690.45,5003.6,1313.15,35.582386393989935,1.3558238639398994
CNN_ASCON_FOG,CNN,ASCON,FOG,4,gateway_transport,gateway_B,RPi_leader->RPi_peer,decrypt,20.0,62.70399999999999,70.4195,99.23615,103.115,3575.65,4851.4,1275.75,35.67887169248128,1.3567887169248125
CNN_ASCON_FOG,CNN,ASCON,FOG,4,gateway_transport,gateway_A,RPi_leader->RPi_peer,encrypt,20.0,35.4349,35.081,37.58515,37.74,3575.65,4851.4,1275.75,35.67887169248128,1.3567887169248125
CNN_ASCON_FOG,CNN,ASCON,FOG,4,gateway_transport,gateway_A,RPi_peer->RPi_leader,decrypt,20.0,61.5563,73.63,97.5826,99.171,3665.1,4970.4,1305.3,35.614332550838434,1.3561433255083846
CNN_ASCON_FOG,CNN,ASCON,FOG,4,gateway_transport,gateway_B,RPi_peer->RPi_leader,encrypt,20.0,37.49255,37.364,41.402,41.763,3665.1,4970.4,1305.3,35.614332550838434,1.3561433255083846
CNN_ASCON_FOG,CNN,ASCON,FOG,4,server_transport,Asus,PC->RPi,encrypt,20.0,14.585699999999997,13.325,18.98170000000001,32.998,3575.65,4851.4,1275.75,35.67887169248128,1.3567887169248125
CNN_ASCON_FOG,CNN,ASCON,FOG,4,server_transport,Asus,RPi->PC,decrypt,20.0,14.246,11.51,30.76385,31.065,3690.45,5019.6,1329.15,36.01594347650226,1.3601594347650228
CNN_ASCON_FOG,CNN,ASCON,FOG,5,gateway_transport,gateway_A,ESP32->RPi,decrypt,612.0,3.002890522875817,3.678,4.59945,5.615,114.91503267973856,231.44444444444446,116.52941176470588,101.76922666046427,2.017692266604643
CNN_ASCON_FOG,CNN,ASCON,FOG,5,gateway_transport,gateway_B,ESP32->RPi,decrypt,620.0,3.2480516129032257,3.9044999999999996,4.6301999999999985,11.974,116.80483870967743,234.0,117.19516129032257,100.37853936824305,2.0037853936824312
CNN_ASCON_FOG,CNN,ASCON,FOG,5,gateway_transport,gateway_A,PC->RPi,decrypt,20.0,32.73085000000001,32.76649999999999,34.3142,34.679,3553.65,4822.0,1268.35,35.6915943791654,1.356915943791654
CNN_ASCON_FOG,CNN,ASCON,FOG,5,gateway_transport,gateway_A,RPi->ESP32,encrypt,20.0,34.36155000000001,34.333,36.74165,36.944,3553.65,4822.0,1268.35,35.6915943791654,1.356915943791654
CNN_ASCON_FOG,CNN,ASCON,FOG,5,gateway_transport,gateway_B,RPi->ESP32,encrypt,20.0,38.25645,34.5725,56.38795,57.014,3553.65,4822.0,1268.35,35.6915943791654,1.356915943791654
CNN_ASCON_FOG,CNN,ASCON,FOG,5,gateway_transport,gateway_A,RPi->PC,encrypt,20.0,41.123099999999994,37.2325,44.98225000000004,106.205,3667.85,4974.2,1306.35,35.61627050587942,1.356162705058794
CNN_ASCON_FOG,CNN,ASCON,FOG,5,gateway_transport,gateway_B,RPi_leader->RPi_peer,decrypt,20.0,67.56145000000001,77.444,94.8621,94.94,3553.65,4822.0,1268.35,35.6915943791654,1.356915943791654
CNN_ASCON_FOG,CNN,ASCON,FOG,5,gateway_transport,gateway_A,RPi_leader->RPi_peer,encrypt,20.0,32.469800000000006,32.499,35.788050000000005,36.872,3553.65,4822.0,1268.35,35.6915943791654,1.356915943791654
CNN_ASCON_FOG,CNN,ASCON,FOG,5,gateway_transport,gateway_A,RPi_peer->RPi_leader,decrypt,20.0,55.08855000000001,38.167,90.44205,95.174,3643.85,4942.0,1298.15,35.62581566005655,1.3562581566005656
CNN_ASCON_FOG,CNN,ASCON,FOG,5,gateway_transport,gateway_B,RPi_peer->RPi_leader,encrypt,20.0,38.3991,37.977000000000004,45.13360000000001,54.778,3643.85,4942.0,1298.15,35.62581566005655,1.3562581566005656
CNN_ASCON_FOG,CNN,ASCON,FOG,5,server_transport,Asus,PC->RPi,encrypt,20.0,29.472299999999997,14.646,110.27710000000005,167.45,3553.65,4822.0,1268.35,35.6915943791654,1.356915943791654
CNN_ASCON_FOG,CNN,ASCON,FOG,5,server_transport,Asus,RPi->PC,decrypt,20.0,24.01455,13.556000000000001,80.06650000000003,124.802,3667.85,4990.2,1322.35,36.05250443536431,1.3605250443536432
CNN_ASCON_FOG,CNN,ASCON,FOG,6,gateway_transport,gateway_A,ESP32->RPi,decrypt,604.0,2.8686622516556293,3.2865,4.6208,7.974,112.90894039735099,228.66225165562915,115.75331125827815,103.16017868660651,2.0316017868660654
CNN_ASCON_FOG,CNN,ASCON,FOG,6,gateway_transport,gateway_B,ESP32->RPi,decrypt,605.0,3.1942148760330578,3.832,4.582,5.994,113.17685950413224,229.0925619834711,115.91570247933885,103.07552690153186,2.0307552690153186
CNN_ASCON_FOG,CNN,ASCON,FOG,6,gateway_transport,gateway_A,PC->RPi,decrypt,20.0,34.66265,33.821,41.6351,46.121,3566.9,4839.0,1272.1,35.6640466508857,1.356640466508857
CNN_ASCON_FOG,CNN,ASCON,FOG,6,gateway_transport,gateway_A,RPi->ESP32,encrypt,20.0,35.17865,34.692499999999995,38.776,41.588,3566.9,4839.0,1272.1,35.6640466508857,1.356640466508857
CNN_ASCON_FOG,CNN,ASCON,FOG,6,gateway_transport,gateway_B,RPi->ESP32,encrypt,20.0,36.8193,36.479,38.92945,43.821,3566.9,4839.0,1272.1,35.6640466508857,1.356640466508857
CNN_ASCON_FOG,CNN,ASCON,FOG,6,gateway_transport,gateway_A,RPi->PC,encrypt,20.0,37.9926,37.596000000000004,40.80825,46.646,3684.55,4996.4,1311.85,35.60411622385972,1.356041162238597
CNN_ASCON_FOG,CNN,ASCON,FOG,6,gateway_transport,gateway_B,RPi_leader->RPi_peer,decrypt,20.0,36.977700000000006,34.6035,41.63235000000003,82.109,3566.9,4839.0,1272.1,35.6640466508857,1.356640466508857
CNN_ASCON_FOG,CNN,ASCON,FOG,6,gateway_transport,gateway_A,RPi_leader->RPi_peer,encrypt,20.0,34.84654999999999,34.336,37.78155,41.041,3566.9,4839.0,1272.1,35.6640466508857,1.356640466508857
CNN_ASCON_FOG,CNN,ASCON,FOG,6,gateway_transport,gateway_A,RPi_peer->RPi_leader,decrypt,20.0,35.897549999999995,35.070499999999996,41.7784,45.491,3669.65,4976.2,1306.55,35.60431061860077,1.3560431061860077
CNN_ASCON_FOG,CNN,ASCON,FOG,6,gateway_transport,gateway_B,RPi_peer->RPi_leader,encrypt,20.0,37.1622,36.7845,40.46465,43.65,3669.65,4976.2,1306.55,35.60431061860077,1.3560431061860077
CNN_ASCON_FOG,CNN,ASCON,FOG,6,server_transport,Asus,PC->RPi,encrypt,20.0,13.540750000000003,12.908000000000001,16.853800000000007,27.946,3566.9,4839.0,1272.1,35.6640466508857,1.356640466508857
CNN_ASCON_FOG,CNN,ASCON,FOG,6,server_transport,Asus,RPi->PC,decrypt,20.0,12.961849999999998,11.160499999999999,21.0146,22.299,3684.55,5012.4,1327.85,36.038368401729215,1.3603836840172923
CNN_ASCON_FOG,CNN,ASCON,FOG,7,gateway_transport,gateway_A,ESP32->RPi,decrypt,601.0,2.8738685524126453,3.235,4.558,7.211,112.27121464226289,227.9151414309484,115.64392678868552,103.74035288960405,2.03740352889604
CNN_ASCON_FOG,CNN,ASCON,FOG,7,gateway_transport,gateway_B,ESP32->RPi,decrypt,601.0,3.2221580698835277,3.799,4.459,5.03,112.37104825291182,228.01497504159732,115.64392678868552,103.68454519153495,2.0368454519153496
CNN_ASCON_FOG,CNN,ASCON,FOG,7,gateway_transport,gateway_A,PC->RPi,decrypt,20.0,33.17,33.319,35.2103,35.254,3565.25,4837.0,1271.75,35.670733306124006,1.3567073330612403
CNN_ASCON_FOG,CNN,ASCON,FOG,7,gateway_transport,gateway_A,RPi->ESP32,encrypt,20.0,37.205349999999996,35.147000000000006,39.20790000000003,78.08,3565.25,4837.0,1271.75,35.670733306124006,1.3567073330612403
CNN_ASCON_FOG,CNN,ASCON,FOG,7,gateway_transport,gateway_B,RPi->ESP32,encrypt,20.0,34.5599,34.416,38.233650000000004,39.443,3565.25,4837.0,1271.75,35.670733306124006,1.3567073330612403
CNN_ASCON_FOG,CNN,ASCON,FOG,7,gateway_transport,gateway_A,RPi->PC,encrypt,20.0,36.287400000000005,35.7315,38.82685,40.686,3682.05,4992.8,1310.75,35.59840691642358,1.3559840691642358
CNN_ASCON_FOG,CNN,ASCON,FOG,7,gateway_transport,gateway_B,RPi_leader->RPi_peer,decrypt,20.0,34.1023,34.1695,35.7325,38.801,3565.25,4837.0,1271.75,35.670733306124006,1.3567073330612403
CNN_ASCON_FOG,CNN,ASCON,FOG,7,gateway_transport,gateway_A,RPi_leader->RPi_peer,encrypt,20.0,35.7785,35.3125,38.68485,41.361,3565.25,4837.0,1271.75,35.670733306124006,1.3567073330612403
CNN_ASCON_FOG,CNN,ASCON,FOG,7,gateway_transport,gateway_A,RPi_peer->RPi_leader,decrypt,20.0,35.601200000000006,34.753,37.82425000000001,51.243,3666.65,4972.0,1305.35,35.60067088240543,1.3560067088240542
CNN_ASCON_FOG,CNN,ASCON,FOG,7,gateway_transport,gateway_B,RPi_peer->RPi_leader,encrypt,20.0,37.936699999999995,36.587500000000006,46.45355,50.53,3666.65,4972.0,1305.35,35.60067088240543,1.3560067088240542
CNN_ASCON_FOG,CNN,ASCON,FOG,7,server_transport,Asus,PC->RPi,encrypt,20.0,13.018749999999997,11.512,21.13285,21.434,3565.25,4837.0,1271.75,35.670733306124006,1.3567073330612403
CNN_ASCON_FOG,CNN,ASCON,FOG,7,server_transport,Asus,RPi->PC,decrypt,20.0,13.5006,12.3085,21.796699999999998,21.81,3682.05,5008.8,1326.75,36.03295372063161,1.360329537206316
CNN_ASCON_FOG,CNN,ASCON,FOG,8,server_transport,Asus,PC->RPi,encrypt,20.0,18.475649999999998,13.660499999999999,42.71340000000003,80.74,3553.45,4821.4,1267.95,35.68233387146748,1.3568233387146746
CNN_ASCON_FOG,CNN,ASCON,FOG,8,server_transport,Asus,RPi->PC,decrypt,20.0,15.634300000000001,11.417,31.566050000000025,68.636,3669.55,4992.2,1322.65,36.04394950332776,1.3604394950332777
CNN_ASCON_NoFOG,CNN,ASCON,NoFOG,1,gateway_transport,gateway_A,ESP32->RPi,decrypt,603.0,2.9976318407960196,3.602,4.605,5.723,112.45936981757878,228.08457711442787,115.62520729684908,103.42889080401092,2.034288908040109
CNN_ASCON_NoFOG,CNN,ASCON,NoFOG,1,gateway_transport,gateway_B,ESP32->RPi,decrypt,628.0,3.3504617834394907,3.9705,4.4772,6.447,116.87898089171975,234.0764331210191,117.19745222929936,100.31539073316131,2.003153907331613
CNN_ASCON_NoFOG,CNN,ASCON,NoFOG,1,gateway_transport,gateway_A,PC->RPi,decrypt,20.0,33.93095,31.956,37.06655000000003,70.992,3551.65,4818.6,1266.95,35.67215230599521,1.356721523059952
CNN_ASCON_NoFOG,CNN,ASCON,NoFOG,1,gateway_transport,gateway_B,PC->RPi,decrypt,20.0,64.32745,72.231,96.68180000000001,99.148,3551.65,4818.6,1266.95,35.67215230599521,1.356721523059952
CNN_ASCON_NoFOG,CNN,ASCON,NoFOG,1,gateway_transport,gateway_A,RPi->ESP32,encrypt,20.0,33.7215,33.104,37.520250000000004,41.895,3551.65,4818.6,1266.95,35.67215230599521,1.356721523059952
CNN_ASCON_NoFOG,CNN,ASCON,NoFOG,1,gateway_transport,gateway_B,RPi->ESP32,encrypt,20.0,38.483549999999994,34.3825,56.6081,57.731,3551.65,4818.6,1266.95,35.67215230599521,1.356721523059952
CNN_ASCON_NoFOG,CNN,ASCON,NoFOG,1,gateway_transport,gateway_A,RPi->PC,encrypt,20.0,38.438,36.301500000000004,43.09535000000003,84.408,3657.75,4960.0,1302.25,35.6025306602935,1.356025306602935
CNN_ASCON_NoFOG,CNN,ASCON,NoFOG,1,gateway_transport,gateway_B,RPi->PC,encrypt,20.0,37.024699999999996,35.858999999999995,41.8344,44.825,3647.1,4946.2,1299.1,35.62010565074749,1.3562010565074751
CNN_ASCON_NoFOG,CNN,ASCON,NoFOG,1,server_transport,Asus,PC->RPi,encrypt,20.0,13.735949999999997,12.4345,22.066150000000004,25.641,3551.65,4818.6,1266.95,35.67215230599521,1.356721523059952
CNN_ASCON_NoFOG,CNN,ASCON,NoFOG,1,server_transport,Asus,RPi->PC,decrypt,40.0,15.321924999999998,12.2445,31.396699999999985,44.317,3652.425,4969.1,1316.675,36.04938772678162,1.3604938772678161
CNN_ASCON_NoFOG,CNN,ASCON,NoFOG,2,gateway_transport,gateway_A,ESP32->RPi,decrypt,601.0,2.9345241264559068,3.56,4.446,5.768,115.13477537437603,231.70881863560732,116.57404326123128,101.57291728816831,2.015729172881683
CNN_ASCON_NoFOG,CNN,ASCON,NoFOG,2,gateway_transport,gateway_B,ESP32->RPi,decrypt,601.0,3.5058053244592347,4.021,4.741,8.769,115.12645590682196,231.7820299500832,116.65557404326123,101.65757340154417,2.0165757340154418
CNN_ASCON_NoFOG,CNN,ASCON,NoFOG,2,gateway_transport,gateway_A,PC->RPi,decrypt,20.0,32.78189999999999,32.657,35.61125,35.749,3552.5,4819.8,1267.3,35.67352574893584,1.3567352574893583
CNN_ASCON_NoFOG,CNN,ASCON,NoFOG,2,gateway_transport,gateway_B,PC->RPi,decrypt,20.0,36.147149999999996,33.3575,39.056800000000045,93.165,3552.5,4819.8,1267.3,35.67352574893584,1.3567352574893583
CNN_ASCON_NoFOG,CNN,ASCON,NoFOG,2,gateway_transport,gateway_A,RPi->ESP32,encrypt,20.0,34.11975,34.2705,36.408750000000005,36.613,3552.5,4819.8,1267.3,35.67352574893584,1.3567352574893583
CNN_ASCON_NoFOG,CNN,ASCON,NoFOG,2,gateway_transport,gateway_B,RPi->ESP32,encrypt,20.0,33.8705,33.812,35.7394,38.559,3552.5,4819.8,1267.3,35.67352574893584,1.3567352574893583
CNN_ASCON_NoFOG,CNN,ASCON,NoFOG,2,gateway_transport,gateway_A,RPi->PC,encrypt,20.0,35.92129999999999,36.031,39.38715,40.53,3656.65,4959.0,1302.35,35.61596715446019,1.3561596715446018
CNN_ASCON_NoFOG,CNN,ASCON,NoFOG,2,gateway_transport,gateway_B,RPi->PC,encrypt,20.0,36.08815,36.218999999999994,39.28680000000001,43.292,3655.8,4957.4,1301.6,35.603721028593526,1.356037210285935
CNN_ASCON_NoFOG,CNN,ASCON,NoFOG,2,server_transport,Asus,PC->RPi,encrypt,20.0,13.733899999999997,12.778,21.5837,21.806,3552.5,4819.8,1267.3,35.67352574893584,1.3567352574893583
CNN_ASCON_NoFOG,CNN,ASCON,NoFOG,2,server_transport,Asus,RPi->PC,decrypt,40.0,14.934875,11.876999999999999,29.367199999999954,48.177,3656.225,4974.2,1317.975,36.04745726566257,1.3604745726566256
CNN_ASCON_NoFOG,CNN,ASCON,NoFOG,3,gateway_transport,gateway_A,ESP32->RPi,decrypt,601.0,2.9917404326123127,3.695,4.518,5.329,115.02662229617304,231.56239600665558,116.53577371048253,101.71194364392342,2.017119436439234
CNN_ASCON_NoFOG,CNN,ASCON,NoFOG,3,gateway_transport,gateway_B,ESP32->RPi,decrypt,602.0,3.35906976744186,3.9175,4.509549999999999,5.759,114.83056478405315,231.34551495016612,116.51495016611295,101.8367949931878,2.0183679499318776
CNN_ASCON_NoFOG,CNN,ASCON,NoFOG,3,gateway_transport,gateway_A,PC->RPi,decrypt,20.0,32.16625,31.969,34.8667,36.115,3557.3,4826.8,1269.5,35.687197303398555,1.3568719730339855
CNN_ASCON_NoFOG,CNN,ASCON,NoFOG,3,gateway_transport,gateway_B,PC->RPi,decrypt,20.0,32.66405,32.7625,35.373799999999996,35.446,3557.3,4826.8,1269.5,35.687197303398555,1.3568719730339855
CNN_ASCON_NoFOG,CNN,ASCON,NoFOG,3,gateway_transport,gateway_A,RPi->ESP32,encrypt,20.0,33.764700000000005,33.795500000000004,37.1186,40.854,3557.3,4826.8,1269.5,35.687197303398555,1.3568719730339855
CNN_ASCON_NoFOG,CNN,ASCON,NoFOG,3,gateway_transport,gateway_B,RPi->ESP32,encrypt,20.0,33.63545,33.661500000000004,35.4312,36.366,3557.3,4826.8,1269.5,35.687197303398555,1.3568719730339855
CNN_ASCON_NoFOG,CNN,ASCON,NoFOG,3,gateway_transport,gateway_A,RPi->PC,encrypt,20.0,36.452000000000005,35.863,41.2596,42.696,3654.95,4956.2,1301.25,35.6024155292049,1.3560241552920491
CNN_ASCON_NoFOG,CNN,ASCON,NoFOG,3,gateway_transport,gateway_B,RPi->PC,encrypt,20.0,35.273849999999996,35.423,37.10285,37.423,3656.5,4959.0,1302.5,35.62150892434617,1.3562150892434617
CNN_ASCON_NoFOG,CNN,ASCON,NoFOG,3,server_transport,Asus,PC->RPi,encrypt,20.0,12.708249999999998,12.1,17.19525,18.587,3557.3,4826.8,1269.5,35.687197303398555,1.3568719730339855
CNN_ASCON_NoFOG,CNN,ASCON,NoFOG,3,server_transport,Asus,RPi->PC,decrypt,40.0,12.3245,11.5395,15.824149999999996,18.003,3655.725,4973.6,1317.875,36.04963696134113,1.3604963696134114
CNN_ASCON_NoFOG,CNN,ASCON,NoFOG,4,gateway_transport,gateway_A,ESP32->RPi,decrypt,603.0,3.01606135986733,3.688,4.482,9.972,115.17081260364843,231.7927031509121,116.62189054726367,101.56662930399301,2.0156662930399305
CNN_ASCON_NoFOG,CNN,ASCON,NoFOG,4,gateway_transport,gateway_B,ESP32->RPi,decrypt,604.0,3.3836506622516556,3.984,4.611800000000001,5.809,116.93211920529801,234.20529801324503,117.27317880794702,100.33625196485701,2.00336251964857
CNN_ASCON_NoFOG,CNN,ASCON,NoFOG,4,gateway_transport,gateway_A,PC->RPi,decrypt,20.0,31.80925,31.558,33.7115,35.488,3552.85,4820.0,1267.15,35.66575741123036,1.3566575741123035
CNN_ASCON_NoFOG,CNN,ASCON,NoFOG,4,gateway_transport,gateway_B,PC->RPi,decrypt,20.0,70.24114999999999,77.86699999999999,88.14485,91.448,3552.85,4820.0,1267.15,35.66575741123036,1.3566575741123035
CNN_ASCON_NoFOG,CNN,ASCON,NoFOG,4,gateway_transport,gateway_A,RPi->ESP32,encrypt,20.0,32.9303,32.8,36.2772,36.813,3552.85,4820.0,1267.15,35.66575741123036,1.3566575741123035
CNN_ASCON_NoFOG,CNN,ASCON,NoFOG,4,gateway_transport,gateway_B,RPi->ESP32,encrypt,20.0,39.9659,35.611000000000004,55.9605,58.174,3552.85,4820.0,1267.15,35.66575741123036,1.3566575741123035
CNN_ASCON_NoFOG,CNN,ASCON,NoFOG,4,gateway_transport,gateway_A,RPi->PC,encrypt,20.0,36.285999999999994,35.2255,39.77020000000002,63.809,3655.1,4956.6,1301.5,35.607774222540684,1.3560777422254067
CNN_ASCON_NoFOG,CNN,ASCON,NoFOG,4,gateway_transport,gateway_B,RPi->PC,encrypt,20.0,36.15185000000001,35.6005,37.90955,42.537,3648.35,4947.6,1299.25,35.61198840124685,1.3561198840124684
CNN_ASCON_NoFOG,CNN,ASCON,NoFOG,4,server_transport,Asus,PC->RPi,encrypt,20.0,13.838899999999999,12.7945,19.542050000000007,28.891,3552.85,4820.0,1267.15,35.66575741123036,1.3566575741123035
CNN_ASCON_NoFOG,CNN,ASCON,NoFOG,4,server_transport,Asus,RPi->PC,decrypt,40.0,13.089324999999999,11.3275,18.883749999999992,33.046,3651.725,4968.1,1316.375,36.048034558443305,1.360480345584433
CNN_ASCON_NoFOG,CNN,ASCON,NoFOG,5,gateway_transport,gateway_A,ESP32->RPi,decrypt,600.0,2.909435,3.6050000000000004,4.43705,5.165,114.82833333333333,231.29333333333332,116.465,101.79929889559467,2.0179929889559465
CNN_ASCON_NoFOG,CNN,ASCON,NoFOG,5,gateway_transport,gateway_B,ESP32->RPi,decrypt,603.0,3.3159751243781095,3.942,4.5725,5.268,116.88888888888889,234.03482587064676,117.14593698175787,100.26565152382618,2.002656515238262
CNN_ASCON_NoFOG,CNN,ASCON,NoFOG,5,gateway_transport,gateway_A,PC->RPi,decrypt,20.0,32.091699999999996,32.306,34.2995,35.202,3552.9,4820.6,1267.7,35.68076328733041,1.3568076328733039
CNN_ASCON_NoFOG,CNN,ASCON,NoFOG,5,gateway_transport,gateway_B,PC->RPi,decrypt,19.0,78.32184210526316,81.386,98.0147,98.327,3553.315789473684,4821.1578947368425,1267.842105263158,35.68058966775631,1.356805896677563
CNN_ASCON_NoFOG,CNN,ASCON,NoFOG,5,gateway_transport,gateway_A,RPi->ESP32,encrypt,20.0,32.966800000000006,32.718,35.25365,35.418,3552.9,4820.6,1267.7,35.68076328733041,1.3568076328733039
CNN_ASCON_NoFOG,CNN,ASCON,NoFOG,5,gateway_transport,gateway_B,RPi->ESP32,encrypt,19.0,44.07084210526316,47.158,55.6844,56.156,3553.315789473684,4821.1578947368425,1267.842105263158,35.68058966775631,1.356805896677563
CNN_ASCON_NoFOG,CNN,ASCON,NoFOG,5,gateway_transport,gateway_A,RPi->PC,encrypt,20.0,37.14955,36.3985,47.33370000000001,49.931,3653.7,4955.0,1301.3,35.61598981766349,1.3561598981766347
CNN_ASCON_NoFOG,CNN,ASCON,NoFOG,5,gateway_transport,gateway_B,RPi->PC,encrypt,20.0,36.2118,35.997,39.04675,44.4,3648.0,4947.6,1299.6,35.625038058964535,1.3562503805896455
CNN_ASCON_NoFOG,CNN,ASCON,NoFOG,5,server_transport,Asus,PC->RPi,encrypt,20.0,12.1748,12.283999999999999,14.2596,14.271,3552.9,4820.6,1267.7,35.68076328733041,1.3568076328733039
CNN_ASCON_NoFOG,CNN,ASCON,NoFOG,5,server_transport,Asus,RPi->PC,decrypt,40.0,12.352425,11.248999999999999,15.311549999999965,36.682,3650.85,4967.3,1316.45,36.05877233804192,1.3605877233804191
CNN_ASCON_NoFOG,CNN,ASCON,NoFOG,6,gateway_transport,gateway_A,ESP32->RPi,decrypt,609.0,2.835589490968801,3.344,4.413200000000001,5.341,115.4679802955665,232.19868637110017,116.73070607553366,101.38513101745704,2.0138513101745708
CNN_ASCON_NoFOG,CNN,ASCON,NoFOG,6,gateway_transport,gateway_B,ESP32->RPi,decrypt,601.0,3.466648918469218,3.969,4.561,7.729,115.98169717138103,232.91347753743761,116.93178036605657,100.99461374125701,2.00994613741257
CNN_ASCON_NoFOG,CNN,ASCON,NoFOG,6,gateway_transport,gateway_A,PC->RPi,decrypt,20.0,44.7188,32.912499999999994,81.5771,85.816,3556.0,4824.6,1268.6,35.67493929184562,1.356749392918456
CNN_ASCON_NoFOG,CNN,ASCON,NoFOG,6,gateway_transport,gateway_B,PC->RPi,decrypt,20.0,46.97265,32.186,78.83175000000001,82.0,3556.0,4824.6,1268.6,35.67493929184562,1.356749392918456
CNN_ASCON_NoFOG,CNN,ASCON,NoFOG,6,gateway_transport,gateway_A,RPi->ESP32,encrypt,20.0,36.9747,33.863,57.09575000000002,73.811,3556.0,4824.6,1268.6,35.67493929184562,1.356749392918456
CNN_ASCON_NoFOG,CNN,ASCON,NoFOG,6,gateway_transport,gateway_B,RPi->ESP32,encrypt,20.0,34.558749999999996,34.022999999999996,37.89125000000001,45.591,3556.0,4824.6,1268.6,35.67493929184562,1.356749392918456
CNN_ASCON_NoFOG,CNN,ASCON,NoFOG,6,gateway_transport,gateway_A,RPi->PC,encrypt,20.0,36.2555,35.7785,39.562850000000005,46.571,3658.1,4960.6,1302.5,35.60590324295701,1.35605903242957
CNN_ASCON_NoFOG,CNN,ASCON,NoFOG,6,gateway_transport,gateway_B,RPi->PC,encrypt,20.0,35.815149999999996,35.5125,38.020950000000006,42.884,3649.0,4948.4,1299.4,35.60975385297266,1.3560975385297263
CNN_ASCON_NoFOG,CNN,ASCON,NoFOG,6,server_transport,Asus,PC->RPi,encrypt,20.0,13.970350000000002,12.3805,24.02595000000001,33.468,3556.0,4824.6,1268.6,35.67493929184562,1.356749392918456
CNN_ASCON_NoFOG,CNN,ASCON,NoFOG,6,server_transport,Asus,RPi->PC,decrypt,40.0,13.3005,11.3255,22.444249999999993,38.455,3653.55,4970.5,1316.95,36.04576211476699,1.36045762114767
CNN_ASCON_NoFOG,CNN,ASCON,NoFOG,7,gateway_transport,gateway_A,ESP32->RPi,decrypt,601.0,3.0550282861896836,3.629,4.53,5.578,112.86522462562397,228.68053244592346,115.8153078202995,103.2472203078502,2.0324722030785014
CNN_ASCON_NoFOG,CNN,ASCON,NoFOG,7,gateway_transport,gateway_B,ESP32->RPi,decrypt,601.0,3.53334608985025,3.983,4.654,8.827,113.01331114808653,228.92013311148085,115.90682196339434,103.11790275443171,2.031179027544317
CNN_ASCON_NoFOG,CNN,ASCON,NoFOG,7,gateway_transport,gateway_A,PC->RPi,decrypt,20.0,33.9065,32.4405,36.51550000000002,65.234,3553.1,4820.8,1267.7,35.678728036271096,1.356787280362711
CNN_ASCON_NoFOG,CNN,ASCON,NoFOG,7,gateway_transport,gateway_B,PC->RPi,decrypt,20.0,31.859299999999998,31.826,33.46665,35.018,3553.1,4820.8,1267.7,35.678728036271096,1.356787280362711
CNN_ASCON_NoFOG,CNN,ASCON,NoFOG,7,gateway_transport,gateway_A,RPi->ESP32,encrypt,20.0,35.512699999999995,34.846000000000004,38.79675000000001,56.12,3553.1,4820.8,1267.7,35.678728036271096,1.356787280362711
CNN_ASCON_NoFOG,CNN,ASCON,NoFOG,7,gateway_transport,gateway_B,RPi->ESP32,encrypt,20.0,34.8547,34.730000000000004,37.533350000000006,38.889,3553.1,4820.8,1267.7,35.678728036271096,1.356787280362711
CNN_ASCON_NoFOG,CNN,ASCON,NoFOG,7,gateway_transport,gateway_A,RPi->PC,encrypt,20.0,34.79645000000001,34.643,38.59085,38.721,3661.9,4965.8,1303.9,35.607211807632574,1.3560721180763256
CNN_ASCON_NoFOG,CNN,ASCON,NoFOG,7,gateway_transport,gateway_B,RPi->PC,encrypt,20.0,37.232350000000004,36.625,42.43645000000001,44.383,3657.9,4960.8,1302.9,35.61881705778507,1.3561881705778505
CNN_ASCON_NoFOG,CNN,ASCON,NoFOG,7,server_transport,Asus,PC->RPi,encrypt,20.0,13.309699999999998,12.5835,18.5127,19.21,3553.1,4820.8,1267.7,35.678728036271096,1.356787280362711
CNN_ASCON_NoFOG,CNN,ASCON,NoFOG,7,server_transport,Asus,RPi->PC,decrypt,40.0,12.59445,11.0095,18.825499999999995,33.999,3659.9,4979.3,1319.4,36.050187748158315,1.3605018774815831
CNN_ASCON_NoFOG,CNN,ASCON,NoFOG,8,gateway_transport,gateway_A,ESP32->RPi,decrypt,601.0,2.9957188019966723,3.562,4.566,8.266,112.96672212978369,228.78036605657238,115.81364392678869,103.11996980396512,2.031199698039651
CNN_ASCON_NoFOG,CNN,ASCON,NoFOG,8,gateway_transport,gateway_B,ESP32->RPi,decrypt,601.0,3.4905524126455907,3.946,4.724,5.524,112.49584026622296,228.18136439267886,115.6855241264559,103.59740174852283,2.0359740174852283
CNN_ASCON_NoFOG,CNN,ASCON,NoFOG,8,gateway_transport,gateway_A,PC->RPi,decrypt,19.0,40.79684210526316,33.814,92.67809999999999,98.466,3553.6315789473683,4821.1578947368425,1267.5263157894738,35.668489933519815,1.356684899335198
CNN_ASCON_NoFOG,CNN,ASCON,NoFOG,8,gateway_transport,gateway_B,PC->RPi,decrypt,20.0,32.42205,32.141999999999996,36.0156,36.236,3553.6,4821.2,1267.6,35.670880241234485,1.3567088024123448
CNN_ASCON_NoFOG,CNN,ASCON,NoFOG,8,gateway_transport,gateway_A,RPi->ESP32,encrypt,19.0,35.01847368421053,34.335,38.92489999999998,46.007,3553.6315789473683,4821.1578947368425,1267.5263157894738,35.668489933519815,1.356684899335198
CNN_ASCON_NoFOG,CNN,ASCON,NoFOG,8,gateway_transport,gateway_B,RPi->ESP32,encrypt,20.0,34.38350000000001,34.7245,37.54045,37.701,3553.6,4821.2,1267.6,35.670880241234485,1.3567088024123448
CNN_ASCON_NoFOG,CNN,ASCON,NoFOG,8,gateway_transport,gateway_A,RPi->PC,encrypt,20.0,36.781099999999995,36.058499999999995,44.4721,46.944,3655.65,4957.6,1301.95,35.6147168309911,1.3561471683099109
CNN_ASCON_NoFOG,CNN,ASCON,NoFOG,8,gateway_transport,gateway_B,RPi->PC,encrypt,20.0,35.95655000000001,36.0005,38.801300000000005,42.341,3655.1,4956.8,1301.7,35.61325220912799,1.3561325220912797
CNN_ASCON_NoFOG,CNN,ASCON,NoFOG,8,server_transport,Asus,PC->RPi,encrypt,20.0,35.4221,18.472,55.80375000000019,318.303,3553.6,4821.2,1267.6,35.670880241234485,1.3567088024123448
CNN_ASCON_NoFOG,CNN,ASCON,NoFOG,8,server_transport,Asus,RPi->PC,decrypt,40.0,24.235425,19.1435,43.63259999999987,106.684,3655.375,4973.2,1317.825,36.05169910836027,1.3605169910836028
CNN_PLAIN_FOG,CNN,PLAIN,FOG,2,gateway_transport,gateway_fog_leader,ESP32->RPi,decrypt,604.0,0.11505132450331128,0.134,0.14885,0.229,114.78145695364239,114.78145695364239,0.0,0.0,1.0
CNN_PLAIN_FOG,CNN,PLAIN,FOG,2,gateway_transport,gateway_fog_peer,ESP32->RPi,decrypt,603.0,0.10586567164179105,0.096,0.18479999999999996,0.41,115.07628524046434,115.07628524046434,0.0,0.0,1.0
CNN_PLAIN_FOG,CNN,PLAIN,FOG,2,gateway_transport,gateway_fog_leader,PC->RPi,decrypt,20.0,0.35765,0.301,0.7583500000000001,0.898,3560.35,3560.35,0.0,0.0,1.0
CNN_PLAIN_FOG,CNN,PLAIN,FOG,2,gateway_transport,gateway_fog_leader,RPi->ESP32,encrypt,20.0,0.5231,0.428,1.21985,1.255,3560.35,3560.35,0.0,0.0,1.0
CNN_PLAIN_FOG,CNN,PLAIN,FOG,2,gateway_transport,gateway_fog_peer,RPi->ESP32,encrypt,20.0,0.37520000000000003,0.372,0.42005,0.44,3560.35,3560.35,0.0,0.0,1.0
CNN_PLAIN_FOG,CNN,PLAIN,FOG,2,gateway_transport,gateway_fog_leader,RPi->PC,encrypt,20.0,0.47765,0.4005,1.0325,1.175,3684.75,3684.75,0.0,0.0,1.0
CNN_PLAIN_FOG,CNN,PLAIN,FOG,2,gateway_transport,gateway_fog_peer,RPi_leader->RPi_peer,decrypt,20.0,0.23215,0.2265,0.26425000000000004,0.269,3560.35,3560.35,0.0,0.0,1.0
CNN_PLAIN_FOG,CNN,PLAIN,FOG,2,gateway_transport,gateway_fog_leader,RPi_leader->RPi_peer,encrypt,20.0,0.51495,0.39,0.9633000000000006,1.691,3560.35,3560.35,0.0,0.0,1.0
CNN_PLAIN_FOG,CNN,PLAIN,FOG,2,gateway_transport,gateway_fog_leader,RPi_peer->RPi_leader,decrypt,20.0,0.3169,0.23349999999999999,0.6172500000000001,0.717,3667.55,3667.55,0.0,0.0,1.0
CNN_PLAIN_FOG,CNN,PLAIN,FOG,2,gateway_transport,gateway_fog_peer,RPi_peer->RPi_leader,encrypt,20.0,0.4867,0.4715,0.5812500000000002,0.795,3667.55,3667.55,0.0,0.0,1.0
CNN_PLAIN_FOG,CNN,PLAIN,FOG,2,server_transport,AcerNico,PC->RPi,encrypt,20.0,0.4069,0.4015,0.4456000000000001,0.628,3560.35,3560.35,0.0,0.0,1.0
CNN_PLAIN_FOG,CNN,PLAIN,FOG,2,server_transport,AcerNico,RPi->PC,decrypt,20.0,0.0,0.0,0.0,0.0,3684.75,3684.75,0.0,0.0,1.0
CNN_PLAIN_FOG,CNN,PLAIN,FOG,4,gateway_transport,gateway_fog_leader,ESP32->RPi,decrypt,605.0,0.12166942148760333,0.133,0.15179999999999996,2.013,114.88264462809917,114.88264462809917,0.0,0.0,1.0
CNN_PLAIN_FOG,CNN,PLAIN,FOG,4,gateway_transport,gateway_fog_peer,ESP32->RPi,decrypt,603.0,0.10659203980099503,0.122,0.147,0.217,116.96517412935323,116.96517412935323,0.0,0.0,1.0
CNN_PLAIN_FOG,CNN,PLAIN,FOG,4,gateway_transport,gateway_fog_leader,PC->RPi,decrypt,20.0,0.29450000000000004,0.271,0.3853000000000002,0.638,3585.1,3585.1,0.0,0.0,1.0
CNN_PLAIN_FOG,CNN,PLAIN,FOG,4,gateway_transport,gateway_fog_leader,RPi->ESP32,encrypt,20.0,0.42380000000000007,0.387,0.5573,0.582,3585.1,3585.1,0.0,0.0,1.0
CNN_PLAIN_FOG,CNN,PLAIN,FOG,4,gateway_transport,gateway_fog_peer,RPi->ESP32,encrypt,20.0,0.36530000000000007,0.3685,0.3951,0.416,3585.1,3585.1,0.0,0.0,1.0
CNN_PLAIN_FOG,CNN,PLAIN,FOG,4,gateway_transport,gateway_fog_leader,RPi->PC,encrypt,20.0,0.38625000000000004,0.377,0.43570000000000003,0.449,3710.6,3710.6,0.0,0.0,1.0
CNN_PLAIN_FOG,CNN,PLAIN,FOG,4,gateway_transport,gateway_fog_peer,RPi_leader->RPi_peer,decrypt,20.0,0.2323,0.224,0.26280000000000003,0.297,3585.1,3585.1,0.0,0.0,1.0
CNN_PLAIN_FOG,CNN,PLAIN,FOG,4,gateway_transport,gateway_fog_leader,RPi_leader->RPi_peer,encrypt,20.0,0.44604999999999995,0.388,0.6994500000000003,1.183,3585.1,3585.1,0.0,0.0,1.0
CNN_PLAIN_FOG,CNN,PLAIN,FOG,4,gateway_transport,gateway_fog_leader,RPi_peer->RPi_leader,decrypt,20.0,0.24780000000000002,0.239,0.29890000000000005,0.373,3680.05,3680.05,0.0,0.0,1.0
CNN_PLAIN_FOG,CNN,PLAIN,FOG,4,gateway_transport,gateway_fog_peer,RPi_peer->RPi_leader,encrypt,20.0,0.4502,0.456,0.49225,0.516,3680.05,3680.05,0.0,0.0,1.0
CNN_PLAIN_FOG,CNN,PLAIN,FOG,4,server_transport,AcerNico,PC->RPi,encrypt,20.0,0.40519999999999995,0.4085,0.46395000000000003,0.501,3585.1,3585.1,0.0,0.0,1.0
CNN_PLAIN_FOG,CNN,PLAIN,FOG,4,server_transport,AcerNico,RPi->PC,decrypt,20.0,0.0,0.0,0.0,0.0,3710.6,3710.6,0.0,0.0,1.0
CNN_PLAIN_FOG,CNN,PLAIN,FOG,6,gateway_transport,gateway_fog_leader,ESP32->RPi,decrypt,667.0,0.10802998500749625,0.111,0.1466999999999999,0.361,113.42728635682158,113.42728635682158,0.0,0.0,1.0
CNN_PLAIN_FOG,CNN,PLAIN,FOG,6,gateway_transport,gateway_fog_peer,ESP32->RPi,decrypt,667.0,0.12455472263868067,0.138,0.1840999999999998,0.36,112.70614692653673,112.70614692653673,0.0,0.0,1.0
CNN_PLAIN_FOG,CNN,PLAIN,FOG,6,gateway_transport,gateway_fog_leader,PC->RPi,decrypt,20.0,0.2950499999999999,0.29,0.35414999999999996,0.357,3588.7,3588.7,0.0,0.0,1.0
CNN_PLAIN_FOG,CNN,PLAIN,FOG,6,gateway_transport,gateway_fog_leader,RPi->ESP32,encrypt,20.0,0.4356999999999999,0.3945,0.5793,0.737,3588.7,3588.7,0.0,0.0,1.0
CNN_PLAIN_FOG,CNN,PLAIN,FOG,6,gateway_transport,gateway_fog_peer,RPi->ESP32,encrypt,20.0,0.41885000000000006,0.3875,0.6371000000000001,0.81,3588.7,3588.7,0.0,0.0,1.0
CNN_PLAIN_FOG,CNN,PLAIN,FOG,6,gateway_transport,gateway_fog_leader,RPi->PC,encrypt,22.0,0.41859090909090907,0.402,0.47684999999999994,0.768,3714.9545454545455,3714.9545454545455,0.0,0.0,1.0
CNN_PLAIN_FOG,CNN,PLAIN,FOG,6,gateway_transport,gateway_fog_peer,RPi_leader->RPi_peer,decrypt,20.0,0.24359999999999998,0.2265,0.29100000000000004,0.405,3588.7,3588.7,0.0,0.0,1.0
CNN_PLAIN_FOG,CNN,PLAIN,FOG,6,gateway_transport,gateway_fog_leader,RPi_leader->RPi_peer,encrypt,20.0,0.4232,0.3695,0.5945500000000002,0.966,3588.7,3588.7,0.0,0.0,1.0
CNN_PLAIN_FOG,CNN,PLAIN,FOG,6,gateway_transport,gateway_fog_leader,RPi_peer->RPi_leader,decrypt,22.0,0.23918181818181816,0.231,0.28314999999999996,0.3,3696.5454545454545,3696.5454545454545,0.0,0.0,1.0
CNN_PLAIN_FOG,CNN,PLAIN,FOG,6,gateway_transport,gateway_fog_peer,RPi_peer->RPi_leader,encrypt,22.0,0.46218181818181814,0.4525,0.54805,0.61,3696.5454545454545,3696.5454545454545,0.0,0.0,1.0
CNN_PLAIN_FOG,CNN,PLAIN,FOG,6,server_transport,AcerNico,PC->RPi,encrypt,20.0,0.38165,0.3935,0.5394500000000001,0.548,3588.7,3588.7,0.0,0.0,1.0
CNN_PLAIN_FOG,CNN,PLAIN,FOG,6,server_transport,AcerNico,RPi->PC,decrypt,20.0,0.0,0.0,0.0,0.0,3715.4,3715.4,0.0,0.0,1.0
CNN_PLAIN_NoFOG,CNN,PLAIN,NoFOG,2,gateway_transport,gateway_A,ESP32->RPi,decrypt,603.0,0.12177777777777778,0.136,0.162,0.239,115.14593698175787,115.14593698175787,0.0,0.0,1.0
CNN_PLAIN_NoFOG,CNN,PLAIN,NoFOG,2,gateway_transport,gateway_B,ESP32->RPi,decrypt,604.0,0.10377317880794702,0.1015,0.14885,0.382,115.20033112582782,115.20033112582782,0.0,0.0,1.0
CNN_PLAIN_NoFOG,CNN,PLAIN,NoFOG,2,gateway_transport,gateway_A,PC->RPi,decrypt,20.0,0.29085000000000005,0.28900000000000003,0.3523,0.377,3572.35,3572.35,0.0,0.0,1.0
CNN_PLAIN_NoFOG,CNN,PLAIN,NoFOG,2,gateway_transport,gateway_B,PC->RPi,decrypt,20.0,0.3027,0.233,0.5781,0.58,3572.35,3572.35,0.0,0.0,1.0
CNN_PLAIN_NoFOG,CNN,PLAIN,NoFOG,2,gateway_transport,gateway_A,RPi->ESP32,encrypt,20.0,0.44295,0.41200000000000003,0.57395,0.63,3572.35,3572.35,0.0,0.0,1.0
CNN_PLAIN_NoFOG,CNN,PLAIN,NoFOG,2,gateway_transport,gateway_B,RPi->ESP32,encrypt,20.0,0.46785000000000004,0.371,0.9698,0.985,3572.35,3572.35,0.0,0.0,1.0
CNN_PLAIN_NoFOG,CNN,PLAIN,NoFOG,2,gateway_transport,gateway_A,RPi->PC,encrypt,20.0,0.45095,0.44,0.5196500000000001,0.532,3677.15,3677.15,0.0,0.0,1.0
CNN_PLAIN_NoFOG,CNN,PLAIN,NoFOG,2,gateway_transport,gateway_B,RPi->PC,encrypt,20.0,0.45830000000000004,0.446,0.5147,0.604,3673.15,3673.15,0.0,0.0,1.0
CNN_PLAIN_NoFOG,CNN,PLAIN,NoFOG,2,server_transport,AcerNico,PC->RPi,encrypt,20.0,0.41005,0.4005,0.4631500000000002,0.694,3572.35,3572.35,0.0,0.0,1.0
CNN_PLAIN_NoFOG,CNN,PLAIN,NoFOG,2,server_transport,AcerNico,RPi->PC,decrypt,40.0,0.0,0.0,0.0,0.0,3675.15,3675.15,0.0,0.0,1.0
CNN_PLAIN_NoFOG,CNN,PLAIN,NoFOG,4,gateway_transport,gateway_A,ESP32->RPi,decrypt,660.0,0.10853636363636364,0.119,0.143,0.338,114.87878787878788,114.87878787878788,0.0,0.0,1.0
CNN_PLAIN_NoFOG,CNN,PLAIN,NoFOG,4,gateway_transport,gateway_B,ESP32->RPi,decrypt,664.0,0.11094427710843374,0.121,0.17240000000000008,0.494,117.17469879518072,117.17469879518072,0.0,0.0,1.0
CNN_PLAIN_NoFOG,CNN,PLAIN,NoFOG,4,gateway_transport,gateway_A,RPi->PC,encrypt,21.0,0.4562857142857143,0.438,0.486,0.792,3661.5714285714284,3661.5714285714284,0.0,0.0,1.0
CNN_PLAIN_NoFOG,CNN,PLAIN,NoFOG,4,gateway_transport,gateway_B,RPi->PC,encrypt,22.0,0.5965,0.4385,0.5136,3.728,3649.681818181818,3649.681818181818,0.0,0.0,1.0
CNN_PLAIN_NoFOG,CNN,PLAIN,NoFOG,4,server_transport,AcerNico,PC->RPi,encrypt,20.0,0.41724999999999995,0.37,0.9163500000000002,1.132,3588.0,3588.0,0.0,0.0,1.0
CNN_PLAIN_NoFOG,CNN,PLAIN,NoFOG,4,server_transport,AcerNico,RPi->PC,decrypt,41.0,0.0,0.0,0.0,0.0,3655.731707317073,3655.731707317073,0.0,0.0,1.0
CNN_PLAIN_NoFOG,CNN,PLAIN,NoFOG,6,gateway_transport,gateway_A,ESP32->RPi,decrypt,613.0,0.1060016313213703,0.115,0.147,0.328,113.16639477977162,113.16639477977162,0.0,0.0,1.0
CNN_PLAIN_NoFOG,CNN,PLAIN,NoFOG,6,gateway_transport,gateway_B,ESP32->RPi,decrypt,610.0,0.12355081967213112,0.137,0.15,0.243,112.68196721311476,112.68196721311476,0.0,0.0,1.0
CNN_PLAIN_NoFOG,CNN,PLAIN,NoFOG,6,gateway_transport,gateway_A,PC->RPi,decrypt,20.0,0.37435000000000007,0.248,0.6683000000000001,0.712,3575.1,3575.1,0.0,0.0,1.0
CNN_PLAIN_NoFOG,CNN,PLAIN,NoFOG,6,gateway_transport,gateway_B,PC->RPi,decrypt,20.0,0.25425000000000003,0.2305,0.3106,0.322,3575.1,3575.1,0.0,0.0,1.0
CNN_PLAIN_NoFOG,CNN,PLAIN,NoFOG,6,gateway_transport,gateway_A,RPi->ESP32,encrypt,20.0,0.6264999999999998,0.405,1.1047500000000001,1.328,3575.1,3575.1,0.0,0.0,1.0
CNN_PLAIN_NoFOG,CNN,PLAIN,NoFOG,6,gateway_transport,gateway_B,RPi->ESP32,encrypt,20.0,0.37620000000000003,0.373,0.42195,0.44,3575.1,3575.1,0.0,0.0,1.0
CNN_PLAIN_NoFOG,CNN,PLAIN,NoFOG,6,gateway_transport,gateway_A,RPi->PC,encrypt,20.0,0.4769,0.4675,0.5619000000000001,0.636,3676.45,3676.45,0.0,0.0,1.0
CNN_PLAIN_NoFOG,CNN,PLAIN,NoFOG,6,gateway_transport,gateway_B,RPi->PC,encrypt,20.0,0.44935,0.449,0.4892,0.512,3680.95,3680.95,0.0,0.0,1.0
CNN_PLAIN_NoFOG,CNN,PLAIN,NoFOG,6,server_transport,AcerNico,PC->RPi,encrypt,20.0,0.40790000000000004,0.4215,0.4855000000000001,0.666,3575.1,3575.1,0.0,0.0,1.0
CNN_PLAIN_NoFOG,CNN,PLAIN,NoFOG,6,server_transport,AcerNico,RPi->PC,decrypt,40.0,0.0,0.0,0.0,0.0,3678.7,3678.7,0.0,0.0,1.0
RN_ASCON_FOG,RN,ASCON,FOG,2,gateway_transport,gateway_A,ESP32->RPi,decrypt,600.0,3.05048,3.6875,4.527,8.309,112.46166666666667,228.12666666666667,115.665,103.50029274335087,2.0350029274335086
RN_ASCON_FOG,RN,ASCON,FOG,2,gateway_transport,gateway_B,ESP32->RPi,decrypt,602.0,1.9759019933554816,1.434,4.184799999999999,6.522,116.79401993355482,233.91029900332225,117.11627906976744,100.32040818360937,2.0032040818360937
RN_ASCON_FOG,RN,ASCON,FOG,2,gateway_transport,gateway_A,PC->RPi,decrypt,20.0,31.34035,31.643500000000003,33.247150000000005,34.884,3532.8,4793.8,1261.0,35.694064781069095,1.356940647810691
RN_ASCON_FOG,RN,ASCON,FOG,2,gateway_transport,gateway_A,RPi->ESP32,encrypt,20.0,33.87325,33.7505,36.22285,38.652,3532.8,4793.8,1261.0,35.694064781069095,1.356940647810691
RN_ASCON_FOG,RN,ASCON,FOG,2,gateway_transport,gateway_B,RPi->ESP32,encrypt,20.0,34.798350000000006,34.3515,37.70450000000001,46.473,3532.8,4793.8,1261.0,35.694064781069095,1.356940647810691
RN_ASCON_FOG,RN,ASCON,FOG,2,gateway_transport,gateway_A,RPi->PC,encrypt,20.0,36.06915,36.019999999999996,39.64045,41.112,3649.25,4949.2,1299.95,35.62241180939743,1.3562241180939743
RN_ASCON_FOG,RN,ASCON,FOG,2,gateway_transport,gateway_B,RPi_leader->RPi_peer,decrypt,20.0,35.12265,33.2315,41.04040000000002,62.803,3532.8,4793.8,1261.0,35.694064781069095,1.356940647810691
RN_ASCON_FOG,RN,ASCON,FOG,2,gateway_transport,gateway_A,RPi_leader->RPi_peer,encrypt,20.0,33.57375,33.6695,36.1732,36.405,3532.8,4793.8,1261.0,35.694064781069095,1.356940647810691
RN_ASCON_FOG,RN,ASCON,FOG,2,gateway_transport,gateway_A,RPi_peer->RPi_leader,decrypt,20.0,42.133399999999995,33.994,91.0339,101.862,3625.9,4917.6,1291.7,35.62428324759473,1.3562428324759472
RN_ASCON_FOG,RN,ASCON,FOG,2,gateway_transport,gateway_B,RPi_peer->RPi_leader,encrypt,20.0,37.08729999999999,37.411500000000004,39.767199999999995,39.904,3625.9,4917.6,1291.7,35.62428324759473,1.3562428324759472
RN_ASCON_FOG,RN,ASCON,FOG,2,server_transport,AcerNico,PC->RPi,encrypt,20.0,40.53025,32.0375,71.18905000000007,166.019,3532.8,4793.8,1261.0,35.694064781069095,1.356940647810691
RN_ASCON_FOG,RN,ASCON,FOG,2,server_transport,AcerNico,RPi->PC,decrypt,20.0,33.150099999999995,28.192,52.11060000000002,75.15,3649.25,4965.2,1315.95,36.06086059425796,1.3606086059425797
RN_ASCON_FOG,RN,ASCON,FOG,3,gateway_transport,gateway_A,ESP32->RPi,decrypt,602.0,2.894699335548173,3.5385,4.525799999999999,6.185,115.82059800664452,232.71428571428572,116.89368770764119,101.1696523741069,2.0116965237410693
RN_ASCON_FOG,RN,ASCON,FOG,3,gateway_transport,gateway_B,ESP32->RPi,decrypt,601.0,1.887322795341098,1.429,4.226,4.827,115.04658901830283,231.6289517470882,116.58236272878536,101.65931187856258,2.0165931187856256
RN_ASCON_FOG,RN,ASCON,FOG,3,gateway_transport,gateway_A,PC->RPi,decrypt,20.0,31.315050000000003,31.395000000000003,32.504200000000004,33.002,3536.0,4798.0,1262.0,35.69005058406466,1.3569005058406465
RN_ASCON_FOG,RN,ASCON,FOG,3,gateway_transport,gateway_A,RPi->ESP32,encrypt,20.0,33.159499999999994,33.364000000000004,34.99775,36.019,3536.0,4798.0,1262.0,35.69005058406466,1.3569005058406465
RN_ASCON_FOG,RN,ASCON,FOG,3,gateway_transport,gateway_B,RPi->ESP32,encrypt,20.0,34.9048,35.096000000000004,37.3958,38.817,3536.0,4798.0,1262.0,35.69005058406466,1.3569005058406465
RN_ASCON_FOG,RN,ASCON,FOG,3,gateway_transport,gateway_A,RPi->PC,encrypt,20.0,35.62675,35.9965,38.598650000000006,40.036,3651.95,4952.2,1300.25,35.60426947973423,1.3560426947973423
RN_ASCON_FOG,RN,ASCON,FOG,3,gateway_transport,gateway_B,RPi_leader->RPi_peer,decrypt,20.0,33.643649999999994,33.679,38.028150000000004,39.551,3536.0,4798.0,1262.0,35.69005058406466,1.3569005058406465
RN_ASCON_FOG,RN,ASCON,FOG,3,gateway_transport,gateway_A,RPi_leader->RPi_peer,encrypt,20.0,33.9223,33.778999999999996,36.29005,38.324,3536.0,4798.0,1262.0,35.69005058406466,1.3569005058406465
RN_ASCON_FOG,RN,ASCON,FOG,3,gateway_transport,gateway_A,RPi_peer->RPi_leader,decrypt,20.0,33.9135,33.891999999999996,36.42595,36.9,3641.5,4939.0,1297.5,35.63094707410158,1.3563094707410157
RN_ASCON_FOG,RN,ASCON,FOG,3,gateway_transport,gateway_B,RPi_peer->RPi_leader,encrypt,20.0,37.111900000000006,36.7585,39.99335000000001,44.066,3641.5,4939.0,1297.5,35.63094707410158,1.3563094707410157
RN_ASCON_FOG,RN,ASCON,FOG,3,server_transport,AcerNico,PC->RPi,encrypt,20.0,36.118849999999995,31.298499999999997,80.69104999999999,81.566,3536.0,4798.0,1262.0,35.69005058406466,1.3569005058406465
RN_ASCON_FOG,RN,ASCON,FOG,3,server_transport,AcerNico,RPi->PC,decrypt,20.0,32.228449999999995,28.522,50.315400000000004,56.346,3651.95,4968.2,1316.25,36.04239362896897,1.3604239362896897
RN_ASCON_FOG,RN,ASCON,FOG,4,gateway_transport,gateway_A,ESP32->RPi,decrypt,607.0,2.589169686985173,1.591,4.4284,5.15,115.24546952224053,231.8995057660626,116.65403624382208,101.48525373491789,2.014852537349179
RN_ASCON_FOG,RN,ASCON,FOG,4,gateway_transport,gateway_B,ESP32->RPi,decrypt,602.0,2.0358073089701,1.454,4.40365,5.848,116.96677740863787,234.19601328903656,117.22923588039868,100.2661378475651,2.002661378475651
RN_ASCON_FOG,RN,ASCON,FOG,4,gateway_transport,gateway_A,PC->RPi,decrypt,20.0,31.973550000000007,31.238500000000002,36.61815,36.754,3532.55,4793.4,1260.85,35.69234228912366,1.3569234228912366
RN_ASCON_FOG,RN,ASCON,FOG,4,gateway_transport,gateway_A,RPi->ESP32,encrypt,20.0,33.678200000000004,33.838,35.83555,35.941,3532.55,4793.4,1260.85,35.69234228912366,1.3569234228912366
RN_ASCON_FOG,RN,ASCON,FOG,4,gateway_transport,gateway_B,RPi->ESP32,encrypt,20.0,36.3678,35.4225,43.791000000000004,44.247,3532.55,4793.4,1260.85,35.69234228912366,1.3569234228912366
RN_ASCON_FOG,RN,ASCON,FOG,4,gateway_transport,gateway_A,RPi->PC,encrypt,20.0,37.365649999999995,35.091,52.65025,58.678,3648.15,4947.4,1299.25,35.61395065891935,1.3561395065891935
RN_ASCON_FOG,RN,ASCON,FOG,4,gateway_transport,gateway_B,RPi_leader->RPi_peer,decrypt,20.0,34.82770000000001,34.4645,38.82755,40.339,3532.55,4793.4,1260.85,35.69234228912366,1.3569234228912366
RN_ASCON_FOG,RN,ASCON,FOG,4,gateway_transport,gateway_A,RPi_leader->RPi_peer,encrypt,20.0,34.0692,34.041,35.81895,36.141,3532.55,4793.4,1260.85,35.69234228912366,1.3569234228912366
RN_ASCON_FOG,RN,ASCON,FOG,4,gateway_transport,gateway_A,RPi_peer->RPi_leader,decrypt,20.0,43.02225,33.2125,86.42165,86.814,3628.7,4922.0,1293.3,35.640902333908365,1.3564090233390835
RN_ASCON_FOG,RN,ASCON,FOG,4,gateway_transport,gateway_B,RPi_peer->RPi_leader,encrypt,20.0,37.06465000000001,36.905,38.7588,41.32,3628.7,4922.0,1293.3,35.640902333908365,1.3564090233390835
RN_ASCON_FOG,RN,ASCON,FOG,4,server_transport,AcerNico,PC->RPi,encrypt,20.0,31.06375,27.469,43.48325000000003,71.855,3532.55,4793.4,1260.85,35.69234228912366,1.3569234228912366
RN_ASCON_FOG,RN,ASCON,FOG,4,server_transport,AcerNico,RPi->PC,decrypt,20.0,31.13125,28.418,57.649300000000004,67.022,3648.15,4963.4,1315.25,36.052531627164356,1.3605253162716435
RN_ASCON_FOG,RN,ASCON,FOG,5,gateway_transport,gateway_A,ESP32->RPi,decrypt,605.0,2.8593371900826443,3.461,4.509,4.985,115.50909090909092,232.2198347107438,116.7107438016529,101.30215857240273,2.0130215857240272
RN_ASCON_FOG,RN,ASCON,FOG,5,gateway_transport,gateway_B,ESP32->RPi,decrypt,603.0,2.0043665008291875,1.435,4.2989,6.2,116.91542288557214,234.13432835820896,117.21890547263682,100.29977828176622,2.002997782817663
RN_ASCON_FOG,RN,ASCON,FOG,5,gateway_transport,gateway_A,PC->RPi,decrypt,20.0,31.172950000000004,31.189500000000002,32.9833,33.73,3530.0,4790.0,1260.0,35.69405799226011,1.356940579922601
RN_ASCON_FOG,RN,ASCON,FOG,5,gateway_transport,gateway_A,RPi->ESP32,encrypt,20.0,32.9332,32.6065,35.42055,37.502,3530.0,4790.0,1260.0,35.69405799226011,1.356940579922601
RN_ASCON_FOG,RN,ASCON,FOG,5,gateway_transport,gateway_B,RPi->ESP32,encrypt,20.0,35.0362,34.751999999999995,38.249300000000005,40.402,3530.0,4790.0,1260.0,35.69405799226011,1.356940579922601
RN_ASCON_FOG,RN,ASCON,FOG,5,gateway_transport,gateway_A,RPi->PC,encrypt,20.0,36.719350000000006,36.391,40.89345000000001,49.3,3645.0,4943.4,1298.4,35.62139072797294,1.3562139072797292
RN_ASCON_FOG,RN,ASCON,FOG,5,gateway_transport,gateway_B,RPi_leader->RPi_peer,decrypt,20.0,38.9103,33.714,81.57825000000001,90.247,3530.0,4790.0,1260.0,35.69405799226011,1.356940579922601
RN_ASCON_FOG,RN,ASCON,FOG,5,gateway_transport,gateway_A,RPi_leader->RPi_peer,encrypt,20.0,33.27775,33.040000000000006,36.376599999999996,36.502,3530.0,4790.0,1260.0,35.69405799226011,1.356940579922601
RN_ASCON_FOG,RN,ASCON,FOG,5,gateway_transport,gateway_A,RPi_peer->RPi_leader,decrypt,20.0,41.14215,35.575,73.43235000000001,80.45,3624.6,4916.2,1291.6,35.634278882030806,1.356342788820308
RN_ASCON_FOG,RN,ASCON,FOG,5,gateway_transport,gateway_B,RPi_peer->RPi_leader,encrypt,20.0,36.56735,35.677499999999995,38.756150000000005,48.696,3624.6,4916.2,1291.6,35.634278882030806,1.356342788820308
RN_ASCON_FOG,RN,ASCON,FOG,5,server_transport,AcerNico,PC->RPi,encrypt,20.0,32.17185,30.1905,48.81645,49.395,3530.0,4790.0,1260.0,35.69405799226011,1.356940579922601
RN_ASCON_FOG,RN,ASCON,FOG,5,server_transport,AcerNico,RPi->PC,decrypt,20.0,31.283700000000003,29.8325,48.8614,52.536,3645.0,4959.4,1314.4,36.06035122277988,1.3606035122277986
RN_ASCON_FOG,RN,ASCON,FOG,9,gateway_transport,gateway_A,ESP32->RPi,decrypt,600.0,2.38798,1.4625,4.430549999999998,5.755,114.985,231.43333333333334,116.44833333333334,101.588666029762,2.01588666029762
RN_ASCON_FOG,RN,ASCON,FOG,9,gateway_transport,gateway_B,ESP32->RPi,decrypt,604.0,1.9340033112582784,1.463,4.20885,4.737,115.28145695364239,232.03973509933775,116.75827814569537,101.5660560566808,2.015660560566808
RN_ASCON_FOG,RN,ASCON,FOG,9,gateway_transport,gateway_A,PC->RPi,decrypt,20.0,33.917449999999995,33.302,37.34760000000001,48.36,3542.0,4805.8,1263.8,35.68042906139426,1.3568042906139426
RN_ASCON_FOG,RN,ASCON,FOG,9,gateway_transport,gateway_A,RPi->ESP32,encrypt,20.0,35.5428,34.6605,39.78250000000001,59.571,3542.0,4805.8,1263.8,35.68042906139426,1.3568042906139426
RN_ASCON_FOG,RN,ASCON,FOG,9,gateway_transport,gateway_B,RPi->ESP32,encrypt,20.0,37.5556,35.656499999999994,48.02305000000001,60.127,3542.0,4805.8,1263.8,35.68042906139426,1.3568042906139426
RN_ASCON_FOG,RN,ASCON,FOG,9,gateway_transport,gateway_A,RPi->PC,encrypt,20.0,37.12935,36.099500000000006,41.820650000000015,60.567,3658.85,4961.6,1302.75,35.60544028868949,1.3560544028868948
RN_ASCON_FOG,RN,ASCON,FOG,9,gateway_transport,gateway_B,RPi_leader->RPi_peer,decrypt,20.0,39.8983,34.1005,73.10585,78.86,3542.0,4805.8,1263.8,35.68042906139426,1.3568042906139426
RN_ASCON_FOG,RN,ASCON,FOG,9,gateway_transport,gateway_A,RPi_leader->RPi_peer,encrypt,20.0,33.021449999999994,32.994,35.28210000000001,36.614,3542.0,4805.8,1263.8,35.68042906139426,1.3568042906139426
RN_ASCON_FOG,RN,ASCON,FOG,9,gateway_transport,gateway_A,RPi_peer->RPi_leader,decrypt,20.0,48.8341,34.521,80.70425000000002,86.827,3641.8,4939.4,1297.6,35.63075038128365,1.3563075038128367
RN_ASCON_FOG,RN,ASCON,FOG,9,gateway_transport,gateway_B,RPi_peer->RPi_leader,encrypt,20.0,37.58505000000001,37.0075,41.041900000000005,41.572,3641.8,4939.4,1297.6,35.63075038128365,1.3563075038128367
RN_ASCON_FOG,RN,ASCON,FOG,9,server_transport,AcerNico,PC->RPi,encrypt,20.0,33.5157,31.599,51.73060000000001,59.893,3542.0,4805.8,1263.8,35.68042906139426,1.3568042906139426
RN_ASCON_FOG,RN,ASCON,FOG,9,server_transport,AcerNico,RPi->PC,decrypt,20.0,28.544849999999997,25.2885,43.426300000000005,48.163,3658.85,4977.6,1318.75,36.04273792237269,1.3604273792237271
RN_ASCON_NoFOG,RN,ASCON,NoFOG,1,server_transport,server,PC->RPi,encrypt,30.0,12.22173333333333,11.89,14.684149999999995,25.917,3536.4333333333334,4798.4,1261.9666666666667,35.68473109290309,1.3568473109290307
RN_ASCON_NoFOG,RN,ASCON,NoFOG,1,server_transport,server,RPi->PC,decrypt,60.0,12.193466666666666,10.829,18.66294999999999,27.522,3639.45,4951.8,1312.35,36.05904553614723,1.3605904553614723
RN_ASCON_NoFOG,RN,ASCON,NoFOG,2,gateway_transport,unknown,ESP32->RPi,decrypt,1803.0,3.48365280088741,3.949,4.691999999999998,8.992,112.16528008874099,227.68219633943428,115.51691625069328,103.73591336711253,2.037359133671125
RN_ASCON_NoFOG,RN,ASCON,NoFOG,2,gateway_transport,unknown,PC->RPi,decrypt,60.0,33.11205,33.2235,36.25635,36.867,3536.4333333333334,4798.4,1261.9666666666667,35.68473109290309,1.3568473109290309
RN_ASCON_NoFOG,RN,ASCON,NoFOG,2,gateway_transport,unknown,RPi->ESP32,encrypt,60.0,34.42425,34.1265,37.86875,38.681,3536.4333333333334,4798.4,1261.9666666666667,35.68473109290309,1.3568473109290309
RN_ASCON_NoFOG,RN,ASCON,NoFOG,2,gateway_transport,unknown,RPi->PC,encrypt,60.0,36.46773333333332,36.375,41.03099999999999,45.096,3639.45,4935.8,1296.35,35.619416705747774,1.3561941670574778
RN_ASCON_NoFOG,RN,ASCON,NoFOG,2,server_transport,server,PC->RPi,encrypt,30.0,12.065633333333336,11.9045,14.79285,19.879,3534.0333333333333,4795.466666666666,1261.4333333333334,35.69388958293271,1.356938895829327
RN_ASCON_NoFOG,RN,ASCON,NoFOG,2,server_transport,server,RPi->PC,decrypt,60.0,12.361600000000001,11.084,20.463849999999994,25.679,3630.5666666666666,4940.133333333333,1309.5666666666666,36.070588105090465,1.3607058810509045
RN_ASCON_NoFOG,RN,ASCON,NoFOG,3,gateway_transport,gateway_A,ESP32->RPi,decrypt,906.0,3.140626931567329,3.8295,4.482,6.446,114.89293598233995,231.39735099337747,116.50441501103752,101.7597946828869,2.0175979468288694
RN_ASCON_NoFOG,RN,ASCON,NoFOG,3,gateway_transport,gateway_B,ESP32->RPi,decrypt,911.0,3.5957310647639957,4.124,4.7615,5.564,115.54994511525796,232.34138309549945,116.7914379802415,101.29960759371659,2.0129960759371657
RN_ASCON_NoFOG,RN,ASCON,NoFOG,3,gateway_transport,gateway_A,PC->RPi,decrypt,30.0,63.323,70.5425,93.86729999999999,97.077,3535.866666666667,4798.133333333333,1262.2666666666667,35.698941120076704,1.3569894112007668
RN_ASCON_NoFOG,RN,ASCON,NoFOG,3,gateway_transport,gateway_B,PC->RPi,decrypt,30.0,32.35356666666667,32.5895,35.0717,35.836,3535.866666666667,4798.133333333333,1262.2666666666667,35.698941120076704,1.3569894112007668
RN_ASCON_NoFOG,RN,ASCON,NoFOG,3,gateway_transport,gateway_A,RPi->ESP32,encrypt,30.0,42.69339999999999,36.5965,56.59965,59.256,3535.866666666667,4798.133333333333,1262.2666666666667,35.698941120076704,1.3569894112007668
RN_ASCON_NoFOG,RN,ASCON,NoFOG,3,gateway_transport,gateway_B,RPi->ESP32,encrypt,30.0,34.581366666666675,34.1245,38.00335,38.861,3535.866666666667,4798.133333333333,1262.2666666666667,35.698941120076704,1.3569894112007668
RN_ASCON_NoFOG,RN,ASCON,NoFOG,3,gateway_transport,gateway_A,RPi->PC,encrypt,30.0,36.067233333333334,34.6405,40.50404999999999,68.11,3638.3,4934.666666666667,1296.3666666666666,35.63108817075144,1.3563108817075142
RN_ASCON_NoFOG,RN,ASCON,NoFOG,3,gateway_transport,gateway_B,RPi->PC,encrypt,30.0,37.980599999999995,37.513000000000005,40.751599999999996,43.207,3637.9,4933.733333333334,1295.8333333333333,35.62039057716526,1.3562039057716526
RN_ASCON_NoFOG,RN,ASCON,NoFOG,3,server_transport,Asus,PC->RPi,encrypt,30.0,16.223133333333333,12.815,33.84409999999998,36.342,3535.866666666667,4798.133333333333,1262.2666666666667,35.698941120076704,1.3569894112007668
RN_ASCON_NoFOG,RN,ASCON,NoFOG,3,server_transport,Asus,RPi->PC,decrypt,60.0,15.087833333333332,12.5255,28.2171,34.503,3638.1,4950.2,1312.1,36.065531713122446,1.3606553171312243
RN_ASCON_NoFOG,RN,ASCON,NoFOG,4,gateway_transport,gateway_A,ESP32->RPi,decrypt,604.0,3.3442549668874175,3.9595000000000002,4.61195,8.202,115.3658940397351,232.01986754966887,116.65397350993378,101.42649845174263,2.0142649845174265
RN_ASCON_NoFOG,RN,ASCON,NoFOG,4,gateway_transport,gateway_B,ESP32->RPi,decrypt,604.0,3.781281456953643,4.143,4.7691,5.304,116.76655629139073,233.9205298013245,117.15397350993378,100.37666063212902,2.0037666063212902
RN_ASCON_NoFOG,RN,ASCON,NoFOG,4,gateway_transport,gateway_A,PC->RPi,decrypt,20.0,32.97345,33.1665,34.4625,35.308,3532.15,4792.8,1260.65,35.690726057286255,1.3569072605728627
RN_ASCON_NoFOG,RN,ASCON,NoFOG,4,gateway_transport,gateway_B,PC->RPi,decrypt,20.0,36.215349999999994,34.6455,38.33725000000003,75.867,3532.15,4792.8,1260.65,35.690726057286255,1.3569072605728627
RN_ASCON_NoFOG,RN,ASCON,NoFOG,4,gateway_transport,gateway_A,RPi->ESP32,encrypt,20.0,33.540600000000005,33.551,35.347,35.632,3532.15,4792.8,1260.65,35.690726057286255,1.3569072605728627
RN_ASCON_NoFOG,RN,ASCON,NoFOG,4,gateway_transport,gateway_B,RPi->ESP32,encrypt,20.0,36.63665,35.947,39.39565000000001,56.679,3532.15,4792.8,1260.65,35.690726057286255,1.3569072605728627
RN_ASCON_NoFOG,RN,ASCON,NoFOG,4,gateway_transport,gateway_A,RPi->PC,encrypt,20.0,36.4897,35.7905,40.14465,44.964,3637.45,4933.2,1295.75,35.622489000076236,1.3562248900007623
RN_ASCON_NoFOG,RN,ASCON,NoFOG,4,gateway_transport,gateway_B,RPi->PC,encrypt,20.0,38.31000000000001,38.2465,42.75970000000001,49.746,3624.85,4916.4,1291.55,35.63044810264125,1.3563044810264127
RN_ASCON_NoFOG,RN,ASCON,NoFOG,4,server_transport,Asus,PC->RPi,encrypt,20.0,11.7253,11.442,14.329049999999999,14.767,3532.15,4792.8,1260.65,35.690726057286255,1.3569072605728627
RN_ASCON_NoFOG,RN,ASCON,NoFOG,4,server_transport,Asus,RPi->PC,decrypt,40.0,12.360875,11.152999999999999,18.298149999999993,22.233,3631.15,4940.8,1309.65,36.067104049454585,1.360671040494546
RN_ASCON_NoFOG,RN,ASCON,NoFOG,5,gateway_transport,gateway_A,ESP32->RPi,decrypt,601.0,3.2403677204658896,3.854,4.45,7.586,115.48086522462562,232.25457570715474,116.77371048252911,101.4123642994382,2.0141236429943823
RN_ASCON_NoFOG,RN,ASCON,NoFOG,5,gateway_transport,gateway_B,ESP32->RPi,decrypt,601.0,2.979747088186356,3.765,4.582,5.957,116.54575707154743,233.6522462562396,117.10648918469218,100.53711734885395,2.0053711734885393
RN_ASCON_NoFOG,RN,ASCON,NoFOG,5,gateway_transport,gateway_A,PC->RPi,decrypt,20.0,31.852800000000002,31.700499999999998,34.1929,36.851,3537.9,4800.2,1262.3,35.679386327332935,1.3567938632733294
RN_ASCON_NoFOG,RN,ASCON,NoFOG,5,gateway_transport,gateway_B,PC->RPi,decrypt,20.0,34.4244,33.986999999999995,38.01095,38.523,3537.9,4800.2,1262.3,35.679386327332935,1.3567938632733294
RN_ASCON_NoFOG,RN,ASCON,NoFOG,5,gateway_transport,gateway_A,RPi->ESP32,encrypt,20.0,33.13185,33.0345,36.35005,36.351,3537.9,4800.2,1262.3,35.679386327332935,1.3567938632733294
RN_ASCON_NoFOG,RN,ASCON,NoFOG,5,gateway_transport,gateway_B,RPi->ESP32,encrypt,20.0,35.4012,35.3455,38.1055,39.35,3537.9,4800.2,1262.3,35.679386327332935,1.3567938632733294
RN_ASCON_NoFOG,RN,ASCON,NoFOG,5,gateway_transport,gateway_A,RPi->PC,encrypt,20.0,35.5253,35.2055,38.8235,40.505,3639.7,4936.4,1296.7,35.6265636031833,1.3562656360318328
RN_ASCON_NoFOG,RN,ASCON,NoFOG,5,gateway_transport,gateway_B,RPi->PC,encrypt,20.0,37.98495,37.4035,47.98055,50.955,3628.1,4920.8,1292.7,35.63024493062626,1.3563024493062625
RN_ASCON_NoFOG,RN,ASCON,NoFOG,5,server_transport,Asus,PC->RPi,encrypt,20.0,13.711599999999999,11.9365,17.01640000000002,39.748,3537.9,4800.2,1262.3,35.679386327332935,1.3567938632733294
RN_ASCON_NoFOG,RN,ASCON,NoFOG,5,server_transport,Asus,RPi->PC,decrypt,40.0,12.08955,10.9175,19.76359999999999,28.052,3633.9,4944.6,1310.7,36.068705746450945,1.3606870574645096
RN_ASCON_NoFOG,RN,ASCON,NoFOG,6,gateway_transport,gateway_A,ESP32->RPi,decrypt,572.0,3.088522727272727,3.7845,4.464249999999998,5.179,115.37237762237763,232.020979020979,116.6486013986014,101.4129810078877,2.0141298100788774
RN_ASCON_NoFOG,RN,ASCON,NoFOG,6,gateway_transport,gateway_B,ESP32->RPi,decrypt,633.0,3.494394944707741,3.975,4.747199999999999,7.668,116.73301737756714,233.9605055292259,117.22748815165876,100.47223511221911,2.0047223511221914
RN_ASCON_NoFOG,RN,ASCON,NoFOG,6,gateway_transport,gateway_A,PC->RPi,decrypt,20.0,38.518299999999996,31.2945,84.89615,92.993,3535.2,4796.8,1261.6,35.68682346350582,1.3568682346350585
RN_ASCON_NoFOG,RN,ASCON,NoFOG,6,gateway_transport,gateway_B,PC->RPi,decrypt,19.0,67.51284210526315,74.766,95.19789999999999,96.637,3535.7894736842104,4797.578947368421,1261.7894736842106,35.686231520818,1.3568623152081802
RN_ASCON_NoFOG,RN,ASCON,NoFOG,6,gateway_transport,gateway_A,RPi->ESP32,encrypt,20.0,32.49510000000001,32.1915,34.84605,34.847,3535.2,4796.8,1261.6,35.68682346350582,1.3568682346350585
RN_ASCON_NoFOG,RN,ASCON,NoFOG,6,gateway_transport,gateway_B,RPi->ESP32,encrypt,19.0,38.984210526315785,36.095,55.7068,57.496,3535.7894736842104,4797.578947368421,1261.7894736842106,35.686231520818,1.3568623152081802
RN_ASCON_NoFOG,RN,ASCON,NoFOG,6,gateway_transport,gateway_A,RPi->PC,encrypt,19.0,37.477526315789476,36.363,46.966899999999995,49.963,3640.9473684210525,4938.0,1297.0526315789473,35.62406196535016,1.3562406196535013
RN_ASCON_NoFOG,RN,ASCON,NoFOG,6,gateway_transport,gateway_B,RPi->PC,encrypt,21.0,38.88171428571429,36.734,51.337,52.229,3625.5238095238096,4917.238095238095,1291.7142857142858,35.62835576564363,1.3562835576564365
RN_ASCON_NoFOG,RN,ASCON,NoFOG,6,server_transport,Asus,PC->RPi,encrypt,20.0,11.916249999999998,10.8765,15.801650000000002,18.056,3535.2,4796.8,1261.6,35.68682346350582,1.3568682346350585
RN_ASCON_NoFOG,RN,ASCON,NoFOG,6,server_transport,Asus,RPi->PC,decrypt,40.0,11.32775,10.869499999999999,13.83555,19.096,3632.85,4943.1,1310.25,36.066746494211294,1.3606674649421129
RN_ASCON_NoFOG,RN,ASCON,NoFOG,7,gateway_transport,gateway_A,ESP32->RPi,decrypt,600.0,3.3868233333333335,4.034,4.738,5.634,115.57,232.36,116.79,101.29025650738004,2.0129025650738
RN_ASCON_NoFOG,RN,ASCON,NoFOG,7,gateway_transport,gateway_B,ESP32->RPi,decrypt,606.0,3.5611732673267325,4.063,4.86675,8.548,117.003300330033,234.22772277227722,117.22442244224422,100.23286555806844,2.0023286555806843
RN_ASCON_NoFOG,RN,ASCON,NoFOG,7,gateway_transport,gateway_A,PC->RPi,decrypt,20.0,32.0185,31.9235,33.36405,35.683,3535.85,4798.0,1262.15,35.695795196564404,1.356957951965644
RN_ASCON_NoFOG,RN,ASCON,NoFOG,7,gateway_transport,gateway_B,PC->RPi,decrypt,20.0,80.49145,81.6015,104.06405,104.711,3535.85,4798.0,1262.15,35.695795196564404,1.356957951965644
RN_ASCON_NoFOG,RN,ASCON,NoFOG,7,gateway_transport,gateway_A,RPi->ESP32,encrypt,20.0,33.22430000000001,32.8645,36.42415,36.75,3535.85,4798.0,1262.15,35.695795196564404,1.356957951965644
RN_ASCON_NoFOG,RN,ASCON,NoFOG,7,gateway_transport,gateway_B,RPi->ESP32,encrypt,20.0,41.3263,36.120000000000005,55.13015,56.976,3535.85,4798.0,1262.15,35.695795196564404,1.356957951965644
RN_ASCON_NoFOG,RN,ASCON,NoFOG,7,gateway_transport,gateway_A,RPi->PC,encrypt,20.0,37.66235,37.0095,41.814600000000006,48.324,3638.5,4934.8,1296.3,35.627325900527,1.35627325900527
RN_ASCON_NoFOG,RN,ASCON,NoFOG,7,gateway_transport,gateway_B,RPi->PC,encrypt,20.0,37.27735,36.814,43.4176,44.36,3633.0,4927.4,1294.4,35.628961654856894,1.356289616548569
RN_ASCON_NoFOG,RN,ASCON,NoFOG,7,server_transport,Asus,PC->RPi,encrypt,20.0,14.14785,11.7355,24.432350000000003,29.721,3535.85,4798.0,1262.15,35.695795196564404,1.356957951965644
RN_ASCON_NoFOG,RN,ASCON,NoFOG,7,server_transport,Asus,RPi->PC,decrypt,40.0,12.468,10.99,22.40985,23.888,3635.75,4947.1,1311.35,36.06822206646943,1.3606822206646942
RN_ASCON_NoFOG,RN,ASCON,NoFOG,8,gateway_transport,gateway_A,ESP32->RPi,decrypt,602.0,3.255139534883721,3.8855,4.588399999999997,6.748,115.54318936877077,232.3687707641196,116.82558139534883,101.34258662012374,2.013425866201237
RN_ASCON_NoFOG,RN,ASCON,NoFOG,8,gateway_transport,gateway_B,ESP32->RPi,decrypt,602.0,3.5212342192691026,4.0895,4.7738499999999995,6.506,116.75581395348837,233.88372093023256,117.12790697674419,100.3623217039936,2.003623217039936
RN_ASCON_NoFOG,RN,ASCON,NoFOG,8,gateway_transport,gateway_A,PC->RPi,decrypt,20.0,31.5773,31.630000000000003,33.1839,33.372,3535.55,4797.2,1261.65,35.68469810361354,1.3568469810361354
RN_ASCON_NoFOG,RN,ASCON,NoFOG,8,gateway_transport,gateway_B,PC->RPi,decrypt,20.0,53.853449999999995,36.8315,91.92155000000001,94.098,3535.55,4797.2,1261.65,35.68469810361354,1.3568469810361354
RN_ASCON_NoFOG,RN,ASCON,NoFOG,8,gateway_transport,gateway_A,RPi->ESP32,encrypt,20.0,33.39489999999999,33.104,36.17835,39.263,3535.55,4797.2,1261.65,35.68469810361354,1.3568469810361354
RN_ASCON_NoFOG,RN,ASCON,NoFOG,8,gateway_transport,gateway_B,RPi->ESP32,encrypt,20.0,39.965849999999996,36.681,51.996700000000004,55.867,3535.55,4797.2,1261.65,35.68469810361354,1.3568469810361354
RN_ASCON_NoFOG,RN,ASCON,NoFOG,8,gateway_transport,gateway_A,RPi->PC,encrypt,20.0,36.35695,35.218,47.33455,49.473,3639.75,4936.4,1296.65,35.62472314510202,1.3562472314510203
RN_ASCON_NoFOG,RN,ASCON,NoFOG,8,gateway_transport,gateway_B,RPi->PC,encrypt,20.0,37.17999999999999,36.8225,40.5605,40.779,3631.1,4924.4,1293.3,35.61732001717459,1.3561732001717457
RN_ASCON_NoFOG,RN,ASCON,NoFOG,8,server_transport,Asus,PC->RPi,encrypt,20.0,12.217249999999998,11.3385,19.2391,21.578,3535.55,4797.2,1261.65,35.68469810361354,1.3568469810361354
RN_ASCON_NoFOG,RN,ASCON,NoFOG,8,server_transport,Asus,RPi->PC,decrypt,40.0,13.246875,11.4625,24.764799999999997,26.067,3635.425,4946.4,1310.975,36.06113816604827,1.3606113816604826
RN_ASCON_NoFOG,RN,ASCON,NoFOG,9,gateway_transport,gateway_A,ESP32->RPi,decrypt,600.0,3.2458716666666665,3.8815,4.53545,5.755,115.23,231.83333333333334,116.60333333333334,101.45732883880528,2.0145732883880534
RN_ASCON_NoFOG,RN,ASCON,NoFOG,9,gateway_transport,gateway_B,ESP32->RPi,decrypt,600.0,3.8474283333333332,4.186,4.85035,9.575,115.67166666666667,232.52,116.84833333333333,101.26782818365155,2.0126782818365156
RN_ASCON_NoFOG,RN,ASCON,NoFOG,9,gateway_transport,gateway_A,PC->RPi,decrypt,20.0,31.516150000000003,31.728,34.23775,36.304,3536.2,4797.8,1261.6,35.67672809706757,1.3567672809706752
RN_ASCON_NoFOG,RN,ASCON,NoFOG,9,gateway_transport,gateway_B,PC->RPi,decrypt,20.0,36.48355000000001,34.92,39.41645000000003,79.325,3536.2,4797.8,1261.6,35.67672809706757,1.3567672809706752
RN_ASCON_NoFOG,RN,ASCON,NoFOG,9,gateway_transport,gateway_A,RPi->ESP32,encrypt,20.0,32.993300000000005,33.099000000000004,36.09455,36.941,3536.2,4797.8,1261.6,35.67672809706757,1.3567672809706752
RN_ASCON_NoFOG,RN,ASCON,NoFOG,9,gateway_transport,gateway_B,RPi->ESP32,encrypt,20.0,35.61395,34.6185,39.49275000000001,52.161,3536.2,4797.8,1261.6,35.67672809706757,1.3567672809706752
RN_ASCON_NoFOG,RN,ASCON,NoFOG,9,gateway_transport,gateway_A,RPi->PC,encrypt,20.0,38.28054999999999,35.8675,41.60715000000004,91.105,3638.3,4934.4,1296.1,35.62379070376053,1.3562379070376054
RN_ASCON_NoFOG,RN,ASCON,NoFOG,9,gateway_transport,gateway_B,RPi->PC,encrypt,20.0,37.3041,37.447,40.191750000000006,44.823,3639.6,4936.4,1296.8,35.63031277323347,1.356303127732335
RN_ASCON_NoFOG,RN,ASCON,NoFOG,9,server_transport,Asus,PC->RPi,encrypt,20.0,12.13165,11.653500000000001,15.119500000000002,17.903,3536.2,4797.8,1261.6,35.67672809706757,1.3567672809706752
RN_ASCON_NoFOG,RN,ASCON,NoFOG,9,server_transport,Asus,RPi->PC,decrypt,40.0,11.934175,10.8205,17.526849999999996,21.095,3638.95,4951.4,1312.45,36.066741749364425,1.3606674174936444
RN_ASCON_NoFOG,RN,ASCON,NoFOG,10,gateway_transport,gateway_A,ESP32->RPi,decrypt,600.0,3.466628333333333,4.111000000000001,4.914599999999999,9.156,115.57833333333333,232.3,116.72166666666666,101.23317996203349,2.0123317996203345
RN_ASCON_NoFOG,RN,ASCON,NoFOG,10,gateway_transport,gateway_B,ESP32->RPi,decrypt,601.0,3.6895956738768723,4.072,4.804,6.207,115.88352745424292,232.74043261231282,116.85690515806988,101.0717152765157,2.010717152765157
RN_ASCON_NoFOG,RN,ASCON,NoFOG,10,gateway_transport,gateway_A,PC->RPi,decrypt,20.0,31.524850000000004,31.5305,33.67415,33.943,3538.45,4801.4,1262.95,35.69218450929982,1.356921845092998
RN_ASCON_NoFOG,RN,ASCON,NoFOG,10,gateway_transport,gateway_B,PC->RPi,decrypt,20.0,36.648849999999996,34.902,40.97520000000003,74.571,3538.45,4801.4,1262.95,35.69218450929982,1.356921845092998
RN_ASCON_NoFOG,RN,ASCON,NoFOG,10,gateway_transport,gateway_A,RPi->ESP32,encrypt,20.0,33.43085000000001,32.7365,37.205349999999996,37.611,3538.45,4801.4,1262.95,35.69218450929982,1.356921845092998
RN_ASCON_NoFOG,RN,ASCON,NoFOG,10,gateway_transport,gateway_B,RPi->ESP32,encrypt,20.0,34.98095000000001,34.753,37.668350000000004,37.865,3538.45,4801.4,1262.95,35.69218450929982,1.356921845092998
RN_ASCON_NoFOG,RN,ASCON,NoFOG,10,gateway_transport,gateway_A,RPi->PC,encrypt,20.0,37.2552,36.7385,40.739050000000006,44.73,3640.3,4937.0,1296.7,35.62070289796073,1.356207028979607
RN_ASCON_NoFOG,RN,ASCON,NoFOG,10,gateway_transport,gateway_B,RPi->PC,encrypt,20.0,38.261,38.6715,41.396300000000004,41.972,3642.9,4940.4,1297.5,35.6172893926214,1.3561728939262139
RN_ASCON_NoFOG,RN,ASCON,NoFOG,10,server_transport,Asus,PC->RPi,encrypt,20.0,13.093,11.626999999999999,17.35445000000001,27.547,3538.45,4801.4,1262.95,35.69218450929982,1.356921845092998
RN_ASCON_NoFOG,RN,ASCON,NoFOG,10,server_transport,Asus,RPi->PC,decrypt,40.0,11.879475000000001,11.236,16.45184999999999,22.361,3641.6,4954.7,1313.1,36.058368615356265,1.3605836861535625
RN_ASCON_NoFOG,RN,ASCON,NoFOG,11,gateway_transport,gateway_A,ESP32->RPi,decrypt,600.0,3.1915899999999997,3.872,4.550349999999998,6.867,117.175,234.54666666666665,117.37166666666667,100.20065661479322,2.0020065661479323
RN_ASCON_NoFOG,RN,ASCON,NoFOG,11,gateway_transport,gateway_B,ESP32->RPi,decrypt,603.0,3.2815273631840793,3.886,4.7488,6.397,114.80265339966833,231.2620232172471,116.45936981757878,101.80349075587374,2.0180349075587376
RN_ASCON_NoFOG,RN,ASCON,NoFOG,11,gateway_transport,gateway_A,PC->RPi,decrypt,20.0,32.770599999999995,32.1295,35.275450000000006,37.165,3531.4,4791.8,1260.4,35.69122192188074,1.3569122192188077
RN_ASCON_NoFOG,RN,ASCON,NoFOG,11,gateway_transport,gateway_B,PC->RPi,decrypt,20.0,70.20345,76.0855,97.40805,110.538,3531.4,4791.8,1260.4,35.69122192188074,1.3569122192188077
RN_ASCON_NoFOG,RN,ASCON,NoFOG,11,gateway_transport,gateway_A,RPi->ESP32,encrypt,20.0,33.80375,33.973,35.77725,36.523,3531.4,4791.8,1260.4,35.69122192188074,1.3569122192188077
RN_ASCON_NoFOG,RN,ASCON,NoFOG,11,gateway_transport,gateway_B,RPi->ESP32,encrypt,20.0,42.466100000000004,36.343500000000006,56.3804,58.535,3531.4,4791.8,1260.4,35.69122192188074,1.3569122192188077
RN_ASCON_NoFOG,RN,ASCON,NoFOG,11,gateway_transport,gateway_A,RPi->PC,encrypt,20.0,35.9503,35.4155,37.868950000000005,46.969,3627.5,4920.2,1292.7,35.63610499074543,1.3563610499074543
RN_ASCON_NoFOG,RN,ASCON,NoFOG,11,gateway_transport,gateway_B,RPi->PC,encrypt,20.0,38.35465,37.67400000000001,46.11965,47.424,3639.6,4935.4,1295.8,35.602819948959585,1.3560281994895957
RN_ASCON_NoFOG,RN,ASCON,NoFOG,11,server_transport,Asus,PC->RPi,encrypt,20.0,12.31345,11.561,17.7754,18.106,3531.4,4791.8,1260.4,35.69122192188074,1.3569122192188077
RN_ASCON_NoFOG,RN,ASCON,NoFOG,11,server_transport,Asus,RPi->PC,decrypt,40.0,13.242349999999998,11.494,21.87915,22.797,3633.55,4943.8,1310.25,36.059807186247895,1.3605980718624788
RN_ASCON_NoFOG,RN,ASCON,NoFOG,12,gateway_transport,gateway_A,ESP32->RPi,decrypt,850.0,3.1988117647058822,3.892,4.53455,8.999,115.15176470588236,231.78117647058824,116.62941176470588,101.58098950537494,2.0158098950537497
RN_ASCON_NoFOG,RN,ASCON,NoFOG,12,gateway_transport,gateway_B,ESP32->RPi,decrypt,847.0,3.406410861865408,3.974,4.5625,8.206,115.41322314049587,232.06965761511216,116.65643447461629,101.35995185359593,2.013599518535959
RN_ASCON_NoFOG,RN,ASCON,NoFOG,12,gateway_transport,gateway_A,PC->RPi,decrypt,27.0,38.07255555555556,31.82,84.0611,92.148,3536.962962962963,4799.185185185185,1262.2222222222222,35.68660164277693,1.3568660164277693
RN_ASCON_NoFOG,RN,ASCON,NoFOG,12,gateway_transport,gateway_B,PC->RPi,decrypt,27.0,34.35262962962963,32.988,34.962199999999996,72.144,3536.962962962963,4799.185185185185,1262.2222222222222,35.68660164277693,1.3568660164277693
RN_ASCON_NoFOG,RN,ASCON,NoFOG,12,gateway_transport,gateway_A,RPi->ESP32,encrypt,27.0,34.63922222222222,33.544,41.1313,56.038,3536.962962962963,4799.185185185185,1262.2222222222222,35.68660164277693,1.3568660164277693
RN_ASCON_NoFOG,RN,ASCON,NoFOG,12,gateway_transport,gateway_B,RPi->ESP32,encrypt,27.0,34.23070370370371,34.305,36.440400000000004,38.589,3536.962962962963,4799.185185185185,1262.2222222222222,35.68660164277693,1.3568660164277693
RN_ASCON_NoFOG,RN,ASCON,NoFOG,12,gateway_transport,gateway_A,RPi->PC,encrypt,28.0,36.48339285714285,34.9885,46.36935,52.558,3639.6428571428573,4936.857142857143,1297.2142857142858,35.64126791490732,1.356412679149073
RN_ASCON_NoFOG,RN,ASCON,NoFOG,12,gateway_transport,gateway_B,RPi->PC,encrypt,28.0,35.22521428571429,34.897,37.887100000000004,44.335,3639.8928571428573,4936.285714285715,1296.392857142857,35.61624227831344,1.3561624227831344
RN_ASCON_NoFOG,RN,ASCON,NoFOG,12,server_transport,AcerNico,PC->RPi,encrypt,27.0,30.189481481481476,26.072,48.725699999999996,54.279,3536.962962962963,4799.185185185185,1262.2222222222222,35.68660164277693,1.3568660164277693
RN_ASCON_NoFOG,RN,ASCON,NoFOG,12,server_transport,AcerNico,RPi->PC,decrypt,54.0,28.90138888888889,25.3905,39.814,45.603,3639.6666666666665,4952.444444444444,1312.7777777777778,36.06863825266091,1.360686382526609
RN_ASCON_NoFOG,RN,ASCON,NoFOG,13,gateway_transport,gateway_A,ESP32->RPi,decrypt,696.0,2.926229885057471,3.4645,4.49575,5.228,115.49712643678161,232.24137931034483,116.74425287356321,101.39141943462607,2.0139141943462606
RN_ASCON_NoFOG,RN,ASCON,NoFOG,13,gateway_transport,gateway_B,ESP32->RPi,decrypt,695.0,2.8561510791366906,2.755,4.6400999999999994,9.33,115.2820143884892,231.95827338129496,116.67625899280576,101.49492355635023,2.014949235563502
RN_ASCON_NoFOG,RN,ASCON,NoFOG,13,gateway_transport,gateway_A,PC->RPi,decrypt,20.0,62.3192,72.78,91.96240000000002,100.159,3539.3,4802.4,1263.1,35.68783795564689,1.3568783795564687
RN_ASCON_NoFOG,RN,ASCON,NoFOG,13,gateway_transport,gateway_B,PC->RPi,decrypt,20.0,34.06705,33.471000000000004,38.695550000000004,44.71,3539.3,4802.4,1263.1,35.68783795564689,1.3568783795564687
RN_ASCON_NoFOG,RN,ASCON,NoFOG,13,gateway_transport,gateway_A,RPi->ESP32,encrypt,20.0,39.887800000000006,34.812,55.7028,59.917,3539.3,4802.4,1263.1,35.68783795564689,1.3568783795564687
RN_ASCON_NoFOG,RN,ASCON,NoFOG,13,gateway_transport,gateway_B,RPi->ESP32,encrypt,20.0,33.8179,33.5275,35.2733,35.906,3539.3,4802.4,1263.1,35.68783795564689,1.3568783795564687
RN_ASCON_NoFOG,RN,ASCON,NoFOG,13,gateway_transport,gateway_A,RPi->PC,encrypt,23.0,37.25482608695652,36.632,40.9248,42.368,3644.9565217391305,4943.565217391304,1298.608695652174,35.627552406124074,1.3562755240612407
RN_ASCON_NoFOG,RN,ASCON,NoFOG,13,gateway_transport,gateway_B,RPi->PC,encrypt,23.0,36.41726086956521,36.078,39.600899999999996,40.051,3639.8260869565215,4936.434782608696,1296.608695652174,35.6228551552402,1.356228551552402
RN_ASCON_NoFOG,RN,ASCON,NoFOG,13,server_transport,AcerNico,PC->RPi,encrypt,20.0,27.641399999999997,25.7705,33.262350000000005,41.268,3539.3,4802.4,1263.1,35.68783795564689,1.3568783795564687
RN_ASCON_NoFOG,RN,ASCON,NoFOG,13,server_transport,AcerNico,RPi->PC,decrypt,40.0,29.319799999999997,25.201999999999998,46.10664999999999,54.602,3641.975,4955.5,1313.525,36.0663041620936,1.360663041620936
RN_ASCON_NoFOG,RN,ASCON,NoFOG,14,gateway_transport,gateway_A,ESP32->RPi,decrypt,690.0,3.316091304347826,3.9284999999999997,4.544449999999999,7.592,115.42608695652174,232.11884057971014,116.69275362318841,101.35568384902123,2.0135568384902123
RN_ASCON_NoFOG,RN,ASCON,NoFOG,14,gateway_transport,gateway_B,ESP32->RPi,decrypt,691.0,3.4114167872648333,3.976,4.6545000000000005,8.579,114.96382054992765,231.4602026049204,116.49638205499276,101.70233668286173,2.0170233668286173
RN_ASCON_NoFOG,RN,ASCON,NoFOG,14,gateway_transport,gateway_A,PC->RPi,decrypt,22.0,34.33445454545455,32.164,36.08835,72.145,3539.2272727272725,4802.181818181818,1262.9545454545455,35.684484253439294,1.3568448425343929
RN_ASCON_NoFOG,RN,ASCON,NoFOG,14,gateway_transport,gateway_B,PC->RPi,decrypt,22.0,32.87,32.805,35.03965,35.786,3539.2272727272725,4802.181818181818,1262.9545454545455,35.684484253439294,1.3568448425343929
RN_ASCON_NoFOG,RN,ASCON,NoFOG,14,gateway_transport,gateway_A,RPi->ESP32,encrypt,22.0,34.16250000000001,34.2175,38.0701,38.262,3539.2272727272725,4802.181818181818,1262.9545454545455,35.684484253439294,1.3568448425343929
RN_ASCON_NoFOG,RN,ASCON,NoFOG,14,gateway_transport,gateway_B,RPi->ESP32,encrypt,22.0,34.96777272727273,35.63,37.97605,39.68,3539.2272727272725,4802.181818181818,1262.9545454545455,35.684484253439294,1.3568448425343929
RN_ASCON_NoFOG,RN,ASCON,NoFOG,14,gateway_transport,gateway_A,RPi->PC,encrypt,23.0,37.86682608695653,35.574,51.38549999999999,54.826,3645.5652173913045,4944.608695652174,1299.0434782608695,35.63355862681141,1.356335586268114
RN_ASCON_NoFOG,RN,ASCON,NoFOG,14,gateway_transport,gateway_B,RPi->PC,encrypt,23.0,36.05404347826087,36.362,39.4628,39.554,3643.086956521739,4940.434782608696,1297.3478260869565,35.61123603865978,1.3561123603865979
RN_ASCON_NoFOG,RN,ASCON,NoFOG,14,server_transport,AcerNico,PC->RPi,encrypt,22.0,29.42077272727273,26.807499999999997,42.95484999999999,49.186,3539.2272727272725,4802.181818181818,1262.9545454545455,35.684484253439294,1.3568448425343929
RN_ASCON_NoFOG,RN,ASCON,NoFOG,14,server_transport,AcerNico,RPi->PC,decrypt,44.0,30.77793181818182,27.3245,48.048850000000016,91.751,3644.6363636363635,4958.909090909091,1314.2727272727273,36.06048516502521,1.3606048516502525
RN_ASCON_NoFOG,RN,ASCON,NoFOG,15,gateway_transport,gateway_A,ESP32->RPi,decrypt,1036.0,3.3177413127413127,3.9145000000000003,4.634,7.556,115.10135135135135,231.65637065637065,116.5550193050193,101.57750320776911,2.0157750320776913
RN_ASCON_NoFOG,RN,ASCON,NoFOG,15,gateway_transport,gateway_B,ESP32->RPi,decrypt,1036.0,3.3086409266409267,3.949,4.66125,8.771,114.67857142857143,231.1003861003861,116.42181467181467,101.91067667822787,2.0191067667822784
RN_ASCON_NoFOG,RN,ASCON,NoFOG,15,gateway_transport,gateway_A,PC->RPi,decrypt,23.0,37.20221739130435,32.382,69.17709999999998,82.919,3538.4347826086955,4800.95652173913,1262.5217391304348,35.6802484129507,1.356802484129507
RN_ASCON_NoFOG,RN,ASCON,NoFOG,15,gateway_transport,gateway_B,PC->RPi,decrypt,23.0,33.825565217391315,33.612,37.931599999999996,38.573,3538.4347826086955,4800.95652173913,1262.5217391304348,35.6802484129507,1.356802484129507
RN_ASCON_NoFOG,RN,ASCON,NoFOG,15,gateway_transport,gateway_A,RPi->ESP32,encrypt,23.0,35.45369565217391,33.958,36.957899999999995,65.194,3538.4347826086955,4800.95652173913,1262.5217391304348,35.6802484129507,1.356802484129507
RN_ASCON_NoFOG,RN,ASCON,NoFOG,15,gateway_transport,gateway_B,RPi->ESP32,encrypt,23.0,34.27343478260869,33.959,38.162,39.298,3538.4347826086955,4800.95652173913,1262.5217391304348,35.6802484129507,1.356802484129507
RN_ASCON_NoFOG,RN,ASCON,NoFOG,15,gateway_transport,gateway_A,RPi->PC,encrypt,34.0,36.79611764705882,35.949,44.92094999999998,51.592,3639.5882352941176,4936.235294117647,1296.6470588235295,35.62622207786518,1.3562622207786517
RN_ASCON_NoFOG,RN,ASCON,NoFOG,15,gateway_transport,gateway_B,RPi->PC,encrypt,34.0,36.515352941176474,36.129999999999995,38.76405,51.957,3642.8529411764707,4940.35294117647,1297.5,35.617725383515506,1.356177253835155
RN_ASCON_NoFOG,RN,ASCON,NoFOG,15,server_transport,AcerNico,PC->RPi,encrypt,23.0,26.45704347826087,25.215,32.80819999999999,39.797,3538.4347826086955,4800.95652173913,1262.5217391304348,35.6802484129507,1.356802484129507
RN_ASCON_NoFOG,RN,ASCON,NoFOG,15,server_transport,AcerNico,RPi->PC,decrypt,47.0,32.634957446808514,25.378,44.102199999999996,227.675,3641.148936170213,4954.0,1312.8510638297873,36.05599530537365,1.3605599530537364
RN_PLAIN_FOG,RN,PLAIN,FOG,2,gateway_transport,gateway_A,ESP32->RPi,decrypt,602.0,0.10693023255813953,0.093,0.20279999999999973,0.557,111.57641196013289,111.57641196013289,0.0,0.0,1.0
RN_PLAIN_FOG,RN,PLAIN,FOG,2,gateway_transport,gateway_B,ESP32->RPi,decrypt,604.0,0.10540562913907285,0.114,0.14885,0.258,117.02814569536424,117.02814569536424,0.0,0.0,1.0
RN_PLAIN_FOG,RN,PLAIN,FOG,2,gateway_transport,gateway_A,PC->RPi,decrypt,20.0,0.28290000000000004,0.2695,0.37695000000000006,0.433,3534.45,3534.45,0.0,0.0,1.0
RN_PLAIN_FOG,RN,PLAIN,FOG,2,gateway_transport,gateway_A,RPi->ESP32,encrypt,20.0,0.502,0.491,0.6330500000000001,0.748,3534.45,3534.45,0.0,0.0,1.0
RN_PLAIN_FOG,RN,PLAIN,FOG,2,gateway_transport,gateway_B,RPi->ESP32,encrypt,20.0,0.5210000000000001,0.385,1.02935,1.15,3534.45,3534.45,0.0,0.0,1.0
RN_PLAIN_FOG,RN,PLAIN,FOG,2,gateway_transport,gateway_A,RPi->PC,encrypt,20.0,0.49775,0.444,0.7246500000000001,0.87,3651.25,3651.25,0.0,0.0,1.0
RN_PLAIN_FOG,RN,PLAIN,FOG,2,gateway_transport,gateway_B,RPi_leader->RPi_peer,decrypt,20.0,0.31754999999999994,0.238,0.62555,0.674,3534.45,3534.45,0.0,0.0,1.0
RN_PLAIN_FOG,RN,PLAIN,FOG,2,gateway_transport,gateway_A,RPi_leader->RPi_peer,encrypt,20.0,0.5356,0.45,0.676200000000001,2.086,3534.45,3534.45,0.0,0.0,1.0
RN_PLAIN_FOG,RN,PLAIN,FOG,2,gateway_transport,gateway_A,RPi_peer->RPi_leader,decrypt,20.0,0.4022,0.272,0.6362500000000001,0.774,3632.7,3632.7,0.0,0.0,1.0
RN_PLAIN_FOG,RN,PLAIN,FOG,2,gateway_transport,gateway_B,RPi_peer->RPi_leader,encrypt,20.0,0.46419999999999995,0.4435,0.5963999999999999,0.604,3632.7,3632.7,0.0,0.0,1.0
RN_PLAIN_FOG,RN,PLAIN,FOG,2,server_transport,AcerNico,PC->RPi,encrypt,20.0,0.40260000000000007,0.3835,0.5038500000000002,0.862,3534.45,3534.45,0.0,0.0,1.0
RN_PLAIN_FOG,RN,PLAIN,FOG,2,server_transport,AcerNico,RPi->PC,decrypt,20.0,0.0,0.0,0.0,0.0,3651.25,3651.25,0.0,0.0,1.0
RN_PLAIN_FOG,RN,PLAIN,FOG,3,gateway_transport,gateway_A,ESP32->RPi,decrypt,613.0,0.10520228384991843,0.12,0.145,0.25,115.46492659053834,115.46492659053834,0.0,0.0,1.0
RN_PLAIN_FOG,RN,PLAIN,FOG,3,gateway_transport,gateway_B,ESP32->RPi,decrypt,612.0,0.10850653594771242,0.121,0.1606999999999996,0.268,115.89542483660131,115.89542483660131,0.0,0.0,1.0
RN_PLAIN_FOG,RN,PLAIN,FOG,3,gateway_transport,gateway_A,PC->RPi,decrypt,20.0,0.30699999999999994,0.2865,0.4158,0.431,3536.6,3536.6,0.0,0.0,1.0
RN_PLAIN_FOG,RN,PLAIN,FOG,3,gateway_transport,gateway_A,RPi->ESP32,encrypt,20.0,0.46880000000000005,0.478,0.5833,0.722,3536.6,3536.6,0.0,0.0,1.0
RN_PLAIN_FOG,RN,PLAIN,FOG,3,gateway_transport,gateway_B,RPi->ESP32,encrypt,20.0,0.4124,0.386,0.5625000000000001,0.724,3536.6,3536.6,0.0,0.0,1.0
RN_PLAIN_FOG,RN,PLAIN,FOG,3,gateway_transport,gateway_A,RPi->PC,encrypt,20.0,0.4453499999999999,0.383,0.70215,0.762,3652.9,3652.9,0.0,0.0,1.0
RN_PLAIN_FOG,RN,PLAIN,FOG,3,gateway_transport,gateway_B,RPi_leader->RPi_peer,decrypt,20.0,0.24415,0.227,0.2973000000000001,0.455,3536.6,3536.6,0.0,0.0,1.0
RN_PLAIN_FOG,RN,PLAIN,FOG,3,gateway_transport,gateway_A,RPi_leader->RPi_peer,encrypt,20.0,0.48674999999999996,0.405,0.7697000000000005,1.448,3536.6,3536.6,0.0,0.0,1.0
RN_PLAIN_FOG,RN,PLAIN,FOG,3,gateway_transport,gateway_A,RPi_peer->RPi_leader,decrypt,20.0,0.2723500000000001,0.233,0.37895000000000023,0.701,3638.0,3638.0,0.0,0.0,1.0
RN_PLAIN_FOG,RN,PLAIN,FOG,3,gateway_transport,gateway_B,RPi_peer->RPi_leader,encrypt,20.0,0.48525,0.4645,0.62705,0.647,3638.0,3638.0,0.0,0.0,1.0
RN_PLAIN_FOG,RN,PLAIN,FOG,3,server_transport,AcerNico,PC->RPi,encrypt,20.0,0.39915,0.3885,0.5720000000000002,0.781,3536.6,3536.6,0.0,0.0,1.0
RN_PLAIN_FOG,RN,PLAIN,FOG,3,server_transport,AcerNico,RPi->PC,decrypt,20.0,0.0,0.0,0.0,0.0,3652.9,3652.9,0.0,0.0,1.0
RN_PLAIN_FOG,RN,PLAIN,FOG,4,gateway_transport,gateway_A,ESP32->RPi,decrypt,607.0,0.10129159802306426,0.097,0.1446999999999999,0.226,115.30148270181219,115.30148270181219,0.0,0.0,1.0
RN_PLAIN_FOG,RN,PLAIN,FOG,4,gateway_transport,gateway_B,ESP32->RPi,decrypt,602.0,0.11168106312292359,0.123,0.1498499999999998,1.091,117.13787375415282,117.13787375415282,0.0,0.0,1.0
RN_PLAIN_FOG,RN,PLAIN,FOG,4,gateway_transport,gateway_A,PC->RPi,decrypt,20.0,0.34715000000000007,0.2975,0.5227,0.593,3535.1,3535.1,0.0,0.0,1.0
RN_PLAIN_FOG,RN,PLAIN,FOG,4,gateway_transport,gateway_A,RPi->ESP32,encrypt,20.0,0.49725,0.4625,0.6579500000000003,0.999,3535.1,3535.1,0.0,0.0,1.0
RN_PLAIN_FOG,RN,PLAIN,FOG,4,gateway_transport,gateway_B,RPi->ESP32,encrypt,20.0,0.4226,0.4085,0.55645,0.565,3535.1,3535.1,0.0,0.0,1.0
RN_PLAIN_FOG,RN,PLAIN,FOG,4,gateway_transport,gateway_A,RPi->PC,encrypt,20.0,0.4843,0.3895,0.96325,1.063,3650.7,3650.7,0.0,0.0,1.0
RN_PLAIN_FOG,RN,PLAIN,FOG,4,gateway_transport,gateway_B,RPi_leader->RPi_peer,decrypt,20.0,0.23215,0.2235,0.27330000000000004,0.298,3535.1,3535.1,0.0,0.0,1.0
RN_PLAIN_FOG,RN,PLAIN,FOG,4,gateway_transport,gateway_A,RPi_leader->RPi_peer,encrypt,20.0,0.53695,0.469,0.7834000000000004,1.361,3535.1,3535.1,0.0,0.0,1.0
RN_PLAIN_FOG,RN,PLAIN,FOG,4,gateway_transport,gateway_A,RPi_peer->RPi_leader,decrypt,20.0,0.3011999999999999,0.2385,0.6193,0.625,3629.35,3629.35,0.0,0.0,1.0
RN_PLAIN_FOG,RN,PLAIN,FOG,4,gateway_transport,gateway_B,RPi_peer->RPi_leader,encrypt,20.0,0.5005999999999999,0.4685,0.6448500000000001,0.756,3629.35,3629.35,0.0,0.0,1.0
RN_PLAIN_FOG,RN,PLAIN,FOG,4,server_transport,AcerNico,PC->RPi,encrypt,20.0,0.5058500000000001,0.422,0.8509500000000001,1.059,3535.1,3535.1,0.0,0.0,1.0
RN_PLAIN_FOG,RN,PLAIN,FOG,4,server_transport,AcerNico,RPi->PC,decrypt,20.0,0.0,0.0,0.0,0.0,3650.7,3650.7,0.0,0.0,1.0
RN_PLAIN_NoFOG,RN,PLAIN,NoFOG,16,gateway_transport,gateway_A,ESP32->RPi,decrypt,601.0,0.1136838602329451,0.133,0.146,0.241,112.50083194675541,112.50083194675541,0.0,0.0,1.0
RN_PLAIN_NoFOG,RN,PLAIN,NoFOG,16,gateway_transport,gateway_B,ESP32->RPi,decrypt,600.0,0.13714333333333334,0.147,0.1810999999999999,0.305,116.79333333333334,116.79333333333334,0.0,0.0,1.0
RN_PLAIN_NoFOG,RN,PLAIN,NoFOG,16,gateway_transport,gateway_A,PC->RPi,decrypt,19.0,0.359,0.307,0.6644,0.686,3538.0526315789475,3538.0526315789475,0.0,0.0,1.0
RN_PLAIN_NoFOG,RN,PLAIN,NoFOG,16,gateway_transport,gateway_B,PC->RPi,decrypt,19.0,0.2493157894736842,0.238,0.2867999999999997,0.42,3538.0526315789475,3538.0526315789475,0.0,0.0,1.0
RN_PLAIN_NoFOG,RN,PLAIN,NoFOG,16,gateway_transport,gateway_A,RPi->ESP32,encrypt,19.0,0.5542105263157895,0.44,1.0063999999999997,1.082,3538.0526315789475,3538.0526315789475,0.0,0.0,1.0
RN_PLAIN_NoFOG,RN,PLAIN,NoFOG,16,gateway_transport,gateway_B,RPi->ESP32,encrypt,19.0,0.39521052631578946,0.375,0.4475999999999992,0.759,3538.0526315789475,3538.0526315789475,0.0,0.0,1.0
RN_PLAIN_NoFOG,RN,PLAIN,NoFOG,16,gateway_transport,gateway_A,RPi->PC,encrypt,20.0,0.45809999999999995,0.4285,0.5769500000000001,0.671,3641.75,3641.75,0.0,0.0,1.0
RN_PLAIN_NoFOG,RN,PLAIN,NoFOG,16,gateway_transport,gateway_B,RPi->PC,encrypt,20.0,0.45994999999999997,0.432,0.5763,0.677,3633.05,3633.05,0.0,0.0,1.0
RN_PLAIN_NoFOG,RN,PLAIN,NoFOG,16,server_transport,Asus,PC->RPi,encrypt,20.0,0.20145,0.1935,0.24735000000000001,0.292,3537.95,3537.95,0.0,0.0,1.0
RN_PLAIN_NoFOG,RN,PLAIN,NoFOG,16,server_transport,Asus,RPi->PC,decrypt,40.0,0.0,0.0,0.0,0.0,3637.4,3637.4,0.0,0.0,1.0
RN_PLAIN_NoFOG,RN,PLAIN,NoFOG,17,gateway_transport,gateway_A,ESP32->RPi,decrypt,926.0,0.11636177105831534,0.135,0.15625,0.26,115.28401727861771,115.28401727861771,0.0,0.0,1.0
RN_PLAIN_NoFOG,RN,PLAIN,NoFOG,17,gateway_transport,gateway_B,ESP32->RPi,decrypt,925.0,0.13557837837837838,0.146,0.19779999999999998,0.308,115.27675675675675,115.27675675675675,0.0,0.0,1.0
RN_PLAIN_NoFOG,RN,PLAIN,NoFOG,17,gateway_transport,gateway_A,PC->RPi,decrypt,30.0,0.5588666666666666,0.586,0.68,0.691,3529.266666666667,3529.266666666667,0.0,0.0,1.0
RN_PLAIN_NoFOG,RN,PLAIN,NoFOG,17,gateway_transport,gateway_B,PC->RPi,decrypt,30.0,0.24943333333333334,0.2405,0.301,0.317,3529.266666666667,3529.266666666667,0.0,0.0,1.0
RN_PLAIN_NoFOG,RN,PLAIN,NoFOG,17,gateway_transport,gateway_A,RPi->ESP32,encrypt,30.0,0.9414333333333335,1.004,1.1115,1.389,3529.266666666667,3529.266666666667,0.0,0.0,1.0
RN_PLAIN_NoFOG,RN,PLAIN,NoFOG,17,gateway_transport,gateway_B,RPi->ESP32,encrypt,30.0,0.39523333333333344,0.3815,0.45565,0.622,3529.266666666667,3529.266666666667,0.0,0.0,1.0
RN_PLAIN_NoFOG,RN,PLAIN,NoFOG,17,gateway_transport,gateway_A,RPi->PC,encrypt,30.0,0.44956666666666667,0.425,0.5160999999999999,0.816,3634.233333333333,3634.233333333333,0.0,0.0,1.0
RN_PLAIN_NoFOG,RN,PLAIN,NoFOG,17,gateway_transport,gateway_B,RPi->PC,encrypt,30.0,0.47850000000000004,0.4625,0.5561999999999999,0.772,3634.4666666666667,3634.4666666666667,0.0,0.0,1.0
RN_PLAIN_NoFOG,RN,PLAIN,NoFOG,17,server_transport,Asus,PC->RPi,encrypt,30.0,0.19660000000000005,0.197,0.2579499999999999,0.284,3529.266666666667,3529.266666666667,0.0,0.0,1.0
RN_PLAIN_NoFOG,RN,PLAIN,NoFOG,17,server_transport,Asus,RPi->PC,decrypt,60.0,0.0,0.0,0.0,0.0,3634.35,3634.35,0.0,0.0,1.0
RN_PLAIN_NoFOG,RN,PLAIN,NoFOG,18,gateway_transport,gateway_A,ESP32->RPi,decrypt,604.0,0.11500827814569536,0.1275,0.17495000000000016,0.421,115.79966887417218,115.79966887417218,0.0,0.0,1.0
RN_PLAIN_NoFOG,RN,PLAIN,NoFOG,18,gateway_transport,gateway_B,ESP32->RPi,decrypt,608.0,0.13436348684210528,0.147,0.162,0.313,116.87335526315789,116.87335526315789,0.0,0.0,1.0
RN_PLAIN_NoFOG,RN,PLAIN,NoFOG,18,gateway_transport,gateway_A,PC->RPi,decrypt,20.0,0.29435,0.28,0.40525000000000005,0.429,3534.25,3534.25,0.0,0.0,1.0
RN_PLAIN_NoFOG,RN,PLAIN,NoFOG,18,gateway_transport,gateway_B,PC->RPi,decrypt,20.0,0.5478,0.61,0.7187,0.732,3534.25,3534.25,0.0,0.0,1.0
RN_PLAIN_NoFOG,RN,PLAIN,NoFOG,18,gateway_transport,gateway_A,RPi->ESP32,encrypt,20.0,0.4314000000000001,0.4,0.60145,0.705,3534.25,3534.25,0.0,0.0,1.0
RN_PLAIN_NoFOG,RN,PLAIN,NoFOG,18,gateway_transport,gateway_B,RPi->ESP32,encrypt,20.0,0.9111,1.0350000000000001,1.22065,1.347,3534.25,3534.25,0.0,0.0,1.0
RN_PLAIN_NoFOG,RN,PLAIN,NoFOG,18,gateway_transport,gateway_A,RPi->PC,encrypt,20.0,0.43570000000000003,0.4295,0.48310000000000003,0.523,3637.1,3637.1,0.0,0.0,1.0
RN_PLAIN_NoFOG,RN,PLAIN,NoFOG,18,gateway_transport,gateway_B,RPi->PC,encrypt,20.0,0.5630499999999999,0.456,0.6665500000000013,2.482,3626.85,3626.85,0.0,0.0,1.0
RN_PLAIN_NoFOG,RN,PLAIN,NoFOG,18,server_transport,Asus,PC->RPi,encrypt,20.0,0.20659999999999998,0.2165,0.2643500000000001,0.347,3534.25,3534.25,0.0,0.0,1.0
RN_PLAIN_NoFOG,RN,PLAIN,NoFOG,18,server_transport,Asus,RPi->PC,decrypt,40.0,0.0,0.0,0.0,0.0,3631.975,3631.975,0.0,0.0,1.0
RN_PLAIN_NoFOG,RN,PLAIN,NoFOG,19,gateway_transport,gateway_A,ESP32->RPi,decrypt,600.0,0.11757666666666665,0.1295,0.15304999999999996,0.5,115.01,115.01,0.0,0.0,1.0
RN_PLAIN_NoFOG,RN,PLAIN,NoFOG,19,gateway_transport,gateway_B,ESP32->RPi,decrypt,601.0,0.1376422628951747,0.149,0.167,0.29,116.74376039933445,116.74376039933445,0.0,0.0,1.0
RN_PLAIN_NoFOG,RN,PLAIN,NoFOG,19,gateway_transport,gateway_A,PC->RPi,decrypt,20.0,0.2815,0.2695,0.38915000000000005,0.449,3535.4,3535.4,0.0,0.0,1.0
RN_PLAIN_NoFOG,RN,PLAIN,NoFOG,19,gateway_transport,gateway_B,PC->RPi,decrypt,19.0,0.43942105263157893,0.534,0.6414,0.654,3535.1052631578946,3535.1052631578946,0.0,0.0,1.0
RN_PLAIN_NoFOG,RN,PLAIN,NoFOG,19,gateway_transport,gateway_A,RPi->ESP32,encrypt,20.0,0.44645,0.4335,0.5172000000000001,0.673,3535.4,3535.4,0.0,0.0,1.0
RN_PLAIN_NoFOG,RN,PLAIN,NoFOG,19,gateway_transport,gateway_B,RPi->ESP32,encrypt,19.0,0.7121578947368421,0.843,1.1184,1.122,3535.1052631578946,3535.1052631578946,0.0,0.0,1.0
RN_PLAIN_NoFOG,RN,PLAIN,NoFOG,19,gateway_transport,gateway_A,RPi->PC,encrypt,20.0,0.44795000000000007,0.4385,0.49700000000000005,0.535,3635.7,3635.7,0.0,0.0,1.0
RN_PLAIN_NoFOG,RN,PLAIN,NoFOG,19,gateway_transport,gateway_B,RPi->PC,encrypt,20.0,0.45575,0.448,0.51105,0.531,3628.9,3628.9,0.0,0.0,1.0
RN_PLAIN_NoFOG,RN,PLAIN,NoFOG,19,server_transport,Asus,PC->RPi,encrypt,20.0,0.18155,0.1885,0.22525,0.23,3535.4,3535.4,0.0,0.0,1.0
RN_PLAIN_NoFOG,RN,PLAIN,NoFOG,19,server_transport,Asus,RPi->PC,decrypt,40.0,0.0,0.0,0.0,0.0,3632.3,3632.3,0.0,0.0,1.0
RN_PLAIN_NoFOG,RN,PLAIN,NoFOG,20,gateway_transport,gateway_A,ESP32->RPi,decrypt,616.0,0.11316883116883117,0.132,0.148,0.257,115.38798701298701,115.38798701298701,0.0,0.0,1.0
RN_PLAIN_NoFOG,RN,PLAIN,NoFOG,20,gateway_transport,gateway_B,ESP32->RPi,decrypt,623.0,0.10976886035313001,0.116,0.152,0.637,117.08186195826646,117.08186195826646,0.0,0.0,1.0
RN_PLAIN_NoFOG,RN,PLAIN,NoFOG,20,gateway_transport,gateway_A,PC->RPi,decrypt,20.0,0.29764999999999997,0.2675,0.43865000000000026,0.812,3540.55,3540.55,0.0,0.0,1.0
RN_PLAIN_NoFOG,RN,PLAIN,NoFOG,20,gateway_transport,gateway_B,PC->RPi,decrypt,20.0,0.28579999999999994,0.232,0.62935,0.636,3540.55,3540.55,0.0,0.0,1.0
RN_PLAIN_NoFOG,RN,PLAIN,NoFOG,20,gateway_transport,gateway_A,RPi->ESP32,encrypt,20.0,0.46579999999999994,0.4135,0.5973000000000004,1.154,3540.55,3540.55,0.0,0.0,1.0
RN_PLAIN_NoFOG,RN,PLAIN,NoFOG,20,gateway_transport,gateway_B,RPi->ESP32,encrypt,20.0,0.4747,0.385,0.96765,1.056,3540.55,3540.55,0.0,0.0,1.0
RN_PLAIN_NoFOG,RN,PLAIN,NoFOG,20,gateway_transport,gateway_A,RPi->PC,encrypt,20.0,0.45439999999999997,0.4395,0.5584000000000001,0.68,3642.0,3642.0,0.0,0.0,1.0
RN_PLAIN_NoFOG,RN,PLAIN,NoFOG,20,gateway_transport,gateway_B,RPi->PC,encrypt,20.0,0.487,0.473,0.60245,0.649,3634.9,3634.9,0.0,0.0,1.0
RN_PLAIN_NoFOG,RN,PLAIN,NoFOG,20,server_transport,Asus,PC->RPi,encrypt,20.0,0.20655,0.2075,0.2563500000000001,0.358,3540.55,3540.55,0.0,0.0,1.0
RN_PLAIN_NoFOG,RN,PLAIN,NoFOG,20,server_transport,Asus,RPi->PC,decrypt,40.0,0.0,0.0,0.0,0.0,3638.45,3638.45,0.0,0.0,1.0
RN_PLAIN_NoFOG,RN,PLAIN,NoFOG,21,gateway_transport,gateway_A,ESP32->RPi,decrypt,601.0,0.11472212978369384,0.134,0.175,0.237,115.33444259567388,115.33444259567388,0.0,0.0,1.0
RN_PLAIN_NoFOG,RN,PLAIN,NoFOG,21,gateway_transport,gateway_B,ESP32->RPi,decrypt,599.0,0.1370684474123539,0.147,0.1801,0.287,116.85976627712854,116.85976627712854,0.0,0.0,1.0
RN_PLAIN_NoFOG,RN,PLAIN,NoFOG,21,gateway_transport,gateway_A,PC->RPi,decrypt,19.0,0.33552631578947373,0.325,0.44989999999999986,0.521,3532.0526315789475,3532.0526315789475,0.0,0.0,1.0
RN_PLAIN_NoFOG,RN,PLAIN,NoFOG,21,gateway_transport,gateway_B,PC->RPi,decrypt,19.0,0.5395263157894737,0.628,0.7363999999999999,0.749,3532.0526315789475,3532.0526315789475,0.0,0.0,1.0
RN_PLAIN_NoFOG,RN,PLAIN,NoFOG,21,gateway_transport,gateway_A,RPi->ESP32,encrypt,19.0,0.4941578947368421,0.451,0.6984999999999999,0.721,3532.0526315789475,3532.0526315789475,0.0,0.0,1.0
RN_PLAIN_NoFOG,RN,PLAIN,NoFOG,21,gateway_transport,gateway_B,RPi->ESP32,encrypt,19.0,0.8706315789473685,1.035,1.1103,1.113,3532.0526315789475,3532.0526315789475,0.0,0.0,1.0
RN_PLAIN_NoFOG,RN,PLAIN,NoFOG,21,gateway_transport,gateway_A,RPi->PC,encrypt,20.0,0.44855,0.438,0.4918,0.564,3635.45,3635.45,0.0,0.0,1.0
RN_PLAIN_NoFOG,RN,PLAIN,NoFOG,21,gateway_transport,gateway_B,RPi->PC,encrypt,19.0,0.470578947368421,0.474,0.5053,0.508,3625.9473684210525,3625.9473684210525,0.0,0.0,1.0
RN_PLAIN_NoFOG,RN,PLAIN,NoFOG,21,server_transport,Asus,PC->RPi,encrypt,19.0,0.18294736842105264,0.171,0.22949999999999984,0.297,3532.0526315789475,3532.0526315789475,0.0,0.0,1.0
RN_PLAIN_NoFOG,RN,PLAIN,NoFOG,21,server_transport,Asus,RPi->PC,decrypt,39.0,0.0,0.0,0.0,0.0,3630.8205128205127,3630.8205128205127,0.0,0.0,1.0
RN_PLAIN_NoFOG,RN,PLAIN,NoFOG,22,gateway_transport,gateway_A,ESP32->RPi,decrypt,602.0,0.11771262458471761,0.134,0.148,0.226,115.14784053156146,115.14784053156146,0.0,0.0,1.0
RN_PLAIN_NoFOG,RN,PLAIN,NoFOG,22,gateway_transport,gateway_B,ESP32->RPi,decrypt,607.0,0.13263261943986823,0.145,0.188,0.288,116.84514003294893,116.84514003294893,0.0,0.0,1.0
RN_PLAIN_NoFOG,RN,PLAIN,NoFOG,22,gateway_transport,gateway_A,PC->RPi,decrypt,20.0,0.26075,0.2435,0.35905,0.379,3537.05,3537.05,0.0,0.0,1.0
RN_PLAIN_NoFOG,RN,PLAIN,NoFOG,22,gateway_transport,gateway_B,PC->RPi,decrypt,20.0,0.5101,0.6114999999999999,0.69175,0.706,3537.05,3537.05,0.0,0.0,1.0
RN_PLAIN_NoFOG,RN,PLAIN,NoFOG,22,gateway_transport,gateway_A,RPi->ESP32,encrypt,20.0,0.4415,0.415,0.5682499999999999,0.592,3537.05,3537.05,0.0,0.0,1.0
RN_PLAIN_NoFOG,RN,PLAIN,NoFOG,22,gateway_transport,gateway_B,RPi->ESP32,encrypt,20.0,0.87245,1.0535,1.18815,1.267,3537.05,3537.05,0.0,0.0,1.0
RN_PLAIN_NoFOG,RN,PLAIN,NoFOG,22,gateway_transport,gateway_A,RPi->PC,encrypt,20.0,0.44375,0.439,0.46075000000000005,0.532,3643.55,3643.55,0.0,0.0,1.0
RN_PLAIN_NoFOG,RN,PLAIN,NoFOG,22,gateway_transport,gateway_B,RPi->PC,encrypt,20.0,0.45389999999999997,0.4555,0.4892,0.512,3633.35,3633.35,0.0,0.0,1.0
RN_PLAIN_NoFOG,RN,PLAIN,NoFOG,22,server_transport,Asus,PC->RPi,encrypt,20.0,0.19375,0.19,0.22815000000000002,0.25,3537.05,3537.05,0.0,0.0,1.0
RN_PLAIN_NoFOG,RN,PLAIN,NoFOG,22,server_transport,Asus,RPi->PC,decrypt,40.0,0.0,0.0,0.0,0.0,3638.45,3638.45,0.0,0.0,1.0
RN_PLAIN_NoFOG,RN,PLAIN,NoFOG,23,gateway_transport,gateway_A,ESP32->RPi,decrypt,606.0,0.11732673267326732,0.135,0.15975,0.26,115.56600660066006,115.56600660066006,0.0,0.0,1.0
RN_PLAIN_NoFOG,RN,PLAIN,NoFOG,23,gateway_transport,gateway_B,ESP32->RPi,decrypt,605.0,0.12191570247933886,0.132,0.154,0.301,115.2892561983471,115.2892561983471,0.0,0.0,1.0
RN_PLAIN_NoFOG,RN,PLAIN,NoFOG,23,gateway_transport,gateway_A,PC->RPi,decrypt,20.0,0.25565000000000004,0.23249999999999998,0.3472000000000002,0.579,3535.75,3535.75,0.0,0.0,1.0
RN_PLAIN_NoFOG,RN,PLAIN,NoFOG,23,gateway_transport,gateway_B,PC->RPi,decrypt,20.0,0.2832,0.2715,0.38345,0.43,3535.75,3535.75,0.0,0.0,1.0
RN_PLAIN_NoFOG,RN,PLAIN,NoFOG,23,gateway_transport,gateway_A,RPi->ESP32,encrypt,20.0,0.4112,0.3765,0.4465000000000004,1.007,3535.75,3535.75,0.0,0.0,1.0
RN_PLAIN_NoFOG,RN,PLAIN,NoFOG,23,gateway_transport,gateway_B,RPi->ESP32,encrypt,20.0,0.42889999999999995,0.3955,0.5929,0.629,3535.75,3535.75,0.0,0.0,1.0
RN_PLAIN_NoFOG,RN,PLAIN,NoFOG,23,gateway_transport,gateway_A,RPi->PC,encrypt,20.0,0.44159999999999994,0.4375,0.47325,0.516,3641.15,3641.15,0.0,0.0,1.0
RN_PLAIN_NoFOG,RN,PLAIN,NoFOG,23,gateway_transport,gateway_B,RPi->PC,encrypt,20.0,0.475,0.451,0.5427500000000002,0.709,3640.4,3640.4,0.0,0.0,1.0
RN_PLAIN_NoFOG,RN,PLAIN,NoFOG,23,server_transport,Asus,PC->RPi,encrypt,20.0,0.22220000000000004,0.216,0.31230000000000013,0.527,3535.75,3535.75,0.0,0.0,1.0
RN_PLAIN_NoFOG,RN,PLAIN,NoFOG,23,server_transport,Asus,RPi->PC,decrypt,40.0,0.0,0.0,0.0,0.0,3640.775,3640.775,0.0,0.0,1.0
RN_PLAIN_NoFOG,RN,PLAIN,NoFOG,24,gateway_transport,gateway_A,ESP32->RPi,decrypt,602.0,0.12138039867109635,0.135,0.183,0.274,115.30066445182725,115.30066445182725,0.0,0.0,1.0
RN_PLAIN_NoFOG,RN,PLAIN,NoFOG,24,gateway_transport,gateway_B,ESP32->RPi,decrypt,605.0,0.13300330578512395,0.145,0.18099999999999977,0.32,115.52561983471074,115.52561983471074,0.0,0.0,1.0
RN_PLAIN_NoFOG,RN,PLAIN,NoFOG,24,gateway_transport,gateway_A,PC->RPi,decrypt,20.0,0.24950000000000006,0.242,0.32615,0.329,3536.45,3536.45,0.0,0.0,1.0
RN_PLAIN_NoFOG,RN,PLAIN,NoFOG,24,gateway_transport,gateway_B,PC->RPi,decrypt,20.0,0.25589999999999996,0.2305,0.3019500000000002,0.624,3536.45,3536.45,0.0,0.0,1.0
RN_PLAIN_NoFOG,RN,PLAIN,NoFOG,24,gateway_transport,gateway_A,RPi->ESP32,encrypt,20.0,0.37825000000000003,0.368,0.40595000000000014,0.538,3536.45,3536.45,0.0,0.0,1.0
RN_PLAIN_NoFOG,RN,PLAIN,NoFOG,24,gateway_transport,gateway_B,RPi->ESP32,encrypt,20.0,0.4132999999999999,0.377,0.46370000000000045,1.066,3536.45,3536.45,0.0,0.0,1.0
RN_PLAIN_NoFOG,RN,PLAIN,NoFOG,24,gateway_transport,gateway_A,RPi->PC,encrypt,20.0,0.4533499999999999,0.4315,0.5344500000000001,0.6,3639.05,3639.05,0.0,0.0,1.0
RN_PLAIN_NoFOG,RN,PLAIN,NoFOG,24,gateway_transport,gateway_B,RPi->PC,encrypt,20.0,0.4718,0.459,0.5473500000000001,0.592,3638.4,3638.4,0.0,0.0,1.0
RN_PLAIN_NoFOG,RN,PLAIN,NoFOG,24,server_transport,Asus,PC->RPi,encrypt,20.0,0.2065,0.2155,0.23854999999999998,0.249,3536.45,3536.45,0.0,0.0,1.0
RN_PLAIN_NoFOG,RN,PLAIN,NoFOG,24,server_transport,Asus,RPi->PC,decrypt,40.0,0.0,0.0,0.0,0.0,3638.725,3638.725,0.0,0.0,1.0
RN_PLAIN_NoFOG,RN,PLAIN,NoFOG,25,gateway_transport,gateway_A,ESP32->RPi,decrypt,604.0,0.1238791390728477,0.136,0.17685,0.995,115.46026490066225,115.46026490066225,0.0,0.0,1.0
RN_PLAIN_NoFOG,RN,PLAIN,NoFOG,25,gateway_transport,gateway_B,ESP32->RPi,decrypt,601.0,0.13452745424292845,0.146,0.197,0.259,114.5973377703827,114.5973377703827,0.0,0.0,1.0
RN_PLAIN_NoFOG,RN,PLAIN,NoFOG,25,gateway_transport,gateway_A,PC->RPi,decrypt,20.0,0.27829999999999994,0.2285,0.47460000000000013,0.619,3537.25,3537.25,0.0,0.0,1.0
RN_PLAIN_NoFOG,RN,PLAIN,NoFOG,25,gateway_transport,gateway_B,PC->RPi,decrypt,20.0,0.25639999999999996,0.2515,0.2957,0.347,3537.25,3537.25,0.0,0.0,1.0
RN_PLAIN_NoFOG,RN,PLAIN,NoFOG,25,gateway_transport,gateway_A,RPi->ESP32,encrypt,20.0,0.44055,0.3845,0.7754500000000002,1.069,3537.25,3537.25,0.0,0.0,1.0
RN_PLAIN_NoFOG,RN,PLAIN,NoFOG,25,gateway_transport,gateway_B,RPi->ESP32,encrypt,20.0,0.40255,0.3915,0.45350000000000007,0.558,3537.25,3537.25,0.0,0.0,1.0
RN_PLAIN_NoFOG,RN,PLAIN,NoFOG,25,gateway_transport,gateway_A,RPi->PC,encrypt,20.0,0.4959999999999999,0.436,0.6283000000000006,1.489,3639.3,3639.3,0.0,0.0,1.0
RN_PLAIN_NoFOG,RN,PLAIN,NoFOG,25,gateway_transport,gateway_B,RPi->PC,encrypt,20.0,0.44605000000000006,0.444,0.48815000000000003,0.51,3640.65,3640.65,0.0,0.0,1.0
RN_PLAIN_NoFOG,RN,PLAIN,NoFOG,25,server_transport,Asus,PC->RPi,encrypt,20.0,0.20249999999999999,0.2145,0.22625000000000003,0.25,3537.25,3537.25,0.0,0.0,1.0
RN_PLAIN_NoFOG,RN,PLAIN,NoFOG,25,server_transport,Asus,RPi->PC,decrypt,40.0,0.0,0.0,0.0,0.0,3639.975,3639.975,0.0,0.0,1.0
RN_PLAIN_NoFOG,RN,PLAIN,NoFOG,26,gateway_transport,gateway_A,ESP32->RPi,decrypt,602.0,0.11366279069767442,0.1325,0.15394999999999992,0.25,115.47508305647841,115.47508305647841,0.0,0.0,1.0
RN_PLAIN_NoFOG,RN,PLAIN,NoFOG,26,gateway_transport,gateway_B,ESP32->RPi,decrypt,602.0,0.1258687707641196,0.143,0.157,0.29,115.19767441860465,115.19767441860465,0.0,0.0,1.0
RN_PLAIN_NoFOG,RN,PLAIN,NoFOG,26,gateway_transport,gateway_A,PC->RPi,decrypt,20.0,0.23620000000000002,0.224,0.30519999999999997,0.309,3537.0,3537.0,0.0,0.0,1.0
RN_PLAIN_NoFOG,RN,PLAIN,NoFOG,26,gateway_transport,gateway_B,PC->RPi,decrypt,20.0,0.22644999999999998,0.2245,0.25265,0.265,3537.0,3537.0,0.0,0.0,1.0
RN_PLAIN_NoFOG,RN,PLAIN,NoFOG,26,gateway_transport,gateway_A,RPi->ESP32,encrypt,20.0,0.74175,0.3745,0.8550500000000051,7.62,3537.0,3537.0,0.0,0.0,1.0
RN_PLAIN_NoFOG,RN,PLAIN,NoFOG,26,gateway_transport,gateway_B,RPi->ESP32,encrypt,20.0,0.37765,0.3755,0.41305000000000003,0.452,3537.0,3537.0,0.0,0.0,1.0
RN_PLAIN_NoFOG,RN,PLAIN,NoFOG,26,gateway_transport,gateway_A,RPi->PC,encrypt,20.0,0.44234999999999997,0.429,0.54005,0.541,3640.9,3640.9,0.0,0.0,1.0
RN_PLAIN_NoFOG,RN,PLAIN,NoFOG,26,gateway_transport,gateway_B,RPi->PC,encrypt,20.0,0.43745,0.4385,0.47104999999999997,0.472,3640.8,3640.8,0.0,0.0,1.0
RN_PLAIN_NoFOG,RN,PLAIN,NoFOG,26,server_transport,Asus,PC->RPi,encrypt,20.0,0.20505,0.213,0.23575,0.25,3537.0,3537.0,0.0,0.0,1.0
RN_PLAIN_NoFOG,RN,PLAIN,NoFOG,26,server_transport,Asus,RPi->PC,decrypt,40.0,0.0,0.0,0.0,0.0,3640.85,3640.85,0.0,0.0,1.0
RN_PLAIN_NoFOG,RN,PLAIN,NoFOG,27,gateway_transport,gateway_A,ESP32->RPi,decrypt,602.0,0.12014285714285713,0.135,0.15879999999999972,0.227,115.44019933554817,115.44019933554817,0.0,0.0,1.0
RN_PLAIN_NoFOG,RN,PLAIN,NoFOG,27,gateway_transport,gateway_B,ESP32->RPi,decrypt,614.0,0.1340097719869707,0.146,0.19110000000000013,0.952,114.99837133550488,114.99837133550488,0.0,0.0,1.0
RN_PLAIN_NoFOG,RN,PLAIN,NoFOG,27,gateway_transport,gateway_A,PC->RPi,decrypt,20.0,0.2685,0.2595,0.3254,0.352,3535.3,3535.3,0.0,0.0,1.0
RN_PLAIN_NoFOG,RN,PLAIN,NoFOG,27,gateway_transport,gateway_B,PC->RPi,decrypt,20.0,0.26355,0.23,0.32575000000000026,0.682,3535.3,3535.3,0.0,0.0,1.0
RN_PLAIN_NoFOG,RN,PLAIN,NoFOG,27,gateway_transport,gateway_A,RPi->ESP32,encrypt,20.0,0.39385,0.381,0.47719999999999996,0.481,3535.3,3535.3,0.0,0.0,1.0
RN_PLAIN_NoFOG,RN,PLAIN,NoFOG,27,gateway_transport,gateway_B,RPi->ESP32,encrypt,20.0,0.41555,0.3785,0.5714500000000003,1.017,3535.3,3535.3,0.0,0.0,1.0
RN_PLAIN_NoFOG,RN,PLAIN,NoFOG,27,gateway_transport,gateway_A,RPi->PC,encrypt,20.0,0.44959999999999994,0.4315,0.50525,0.529,3638.95,3638.95,0.0,0.0,1.0
RN_PLAIN_NoFOG,RN,PLAIN,NoFOG,27,gateway_transport,gateway_B,RPi->PC,encrypt,20.0,0.47045000000000003,0.4585,0.6042,0.627,3640.65,3640.65,0.0,0.0,1.0
RN_PLAIN_NoFOG,RN,PLAIN,NoFOG,27,server_transport,Asus,PC->RPi,encrypt,20.0,0.23710000000000003,0.202,0.2902500000000004,0.827,3535.3,3535.3,0.0,0.0,1.0
RN_PLAIN_NoFOG,RN,PLAIN,NoFOG,27,server_transport,Asus,RPi->PC,decrypt,40.0,0.0,0.0,0.0,0.0,3639.8,3639.8,0.0,0.0,1.0
RN_PLAIN_NoFOG,RN,PLAIN,NoFOG,28,gateway_transport,gateway_A,ESP32->RPi,decrypt,601.0,0.11639267886855241,0.136,0.15,0.249,115.12811980033278,115.12811980033278,0.0,0.0,1.0
RN_PLAIN_NoFOG,RN,PLAIN,NoFOG,28,gateway_transport,gateway_B,ESP32->RPi,decrypt,601.0,0.11350415973377705,0.117,0.157,0.321,115.10316139767055,115.10316139767055,0.0,0.0,1.0
RN_PLAIN_NoFOG,RN,PLAIN,NoFOG,28,gateway_transport,gateway_A,PC->RPi,decrypt,20.0,0.24675000000000002,0.224,0.2791000000000003,0.642,3533.55,3533.55,0.0,0.0,1.0
RN_PLAIN_NoFOG,RN,PLAIN,NoFOG,28,gateway_transport,gateway_B,PC->RPi,decrypt,20.0,0.23735,0.232,0.27330000000000004,0.279,3533.55,3533.55,0.0,0.0,1.0
RN_PLAIN_NoFOG,RN,PLAIN,NoFOG,28,gateway_transport,gateway_A,RPi->ESP32,encrypt,20.0,0.40495000000000003,0.3715,0.48820000000000036,0.967,3533.55,3533.55,0.0,0.0,1.0
RN_PLAIN_NoFOG,RN,PLAIN,NoFOG,28,gateway_transport,gateway_B,RPi->ESP32,encrypt,20.0,0.4178,0.3875,0.62515,0.647,3533.55,3533.55,0.0,0.0,1.0
RN_PLAIN_NoFOG,RN,PLAIN,NoFOG,28,gateway_transport,gateway_A,RPi->PC,encrypt,20.0,0.45184999999999986,0.4375,0.5186000000000001,0.587,3636.5,3636.5,0.0,0.0,1.0
RN_PLAIN_NoFOG,RN,PLAIN,NoFOG,28,gateway_transport,gateway_B,RPi->PC,encrypt,20.0,0.46959999999999996,0.4735,0.5265500000000001,0.537,3636.6,3636.6,0.0,0.0,1.0
RN_PLAIN_NoFOG,RN,PLAIN,NoFOG,28,server_transport,Asus,PC->RPi,encrypt,20.0,0.22704999999999997,0.216,0.26420000000000027,0.648,3533.55,3533.55,0.0,0.0,1.0
RN_PLAIN_NoFOG,RN,PLAIN,NoFOG,28,server_transport,Asus,RPi->PC,decrypt,40.0,0.0,0.0,0.0,0.0,3636.55,3636.55,0.0,0.0,1.0
RN_PLAIN_NoFOG,RN,PLAIN,NoFOG,29,gateway_transport,gateway_A,ESP32->RPi,decrypt,604.0,0.11679470198675496,0.1345,0.149,0.385,111.99172185430463,111.99172185430463,0.0,0.0,1.0
RN_PLAIN_NoFOG,RN,PLAIN,NoFOG,29,gateway_transport,gateway_B,ESP32->RPi,decrypt,601.0,0.12359234608985024,0.126,0.192,0.393,112.01663893510815,112.01663893510815,0.0,0.0,1.0
RN_PLAIN_NoFOG,RN,PLAIN,NoFOG,29,gateway_transport,gateway_A,PC->RPi,decrypt,20.0,0.30039999999999994,0.2895,0.3844000000000001,0.449,3535.25,3535.25,0.0,0.0,1.0
RN_PLAIN_NoFOG,RN,PLAIN,NoFOG,29,gateway_transport,gateway_B,PC->RPi,decrypt,19.0,0.22584210526315787,0.221,0.2557,0.262,3535.2631578947367,3535.2631578947367,0.0,0.0,1.0
RN_PLAIN_NoFOG,RN,PLAIN,NoFOG,29,gateway_transport,gateway_A,RPi->ESP32,encrypt,20.0,0.43765,0.425,0.5103500000000001,0.631,3535.25,3535.25,0.0,0.0,1.0
RN_PLAIN_NoFOG,RN,PLAIN,NoFOG,29,gateway_transport,gateway_B,RPi->ESP32,encrypt,19.0,0.3694736842105263,0.371,0.40040000000000003,0.404,3535.2631578947367,3535.2631578947367,0.0,0.0,1.0
RN_PLAIN_NoFOG,RN,PLAIN,NoFOG,29,gateway_transport,gateway_A,RPi->PC,encrypt,20.0,0.4454999999999999,0.4345,0.5137,0.565,3636.0,3636.0,0.0,0.0,1.0
RN_PLAIN_NoFOG,RN,PLAIN,NoFOG,29,gateway_transport,gateway_B,RPi->PC,encrypt,20.0,0.4584499999999999,0.4545,0.5225000000000001,0.532,3636.7,3636.7,0.0,0.0,1.0
RN_PLAIN_NoFOG,RN,PLAIN,NoFOG,29,server_transport,Asus,PC->RPi,encrypt,20.0,0.17975,0.184,0.2352,0.239,3535.25,3535.25,0.0,0.0,1.0
RN_PLAIN_NoFOG,RN,PLAIN,NoFOG,29,server_transport,Asus,RPi->PC,decrypt,40.0,0.0,0.0,0.0,0.0,3636.35,3636.35,0.0,0.0,1.0
