{
  "mean": [
    103.67839373212914,
    2.842592979701356,
    3.491770187658674,
    1.4443924301740263,
    27.5949748267042,
    55.78470359845029,
    6402.9007041277755,
    20.85970348536951,
    0.13224754059126578,
    0.0006927911927345098,
    6.899552946242129,
    51.084709468566174,
    70.14747635062793
  ],
  "std": [
    181.75414716818082,
    69.55957771464998,
    26.15060184664961,
    65.02099012926067,
    93.66115940456478,
    12.577189012417456,
    116922.60455460164,
    31.853810178011937,
    0.372953071805257,
    0.07384900918566939,
    8.632103842788666,
    10.792478362162376,
    27.036155435357653
  ],
  "features": [
    "num_pkts",
    "mean_iat",
    "std_iat",
    "min_iat",
    "max_iat",
    "mean_pkt_len",
    "num_bytes",
    "num_psh_flags",
    "num_rst_flags",
    "num_urg_flags",
    "std_pkt_len",
    "min_pkt_len",
    "max_pkt_len"
  ]
}