{
  "mean": [
    5.289048192433704,
    3.6751387712654036,
    0.7924234908663904,
    2.984276915218792,
    4.6825166374796305,
    57.95463336634285,
    851.7479152081992,
    1.524135420458682,
    0.0904763238217916,
    0.0005712525552350816,
    9.523634471408446,
    51.4103497521772,
    77.27348996107642
  ],
  "std": [
    174.0660824297224,
    103.59808359204337,
    35.73869098004826,
    97.88818092381204,
    124.34750789802834,
    10.991616161050693,
    233940.4508886833,
    1.2199161647636372,
    0.3066780733429128,
    0.0670170642367329,
    10.531800287737985,
    7.992853936987348,
    30.682260187649618
  ],
  "features": [
    "num_pkts",
    "mean_iat",
    "std_iat",
    "min_iat",
    "max_iat",
    "mean_pkt_len",
    "num_bytes",
    "num_psh_flags",
    "num_rst_flags",
    "num_urg_flags",
    "std_pkt_len",
    "min_pkt_len",
    "max_pkt_len"
  ]
}