round,time,accuracy,loss,w3_mag,w4_normal,w4_brute,w4_scan,attempt_id,attempt_dir,source_file,source_scope,timestamp_dt,event_type,round_ref,gateway_id,node_id,round_duration_sec,w3_drift_abs,w4_normal_drift_abs,w4_brute_drift_abs,w4_scan_drift_abs,weight_drift_total_abs
1,10:25:58,0.766667,0.784061,0.28866,0.291142,0.5427,0.409748,16,C:\Users\VivoBook\Downloads\microproyecto2\microproyecto 2 porque wtf\src\hfl_v7-no-ascon\Results\#16,global_weights_history_2.csv,global_round,2026-04-19 10:25:58,model.global_round,1,aggregate,server,,,,,,0.0
2,10:26:43,0.983333,0.095978,0.291775,0.295218,0.557564,0.427205,16,C:\Users\VivoBook\Downloads\microproyecto2\microproyecto 2 porque wtf\src\hfl_v7-no-ascon\Results\#16,global_weights_history_2.csv,global_round,2026-04-19 10:26:43,model.global_round,2,aggregate,server,45.0,0.003114999999999979,0.0040759999999999685,0.014863999999999988,0.017457,0.039511999999999936
3,10:27:33,1.0,0.048242,0.294914,0.304233,0.567695,0.438516,16,C:\Users\VivoBook\Downloads\microproyecto2\microproyecto 2 porque wtf\src\hfl_v7-no-ascon\Results\#16,global_weights_history_2.csv,global_round,2026-04-19 10:27:33,model.global_round,3,aggregate,server,50.0,0.003139000000000003,0.009014999999999995,0.010131000000000001,0.011311000000000015,0.033596000000000015
4,10:28:23,1.0,0.031063,0.296652,0.309996,0.573844,0.446696,16,C:\Users\VivoBook\Downloads\microproyecto2\microproyecto 2 porque wtf\src\hfl_v7-no-ascon\Results\#16,global_weights_history_2.csv,global_round,2026-04-19 10:28:23,model.global_round,4,aggregate,server,50.0,0.0017380000000000173,0.005763000000000018,0.006149000000000071,0.008179999999999965,0.02183000000000007
5,10:29:12,1.0,0.020206,0.297717,0.314496,0.578395,0.452812,16,C:\Users\VivoBook\Downloads\microproyecto2\microproyecto 2 porque wtf\src\hfl_v7-no-ascon\Results\#16,global_weights_history_2.csv,global_round,2026-04-19 10:29:12,model.global_round,5,aggregate,server,49.0,0.0010649999999999826,0.004500000000000004,0.004550999999999972,0.00611600000000001,0.01623199999999997
6,10:34:10,0.833333,0.620936,0.291656,0.300631,0.559932,0.445675,16,C:\Users\VivoBook\Downloads\microproyecto2\microproyecto 2 porque wtf\src\hfl_v7-no-ascon\Results\#16,global_weights_history_2.csv,global_round,2026-04-19 10:34:10,model.global_round,6,aggregate,server,298.0,0.006060999999999983,0.013865000000000016,0.018463000000000007,0.0071370000000000045,0.04552600000000001
7,10:35:00,0.9,0.262829,0.291647,0.291723,0.558179,0.449365,16,C:\Users\VivoBook\Downloads\microproyecto2\microproyecto 2 porque wtf\src\hfl_v7-no-ascon\Results\#16,global_weights_history_2.csv,global_round,2026-04-19 10:35:00,model.global_round,7,aggregate,server,50.0,9.000000000036756e-06,0.008907999999999971,0.0017530000000000046,0.0036900000000000266,0.01436000000000004
8,10:35:50,0.75,0.733788,0.291835,0.288771,0.565912,0.447028,16,C:\Users\VivoBook\Downloads\microproyecto2\microproyecto 2 porque wtf\src\hfl_v7-no-ascon\Results\#16,global_weights_history_2.csv,global_round,2026-04-19 10:35:50,model.global_round,8,aggregate,server,50.0,0.00018800000000002148,0.00295200000000001,0.00773299999999999,0.0023370000000000335,0.013210000000000055
9,10:36:40,0.85,0.379978,0.292419,0.290232,0.570937,0.447853,16,C:\Users\VivoBook\Downloads\microproyecto2\microproyecto 2 porque wtf\src\hfl_v7-no-ascon\Results\#16,global_weights_history_2.csv,global_round,2026-04-19 10:36:40,model.global_round,9,aggregate,server,50.0,0.0005839999999999734,0.00146099999999999,0.005025000000000057,0.0008250000000000202,0.007895000000000041
10,10:37:30,0.866667,0.204281,0.294307,0.288808,0.571073,0.450762,16,C:\Users\VivoBook\Downloads\microproyecto2\microproyecto 2 porque wtf\src\hfl_v7-no-ascon\Results\#16,global_weights_history_2.csv,global_round,2026-04-19 10:37:30,model.global_round,10,aggregate,server,50.0,0.0018880000000000008,0.0014239999999999808,0.000136000000000025,0.002908999999999995,0.0063570000000000015
11,10:38:20,0.966667,0.097234,0.296689,0.290899,0.573165,0.453295,16,C:\Users\VivoBook\Downloads\microproyecto2\microproyecto 2 porque wtf\src\hfl_v7-no-ascon\Results\#16,global_weights_history_2.csv,global_round,2026-04-19 10:38:20,model.global_round,11,aggregate,server,50.0,0.0023819999999999952,0.0020910000000000095,0.0020919999999999828,0.0025330000000000075,0.009097999999999995
12,10:39:10,0.883333,0.192207,0.298856,0.293894,0.576798,0.456547,16,C:\Users\VivoBook\Downloads\microproyecto2\microproyecto 2 porque wtf\src\hfl_v7-no-ascon\Results\#16,global_weights_history_2.csv,global_round,2026-04-19 10:39:10,model.global_round,12,aggregate,server,50.0,0.00216700000000003,0.00299499999999997,0.0036329999999999973,0.003251999999999977,0.012046999999999974
13,10:40:00,0.85,0.275077,0.298229,0.29303,0.579614,0.455841,16,C:\Users\VivoBook\Downloads\microproyecto2\microproyecto 2 porque wtf\src\hfl_v7-no-ascon\Results\#16,global_weights_history_2.csv,global_round,2026-04-19 10:40:00,model.global_round,13,aggregate,server,50.0,0.0006269999999999887,0.0008639999999999759,0.0028159999999999297,0.0007059999999999844,0.005012999999999879
14,10:40:50,0.883333,0.28154,0.298664,0.293943,0.581967,0.461149,16,C:\Users\VivoBook\Downloads\microproyecto2\microproyecto 2 porque wtf\src\hfl_v7-no-ascon\Results\#16,global_weights_history_2.csv,global_round,2026-04-19 10:40:50,model.global_round,14,aggregate,server,50.0,0.0004349999999999632,0.0009129999999999971,0.0023530000000000495,0.005307999999999979,0.00900899999999999
15,10:41:40,0.833333,0.285894,0.299344,0.293101,0.582428,0.465037,16,C:\Users\VivoBook\Downloads\microproyecto2\microproyecto 2 porque wtf\src\hfl_v7-no-ascon\Results\#16,global_weights_history_2.csv,global_round,2026-04-19 10:41:40,model.global_round,15,aggregate,server,50.0,0.0006800000000000139,0.0008420000000000094,0.0004609999999999337,0.0038880000000000026,0.00587099999999996
16,10:42:30,0.95,0.110643,0.301561,0.294291,0.583836,0.470031,16,C:\Users\VivoBook\Downloads\microproyecto2\microproyecto 2 porque wtf\src\hfl_v7-no-ascon\Results\#16,global_weights_history_2.csv,global_round,2026-04-19 10:42:30,model.global_round,16,aggregate,server,50.0,0.0022170000000000245,0.0011900000000000244,0.0014080000000000759,0.0049939999999999984,0.009809000000000123
17,10:43:20,0.933333,0.167332,0.300485,0.292606,0.583012,0.463189,16,C:\Users\VivoBook\Downloads\microproyecto2\microproyecto 2 porque wtf\src\hfl_v7-no-ascon\Results\#16,global_weights_history_2.csv,global_round,2026-04-19 10:43:20,model.global_round,17,aggregate,server,50.0,0.0010760000000000214,0.0016850000000000476,0.0008240000000000469,0.006841999999999959,0.010427000000000075
18,10:44:10,0.983333,0.141058,0.302085,0.294584,0.584392,0.466904,16,C:\Users\VivoBook\Downloads\microproyecto2\microproyecto 2 porque wtf\src\hfl_v7-no-ascon\Results\#16,global_weights_history_2.csv,global_round,2026-04-19 10:44:10,model.global_round,18,aggregate,server,50.0,0.0015999999999999903,0.0019780000000000353,0.0013800000000000479,0.0037149999999999683,0.008673000000000042
19,10:45:00,1.0,0.03993,0.304154,0.298982,0.58676,0.474241,16,C:\Users\VivoBook\Downloads\microproyecto2\microproyecto 2 porque wtf\src\hfl_v7-no-ascon\Results\#16,global_weights_history_2.csv,global_round,2026-04-19 10:45:00,model.global_round,19,aggregate,server,50.0,0.0020689999999999875,0.004398000000000013,0.0023679999999999257,0.007337000000000038,0.016171999999999964
20,10:45:50,0.933333,0.155369,0.303437,0.306238,0.586917,0.480253,16,C:\Users\VivoBook\Downloads\microproyecto2\microproyecto 2 porque wtf\src\hfl_v7-no-ascon\Results\#16,global_weights_history_2.csv,global_round,2026-04-19 10:45:50,model.global_round,20,aggregate,server,50.0,0.0007169999999999677,0.007255999999999985,0.00015700000000007375,0.006011999999999962,0.014141999999999988
1,11:01:32,0.766667,0.75793,0.289021,0.292063,0.541493,0.408308,17,C:\Users\VivoBook\Downloads\microproyecto2\microproyecto 2 porque wtf\src\hfl_v7-no-ascon\Results\#17,global_weights_history_1.csv,global_round,2026-04-19 11:01:32,model.global_round,1,aggregate,server,,,,,,0.0
2,11:02:15,0.916667,0.216451,0.293653,0.297098,0.557252,0.425032,17,C:\Users\VivoBook\Downloads\microproyecto2\microproyecto 2 porque wtf\src\hfl_v7-no-ascon\Results\#17,global_weights_history_1.csv,global_round,2026-04-19 11:02:15,model.global_round,2,aggregate,server,43.0,0.004632000000000025,0.005034999999999956,0.015758999999999967,0.016724000000000017,0.042149999999999965
3,11:03:05,1.0,0.034624,0.297053,0.308189,0.566097,0.441603,17,C:\Users\VivoBook\Downloads\microproyecto2\microproyecto 2 porque wtf\src\hfl_v7-no-ascon\Results\#17,global_weights_history_1.csv,global_round,2026-04-19 11:03:05,model.global_round,3,aggregate,server,50.0,0.003400000000000014,0.011091000000000018,0.008844999999999992,0.016571000000000002,0.039907000000000026
4,11:03:55,0.983333,0.049312,0.299833,0.31302,0.571743,0.450171,17,C:\Users\VivoBook\Downloads\microproyecto2\microproyecto 2 porque wtf\src\hfl_v7-no-ascon\Results\#17,global_weights_history_1.csv,global_round,2026-04-19 11:03:55,model.global_round,4,aggregate,server,50.0,0.0027800000000000047,0.00483100000000003,0.00564600000000004,0.008567999999999965,0.02182500000000004
5,11:04:47,1.0,0.017993,0.30161,0.318605,0.5759,0.455632,17,C:\Users\VivoBook\Downloads\microproyecto2\microproyecto 2 porque wtf\src\hfl_v7-no-ascon\Results\#17,global_weights_history_1.csv,global_round,2026-04-19 11:04:47,model.global_round,5,aggregate,server,52.0,0.001776999999999973,0.005585000000000007,0.004156999999999966,0.005460999999999994,0.01697999999999994
6,11:05:45,0.916667,0.267355,0.300705,0.316133,0.562138,0.457309,17,C:\Users\VivoBook\Downloads\microproyecto2\microproyecto 2 porque wtf\src\hfl_v7-no-ascon\Results\#17,global_weights_history_1.csv,global_round,2026-04-19 11:05:45,model.global_round,6,aggregate,server,58.0,0.0009049999999999891,0.0024720000000000297,0.013761999999999941,0.0016770000000000396,0.018816
7,11:06:35,0.85,0.30032,0.295175,0.308529,0.534002,0.449747,17,C:\Users\VivoBook\Downloads\microproyecto2\microproyecto 2 porque wtf\src\hfl_v7-no-ascon\Results\#17,global_weights_history_1.csv,global_round,2026-04-19 11:06:35,model.global_round,7,aggregate,server,50.0,0.005529999999999979,0.007604,0.02813600000000005,0.007562000000000013,0.04883200000000004
8,11:07:25,0.916667,0.218731,0.294836,0.306865,0.526026,0.448929,17,C:\Users\VivoBook\Downloads\microproyecto2\microproyecto 2 porque wtf\src\hfl_v7-no-ascon\Results\#17,global_weights_history_1.csv,global_round,2026-04-19 11:07:25,model.global_round,8,aggregate,server,50.0,0.0003390000000000337,0.0016639999999999988,0.007975999999999983,0.0008179999999999854,0.010797000000000001
9,11:08:15,0.866667,0.332709,0.294721,0.309135,0.52307,0.45122,17,C:\Users\VivoBook\Downloads\microproyecto2\microproyecto 2 porque wtf\src\hfl_v7-no-ascon\Results\#17,global_weights_history_1.csv,global_round,2026-04-19 11:08:15,model.global_round,9,aggregate,server,50.0,0.00011499999999997623,0.0022699999999999942,0.0029559999999999587,0.0022909999999999875,0.007631999999999917
10,11:09:05,0.883333,0.391117,0.294705,0.303266,0.522385,0.454961,17,C:\Users\VivoBook\Downloads\microproyecto2\microproyecto 2 porque wtf\src\hfl_v7-no-ascon\Results\#17,global_weights_history_1.csv,global_round,2026-04-19 11:09:05,model.global_round,10,aggregate,server,50.0,1.6000000000016e-05,0.005869000000000013,0.0006850000000000467,0.0037409999999999943,0.01031100000000007
11,11:09:55,0.833333,0.334581,0.294652,0.299231,0.517261,0.459821,17,C:\Users\VivoBook\Downloads\microproyecto2\microproyecto 2 porque wtf\src\hfl_v7-no-ascon\Results\#17,global_weights_history_1.csv,global_round,2026-04-19 11:09:55,model.global_round,11,aggregate,server,50.0,5.299999999996974e-05,0.004034999999999955,0.005124000000000017,0.0048599999999999755,0.014071999999999918
12,11:10:45,0.916667,0.177451,0.296102,0.30039,0.519273,0.463742,17,C:\Users\VivoBook\Downloads\microproyecto2\microproyecto 2 porque wtf\src\hfl_v7-no-ascon\Results\#17,global_weights_history_1.csv,global_round,2026-04-19 11:10:45,model.global_round,12,aggregate,server,50.0,0.0014499999999999513,0.0011589999999999656,0.0020120000000000138,0.003921000000000008,0.008541999999999939
13,11:11:35,0.933333,0.14689,0.297157,0.301446,0.521595,0.468885,17,C:\Users\VivoBook\Downloads\microproyecto2\microproyecto 2 porque wtf\src\hfl_v7-no-ascon\Results\#17,global_weights_history_1.csv,global_round,2026-04-19 11:11:35,model.global_round,13,aggregate,server,50.0,0.0010550000000000281,0.0010560000000000014,0.0023220000000000462,0.005143000000000009,0.009576000000000084
14,11:12:25,0.833333,0.374572,0.297633,0.298329,0.521363,0.473221,17,C:\Users\VivoBook\Downloads\microproyecto2\microproyecto 2 porque wtf\src\hfl_v7-no-ascon\Results\#17,global_weights_history_1.csv,global_round,2026-04-19 11:12:25,model.global_round,14,aggregate,server,50.0,0.00047599999999997644,0.003116999999999981,0.00023200000000000998,0.0043360000000000065,0.008160999999999974
15,11:13:15,0.9,0.259023,0.296821,0.298555,0.519489,0.474167,17,C:\Users\VivoBook\Downloads\microproyecto2\microproyecto 2 porque wtf\src\hfl_v7-no-ascon\Results\#17,global_weights_history_1.csv,global_round,2026-04-19 11:13:15,model.global_round,15,aggregate,server,50.0,0.0008119999999999794,0.00022600000000000398,0.0018740000000000423,0.0009460000000000024,0.003858000000000028
16,11:14:05,0.883333,0.280932,0.296813,0.302727,0.521902,0.478052,17,C:\Users\VivoBook\Downloads\microproyecto2\microproyecto 2 porque wtf\src\hfl_v7-no-ascon\Results\#17,global_weights_history_1.csv,global_round,2026-04-19 11:14:05,model.global_round,16,aggregate,server,50.0,8.000000000008e-06,0.004172000000000009,0.0024129999999999985,0.003884999999999972,0.010477999999999987
17,11:14:55,0.883333,0.300799,0.29744,0.300866,0.523293,0.480639,17,C:\Users\VivoBook\Downloads\microproyecto2\microproyecto 2 porque wtf\src\hfl_v7-no-ascon\Results\#17,global_weights_history_1.csv,global_round,2026-04-19 11:14:55,model.global_round,17,aggregate,server,50.0,0.0006269999999999887,0.0018610000000000015,0.001391000000000031,0.002587000000000006,0.006466000000000027
18,11:15:45,0.85,0.346945,0.29591,0.28828,0.525174,0.477415,17,C:\Users\VivoBook\Downloads\microproyecto2\microproyecto 2 porque wtf\src\hfl_v7-no-ascon\Results\#17,global_weights_history_1.csv,global_round,2026-04-19 11:15:45,model.global_round,18,aggregate,server,50.0,0.0015299999999999758,0.012586000000000042,0.0018810000000000215,0.0032240000000000046,0.019221000000000044
19,11:16:35,0.866667,0.267339,0.295934,0.285316,0.534162,0.477942,17,C:\Users\VivoBook\Downloads\microproyecto2\microproyecto 2 porque wtf\src\hfl_v7-no-ascon\Results\#17,global_weights_history_1.csv,global_round,2026-04-19 11:16:35,model.global_round,19,aggregate,server,50.0,2.399999999996849e-05,0.0029639999999999667,0.008987999999999996,0.0005269999999999997,0.01250299999999993
20,11:17:25,0.916667,0.172423,0.295019,0.29382,0.530794,0.483395,17,C:\Users\VivoBook\Downloads\microproyecto2\microproyecto 2 porque wtf\src\hfl_v7-no-ascon\Results\#17,global_weights_history_1.csv,global_round,2026-04-19 11:17:25,model.global_round,20,aggregate,server,50.0,0.0009149999999999991,0.008504000000000012,0.0033680000000000376,0.005453000000000041,0.01824000000000009
21,11:18:15,0.983333,0.091127,0.295801,0.300609,0.530026,0.487704,17,C:\Users\VivoBook\Downloads\microproyecto2\microproyecto 2 porque wtf\src\hfl_v7-no-ascon\Results\#17,global_weights_history_1.csv,global_round,2026-04-19 11:18:15,model.global_round,21,aggregate,server,50.0,0.0007820000000000049,0.0067889999999999895,0.0007679999999999909,0.004309000000000007,0.012647999999999993
22,11:19:05,0.966667,0.088333,0.296986,0.303696,0.531532,0.493125,17,C:\Users\VivoBook\Downloads\microproyecto2\microproyecto 2 porque wtf\src\hfl_v7-no-ascon\Results\#17,global_weights_history_1.csv,global_round,2026-04-19 11:19:05,model.global_round,22,aggregate,server,50.0,0.0011850000000000471,0.0030870000000000064,0.0015060000000000073,0.005420999999999954,0.011199000000000014
23,11:19:55,0.9,0.282086,0.295752,0.298132,0.533404,0.490088,17,C:\Users\VivoBook\Downloads\microproyecto2\microproyecto 2 porque wtf\src\hfl_v7-no-ascon\Results\#17,global_weights_history_1.csv,global_round,2026-04-19 11:19:55,model.global_round,23,aggregate,server,50.0,0.0012340000000000129,0.005564000000000013,0.0018719999999999848,0.0030369999999999564,0.011706999999999967
24,11:20:44,0.966667,0.146367,0.295896,0.293842,0.535936,0.487461,17,C:\Users\VivoBook\Downloads\microproyecto2\microproyecto 2 porque wtf\src\hfl_v7-no-ascon\Results\#17,global_weights_history_1.csv,global_round,2026-04-19 11:20:44,model.global_round,24,aggregate,server,49.0,0.00014399999999997748,0.004290000000000016,0.0025319999999999787,0.002627000000000046,0.009593000000000018
25,11:21:35,0.9,0.2324,0.296405,0.287352,0.541005,0.486886,17,C:\Users\VivoBook\Downloads\microproyecto2\microproyecto 2 porque wtf\src\hfl_v7-no-ascon\Results\#17,global_weights_history_1.csv,global_round,2026-04-19 11:21:35,model.global_round,25,aggregate,server,51.0,0.0005089999999999817,0.006489999999999996,0.00506899999999999,0.0005749999999999922,0.01264299999999996
26,11:22:25,0.933333,0.106287,0.296518,0.282164,0.544352,0.487326,17,C:\Users\VivoBook\Downloads\microproyecto2\microproyecto 2 porque wtf\src\hfl_v7-no-ascon\Results\#17,global_weights_history_1.csv,global_round,2026-04-19 11:22:25,model.global_round,26,aggregate,server,50.0,0.00011300000000002974,0.00518799999999997,0.003346999999999989,0.00043999999999999595,0.009087999999999985
27,11:23:15,0.95,0.137908,0.29722,0.286273,0.54132,0.487521,17,C:\Users\VivoBook\Downloads\microproyecto2\microproyecto 2 porque wtf\src\hfl_v7-no-ascon\Results\#17,global_weights_history_1.csv,global_round,2026-04-19 11:23:15,model.global_round,27,aggregate,server,50.0,0.0007019999999999804,0.004108999999999974,0.0030319999999999236,0.00019500000000000073,0.008037999999999879
28,11:24:05,0.933333,0.143343,0.297701,0.287198,0.54568,0.492665,17,C:\Users\VivoBook\Downloads\microproyecto2\microproyecto 2 porque wtf\src\hfl_v7-no-ascon\Results\#17,global_weights_history_1.csv,global_round,2026-04-19 11:24:05,model.global_round,28,aggregate,server,50.0,0.0004810000000000092,0.0009250000000000091,0.0043600000000000305,0.005144000000000037,0.010910000000000086
29,11:24:55,0.933333,0.221245,0.298474,0.289595,0.550262,0.496461,17,C:\Users\VivoBook\Downloads\microproyecto2\microproyecto 2 porque wtf\src\hfl_v7-no-ascon\Results\#17,global_weights_history_1.csv,global_round,2026-04-19 11:24:55,model.global_round,29,aggregate,server,50.0,0.0007730000000000237,0.0023969999999999825,0.004581999999999975,0.003795999999999966,0.011547999999999947
30,11:25:45,0.866667,0.261434,0.297602,0.28501,0.553651,0.493408,17,C:\Users\VivoBook\Downloads\microproyecto2\microproyecto 2 porque wtf\src\hfl_v7-no-ascon\Results\#17,global_weights_history_1.csv,global_round,2026-04-19 11:25:45,model.global_round,30,aggregate,server,50.0,0.0008720000000000394,0.004585000000000006,0.0033889999999999754,0.0030529999999999724,0.011898999999999993
1,12:00:39,0.833333,0.662626,0.286291,0.292619,0.541326,0.409798,18,C:\Users\VivoBook\Downloads\microproyecto2\microproyecto 2 porque wtf\src\hfl_v7-no-ascon\Results\#18,global_weights_history_1.csv,global_round,2026-04-19 12:00:39,model.global_round,1,aggregate,server,,,,,,0.0
2,12:01:23,0.983333,0.088242,0.291606,0.296135,0.557025,0.426221,18,C:\Users\VivoBook\Downloads\microproyecto2\microproyecto 2 porque wtf\src\hfl_v7-no-ascon\Results\#18,global_weights_history_1.csv,global_round,2026-04-19 12:01:23,model.global_round,2,aggregate,server,44.0,0.005314999999999959,0.0035159999999999636,0.01569900000000002,0.01642300000000002,0.04095299999999996
3,12:02:13,1.0,0.048471,0.296226,0.306338,0.568339,0.439202,18,C:\Users\VivoBook\Downloads\microproyecto2\microproyecto 2 porque wtf\src\hfl_v7-no-ascon\Results\#18,global_weights_history_1.csv,global_round,2026-04-19 12:02:13,model.global_round,3,aggregate,server,50.0,0.004620000000000013,0.010203000000000018,0.011314000000000046,0.012980999999999965,0.03911800000000004
4,12:03:05,1.0,0.01996,0.299248,0.311311,0.575911,0.447273,18,C:\Users\VivoBook\Downloads\microproyecto2\microproyecto 2 porque wtf\src\hfl_v7-no-ascon\Results\#18,global_weights_history_1.csv,global_round,2026-04-19 12:03:05,model.global_round,4,aggregate,server,52.0,0.0030220000000000247,0.004973000000000005,0.007571999999999912,0.008070999999999995,0.023637999999999937
5,12:03:59,1.0,0.0196,0.301018,0.316004,0.581132,0.452494,18,C:\Users\VivoBook\Downloads\microproyecto2\microproyecto 2 porque wtf\src\hfl_v7-no-ascon\Results\#18,global_weights_history_1.csv,global_round,2026-04-19 12:03:59,model.global_round,5,aggregate,server,54.0,0.0017699999999999938,0.004693000000000003,0.005221000000000031,0.005221000000000031,0.01690500000000006
6,12:04:51,0.933333,0.233403,0.298089,0.312799,0.575447,0.452474,18,C:\Users\VivoBook\Downloads\microproyecto2\microproyecto 2 porque wtf\src\hfl_v7-no-ascon\Results\#18,global_weights_history_1.csv,global_round,2026-04-19 12:04:51,model.global_round,6,aggregate,server,52.0,0.002929000000000015,0.0032050000000000134,0.00568499999999994,2.0000000000020002e-05,0.011838999999999988
7,12:05:41,0.916667,0.348831,0.295477,0.306643,0.566791,0.454319,18,C:\Users\VivoBook\Downloads\microproyecto2\microproyecto 2 porque wtf\src\hfl_v7-no-ascon\Results\#18,global_weights_history_1.csv,global_round,2026-04-19 12:05:41,model.global_round,7,aggregate,server,50.0,0.002612000000000003,0.006155999999999995,0.008655999999999997,0.0018449999999999855,0.01926899999999998
8,12:06:31,0.9,0.308938,0.294409,0.296375,0.55871,0.453709,18,C:\Users\VivoBook\Downloads\microproyecto2\microproyecto 2 porque wtf\src\hfl_v7-no-ascon\Results\#18,global_weights_history_1.csv,global_round,2026-04-19 12:06:31,model.global_round,8,aggregate,server,50.0,0.0010680000000000134,0.010268,0.008081000000000005,0.0006099999999999994,0.020027000000000017
9,12:07:21,0.966667,0.099089,0.295179,0.295398,0.558146,0.455589,18,C:\Users\VivoBook\Downloads\microproyecto2\microproyecto 2 porque wtf\src\hfl_v7-no-ascon\Results\#18,global_weights_history_1.csv,global_round,2026-04-19 12:07:21,model.global_round,9,aggregate,server,50.0,0.0007700000000000484,0.0009770000000000056,0.0005640000000000089,0.0018800000000000483,0.004191000000000111
10,12:08:11,0.95,0.175661,0.296777,0.2968,0.563467,0.459997,18,C:\Users\VivoBook\Downloads\microproyecto2\microproyecto 2 porque wtf\src\hfl_v7-no-ascon\Results\#18,global_weights_history_1.csv,global_round,2026-04-19 12:08:11,model.global_round,10,aggregate,server,50.0,0.0015979999999999883,0.0014020000000000143,0.00532100000000002,0.0044079999999999675,0.01272899999999999
11,12:09:01,0.983333,0.049506,0.298213,0.302349,0.568353,0.463709,18,C:\Users\VivoBook\Downloads\microproyecto2\microproyecto 2 porque wtf\src\hfl_v7-no-ascon\Results\#18,global_weights_history_1.csv,global_round,2026-04-19 12:09:01,model.global_round,11,aggregate,server,50.0,0.0014359999999999928,0.005548999999999971,0.004885999999999946,0.003711999999999993,0.015582999999999902
12,12:09:51,1.0,0.035382,0.299181,0.305118,0.567202,0.46797,18,C:\Users\VivoBook\Downloads\microproyecto2\microproyecto 2 porque wtf\src\hfl_v7-no-ascon\Results\#18,global_weights_history_1.csv,global_round,2026-04-19 12:09:51,model.global_round,12,aggregate,server,50.0,0.0009679999999999689,0.0027690000000000214,0.0011510000000000131,0.004261000000000015,0.009149000000000018
13,12:10:41,1.0,0.032181,0.300635,0.309627,0.568484,0.472529,18,C:\Users\VivoBook\Downloads\microproyecto2\microproyecto 2 porque wtf\src\hfl_v7-no-ascon\Results\#18,global_weights_history_1.csv,global_round,2026-04-19 12:10:41,model.global_round,13,aggregate,server,50.0,0.0014540000000000108,0.004508999999999985,0.0012820000000000054,0.00455899999999998,0.011803999999999981
14,12:11:31,0.933333,0.303297,0.301355,0.312811,0.570911,0.475892,18,C:\Users\VivoBook\Downloads\microproyecto2\microproyecto 2 porque wtf\src\hfl_v7-no-ascon\Results\#18,global_weights_history_1.csv,global_round,2026-04-19 12:11:31,model.global_round,14,aggregate,server,50.0,0.0007199999999999984,0.00318400000000002,0.002426999999999957,0.003363000000000005,0.00969399999999998
15,12:12:22,0.95,0.154626,0.301686,0.308736,0.574231,0.473799,18,C:\Users\VivoBook\Downloads\microproyecto2\microproyecto 2 porque wtf\src\hfl_v7-no-ascon\Results\#18,global_weights_history_1.csv,global_round,2026-04-19 12:12:22,model.global_round,15,aggregate,server,51.0,0.0003310000000000257,0.004074999999999995,0.0033200000000001006,0.002092999999999956,0.009819000000000078
16,12:13:11,0.95,0.118637,0.302709,0.304268,0.577948,0.473054,18,C:\Users\VivoBook\Downloads\microproyecto2\microproyecto 2 porque wtf\src\hfl_v7-no-ascon\Results\#18,global_weights_history_1.csv,global_round,2026-04-19 12:13:11,model.global_round,16,aggregate,server,49.0,0.0010229999999999961,0.0044680000000000275,0.0037169999999999703,0.0007450000000000512,0.009953000000000045
17,12:14:01,0.95,0.165827,0.30225,0.303309,0.576626,0.473375,18,C:\Users\VivoBook\Downloads\microproyecto2\microproyecto 2 porque wtf\src\hfl_v7-no-ascon\Results\#18,global_weights_history_1.csv,global_round,2026-04-19 12:14:01,model.global_round,17,aggregate,server,50.0,0.0004589999999999872,0.0009589999999999876,0.0013220000000000454,0.0003210000000000157,0.003061000000000036
18,12:14:51,0.983333,0.081051,0.302557,0.302897,0.577067,0.474108,18,C:\Users\VivoBook\Downloads\microproyecto2\microproyecto 2 porque wtf\src\hfl_v7-no-ascon\Results\#18,global_weights_history_1.csv,global_round,2026-04-19 12:14:51,model.global_round,18,aggregate,server,50.0,0.0003070000000000017,0.00041199999999996795,0.0004410000000000247,0.0007329999999999837,0.001892999999999978
19,12:15:41,0.966667,0.096473,0.303015,0.304032,0.579044,0.476918,18,C:\Users\VivoBook\Downloads\microproyecto2\microproyecto 2 porque wtf\src\hfl_v7-no-ascon\Results\#18,global_weights_history_1.csv,global_round,2026-04-19 12:15:41,model.global_round,19,aggregate,server,50.0,0.00045799999999995844,0.0011349999999999971,0.0019770000000000065,0.0028100000000000347,0.006379999999999997
20,12:16:31,0.933333,0.089868,0.303741,0.300075,0.581102,0.479136,18,C:\Users\VivoBook\Downloads\microproyecto2\microproyecto 2 porque wtf\src\hfl_v7-no-ascon\Results\#18,global_weights_history_1.csv,global_round,2026-04-19 12:16:31,model.global_round,20,aggregate,server,50.0,0.0007260000000000044,0.003957000000000044,0.0020580000000000043,0.0022179999999999978,0.00895900000000005
1,12:24:15,0.75,0.943313,0.28723,0.290831,0.539495,0.412302,19,C:\Users\VivoBook\Downloads\microproyecto2\microproyecto 2 porque wtf\src\hfl_v7-no-ascon\Results\#19,global_weights_history_1.csv,global_round,2026-04-19 12:24:15,model.global_round,1,aggregate,server,,,,,,0.0
2,12:24:59,0.983333,0.088724,0.29175,0.296146,0.55591,0.432271,19,C:\Users\VivoBook\Downloads\microproyecto2\microproyecto 2 porque wtf\src\hfl_v7-no-ascon\Results\#19,global_weights_history_1.csv,global_round,2026-04-19 12:24:59,model.global_round,2,aggregate,server,44.0,0.004520000000000024,0.005315000000000014,0.01641500000000007,0.019969000000000015,0.04621900000000012
3,12:25:49,1.0,0.030921,0.295746,0.304916,0.563657,0.443603,19,C:\Users\VivoBook\Downloads\microproyecto2\microproyecto 2 porque wtf\src\hfl_v7-no-ascon\Results\#19,global_weights_history_1.csv,global_round,2026-04-19 12:25:49,model.global_round,3,aggregate,server,50.0,0.0039959999999999996,0.00877,0.007746999999999948,0.011332000000000009,0.03184499999999996
4,12:26:39,0.983333,0.029891,0.297998,0.30886,0.568261,0.451314,19,C:\Users\VivoBook\Downloads\microproyecto2\microproyecto 2 porque wtf\src\hfl_v7-no-ascon\Results\#19,global_weights_history_1.csv,global_round,2026-04-19 12:26:39,model.global_round,4,aggregate,server,50.0,0.0022519999999999762,0.003944000000000003,0.0046040000000000525,0.007710999999999968,0.018511
5,12:27:36,1.0,0.012719,0.299601,0.31389,0.571768,0.455808,19,C:\Users\VivoBook\Downloads\microproyecto2\microproyecto 2 porque wtf\src\hfl_v7-no-ascon\Results\#19,global_weights_history_1.csv,global_round,2026-04-19 12:27:36,model.global_round,5,aggregate,server,57.0,0.001603000000000021,0.005029999999999979,0.003507000000000038,0.004493999999999998,0.014634000000000036
6,12:28:26,0.933333,0.18337,0.295985,0.31198,0.565446,0.454858,19,C:\Users\VivoBook\Downloads\microproyecto2\microproyecto 2 porque wtf\src\hfl_v7-no-ascon\Results\#19,global_weights_history_1.csv,global_round,2026-04-19 12:28:26,model.global_round,6,aggregate,server,50.0,0.003616000000000008,0.0019100000000000228,0.00632200000000005,0.0009500000000000064,0.012798000000000087
7,12:29:17,0.9,0.212391,0.294829,0.30952,0.565626,0.45011,19,C:\Users\VivoBook\Downloads\microproyecto2\microproyecto 2 porque wtf\src\hfl_v7-no-ascon\Results\#19,global_weights_history_1.csv,global_round,2026-04-19 12:29:17,model.global_round,7,aggregate,server,51.0,0.0011559999999999904,0.0024599999999999622,0.00017999999999995797,0.0047479999999999745,0.008543999999999885
8,12:30:06,0.933333,0.154594,0.294731,0.30808,0.565187,0.453238,19,C:\Users\VivoBook\Downloads\microproyecto2\microproyecto 2 porque wtf\src\hfl_v7-no-ascon\Results\#19,global_weights_history_1.csv,global_round,2026-04-19 12:30:06,model.global_round,8,aggregate,server,49.0,9.799999999998699e-05,0.0014399999999999968,0.0004389999999999672,0.003127999999999964,0.005104999999999915
9,12:30:56,0.95,0.156005,0.295506,0.307088,0.565261,0.460922,19,C:\Users\VivoBook\Downloads\microproyecto2\microproyecto 2 porque wtf\src\hfl_v7-no-ascon\Results\#19,global_weights_history_1.csv,global_round,2026-04-19 12:30:56,model.global_round,9,aggregate,server,50.0,0.0007749999999999702,0.0009919999999999929,7.40000000000185e-05,0.007684000000000024,0.009525000000000006
10,12:31:46,0.916667,0.222751,0.296138,0.308084,0.565704,0.463432,19,C:\Users\VivoBook\Downloads\microproyecto2\microproyecto 2 porque wtf\src\hfl_v7-no-ascon\Results\#19,global_weights_history_1.csv,global_round,2026-04-19 12:31:46,model.global_round,10,aggregate,server,50.0,0.0006320000000000214,0.0009959999999999969,0.0004429999999999712,0.0025100000000000122,0.004581000000000002
11,12:32:37,0.983333,0.085714,0.296709,0.311082,0.567136,0.462187,19,C:\Users\VivoBook\Downloads\microproyecto2\microproyecto 2 porque wtf\src\hfl_v7-no-ascon\Results\#19,global_weights_history_1.csv,global_round,2026-04-19 12:32:37,model.global_round,11,aggregate,server,51.0,0.0005709999999999882,0.0029980000000000007,0.0014319999999999888,0.0012449999999999961,0.006245999999999974
12,12:33:27,0.933333,0.160071,0.296989,0.311458,0.57003,0.463141,19,C:\Users\VivoBook\Downloads\microproyecto2\microproyecto 2 porque wtf\src\hfl_v7-no-ascon\Results\#19,global_weights_history_1.csv,global_round,2026-04-19 12:33:27,model.global_round,12,aggregate,server,50.0,0.00028000000000000247,0.00037599999999998746,0.002894000000000063,0.0009540000000000104,0.0045040000000000635
13,12:34:16,0.983333,0.075121,0.297775,0.313274,0.571234,0.465399,19,C:\Users\VivoBook\Downloads\microproyecto2\microproyecto 2 porque wtf\src\hfl_v7-no-ascon\Results\#19,global_weights_history_1.csv,global_round,2026-04-19 12:34:16,model.global_round,13,aggregate,server,49.0,0.0007860000000000089,0.0018159999999999843,0.0012039999999999829,0.0022579999999999822,0.006063999999999958
14,12:35:06,0.916667,0.166431,0.297929,0.308676,0.572639,0.466609,19,C:\Users\VivoBook\Downloads\microproyecto2\microproyecto 2 porque wtf\src\hfl_v7-no-ascon\Results\#19,global_weights_history_1.csv,global_round,2026-04-19 12:35:06,model.global_round,14,aggregate,server,50.0,0.00015399999999998748,0.004597999999999991,0.0014049999999999896,0.0012099999999999889,0.007366999999999957
15,12:35:56,0.966667,0.08769,0.298985,0.309221,0.575184,0.472828,19,C:\Users\VivoBook\Downloads\microproyecto2\microproyecto 2 porque wtf\src\hfl_v7-no-ascon\Results\#19,global_weights_history_1.csv,global_round,2026-04-19 12:35:56,model.global_round,15,aggregate,server,50.0,0.0010560000000000014,0.0005450000000000177,0.0025450000000000195,0.00621900000000003,0.010365000000000069
16,12:36:46,0.966667,0.090604,0.298355,0.307647,0.571522,0.473211,19,C:\Users\VivoBook\Downloads\microproyecto2\microproyecto 2 porque wtf\src\hfl_v7-no-ascon\Results\#19,global_weights_history_1.csv,global_round,2026-04-19 12:36:46,model.global_round,16,aggregate,server,50.0,0.0006300000000000194,0.0015740000000000198,0.003662000000000054,0.0003829999999999667,0.00624900000000006
17,12:37:36,0.883333,0.165605,0.298272,0.309156,0.571578,0.475143,19,C:\Users\VivoBook\Downloads\microproyecto2\microproyecto 2 porque wtf\src\hfl_v7-no-ascon\Results\#19,global_weights_history_1.csv,global_round,2026-04-19 12:37:36,model.global_round,17,aggregate,server,50.0,8.299999999999974e-05,0.0015089999999999826,5.6000000000056005e-05,0.0019319999999999893,0.0035800000000000276
18,12:38:26,0.983333,0.053225,0.29888,0.310978,0.572202,0.47558,19,C:\Users\VivoBook\Downloads\microproyecto2\microproyecto 2 porque wtf\src\hfl_v7-no-ascon\Results\#19,global_weights_history_1.csv,global_round,2026-04-19 12:38:26,model.global_round,18,aggregate,server,50.0,0.0006079999999999974,0.0018219999999999903,0.0006239999999999579,0.0004370000000000207,0.0034909999999999664
19,12:39:16,0.933333,0.117985,0.299705,0.312885,0.573145,0.47756,19,C:\Users\VivoBook\Downloads\microproyecto2\microproyecto 2 porque wtf\src\hfl_v7-no-ascon\Results\#19,global_weights_history_1.csv,global_round,2026-04-19 12:39:16,model.global_round,19,aggregate,server,50.0,0.0008250000000000202,0.0019070000000000475,0.0009430000000000271,0.0019799999999999818,0.005655000000000077
20,12:40:06,0.933333,0.103459,0.300575,0.314494,0.57444,0.478459,19,C:\Users\VivoBook\Downloads\microproyecto2\microproyecto 2 porque wtf\src\hfl_v7-no-ascon\Results\#19,global_weights_history_1.csv,global_round,2026-04-19 12:40:06,model.global_round,20,aggregate,server,50.0,0.0008699999999999819,0.0016089999999999716,0.001294999999999935,0.0008990000000000387,0.004672999999999927
1,12:50:50,0.8,0.637757,0.287922,0.292552,0.541662,0.411649,20,C:\Users\VivoBook\Downloads\microproyecto2\microproyecto 2 porque wtf\src\hfl_v7-no-ascon\Results\#20,global_weights_history_1.csv,global_round,2026-04-19 12:50:50,model.global_round,1,aggregate,server,,,,,,0.0
2,12:51:34,0.933333,0.26072,0.290646,0.295424,0.556285,0.429607,20,C:\Users\VivoBook\Downloads\microproyecto2\microproyecto 2 porque wtf\src\hfl_v7-no-ascon\Results\#20,global_weights_history_1.csv,global_round,2026-04-19 12:51:34,model.global_round,2,aggregate,server,44.0,0.002724000000000004,0.002872000000000041,0.014623000000000053,0.01795800000000003,0.03817700000000013
3,12:52:24,0.983333,0.101466,0.293771,0.304563,0.56618,0.441655,20,C:\Users\VivoBook\Downloads\microproyecto2\microproyecto 2 porque wtf\src\hfl_v7-no-ascon\Results\#20,global_weights_history_1.csv,global_round,2026-04-19 12:52:24,model.global_round,3,aggregate,server,50.0,0.003124999999999989,0.009138999999999953,0.009894999999999987,0.012048000000000003,0.03420699999999993
4,12:53:14,1.0,0.017869,0.296058,0.310445,0.573161,0.450868,20,C:\Users\VivoBook\Downloads\microproyecto2\microproyecto 2 porque wtf\src\hfl_v7-no-ascon\Results\#20,global_weights_history_1.csv,global_round,2026-04-19 12:53:14,model.global_round,4,aggregate,server,50.0,0.0022869999999999835,0.005882000000000054,0.006981000000000015,0.009212999999999971,0.024363000000000024
5,12:54:11,0.983333,0.03151,0.297398,0.314066,0.577906,0.455993,20,C:\Users\VivoBook\Downloads\microproyecto2\microproyecto 2 porque wtf\src\hfl_v7-no-ascon\Results\#20,global_weights_history_1.csv,global_round,2026-04-19 12:54:11,model.global_round,5,aggregate,server,57.0,0.0013400000000000079,0.0036209999999999853,0.004744999999999999,0.005124999999999991,0.014830999999999983
6,12:55:01,0.916667,0.297425,0.292883,0.30694,0.570252,0.44862,20,C:\Users\VivoBook\Downloads\microproyecto2\microproyecto 2 porque wtf\src\hfl_v7-no-ascon\Results\#20,global_weights_history_1.csv,global_round,2026-04-19 12:55:01,model.global_round,6,aggregate,server,50.0,0.004514999999999991,0.007126000000000021,0.00765400000000005,0.007372999999999963,0.026668000000000025
7,12:55:51,0.966667,0.108739,0.290382,0.305917,0.558704,0.445627,20,C:\Users\VivoBook\Downloads\microproyecto2\microproyecto 2 porque wtf\src\hfl_v7-no-ascon\Results\#20,global_weights_history_1.csv,global_round,2026-04-19 12:55:51,model.global_round,7,aggregate,server,50.0,0.002501000000000031,0.0010229999999999961,0.011548000000000003,0.0029930000000000234,0.018065000000000053
8,12:56:42,0.95,0.129467,0.290301,0.309646,0.561889,0.44931,20,C:\Users\VivoBook\Downloads\microproyecto2\microproyecto 2 porque wtf\src\hfl_v7-no-ascon\Results\#20,global_weights_history_1.csv,global_round,2026-04-19 12:56:42,model.global_round,8,aggregate,server,51.0,8.099999999999774e-05,0.0037289999999999823,0.0031849999999999934,0.003682999999999992,0.010677999999999965
9,12:57:31,0.966667,0.170491,0.291124,0.308415,0.554495,0.45506,20,C:\Users\VivoBook\Downloads\microproyecto2\microproyecto 2 porque wtf\src\hfl_v7-no-ascon\Results\#20,global_weights_history_1.csv,global_round,2026-04-19 12:57:31,model.global_round,9,aggregate,server,49.0,0.0008230000000000182,0.0012309999999999821,0.007394000000000012,0.005750000000000033,0.015198000000000045
10,12:58:21,0.916667,0.298912,0.291026,0.301152,0.55696,0.455685,20,C:\Users\VivoBook\Downloads\microproyecto2\microproyecto 2 porque wtf\src\hfl_v7-no-ascon\Results\#20,global_weights_history_1.csv,global_round,2026-04-19 12:58:21,model.global_round,10,aggregate,server,50.0,9.799999999998699e-05,0.0072630000000000194,0.0024650000000000505,0.0006249999999999867,0.010451000000000044
11,12:59:12,0.966667,0.096292,0.291671,0.299595,0.557968,0.460098,20,C:\Users\VivoBook\Downloads\microproyecto2\microproyecto 2 porque wtf\src\hfl_v7-no-ascon\Results\#20,global_weights_history_1.csv,global_round,2026-04-19 12:59:12,model.global_round,11,aggregate,server,51.0,0.0006450000000000067,0.001556999999999975,0.0010080000000000089,0.004413,0.007622999999999991
12,13:00:01,0.966667,0.083612,0.293535,0.303635,0.558013,0.465273,20,C:\Users\VivoBook\Downloads\microproyecto2\microproyecto 2 porque wtf\src\hfl_v7-no-ascon\Results\#20,global_weights_history_1.csv,global_round,2026-04-19 13:00:01,model.global_round,12,aggregate,server,49.0,0.0018639999999999768,0.004039999999999988,4.499999999996174e-05,0.005174999999999985,0.011123999999999912
13,13:00:51,0.95,0.145308,0.293672,0.304597,0.561182,0.470538,20,C:\Users\VivoBook\Downloads\microproyecto2\microproyecto 2 porque wtf\src\hfl_v7-no-ascon\Results\#20,global_weights_history_1.csv,global_round,2026-04-19 13:00:51,model.global_round,13,aggregate,server,50.0,0.00013699999999999823,0.0009620000000000184,0.0031689999999999774,0.00526500000000002,0.009533000000000014
14,13:01:41,0.933333,0.155222,0.293451,0.300691,0.562129,0.473785,20,C:\Users\VivoBook\Downloads\microproyecto2\microproyecto 2 porque wtf\src\hfl_v7-no-ascon\Results\#20,global_weights_history_1.csv,global_round,2026-04-19 13:01:41,model.global_round,14,aggregate,server,50.0,0.00022099999999997122,0.0039060000000000206,0.0009470000000000312,0.003247,0.008321000000000023
15,13:02:31,0.95,0.213786,0.294151,0.301847,0.560787,0.476815,20,C:\Users\VivoBook\Downloads\microproyecto2\microproyecto 2 porque wtf\src\hfl_v7-no-ascon\Results\#20,global_weights_history_1.csv,global_round,2026-04-19 13:02:31,model.global_round,15,aggregate,server,50.0,0.0006999999999999784,0.0011559999999999904,0.0013419999999999543,0.003029999999999977,0.0062279999999999
16,13:03:21,0.966667,0.114939,0.294228,0.299936,0.561963,0.478472,20,C:\Users\VivoBook\Downloads\microproyecto2\microproyecto 2 porque wtf\src\hfl_v7-no-ascon\Results\#20,global_weights_history_1.csv,global_round,2026-04-19 13:03:21,model.global_round,16,aggregate,server,50.0,7.699999999999374e-05,0.001910999999999996,0.0011759999999999549,0.0016570000000000196,0.004820999999999964
17,13:04:11,0.966667,0.121625,0.294799,0.299364,0.565732,0.484787,20,C:\Users\VivoBook\Downloads\microproyecto2\microproyecto 2 porque wtf\src\hfl_v7-no-ascon\Results\#20,global_weights_history_1.csv,global_round,2026-04-19 13:04:11,model.global_round,17,aggregate,server,50.0,0.0005709999999999882,0.0005719999999999614,0.0037690000000000223,0.006315000000000015,0.011226999999999987
18,13:05:01,0.916667,0.134133,0.296157,0.302244,0.567032,0.490064,20,C:\Users\VivoBook\Downloads\microproyecto2\microproyecto 2 porque wtf\src\hfl_v7-no-ascon\Results\#20,global_weights_history_1.csv,global_round,2026-04-19 13:05:01,model.global_round,18,aggregate,server,50.0,0.0013580000000000259,0.0028799999999999937,0.0012999999999999678,0.005276999999999976,0.010814999999999964
19,13:05:51,0.95,0.104689,0.297412,0.302628,0.569881,0.495209,20,C:\Users\VivoBook\Downloads\microproyecto2\microproyecto 2 porque wtf\src\hfl_v7-no-ascon\Results\#20,global_weights_history_1.csv,global_round,2026-04-19 13:05:51,model.global_round,19,aggregate,server,50.0,0.0012550000000000061,0.00038399999999999546,0.0028489999999999904,0.005145000000000011,0.009633000000000003
20,13:06:41,0.966667,0.058061,0.298212,0.303239,0.573932,0.499914,20,C:\Users\VivoBook\Downloads\microproyecto2\microproyecto 2 porque wtf\src\hfl_v7-no-ascon\Results\#20,global_weights_history_1.csv,global_round,2026-04-19 13:06:41,model.global_round,20,aggregate,server,50.0,0.0007999999999999674,0.0006109999999999727,0.004051000000000027,0.004705000000000015,0.010166999999999982
1,13:11:22,0.75,0.864637,0.285884,0.290759,0.540281,0.410789,21,C:\Users\VivoBook\Downloads\microproyecto2\microproyecto 2 porque wtf\src\hfl_v7-no-ascon\Results\#21,global_weights_history_1.csv,global_round,2026-04-19 13:11:22,model.global_round,1,aggregate,server,,,,,,0.0
2,13:12:06,0.95,0.179307,0.290475,0.295107,0.555971,0.426914,21,C:\Users\VivoBook\Downloads\microproyecto2\microproyecto 2 porque wtf\src\hfl_v7-no-ascon\Results\#21,global_weights_history_1.csv,global_round,2026-04-19 13:12:06,model.global_round,2,aggregate,server,44.0,0.004590999999999956,0.0043480000000000185,0.015689999999999982,0.016125,0.04075399999999996
3,13:12:56,1.0,0.049309,0.294769,0.30408,0.566427,0.438806,21,C:\Users\VivoBook\Downloads\microproyecto2\microproyecto 2 porque wtf\src\hfl_v7-no-ascon\Results\#21,global_weights_history_1.csv,global_round,2026-04-19 13:12:56,model.global_round,3,aggregate,server,50.0,0.00429400000000002,0.008973000000000009,0.01045600000000002,0.011891999999999958,0.03561500000000001
4,13:13:47,0.983333,0.04618,0.29763,0.30959,0.573693,0.447503,21,C:\Users\VivoBook\Downloads\microproyecto2\microproyecto 2 porque wtf\src\hfl_v7-no-ascon\Results\#21,global_weights_history_1.csv,global_round,2026-04-19 13:13:47,model.global_round,4,aggregate,server,51.0,0.0028610000000000024,0.005509999999999959,0.007265999999999995,0.00869700000000001,0.024333999999999967
5,13:14:43,0.983333,0.037669,0.29947,0.313217,0.578148,0.452793,21,C:\Users\VivoBook\Downloads\microproyecto2\microproyecto 2 porque wtf\src\hfl_v7-no-ascon\Results\#21,global_weights_history_1.csv,global_round,2026-04-19 13:14:43,model.global_round,5,aggregate,server,56.0,0.0018400000000000083,0.003627000000000047,0.004454999999999987,0.005290000000000017,0.015212000000000059
6,13:15:33,0.933333,0.156889,0.295697,0.309219,0.571297,0.450521,21,C:\Users\VivoBook\Downloads\microproyecto2\microproyecto 2 porque wtf\src\hfl_v7-no-ascon\Results\#21,global_weights_history_1.csv,global_round,2026-04-19 13:15:33,model.global_round,6,aggregate,server,50.0,0.0037730000000000263,0.0039980000000000016,0.0068509999999999405,0.0022719999999999962,0.016893999999999965
7,13:16:23,0.966667,0.128763,0.295117,0.309677,0.571741,0.451244,21,C:\Users\VivoBook\Downloads\microproyecto2\microproyecto 2 porque wtf\src\hfl_v7-no-ascon\Results\#21,global_weights_history_1.csv,global_round,2026-04-19 13:16:23,model.global_round,7,aggregate,server,50.0,0.0005799999999999694,0.00045799999999995844,0.00044399999999999995,0.0007229999999999737,0.0022049999999999015
8,13:17:13,0.916667,0.205543,0.29536,0.307393,0.572742,0.455506,21,C:\Users\VivoBook\Downloads\microproyecto2\microproyecto 2 porque wtf\src\hfl_v7-no-ascon\Results\#21,global_weights_history_1.csv,global_round,2026-04-19 13:17:13,model.global_round,8,aggregate,server,50.0,0.00024299999999999322,0.0022839999999999527,0.0010009999999999186,0.0042620000000000435,0.007789999999999908
9,13:18:04,0.9,0.210123,0.295461,0.304204,0.573027,0.457324,21,C:\Users\VivoBook\Downloads\microproyecto2\microproyecto 2 porque wtf\src\hfl_v7-no-ascon\Results\#21,global_weights_history_1.csv,global_round,2026-04-19 13:18:04,model.global_round,9,aggregate,server,51.0,0.00010099999999996223,0.003189000000000053,0.0002849999999999797,0.0018179999999999863,0.005392999999999981
10,13:18:53,0.95,0.135291,0.295781,0.303503,0.572847,0.463479,21,C:\Users\VivoBook\Downloads\microproyecto2\microproyecto 2 porque wtf\src\hfl_v7-no-ascon\Results\#21,global_weights_history_1.csv,global_round,2026-04-19 13:18:53,model.global_round,10,aggregate,server,49.0,0.00032000000000004247,0.0007009999999999517,0.00017999999999995797,0.006154999999999966,0.007355999999999918
11,13:19:43,0.95,0.118962,0.296238,0.305152,0.573115,0.469243,21,C:\Users\VivoBook\Downloads\microproyecto2\microproyecto 2 porque wtf\src\hfl_v7-no-ascon\Results\#21,global_weights_history_1.csv,global_round,2026-04-19 13:19:43,model.global_round,11,aggregate,server,50.0,0.0004569999999999852,0.001648999999999956,0.000268000000000046,0.005764000000000047,0.008138000000000034
12,13:20:34,0.933333,0.171522,0.297187,0.305702,0.572228,0.473013,21,C:\Users\VivoBook\Downloads\microproyecto2\microproyecto 2 porque wtf\src\hfl_v7-no-ascon\Results\#21,global_weights_history_1.csv,global_round,2026-04-19 13:20:34,model.global_round,12,aggregate,server,51.0,0.0009489999999999776,0.0005499999999999949,0.0008870000000000822,0.0037699999999999956,0.00615600000000005
13,13:21:23,0.916667,0.174665,0.298047,0.305371,0.576824,0.47863,21,C:\Users\VivoBook\Downloads\microproyecto2\microproyecto 2 porque wtf\src\hfl_v7-no-ascon\Results\#21,global_weights_history_1.csv,global_round,2026-04-19 13:21:23,model.global_round,13,aggregate,server,49.0,0.0008600000000000274,0.0003309999999999702,0.0045960000000000445,0.005616999999999983,0.011404000000000025
14,13:22:14,0.916667,0.175611,0.298135,0.306687,0.583338,0.480305,21,C:\Users\VivoBook\Downloads\microproyecto2\microproyecto 2 porque wtf\src\hfl_v7-no-ascon\Results\#21,global_weights_history_1.csv,global_round,2026-04-19 13:22:14,model.global_round,14,aggregate,server,51.0,8.799999999997699e-05,0.0013159999999999838,0.00651400000000002,0.001674999999999982,0.009592999999999963
15,13:23:03,0.95,0.103702,0.299237,0.308151,0.582754,0.4823,21,C:\Users\VivoBook\Downloads\microproyecto2\microproyecto 2 porque wtf\src\hfl_v7-no-ascon\Results\#21,global_weights_history_1.csv,global_round,2026-04-19 13:23:03,model.global_round,15,aggregate,server,49.0,0.0011019999999999919,0.0014640000000000208,0.0005840000000000289,0.0019950000000000245,0.005145000000000066
16,13:23:54,0.966667,0.075962,0.300582,0.308223,0.582566,0.483782,21,C:\Users\VivoBook\Downloads\microproyecto2\microproyecto 2 porque wtf\src\hfl_v7-no-ascon\Results\#21,global_weights_history_1.csv,global_round,2026-04-19 13:23:54,model.global_round,16,aggregate,server,51.0,0.0013450000000000406,7.20000000000165e-05,0.00018799999999996597,0.0014819999999999833,0.0030870000000000064
17,13:24:44,0.983333,0.04031,0.301121,0.312857,0.586468,0.487088,21,C:\Users\VivoBook\Downloads\microproyecto2\microproyecto 2 porque wtf\src\hfl_v7-no-ascon\Results\#21,global_weights_history_1.csv,global_round,2026-04-19 13:24:44,model.global_round,17,aggregate,server,50.0,0.0005390000000000117,0.0046339999999999715,0.003901999999999961,0.003306000000000031,0.012380999999999975
18,13:25:33,0.95,0.131373,0.302148,0.314757,0.588802,0.491346,21,C:\Users\VivoBook\Downloads\microproyecto2\microproyecto 2 porque wtf\src\hfl_v7-no-ascon\Results\#21,global_weights_history_1.csv,global_round,2026-04-19 13:25:33,model.global_round,18,aggregate,server,49.0,0.0010270000000000001,0.0019000000000000128,0.0023340000000000583,0.004257999999999984,0.009519000000000055
19,13:26:23,0.966667,0.085369,0.302409,0.313247,0.588255,0.49423,21,C:\Users\VivoBook\Downloads\microproyecto2\microproyecto 2 porque wtf\src\hfl_v7-no-ascon\Results\#21,global_weights_history_1.csv,global_round,2026-04-19 13:26:23,model.global_round,19,aggregate,server,50.0,0.0002609999999999557,0.0015100000000000113,0.0005470000000000752,0.0028839999999999977,0.00520200000000004
1,13:34:05,0.75,1.005226,0.286886,0.290345,0.542376,0.411202,22,C:\Users\VivoBook\Downloads\microproyecto2\microproyecto 2 porque wtf\src\hfl_v7-no-ascon\Results\#22,global_weights_history_1.csv,global_round,2026-04-19 13:34:05,model.global_round,1,aggregate,server,,,,,,0.0
2,13:34:48,0.95,0.224033,0.289857,0.294142,0.555073,0.427503,22,C:\Users\VivoBook\Downloads\microproyecto2\microproyecto 2 porque wtf\src\hfl_v7-no-ascon\Results\#22,global_weights_history_1.csv,global_round,2026-04-19 13:34:48,model.global_round,2,aggregate,server,43.0,0.0029710000000000014,0.003796999999999995,0.01269700000000007,0.01630100000000001,0.035766000000000076
3,13:35:39,0.966667,0.066936,0.292726,0.304734,0.560006,0.438872,22,C:\Users\VivoBook\Downloads\microproyecto2\microproyecto 2 porque wtf\src\hfl_v7-no-ascon\Results\#22,global_weights_history_1.csv,global_round,2026-04-19 13:35:39,model.global_round,3,aggregate,server,51.0,0.0028690000000000104,0.01059199999999999,0.004932999999999965,0.011368999999999962,0.02976299999999993
4,13:36:29,1.0,0.02965,0.295311,0.310625,0.564478,0.449901,22,C:\Users\VivoBook\Downloads\microproyecto2\microproyecto 2 porque wtf\src\hfl_v7-no-ascon\Results\#22,global_weights_history_1.csv,global_round,2026-04-19 13:36:29,model.global_round,4,aggregate,server,50.0,0.002585000000000004,0.00589099999999998,0.0044720000000000315,0.011029000000000011,0.023977000000000026
5,13:37:26,1.0,0.010939,0.29698,0.314004,0.569889,0.456943,22,C:\Users\VivoBook\Downloads\microproyecto2\microproyecto 2 porque wtf\src\hfl_v7-no-ascon\Results\#22,global_weights_history_1.csv,global_round,2026-04-19 13:37:26,model.global_round,5,aggregate,server,57.0,0.0016690000000000316,0.003379000000000021,0.005410999999999944,0.007041999999999993,0.01750099999999999
6,13:38:16,0.9,0.316661,0.293245,0.309117,0.560726,0.454066,22,C:\Users\VivoBook\Downloads\microproyecto2\microproyecto 2 porque wtf\src\hfl_v7-no-ascon\Results\#22,global_weights_history_1.csv,global_round,2026-04-19 13:38:16,model.global_round,6,aggregate,server,50.0,0.003735000000000044,0.00488700000000003,0.009163000000000032,0.002876999999999963,0.02066200000000007
7,13:39:06,0.9,0.18663,0.291457,0.307119,0.553232,0.45348,22,C:\Users\VivoBook\Downloads\microproyecto2\microproyecto 2 porque wtf\src\hfl_v7-no-ascon\Results\#22,global_weights_history_1.csv,global_round,2026-04-19 13:39:06,model.global_round,7,aggregate,server,50.0,0.0017879999999999563,0.0019979999999999998,0.007494000000000001,0.0005860000000000309,0.011865999999999988
8,13:39:56,0.95,0.101156,0.291658,0.306814,0.547017,0.456493,22,C:\Users\VivoBook\Downloads\microproyecto2\microproyecto 2 porque wtf\src\hfl_v7-no-ascon\Results\#22,global_weights_history_1.csv,global_round,2026-04-19 13:39:56,model.global_round,8,aggregate,server,50.0,0.00020099999999995122,0.0003049999999999997,0.0062149999999999705,0.003012999999999988,0.00973399999999991
9,13:40:46,0.916667,0.243437,0.291124,0.304328,0.54722,0.459718,22,C:\Users\VivoBook\Downloads\microproyecto2\microproyecto 2 porque wtf\src\hfl_v7-no-ascon\Results\#22,global_weights_history_1.csv,global_round,2026-04-19 13:40:46,model.global_round,9,aggregate,server,50.0,0.0005339999999999789,0.0024859999999999882,0.00020300000000006424,0.0032250000000000334,0.006448000000000065
10,13:41:36,0.9,0.235318,0.28963,0.29444,0.552832,0.457735,22,C:\Users\VivoBook\Downloads\microproyecto2\microproyecto 2 porque wtf\src\hfl_v7-no-ascon\Results\#22,global_weights_history_1.csv,global_round,2026-04-19 13:41:36,model.global_round,10,aggregate,server,50.0,0.0014939999999999953,0.009888000000000008,0.00561199999999995,0.0019830000000000125,0.018976999999999966
11,13:42:26,0.983333,0.081606,0.289303,0.291512,0.547448,0.45993,22,C:\Users\VivoBook\Downloads\microproyecto2\microproyecto 2 porque wtf\src\hfl_v7-no-ascon\Results\#22,global_weights_history_1.csv,global_round,2026-04-19 13:42:26,model.global_round,11,aggregate,server,50.0,0.0003270000000000217,0.002927999999999986,0.005383999999999944,0.0021950000000000025,0.010833999999999955
12,13:43:16,0.966667,0.101737,0.289947,0.296091,0.547735,0.460946,22,C:\Users\VivoBook\Downloads\microproyecto2\microproyecto 2 porque wtf\src\hfl_v7-no-ascon\Results\#22,global_weights_history_1.csv,global_round,2026-04-19 13:43:16,model.global_round,12,aggregate,server,50.0,0.0006440000000000334,0.004579,0.0002869999999999262,0.0010160000000000169,0.006525999999999976
13,13:44:06,0.95,0.099598,0.291185,0.299349,0.552176,0.463972,22,C:\Users\VivoBook\Downloads\microproyecto2\microproyecto 2 porque wtf\src\hfl_v7-no-ascon\Results\#22,global_weights_history_1.csv,global_round,2026-04-19 13:44:06,model.global_round,13,aggregate,server,50.0,0.0012380000000000169,0.003257999999999983,0.004441000000000028,0.003025999999999973,0.011963000000000001
14,13:44:56,0.983333,0.050393,0.291813,0.301965,0.554363,0.467181,22,C:\Users\VivoBook\Downloads\microproyecto2\microproyecto 2 porque wtf\src\hfl_v7-no-ascon\Results\#22,global_weights_history_1.csv,global_round,2026-04-19 13:44:56,model.global_round,14,aggregate,server,50.0,0.0006279999999999619,0.002616000000000007,0.00218700000000005,0.0032090000000000174,0.008640000000000037
15,13:45:46,0.966667,0.22706,0.292088,0.303379,0.553732,0.472268,22,C:\Users\VivoBook\Downloads\microproyecto2\microproyecto 2 porque wtf\src\hfl_v7-no-ascon\Results\#22,global_weights_history_1.csv,global_round,2026-04-19 13:45:46,model.global_round,15,aggregate,server,50.0,0.0002750000000000252,0.0014140000000000263,0.0006310000000000482,0.005087000000000008,0.007407000000000108
16,13:46:36,0.983333,0.042377,0.292798,0.304614,0.552187,0.476154,22,C:\Users\VivoBook\Downloads\microproyecto2\microproyecto 2 porque wtf\src\hfl_v7-no-ascon\Results\#22,global_weights_history_1.csv,global_round,2026-04-19 13:46:36,model.global_round,16,aggregate,server,50.0,0.0007099999999999884,0.0012349999999999861,0.0015450000000000186,0.0038860000000000006,0.007375999999999994
17,13:47:26,0.983333,0.044888,0.293663,0.309174,0.552931,0.478674,22,C:\Users\VivoBook\Downloads\microproyecto2\microproyecto 2 porque wtf\src\hfl_v7-no-ascon\Results\#22,global_weights_history_1.csv,global_round,2026-04-19 13:47:26,model.global_round,17,aggregate,server,50.0,0.0008650000000000047,0.0045600000000000085,0.0007439999999999669,0.0025199999999999667,0.008688999999999947
18,13:48:16,0.983333,0.034245,0.294373,0.312901,0.553057,0.481314,22,C:\Users\VivoBook\Downloads\microproyecto2\microproyecto 2 porque wtf\src\hfl_v7-no-ascon\Results\#22,global_weights_history_1.csv,global_round,2026-04-19 13:48:16,model.global_round,18,aggregate,server,50.0,0.0007099999999999884,0.0037269999999999803,0.0001260000000000705,0.002640000000000031,0.0072030000000000705
19,13:49:06,0.95,0.096926,0.295031,0.316427,0.553512,0.483779,22,C:\Users\VivoBook\Downloads\microproyecto2\microproyecto 2 porque wtf\src\hfl_v7-no-ascon\Results\#22,global_weights_history_1.csv,global_round,2026-04-19 13:49:06,model.global_round,19,aggregate,server,50.0,0.0006579999999999919,0.003526000000000029,0.0004549999999999832,0.002464999999999995,0.007103999999999999
20,13:49:56,0.966667,0.143433,0.29498,0.318243,0.552948,0.485647,22,C:\Users\VivoBook\Downloads\microproyecto2\microproyecto 2 porque wtf\src\hfl_v7-no-ascon\Results\#22,global_weights_history_1.csv,global_round,2026-04-19 13:49:56,model.global_round,20,aggregate,server,50.0,5.099999999996774e-05,0.0018159999999999843,0.0005640000000000089,0.0018679999999999808,0.004298999999999942
1,13:54:29,0.716667,0.840336,0.287869,0.292639,0.540778,0.409283,23,C:\Users\VivoBook\Downloads\microproyecto2\microproyecto 2 porque wtf\src\hfl_v7-no-ascon\Results\#23,global_weights_history_1.csv,global_round,2026-04-19 13:54:29,model.global_round,1,aggregate,server,,,,,,0.0
2,13:55:13,0.966667,0.203209,0.291811,0.298616,0.555708,0.421807,23,C:\Users\VivoBook\Downloads\microproyecto2\microproyecto 2 porque wtf\src\hfl_v7-no-ascon\Results\#23,global_weights_history_1.csv,global_round,2026-04-19 13:55:13,model.global_round,2,aggregate,server,44.0,0.003942000000000001,0.00597700000000001,0.014929999999999999,0.01252399999999998,0.03737299999999999
3,13:56:03,0.966667,0.075572,0.294385,0.307027,0.565101,0.432374,23,C:\Users\VivoBook\Downloads\microproyecto2\microproyecto 2 porque wtf\src\hfl_v7-no-ascon\Results\#23,global_weights_history_1.csv,global_round,2026-04-19 13:56:03,model.global_round,3,aggregate,server,50.0,0.0025740000000000207,0.008411000000000002,0.009392999999999985,0.010566999999999993,0.030945
4,13:56:53,1.0,0.022283,0.29646,0.312253,0.571353,0.440458,23,C:\Users\VivoBook\Downloads\microproyecto2\microproyecto 2 porque wtf\src\hfl_v7-no-ascon\Results\#23,global_weights_history_1.csv,global_round,2026-04-19 13:56:53,model.global_round,4,aggregate,server,50.0,0.0020749999999999935,0.005226000000000008,0.006252000000000035,0.008084000000000036,0.021637000000000073
5,13:57:46,1.0,0.021956,0.297961,0.315889,0.575261,0.445444,23,C:\Users\VivoBook\Downloads\microproyecto2\microproyecto 2 porque wtf\src\hfl_v7-no-ascon\Results\#23,global_weights_history_1.csv,global_round,2026-04-19 13:57:46,model.global_round,5,aggregate,server,53.0,0.0015009999999999746,0.0036359999999999726,0.003908000000000023,0.0049859999999999904,0.01403099999999996
6,13:58:44,0.85,0.487459,0.292487,0.309369,0.557007,0.441804,23,C:\Users\VivoBook\Downloads\microproyecto2\microproyecto 2 porque wtf\src\hfl_v7-no-ascon\Results\#23,global_weights_history_1.csv,global_round,2026-04-19 13:58:44,model.global_round,6,aggregate,server,58.0,0.005473999999999979,0.00651999999999997,0.018253999999999992,0.003640000000000032,0.033887999999999974
7,13:59:33,0.883333,0.306897,0.291372,0.300433,0.55966,0.438256,23,C:\Users\VivoBook\Downloads\microproyecto2\microproyecto 2 porque wtf\src\hfl_v7-no-ascon\Results\#23,global_weights_history_1.csv,global_round,2026-04-19 13:59:33,model.global_round,7,aggregate,server,49.0,0.0011149999999999771,0.008936,0.0026530000000000165,0.0035479999999999956,0.01625199999999999
8,14:00:24,0.8,0.375538,0.29064,0.299176,0.558792,0.439888,23,C:\Users\VivoBook\Downloads\microproyecto2\microproyecto 2 porque wtf\src\hfl_v7-no-ascon\Results\#23,global_weights_history_1.csv,global_round,2026-04-19 14:00:24,model.global_round,8,aggregate,server,51.0,0.0007320000000000104,0.0012570000000000081,0.0008680000000000909,0.0016320000000000223,0.004489000000000132
9,14:01:13,0.866667,0.411124,0.289868,0.299009,0.554937,0.446022,23,C:\Users\VivoBook\Downloads\microproyecto2\microproyecto 2 porque wtf\src\hfl_v7-no-ascon\Results\#23,global_weights_history_1.csv,global_round,2026-04-19 14:01:13,model.global_round,9,aggregate,server,49.0,0.0007719999999999949,0.00016699999999997273,0.003854999999999942,0.006133999999999973,0.010927999999999882
10,14:02:04,0.933333,0.153819,0.290436,0.297659,0.555783,0.448337,23,C:\Users\VivoBook\Downloads\microproyecto2\microproyecto 2 porque wtf\src\hfl_v7-no-ascon\Results\#23,global_weights_history_1.csv,global_round,2026-04-19 14:02:04,model.global_round,10,aggregate,server,51.0,0.0005680000000000129,0.0013500000000000179,0.0008460000000000134,0.0023150000000000115,0.005079000000000056
11,14:02:53,0.883333,0.347834,0.289327,0.294993,0.554355,0.451088,23,C:\Users\VivoBook\Downloads\microproyecto2\microproyecto 2 porque wtf\src\hfl_v7-no-ascon\Results\#23,global_weights_history_1.csv,global_round,2026-04-19 14:02:53,model.global_round,11,aggregate,server,49.0,0.0011090000000000266,0.0026660000000000017,0.0014279999999999848,0.0027510000000000034,0.007954000000000017
12,14:03:43,0.866667,0.346199,0.28885,0.286754,0.552902,0.453608,23,C:\Users\VivoBook\Downloads\microproyecto2\microproyecto 2 porque wtf\src\hfl_v7-no-ascon\Results\#23,global_weights_history_1.csv,global_round,2026-04-19 14:03:43,model.global_round,12,aggregate,server,50.0,0.0004770000000000052,0.008238999999999996,0.0014530000000000376,0.0025200000000000222,0.012689000000000061
13,14:04:33,0.95,0.13947,0.289555,0.285539,0.552999,0.458964,23,C:\Users\VivoBook\Downloads\microproyecto2\microproyecto 2 porque wtf\src\hfl_v7-no-ascon\Results\#23,global_weights_history_1.csv,global_round,2026-04-19 14:04:33,model.global_round,13,aggregate,server,50.0,0.0007050000000000112,0.0012150000000000216,9.700000000001374e-05,0.005355999999999972,0.007373000000000018
14,14:05:24,0.883333,0.253499,0.28863,0.282746,0.546178,0.466244,23,C:\Users\VivoBook\Downloads\microproyecto2\microproyecto 2 porque wtf\src\hfl_v7-no-ascon\Results\#23,global_weights_history_1.csv,global_round,2026-04-19 14:05:24,model.global_round,14,aggregate,server,51.0,0.0009250000000000091,0.00279299999999999,0.006820999999999966,0.007280000000000009,0.017818999999999974
15,14:06:13,0.933333,0.20144,0.288238,0.280998,0.54411,0.468214,23,C:\Users\VivoBook\Downloads\microproyecto2\microproyecto 2 porque wtf\src\hfl_v7-no-ascon\Results\#23,global_weights_history_1.csv,global_round,2026-04-19 14:06:13,model.global_round,15,aggregate,server,49.0,0.00039200000000000346,0.0017479999999999718,0.0020680000000000698,0.0019700000000000273,0.006178000000000072
16,14:07:03,0.966667,0.107573,0.289188,0.286861,0.546073,0.468812,23,C:\Users\VivoBook\Downloads\microproyecto2\microproyecto 2 porque wtf\src\hfl_v7-no-ascon\Results\#23,global_weights_history_1.csv,global_round,2026-04-19 14:07:03,model.global_round,16,aggregate,server,50.0,0.0009500000000000064,0.005862999999999952,0.001963000000000048,0.0005979999999999874,0.009373999999999993
17,14:07:53,0.933333,0.213996,0.290381,0.291667,0.548828,0.470264,23,C:\Users\VivoBook\Downloads\microproyecto2\microproyecto 2 porque wtf\src\hfl_v7-no-ascon\Results\#23,global_weights_history_1.csv,global_round,2026-04-19 14:07:53,model.global_round,17,aggregate,server,50.0,0.0011929999999999996,0.0048060000000000325,0.002754999999999952,0.0014520000000000088,0.010205999999999993
18,14:08:44,0.95,0.138982,0.289507,0.290047,0.547794,0.47365,23,C:\Users\VivoBook\Downloads\microproyecto2\microproyecto 2 porque wtf\src\hfl_v7-no-ascon\Results\#23,global_weights_history_1.csv,global_round,2026-04-19 14:08:44,model.global_round,18,aggregate,server,51.0,0.0008739999999999859,0.0016200000000000103,0.0010339999999999794,0.003386,0.006913999999999976
19,14:09:34,0.916667,0.237698,0.289113,0.283615,0.552199,0.476416,23,C:\Users\VivoBook\Downloads\microproyecto2\microproyecto 2 porque wtf\src\hfl_v7-no-ascon\Results\#23,global_weights_history_1.csv,global_round,2026-04-19 14:09:34,model.global_round,19,aggregate,server,50.0,0.00039400000000000546,0.006431999999999993,0.004404999999999992,0.0027659999999999907,0.013996999999999982
20,14:10:24,0.883333,0.269965,0.289481,0.283069,0.555615,0.478073,23,C:\Users\VivoBook\Downloads\microproyecto2\microproyecto 2 porque wtf\src\hfl_v7-no-ascon\Results\#23,global_weights_history_1.csv,global_round,2026-04-19 14:10:24,model.global_round,20,aggregate,server,50.0,0.00036799999999997945,0.0005459999999999909,0.0034159999999999746,0.0016570000000000196,0.005986999999999965
1,14:41:35,0.716667,0.856503,0.287108,0.291615,0.541633,0.412225,24,C:\Users\VivoBook\Downloads\microproyecto2\microproyecto 2 porque wtf\src\hfl_v7-no-ascon\Results\#24,global_weights_history_1.csv,global_round,2026-04-19 14:41:35,model.global_round,1,aggregate,server,,,,,,0.0
2,14:42:19,0.966667,0.189836,0.290418,0.299121,0.555959,0.430614,24,C:\Users\VivoBook\Downloads\microproyecto2\microproyecto 2 porque wtf\src\hfl_v7-no-ascon\Results\#24,global_weights_history_1.csv,global_round,2026-04-19 14:42:19,model.global_round,2,aggregate,server,44.0,0.003310000000000035,0.007506000000000013,0.01432599999999995,0.01838899999999999,0.043530999999999986
3,14:43:08,1.0,0.02682,0.293482,0.308311,0.563706,0.44085,24,C:\Users\VivoBook\Downloads\microproyecto2\microproyecto 2 porque wtf\src\hfl_v7-no-ascon\Results\#24,global_weights_history_1.csv,global_round,2026-04-19 14:43:08,model.global_round,3,aggregate,server,49.0,0.003064000000000011,0.009189999999999976,0.007747000000000059,0.010236000000000023,0.03023700000000007
4,14:43:59,1.0,0.029572,0.296157,0.31272,0.570196,0.448355,24,C:\Users\VivoBook\Downloads\microproyecto2\microproyecto 2 porque wtf\src\hfl_v7-no-ascon\Results\#24,global_weights_history_1.csv,global_round,2026-04-19 14:43:59,model.global_round,4,aggregate,server,51.0,0.002674999999999983,0.004408999999999996,0.006489999999999996,0.007504999999999984,0.02107899999999996
5,14:44:56,1.0,0.014622,0.298501,0.317822,0.575321,0.454274,24,C:\Users\VivoBook\Downloads\microproyecto2\microproyecto 2 porque wtf\src\hfl_v7-no-ascon\Results\#24,global_weights_history_1.csv,global_round,2026-04-19 14:44:56,model.global_round,5,aggregate,server,57.0,0.0023440000000000127,0.005101999999999995,0.005124999999999935,0.005919000000000008,0.01848999999999995
6,14:45:48,0.816667,0.478735,0.292232,0.305383,0.55675,0.450419,24,C:\Users\VivoBook\Downloads\microproyecto2\microproyecto 2 porque wtf\src\hfl_v7-no-ascon\Results\#24,global_weights_history_1.csv,global_round,2026-04-19 14:45:48,model.global_round,6,aggregate,server,52.0,0.0062690000000000246,0.012438999999999978,0.018571000000000004,0.0038549999999999973,0.041134000000000004
7,14:46:38,0.783333,0.589437,0.288534,0.298216,0.547372,0.444281,24,C:\Users\VivoBook\Downloads\microproyecto2\microproyecto 2 porque wtf\src\hfl_v7-no-ascon\Results\#24,global_weights_history_1.csv,global_round,2026-04-19 14:46:38,model.global_round,7,aggregate,server,50.0,0.003697999999999979,0.0071670000000000345,0.009377999999999997,0.006138000000000032,0.026381000000000043
8,14:47:29,0.833333,0.308173,0.287566,0.292691,0.542754,0.448207,24,C:\Users\VivoBook\Downloads\microproyecto2\microproyecto 2 porque wtf\src\hfl_v7-no-ascon\Results\#24,global_weights_history_1.csv,global_round,2026-04-19 14:47:29,model.global_round,8,aggregate,server,51.0,0.0009680000000000244,0.005525000000000002,0.004618000000000011,0.003926000000000041,0.015037000000000078
9,14:48:18,0.783333,0.608375,0.288044,0.286011,0.542389,0.450856,24,C:\Users\VivoBook\Downloads\microproyecto2\microproyecto 2 porque wtf\src\hfl_v7-no-ascon\Results\#24,global_weights_history_1.csv,global_round,2026-04-19 14:48:18,model.global_round,9,aggregate,server,49.0,0.00047800000000003395,0.006679999999999964,0.0003649999999999487,0.002648999999999957,0.010171999999999903
10,14:49:08,0.866667,0.417698,0.287123,0.285487,0.532691,0.447592,24,C:\Users\VivoBook\Downloads\microproyecto2\microproyecto 2 porque wtf\src\hfl_v7-no-ascon\Results\#24,global_weights_history_1.csv,global_round,2026-04-19 14:49:08,model.global_round,10,aggregate,server,50.0,0.0009210000000000051,0.0005240000000000244,0.009697999999999984,0.003263999999999989,0.014407000000000003
11,14:49:58,0.9,0.334489,0.287732,0.286947,0.52578,0.451695,24,C:\Users\VivoBook\Downloads\microproyecto2\microproyecto 2 porque wtf\src\hfl_v7-no-ascon\Results\#24,global_weights_history_1.csv,global_round,2026-04-19 14:49:58,model.global_round,11,aggregate,server,50.0,0.0006089999999999707,0.0014600000000000168,0.0069110000000000005,0.004103000000000023,0.013083000000000011
12,14:50:48,0.9,0.314113,0.289297,0.289874,0.527764,0.454847,24,C:\Users\VivoBook\Downloads\microproyecto2\microproyecto 2 porque wtf\src\hfl_v7-no-ascon\Results\#24,global_weights_history_1.csv,global_round,2026-04-19 14:50:48,model.global_round,12,aggregate,server,50.0,0.0015650000000000386,0.002927000000000013,0.0019839999999999858,0.003151999999999988,0.009628000000000025
13,14:51:38,0.916667,0.194686,0.290465,0.290374,0.530524,0.458524,24,C:\Users\VivoBook\Downloads\microproyecto2\microproyecto 2 porque wtf\src\hfl_v7-no-ascon\Results\#24,global_weights_history_1.csv,global_round,2026-04-19 14:51:38,model.global_round,13,aggregate,server,50.0,0.0011679999999999469,0.0005000000000000004,0.0027599999999999847,0.003676999999999986,0.008104999999999918
14,14:52:28,0.916667,0.192636,0.29054,0.292615,0.532693,0.460128,24,C:\Users\VivoBook\Downloads\microproyecto2\microproyecto 2 porque wtf\src\hfl_v7-no-ascon\Results\#24,global_weights_history_1.csv,global_round,2026-04-19 14:52:28,model.global_round,14,aggregate,server,50.0,7.500000000004725e-05,0.002240999999999993,0.0021689999999999765,0.0016039999999999943,0.006089000000000011
15,14:53:18,0.916667,0.265742,0.291246,0.290094,0.53773,0.459408,24,C:\Users\VivoBook\Downloads\microproyecto2\microproyecto 2 porque wtf\src\hfl_v7-no-ascon\Results\#24,global_weights_history_1.csv,global_round,2026-04-19 14:53:18,model.global_round,15,aggregate,server,50.0,0.0007059999999999844,0.0025209999999999955,0.005037000000000069,0.0007199999999999984,0.008984000000000048
16,14:54:08,0.933333,0.150242,0.291863,0.290392,0.540304,0.462907,24,C:\Users\VivoBook\Downloads\microproyecto2\microproyecto 2 porque wtf\src\hfl_v7-no-ascon\Results\#24,global_weights_history_1.csv,global_round,2026-04-19 14:54:08,model.global_round,16,aggregate,server,50.0,0.0006169999999999787,0.00029799999999996496,0.002573999999999965,0.00349900000000003,0.006987999999999939
17,14:54:58,0.9,0.251611,0.290863,0.288357,0.537454,0.462973,24,C:\Users\VivoBook\Downloads\microproyecto2\microproyecto 2 porque wtf\src\hfl_v7-no-ascon\Results\#24,global_weights_history_1.csv,global_round,2026-04-19 14:54:58,model.global_round,17,aggregate,server,50.0,0.0010000000000000009,0.002035000000000009,0.002850000000000019,6.60000000000105e-05,0.00595100000000004
18,14:55:48,0.866667,0.24055,0.290973,0.286312,0.540164,0.459671,24,C:\Users\VivoBook\Downloads\microproyecto2\microproyecto 2 porque wtf\src\hfl_v7-no-ascon\Results\#24,global_weights_history_1.csv,global_round,2026-04-19 14:55:48,model.global_round,18,aggregate,server,50.0,0.00010999999999999899,0.0020449999999999635,0.00270999999999999,0.003302000000000027,0.00816699999999998
19,14:56:38,0.983333,0.120888,0.292515,0.283444,0.547137,0.462126,24,C:\Users\VivoBook\Downloads\microproyecto2\microproyecto 2 porque wtf\src\hfl_v7-no-ascon\Results\#24,global_weights_history_1.csv,global_round,2026-04-19 14:56:38,model.global_round,19,aggregate,server,50.0,0.0015420000000000433,0.002868000000000037,0.006973000000000007,0.002454999999999985,0.013838000000000072
20,14:57:28,0.933333,0.140267,0.292335,0.281311,0.547073,0.461916,24,C:\Users\VivoBook\Downloads\microproyecto2\microproyecto 2 porque wtf\src\hfl_v7-no-ascon\Results\#24,global_weights_history_1.csv,global_round,2026-04-19 14:57:28,model.global_round,20,aggregate,server,50.0,0.00018000000000001348,0.002132999999999996,6.399999999995298e-05,0.00020999999999998797,0.0025869999999999505
1,15:00:42,0.75,1.084497,0.286758,0.29374,0.535008,0.403914,25,C:\Users\VivoBook\Downloads\microproyecto2\microproyecto 2 porque wtf\src\hfl_v7-no-ascon\Results\#25,global_weights_history_1.csv,global_round,2026-04-19 15:00:42,model.global_round,1,aggregate,server,,,,,,0.0
2,15:01:26,0.95,0.206875,0.287766,0.297325,0.540988,0.417531,25,C:\Users\VivoBook\Downloads\microproyecto2\microproyecto 2 porque wtf\src\hfl_v7-no-ascon\Results\#25,global_weights_history_1.csv,global_round,2026-04-19 15:01:26,model.global_round,2,aggregate,server,44.0,0.0010080000000000089,0.003585000000000005,0.005979999999999985,0.01361699999999999,0.02418999999999999
3,15:02:16,0.9,0.293747,0.288104,0.302496,0.549025,0.430663,25,C:\Users\VivoBook\Downloads\microproyecto2\microproyecto 2 porque wtf\src\hfl_v7-no-ascon\Results\#25,global_weights_history_1.csv,global_round,2026-04-19 15:02:16,model.global_round,3,aggregate,server,50.0,0.00033800000000000496,0.005170999999999981,0.00803699999999996,0.013132000000000033,0.02667799999999998
4,15:03:06,0.916667,0.274053,0.288233,0.304089,0.546728,0.437455,25,C:\Users\VivoBook\Downloads\microproyecto2\microproyecto 2 porque wtf\src\hfl_v7-no-ascon\Results\#25,global_weights_history_1.csv,global_round,2026-04-19 15:03:06,model.global_round,4,aggregate,server,50.0,0.00012899999999999023,0.001593000000000011,0.0022969999999999935,0.006791999999999965,0.01081099999999996
5,15:04:06,0.966667,0.096826,0.288942,0.303892,0.54302,0.445324,25,C:\Users\VivoBook\Downloads\microproyecto2\microproyecto 2 porque wtf\src\hfl_v7-no-ascon\Results\#25,global_weights_history_1.csv,global_round,2026-04-19 15:04:06,model.global_round,5,aggregate,server,60.0,0.0007089999999999597,0.00019700000000000273,0.0037080000000000446,0.007869000000000015,0.012483000000000022
6,15:04:58,0.816667,0.643055,0.285789,0.297854,0.531784,0.440359,25,C:\Users\VivoBook\Downloads\microproyecto2\microproyecto 2 porque wtf\src\hfl_v7-no-ascon\Results\#25,global_weights_history_1.csv,global_round,2026-04-19 15:04:58,model.global_round,6,aggregate,server,52.0,0.0031529999999999614,0.006037999999999988,0.011235999999999913,0.004964999999999997,0.02539199999999986
7,15:05:49,0.833333,0.41382,0.283889,0.289231,0.520884,0.43624,25,C:\Users\VivoBook\Downloads\microproyecto2\microproyecto 2 porque wtf\src\hfl_v7-no-ascon\Results\#25,global_weights_history_1.csv,global_round,2026-04-19 15:05:49,model.global_round,7,aggregate,server,51.0,0.0019000000000000128,0.008622999999999992,0.01090000000000002,0.004118999999999984,0.02554200000000001
8,15:06:39,0.9,0.222458,0.283582,0.28574,0.523541,0.436373,25,C:\Users\VivoBook\Downloads\microproyecto2\microproyecto 2 porque wtf\src\hfl_v7-no-ascon\Results\#25,global_weights_history_1.csv,global_round,2026-04-19 15:06:39,model.global_round,8,aggregate,server,50.0,0.0003070000000000017,0.003491000000000022,0.0026570000000000205,0.00013299999999999423,0.006588000000000038
9,15:07:28,0.9,0.267256,0.284183,0.287229,0.527019,0.440889,25,C:\Users\VivoBook\Downloads\microproyecto2\microproyecto 2 porque wtf\src\hfl_v7-no-ascon\Results\#25,global_weights_history_1.csv,global_round,2026-04-19 15:07:28,model.global_round,9,aggregate,server,49.0,0.0006010000000000182,0.001489000000000018,0.003477999999999981,0.0045159999999999645,0.010083999999999982
10,15:08:19,0.916667,0.236006,0.284632,0.288028,0.522898,0.445943,25,C:\Users\VivoBook\Downloads\microproyecto2\microproyecto 2 porque wtf\src\hfl_v7-no-ascon\Results\#25,global_weights_history_1.csv,global_round,2026-04-19 15:08:19,model.global_round,10,aggregate,server,51.0,0.0004489999999999772,0.0007989999999999942,0.004121000000000041,0.005054000000000003,0.010423000000000016
11,15:09:08,0.9,0.226532,0.28556,0.29099,0.524288,0.448841,25,C:\Users\VivoBook\Downloads\microproyecto2\microproyecto 2 porque wtf\src\hfl_v7-no-ascon\Results\#25,global_weights_history_1.csv,global_round,2026-04-19 15:09:08,model.global_round,11,aggregate,server,49.0,0.0009279999999999844,0.00296200000000002,0.0013900000000000023,0.0028980000000000117,0.008178000000000019
12,15:09:58,0.916667,0.201756,0.285924,0.291743,0.525959,0.451149,25,C:\Users\VivoBook\Downloads\microproyecto2\microproyecto 2 porque wtf\src\hfl_v7-no-ascon\Results\#25,global_weights_history_1.csv,global_round,2026-04-19 15:09:58,model.global_round,12,aggregate,server,50.0,0.00036400000000003097,0.0007529999999999482,0.001670999999999978,0.0023080000000000322,0.005095999999999989
13,15:10:48,0.916667,0.172466,0.286147,0.288711,0.527769,0.452179,25,C:\Users\VivoBook\Downloads\microproyecto2\microproyecto 2 porque wtf\src\hfl_v7-no-ascon\Results\#25,global_weights_history_1.csv,global_round,2026-04-19 15:10:48,model.global_round,13,aggregate,server,50.0,0.00022299999999997322,0.003031999999999979,0.0018100000000000893,0.0010299999999999754,0.006095000000000017
14,15:11:39,0.983333,0.083719,0.286983,0.290886,0.529702,0.457431,25,C:\Users\VivoBook\Downloads\microproyecto2\microproyecto 2 porque wtf\src\hfl_v7-no-ascon\Results\#25,global_weights_history_1.csv,global_round,2026-04-19 15:11:39,model.global_round,14,aggregate,server,51.0,0.0008360000000000034,0.0021749999999999825,0.0019329999999999625,0.005251999999999979,0.010195999999999927
15,15:12:28,0.966667,0.141113,0.28685,0.288862,0.530332,0.460599,25,C:\Users\VivoBook\Downloads\microproyecto2\microproyecto 2 porque wtf\src\hfl_v7-no-ascon\Results\#25,global_weights_history_1.csv,global_round,2026-04-19 15:12:28,model.global_round,15,aggregate,server,49.0,0.00013299999999999423,0.0020239999999999703,0.0006300000000000194,0.003168000000000004,0.005954999999999988
16,15:13:19,0.916667,0.177279,0.286838,0.289633,0.529973,0.463192,25,C:\Users\VivoBook\Downloads\microproyecto2\microproyecto 2 porque wtf\src\hfl_v7-no-ascon\Results\#25,global_weights_history_1.csv,global_round,2026-04-19 15:13:19,model.global_round,16,aggregate,server,51.0,1.2000000000012001e-05,0.0007709999999999662,0.0003589999999999982,0.002593000000000012,0.0037349999999999883
17,15:14:08,0.966667,0.156582,0.287874,0.289224,0.53234,0.463886,25,C:\Users\VivoBook\Downloads\microproyecto2\microproyecto 2 porque wtf\src\hfl_v7-no-ascon\Results\#25,global_weights_history_1.csv,global_round,2026-04-19 15:14:08,model.global_round,17,aggregate,server,49.0,0.0010360000000000369,0.0004089999999999927,0.002367000000000008,0.0006940000000000279,0.0045060000000000655
18,15:14:58,0.9,0.194628,0.286772,0.279916,0.530159,0.467567,25,C:\Users\VivoBook\Downloads\microproyecto2\microproyecto 2 porque wtf\src\hfl_v7-no-ascon\Results\#25,global_weights_history_1.csv,global_round,2026-04-19 15:14:58,model.global_round,18,aggregate,server,50.0,0.0011019999999999919,0.009307999999999983,0.0021809999999999885,0.00368099999999999,0.016271999999999953
19,15:15:48,0.85,0.23734,0.286916,0.279259,0.530249,0.474566,25,C:\Users\VivoBook\Downloads\microproyecto2\microproyecto 2 porque wtf\src\hfl_v7-no-ascon\Results\#25,global_weights_history_1.csv,global_round,2026-04-19 15:15:48,model.global_round,19,aggregate,server,50.0,0.00014399999999997748,0.0006570000000000187,8.999999999992347e-05,0.0069989999999999775,0.007889999999999897
20,15:16:38,0.95,0.203323,0.287245,0.280779,0.530543,0.482858,25,C:\Users\VivoBook\Downloads\microproyecto2\microproyecto 2 porque wtf\src\hfl_v7-no-ascon\Results\#25,global_weights_history_1.csv,global_round,2026-04-19 15:16:38,model.global_round,20,aggregate,server,50.0,0.0003289999999999682,0.0015200000000000213,0.00029400000000001647,0.008292000000000022,0.010435000000000028
1,15:19:45,0.733333,0.951632,0.288459,0.292121,0.540201,0.410865,26,C:\Users\VivoBook\Downloads\microproyecto2\microproyecto 2 porque wtf\src\hfl_v7-no-ascon\Results\#26,global_weights_history_1.csv,global_round,2026-04-19 15:19:45,model.global_round,1,aggregate,server,,,,,,0.0
2,15:20:29,1.0,0.081936,0.290986,0.295332,0.55419,0.427934,26,C:\Users\VivoBook\Downloads\microproyecto2\microproyecto 2 porque wtf\src\hfl_v7-no-ascon\Results\#26,global_weights_history_1.csv,global_round,2026-04-19 15:20:29,model.global_round,2,aggregate,server,44.0,0.0025270000000000015,0.003210999999999964,0.013988999999999918,0.017069,0.036795999999999884
3,15:21:18,0.966667,0.132803,0.294222,0.302766,0.563042,0.437553,26,C:\Users\VivoBook\Downloads\microproyecto2\microproyecto 2 porque wtf\src\hfl_v7-no-ascon\Results\#26,global_weights_history_1.csv,global_round,2026-04-19 15:21:18,model.global_round,3,aggregate,server,49.0,0.003235999999999961,0.007433999999999996,0.008852000000000082,0.009619000000000044,0.029141000000000084
4,15:22:08,1.0,0.030354,0.295936,0.308704,0.568404,0.445789,26,C:\Users\VivoBook\Downloads\microproyecto2\microproyecto 2 porque wtf\src\hfl_v7-no-ascon\Results\#26,global_weights_history_1.csv,global_round,2026-04-19 15:22:08,model.global_round,4,aggregate,server,50.0,0.0017139999999999933,0.005937999999999999,0.005361999999999978,0.008235999999999966,0.021249999999999936
5,15:23:06,1.0,0.01632,0.297986,0.314193,0.573438,0.452459,26,C:\Users\VivoBook\Downloads\microproyecto2\microproyecto 2 porque wtf\src\hfl_v7-no-ascon\Results\#26,global_weights_history_1.csv,global_round,2026-04-19 15:23:06,model.global_round,5,aggregate,server,58.0,0.0020499999999999963,0.005489000000000022,0.005033999999999983,0.006670000000000009,0.01924300000000001
6,15:23:58,0.916667,0.3034,0.296462,0.309053,0.576457,0.450126,26,C:\Users\VivoBook\Downloads\microproyecto2\microproyecto 2 porque wtf\src\hfl_v7-no-ascon\Results\#26,global_weights_history_1.csv,global_round,2026-04-19 15:23:58,model.global_round,6,aggregate,server,52.0,0.0015239999999999698,0.005139999999999978,0.003018999999999994,0.002332999999999974,0.012015999999999916
7,15:24:48,0.85,0.471989,0.290159,0.291711,0.556385,0.44603,26,C:\Users\VivoBook\Downloads\microproyecto2\microproyecto 2 porque wtf\src\hfl_v7-no-ascon\Results\#26,global_weights_history_1.csv,global_round,2026-04-19 15:24:48,model.global_round,7,aggregate,server,50.0,0.006303000000000003,0.017342000000000024,0.02007199999999998,0.004096000000000044,0.04781300000000005
8,15:25:38,0.833333,0.428277,0.287029,0.28484,0.546095,0.449807,26,C:\Users\VivoBook\Downloads\microproyecto2\microproyecto 2 porque wtf\src\hfl_v7-no-ascon\Results\#26,global_weights_history_1.csv,global_round,2026-04-19 15:25:38,model.global_round,8,aggregate,server,50.0,0.0031300000000000217,0.006871000000000016,0.010290000000000021,0.0037770000000000303,0.02406800000000009
9,15:26:28,0.85,0.362684,0.285886,0.277379,0.543296,0.455013,26,C:\Users\VivoBook\Downloads\microproyecto2\microproyecto 2 porque wtf\src\hfl_v7-no-ascon\Results\#26,global_weights_history_1.csv,global_round,2026-04-19 15:26:28,model.global_round,9,aggregate,server,50.0,0.0011430000000000051,0.007460999999999995,0.002798999999999996,0.005205999999999988,0.016608999999999985
10,15:27:18,0.833333,0.369357,0.288554,0.275489,0.542096,0.456819,26,C:\Users\VivoBook\Downloads\microproyecto2\microproyecto 2 porque wtf\src\hfl_v7-no-ascon\Results\#26,global_weights_history_1.csv,global_round,2026-04-19 15:27:18,model.global_round,10,aggregate,server,50.0,0.0026680000000000037,0.0018900000000000028,0.0011999999999999789,0.0018059999999999743,0.00756399999999996
11,15:28:09,0.883333,0.290704,0.290031,0.277244,0.540828,0.455745,26,C:\Users\VivoBook\Downloads\microproyecto2\microproyecto 2 porque wtf\src\hfl_v7-no-ascon\Results\#26,global_weights_history_1.csv,global_round,2026-04-19 15:28:09,model.global_round,11,aggregate,server,51.0,0.001477000000000006,0.0017550000000000066,0.0012680000000000469,0.0010739999999999639,0.005574000000000023
12,15:28:58,0.816667,0.434558,0.29051,0.278623,0.53784,0.456732,26,C:\Users\VivoBook\Downloads\microproyecto2\microproyecto 2 porque wtf\src\hfl_v7-no-ascon\Results\#26,global_weights_history_1.csv,global_round,2026-04-19 15:28:58,model.global_round,12,aggregate,server,49.0,0.0004790000000000072,0.001379000000000019,0.0029879999999999907,0.0009870000000000156,0.005833000000000033
13,15:29:48,0.916667,0.172313,0.287966,0.275924,0.532309,0.460282,26,C:\Users\VivoBook\Downloads\microproyecto2\microproyecto 2 porque wtf\src\hfl_v7-no-ascon\Results\#26,global_weights_history_1.csv,global_round,2026-04-19 15:29:48,model.global_round,13,aggregate,server,50.0,0.0025439999999999907,0.002699000000000007,0.005530999999999953,0.0035499999999999976,0.014323999999999948
14,15:30:39,0.916667,0.171206,0.288209,0.27701,0.529432,0.462487,26,C:\Users\VivoBook\Downloads\microproyecto2\microproyecto 2 porque wtf\src\hfl_v7-no-ascon\Results\#26,global_weights_history_1.csv,global_round,2026-04-19 15:30:39,model.global_round,14,aggregate,server,51.0,0.00024299999999999322,0.0010859999999999759,0.0028770000000000184,0.002204999999999957,0.0064109999999999445
15,15:31:28,0.866667,0.374654,0.28828,0.275674,0.528411,0.464434,26,C:\Users\VivoBook\Downloads\microproyecto2\microproyecto 2 porque wtf\src\hfl_v7-no-ascon\Results\#26,global_weights_history_1.csv,global_round,2026-04-19 15:31:28,model.global_round,15,aggregate,server,49.0,7.099999999998774e-05,0.0013360000000000039,0.0010210000000000496,0.001947000000000032,0.004375000000000073
16,15:32:18,0.95,0.168555,0.28715,0.275307,0.528888,0.463423,26,C:\Users\VivoBook\Downloads\microproyecto2\microproyecto 2 porque wtf\src\hfl_v7-no-ascon\Results\#26,global_weights_history_1.csv,global_round,2026-04-19 15:32:18,model.global_round,16,aggregate,server,50.0,0.0011299999999999644,0.0003669999999999507,0.0004770000000000607,0.0010110000000000396,0.0029850000000000154
17,15:33:09,0.916667,0.192884,0.288627,0.273924,0.533576,0.465087,26,C:\Users\VivoBook\Downloads\microproyecto2\microproyecto 2 porque wtf\src\hfl_v7-no-ascon\Results\#26,global_weights_history_1.csv,global_round,2026-04-19 15:33:09,model.global_round,17,aggregate,server,51.0,0.001477000000000006,0.001383000000000023,0.0046880000000000255,0.0016639999999999988,0.009212000000000053
18,15:33:59,0.95,0.182601,0.290971,0.275415,0.539515,0.46993,26,C:\Users\VivoBook\Downloads\microproyecto2\microproyecto 2 porque wtf\src\hfl_v7-no-ascon\Results\#26,global_weights_history_1.csv,global_round,2026-04-19 15:33:59,model.global_round,18,aggregate,server,50.0,0.0023439999999999572,0.00149100000000002,0.005938999999999917,0.004843000000000042,0.014616999999999936
19,15:34:48,0.9,0.293083,0.288934,0.269958,0.537869,0.470677,26,C:\Users\VivoBook\Downloads\microproyecto2\microproyecto 2 porque wtf\src\hfl_v7-no-ascon\Results\#26,global_weights_history_1.csv,global_round,2026-04-19 15:34:48,model.global_round,19,aggregate,server,49.0,0.0020369999999999555,0.005457000000000045,0.0016459999999999253,0.0007469999999999977,0.009886999999999924
20,15:35:38,0.933333,0.139039,0.286811,0.267901,0.539345,0.464875,26,C:\Users\VivoBook\Downloads\microproyecto2\microproyecto 2 porque wtf\src\hfl_v7-no-ascon\Results\#26,global_weights_history_1.csv,global_round,2026-04-19 15:35:38,model.global_round,20,aggregate,server,50.0,0.0021230000000000415,0.0020569999999999755,0.0014759999999999218,0.005802000000000029,0.011457999999999968
1,15:38:15,0.683333,0.630181,0.287673,0.290824,0.540697,0.410966,27,C:\Users\VivoBook\Downloads\microproyecto2\microproyecto 2 porque wtf\src\hfl_v7-no-ascon\Results\#27,global_weights_history_2.csv,global_round,2026-04-19 15:38:15,model.global_round,1,aggregate,server,,,,,,0.0
2,15:38:59,0.966667,0.089041,0.291268,0.29528,0.556032,0.428113,27,C:\Users\VivoBook\Downloads\microproyecto2\microproyecto 2 porque wtf\src\hfl_v7-no-ascon\Results\#27,global_weights_history_2.csv,global_round,2026-04-19 15:38:59,model.global_round,2,aggregate,server,44.0,0.003595000000000015,0.00445599999999996,0.015334999999999988,0.017147000000000023,0.040532999999999986
3,15:39:49,0.966667,0.095561,0.295254,0.304556,0.56517,0.444222,27,C:\Users\VivoBook\Downloads\microproyecto2\microproyecto 2 porque wtf\src\hfl_v7-no-ascon\Results\#27,global_weights_history_2.csv,global_round,2026-04-19 15:39:49,model.global_round,3,aggregate,server,50.0,0.0039859999999999896,0.009276000000000006,0.00913799999999998,0.016108999999999984,0.03850899999999996
4,15:40:39,1.0,0.016891,0.297115,0.310308,0.570798,0.452084,27,C:\Users\VivoBook\Downloads\microproyecto2\microproyecto 2 porque wtf\src\hfl_v7-no-ascon\Results\#27,global_weights_history_2.csv,global_round,2026-04-19 15:40:39,model.global_round,4,aggregate,server,50.0,0.0018610000000000015,0.005751999999999979,0.005628000000000077,0.00786199999999998,0.02110300000000004
5,15:41:33,1.0,0.0184,0.298937,0.313519,0.575408,0.457117,27,C:\Users\VivoBook\Downloads\microproyecto2\microproyecto 2 porque wtf\src\hfl_v7-no-ascon\Results\#27,global_weights_history_2.csv,global_round,2026-04-19 15:41:33,model.global_round,5,aggregate,server,54.0,0.0018219999999999903,0.0032110000000000194,0.004610000000000003,0.00503300000000001,0.014676000000000022
6,15:42:28,0.866667,0.318298,0.295839,0.305602,0.571455,0.448254,27,C:\Users\VivoBook\Downloads\microproyecto2\microproyecto 2 porque wtf\src\hfl_v7-no-ascon\Results\#27,global_weights_history_2.csv,global_round,2026-04-19 15:42:28,model.global_round,6,aggregate,server,55.0,0.0030979999999999897,0.007917000000000007,0.003952999999999984,0.00886300000000001,0.02383099999999999
7,15:43:18,0.766667,0.515389,0.292638,0.296585,0.565454,0.446453,27,C:\Users\VivoBook\Downloads\microproyecto2\microproyecto 2 porque wtf\src\hfl_v7-no-ascon\Results\#27,global_weights_history_2.csv,global_round,2026-04-19 15:43:18,model.global_round,7,aggregate,server,50.0,0.0032010000000000094,0.009016999999999997,0.006001000000000034,0.001800999999999997,0.020020000000000038
8,15:44:08,0.8,0.319617,0.28948,0.285607,0.543354,0.449128,27,C:\Users\VivoBook\Downloads\microproyecto2\microproyecto 2 porque wtf\src\hfl_v7-no-ascon\Results\#27,global_weights_history_2.csv,global_round,2026-04-19 15:44:08,model.global_round,8,aggregate,server,50.0,0.003157999999999994,0.010977999999999988,0.02210000000000001,0.0026750000000000385,0.03891100000000003
9,15:44:58,0.783333,0.423149,0.287674,0.281729,0.538023,0.450426,27,C:\Users\VivoBook\Downloads\microproyecto2\microproyecto 2 porque wtf\src\hfl_v7-no-ascon\Results\#27,global_weights_history_2.csv,global_round,2026-04-19 15:44:58,model.global_round,9,aggregate,server,50.0,0.0018060000000000298,0.0038779999999999926,0.005330999999999975,0.0012979999999999658,0.012312999999999963
10,15:45:48,0.9,0.26049,0.287377,0.284795,0.53421,0.452426,27,C:\Users\VivoBook\Downloads\microproyecto2\microproyecto 2 porque wtf\src\hfl_v7-no-ascon\Results\#27,global_weights_history_2.csv,global_round,2026-04-19 15:45:48,model.global_round,10,aggregate,server,50.0,0.0002969999999999917,0.003066000000000013,0.0038130000000000663,0.0020000000000000018,0.009176000000000073
11,15:46:38,0.9,0.272431,0.288829,0.289779,0.535455,0.458211,27,C:\Users\VivoBook\Downloads\microproyecto2\microproyecto 2 porque wtf\src\hfl_v7-no-ascon\Results\#27,global_weights_history_2.csv,global_round,2026-04-19 15:46:38,model.global_round,11,aggregate,server,50.0,0.0014520000000000088,0.0049839999999999884,0.0012450000000000516,0.005784999999999985,0.013466000000000033
12,15:47:28,0.833333,0.318351,0.288844,0.289988,0.532432,0.464309,27,C:\Users\VivoBook\Downloads\microproyecto2\microproyecto 2 porque wtf\src\hfl_v7-no-ascon\Results\#27,global_weights_history_2.csv,global_round,2026-04-19 15:47:28,model.global_round,12,aggregate,server,50.0,1.4999999999987246e-05,0.00020900000000001473,0.003022999999999998,0.006098000000000048,0.009345000000000048
13,15:48:18,0.9,0.259849,0.288782,0.285434,0.530693,0.468659,27,C:\Users\VivoBook\Downloads\microproyecto2\microproyecto 2 porque wtf\src\hfl_v7-no-ascon\Results\#27,global_weights_history_2.csv,global_round,2026-04-19 15:48:18,model.global_round,13,aggregate,server,50.0,6.20000000000065e-05,0.0045540000000000025,0.001739000000000046,0.004349999999999965,0.01070500000000002
14,15:49:08,0.933333,0.169007,0.288523,0.287637,0.527465,0.475845,27,C:\Users\VivoBook\Downloads\microproyecto2\microproyecto 2 porque wtf\src\hfl_v7-no-ascon\Results\#27,global_weights_history_2.csv,global_round,2026-04-19 15:49:08,model.global_round,14,aggregate,server,50.0,0.0002590000000000092,0.002202999999999955,0.0032280000000000086,0.007186000000000026,0.012875999999999999
15,15:49:58,0.95,0.129434,0.288747,0.294346,0.524197,0.482224,27,C:\Users\VivoBook\Downloads\microproyecto2\microproyecto 2 porque wtf\src\hfl_v7-no-ascon\Results\#27,global_weights_history_2.csv,global_round,2026-04-19 15:49:58,model.global_round,15,aggregate,server,50.0,0.00022400000000000198,0.0067090000000000205,0.0032679999999999376,0.006378999999999968,0.016579999999999928
16,15:50:48,0.916667,0.198713,0.288563,0.291991,0.526317,0.477313,27,C:\Users\VivoBook\Downloads\microproyecto2\microproyecto 2 porque wtf\src\hfl_v7-no-ascon\Results\#27,global_weights_history_2.csv,global_round,2026-04-19 15:50:48,model.global_round,16,aggregate,server,50.0,0.00018399999999996197,0.002354999999999996,0.0021200000000000108,0.004910999999999999,0.009569999999999967
17,15:51:39,0.916667,0.170955,0.288277,0.285676,0.524375,0.47885,27,C:\Users\VivoBook\Downloads\microproyecto2\microproyecto 2 porque wtf\src\hfl_v7-no-ascon\Results\#27,global_weights_history_2.csv,global_round,2026-04-19 15:51:39,model.global_round,17,aggregate,server,51.0,0.00028600000000000847,0.006315000000000015,0.0019419999999999993,0.0015370000000000106,0.010080000000000033
18,15:52:29,0.866667,0.34158,0.28983,0.283457,0.531835,0.483381,27,C:\Users\VivoBook\Downloads\microproyecto2\microproyecto 2 porque wtf\src\hfl_v7-no-ascon\Results\#27,global_weights_history_2.csv,global_round,2026-04-19 15:52:29,model.global_round,18,aggregate,server,50.0,0.001552999999999971,0.002218999999999971,0.007459999999999911,0.004531000000000007,0.01576299999999986
19,15:53:18,0.983333,0.109146,0.290836,0.288668,0.531313,0.483059,27,C:\Users\VivoBook\Downloads\microproyecto2\microproyecto 2 porque wtf\src\hfl_v7-no-ascon\Results\#27,global_weights_history_2.csv,global_round,2026-04-19 15:53:18,model.global_round,19,aggregate,server,49.0,0.0010060000000000069,0.005210999999999966,0.0005219999999999114,0.00032199999999998896,0.007060999999999873
20,15:54:08,0.933333,0.147609,0.291088,0.291228,0.531008,0.485566,27,C:\Users\VivoBook\Downloads\microproyecto2\microproyecto 2 porque wtf\src\hfl_v7-no-ascon\Results\#27,global_weights_history_2.csv,global_round,2026-04-19 15:54:08,model.global_round,20,aggregate,server,50.0,0.00025200000000003,0.0025600000000000067,0.0003049999999999997,0.0025069999999999815,0.005624000000000018
1,15:58:10,0.666667,0.8185,0.288918,0.290733,0.538924,0.412049,28,C:\Users\VivoBook\Downloads\microproyecto2\microproyecto 2 porque wtf\src\hfl_v7-no-ascon\Results\#28,global_weights_history_1.csv,global_round,2026-04-19 15:58:10,model.global_round,1,aggregate,server,,,,,,0.0
2,15:58:53,0.983333,0.121277,0.292951,0.297015,0.553089,0.430574,28,C:\Users\VivoBook\Downloads\microproyecto2\microproyecto 2 porque wtf\src\hfl_v7-no-ascon\Results\#28,global_weights_history_1.csv,global_round,2026-04-19 15:58:53,model.global_round,2,aggregate,server,43.0,0.004033000000000009,0.006281999999999954,0.014165000000000094,0.018525000000000014,0.04300500000000007
3,15:59:44,1.0,0.037809,0.297449,0.305863,0.561105,0.444581,28,C:\Users\VivoBook\Downloads\microproyecto2\microproyecto 2 porque wtf\src\hfl_v7-no-ascon\Results\#28,global_weights_history_1.csv,global_round,2026-04-19 15:59:44,model.global_round,3,aggregate,server,51.0,0.004498000000000002,0.008848000000000023,0.008015999999999912,0.014006999999999992,0.03536899999999993
4,16:00:33,1.0,0.023274,0.300249,0.309945,0.566586,0.453878,28,C:\Users\VivoBook\Downloads\microproyecto2\microproyecto 2 porque wtf\src\hfl_v7-no-ascon\Results\#28,global_weights_history_1.csv,global_round,2026-04-19 16:00:33,model.global_round,4,aggregate,server,49.0,0.002799999999999969,0.00408200000000003,0.005481000000000069,0.009297,0.021660000000000068
5,16:01:24,1.0,0.023609,0.301842,0.314022,0.570579,0.459421,28,C:\Users\VivoBook\Downloads\microproyecto2\microproyecto 2 porque wtf\src\hfl_v7-no-ascon\Results\#28,global_weights_history_1.csv,global_round,2026-04-19 16:01:24,model.global_round,5,aggregate,server,51.0,0.001593000000000011,0.004076999999999997,0.003992999999999913,0.00554300000000002,0.015205999999999942
6,16:02:26,0.95,0.277456,0.299067,0.310643,0.56271,0.460319,28,C:\Users\VivoBook\Downloads\microproyecto2\microproyecto 2 porque wtf\src\hfl_v7-no-ascon\Results\#28,global_weights_history_1.csv,global_round,2026-04-19 16:02:26,model.global_round,6,aggregate,server,62.0,0.002774999999999972,0.003379000000000021,0.007868999999999904,0.0008979999999999544,0.014920999999999851
7,16:03:14,0.866667,0.477869,0.292645,0.29708,0.540684,0.456817,28,C:\Users\VivoBook\Downloads\microproyecto2\microproyecto 2 porque wtf\src\hfl_v7-no-ascon\Results\#28,global_weights_history_1.csv,global_round,2026-04-19 16:03:14,model.global_round,7,aggregate,server,48.0,0.006422000000000039,0.013562999999999992,0.02202599999999999,0.003502000000000005,0.045513000000000026
8,16:04:04,0.916667,0.327921,0.291549,0.290944,0.537499,0.460063,28,C:\Users\VivoBook\Downloads\microproyecto2\microproyecto 2 porque wtf\src\hfl_v7-no-ascon\Results\#28,global_weights_history_1.csv,global_round,2026-04-19 16:04:04,model.global_round,8,aggregate,server,50.0,0.0010959999999999859,0.00613600000000003,0.0031850000000001044,0.0032460000000000266,0.013663000000000147
9,16:04:54,0.833333,0.38648,0.290198,0.283956,0.53186,0.463216,28,C:\Users\VivoBook\Downloads\microproyecto2\microproyecto 2 porque wtf\src\hfl_v7-no-ascon\Results\#28,global_weights_history_1.csv,global_round,2026-04-19 16:04:54,model.global_round,9,aggregate,server,50.0,0.001350999999999991,0.006987999999999994,0.00563899999999995,0.003153000000000017,0.017130999999999952
10,16:05:43,0.85,0.34436,0.290015,0.281674,0.531533,0.466744,28,C:\Users\VivoBook\Downloads\microproyecto2\microproyecto 2 porque wtf\src\hfl_v7-no-ascon\Results\#28,global_weights_history_1.csv,global_round,2026-04-19 16:05:43,model.global_round,10,aggregate,server,49.0,0.00018299999999998873,0.0022820000000000062,0.0003269999999999662,0.0035279999999999756,0.006319999999999937
11,16:06:34,0.9,0.31594,0.290094,0.287398,0.530875,0.470287,28,C:\Users\VivoBook\Downloads\microproyecto2\microproyecto 2 porque wtf\src\hfl_v7-no-ascon\Results\#28,global_weights_history_1.csv,global_round,2026-04-19 16:06:34,model.global_round,11,aggregate,server,51.0,7.899999999999574e-05,0.005724000000000007,0.0006580000000000474,0.0035430000000000184,0.010004000000000068
12,16:07:25,0.933333,0.198887,0.28982,0.278213,0.53459,0.471721,28,C:\Users\VivoBook\Downloads\microproyecto2\microproyecto 2 porque wtf\src\hfl_v7-no-ascon\Results\#28,global_weights_history_1.csv,global_round,2026-04-19 16:07:25,model.global_round,12,aggregate,server,51.0,0.00027399999999999647,0.009184999999999999,0.003715000000000024,0.0014339999999999908,0.01460800000000001
13,16:08:14,0.9,0.184943,0.289703,0.2752,0.532405,0.476814,28,C:\Users\VivoBook\Downloads\microproyecto2\microproyecto 2 porque wtf\src\hfl_v7-no-ascon\Results\#28,global_weights_history_1.csv,global_round,2026-04-19 16:08:14,model.global_round,13,aggregate,server,49.0,0.00011700000000003374,0.003012999999999988,0.0021849999999999925,0.005093000000000014,0.010408000000000028
14,16:09:04,0.916667,0.257973,0.289308,0.276238,0.530476,0.482106,28,C:\Users\VivoBook\Downloads\microproyecto2\microproyecto 2 porque wtf\src\hfl_v7-no-ascon\Results\#28,global_weights_history_1.csv,global_round,2026-04-19 16:09:04,model.global_round,14,aggregate,server,50.0,0.0003949999999999787,0.0010379999999999834,0.0019290000000000695,0.005291999999999963,0.008653999999999995
15,16:09:54,0.933333,0.195114,0.288264,0.267324,0.531301,0.485548,28,C:\Users\VivoBook\Downloads\microproyecto2\microproyecto 2 porque wtf\src\hfl_v7-no-ascon\Results\#28,global_weights_history_1.csv,global_round,2026-04-19 16:09:54,model.global_round,15,aggregate,server,50.0,0.0010439999999999894,0.008913999999999977,0.0008250000000000757,0.0034420000000000006,0.014225000000000043
16,16:10:44,0.866667,0.305902,0.288937,0.263992,0.534252,0.488802,28,C:\Users\VivoBook\Downloads\microproyecto2\microproyecto 2 porque wtf\src\hfl_v7-no-ascon\Results\#28,global_weights_history_1.csv,global_round,2026-04-19 16:10:44,model.global_round,16,aggregate,server,50.0,0.0006729999999999792,0.0033320000000000016,0.002950999999999926,0.0032540000000000346,0.010209999999999941
17,16:11:34,0.966667,0.180884,0.289979,0.266411,0.538686,0.485811,28,C:\Users\VivoBook\Downloads\microproyecto2\microproyecto 2 porque wtf\src\hfl_v7-no-ascon\Results\#28,global_weights_history_1.csv,global_round,2026-04-19 16:11:34,model.global_round,17,aggregate,server,50.0,0.0010419999999999874,0.0024190000000000045,0.004434000000000049,0.0029910000000000214,0.010886000000000062
18,16:12:23,0.883333,0.312441,0.290216,0.26543,0.538765,0.486929,28,C:\Users\VivoBook\Downloads\microproyecto2\microproyecto 2 porque wtf\src\hfl_v7-no-ascon\Results\#28,global_weights_history_1.csv,global_round,2026-04-19 16:12:23,model.global_round,18,aggregate,server,49.0,0.00023699999999998722,0.0009810000000000096,7.900000000005125e-05,0.0011180000000000079,0.002415000000000056
19,16:13:14,0.883333,0.243187,0.28934,0.258997,0.538385,0.484684,28,C:\Users\VivoBook\Downloads\microproyecto2\microproyecto 2 porque wtf\src\hfl_v7-no-ascon\Results\#28,global_weights_history_1.csv,global_round,2026-04-19 16:13:14,model.global_round,19,aggregate,server,51.0,0.0008759999999999879,0.006433000000000022,0.00038000000000004697,0.002244999999999997,0.009934000000000054
20,16:14:04,0.883333,0.23971,0.290094,0.255488,0.540711,0.487217,28,C:\Users\VivoBook\Downloads\microproyecto2\microproyecto 2 porque wtf\src\hfl_v7-no-ascon\Results\#28,global_weights_history_1.csv,global_round,2026-04-19 16:14:04,model.global_round,20,aggregate,server,50.0,0.0007540000000000324,0.0035089999999999844,0.0023260000000000502,0.0025330000000000075,0.009122000000000074
1,16:21:22,0.6,1.134432,0.290767,0.298852,0.52534,0.376757,29,C:\Users\VivoBook\Downloads\microproyecto2\microproyecto 2 porque wtf\src\hfl_v7-no-ascon\Results\#29,global_weights_history_2.csv,global_round,2026-04-19 16:21:22,model.global_round,1,aggregate,server,,,,,,0.0
2,16:22:06,0.633333,0.868417,0.286595,0.296165,0.526291,0.373971,29,C:\Users\VivoBook\Downloads\microproyecto2\microproyecto 2 porque wtf\src\hfl_v7-no-ascon\Results\#29,global_weights_history_2.csv,global_round,2026-04-19 16:22:06,model.global_round,2,aggregate,server,44.0,0.004172000000000009,0.002686999999999995,0.0009509999999999241,0.0027860000000000107,0.010595999999999939
3,16:22:56,0.766667,0.624042,0.285005,0.292442,0.512045,0.376758,29,C:\Users\VivoBook\Downloads\microproyecto2\microproyecto 2 porque wtf\src\hfl_v7-no-ascon\Results\#29,global_weights_history_2.csv,global_round,2026-04-19 16:22:56,model.global_round,3,aggregate,server,50.0,0.0015899999999999803,0.003723000000000032,0.014245999999999981,0.002786999999999984,0.022345999999999977
4,16:23:46,0.866667,0.268145,0.286086,0.29609,0.506629,0.381412,29,C:\Users\VivoBook\Downloads\microproyecto2\microproyecto 2 porque wtf\src\hfl_v7-no-ascon\Results\#29,global_weights_history_2.csv,global_round,2026-04-19 16:23:46,model.global_round,4,aggregate,server,50.0,0.0010809999999999986,0.00364800000000004,0.005415999999999976,0.0046539999999999915,0.014799000000000007
5,16:24:36,0.766667,0.48617,0.286916,0.299652,0.504912,0.387684,29,C:\Users\VivoBook\Downloads\microproyecto2\microproyecto 2 porque wtf\src\hfl_v7-no-ascon\Results\#29,global_weights_history_2.csv,global_round,2026-04-19 16:24:36,model.global_round,5,aggregate,server,50.0,0.0008299999999999974,0.003561999999999954,0.0017169999999999686,0.006272,0.01238099999999992
6,16:25:26,0.916667,0.29396,0.286688,0.304439,0.505675,0.392237,29,C:\Users\VivoBook\Downloads\microproyecto2\microproyecto 2 porque wtf\src\hfl_v7-no-ascon\Results\#29,global_weights_history_2.csv,global_round,2026-04-19 16:25:26,model.global_round,6,aggregate,server,50.0,0.00022800000000000598,0.004787000000000041,0.0007629999999999582,0.004553000000000029,0.010331000000000035
7,16:26:16,0.916667,0.204322,0.285704,0.301308,0.505578,0.39871,29,C:\Users\VivoBook\Downloads\microproyecto2\microproyecto 2 porque wtf\src\hfl_v7-no-ascon\Results\#29,global_weights_history_2.csv,global_round,2026-04-19 16:26:16,model.global_round,7,aggregate,server,50.0,0.0009839999999999849,0.003130999999999995,9.700000000001374e-05,0.0064730000000000065,0.010685
8,16:27:06,0.916667,0.226785,0.28457,0.300785,0.505125,0.400457,29,C:\Users\VivoBook\Downloads\microproyecto2\microproyecto 2 porque wtf\src\hfl_v7-no-ascon\Results\#29,global_weights_history_2.csv,global_round,2026-04-19 16:27:06,model.global_round,8,aggregate,server,50.0,0.0011340000000000239,0.0005229999999999957,0.0004529999999999257,0.0017469999999999986,0.003856999999999944
9,16:27:56,0.916667,0.28295,0.284812,0.296766,0.501442,0.402611,29,C:\Users\VivoBook\Downloads\microproyecto2\microproyecto 2 porque wtf\src\hfl_v7-no-ascon\Results\#29,global_weights_history_2.csv,global_round,2026-04-19 16:27:56,model.global_round,9,aggregate,server,50.0,0.00024200000000001998,0.00401900000000005,0.003682999999999992,0.0021539999999999893,0.010098000000000051
10,16:28:46,0.9,0.215595,0.283213,0.304424,0.500648,0.403329,29,C:\Users\VivoBook\Downloads\microproyecto2\microproyecto 2 porque wtf\src\hfl_v7-no-ascon\Results\#29,global_weights_history_2.csv,global_round,2026-04-19 16:28:46,model.global_round,10,aggregate,server,50.0,0.001599000000000017,0.007657999999999998,0.0007940000000000724,0.0007179999999999964,0.010769000000000084
11,16:29:36,0.9,0.264573,0.283359,0.310855,0.502755,0.402174,29,C:\Users\VivoBook\Downloads\microproyecto2\microproyecto 2 porque wtf\src\hfl_v7-no-ascon\Results\#29,global_weights_history_2.csv,global_round,2026-04-19 16:29:36,model.global_round,11,aggregate,server,50.0,0.000146000000000035,0.00643100000000002,0.00210699999999997,0.0011550000000000171,0.009839000000000042
12,16:30:26,0.933333,0.247936,0.281584,0.302116,0.501562,0.406378,29,C:\Users\VivoBook\Downloads\microproyecto2\microproyecto 2 porque wtf\src\hfl_v7-no-ascon\Results\#29,global_weights_history_2.csv,global_round,2026-04-19 16:30:26,model.global_round,12,aggregate,server,50.0,0.0017750000000000266,0.008738999999999997,0.0011929999999999996,0.004204000000000041,0.015911000000000064
13,16:31:16,0.916667,0.305767,0.280595,0.301795,0.498969,0.41166,29,C:\Users\VivoBook\Downloads\microproyecto2\microproyecto 2 porque wtf\src\hfl_v7-no-ascon\Results\#29,global_weights_history_2.csv,global_round,2026-04-19 16:31:16,model.global_round,13,aggregate,server,50.0,0.0009890000000000176,0.0003210000000000157,0.0025929999999999565,0.005282000000000009,0.009184999999999999
14,16:32:06,0.9,0.32321,0.281386,0.306499,0.500748,0.414651,29,C:\Users\VivoBook\Downloads\microproyecto2\microproyecto 2 porque wtf\src\hfl_v7-no-ascon\Results\#29,global_weights_history_2.csv,global_round,2026-04-19 16:32:06,model.global_round,14,aggregate,server,50.0,0.0007910000000000417,0.0047040000000000415,0.001778999999999975,0.002990999999999966,0.010265000000000024
15,16:32:56,0.85,0.437651,0.283204,0.305206,0.504253,0.415086,29,C:\Users\VivoBook\Downloads\microproyecto2\microproyecto 2 porque wtf\src\hfl_v7-no-ascon\Results\#29,global_weights_history_2.csv,global_round,2026-04-19 16:32:56,model.global_round,15,aggregate,server,50.0,0.0018179999999999863,0.0012930000000000441,0.0035049999999999804,0.0004350000000000187,0.0070510000000000295
16,16:33:46,0.883333,0.294853,0.283534,0.301108,0.507193,0.416808,29,C:\Users\VivoBook\Downloads\microproyecto2\microproyecto 2 porque wtf\src\hfl_v7-no-ascon\Results\#29,global_weights_history_2.csv,global_round,2026-04-19 16:33:46,model.global_round,16,aggregate,server,50.0,0.00032999999999999696,0.0040979999999999905,0.0029400000000000537,0.0017220000000000013,0.009090000000000042
17,16:34:36,0.983333,0.10292,0.281531,0.303784,0.501595,0.421262,29,C:\Users\VivoBook\Downloads\microproyecto2\microproyecto 2 porque wtf\src\hfl_v7-no-ascon\Results\#29,global_weights_history_2.csv,global_round,2026-04-19 16:34:36,model.global_round,17,aggregate,server,50.0,0.0020030000000000325,0.0026760000000000117,0.005597999999999992,0.0044540000000000135,0.01473100000000005
18,16:35:26,0.95,0.115563,0.280468,0.309989,0.49914,0.421968,29,C:\Users\VivoBook\Downloads\microproyecto2\microproyecto 2 porque wtf\src\hfl_v7-no-ascon\Results\#29,global_weights_history_2.csv,global_round,2026-04-19 16:35:26,model.global_round,18,aggregate,server,50.0,0.0010629999999999806,0.006205000000000016,0.0024550000000000405,0.0007059999999999844,0.010429000000000022
19,16:36:16,0.95,0.130069,0.28038,0.314265,0.500018,0.423328,29,C:\Users\VivoBook\Downloads\microproyecto2\microproyecto 2 porque wtf\src\hfl_v7-no-ascon\Results\#29,global_weights_history_2.csv,global_round,2026-04-19 16:36:16,model.global_round,19,aggregate,server,50.0,8.799999999997699e-05,0.004276000000000002,0.0008779999999999899,0.0013599999999999723,0.006601999999999941
20,16:37:07,0.933333,0.176987,0.28113,0.31298,0.506988,0.421883,29,C:\Users\VivoBook\Downloads\microproyecto2\microproyecto 2 porque wtf\src\hfl_v7-no-ascon\Results\#29,global_weights_history_2.csv,global_round,2026-04-19 16:37:07,model.global_round,20,aggregate,server,51.0,0.0007499999999999729,0.0012850000000000361,0.006970000000000032,0.001444999999999974,0.010450000000000015
