trace_id,attempt_id,global_round,global_timestamp,global_accuracy,global_loss,w3_mag,w4_normal,w4_brute,w4_scan,gateway_A_local_accuracy,gateway_A_local_loss,gateway_A_local_num_samples,gateway_A_local_timestamp,gateway_A_gateway_events,gateway_A_gateway_deserialize_avg_ms,gateway_A_gateway_deserialize_p95_ms,gateway_A_gateway_avg_payload_bytes,gateway_A_gateway_samples_seen,gateway_B_local_accuracy,gateway_B_local_loss,gateway_B_local_num_samples,gateway_B_local_timestamp,gateway_B_gateway_events,gateway_B_gateway_deserialize_avg_ms,gateway_B_gateway_deserialize_p95_ms,gateway_B_gateway_avg_payload_bytes,gateway_B_gateway_samples_seen,server_rpi_pc_events,server_rpi_pc_avg_ms,server_rpi_pc_p95_ms,server_rpi_pc_avg_payload_bytes,server_pc_rpi_events,server_pc_rpi_avg_ms,server_pc_rpi_p95_ms,server_pc_rpi_avg_payload_bytes
attempt:16:round:1,16,1,2026-04-19 10:25:58,0.766667,0.784061,0.28866,0.291142,0.5427,0.409748,0.7333333492279053,0.8140271306037903,30,2026-04-19 10:25:58,32.0,0.11428125,0.2316499999999999,333.28125,30.0,0.800000011920929,0.7540940642356873,30,2026-04-19 10:25:57,37.0,0.13891891891891894,0.22299999999999978,304.7837837837838,35.0,2.0,0.0,0.0,3643.0,1.0,0.238,0.238,3537.0
attempt:16:round:2,16,2,2026-04-19 10:26:43,0.983333,0.095978,0.291775,0.295218,0.557564,0.427205,1.0,0.0644791796803474,30,2026-04-19 10:26:43,33.0,0.12633333333333333,0.32639999999999975,430.8484848484849,30.0,0.9666666388511658,0.1274761259555816,30,2026-04-19 10:26:41,30.0,0.16363333333333335,0.4006499999999999,462.6666666666667,27.0,2.0,0.0,0.0,3644.5,1.0,0.2,0.2,3532.0
attempt:16:round:3,16,3,2026-04-19 10:27:33,1.0,0.048242,0.294914,0.304233,0.567695,0.438516,1.0,0.0511341951787471,30,2026-04-19 10:27:33,33.0,0.12978787878787879,0.36019999999999985,430.6363636363636,30.0,1.0,0.0453496351838111,30,2026-04-19 10:27:31,33.0,0.17454545454545453,0.3341999999999998,431.030303030303,30.0,2.0,0.0,0.0,3632.5,1.0,0.171,0.171,3543.0
attempt:16:round:4,16,4,2026-04-19 10:28:23,1.0,0.031063,0.296652,0.309996,0.573844,0.446696,1.0,0.0318776816129684,30,2026-04-19 10:28:23,33.0,0.13415151515151516,0.41859999999999997,430.6666666666667,30.0,1.0,0.0302475877106189,30,2026-04-19 10:28:21,33.0,0.1605757575757576,0.32039999999999985,430.0,30.0,2.0,0.0,0.0,3622.5,1.0,0.149,0.149,3535.0
attempt:16:round:5,16,5,2026-04-19 10:29:12,1.0,0.020206,0.297717,0.314496,0.578395,0.452812,1.0,0.0248885508626699,30,2026-04-19 10:29:12,33.0,0.13103030303030302,0.3725999999999999,430.6060606060606,30.0,1.0,0.0155241163447499,30,2026-04-19 10:29:11,33.0,0.156,0.28419999999999984,429.93939393939394,30.0,2.0,0.0,0.0,3629.5,1.0,0.222,0.222,3529.0
attempt:16:round:6,16,6,2026-04-19 10:34:10,0.833333,0.620936,0.291656,0.300631,0.559932,0.445675,0.6666666865348816,1.2271682024002075,30,2026-04-19 10:34:05,37.0,0.13399999999999995,0.2783999999999992,392.2432432432432,34.0,1.0,0.0147034786641597,30,2026-04-19 10:34:10,31.0,0.1573548387096774,0.306,451.0,28.0,2.0,0.0,0.0,3639.5,1.0,0.201,0.201,3547.0
attempt:16:round:7,16,7,2026-04-19 10:35:00,0.9,0.262829,0.291647,0.291723,0.558179,0.449365,0.8333333134651184,0.4497591555118561,30,2026-04-19 10:34:55,33.0,0.1483939393939394,0.27619999999999983,426.90909090909093,30.0,0.9666666388511658,0.0758994296193122,30,2026-04-19 10:35:00,33.0,0.1433939393939394,0.2875999999999998,430.7878787878788,30.0,2.0,0.0,0.0,3639.0,1.0,0.174,0.174,3533.0
attempt:16:round:8,16,8,2026-04-19 10:35:50,0.75,0.733788,0.291835,0.288771,0.565912,0.447028,0.5,1.443485975265503,30,2026-04-19 10:35:45,33.0,0.14315151515151514,0.2883999999999999,423.5151515151515,30.0,1.0,0.0240906905382871,30,2026-04-19 10:35:50,33.0,0.14760606060606063,0.2947999999999998,430.90909090909093,30.0,2.0,0.0,0.0,3638.5,1.0,0.217,0.217,3532.0
attempt:16:round:9,16,9,2026-04-19 10:36:40,0.85,0.379978,0.292419,0.290232,0.570937,0.447853,0.699999988079071,0.7392966747283936,30,2026-04-19 10:36:35,33.0,0.13733333333333334,0.2963999999999998,429.57575757575756,30.0,1.0,0.0206591784954071,30,2026-04-19 10:36:40,33.0,0.15484848484848482,0.2865999999999998,431.0,30.0,2.0,0.0,0.0,3638.0,1.0,0.185,0.185,3556.0
attempt:16:round:10,16,10,2026-04-19 10:37:30,0.866667,0.204281,0.294307,0.288808,0.571073,0.450762,0.7333333492279053,0.3893095552921295,30,2026-04-19 10:37:25,33.0,0.12036363636363637,0.29559999999999975,425.8787878787879,30.0,1.0,0.0192521512508392,30,2026-04-19 10:37:30,33.0,0.16315151515151516,0.3243999999999998,431.5151515151515,30.0,2.0,0.0,0.0,3631.0,1.0,0.245,0.245,3546.0
attempt:16:round:11,16,11,2026-04-19 10:38:20,0.966667,0.097234,0.296689,0.290899,0.573165,0.453295,0.9333333373069764,0.1748105436563491,30,2026-04-19 10:38:15,33.0,0.14648484848484847,0.38779999999999987,431.06060606060606,30.0,1.0,0.0196576099842786,30,2026-04-19 10:38:20,33.0,0.1662121212121212,0.3357999999999999,430.90909090909093,30.0,2.0,0.0,0.0,3644.0,1.0,0.194,0.194,3545.0
attempt:16:round:12,16,12,2026-04-19 10:39:10,0.883333,0.192207,0.298856,0.293894,0.576798,0.456547,0.7666666507720947,0.3708833754062652,30,2026-04-19 10:39:05,33.0,0.18093939393939396,0.5209999999999997,427.1212121212121,30.0,1.0,0.0135298483073711,30,2026-04-19 10:39:10,33.0,0.15890909090909092,0.2965999999999997,431.75757575757575,30.0,2.0,0.0,0.0,3641.0,1.0,0.179,0.179,3537.0
attempt:16:round:13,16,13,2026-04-19 10:40:00,0.85,0.275077,0.298229,0.29303,0.579614,0.455841,0.699999988079071,0.5434021353721619,30,2026-04-19 10:39:55,33.0,0.15181818181818185,0.3187999999999997,424.3939393939394,30.0,1.0,0.0067520244047045,30,2026-04-19 10:40:00,33.0,0.1514848484848485,0.2989999999999999,429.7878787878788,30.0,2.0,0.0,0.0,3635.0,1.0,0.193,0.193,3542.0
attempt:16:round:14,16,14,2026-04-19 10:40:50,0.883333,0.28154,0.298664,0.293943,0.581967,0.461149,0.7666666507720947,0.547869861125946,30,2026-04-19 10:40:45,33.0,0.15715151515151515,0.4401999999999998,428.0,30.0,1.0,0.015210916288197,30,2026-04-19 10:40:50,33.0,0.16703030303030303,0.2777999999999998,431.1212121212121,30.0,2.0,0.0,0.0,3641.5,1.0,0.174,0.174,3525.0
attempt:16:round:15,16,15,2026-04-19 10:41:40,0.833333,0.285894,0.299344,0.293101,0.582428,0.465037,0.6666666865348816,0.5584983229637146,30,2026-04-19 10:41:35,33.0,0.16893939393939394,0.4094,424.27272727272725,30.0,1.0,0.0132901342585682,30,2026-04-19 10:41:40,33.0,0.15672727272727272,0.2845999999999998,430.75757575757575,30.0,2.0,0.0,0.0,3642.5,1.0,0.182,0.182,3551.0
attempt:16:round:16,16,16,2026-04-19 10:42:30,0.95,0.110643,0.301561,0.294291,0.583836,0.470031,0.8999999761581421,0.2139758616685867,30,2026-04-19 10:42:25,33.0,0.15772727272727272,0.3451999999999996,424.6363636363636,30.0,1.0,0.0073101916350424,30,2026-04-19 10:42:30,33.0,0.15833333333333335,0.3201999999999999,431.0,30.0,2.0,0.0,0.0,3628.0,1.0,0.219,0.219,3531.0
attempt:16:round:17,16,17,2026-04-19 10:43:20,0.933333,0.167332,0.300485,0.292606,0.583012,0.463189,0.8666666746139526,0.3305763900279999,30,2026-04-19 10:43:15,33.0,0.15103030303030304,0.42179999999999984,419.6060606060606,30.0,1.0,0.0040885680355131,30,2026-04-19 10:43:20,33.0,0.1580909090909091,0.27859999999999985,430.5151515151515,30.0,2.0,0.0,0.0,3642.0,1.0,0.161,0.161,3538.0
attempt:16:round:18,16,18,2026-04-19 10:44:10,0.983333,0.141058,0.302085,0.294584,0.584392,0.466904,0.9666666388511658,0.2738121449947357,30,2026-04-19 10:44:05,33.0,0.1553939393939394,0.3009999999999997,425.24242424242425,30.0,1.0,0.0083036283031106,30,2026-04-19 10:44:10,33.0,0.16354545454545452,0.2945999999999998,429.3636363636364,30.0,2.0,0.0,0.0,3633.0,1.0,0.292,0.292,3527.0
attempt:16:round:19,16,19,2026-04-19 10:45:00,1.0,0.03993,0.304154,0.298982,0.58676,0.474241,1.0,0.0666435584425926,30,2026-04-19 10:44:55,33.0,0.13627272727272727,0.3799999999999999,424.93939393939394,30.0,1.0,0.0132173430174589,30,2026-04-19 10:45:00,33.0,0.16342424242424242,0.31319999999999987,430.1818181818182,30.0,2.0,0.0,0.0,3635.5,1.0,0.241,0.241,3537.0
attempt:16:round:20,16,20,2026-04-19 10:45:50,0.933333,0.155369,0.303437,0.306238,0.586917,0.480253,0.8999999761581421,0.2678395211696625,30,2026-04-19 10:45:45,29.0,0.15531034482758618,0.37079999999999935,351.8965517241379,27.0,0.9666666388511658,0.0428990274667739,30,2026-04-19 10:45:50,32.0,0.15175,0.2917499999999999,333.0,30.0,2.0,0.0,0.0,3647.5,1.0,0.192,0.192,3536.0
attempt:17:round:1,17,1,2026-04-19 11:01:32,0.766667,0.75793,0.289021,0.292063,0.541493,0.408308,0.7666666507720947,0.488904058933258,30,2026-04-19 11:01:28,38.0,0.14428947368421055,0.2942999999999995,299.8421052631579,36.0,0.7666666507720947,1.026955485343933,30,2026-04-19 11:01:32,32.0,0.14500000000000002,0.22664999999999996,333.5625,30.0,2.0,0.0,0.0,3638.0,1.0,0.184,0.184,3538.0
attempt:17:round:2,17,2,2026-04-19 11:02:15,0.916667,0.216451,0.293653,0.297098,0.557252,0.425032,0.8999999761581421,0.2806576788425445,30,2026-04-19 11:02:12,28.0,0.1733214285714286,0.34009999999999974,487.2142857142857,25.0,0.9333333373069764,0.1522442549467086,30,2026-04-19 11:02:15,33.0,0.14130303030303032,0.3433999999999999,430.8484848484849,30.0,2.0,0.0,0.0,3636.0,1.0,0.156,0.156,3536.0
attempt:17:round:3,17,3,2026-04-19 11:03:05,1.0,0.034624,0.297053,0.308189,0.566097,0.441603,1.0,0.0324004925787448,30,2026-04-19 11:03:03,33.0,0.16051515151515153,0.28799999999999976,430.3030303030303,30.0,1.0,0.0368482694029808,30,2026-04-19 11:03:05,33.0,0.16248484848484848,0.2993999999999998,430.57575757575756,30.0,2.0,0.0,0.0,3627.5,1.0,0.224,0.224,3541.0
attempt:17:round:4,17,4,2026-04-19 11:03:55,0.983333,0.049312,0.299833,0.31302,0.571743,0.450171,1.0,0.027724614366889,30,2026-04-19 11:03:53,33.0,0.15327272727272725,0.28739999999999977,429.6363636363636,30.0,0.9666666388511658,0.0708993226289749,30,2026-04-19 11:03:55,33.0,0.1504848484848485,0.31519999999999987,430.54545454545456,30.0,2.0,0.0,0.0,3632.5,1.0,0.284,0.284,3536.0
attempt:17:round:5,17,5,2026-04-19 11:04:47,1.0,0.017993,0.30161,0.318605,0.5759,0.455632,1.0,0.0123114855960011,30,2026-04-19 11:04:47,32.0,0.1385625,0.35879999999999995,439.59375,29.0,1.0,0.023674564436078,30,2026-04-19 11:04:45,34.0,0.16029411764705884,0.2809999999999997,421.55882352941177,31.0,2.0,0.0,0.0,3618.0,1.0,0.194,0.194,3528.0
attempt:17:round:6,17,6,2026-04-19 11:05:45,0.916667,0.267355,0.300705,0.316133,0.562138,0.457309,0.8999999761581421,0.3980083465576172,30,2026-04-19 11:05:40,36.0,0.1588888888888889,0.4545,402.3333333333333,33.0,0.9333333373069764,0.136700764298439,30,2026-04-19 11:05:45,32.0,0.16109375,0.32439999999999997,440.28125,29.0,2.0,0.0,0.0,3641.0,1.0,0.219,0.219,3532.0
attempt:17:round:7,17,7,2026-04-19 11:06:35,0.85,0.30032,0.295175,0.308529,0.534002,0.449747,0.8333333134651184,0.322422057390213,30,2026-04-19 11:06:30,33.0,0.17218181818181819,0.4995999999999999,429.6363636363636,30.0,0.8666666746139526,0.2782178819179535,30,2026-04-19 11:06:35,33.0,0.15127272727272728,0.2971999999999998,428.8787878787879,30.0,2.0,0.0,0.0,3644.5,1.0,0.231,0.231,3526.0
attempt:17:round:8,17,8,2026-04-19 11:07:25,0.916667,0.218731,0.294836,0.306865,0.526026,0.448929,0.9666666388511658,0.0965233668684959,30,2026-04-19 11:07:20,33.0,0.16775757575757577,0.5649999999999997,429.1212121212121,30.0,0.8666666746139526,0.340939462184906,30,2026-04-19 11:07:25,33.0,0.1593333333333333,0.3071999999999998,428.3636363636364,30.0,2.0,0.0,0.0,3637.5,1.0,0.271,0.271,3536.0
attempt:17:round:9,17,9,2026-04-19 11:08:15,0.866667,0.332709,0.294721,0.309135,0.52307,0.45122,0.9333333373069764,0.2627422511577606,30,2026-04-19 11:08:10,33.0,0.16284848484848485,0.49819999999999975,429.1818181818182,30.0,0.800000011920929,0.4026766717433929,30,2026-04-19 11:08:15,33.0,0.16209090909090906,0.3105999999999998,428.030303030303,30.0,2.0,0.0,0.0,3639.5,1.0,0.2,0.2,3530.0
attempt:17:round:10,17,10,2026-04-19 11:09:05,0.883333,0.391117,0.294705,0.303266,0.522385,0.454961,0.8333333134651184,0.4033364653587341,30,2026-04-19 11:09:00,33.0,0.17578787878787877,0.4875999999999998,427.1515151515151,30.0,0.9333333373069764,0.3788968324661255,30,2026-04-19 11:09:05,33.0,0.167,0.34579999999999983,428.3030303030303,30.0,2.0,0.0,0.0,3636.5,1.0,0.207,0.207,3531.0
attempt:17:round:11,17,11,2026-04-19 11:09:55,0.833333,0.334581,0.294652,0.299231,0.517261,0.459821,0.8333333134651184,0.3697628676891327,30,2026-04-19 11:09:50,33.0,0.17003030303030306,0.4873999999999997,427.8787878787879,30.0,0.8333333134651184,0.2993984520435333,30,2026-04-19 11:09:55,33.0,0.14984848484848484,0.2789999999999998,428.1515151515151,30.0,2.0,0.0,0.0,3633.0,1.0,0.147,0.147,3532.0
attempt:17:round:12,17,12,2026-04-19 11:10:45,0.916667,0.177451,0.296102,0.30039,0.519273,0.463742,0.9666666388511658,0.0886437967419624,30,2026-04-19 11:10:40,33.0,0.16403030303030303,0.5071999999999999,428.6060606060606,30.0,0.8666666746139526,0.266258031129837,30,2026-04-19 11:10:45,33.0,0.1460909090909091,0.33299999999999985,426.1818181818182,30.0,2.0,0.0,0.0,3639.0,1.0,0.242,0.242,3517.0
attempt:17:round:13,17,13,2026-04-19 11:11:35,0.933333,0.14689,0.297157,0.301446,0.521595,0.468885,1.0,0.0852497816085815,30,2026-04-19 11:11:30,33.0,0.16048484848484845,0.4783999999999998,428.3939393939394,30.0,0.8666666746139526,0.2085298597812652,30,2026-04-19 11:11:35,33.0,0.1697878787878788,0.29519999999999985,428.3636363636364,30.0,2.0,0.0,0.0,3628.0,1.0,0.13,0.13,3517.0
attempt:17:round:14,17,14,2026-04-19 11:12:25,0.833333,0.374572,0.297633,0.298329,0.521363,0.473221,0.7333333492279053,0.5030373334884644,30,2026-04-19 11:12:20,33.0,0.15878787878787878,0.5191999999999997,428.7878787878788,30.0,0.9333333373069764,0.2461064755916595,30,2026-04-19 11:12:25,33.0,0.14809090909090908,0.3089999999999997,427.1212121212121,30.0,2.0,0.0,0.0,3637.0,1.0,0.178,0.178,3528.0
attempt:17:round:15,17,15,2026-04-19 11:13:15,0.9,0.259023,0.296821,0.298555,0.519489,0.474167,0.8666666746139526,0.3822803199291229,30,2026-04-19 11:13:10,33.0,0.17736363636363636,0.47319999999999973,431.06060606060606,30.0,0.9333333373069764,0.1357648521661758,30,2026-04-19 11:13:15,33.0,0.1644848484848485,0.3157999999999998,428.3333333333333,30.0,2.0,0.0,0.0,3632.5,1.0,0.202,0.202,3533.0
attempt:17:round:16,17,16,2026-04-19 11:14:05,0.883333,0.280932,0.296813,0.302727,0.521902,0.478052,0.8333333134651184,0.4419727325439453,30,2026-04-19 11:14:00,33.0,0.15566666666666668,0.47039999999999976,429.030303030303,30.0,0.9333333373069764,0.1198922023177146,30,2026-04-19 11:14:05,33.0,0.16,0.31659999999999977,428.93939393939394,30.0,2.0,0.0,0.0,3637.5,1.0,0.228,0.228,3539.0
attempt:17:round:17,17,17,2026-04-19 11:14:55,0.883333,0.300799,0.29744,0.300866,0.523293,0.480639,0.8333333134651184,0.4764190912246704,30,2026-04-19 11:14:50,33.0,0.172030303030303,0.5145999999999997,427.3939393939394,30.0,0.9333333373069764,0.1251785904169082,30,2026-04-19 11:14:55,33.0,0.1537878787878788,0.2909999999999998,429.3939393939394,30.0,2.0,0.0,0.0,3633.0,1.0,0.194,0.194,3530.0
attempt:17:round:18,17,18,2026-04-19 11:15:45,0.85,0.346945,0.29591,0.28828,0.525174,0.477415,0.800000011920929,0.4376672208309173,30,2026-04-19 11:15:40,33.0,0.16163636363636366,0.5113999999999997,426.6969696969697,30.0,0.8999999761581421,0.2562218904495239,30,2026-04-19 11:15:45,33.0,0.15496969696969698,0.3227999999999997,428.09090909090907,30.0,2.0,0.0,0.0,3642.5,1.0,0.18,0.18,3526.0
attempt:17:round:19,17,19,2026-04-19 11:16:35,0.866667,0.267339,0.295934,0.285316,0.534162,0.477942,0.8666666746139526,0.2719965279102325,30,2026-04-19 11:16:30,33.0,0.16527272727272727,0.5251999999999997,429.1515151515151,30.0,0.8666666746139526,0.2626813650131225,30,2026-04-19 11:16:35,33.0,0.16406060606060605,0.35119999999999985,428.3636363636364,30.0,2.0,0.0,0.0,3644.5,1.0,0.192,0.192,3525.0
attempt:17:round:20,17,20,2026-04-19 11:17:25,0.916667,0.172423,0.295019,0.29382,0.530794,0.483395,0.8999999761581421,0.2131444364786148,30,2026-04-19 11:17:20,33.0,0.16924242424242425,0.5173999999999997,428.6060606060606,30.0,0.9333333373069764,0.1317019611597061,30,2026-04-19 11:17:25,33.0,0.15854545454545454,0.2859999999999998,429.2121212121212,30.0,2.0,0.0,0.0,3633.5,1.0,0.217,0.217,3522.0
attempt:17:round:21,17,21,2026-04-19 11:18:15,0.983333,0.091127,0.295801,0.300609,0.530026,0.487704,1.0,0.0903074368834495,30,2026-04-19 11:18:10,33.0,0.17687878787878786,0.5235999999999998,428.8484848484849,30.0,0.9666666388511658,0.091946430504322,30,2026-04-19 11:18:15,33.0,0.1620909090909091,0.2971999999999998,429.45454545454544,30.0,2.0,0.0,0.0,3631.5,1.0,0.189,0.189,3527.0
attempt:17:round:22,17,22,2026-04-19 11:19:05,0.966667,0.088333,0.296986,0.303696,0.531532,0.493125,0.9333333373069764,0.1399478465318679,30,2026-04-19 11:19:00,33.0,0.16375757575757574,0.48579999999999973,430.09090909090907,30.0,1.0,0.0367175191640853,30,2026-04-19 11:19:05,33.0,0.15442424242424244,0.31439999999999985,429.0,30.0,2.0,0.0,0.0,3626.5,1.0,0.202,0.202,3530.0
attempt:17:round:23,17,23,2026-04-19 11:19:55,0.9,0.282086,0.295752,0.298132,0.533404,0.490088,0.9666666388511658,0.0865813419222831,30,2026-04-19 11:19:50,33.0,0.15860606060606064,0.5185999999999997,429.24242424242425,30.0,0.8333333134651184,0.4775903522968292,30,2026-04-19 11:19:55,33.0,0.15733333333333333,0.3113999999999998,427.1212121212121,30.0,2.0,0.0,0.0,3633.5,1.0,0.187,0.187,3524.0
attempt:17:round:24,17,24,2026-04-19 11:20:44,0.966667,0.146367,0.295896,0.293842,0.535936,0.487461,0.9333333373069764,0.139915257692337,30,2026-04-19 11:20:40,33.0,0.16775757575757577,0.5115999999999996,429.3030303030303,30.0,1.0,0.1528182327747345,30,2026-04-19 11:20:45,33.0,0.1628484848484848,0.2937999999999998,428.72727272727275,30.0,2.0,0.0,0.0,3622.0,1.0,0.202,0.202,3537.0
attempt:17:round:25,17,25,2026-04-19 11:21:35,0.9,0.2324,0.296405,0.287352,0.541005,0.486886,0.9666666388511658,0.0523927062749862,30,2026-04-19 11:21:30,33.0,0.17200000000000001,0.47919999999999974,428.72727272727275,30.0,0.8333333134651184,0.4124070405960083,30,2026-04-19 11:21:35,33.0,0.17230303030303032,0.34299999999999975,427.3939393939394,30.0,2.0,0.0,0.0,3643.0,1.0,0.127,0.127,3530.0
attempt:17:round:26,17,26,2026-04-19 11:22:25,0.933333,0.106287,0.296518,0.282164,0.544352,0.487326,1.0,0.0428997948765754,30,2026-04-19 11:22:20,33.0,0.15618181818181817,0.48019999999999974,428.45454545454544,30.0,0.8666666746139526,0.1696736067533493,30,2026-04-19 11:22:25,33.0,0.158,0.31959999999999966,428.93939393939394,30.0,2.0,0.0,0.0,3636.5,1.0,0.203,0.203,3516.0
attempt:17:round:27,17,27,2026-04-19 11:23:15,0.95,0.137908,0.29722,0.286273,0.54132,0.487521,1.0,0.0968212112784385,30,2026-04-19 11:23:10,33.0,0.17233333333333334,0.5213999999999996,427.09090909090907,30.0,0.8999999761581421,0.1789939254522323,30,2026-04-19 11:23:15,33.0,0.1387878787878788,0.3295999999999999,428.42424242424244,30.0,2.0,0.0,0.0,3623.0,1.0,0.2,0.2,3532.0
attempt:17:round:28,17,28,2026-04-19 11:24:05,0.933333,0.143343,0.297701,0.287198,0.54568,0.492665,1.0,0.0711908638477325,30,2026-04-19 11:24:00,33.0,0.16066666666666668,0.4813999999999998,426.5151515151515,30.0,0.8666666746139526,0.215494304895401,30,2026-04-19 11:24:05,33.0,0.15775757575757574,0.3025999999999997,429.27272727272725,30.0,2.0,0.0,0.0,3630.0,1.0,0.192,0.192,3524.0
attempt:17:round:29,17,29,2026-04-19 11:24:55,0.933333,0.221245,0.298474,0.289595,0.550262,0.496461,0.8999999761581421,0.290216714143753,30,2026-04-19 11:24:50,33.0,0.1646969696969697,0.4817999999999998,427.93939393939394,30.0,0.9666666388511658,0.1522738337516784,30,2026-04-19 11:24:55,33.0,0.16263636363636363,0.27859999999999985,428.969696969697,30.0,2.0,0.0,0.0,3631.5,1.0,0.19,0.19,3528.0
attempt:17:round:30,17,30,2026-04-19 11:25:45,0.866667,0.261434,0.297602,0.28501,0.553651,0.493408,0.800000011920929,0.3636223971843719,30,2026-04-19 11:25:40,33.0,0.15872727272727272,0.5357999999999998,427.8484848484849,30.0,0.9333333373069764,0.159245565533638,30,2026-04-19 11:25:45,33.0,0.15427272727272726,0.30419999999999986,426.6060606060606,30.0,2.0,0.0,0.0,3641.5,1.0,0.126,0.126,3527.0
attempt:18:round:1,18,1,2026-04-19 12:00:39,0.833333,0.662626,0.286291,0.292619,0.541326,0.409798,0.8333333134651184,0.8253849148750305,30,2026-04-19 12:00:37,37.0,0.13235135135135137,0.20919999999999989,303.8378378378378,35.0,0.8333333134651184,0.4998680353164673,30,2026-04-19 12:00:39,32.0,0.14800000000000002,0.2183,333.15625,30.0,2.0,0.0,0.0,3637.0,1.0,0.179,0.179,3521.0
attempt:18:round:2,18,2,2026-04-19 12:01:23,0.983333,0.088242,0.291606,0.296135,0.557025,0.426221,0.9666666388511658,0.1020114421844482,30,2026-04-19 12:01:21,29.0,0.1487586206896552,0.3183999999999997,473.9655172413793,26.0,1.0,0.0744728147983551,30,2026-04-19 12:01:23,33.0,0.14563636363636367,0.2837999999999998,429.45454545454544,30.0,2.0,0.0,0.0,3632.5,1.0,0.186,0.186,3530.0
attempt:18:round:3,18,3,2026-04-19 12:02:13,1.0,0.048471,0.296226,0.306338,0.568339,0.439202,1.0,0.0582153238356113,30,2026-04-19 12:02:12,33.0,0.1376060606060606,0.2893999999999998,429.6666666666667,30.0,1.0,0.0387274883687496,30,2026-04-19 12:02:13,33.0,0.1555151515151515,0.33299999999999985,429.7878787878788,30.0,2.0,0.0,0.0,3619.0,1.0,0.223,0.223,3537.0
attempt:18:round:4,18,4,2026-04-19 12:03:05,1.0,0.01996,0.299248,0.311311,0.575911,0.447273,1.0,0.018010264262557,30,2026-04-19 12:03:01,32.0,0.14903125,0.2766499999999999,439.40625,29.0,1.0,0.0219090636819601,30,2026-04-19 12:03:03,34.0,0.16129411764705884,0.3349499999999998,419.47058823529414,31.0,2.0,0.0,0.0,3615.0,1.0,0.26,0.26,3528.0
attempt:18:round:5,18,5,2026-04-19 12:03:59,1.0,0.0196,0.301018,0.316004,0.581132,0.452494,1.0,0.0104713523760437,30,2026-04-19 12:03:59,33.0,0.14942424242424246,0.3407999999999999,430.09090909090907,30.0,1.0,0.0287277027964591,30,2026-04-19 12:03:53,36.0,0.16219444444444442,0.383,405.0,33.0,2.0,0.0,0.0,3617.5,1.0,0.223,0.223,3543.0
attempt:18:round:6,18,6,2026-04-19 12:04:51,0.933333,0.233403,0.298089,0.312799,0.575447,0.452474,0.8666666746139526,0.4617475867271423,30,2026-04-19 12:04:51,33.0,0.1404242424242424,0.3019999999999997,429.8181818181818,30.0,1.0,0.0050579379312694,30,2026-04-19 12:04:43,34.0,0.18155882352941174,0.5393499999999997,420.8529411764706,31.0,2.0,0.0,0.0,3647.0,1.0,0.347,0.347,3528.0
attempt:18:round:7,18,7,2026-04-19 12:05:41,0.916667,0.348831,0.295477,0.306643,0.566791,0.454319,0.8333333134651184,0.6722632050514221,30,2026-04-19 12:05:41,33.0,0.13457575757575757,0.31959999999999983,428.8787878787879,30.0,1.0,0.0253991186618804,30,2026-04-19 12:05:33,32.0,0.18371875,0.51015,440.59375,29.0,2.0,0.0,0.0,3639.5,1.0,0.218,0.218,3534.0
attempt:18:round:8,18,8,2026-04-19 12:06:31,0.9,0.308938,0.294409,0.296375,0.55871,0.453709,0.800000011920929,0.6121463179588318,30,2026-04-19 12:06:31,33.0,0.13093939393939394,0.33119999999999983,430.0,30.0,1.0,0.0057303244248032,30,2026-04-19 12:06:23,33.0,0.18266666666666664,0.5369999999999998,430.5151515151515,30.0,2.0,0.0,0.0,3643.5,1.0,0.222,0.222,3529.0
attempt:18:round:9,18,9,2026-04-19 12:07:21,0.966667,0.099089,0.295179,0.295398,0.558146,0.455589,0.9333333373069764,0.1620645523071289,30,2026-04-19 12:07:21,33.0,0.13803030303030306,0.396,428.93939393939394,30.0,1.0,0.0361127331852912,30,2026-04-19 12:07:13,33.0,0.196,0.5417999999999998,430.72727272727275,30.0,2.0,0.0,0.0,3639.5,1.0,0.125,0.125,3539.0
attempt:18:round:10,18,10,2026-04-19 12:08:11,0.95,0.175661,0.296777,0.2968,0.563467,0.459997,0.8999999761581421,0.3410474061965942,30,2026-04-19 12:08:11,33.0,0.12048484848484849,0.32179999999999986,429.3030303030303,30.0,1.0,0.0102747585624456,30,2026-04-19 12:08:03,33.0,0.2567575757575758,0.8035999999999993,430.54545454545456,30.0,2.0,0.0,0.0,3628.5,1.0,0.222,0.222,3530.0
attempt:18:round:11,18,11,2026-04-19 12:09:01,0.983333,0.049506,0.298213,0.302349,0.568353,0.463709,0.9666666388511658,0.0850069746375083,30,2026-04-19 12:09:01,33.0,0.13275757575757577,0.3121999999999997,429.57575757575756,30.0,1.0,0.0140048833563923,30,2026-04-19 12:08:53,34.0,0.17929411764705883,0.46479999999999994,421.79411764705884,31.0,2.0,0.0,0.0,3644.0,1.0,0.139,0.139,3540.0
attempt:18:round:12,18,12,2026-04-19 12:09:51,1.0,0.035382,0.299181,0.305118,0.567202,0.46797,1.0,0.0623278841376304,30,2026-04-19 12:09:51,33.0,0.12845454545454546,0.35179999999999995,431.0,30.0,1.0,0.0084353750571608,30,2026-04-19 12:09:43,32.0,0.18515625,0.5082499999999999,440.09375,29.0,2.0,0.0,0.0,3631.0,1.0,0.215,0.215,3541.0
attempt:18:round:13,18,13,2026-04-19 12:10:41,1.0,0.032181,0.300635,0.309627,0.568484,0.472529,1.0,0.0611477494239807,30,2026-04-19 12:10:41,33.0,0.13972727272727276,0.3403999999999998,428.7878787878788,30.0,1.0,0.0032148242462426,30,2026-04-19 12:10:33,33.0,0.17233333333333334,0.48859999999999976,430.8787878787879,30.0,2.0,0.0,0.0,3623.5,1.0,0.197,0.197,3553.0
attempt:18:round:14,18,14,2026-04-19 12:11:31,0.933333,0.303297,0.301355,0.312811,0.570911,0.475892,0.8666666746139526,0.6007713675498962,30,2026-04-19 12:11:31,33.0,0.15872727272727272,0.42219999999999996,430.6666666666667,30.0,1.0,0.0058233034797012,30,2026-04-19 12:11:23,33.0,0.15184848484848484,0.5304,430.93939393939394,30.0,2.0,0.0,0.0,3636.5,1.0,0.132,0.132,3540.0
attempt:18:round:15,18,15,2026-04-19 12:12:22,0.95,0.154626,0.301686,0.308736,0.574231,0.473799,0.8999999761581421,0.2910823225975036,30,2026-04-19 12:12:21,33.0,0.14857575757575758,0.3948,430.72727272727275,30.0,1.0,0.0181697681546211,30,2026-04-19 12:12:14,34.0,0.18055882352941174,0.5382999999999994,421.9117647058824,31.0,2.0,0.0,0.0,3637.0,1.0,0.199,0.199,3539.0
attempt:18:round:16,18,16,2026-04-19 12:13:11,0.95,0.118637,0.302709,0.304268,0.577948,0.473054,0.8999999761581421,0.2335328459739685,30,2026-04-19 12:13:11,33.0,0.12475757575757579,0.3575999999999999,430.0,30.0,1.0,0.0037415868137031,30,2026-04-19 12:13:04,32.0,0.19934375,0.5788499999999999,440.40625,29.0,2.0,0.0,0.0,3631.0,1.0,0.209,0.209,3525.0
attempt:18:round:17,18,17,2026-04-19 12:14:01,0.95,0.165827,0.30225,0.303309,0.576626,0.473375,0.8999999761581421,0.3274722099304199,30,2026-04-19 12:14:01,33.0,0.1470909090909091,0.3594,429.3939393939394,30.0,1.0,0.0041815503500401,30,2026-04-19 12:13:54,33.0,0.1937878787878788,0.5913999999999999,429.4848484848485,30.0,2.0,0.0,0.0,3636.0,1.0,0.229,0.229,3532.0
attempt:18:round:18,18,18,2026-04-19 12:14:51,0.983333,0.081051,0.302557,0.302897,0.577067,0.474108,0.9666666388511658,0.158231034874916,30,2026-04-19 12:14:51,33.0,0.14115151515151514,0.33419999999999994,427.969696969697,30.0,1.0,0.0038713181857019,30,2026-04-19 12:14:44,33.0,0.19936363636363635,0.5471999999999996,431.1818181818182,30.0,2.0,0.0,0.0,3628.5,1.0,0.252,0.252,3539.0
attempt:18:round:19,18,19,2026-04-19 12:15:41,0.966667,0.096473,0.303015,0.304032,0.579044,0.476918,0.9333333373069764,0.1888110488653183,30,2026-04-19 12:15:42,33.0,0.1421818181818182,0.3557999999999998,429.969696969697,30.0,1.0,0.0041358047164976,30,2026-04-19 12:15:34,34.0,0.1925294117647059,0.5007499999999995,420.7352941176471,31.0,2.0,0.0,0.0,3624.5,1.0,0.13,0.13,3526.0
attempt:18:round:20,18,20,2026-04-19 12:16:31,0.933333,0.089868,0.303741,0.300075,0.581102,0.479136,0.8666666746139526,0.1749482005834579,30,2026-04-19 12:16:31,33.0,0.14436363636363636,0.4072,428.6060606060606,30.0,1.0,0.0047885500825941,30,2026-04-19 12:16:24,32.0,0.206,0.5306499999999998,439.46875,29.0,2.0,0.0,0.0,3628.5,1.0,0.225,0.225,3531.0
attempt:19:round:1,19,1,2026-04-19 12:24:15,0.75,0.943313,0.28723,0.290831,0.539495,0.412302,0.7666666507720947,1.170776128768921,30,2026-04-19 12:24:15,36.0,0.1253055555555556,0.19475,309.75,34.0,0.7333333492279053,0.7158491015434265,30,2026-04-19 12:24:15,32.0,0.15843749999999998,0.24505,333.0,30.0,2.0,0.0,0.0,3636.0,1.0,0.22,0.22,3545.0
attempt:19:round:2,19,2,2026-04-19 12:24:59,0.983333,0.088724,0.29175,0.296146,0.55591,0.432271,1.0,0.0832873433828353,30,2026-04-19 12:24:59,29.0,0.15393103448275863,0.36799999999999966,474.0344827586207,26.0,0.9666666388511658,0.0941605269908905,30,2026-04-19 12:24:59,33.0,0.14106060606060608,0.29739999999999983,430.1515151515151,30.0,2.0,0.0,0.0,3632.0,1.0,0.225,0.225,3537.0
attempt:19:round:3,19,3,2026-04-19 12:25:49,1.0,0.030921,0.295746,0.304916,0.563657,0.443603,1.0,0.0340908877551555,30,2026-04-19 12:25:49,33.0,0.14315151515151517,0.3235999999999999,430.57575757575756,30.0,1.0,0.0277514215558767,30,2026-04-19 12:25:49,33.0,0.16196969696969699,0.31999999999999984,430.1515151515151,30.0,2.0,0.0,0.0,3627.5,1.0,0.218,0.218,3545.0
attempt:19:round:4,19,4,2026-04-19 12:26:39,0.983333,0.029891,0.297998,0.30886,0.568261,0.451314,1.0,0.0150821926072239,30,2026-04-19 12:26:39,33.0,0.16054545454545455,0.2981999999999997,431.57575757575756,30.0,0.9666666388511658,0.044700488448143,30,2026-04-19 12:26:39,33.0,0.155,0.2861999999999998,431.45454545454544,30.0,2.0,0.0,0.0,3633.5,1.0,0.179,0.179,3537.0
attempt:19:round:5,19,5,2026-04-19 12:27:36,1.0,0.012719,0.299601,0.31389,0.571768,0.455808,1.0,0.0120322722941637,30,2026-04-19 12:27:36,33.0,0.14912121212121213,0.31279999999999986,430.42424242424244,30.0,1.0,0.0134064946323633,30,2026-04-19 12:27:29,37.0,0.1708918918918919,0.3879999999999997,396.3783783783784,34.0,2.0,0.0,0.0,3626.5,1.0,0.22,0.22,3538.0
attempt:19:round:6,19,6,2026-04-19 12:28:26,0.933333,0.18337,0.295985,0.31198,0.565446,0.454858,0.8666666746139526,0.3578264117240906,30,2026-04-19 12:28:26,33.0,0.16245454545454543,0.43179999999999996,430.57575757575756,30.0,1.0,0.0089126667007803,30,2026-04-19 12:28:19,33.0,0.18321212121212122,0.35719999999999974,430.90909090909093,30.0,2.0,0.0,0.0,3634.5,1.0,0.23,0.23,3546.0
attempt:19:round:7,19,7,2026-04-19 12:29:17,0.9,0.212391,0.294829,0.30952,0.565626,0.45011,0.800000011920929,0.4044812023639679,30,2026-04-19 12:29:17,33.0,0.1290909090909091,0.3037999999999997,427.3636363636364,30.0,1.0,0.0203001070767641,30,2026-04-19 12:29:09,34.0,0.16355882352941176,0.39744999999999986,421.1764705882353,31.0,2.0,0.0,0.0,3630.0,1.0,0.137,0.137,3519.0
attempt:19:round:8,19,8,2026-04-19 12:30:06,0.933333,0.154594,0.294731,0.30808,0.565187,0.453238,0.8666666746139526,0.2817191183567047,30,2026-04-19 12:30:06,33.0,0.12606060606060607,0.31039999999999973,428.24242424242425,30.0,1.0,0.0274685639888048,30,2026-04-19 12:29:59,32.0,0.1865,0.5137499999999999,438.9375,29.0,2.0,0.0,0.0,3629.0,1.0,0.212,0.212,3540.0
attempt:19:round:9,19,9,2026-04-19 12:30:56,0.95,0.156005,0.295506,0.307088,0.565261,0.460922,0.8999999761581421,0.2985917925834656,30,2026-04-19 12:30:56,33.0,0.12381818181818183,0.39419999999999994,429.27272727272725,30.0,1.0,0.0134184919297695,30,2026-04-19 12:30:49,33.0,0.19693939393939394,0.5229999999999998,431.0,30.0,2.0,0.0,0.0,3623.5,1.0,0.182,0.182,3535.0
attempt:19:round:10,19,10,2026-04-19 12:31:46,0.916667,0.222751,0.296138,0.308084,0.565704,0.463432,0.8333333134651184,0.4333591163158417,30,2026-04-19 12:31:46,33.0,0.14124242424242425,0.3131999999999997,426.3636363636364,30.0,1.0,0.0121437944471836,30,2026-04-19 12:31:39,33.0,0.18654545454545454,0.5363999999999999,430.75757575757575,30.0,2.0,0.0,0.0,3640.5,1.0,0.142,0.142,3529.0
attempt:19:round:11,19,11,2026-04-19 12:32:37,0.983333,0.085714,0.296709,0.311082,0.567136,0.462187,0.9666666388511658,0.153084710240364,30,2026-04-19 12:32:37,33.0,0.14393939393939395,0.3291999999999998,427.8484848484849,30.0,1.0,0.0183438137173652,30,2026-04-19 12:32:29,34.0,0.1715,0.2945999999999996,420.94117647058823,31.0,2.0,0.0,0.0,3635.5,1.0,0.217,0.217,3537.0
attempt:19:round:12,19,12,2026-04-19 12:33:27,0.933333,0.160071,0.296989,0.311458,0.57003,0.463141,0.8666666746139526,0.308717668056488,30,2026-04-19 12:33:27,33.0,0.1414848484848485,0.34799999999999986,429.57575757575756,30.0,1.0,0.0114236688241362,30,2026-04-19 12:33:19,33.0,0.1574242424242424,0.3071999999999998,429.42424242424244,30.0,2.0,0.0,0.0,3642.5,1.0,0.127,0.127,3524.0
attempt:19:round:13,19,13,2026-04-19 12:34:16,0.983333,0.075121,0.297775,0.313274,0.571234,0.465399,0.9666666388511658,0.1393289566040039,30,2026-04-19 12:34:16,33.0,0.13724242424242425,0.30879999999999974,427.3333333333333,30.0,1.0,0.0109126921743154,30,2026-04-19 12:34:09,32.0,0.1635,0.41434999999999994,439.75,29.0,2.0,0.0,0.0,3622.5,1.0,0.195,0.195,3541.0
attempt:19:round:14,19,14,2026-04-19 12:35:06,0.916667,0.166431,0.297929,0.308676,0.572639,0.466609,0.8333333134651184,0.3080958425998688,30,2026-04-19 12:35:06,33.0,0.14284848484848484,0.3181999999999997,429.27272727272725,30.0,1.0,0.0247665476053953,30,2026-04-19 12:34:59,33.0,0.18745454545454546,0.5381999999999998,431.7878787878788,30.0,2.0,0.0,0.0,3637.5,1.0,0.182,0.182,3544.0
attempt:19:round:15,19,15,2026-04-19 12:35:56,0.966667,0.08769,0.298985,0.309221,0.575184,0.472828,0.9333333373069764,0.1640398055315017,30,2026-04-19 12:35:56,33.0,0.1398787878787879,0.4059999999999999,427.2121212121212,30.0,1.0,0.0113410968333482,30,2026-04-19 12:35:49,33.0,0.19636363636363635,0.5049999999999999,431.6060606060606,30.0,2.0,0.0,0.0,3634.0,1.0,0.156,0.156,3540.0
attempt:19:round:16,19,16,2026-04-19 12:36:46,0.966667,0.090604,0.298355,0.307647,0.571522,0.473211,0.9333333373069764,0.1703771948814392,30,2026-04-19 12:36:47,33.0,0.1560909090909091,0.3777999999999999,429.42424242424244,30.0,1.0,0.0108316596597433,30,2026-04-19 12:36:39,34.0,0.17932352941176471,0.4379999999999999,421.0,31.0,2.0,0.0,0.0,3633.0,1.0,0.132,0.132,3528.0
attempt:19:round:17,19,17,2026-04-19 12:37:36,0.883333,0.165605,0.298272,0.309156,0.571578,0.475143,0.7666666507720947,0.3207884132862091,30,2026-04-19 12:37:36,33.0,0.14554545454545453,0.3051999999999998,427.6969696969697,30.0,1.0,0.0104206362739205,30,2026-04-19 12:37:29,32.0,0.17821874999999998,0.48119999999999996,440.125,29.0,2.0,0.0,0.0,3634.0,1.0,0.225,0.225,3521.0
attempt:19:round:18,19,18,2026-04-19 12:38:26,0.983333,0.053225,0.29888,0.310978,0.572202,0.47558,0.9666666388511658,0.1013957634568214,30,2026-04-19 12:38:26,33.0,0.15672727272727274,0.43879999999999997,428.54545454545456,30.0,1.0,0.0050541618838906,30,2026-04-19 12:38:19,33.0,0.1802121212121212,0.32839999999999964,429.42424242424244,30.0,2.0,0.0,0.0,3629.5,1.0,0.195,0.195,3530.0
attempt:19:round:19,19,19,2026-04-19 12:39:16,0.933333,0.117985,0.299705,0.312885,0.573145,0.47756,0.8666666746139526,0.2307969480752945,30,2026-04-19 12:39:17,33.0,0.1403030303030303,0.33779999999999977,427.06060606060606,30.0,1.0,0.0051723276264965,30,2026-04-19 12:39:09,34.0,0.15655882352941178,0.37589999999999985,420.3529411764706,31.0,2.0,0.0,0.0,3630.5,1.0,0.119,0.119,3531.0
attempt:19:round:20,19,20,2026-04-19 12:40:06,0.933333,0.103459,0.300575,0.314494,0.57444,0.478459,0.8666666746139526,0.2027404904365539,30,2026-04-19 12:40:06,33.0,0.12348484848484849,0.32479999999999976,429.72727272727275,30.0,1.0,0.0041766236536204,30,2026-04-19 12:39:59,28.0,0.17807142857142857,0.33249999999999963,364.0357142857143,26.0,2.0,0.0,0.0,3634.0,1.0,0.118,0.118,3541.0
attempt:20:round:1,20,1,2026-04-19 12:50:50,0.8,0.637757,0.287922,0.292552,0.541662,0.411649,0.7666666507720947,0.6847422122955322,30,2026-04-19 12:50:50,35.0,0.12688571428571427,0.23679999999999995,315.0571428571429,33.0,0.8333333134651184,0.5907720923423767,30,2026-04-19 12:50:50,32.0,0.14587499999999998,0.21779999999999997,334.3125,30.0,2.0,0.0,0.0,3641.5,1.0,0.198,0.198,3531.0
attempt:20:round:2,20,2,2026-04-19 12:51:34,0.933333,0.26072,0.290646,0.295424,0.556285,0.429607,0.9333333373069764,0.1511905193328857,30,2026-04-19 12:51:34,30.0,0.14553333333333332,0.3259499999999995,462.0,27.0,0.9333333373069764,0.3702499568462372,30,2026-04-19 12:51:34,33.0,0.14721212121212124,0.28839999999999977,429.8484848484849,30.0,2.0,0.0,0.0,3642.5,1.0,0.358,0.358,3523.0
attempt:20:round:3,20,3,2026-04-19 12:52:24,0.983333,0.101466,0.293771,0.304563,0.56618,0.441655,1.0,0.031784538179636,30,2026-04-19 12:52:24,33.0,0.1378787878787879,0.2929999999999998,430.0,30.0,0.9666666388511658,0.1711474508047104,30,2026-04-19 12:52:24,33.0,0.14754545454545454,0.29779999999999973,431.0,30.0,2.0,0.0,0.0,3638.0,1.0,0.183,0.183,3542.0
attempt:20:round:4,20,4,2026-04-19 12:53:14,1.0,0.017869,0.296058,0.310445,0.573161,0.450868,1.0,0.0208569094538688,30,2026-04-19 12:53:14,33.0,0.137,0.30039999999999983,430.90909090909093,30.0,1.0,0.014881893992424,30,2026-04-19 12:53:14,33.0,0.14224242424242425,0.2821999999999998,431.0,30.0,2.0,0.0,0.0,3627.5,1.0,0.186,0.186,3539.0
attempt:20:round:5,20,5,2026-04-19 12:54:11,0.983333,0.03151,0.297398,0.314066,0.577906,0.455993,1.0,0.0150787141174077,30,2026-04-19 12:54:11,33.0,0.13336363636363635,0.3189999999999999,431.45454545454544,30.0,0.9666666388511658,0.0479411147534847,30,2026-04-19 12:54:04,37.0,0.1288108108108108,0.26619999999999927,398.0810810810811,34.0,2.0,0.0,0.0,3627.0,1.0,0.208,0.208,3543.0
attempt:20:round:6,20,6,2026-04-19 12:55:01,0.916667,0.297425,0.292883,0.30694,0.570252,0.44862,0.8333333134651184,0.5721103549003601,30,2026-04-19 12:55:01,33.0,0.1740909090909091,0.3285999999999998,428.6060606060606,30.0,1.0,0.0227403938770294,30,2026-04-19 12:54:54,34.0,0.11608823529411764,0.2696499999999997,422.52941176470586,31.0,2.0,0.0,0.0,3633.0,1.0,0.214,0.214,3542.0
attempt:20:round:7,20,7,2026-04-19 12:55:51,0.966667,0.108739,0.290382,0.305917,0.558704,0.445627,0.9333333373069764,0.201882392168045,30,2026-04-19 12:55:51,33.0,0.14745454545454545,0.34519999999999984,429.4848484848485,30.0,1.0,0.0155958831310272,30,2026-04-19 12:55:44,32.0,0.13421875,0.3172499999999999,440.625,29.0,2.0,0.0,0.0,3642.5,1.0,0.184,0.184,3526.0
attempt:20:round:8,20,8,2026-04-19 12:56:42,0.95,0.129467,0.290301,0.309646,0.561889,0.44931,0.8999999761581421,0.2380230873823166,30,2026-04-19 12:56:42,33.0,0.1315151515151515,0.3073999999999997,429.8484848484849,30.0,1.0,0.0209112726151943,30,2026-04-19 12:56:34,34.0,0.1358823529411765,0.3282999999999998,421.94117647058823,31.0,2.0,0.0,0.0,3652.0,1.0,0.215,0.215,3545.0
attempt:20:round:9,20,9,2026-04-19 12:57:31,0.966667,0.170491,0.291124,0.308415,0.554495,0.45506,0.9333333373069764,0.331632524728775,30,2026-04-19 12:57:31,33.0,0.12354545454545454,0.3307999999999998,430.72727272727275,30.0,1.0,0.0093500101938843,30,2026-04-19 12:57:24,32.0,0.1375625,0.3336999999999999,441.40625,29.0,2.0,0.0,0.0,3642.5,1.0,0.207,0.207,3542.0
attempt:20:round:10,20,10,2026-04-19 12:58:21,0.916667,0.298912,0.291026,0.301152,0.55696,0.455685,0.8333333134651184,0.5781097412109375,30,2026-04-19 12:58:21,33.0,0.12872727272727275,0.3131999999999998,429.2121212121212,30.0,1.0,0.0197151284664869,30,2026-04-19 12:58:14,33.0,0.14015151515151514,0.41479999999999984,432.030303030303,30.0,2.0,0.0,0.0,3643.5,1.0,0.173,0.173,3550.0
attempt:20:round:11,20,11,2026-04-19 12:59:12,0.966667,0.096292,0.291671,0.299595,0.557968,0.460098,0.9333333373069764,0.1792531460523605,30,2026-04-19 12:59:12,33.0,0.1437878787878788,0.37179999999999985,430.3030303030303,30.0,1.0,0.0133302314206957,30,2026-04-19 12:59:04,34.0,0.1366764705882353,0.3199999999999998,423.38235294117646,31.0,2.0,0.0,0.0,3648.5,1.0,0.228,0.228,3540.0
attempt:20:round:12,20,12,2026-04-19 13:00:01,0.966667,0.083612,0.293535,0.303635,0.558013,0.465273,0.9333333373069764,0.160391628742218,30,2026-04-19 13:00:01,33.0,0.14457575757575758,0.3095999999999997,428.4848484848485,30.0,1.0,0.0068332846276462,30,2026-04-19 12:59:54,32.0,0.12912500000000002,0.2930999999999999,441.25,29.0,2.0,0.0,0.0,3635.5,1.0,0.216,0.216,3539.0
attempt:20:round:13,20,13,2026-04-19 13:00:51,0.95,0.145308,0.293672,0.304597,0.561182,0.470538,0.8999999761581421,0.2793820798397064,30,2026-04-19 13:00:51,33.0,0.12675757575757576,0.3347999999999998,429.3030303030303,30.0,1.0,0.0112333437427878,30,2026-04-19 13:00:44,33.0,0.11815151515151515,0.2863999999999998,431.1212121212121,30.0,2.0,0.0,0.0,3636.5,1.0,0.251,0.251,3545.0
attempt:20:round:14,20,14,2026-04-19 13:01:41,0.933333,0.155222,0.293451,0.300691,0.562129,0.473785,0.8666666746139526,0.3052573502063751,30,2026-04-19 13:01:41,33.0,0.14172727272727273,0.3209999999999998,430.0,30.0,1.0,0.0051867137663066,30,2026-04-19 13:01:34,34.0,0.1393235294117647,0.4041999999999997,421.52941176470586,31.0,2.0,0.0,0.0,3640.5,1.0,0.21,0.21,3553.0
attempt:20:round:15,20,15,2026-04-19 13:02:31,0.95,0.213786,0.294151,0.301847,0.560787,0.476815,0.8999999761581421,0.413937360048294,30,2026-04-19 13:02:31,33.0,0.12975757575757577,0.3199999999999998,429.90909090909093,30.0,1.0,0.0136355999857187,30,2026-04-19 13:02:24,33.0,0.14875757575757576,0.4065999999999994,431.030303030303,30.0,2.0,0.0,0.0,3637.5,1.0,0.201,0.201,3537.0
attempt:20:round:16,20,16,2026-04-19 13:03:21,0.966667,0.114939,0.294228,0.299936,0.561963,0.478472,0.9333333373069764,0.223761111497879,30,2026-04-19 13:03:21,33.0,0.13893939393939395,0.3495999999999998,428.54545454545456,30.0,1.0,0.0061164209619164,30,2026-04-19 13:03:14,32.0,0.13284375,0.4205999999999999,440.875,29.0,2.0,0.0,0.0,3641.0,1.0,0.208,0.208,3542.0
attempt:20:round:17,20,17,2026-04-19 13:04:11,0.966667,0.121625,0.294799,0.299364,0.565732,0.484787,0.9333333373069764,0.2302645891904831,30,2026-04-19 13:04:11,33.0,0.14521212121212124,0.35319999999999974,432.06060606060606,30.0,1.0,0.012984961271286,30,2026-04-19 13:04:04,33.0,0.1449090909090909,0.3581999999999996,431.1515151515151,30.0,2.0,0.0,0.0,3640.0,1.0,0.223,0.223,3556.0
attempt:20:round:18,20,18,2026-04-19 13:05:01,0.916667,0.134133,0.296157,0.302244,0.567032,0.490064,0.8333333134651184,0.2647937536239624,30,2026-04-19 13:05:01,33.0,0.14660606060606057,0.3927999999999996,429.030303030303,30.0,1.0,0.0034718348179012,30,2026-04-19 13:04:54,33.0,0.12496969696969698,0.3117999999999998,431.0,30.0,2.0,0.0,0.0,3628.5,1.0,0.127,0.127,3539.0
attempt:20:round:19,20,19,2026-04-19 13:05:51,0.95,0.104689,0.297412,0.302628,0.569881,0.495209,0.8999999761581421,0.1960943192243576,30,2026-04-19 13:05:51,33.0,0.15593939393939393,0.4114,428.3030303030303,30.0,1.0,0.0132838310673832,30,2026-04-19 13:05:44,33.0,0.1322121212121212,0.30279999999999974,429.57575757575756,30.0,2.0,0.0,0.0,3631.5,1.0,0.146,0.146,3534.0
attempt:20:round:20,20,20,2026-04-19 13:06:41,0.966667,0.058061,0.298212,0.303239,0.573932,0.499914,0.9333333373069764,0.1091905757784843,30,2026-04-19 13:06:41,33.0,0.12796969696969696,0.39979999999999993,428.6363636363636,30.0,1.0,0.0069315931759774,30,2026-04-19 13:06:34,33.0,0.14,0.3883999999999999,430.7878787878788,30.0,2.0,0.0,0.0,3639.5,1.0,0.195,0.195,3543.0
attempt:21:round:1,21,1,2026-04-19 13:11:22,0.75,0.864637,0.285884,0.290759,0.540281,0.410789,0.7666666507720947,0.8896997570991516,30,2026-04-19 13:11:22,32.0,0.1378125,0.2572499999999998,332.875,30.0,0.7333333492279053,0.839574933052063,30,2026-04-19 13:11:20,37.0,0.1236756756756757,0.2232,303.56756756756755,35.0,2.0,0.0,0.0,3630.0,1.0,0.196,0.196,3536.0
attempt:21:round:2,21,2,2026-04-19 13:12:06,0.95,0.179307,0.290475,0.295107,0.555971,0.426914,0.9333333373069764,0.2457086443901062,30,2026-04-19 13:12:06,33.0,0.14669696969696971,0.39019999999999977,429.75757575757575,30.0,0.9666666388511658,0.1129047200083732,30,2026-04-19 13:12:04,29.0,0.1566896551724138,0.31959999999999966,473.2068965517241,26.0,2.0,0.0,0.0,3628.0,1.0,0.156,0.156,3529.0
attempt:21:round:3,21,3,2026-04-19 13:12:56,1.0,0.049309,0.294769,0.30408,0.566427,0.438806,1.0,0.0627174079418182,30,2026-04-19 13:12:56,33.0,0.14745454545454545,0.32579999999999976,429.06060606060606,30.0,1.0,0.0359011441469192,30,2026-04-19 13:12:54,33.0,0.17206060606060605,0.3975999999999999,430.45454545454544,30.0,2.0,0.0,0.0,3630.5,1.0,0.221,0.221,3528.0
attempt:21:round:4,21,4,2026-04-19 13:13:47,0.983333,0.04618,0.29763,0.30959,0.573693,0.447503,0.9666666388511658,0.0575680956244468,30,2026-04-19 13:13:46,33.0,0.13245454545454546,0.3335999999999998,430.1515151515151,30.0,1.0,0.0347912460565567,30,2026-04-19 13:13:44,34.0,0.1685294117647059,0.32054999999999945,419.3235294117647,31.0,2.0,0.0,0.0,3625.0,1.0,0.216,0.216,3528.0
attempt:21:round:5,21,5,2026-04-19 13:14:43,0.983333,0.037669,0.29947,0.313217,0.578148,0.452793,0.9666666388511658,0.0622387677431106,30,2026-04-19 13:14:43,33.0,0.13918181818181818,0.3051999999999997,430.75757575757575,30.0,1.0,0.0130982985720038,30,2026-04-19 13:14:34,38.0,0.15057894736842106,0.2458499999999998,389.07894736842104,35.0,2.0,0.0,0.0,3636.0,1.0,0.145,0.145,3530.0
attempt:21:round:6,21,6,2026-04-19 13:15:33,0.933333,0.156889,0.295697,0.309219,0.571297,0.450521,0.8666666746139526,0.3050568401813507,30,2026-04-19 13:15:33,33.0,0.1432121212121212,0.3867999999999999,427.4848484848485,30.0,1.0,0.0087221497669816,30,2026-04-19 13:15:24,33.0,0.16366666666666665,0.4083999999999998,429.42424242424244,30.0,2.0,0.0,0.0,3631.5,1.0,0.153,0.153,3527.0
attempt:21:round:7,21,7,2026-04-19 13:16:23,0.966667,0.128763,0.295117,0.309677,0.571741,0.451244,0.9333333373069764,0.2405532896518707,30,2026-04-19 13:16:23,33.0,0.1349090909090909,0.2969999999999997,430.2121212121212,30.0,1.0,0.0169732104986906,30,2026-04-19 13:16:14,33.0,0.2012121212121212,0.5345999999999997,430.6666666666667,30.0,2.0,0.0,0.0,3630.5,1.0,0.16,0.16,3538.0
attempt:21:round:8,21,8,2026-04-19 13:17:13,0.916667,0.205543,0.29536,0.307393,0.572742,0.455506,0.8333333134651184,0.3964940309524536,30,2026-04-19 13:17:13,33.0,0.14945454545454548,0.3834,429.1818181818182,30.0,1.0,0.0145917935296893,30,2026-04-19 13:17:04,33.0,0.19224242424242421,0.5467999999999998,430.3333333333333,30.0,2.0,0.0,0.0,3628.5,1.0,0.171,0.171,3536.0
attempt:21:round:9,21,9,2026-04-19 13:18:04,0.9,0.210123,0.295461,0.304204,0.573027,0.457324,0.800000011920929,0.4031224846839905,30,2026-04-19 13:18:04,33.0,0.14006060606060605,0.35099999999999976,427.54545454545456,30.0,1.0,0.0171228852123022,30,2026-04-19 13:17:54,33.0,0.18978787878787878,0.5503999999999998,430.6060606060606,30.0,2.0,0.0,0.0,3641.0,1.0,0.141,0.141,3537.0
attempt:21:round:10,21,10,2026-04-19 13:18:53,0.95,0.135291,0.295781,0.303503,0.572847,0.463479,0.8999999761581421,0.2586462199687958,30,2026-04-19 13:18:54,33.0,0.1456060606060606,0.48739999999999994,429.24242424242425,30.0,1.0,0.0119362734258174,30,2026-04-19 13:18:44,33.0,0.18960606060606058,0.5363999999999998,430.3030303030303,30.0,2.0,0.0,0.0,3624.0,1.0,0.124,0.124,3532.0
attempt:21:round:11,21,11,2026-04-19 13:19:43,0.95,0.118962,0.296238,0.305152,0.573115,0.469243,0.8999999761581421,0.2222150862216949,30,2026-04-19 13:19:43,33.0,0.15296969696969695,0.3461999999999998,427.969696969697,30.0,1.0,0.0157095901668071,30,2026-04-19 13:19:34,33.0,0.1973939393939394,0.5463999999999999,429.45454545454544,30.0,2.0,0.0,0.0,3626.5,1.0,0.162,0.162,3536.0
attempt:21:round:12,21,12,2026-04-19 13:20:34,0.933333,0.171522,0.297187,0.305702,0.572228,0.473013,0.8666666746139526,0.3325033187866211,30,2026-04-19 13:20:34,33.0,0.13654545454545455,0.4033999999999999,428.2121212121212,30.0,1.0,0.0105416746810078,30,2026-04-19 13:20:24,33.0,0.1603030303030303,0.32239999999999963,429.6363636363636,30.0,2.0,0.0,0.0,3634.0,1.0,0.141,0.141,3515.0
attempt:21:round:13,21,13,2026-04-19 13:21:23,0.916667,0.174665,0.298047,0.305371,0.576824,0.47863,0.8333333134651184,0.3340268731117248,30,2026-04-19 13:21:23,33.0,0.1382727272727273,0.4428,428.42424242424244,30.0,1.0,0.0153023367747664,30,2026-04-19 13:21:14,33.0,0.1710909090909091,0.40299999999999986,430.2121212121212,30.0,2.0,0.0,0.0,3634.5,1.0,0.297,0.297,3528.0
attempt:21:round:14,21,14,2026-04-19 13:22:14,0.916667,0.175611,0.298135,0.306687,0.583338,0.480305,0.8333333134651184,0.3431161940097809,30,2026-04-19 13:22:14,33.0,0.1423333333333333,0.3317999999999999,428.3939393939394,30.0,1.0,0.0081060547381639,30,2026-04-19 13:22:04,33.0,0.19066666666666665,0.5443999999999998,430.8181818181818,30.0,2.0,0.0,0.0,3629.5,1.0,0.211,0.211,3536.0
attempt:21:round:15,21,15,2026-04-19 13:23:03,0.95,0.103702,0.299237,0.308151,0.582754,0.4823,0.8999999761581421,0.1821644157171249,30,2026-04-19 13:23:04,33.0,0.14236363636363636,0.36339999999999995,429.1515151515151,30.0,1.0,0.0252405051141977,30,2026-04-19 13:22:54,33.0,0.19936363636363635,0.5497999999999995,430.6666666666667,30.0,2.0,0.0,0.0,3628.0,1.0,0.21,0.21,3541.0
attempt:21:round:16,21,16,2026-04-19 13:23:54,0.966667,0.075962,0.300582,0.308223,0.582566,0.483782,0.9333333373069764,0.1473800092935562,30,2026-04-19 13:23:54,33.0,0.14384848484848484,0.40579999999999994,428.969696969697,30.0,1.0,0.0045439251698553,30,2026-04-19 13:23:44,33.0,0.19869696969696968,0.5797999999999998,431.2121212121212,30.0,2.0,0.0,0.0,3632.0,1.0,0.217,0.217,3535.0
attempt:21:round:17,21,17,2026-04-19 13:24:44,0.983333,0.04031,0.301121,0.312857,0.586468,0.487088,0.9666666388511658,0.0680808871984481,30,2026-04-19 13:24:44,33.0,0.1488787878787879,0.33319999999999983,431.24242424242425,30.0,1.0,0.0125395897775888,30,2026-04-19 13:24:34,33.0,0.19560606060606062,0.5769999999999996,430.3333333333333,30.0,2.0,0.0,0.0,3625.0,1.0,0.199,0.199,3538.0
attempt:21:round:18,21,18,2026-04-19 13:25:33,0.95,0.131373,0.302148,0.314757,0.588802,0.491346,0.8999999761581421,0.2593547105789184,30,2026-04-19 13:25:33,33.0,0.14645454545454545,0.40979999999999994,429.3030303030303,30.0,1.0,0.0033912153448909,30,2026-04-19 13:25:24,33.0,0.195,0.5023999999999997,430.57575757575756,30.0,2.0,0.0,0.0,3635.5,1.0,0.134,0.134,3528.0
attempt:21:round:19,21,19,2026-04-19 13:26:23,0.966667,0.085369,0.302409,0.313247,0.588255,0.49423,0.9333333373069764,0.164967194199562,30,2026-04-19 13:26:24,33.0,0.13887878787878788,0.3519999999999998,428.90909090909093,30.0,1.0,0.0057713002897799,30,2026-04-19 13:26:14,33.0,0.1937878787878788,0.5115999999999997,429.90909090909093,30.0,2.0,0.0,0.0,3633.5,1.0,0.222,0.222,3531.0
attempt:22:round:1,22,1,2026-04-19 13:34:05,0.75,1.005226,0.286886,0.290345,0.542376,0.411202,0.699999988079071,1.2560105323791504,30,2026-04-19 13:34:04,36.0,0.1351111111111111,0.20750000000000002,309.8888888888889,34.0,0.800000011920929,0.7544409036636353,30,2026-04-19 13:34:05,32.0,0.13884375,0.21689999999999998,333.5,30.0,2.0,0.0,0.0,3643.0,1.0,0.191,0.191,3523.0
attempt:22:round:2,22,2,2026-04-19 13:34:48,0.95,0.224033,0.289857,0.294142,0.555073,0.427503,0.8999999761581421,0.3487505912780761,30,2026-04-19 13:34:48,30.0,0.13673333333333335,0.31454999999999955,461.5,27.0,1.0,0.0993151366710662,30,2026-04-19 13:34:49,33.0,0.1390909090909091,0.2931999999999998,430.030303030303,30.0,2.0,0.0,0.0,3644.5,1.0,0.186,0.186,3532.0
attempt:22:round:3,22,3,2026-04-19 13:35:39,0.966667,0.066936,0.292726,0.304734,0.560006,0.438872,0.9666666388511658,0.0784830227494239,30,2026-04-19 13:35:38,33.0,0.13475757575757577,0.2841999999999998,431.1212121212121,30.0,0.9666666388511658,0.0553883090615272,30,2026-04-19 13:35:39,33.0,0.1499090909090909,0.32759999999999984,431.1515151515151,30.0,2.0,0.0,0.0,3642.0,1.0,0.25,0.25,3542.0
attempt:22:round:4,22,4,2026-04-19 13:36:29,1.0,0.02965,0.295311,0.310625,0.564478,0.449901,1.0,0.0264885760843753,30,2026-04-19 13:36:28,33.0,0.13515151515151513,0.2911999999999998,430.3939393939394,30.0,1.0,0.0328106805682182,30,2026-04-19 13:36:29,33.0,0.1570909090909091,0.3029999999999998,431.6363636363636,30.0,2.0,0.0,0.0,3625.5,1.0,0.151,0.151,3550.0
attempt:22:round:5,22,5,2026-04-19 13:37:26,1.0,0.010939,0.29698,0.314004,0.569889,0.456943,1.0,0.0170036163181066,30,2026-04-19 13:37:26,32.0,0.1440625,0.3016999999999999,440.59375,29.0,1.0,0.0048740194179117,30,2026-04-19 13:37:19,37.0,0.16040540540540543,0.41059999999999985,397.18918918918916,34.0,2.0,0.0,0.0,3631.5,1.0,0.21,0.21,3530.0
attempt:22:round:6,22,6,2026-04-19 13:38:16,0.9,0.316661,0.293245,0.309117,0.560726,0.454066,0.800000011920929,0.6268162131309509,30,2026-04-19 13:38:16,33.0,0.13936363636363636,0.32679999999999976,426.7878787878788,30.0,1.0,0.0065066427923738,30,2026-04-19 13:38:09,33.0,0.1916969696969697,0.4816,430.45454545454544,30.0,2.0,0.0,0.0,3637.0,1.0,0.189,0.189,3535.0
attempt:22:round:7,22,7,2026-04-19 13:39:06,0.9,0.18663,0.291457,0.307119,0.553232,0.45348,0.800000011920929,0.3566279709339142,30,2026-04-19 13:39:06,33.0,0.14215151515151514,0.29939999999999967,429.24242424242425,30.0,1.0,0.0166315026581287,30,2026-04-19 13:38:59,33.0,0.17763636363636365,0.5445999999999996,430.45454545454544,30.0,2.0,0.0,0.0,3641.0,1.0,0.211,0.211,3533.0
attempt:22:round:8,22,8,2026-04-19 13:39:56,0.95,0.101156,0.291658,0.306814,0.547017,0.456493,0.8999999761581421,0.1874557137489318,30,2026-04-19 13:39:56,33.0,0.14893939393939393,0.31579999999999975,426.969696969697,30.0,1.0,0.0148557443171739,30,2026-04-19 13:39:49,33.0,0.1716969696969697,0.3385999999999997,431.24242424242425,30.0,2.0,0.0,0.0,3644.5,1.0,0.186,0.186,3531.0
attempt:22:round:9,22,9,2026-04-19 13:40:46,0.916667,0.243437,0.291124,0.304328,0.54722,0.459718,0.8333333134651184,0.4764494001865387,30,2026-04-19 13:40:46,33.0,0.13733333333333334,0.34439999999999976,427.54545454545456,30.0,1.0,0.0104237748309969,30,2026-04-19 13:40:39,33.0,0.15427272727272728,0.4249999999999998,430.6666666666667,30.0,2.0,0.0,0.0,3640.0,1.0,0.199,0.199,3541.0
attempt:22:round:10,22,10,2026-04-19 13:41:36,0.9,0.235318,0.28963,0.29444,0.552832,0.457735,0.800000011920929,0.4576546549797058,30,2026-04-19 13:41:36,33.0,0.1433030303030303,0.3269999999999998,428.6060606060606,30.0,1.0,0.0129810506477952,30,2026-04-19 13:41:29,33.0,0.1892121212121212,0.5337999999999998,430.90909090909093,30.0,2.0,0.0,0.0,3632.0,1.0,0.182,0.182,3531.0
attempt:22:round:11,22,11,2026-04-19 13:42:26,0.983333,0.081606,0.289303,0.291512,0.547448,0.45993,0.9666666388511658,0.1506277024745941,30,2026-04-19 13:42:26,33.0,0.14384848484848484,0.33419999999999983,429.3333333333333,30.0,1.0,0.0125846620649099,30,2026-04-19 13:42:19,33.0,0.19745454545454547,0.5583999999999998,430.3939393939394,30.0,2.0,0.0,0.0,3647.0,1.0,0.226,0.226,3544.0
attempt:22:round:12,22,12,2026-04-19 13:43:16,0.966667,0.101737,0.289947,0.296091,0.547735,0.460946,0.9333333373069764,0.1805893331766128,30,2026-04-19 13:43:16,33.0,0.1393939393939394,0.3247999999999997,431.6363636363636,30.0,1.0,0.0228837132453918,30,2026-04-19 13:43:09,33.0,0.18830303030303028,0.5425999999999997,430.3030303030303,30.0,2.0,0.0,0.0,3636.5,1.0,0.189,0.189,3543.0
attempt:22:round:13,22,13,2026-04-19 13:44:06,0.95,0.099598,0.291185,0.299349,0.552176,0.463972,0.8999999761581421,0.1801646798849105,30,2026-04-19 13:44:06,33.0,0.14739393939393938,0.2995999999999997,429.54545454545456,30.0,1.0,0.0190306603908538,30,2026-04-19 13:43:59,33.0,0.1903030303030303,0.5259999999999998,430.3333333333333,30.0,2.0,0.0,0.0,3643.0,1.0,0.165,0.165,3537.0
attempt:22:round:14,22,14,2026-04-19 13:44:56,0.983333,0.050393,0.291813,0.301965,0.554363,0.467181,0.9666666388511658,0.0941019058227539,30,2026-04-19 13:44:56,33.0,0.1421212121212121,0.3806,429.6060606060606,30.0,1.0,0.0066832215525209,30,2026-04-19 13:44:49,33.0,0.18539393939393942,0.5169999999999998,431.0,30.0,2.0,0.0,0.0,3642.5,1.0,0.191,0.191,3536.0
attempt:22:round:15,22,15,2026-04-19 13:45:46,0.966667,0.22706,0.292088,0.303379,0.553732,0.472268,0.9333333373069764,0.4471438825130462,30,2026-04-19 13:45:46,33.0,0.13836363636363636,0.3441999999999998,429.3333333333333,30.0,1.0,0.0069762361235916,30,2026-04-19 13:45:39,33.0,0.19339393939393942,0.5043999999999997,430.6363636363636,30.0,2.0,0.0,0.0,3637.0,1.0,0.189,0.189,3527.0
attempt:22:round:16,22,16,2026-04-19 13:46:36,0.983333,0.042377,0.292798,0.304614,0.552187,0.476154,1.0,0.0459797531366348,30,2026-04-19 13:46:36,33.0,0.14312121212121215,0.3465999999999998,428.93939393939394,30.0,0.9666666388511658,0.038774412125349,30,2026-04-19 13:46:29,33.0,0.18645454545454546,0.4945999999999997,430.3333333333333,30.0,2.0,0.0,0.0,3633.0,1.0,0.198,0.198,3543.0
attempt:22:round:17,22,17,2026-04-19 13:47:26,0.983333,0.044888,0.293663,0.309174,0.552931,0.478674,0.9666666388511658,0.0877711772918701,30,2026-04-19 13:47:26,33.0,0.13539393939393943,0.30159999999999976,428.42424242424244,30.0,1.0,0.0020053451880812,30,2026-04-19 13:47:19,33.0,0.19330303030303028,0.5531999999999997,430.57575757575756,30.0,2.0,0.0,0.0,3640.0,1.0,0.227,0.227,3536.0
attempt:22:round:18,22,18,2026-04-19 13:48:16,0.983333,0.034245,0.294373,0.312901,0.553057,0.481314,0.9666666388511658,0.0652475506067276,30,2026-04-19 13:48:16,33.0,0.15266666666666667,0.2915999999999998,429.6060606060606,30.0,1.0,0.0032420991919934,30,2026-04-19 13:48:09,33.0,0.1923939393939394,0.5361999999999996,431.06060606060606,30.0,2.0,0.0,0.0,3636.0,1.0,0.199,0.199,3548.0
attempt:22:round:19,22,19,2026-04-19 13:49:06,0.95,0.096926,0.295031,0.316427,0.553512,0.483779,0.8999999761581421,0.1910848468542099,30,2026-04-19 13:49:06,33.0,0.145030303030303,0.31479999999999986,429.90909090909093,30.0,1.0,0.0027672813739627,30,2026-04-19 13:48:59,33.0,0.1967878787878788,0.5031999999999996,430.8484848484849,30.0,2.0,0.0,0.0,3640.0,1.0,0.156,0.156,3537.0
attempt:22:round:20,22,20,2026-04-19 13:49:56,0.966667,0.143433,0.29498,0.318243,0.552948,0.485647,0.9333333373069764,0.2798338830471039,30,2026-04-19 13:49:56,33.0,0.14018181818181819,0.3891999999999999,429.90909090909093,30.0,1.0,0.0070331026799976,30,2026-04-19 13:49:49,33.0,0.16433333333333333,0.3053999999999997,429.8181818181818,30.0,2.0,0.0,0.0,3633.0,1.0,0.18,0.18,3542.0
attempt:23:round:1,23,1,2026-04-19 13:54:29,0.716667,0.840336,0.287869,0.292639,0.540778,0.409283,0.800000011920929,0.7078773379325867,30,2026-04-19 13:54:27,37.0,0.1369189189189189,0.20719999999999994,304.43243243243245,35.0,0.6333333253860474,0.9727938175201416,30,2026-04-19 13:54:29,32.0,0.1531875,0.2831499999999998,333.375,30.0,2.0,0.0,0.0,3645.0,1.0,0.219,0.219,3534.0
attempt:23:round:2,23,2,2026-04-19 13:55:13,0.966667,0.203209,0.291811,0.298616,0.555708,0.421807,0.9333333373069764,0.2913655936717987,30,2026-04-19 13:55:11,29.0,0.13658620689655174,0.3329999999999996,474.44827586206895,26.0,1.0,0.1150530949234962,30,2026-04-19 13:55:13,33.0,0.11793939393939394,0.34739999999999976,429.7878787878788,30.0,2.0,0.0,0.0,3627.0,1.0,0.217,0.217,3531.0
attempt:23:round:3,23,3,2026-04-19 13:56:03,0.966667,0.075572,0.294385,0.307027,0.565101,0.432374,1.0,0.0401299707591533,30,2026-04-19 13:56:01,33.0,0.13618181818181818,0.2823999999999998,430.1818181818182,30.0,0.9333333373069764,0.111013226211071,30,2026-04-19 13:56:03,33.0,0.1467272727272727,0.3343999999999998,431.27272727272725,30.0,2.0,0.0,0.0,3638.5,1.0,0.218,0.218,3529.0
attempt:23:round:4,23,4,2026-04-19 13:56:53,1.0,0.022283,0.29646,0.312253,0.571353,0.440458,1.0,0.0148497819900512,30,2026-04-19 13:56:51,33.0,0.1311212121212121,0.2879999999999998,430.1515151515151,30.0,1.0,0.0297171752899885,30,2026-04-19 13:56:53,33.0,0.14215151515151514,0.32099999999999973,429.93939393939394,30.0,2.0,0.0,0.0,3625.5,1.0,0.215,0.215,3527.0
attempt:23:round:5,23,5,2026-04-19 13:57:46,1.0,0.021956,0.297961,0.315889,0.575261,0.445444,1.0,0.0102691603824496,30,2026-04-19 13:57:46,32.0,0.152625,0.35569999999999996,440.78125,29.0,1.0,0.0336423590779304,30,2026-04-19 13:57:44,34.0,0.14726470588235294,0.31314999999999976,419.8235294117647,31.0,2.0,0.0,0.0,3620.5,1.0,0.218,0.218,3527.0
attempt:23:round:6,23,6,2026-04-19 13:58:44,0.85,0.487459,0.292487,0.309369,0.557007,0.441804,0.8666666746139526,0.4268727898597717,30,2026-04-19 13:58:41,35.0,0.13588571428571428,0.28259999999999946,414.0,32.0,0.8333333134651184,0.5480448007583618,30,2026-04-19 13:58:44,32.0,0.15596875,0.3474,437.75,29.0,2.0,0.0,0.0,3640.0,1.0,0.226,0.226,3547.0
attempt:23:round:7,23,7,2026-04-19 13:59:33,0.883333,0.306897,0.291372,0.300433,0.55966,0.438256,0.8333333134651184,0.381626546382904,30,2026-04-19 13:59:31,33.0,0.13615151515151513,0.29339999999999977,427.5151515151515,30.0,0.9333333373069764,0.2321667373180389,30,2026-04-19 13:59:34,33.0,0.15821212121212122,0.40019999999999994,431.57575757575756,30.0,2.0,0.0,0.0,3641.5,1.0,0.527,0.527,3525.0
attempt:23:round:8,23,8,2026-04-19 14:00:24,0.8,0.375538,0.29064,0.299176,0.558792,0.439888,0.8666666746139526,0.224835067987442,30,2026-04-19 14:00:21,33.0,0.13281818181818184,0.29279999999999984,429.45454545454544,30.0,0.7333333492279053,0.5262418389320374,30,2026-04-19 14:00:24,33.0,0.14084848484848486,0.2935999999999998,427.6060606060606,30.0,2.0,0.0,0.0,3644.0,1.0,0.228,0.228,3536.0
attempt:23:round:9,23,9,2026-04-19 14:01:13,0.866667,0.411124,0.289868,0.299009,0.554937,0.446022,0.8666666746139526,0.3213416337966919,30,2026-04-19 14:01:12,33.0,0.14487878787878788,0.30279999999999974,430.1212121212121,30.0,0.8666666746139526,0.5009065866470337,30,2026-04-19 14:01:14,33.0,0.15996969696969698,0.36839999999999995,429.3636363636364,30.0,2.0,0.0,0.0,3642.0,1.0,0.182,0.182,3541.0
attempt:23:round:10,23,10,2026-04-19 14:02:04,0.933333,0.153819,0.290436,0.297659,0.555783,0.448337,0.8666666746139526,0.2817403972148895,30,2026-04-19 14:02:01,33.0,0.13257575757575757,0.3005999999999998,430.54545454545456,30.0,1.0,0.0258976463228464,30,2026-04-19 14:02:04,33.0,0.1451818181818182,0.3606,430.6969696969697,30.0,2.0,0.0,0.0,3637.5,1.0,0.161,0.161,3532.0
attempt:23:round:11,23,11,2026-04-19 14:02:53,0.883333,0.347834,0.289327,0.294993,0.554355,0.451088,0.800000011920929,0.4518390893936157,30,2026-04-19 14:02:51,33.0,0.1330909090909091,0.2845999999999998,429.09090909090907,30.0,0.9666666388511658,0.2438282668590545,30,2026-04-19 14:02:54,33.0,0.16054545454545455,0.3775999999999998,430.57575757575756,30.0,2.0,0.0,0.0,3645.0,1.0,0.2,0.2,3545.0
attempt:23:round:12,23,12,2026-04-19 14:03:43,0.866667,0.346199,0.28885,0.286754,0.552902,0.453608,0.8333333134651184,0.4077516496181488,30,2026-04-19 14:03:41,33.0,0.1302121212121212,0.4093999999999999,428.4848484848485,30.0,0.8999999761581421,0.2846473157405853,30,2026-04-19 14:03:44,33.0,0.1492121212121212,0.3637999999999996,429.4848484848485,30.0,2.0,0.0,0.0,3655.5,1.0,0.186,0.186,3549.0
attempt:23:round:13,23,13,2026-04-19 14:04:33,0.95,0.13947,0.289555,0.285539,0.552999,0.458964,0.9333333373069764,0.1836867034435272,30,2026-04-19 14:04:31,33.0,0.1610909090909091,0.33779999999999966,429.1515151515151,30.0,0.9666666388511658,0.0952528417110443,30,2026-04-19 14:04:34,33.0,0.14678787878787877,0.28579999999999983,431.06060606060606,30.0,2.0,0.0,0.0,3647.5,1.0,0.206,0.206,3546.0
attempt:23:round:14,23,14,2026-04-19 14:05:24,0.883333,0.253499,0.28863,0.282746,0.546178,0.466244,0.800000011920929,0.325295627117157,30,2026-04-19 14:05:21,33.0,0.13321212121212123,0.2937999999999998,429.6969696969697,30.0,0.9666666388511658,0.1817016899585724,30,2026-04-19 14:05:24,33.0,0.14033333333333334,0.2807999999999998,427.8787878787879,30.0,2.0,0.0,0.0,3638.5,1.0,0.227,0.227,3526.0
attempt:23:round:15,23,15,2026-04-19 14:06:13,0.933333,0.20144,0.288238,0.280998,0.54411,0.468214,0.9333333373069764,0.2246944010257721,30,2026-04-19 14:06:11,33.0,0.14057575757575758,0.2865999999999998,427.6969696969697,30.0,0.9333333373069764,0.1781853139400482,30,2026-04-19 14:06:14,33.0,0.1421818181818182,0.2875999999999998,427.06060606060606,30.0,2.0,0.0,0.0,3644.0,1.0,0.301,0.301,3538.0
attempt:23:round:16,23,16,2026-04-19 14:07:03,0.966667,0.107573,0.289188,0.286861,0.546073,0.468812,1.0,0.0793313682079315,30,2026-04-19 14:07:01,33.0,0.13903030303030303,0.2869999999999998,430.2121212121212,30.0,0.9333333373069764,0.1358145773410797,30,2026-04-19 14:07:04,33.0,0.1529090909090909,0.3397999999999999,430.90909090909093,30.0,2.0,0.0,0.0,3642.5,1.0,0.147,0.147,3538.0
attempt:23:round:17,23,17,2026-04-19 14:07:53,0.933333,0.213996,0.290381,0.291667,0.548828,0.470264,0.9333333373069764,0.2135457694530487,30,2026-04-19 14:07:51,33.0,0.1533636363636364,0.29159999999999986,429.8181818181818,30.0,0.9333333373069764,0.2144467234611511,30,2026-04-19 14:07:54,33.0,0.14848484848484847,0.2793999999999998,427.1515151515151,30.0,2.0,0.0,0.0,3646.0,1.0,0.187,0.187,3529.0
attempt:23:round:18,23,18,2026-04-19 14:08:44,0.95,0.138982,0.289507,0.290047,0.547794,0.47365,0.9333333373069764,0.2137631773948669,30,2026-04-19 14:08:41,33.0,0.15272727272727274,0.2899999999999998,428.6666666666667,30.0,0.9666666388511658,0.0642016306519508,30,2026-04-19 14:08:44,33.0,0.1499090909090909,0.31939999999999985,430.42424242424244,30.0,2.0,0.0,0.0,3645.5,1.0,0.226,0.226,3533.0
attempt:23:round:19,23,19,2026-04-19 14:09:34,0.916667,0.237698,0.289113,0.283615,0.552199,0.476416,0.8999999761581421,0.2557724118232727,30,2026-04-19 14:09:31,33.0,0.14339393939393943,0.30159999999999987,429.3030303030303,30.0,0.9333333373069764,0.2196238338947296,30,2026-04-19 14:09:34,33.0,0.14796969696969697,0.32719999999999977,426.24242424242425,30.0,2.0,0.0,0.0,3649.5,1.0,0.166,0.166,3542.0
attempt:23:round:20,23,20,2026-04-19 14:10:24,0.883333,0.269965,0.289481,0.283069,0.555615,0.478073,0.9333333373069764,0.2577736973762512,30,2026-04-19 14:10:21,33.0,0.13745454545454547,0.3081999999999998,428.5151515151515,30.0,0.8333333134651184,0.2821564972400665,30,2026-04-19 14:10:24,33.0,0.12599999999999997,0.33499999999999963,429.5151515151515,30.0,2.0,0.0,0.0,3640.0,1.0,0.187,0.187,3540.0
attempt:24:round:1,24,1,2026-04-19 14:41:35,0.716667,0.856503,0.287108,0.291615,0.541633,0.412225,0.6333333253860474,1.15012788772583,30,2026-04-19 14:41:34,35.0,0.12657142857142856,0.2176999999999999,314.45714285714286,33.0,0.800000011920929,0.5628789663314819,30,2026-04-19 14:41:35,32.0,0.1508125,0.21504999999999996,333.96875,30.0,2.0,0.0,0.0,3636.5,1.0,0.225,0.225,3534.0
attempt:24:round:2,24,2,2026-04-19 14:42:19,0.966667,0.189836,0.290418,0.299121,0.555959,0.430614,0.9666666388511658,0.1822887063026428,30,2026-04-19 14:42:18,30.0,0.1401,0.3579499999999998,462.93333333333334,27.0,0.9666666388511658,0.1973840594291687,30,2026-04-19 14:42:19,33.0,0.15718181818181817,0.32579999999999976,431.6666666666667,30.0,2.0,0.0,0.0,3642.5,1.0,0.223,0.223,3547.0
attempt:24:round:3,24,3,2026-04-19 14:43:08,1.0,0.02682,0.293482,0.308311,0.563706,0.44085,1.0,0.0223960671573877,30,2026-04-19 14:43:08,33.0,0.13599999999999998,0.32679999999999976,430.1212121212121,30.0,1.0,0.0312442053109407,30,2026-04-19 14:43:08,34.0,0.1443235294117647,0.28329999999999966,422.2647058823529,31.0,2.0,0.0,0.0,3625.0,1.0,0.184,0.184,3531.0
attempt:24:round:4,24,4,2026-04-19 14:43:59,1.0,0.029572,0.296157,0.31272,0.570196,0.448355,1.0,0.0217778924852609,30,2026-04-19 14:43:59,33.0,0.1429090909090909,0.35699999999999993,430.8787878787879,30.0,1.0,0.0373653396964073,30,2026-04-19 14:43:59,33.0,0.16930303030303032,0.2813999999999998,430.8787878787879,30.0,2.0,0.0,0.0,3627.0,1.0,0.221,0.221,3538.0
attempt:24:round:5,24,5,2026-04-19 14:44:56,1.0,0.014622,0.298501,0.317822,0.575321,0.454274,1.0,0.0120640946552157,30,2026-04-19 14:44:56,33.0,0.13221212121212123,0.32459999999999983,429.1212121212121,30.0,1.0,0.0171797163784503,30,2026-04-19 14:44:49,34.0,0.15873529411764706,0.38799999999999985,421.5882352941176,31.0,2.0,0.0,0.0,3629.0,1.0,0.235,0.235,3525.0
attempt:24:round:6,24,6,2026-04-19 14:45:48,0.816667,0.478735,0.292232,0.305383,0.55675,0.450419,0.7666666507720947,0.5098368525505066,30,2026-04-19 14:45:48,34.0,0.1458529411764706,0.30149999999999966,421.97058823529414,31.0,0.8666666746139526,0.4476335346698761,30,2026-04-19 14:45:49,31.0,0.18190322580645163,0.3445,449.19354838709677,28.0,2.0,0.0,0.0,3639.5,1.0,0.229,0.229,3550.0
attempt:24:round:7,24,7,2026-04-19 14:46:38,0.783333,0.589437,0.288534,0.298216,0.547372,0.444281,0.800000011920929,0.5192925333976746,30,2026-04-19 14:46:38,33.0,0.15090909090909088,0.2727999999999998,427.42424242424244,30.0,0.7666666507720947,0.659580647945404,30,2026-04-19 14:46:39,33.0,0.1348787878787879,0.28539999999999976,428.3333333333333,30.0,2.0,0.0,0.0,3644.5,1.0,0.18,0.18,3540.0
attempt:24:round:8,24,8,2026-04-19 14:47:29,0.833333,0.308173,0.287566,0.292691,0.542754,0.448207,0.8666666746139526,0.2914336919784546,30,2026-04-19 14:47:28,33.0,0.14375757575757578,0.28859999999999986,428.0,30.0,0.800000011920929,0.3249115645885467,30,2026-04-19 14:47:29,33.0,0.15027272727272725,0.2995999999999998,429.54545454545456,30.0,2.0,0.0,0.0,3628.5,1.0,0.196,0.196,3534.0
attempt:24:round:9,24,9,2026-04-19 14:48:18,0.783333,0.608375,0.288044,0.286011,0.542389,0.450856,0.8333333134651184,0.5904117822647095,30,2026-04-19 14:48:18,33.0,0.14645454545454545,0.32179999999999986,428.969696969697,30.0,0.7333333492279053,0.6263372302055359,30,2026-04-19 14:48:19,33.0,0.17245454545454544,0.3439999999999999,427.8787878787879,30.0,2.0,0.0,0.0,3642.0,1.0,0.209,0.209,3539.0
attempt:24:round:10,24,10,2026-04-19 14:49:08,0.866667,0.417698,0.287123,0.285487,0.532691,0.447592,0.8333333134651184,0.5953788161277771,30,2026-04-19 14:49:08,33.0,0.1443939393939394,0.2749999999999998,429.42424242424244,30.0,0.8999999761581421,0.2400174587965011,30,2026-04-19 14:49:09,33.0,0.15084848484848487,0.2995999999999997,429.7878787878788,30.0,2.0,0.0,0.0,3646.0,1.0,0.194,0.194,3530.0
attempt:24:round:11,24,11,2026-04-19 14:49:58,0.9,0.334489,0.287732,0.286947,0.52578,0.451695,0.9333333373069764,0.2504157721996307,30,2026-04-19 14:49:58,33.0,0.14933333333333335,0.2945999999999998,430.3030303030303,30.0,0.8666666746139526,0.4185631573200226,30,2026-04-19 14:49:59,33.0,0.1559090909090909,0.32139999999999985,428.3030303030303,30.0,2.0,0.0,0.0,3653.5,1.0,0.183,0.183,3525.0
attempt:24:round:12,24,12,2026-04-19 14:50:48,0.9,0.314113,0.289297,0.289874,0.527764,0.454847,0.8333333134651184,0.3711792230606079,30,2026-04-19 14:50:48,33.0,0.14836363636363636,0.33759999999999996,429.54545454545456,30.0,0.9666666388511658,0.2570469081401825,30,2026-04-19 14:50:49,33.0,0.15272727272727274,0.3241999999999998,429.57575757575756,30.0,2.0,0.0,0.0,3645.5,1.0,0.249,0.249,3544.0
attempt:24:round:13,24,13,2026-04-19 14:51:38,0.916667,0.194686,0.290465,0.290374,0.530524,0.458524,0.8666666746139526,0.2221872508525848,30,2026-04-19 14:51:38,33.0,0.1464848484848485,0.2747999999999998,429.42424242424244,30.0,0.9666666388511658,0.1671838164329528,30,2026-04-19 14:51:39,33.0,0.15254545454545457,0.29179999999999984,430.27272727272725,30.0,2.0,0.0,0.0,3643.5,1.0,0.231,0.231,3533.0
attempt:24:round:14,24,14,2026-04-19 14:52:28,0.916667,0.192636,0.29054,0.292615,0.532693,0.460128,0.9333333373069764,0.1781502813100814,30,2026-04-19 14:52:28,33.0,0.1467272727272727,0.2801999999999998,430.93939393939394,30.0,0.8999999761581421,0.2071214318275451,30,2026-04-19 14:52:29,33.0,0.15233333333333338,0.2929999999999998,431.030303030303,30.0,2.0,0.0,0.0,3645.0,1.0,0.217,0.217,3542.0
attempt:24:round:15,24,15,2026-04-19 14:53:18,0.916667,0.265742,0.291246,0.290094,0.53773,0.459408,0.8999999761581421,0.2314780801534652,30,2026-04-19 14:53:18,33.0,0.14024242424242422,0.2679999999999998,429.3030303030303,30.0,0.9333333373069764,0.3000061810016632,30,2026-04-19 14:53:19,33.0,0.157969696969697,0.3123999999999999,428.93939393939394,30.0,2.0,0.0,0.0,3635.0,1.0,0.139,0.139,3535.0
attempt:24:round:16,24,16,2026-04-19 14:54:08,0.933333,0.150242,0.291863,0.290392,0.540304,0.462907,0.9333333373069764,0.1620149612426757,30,2026-04-19 14:54:08,33.0,0.1434848484848485,0.27939999999999976,427.75757575757575,30.0,0.9333333373069764,0.138468712568283,30,2026-04-19 14:54:09,33.0,0.16121212121212122,0.2843999999999998,428.3333333333333,30.0,2.0,0.0,0.0,3643.0,1.0,0.237,0.237,3529.0
attempt:24:round:17,24,17,2026-04-19 14:54:58,0.9,0.251611,0.290863,0.288357,0.537454,0.462973,0.8666666746139526,0.2937044203281402,30,2026-04-19 14:54:58,33.0,0.13942424242424242,0.2937999999999998,429.27272727272725,30.0,0.9333333373069764,0.2095184475183487,30,2026-04-19 14:54:59,33.0,0.14612121212121215,0.29459999999999986,427.3030303030303,30.0,2.0,0.0,0.0,3637.0,1.0,0.214,0.214,3541.0
attempt:24:round:18,24,18,2026-04-19 14:55:48,0.866667,0.24055,0.290973,0.286312,0.540164,0.459671,0.8999999761581421,0.1409457623958587,30,2026-04-19 14:55:48,33.0,0.13033333333333336,0.2769999999999998,430.4848484848485,30.0,0.8333333134651184,0.3401537537574768,30,2026-04-19 14:55:48,33.0,0.15481818181818183,0.3089999999999999,430.1818181818182,30.0,2.0,0.0,0.0,3629.5,1.0,0.238,0.238,3547.0
attempt:24:round:19,24,19,2026-04-19 14:56:38,0.983333,0.120888,0.292515,0.283444,0.547137,0.462126,1.0,0.0631435811519622,30,2026-04-19 14:56:38,33.0,0.15406060606060606,0.3123999999999999,426.3636363636364,30.0,0.9666666388511658,0.1786330342292785,30,2026-04-19 14:56:39,33.0,0.15,0.2927999999999998,429.1515151515151,30.0,2.0,0.0,0.0,3630.0,1.0,0.189,0.189,3527.0
attempt:24:round:20,24,20,2026-04-19 14:57:28,0.933333,0.140267,0.292335,0.281311,0.547073,0.461916,0.9333333373069764,0.1463551968336105,30,2026-04-19 14:57:28,33.0,0.14951515151515155,0.27939999999999976,428.3333333333333,30.0,0.9333333373069764,0.134178802371025,30,2026-04-19 14:57:29,33.0,0.15487878787878787,0.2829999999999998,428.72727272727275,30.0,2.0,0.0,0.0,3652.0,1.0,0.137,0.137,3538.0
attempt:25:round:1,25,1,2026-04-19 15:00:42,0.75,1.084497,0.286758,0.29374,0.535008,0.403914,0.7333333492279053,0.975787341594696,30,2026-04-19 15:00:42,32.0,0.14390625,0.21095,333.75,30.0,0.7666666507720947,1.193205714225769,30,2026-04-19 15:00:41,35.0,0.12591428571428573,0.20989999999999995,314.0571428571429,33.0,2.0,0.0,0.0,3634.0,1.0,0.221,0.221,3532.0
attempt:25:round:2,25,2,2026-04-19 15:01:26,0.95,0.206875,0.287766,0.297325,0.540988,0.417531,0.9666666388511658,0.1730548739433288,30,2026-04-19 15:01:26,33.0,0.13833333333333334,0.36139999999999994,430.3333333333333,30.0,0.9333333373069764,0.2406945526599884,30,2026-04-19 15:01:25,30.0,0.15613333333333337,0.3081499999999996,460.7,27.0,2.0,0.0,0.0,3631.5,1.0,0.202,0.202,3528.0
attempt:25:round:3,25,3,2026-04-19 15:02:16,0.9,0.293747,0.288104,0.302496,0.549025,0.430663,1.0,0.0504861362278461,30,2026-04-19 15:02:16,33.0,0.14842424242424243,0.3409999999999998,430.1515151515151,30.0,0.800000011920929,0.5370087027549744,30,2026-04-19 15:02:15,33.0,0.15745454545454546,0.3059999999999998,428.1212121212121,30.0,2.0,0.0,0.0,3621.0,1.0,0.217,0.217,3537.0
attempt:25:round:4,25,4,2026-04-19 15:03:06,0.916667,0.274053,0.288233,0.304089,0.546728,0.437455,1.0,0.0209656991064548,30,2026-04-19 15:03:06,33.0,0.14421212121212124,0.3387999999999998,430.1212121212121,30.0,0.8333333134651184,0.5271407961845398,30,2026-04-19 15:03:05,33.0,0.15763636363636363,0.30359999999999976,429.8787878787879,30.0,2.0,0.0,0.0,3627.5,1.0,0.216,0.216,3545.0
attempt:25:round:5,25,5,2026-04-19 15:04:06,0.966667,0.096826,0.288942,0.303892,0.54302,0.445324,1.0,0.0183517280966043,30,2026-04-19 15:04:06,33.0,0.14681818181818185,0.3666,431.3939393939394,30.0,0.9333333373069764,0.1752997040748596,30,2026-04-19 15:04:04,33.0,0.15015151515151515,0.2997999999999998,431.45454545454544,30.0,2.0,0.0,0.0,3648.5,1.0,0.221,0.221,3533.0
attempt:25:round:6,25,6,2026-04-19 15:04:58,0.816667,0.643055,0.285789,0.297854,0.531784,0.440359,0.7666666507720947,0.7736600637435913,30,2026-04-19 15:04:56,35.0,0.1523142857142857,0.42639999999999995,408.7142857142857,32.0,0.8666666746139526,0.5124499201774597,30,2026-04-19 15:04:59,33.0,0.1533030303030303,0.30119999999999986,428.93939393939394,30.0,2.0,0.0,0.0,3646.0,1.0,0.213,0.213,3541.0
attempt:25:round:7,25,7,2026-04-19 15:05:49,0.833333,0.41382,0.283889,0.289231,0.520884,0.43624,0.800000011920929,0.4267142415046692,30,2026-04-19 15:05:46,33.0,0.18836363636363637,0.5631999999999988,428.45454545454544,30.0,0.8666666746139526,0.4009258151054382,30,2026-04-19 15:05:49,33.0,0.15248484848484847,0.3185999999999999,427.030303030303,30.0,2.0,0.0,0.0,3642.5,1.0,0.195,0.195,3541.0
attempt:25:round:8,25,8,2026-04-19 15:06:39,0.9,0.222458,0.283582,0.28574,0.523541,0.436373,0.800000011920929,0.3926900327205658,30,2026-04-19 15:06:36,33.0,0.14630303030303032,0.28339999999999976,428.1818181818182,30.0,1.0,0.0522254556417465,30,2026-04-19 15:06:39,33.0,0.15887878787878787,0.3021999999999997,429.09090909090907,30.0,2.0,0.0,0.0,3640.0,1.0,0.225,0.225,3534.0
attempt:25:round:9,25,9,2026-04-19 15:07:28,0.9,0.267256,0.284183,0.287229,0.527019,0.440889,0.8666666746139526,0.3813057541847229,30,2026-04-19 15:07:26,33.0,0.14842424242424243,0.2897999999999998,429.72727272727275,30.0,0.9333333373069764,0.1532062739133834,30,2026-04-19 15:07:29,33.0,0.1582121212121212,0.32059999999999983,427.4848484848485,30.0,2.0,0.0,0.0,3637.5,1.0,0.188,0.188,3547.0
attempt:25:round:10,25,10,2026-04-19 15:08:19,0.916667,0.236006,0.284632,0.288028,0.522898,0.445943,0.8666666746139526,0.3094301223754883,30,2026-04-19 15:08:16,33.0,0.14621212121212118,0.2869999999999998,430.030303030303,30.0,0.9666666388511658,0.1625823974609375,30,2026-04-19 15:08:19,33.0,0.16663636363636367,0.2989999999999998,430.09090909090907,30.0,2.0,0.0,0.0,3639.0,1.0,0.25,0.25,3547.0
attempt:25:round:11,25,11,2026-04-19 15:09:08,0.9,0.226532,0.28556,0.29099,0.524288,0.448841,0.9333333373069764,0.1828640252351761,30,2026-04-19 15:09:06,33.0,0.14551515151515154,0.2789999999999998,432.1212121212121,30.0,0.8666666746139526,0.2701997756958008,30,2026-04-19 15:09:09,33.0,0.16151515151515153,0.32079999999999986,427.8787878787879,30.0,2.0,0.0,0.0,3648.5,1.0,0.174,0.174,3536.0
attempt:25:round:12,25,12,2026-04-19 15:09:58,0.916667,0.201756,0.285924,0.291743,0.525959,0.451149,1.0,0.047096949070692,30,2026-04-19 15:09:56,33.0,0.12609090909090911,0.28039999999999976,430.57575757575756,30.0,0.8333333134651184,0.3564142882823944,30,2026-04-19 15:09:59,33.0,0.16524242424242425,0.34539999999999976,425.90909090909093,30.0,2.0,0.0,0.0,3635.5,1.0,0.22,0.22,3530.0
attempt:25:round:13,25,13,2026-04-19 15:10:48,0.916667,0.172466,0.286147,0.288711,0.527769,0.452179,0.9333333373069764,0.1436296105384826,30,2026-04-19 15:10:46,33.0,0.16718181818181818,0.39039999999999986,428.3030303030303,30.0,0.8999999761581421,0.201302021741867,30,2026-04-19 15:10:49,33.0,0.15184848484848484,0.3351999999999997,429.6060606060606,30.0,2.0,0.0,0.0,3656.5,1.0,0.221,0.221,3537.0
attempt:25:round:14,25,14,2026-04-19 15:11:39,0.983333,0.083719,0.286983,0.290886,0.529702,0.457431,0.9666666388511658,0.0815481692552566,30,2026-04-19 15:11:36,33.0,0.14193939393939395,0.30839999999999984,431.3333333333333,30.0,1.0,0.0858900547027587,30,2026-04-19 15:11:39,33.0,0.17136363636363638,0.30399999999999977,426.8181818181818,30.0,2.0,0.0,0.0,3640.0,1.0,0.175,0.175,3539.0
attempt:25:round:15,25,15,2026-04-19 15:12:28,0.966667,0.141113,0.28685,0.288862,0.530332,0.460599,0.9333333373069764,0.172523945569992,30,2026-04-19 15:12:26,33.0,0.1477272727272727,0.2877999999999998,430.7878787878788,30.0,1.0,0.1097019389271736,30,2026-04-19 15:12:28,33.0,0.15633333333333335,0.3221999999999999,429.90909090909093,30.0,2.0,0.0,0.0,3635.0,1.0,0.126,0.126,3550.0
attempt:25:round:16,25,16,2026-04-19 15:13:19,0.916667,0.177279,0.286838,0.289633,0.529973,0.463192,0.9333333373069764,0.1767325550317764,30,2026-04-19 15:13:16,33.0,0.14827272727272728,0.3027999999999998,430.27272727272725,30.0,0.8999999761581421,0.1778247505426406,30,2026-04-19 15:13:19,33.0,0.16409090909090912,0.32379999999999987,430.8181818181818,30.0,2.0,0.0,0.0,3644.5,1.0,0.158,0.158,3528.0
attempt:25:round:17,25,17,2026-04-19 15:14:08,0.966667,0.156582,0.287874,0.289224,0.53234,0.463886,0.9666666388511658,0.1431942135095596,30,2026-04-19 15:14:06,33.0,0.15100000000000002,0.2829999999999998,428.8181818181818,30.0,0.9666666388511658,0.1699703484773636,30,2026-04-19 15:14:08,33.0,0.15287878787878786,0.3313999999999998,429.6666666666667,30.0,2.0,0.0,0.0,3646.5,1.0,0.217,0.217,3543.0
attempt:25:round:18,25,18,2026-04-19 15:14:58,0.9,0.194628,0.286772,0.279916,0.530159,0.467567,0.8333333134651184,0.3169355988502502,30,2026-04-19 15:14:56,33.0,0.13806060606060605,0.3013999999999997,427.2121212121212,30.0,0.9666666388511658,0.0723202526569366,30,2026-04-19 15:14:59,33.0,0.15772727272727272,0.3753999999999999,428.42424242424244,30.0,2.0,0.0,0.0,3640.5,1.0,0.22,0.22,3529.0
attempt:25:round:19,25,19,2026-04-19 15:15:48,0.85,0.23734,0.286916,0.279259,0.530249,0.474566,0.8666666746139526,0.2461327910423278,30,2026-04-19 15:15:46,33.0,0.15509090909090908,0.3937999999999999,428.6666666666667,30.0,0.8333333134651184,0.2285472601652145,30,2026-04-19 15:15:48,33.0,0.14300000000000002,0.2885999999999998,429.75757575757575,30.0,2.0,0.0,0.0,3645.0,1.0,0.195,0.195,3545.0
attempt:25:round:20,25,20,2026-04-19 15:16:38,0.95,0.203323,0.287245,0.280779,0.530543,0.482858,0.9666666388511658,0.1502271443605423,30,2026-04-19 15:16:36,33.0,0.1539090909090909,0.3073999999999997,429.3939393939394,30.0,0.9333333373069764,0.2564185857772827,30,2026-04-19 15:16:39,33.0,0.15166666666666667,0.31179999999999974,428.030303030303,30.0,2.0,0.0,0.0,3640.0,1.0,0.196,0.196,3523.0
attempt:26:round:1,26,1,2026-04-19 15:19:45,0.733333,0.951632,0.288459,0.292121,0.540201,0.410865,0.7666666507720947,1.0310903787612915,30,2026-04-19 15:19:44,35.0,0.13214285714285715,0.22099999999999997,315.3142857142857,33.0,0.699999988079071,0.8721744418144226,30,2026-04-19 15:19:45,32.0,0.12906250000000002,0.20719999999999994,333.6875,30.0,2.0,0.0,0.0,3634.0,1.0,0.19,0.19,3530.0
attempt:26:round:2,26,2,2026-04-19 15:20:29,1.0,0.081936,0.290986,0.295332,0.55419,0.427934,1.0,0.0614828653633594,30,2026-04-19 15:20:28,30.0,0.13536666666666666,0.3067999999999996,461.76666666666665,27.0,1.0,0.1023884117603302,30,2026-04-19 15:20:29,34.0,0.13355882352941179,0.3225499999999998,420.2352941176471,31.0,2.0,0.0,0.0,3619.5,1.0,0.25,0.25,3542.0
attempt:26:round:3,26,3,2026-04-19 15:21:18,0.966667,0.132803,0.294222,0.302766,0.563042,0.437553,0.9666666388511658,0.070593275129795,30,2026-04-19 15:21:18,33.0,0.13630303030303031,0.2855999999999998,432.45454545454544,30.0,0.9666666388511658,0.1950124651193618,30,2026-04-19 15:21:19,32.0,0.1481875,0.30869999999999986,440.9375,29.0,2.0,0.0,0.0,3644.0,1.0,0.185,0.185,3544.0
attempt:26:round:4,26,4,2026-04-19 15:22:08,1.0,0.030354,0.295936,0.308704,0.568404,0.445789,1.0,0.0155278593301773,30,2026-04-19 15:22:08,33.0,0.12506060606060607,0.2939999999999998,431.5151515151515,30.0,1.0,0.0451804995536804,30,2026-04-19 15:22:08,34.0,0.12076470588235297,0.31014999999999976,421.8529411764706,31.0,2.0,0.0,0.0,3635.5,1.0,0.164,0.164,3540.0
attempt:26:round:5,26,5,2026-04-19 15:23:06,1.0,0.01632,0.297986,0.314193,0.573438,0.452459,1.0,0.0187551062554121,30,2026-04-19 15:23:06,33.0,0.1311212121212121,0.2961999999999998,429.54545454545456,30.0,1.0,0.0138847399502992,30,2026-04-19 15:23:04,33.0,0.156,0.2829999999999998,430.75757575757575,30.0,2.0,0.0,0.0,3631.5,1.0,0.235,0.235,3540.0
attempt:26:round:6,26,6,2026-04-19 15:23:58,0.916667,0.3034,0.296462,0.309053,0.576457,0.450126,0.9333333373069764,0.3327309787273407,30,2026-04-19 15:23:58,34.0,0.13461764705882356,0.2737999999999997,420.52941176470586,31.0,0.8999999761581421,0.2740689218044281,30,2026-04-19 15:23:58,32.0,0.1534375,0.2818499999999999,439.65625,29.0,2.0,0.0,0.0,3633.0,1.0,0.219,0.219,3530.0
attempt:26:round:7,26,7,2026-04-19 15:24:48,0.85,0.471989,0.290159,0.291711,0.556385,0.44603,0.8999999761581421,0.4512186050415039,30,2026-04-19 15:24:48,33.0,0.14290909090909093,0.2799999999999998,429.27272727272725,30.0,0.800000011920929,0.492759108543396,30,2026-04-19 15:24:48,33.0,0.14075757575757575,0.30019999999999974,428.7878787878788,30.0,2.0,0.0,0.0,3628.5,1.0,0.171,0.171,3523.0
attempt:26:round:8,26,8,2026-04-19 15:25:38,0.833333,0.428277,0.287029,0.28484,0.546095,0.449807,0.800000011920929,0.4225383102893829,30,2026-04-19 15:25:38,33.0,0.13851515151515154,0.2877999999999998,429.6666666666667,30.0,0.8666666746139526,0.4340160489082336,30,2026-04-19 15:25:38,33.0,0.15748484848484848,0.29039999999999977,428.0,30.0,2.0,0.0,0.0,3654.0,1.0,0.226,0.226,3541.0
attempt:26:round:9,26,9,2026-04-19 15:26:28,0.85,0.362684,0.285886,0.277379,0.543296,0.455013,0.8999999761581421,0.347266674041748,30,2026-04-19 15:26:28,33.0,0.14312121212121215,0.2823999999999998,429.6666666666667,30.0,0.800000011920929,0.3781009018421173,30,2026-04-19 15:26:29,33.0,0.15706060606060607,0.2801999999999998,427.75757575757575,30.0,2.0,0.0,0.0,3640.0,1.0,0.234,0.234,3550.0
attempt:26:round:10,26,10,2026-04-19 15:27:18,0.833333,0.369357,0.288554,0.275489,0.542096,0.456819,0.8666666746139526,0.3261821866035461,30,2026-04-19 15:27:18,33.0,0.13760606060606062,0.2811999999999998,429.6666666666667,30.0,0.800000011920929,0.4125317335128784,30,2026-04-19 15:27:19,33.0,0.1448484848484849,0.2817999999999997,426.8181818181818,30.0,2.0,0.0,0.0,3642.5,1.0,0.174,0.174,3533.0
attempt:26:round:11,26,11,2026-04-19 15:28:09,0.883333,0.290704,0.290031,0.277244,0.540828,0.455745,0.8666666746139526,0.3255743086338043,30,2026-04-19 15:28:08,32.0,0.14068750000000002,0.2786999999999999,439.125,29.0,0.8999999761581421,0.2558338344097137,30,2026-04-19 15:28:08,34.0,0.15235294117647058,0.2717999999999997,419.0,31.0,2.0,0.0,0.0,3647.0,1.0,0.224,0.224,3536.0
attempt:26:round:12,26,12,2026-04-19 15:28:58,0.816667,0.434558,0.29051,0.278623,0.53784,0.456732,0.7666666507720947,0.5770820379257202,30,2026-04-19 15:28:58,34.0,0.1246176470588235,0.2801999999999996,420.11764705882354,31.0,0.8666666746139526,0.2920345067977905,30,2026-04-19 15:28:58,32.0,0.14459375,0.2932999999999999,438.4375,29.0,2.0,0.0,0.0,3639.5,1.0,0.186,0.186,3535.0
attempt:26:round:13,26,13,2026-04-19 15:29:48,0.916667,0.172313,0.287966,0.275924,0.532309,0.460282,0.8999999761581421,0.1917694360017776,30,2026-04-19 15:29:48,33.0,0.1464242424242424,0.28879999999999983,429.8484848484849,30.0,0.9333333373069764,0.1528559327125549,30,2026-04-19 15:29:48,33.0,0.13518181818181815,0.28179999999999983,429.3333333333333,30.0,2.0,0.0,0.0,3650.0,1.0,0.223,0.223,3546.0
attempt:26:round:14,26,14,2026-04-19 15:30:39,0.916667,0.171206,0.288209,0.27701,0.529432,0.462487,0.8666666746139526,0.247550755739212,30,2026-04-19 15:30:39,33.0,0.12842424242424244,0.2809999999999998,428.030303030303,30.0,0.9666666388511658,0.0948609411716461,30,2026-04-19 15:30:39,33.0,0.12845454545454546,0.2727999999999998,432.42424242424244,30.0,2.0,0.0,0.0,3646.0,1.0,0.222,0.222,3533.0
attempt:26:round:15,26,15,2026-04-19 15:31:28,0.866667,0.374654,0.28828,0.275674,0.528411,0.464434,0.8999999761581421,0.356250137090683,30,2026-04-19 15:31:28,33.0,0.1378181818181818,0.3149999999999999,429.030303030303,30.0,0.8333333134651184,0.3930582702159881,30,2026-04-19 15:31:28,33.0,0.1423939393939394,0.28639999999999977,428.0,30.0,2.0,0.0,0.0,3647.5,1.0,0.207,0.207,3526.0
attempt:26:round:16,26,16,2026-04-19 15:32:18,0.95,0.168555,0.28715,0.275307,0.528888,0.463423,0.8999999761581421,0.2941484749317169,30,2026-04-19 15:32:18,33.0,0.14033333333333334,0.2991999999999998,429.3939393939394,30.0,1.0,0.042961087077856,30,2026-04-19 15:32:18,33.0,0.1452121212121212,0.2787999999999998,428.969696969697,30.0,2.0,0.0,0.0,3640.5,1.0,0.227,0.227,3546.0
attempt:26:round:17,26,17,2026-04-19 15:33:09,0.916667,0.192884,0.288627,0.273924,0.533576,0.465087,0.8999999761581421,0.2730675041675567,30,2026-04-19 15:33:08,33.0,0.13878787878787882,0.28819999999999985,429.3333333333333,30.0,0.9333333373069764,0.1127006560564041,30,2026-04-19 15:33:09,33.0,0.1636969696969697,0.2797999999999998,429.3939393939394,30.0,2.0,0.0,0.0,3644.0,1.0,0.18,0.18,3538.0
attempt:26:round:18,26,18,2026-04-19 15:33:59,0.95,0.182601,0.290971,0.275415,0.539515,0.46993,0.9333333373069764,0.1698959320783615,30,2026-04-19 15:33:59,32.0,0.13828125000000002,0.32839999999999997,440.25,29.0,0.9666666388511658,0.1953054815530777,30,2026-04-19 15:33:58,34.0,0.158,0.29294999999999977,421.5882352941176,31.0,2.0,0.0,0.0,3642.0,1.0,0.225,0.225,3535.0
attempt:26:round:19,26,19,2026-04-19 15:34:48,0.9,0.293083,0.288934,0.269958,0.537869,0.470677,0.8999999761581421,0.3763254582881927,30,2026-04-19 15:34:49,33.0,0.347969696969697,0.4017999999999997,426.8484848484849,30.0,0.8999999761581421,0.2098397314548492,30,2026-04-19 15:34:48,33.0,0.1586969696969697,0.2811999999999998,429.93939393939394,30.0,2.0,0.0,0.0,3651.0,1.0,0.187,0.187,3537.0
attempt:26:round:20,26,20,2026-04-19 15:35:38,0.933333,0.139039,0.286811,0.267901,0.539345,0.464875,0.8999999761581421,0.2178910672664642,30,2026-04-19 15:35:38,34.0,0.12108823529411765,0.29689999999999955,419.61764705882354,31.0,0.9666666388511658,0.0601866096258163,30,2026-04-19 15:35:39,32.0,0.14653125,0.2827499999999999,438.03125,29.0,2.0,0.0,0.0,3647.0,1.0,0.172,0.172,3535.0
attempt:27:round:1,27,1,2026-04-19 15:38:15,0.683333,0.630181,0.287673,0.290824,0.540697,0.410966,0.7333333492279053,0.650012195110321,30,2026-04-19 15:38:15,32.0,0.13546875,0.20229999999999992,332.78125,30.0,0.6333333253860474,0.6103499531745911,30,2026-04-19 15:38:15,36.0,0.14702777777777779,0.23525000000000001,309.75,34.0,2.0,0.0,0.0,3643.0,1.0,0.22,0.22,3522.0
attempt:27:round:2,27,2,2026-04-19 15:38:59,0.966667,0.089041,0.291268,0.29528,0.556032,0.428113,0.9333333373069764,0.1015645042061805,30,2026-04-19 15:38:59,33.0,0.12606060606060607,0.32399999999999984,430.8787878787879,30.0,1.0,0.0765174776315689,30,2026-04-19 15:38:59,30.0,0.15639999999999998,0.3145499999999996,461.26666666666665,27.0,2.0,0.0,0.0,3643.0,1.0,0.223,0.223,3545.0
attempt:27:round:3,27,3,2026-04-19 15:39:49,0.966667,0.095561,0.295254,0.304556,0.56517,0.444222,1.0,0.0344692803919315,30,2026-04-19 15:39:49,33.0,0.14381818181818184,0.3587999999999999,431.2121212121212,30.0,0.9333333373069764,0.1566520780324936,30,2026-04-19 15:39:49,33.0,0.14812121212121215,0.2779999999999998,430.8787878787879,30.0,2.0,0.0,0.0,3637.0,1.0,0.194,0.194,3537.0
attempt:27:round:4,27,4,2026-04-19 15:40:39,1.0,0.016891,0.297115,0.310308,0.570798,0.452084,1.0,0.0148513037711381,30,2026-04-19 15:40:39,33.0,0.14360606060606063,0.31179999999999974,431.030303030303,30.0,1.0,0.0189312640577554,30,2026-04-19 15:40:39,33.0,0.137969696969697,0.2823999999999998,428.90909090909093,30.0,2.0,0.0,0.0,3627.0,1.0,0.204,0.204,3525.0
attempt:27:round:5,27,5,2026-04-19 15:41:33,1.0,0.0184,0.298937,0.313519,0.575408,0.457117,1.0,0.0126074701547622,30,2026-04-19 15:41:33,33.0,0.15154545454545457,0.3711999999999999,428.8181818181818,30.0,1.0,0.0241934396326541,30,2026-04-19 15:41:29,35.0,0.1622857142857143,0.38039999999999974,410.9142857142857,32.0,2.0,0.0,0.0,3619.5,1.0,0.197,0.197,3521.0
attempt:27:round:6,27,6,2026-04-19 15:42:28,0.866667,0.318298,0.295839,0.305602,0.571455,0.448254,0.8333333134651184,0.4158031344413757,30,2026-04-19 15:42:28,33.0,0.14257575757575758,0.34179999999999977,426.72727272727275,30.0,0.8999999761581421,0.2207928150892257,30,2026-04-19 15:42:28,31.0,0.1842903225806452,0.377,447.8709677419355,28.0,2.0,0.0,0.0,3636.0,1.0,0.827,0.827,3534.0
attempt:27:round:7,27,7,2026-04-19 15:43:18,0.766667,0.515389,0.292638,0.296585,0.565454,0.446453,0.7333333492279053,0.4775247573852539,30,2026-04-19 15:43:18,33.0,0.147030303030303,0.31439999999999974,428.7878787878788,30.0,0.800000011920929,0.5532532930374146,30,2026-04-19 15:43:18,32.0,0.15221874999999999,0.3223499999999999,436.59375,29.0,2.0,0.0,0.0,3642.0,1.0,0.145,0.145,3542.0
attempt:27:round:8,27,8,2026-04-19 15:44:08,0.8,0.319617,0.28948,0.285607,0.543354,0.449128,0.8333333134651184,0.2624834477901459,30,2026-04-19 15:44:09,33.0,0.145030303030303,0.29759999999999986,429.6060606060606,30.0,0.7666666507720947,0.3767512738704681,30,2026-04-19 15:44:08,34.0,0.15694117647058825,0.29249999999999965,418.5,31.0,2.0,0.0,0.0,3645.5,1.0,0.185,0.185,3535.0
attempt:27:round:9,27,9,2026-04-19 15:44:58,0.783333,0.423149,0.287674,0.281729,0.538023,0.450426,0.699999988079071,0.503560483455658,30,2026-04-19 15:44:58,33.0,0.1445151515151515,0.29859999999999987,427.3939393939394,30.0,0.8666666746139526,0.3427375257015228,30,2026-04-19 15:44:58,32.0,0.166625,0.3287999999999999,439.34375,29.0,2.0,0.0,0.0,3634.5,1.0,0.251,0.251,3551.0
attempt:27:round:10,27,10,2026-04-19 15:45:48,0.9,0.26049,0.287377,0.284795,0.53421,0.452426,0.9666666388511658,0.2010529935359954,30,2026-04-19 15:45:48,33.0,0.14124242424242422,0.3303999999999997,430.8484848484849,30.0,0.8333333134651184,0.3199272453784942,30,2026-04-19 15:45:49,33.0,0.1402121212121212,0.33239999999999986,428.8787878787879,30.0,2.0,0.0,0.0,3651.0,1.0,0.166,0.166,3540.0
attempt:27:round:11,27,11,2026-04-19 15:46:38,0.9,0.272431,0.288829,0.289779,0.535455,0.458211,0.9333333373069764,0.2499269545078277,30,2026-04-19 15:46:38,33.0,0.13106060606060607,0.29759999999999986,430.75757575757575,30.0,0.8666666746139526,0.2949348390102386,30,2026-04-19 15:46:38,33.0,0.1566666666666667,0.2837999999999998,428.72727272727275,30.0,2.0,0.0,0.0,3648.0,1.0,0.19,0.19,3544.0
attempt:27:round:12,27,12,2026-04-19 15:47:28,0.833333,0.318351,0.288844,0.289988,0.532432,0.464309,0.8999999761581421,0.2364537566900253,30,2026-04-19 15:47:28,33.0,0.13599999999999998,0.32299999999999984,428.7878787878788,30.0,0.7666666507720947,0.4002487957477569,30,2026-04-19 15:47:28,34.0,0.15029411764705883,0.2836999999999997,419.8529411764706,31.0,2.0,0.0,0.0,3635.5,1.0,0.262,0.262,3546.0
attempt:27:round:13,27,13,2026-04-19 15:48:18,0.9,0.259849,0.288782,0.285434,0.530693,0.468659,1.0,0.1018395945429802,30,2026-04-19 15:48:18,33.0,0.1305757575757576,0.2951999999999998,430.45454545454544,30.0,0.800000011920929,0.4178581833839416,30,2026-04-19 15:48:19,32.0,0.15281250000000002,0.2963999999999999,439.4375,29.0,2.0,0.0,0.0,3645.5,1.0,0.191,0.191,3530.0
attempt:27:round:14,27,14,2026-04-19 15:49:08,0.933333,0.169007,0.288523,0.287637,0.527465,0.475845,0.9666666388511658,0.1357665508985519,30,2026-04-19 15:49:08,33.0,0.15490909090909089,0.2793999999999998,430.030303030303,30.0,0.8999999761581421,0.2022469639778137,30,2026-04-19 15:49:09,33.0,0.17303030303030303,0.41879999999999984,428.3333333333333,30.0,2.0,0.0,0.0,3646.5,1.0,0.245,0.245,3535.0
attempt:27:round:15,27,15,2026-04-19 15:49:58,0.95,0.129434,0.288747,0.294346,0.524197,0.482224,1.0,0.0337261147797107,30,2026-04-19 15:49:58,33.0,0.15303030303030302,0.29919999999999985,430.969696969697,30.0,0.8999999761581421,0.2251419425010681,30,2026-04-19 15:49:59,33.0,0.16990909090909093,0.2845999999999998,429.8787878787879,30.0,2.0,0.0,0.0,3635.5,1.0,0.2,0.2,3529.0
attempt:27:round:16,27,16,2026-04-19 15:50:48,0.916667,0.198713,0.288563,0.291991,0.526317,0.477313,0.8666666746139526,0.3240525424480438,30,2026-04-19 15:50:49,33.0,0.14045454545454547,0.31379999999999986,427.3939393939394,30.0,0.9666666388511658,0.0733730494976043,30,2026-04-19 15:50:49,33.0,0.15687878787878787,0.2853999999999998,431.3030303030303,30.0,2.0,0.0,0.0,3639.0,1.0,0.24,0.24,3545.0
attempt:27:round:17,27,17,2026-04-19 15:51:39,0.916667,0.170955,0.288277,0.285676,0.524375,0.47885,0.8999999761581421,0.1747436672449112,30,2026-04-19 15:51:38,33.0,0.15030303030303033,0.2835999999999998,429.0,30.0,0.9333333373069764,0.167166456580162,30,2026-04-19 15:51:39,33.0,0.15563636363636363,0.32659999999999995,430.3636363636364,30.0,2.0,0.0,0.0,3641.0,1.0,0.222,0.222,3534.0
attempt:27:round:18,27,18,2026-04-19 15:52:29,0.866667,0.34158,0.28983,0.283457,0.531835,0.483381,0.8999999761581421,0.2114536613225937,30,2026-04-19 15:52:29,33.0,0.1535757575757576,0.32659999999999995,430.1515151515151,30.0,0.8333333134651184,0.4717053771018982,30,2026-04-19 15:52:28,34.0,0.1636470588235294,0.3047499999999996,420.3235294117647,31.0,2.0,0.0,0.0,3642.5,1.0,0.163,0.163,3532.0
attempt:27:round:19,27,19,2026-04-19 15:53:18,0.983333,0.109146,0.290836,0.288668,0.531313,0.483059,1.0,0.0835784450173378,30,2026-04-19 15:53:18,33.0,0.13984848484848483,0.3543999999999998,427.7878787878788,30.0,0.9666666388511658,0.1347129940986633,30,2026-04-19 15:53:19,32.0,0.14806249999999999,0.3198499999999999,437.46875,29.0,2.0,0.0,0.0,3634.0,1.0,0.198,0.198,3520.0
attempt:27:round:20,27,20,2026-04-19 15:54:08,0.933333,0.147609,0.291088,0.291228,0.531008,0.485566,0.9333333373069764,0.1299424320459365,30,2026-04-19 15:54:08,33.0,0.14296969696969697,0.2813999999999998,429.030303030303,30.0,0.9333333373069764,0.1652759760618209,30,2026-04-19 15:54:08,33.0,0.15172727272727274,0.28499999999999975,427.8181818181818,30.0,2.0,0.0,0.0,3650.0,1.0,0.219,0.219,3539.0
attempt:28:round:1,28,1,2026-04-19 15:58:10,0.666667,0.8185,0.288918,0.290733,0.538924,0.412049,0.6666666865348816,0.8748396039009094,30,2026-04-19 15:58:09,36.0,0.12241666666666667,0.20550000000000002,308.80555555555554,34.0,0.6666666865348816,0.7621608972549438,30,2026-04-19 15:58:10,32.0,0.13046875000000002,0.20284999999999997,333.875,30.0,2.0,0.0,0.0,3636.5,1.0,0.218,0.218,3533.0
attempt:28:round:2,28,2,2026-04-19 15:58:53,0.983333,0.121277,0.292951,0.297015,0.553089,0.430574,0.9666666388511658,0.1189444884657859,30,2026-04-19 15:58:53,30.0,0.12566666666666668,0.3056999999999996,462.7,27.0,1.0,0.1236090660095214,30,2026-04-19 15:58:54,33.0,0.14006060606060605,0.32039999999999974,429.27272727272725,30.0,2.0,0.0,0.0,3633.5,1.0,0.229,0.229,3532.0
attempt:28:round:3,28,3,2026-04-19 15:59:44,1.0,0.037809,0.297449,0.305863,0.561105,0.444581,1.0,0.035151183605194,30,2026-04-19 15:59:43,33.0,0.14021212121212123,0.2799999999999998,430.1515151515151,30.0,1.0,0.0404660515487194,30,2026-04-19 15:59:44,33.0,0.13596969696969696,0.3053999999999998,431.1212121212121,30.0,2.0,0.0,0.0,3624.0,1.0,0.185,0.185,3531.0
attempt:28:round:4,28,4,2026-04-19 16:00:33,1.0,0.023274,0.300249,0.309945,0.566586,0.453878,1.0,0.0229670666158199,30,2026-04-19 16:00:33,33.0,0.13515151515151516,0.29919999999999974,429.27272727272725,30.0,1.0,0.0235809925943613,30,2026-04-19 16:00:34,33.0,0.14630303030303032,0.2871999999999998,429.5151515151515,30.0,2.0,0.0,0.0,3611.5,1.0,0.215,0.215,3521.0
attempt:28:round:5,28,5,2026-04-19 16:01:24,1.0,0.023609,0.301842,0.314022,0.570579,0.459421,1.0,0.0106383357197046,30,2026-04-19 16:01:23,33.0,0.13342424242424242,0.28239999999999976,429.72727272727275,30.0,1.0,0.0365797467529773,30,2026-04-19 16:01:24,33.0,0.14366666666666666,0.2931999999999998,428.93939393939394,30.0,2.0,0.0,0.0,3624.5,1.0,0.229,0.229,3534.0
attempt:28:round:6,28,6,2026-04-19 16:02:26,0.95,0.277456,0.299067,0.310643,0.56271,0.460319,0.9333333373069764,0.4709640145301819,30,2026-04-19 16:02:22,34.0,0.15182352941176475,0.4045999999999999,421.3235294117647,31.0,0.9666666388511658,0.0839479640126228,30,2026-04-19 16:02:25,33.0,0.1483030303030303,0.2851999999999998,429.54545454545456,30.0,2.0,0.0,0.0,3638.0,1.0,0.217,0.217,3528.0
attempt:28:round:7,28,7,2026-04-19 16:03:14,0.866667,0.477869,0.292645,0.29708,0.540684,0.456817,0.8999999761581421,0.4459083676338196,30,2026-04-19 16:03:12,32.0,0.15581250000000002,0.32089999999999985,439.90625,29.0,0.8333333134651184,0.5098288059234619,30,2026-04-19 16:03:14,33.0,0.14666666666666667,0.2885999999999998,428.1818181818182,30.0,2.0,0.0,0.0,3649.5,1.0,0.174,0.174,3538.0
attempt:28:round:8,28,8,2026-04-19 16:04:04,0.916667,0.327921,0.291549,0.290944,0.537499,0.460063,0.9333333373069764,0.1972197145223617,30,2026-04-19 16:04:02,33.0,0.13863636363636364,0.2795999999999998,428.8181818181818,30.0,0.8999999761581421,0.4586228728294372,30,2026-04-19 16:04:04,33.0,0.14106060606060608,0.29759999999999975,430.06060606060606,30.0,2.0,0.0,0.0,3637.5,1.0,0.213,0.213,3540.0
attempt:28:round:9,28,9,2026-04-19 16:04:54,0.833333,0.38648,0.290198,0.283956,0.53186,0.463216,0.8333333134651184,0.2918393313884735,30,2026-04-19 16:04:52,33.0,0.15036363636363637,0.2873999999999998,426.24242424242425,30.0,0.8333333134651184,0.4811200201511383,30,2026-04-19 16:04:54,33.0,0.14590909090909093,0.29159999999999975,428.1515151515151,30.0,2.0,0.0,0.0,3638.0,1.0,0.153,0.153,3531.0
attempt:28:round:10,28,10,2026-04-19 16:05:43,0.85,0.34436,0.290015,0.281674,0.531533,0.466744,0.800000011920929,0.3542954623699188,30,2026-04-19 16:05:42,33.0,0.13015151515151516,0.2877999999999998,427.1212121212121,30.0,0.8999999761581421,0.3344241082668304,30,2026-04-19 16:05:44,33.0,0.15778787878787878,0.2851999999999998,429.93939393939394,30.0,2.0,0.0,0.0,3642.0,1.0,0.221,0.221,3536.0
attempt:28:round:11,28,11,2026-04-19 16:06:34,0.9,0.31594,0.290094,0.287398,0.530875,0.470287,0.9333333373069764,0.143556073307991,30,2026-04-19 16:06:32,33.0,0.1482121212121212,0.2819999999999998,429.45454545454544,30.0,0.8666666746139526,0.488324224948883,30,2026-04-19 16:06:34,33.0,0.14651515151515151,0.2875999999999998,429.6363636363636,30.0,2.0,0.0,0.0,3639.5,1.0,0.132,0.132,3538.0
attempt:28:round:12,28,12,2026-04-19 16:07:25,0.933333,0.198887,0.28982,0.278213,0.53459,0.471721,0.9333333373069764,0.1897144615650177,30,2026-04-19 16:07:22,34.0,0.13555882352941176,0.2711999999999997,418.55882352941177,31.0,0.9333333373069764,0.2080597281455993,30,2026-04-19 16:07:24,33.0,0.13696969696969696,0.2963999999999998,428.93939393939394,30.0,2.0,0.0,0.0,3632.0,1.0,0.221,0.221,3530.0
attempt:28:round:13,28,13,2026-04-19 16:08:14,0.9,0.184943,0.289703,0.2752,0.532405,0.476814,0.9333333373069764,0.1349115073680877,30,2026-04-19 16:08:12,32.0,0.14596874999999998,0.2947499999999999,439.15625,29.0,0.8666666746139526,0.234973669052124,30,2026-04-19 16:08:14,33.0,0.11957575757575759,0.3085999999999999,427.3030303030303,30.0,2.0,0.0,0.0,3654.0,1.0,0.213,0.213,3528.0
attempt:28:round:14,28,14,2026-04-19 16:09:04,0.916667,0.257973,0.289308,0.276238,0.530476,0.482106,0.9333333373069764,0.2295389473438263,30,2026-04-19 16:09:02,33.0,0.1277878787878788,0.2761999999999998,427.3333333333333,30.0,0.8999999761581421,0.2864063084125519,30,2026-04-19 16:09:04,33.0,0.11200000000000002,0.3133999999999999,428.3333333333333,30.0,2.0,0.0,0.0,3636.5,1.0,0.234,0.234,3535.0
attempt:28:round:15,28,15,2026-04-19 16:09:54,0.933333,0.195114,0.288264,0.267324,0.531301,0.485548,0.8666666746139526,0.3374584019184112,30,2026-04-19 16:09:52,33.0,0.13875757575757577,0.28939999999999977,428.5151515151515,30.0,1.0,0.0527690462768077,30,2026-04-19 16:09:54,33.0,0.12136363636363635,0.3361999999999998,428.969696969697,30.0,2.0,0.0,0.0,3639.0,1.0,0.648,0.648,3538.0
attempt:28:round:16,28,16,2026-04-19 16:10:44,0.866667,0.305902,0.288937,0.263992,0.534252,0.488802,0.7666666507720947,0.4885302782058716,30,2026-04-19 16:10:42,33.0,0.145030303030303,0.3075999999999998,429.6969696969697,30.0,0.9666666388511658,0.1232733055949211,30,2026-04-19 16:10:44,33.0,0.12651515151515152,0.3165999999999997,427.1515151515151,30.0,2.0,0.0,0.0,3645.0,1.0,0.195,0.195,3537.0
attempt:28:round:17,28,17,2026-04-19 16:11:34,0.966667,0.180884,0.289979,0.266411,0.538686,0.485811,0.9666666388511658,0.1918032169342041,30,2026-04-19 16:11:32,33.0,0.1456969696969697,0.28979999999999984,429.6363636363636,30.0,0.9666666388511658,0.1699645370244979,30,2026-04-19 16:11:34,33.0,0.1215151515151515,0.3669999999999998,431.2121212121212,30.0,2.0,0.0,0.0,3644.0,1.0,0.244,0.244,3535.0
attempt:28:round:18,28,18,2026-04-19 16:12:23,0.883333,0.312441,0.290216,0.26543,0.538765,0.486929,0.8666666746139526,0.2722495496273041,30,2026-04-19 16:12:22,33.0,0.13881818181818184,0.2789999999999998,429.54545454545456,30.0,0.8999999761581421,0.3526327013969421,30,2026-04-19 16:12:24,33.0,0.11812121212121211,0.32459999999999967,426.6363636363636,30.0,2.0,0.0,0.0,3636.0,1.0,0.241,0.241,3543.0
attempt:28:round:19,28,19,2026-04-19 16:13:14,0.883333,0.243187,0.28934,0.258997,0.538385,0.484684,0.8333333134651184,0.3492632806301117,30,2026-04-19 16:13:12,33.0,0.1406666666666667,0.29659999999999986,429.4848484848485,30.0,0.9333333373069764,0.1371102035045623,30,2026-04-19 16:13:14,33.0,0.1526060606060606,0.32739999999999986,429.45454545454544,30.0,2.0,0.0,0.0,3636.5,1.0,0.207,0.207,3543.0
attempt:28:round:20,28,20,2026-04-19 16:14:04,0.883333,0.23971,0.290094,0.255488,0.540711,0.487217,0.9333333373069764,0.1387835443019867,30,2026-04-19 16:14:02,33.0,0.12821212121212122,0.28239999999999976,426.8181818181818,30.0,0.8333333134651184,0.3406373858451843,30,2026-04-19 16:14:04,33.0,0.1462121212121212,0.2909999999999998,427.06060606060606,30.0,2.0,0.0,0.0,3633.5,1.0,0.152,0.152,3520.0
attempt:29:round:1,29,1,2026-04-19 16:21:22,0.6,1.134432,0.290767,0.298852,0.52534,0.376757,0.6333333253860474,1.3013054132461548,30,2026-04-19 16:21:22,32.0,0.13340625,0.2614499999999999,326.21875,30.0,0.5666666626930237,0.9675589203834534,30,2026-04-19 16:21:21,36.0,0.13208333333333333,0.1955,304.75,34.0,2.0,0.0,0.0,3633.0,1.0,0.191,0.191,3532.0
attempt:29:round:2,29,2,2026-04-19 16:22:06,0.633333,0.868417,0.286595,0.296165,0.526291,0.373971,0.6000000238418579,0.9165041446685792,30,2026-04-19 16:22:06,33.0,0.13748484848484852,0.36359999999999987,424.4848484848485,30.0,0.6666666865348816,0.8203288912773132,30,2026-04-19 16:22:05,30.0,0.15246666666666667,0.3295999999999997,454.26666666666665,27.0,2.0,0.0,0.0,3636.5,1.0,0.229,0.229,3539.0
attempt:29:round:3,29,3,2026-04-19 16:22:56,0.766667,0.624042,0.285005,0.292442,0.512045,0.376758,0.8333333134651184,0.2998893857002258,30,2026-04-19 16:22:56,33.0,0.14572727272727273,0.35579999999999984,424.54545454545456,30.0,0.699999988079071,0.9481948614120485,30,2026-04-19 16:22:55,33.0,0.1583030303030303,0.2897999999999998,425.45454545454544,30.0,2.0,0.0,0.0,3634.5,1.0,0.145,0.145,3537.0
attempt:29:round:4,29,4,2026-04-19 16:23:46,0.866667,0.268145,0.286086,0.29609,0.506629,0.381412,0.9333333373069764,0.19371098279953,30,2026-04-19 16:23:47,33.0,0.14215151515151514,0.32799999999999985,425.09090909090907,30.0,0.800000011920929,0.3425790965557098,30,2026-04-19 16:23:45,33.0,0.14521212121212124,0.32599999999999985,428.6969696969697,30.0,2.0,0.0,0.0,3635.0,1.0,0.235,0.235,3526.0
attempt:29:round:5,29,5,2026-04-19 16:24:36,0.766667,0.48617,0.286916,0.299652,0.504912,0.387684,0.800000011920929,0.524971604347229,30,2026-04-19 16:24:36,33.0,0.13330303030303034,0.3305999999999998,423.8181818181818,30.0,0.7333333492279053,0.4473688900470733,30,2026-04-19 16:24:35,33.0,0.1523939393939394,0.3199999999999999,428.1212121212121,30.0,2.0,0.0,0.0,3627.0,1.0,0.216,0.216,3538.0
attempt:29:round:6,29,6,2026-04-19 16:25:26,0.916667,0.29396,0.286688,0.304439,0.505675,0.392237,0.9333333373069764,0.3084989190101623,30,2026-04-19 16:25:26,33.0,0.14554545454545453,0.3379999999999998,429.75757575757575,30.0,0.8999999761581421,0.2794202268123626,30,2026-04-19 16:25:25,33.0,0.1269090909090909,0.2889999999999998,427.24242424242425,30.0,2.0,0.0,0.0,3633.0,1.0,0.177,0.177,3541.0
attempt:29:round:7,29,7,2026-04-19 16:26:16,0.916667,0.204322,0.285704,0.301308,0.505578,0.39871,0.9333333373069764,0.1682877391576767,30,2026-04-19 16:26:16,33.0,0.14609090909090908,0.39659999999999995,427.3030303030303,30.0,0.8999999761581421,0.2403567433357238,30,2026-04-19 16:26:15,33.0,0.1657878787878788,0.3085999999999998,425.57575757575756,30.0,2.0,0.0,0.0,3646.0,1.0,0.192,0.192,3536.0
attempt:29:round:8,29,8,2026-04-19 16:27:06,0.916667,0.226785,0.28457,0.300785,0.505125,0.400457,0.8999999761581421,0.2355871051549911,30,2026-04-19 16:27:06,33.0,0.14145454545454547,0.34379999999999983,424.54545454545456,30.0,0.9333333373069764,0.217982605099678,30,2026-04-19 16:27:05,33.0,0.1603030303030303,0.3637999999999999,427.42424242424244,30.0,2.0,0.0,0.0,3637.5,1.0,0.226,0.226,3536.0
attempt:29:round:9,29,9,2026-04-19 16:27:56,0.916667,0.28295,0.284812,0.296766,0.501442,0.402611,0.9333333373069764,0.2984216511249542,30,2026-04-19 16:27:56,33.0,0.13566666666666669,0.3704,424.90909090909093,30.0,0.8999999761581421,0.2674774825572967,30,2026-04-19 16:27:55,33.0,0.15606060606060607,0.3828,424.45454545454544,30.0,2.0,0.0,0.0,3634.0,1.0,0.193,0.193,3534.0
attempt:29:round:10,29,10,2026-04-19 16:28:46,0.9,0.215595,0.283213,0.304424,0.500648,0.403329,0.8999999761581421,0.2881326079368591,30,2026-04-19 16:28:46,33.0,0.14775757575757575,0.3653999999999997,425.8181818181818,30.0,0.8999999761581421,0.1430569142103195,30,2026-04-19 16:28:45,33.0,0.15306060606060604,0.29019999999999985,430.030303030303,30.0,2.0,0.0,0.0,3642.5,1.0,0.174,0.174,3529.0
attempt:29:round:11,29,11,2026-04-19 16:29:36,0.9,0.264573,0.283359,0.310855,0.502755,0.402174,0.8666666746139526,0.3269229829311371,30,2026-04-19 16:29:36,33.0,0.13993939393939395,0.3399999999999998,427.030303030303,30.0,0.9333333373069764,0.2022222727537155,30,2026-04-19 16:29:35,33.0,0.14266666666666666,0.28439999999999976,425.8181818181818,30.0,2.0,0.0,0.0,3629.0,1.0,0.142,0.142,3528.0
attempt:29:round:12,29,12,2026-04-19 16:30:26,0.933333,0.247936,0.281584,0.302116,0.501562,0.406378,0.8666666746139526,0.3676022887229919,30,2026-04-19 16:30:26,33.0,0.14784848484848484,0.3003999999999997,426.1818181818182,30.0,1.0,0.128269761800766,30,2026-04-19 16:30:25,32.0,0.14150000000000001,0.2954999999999999,433.46875,29.0,2.0,0.0,0.0,3627.0,1.0,0.201,0.201,3547.0
attempt:29:round:13,29,13,2026-04-19 16:31:16,0.916667,0.305767,0.280595,0.301795,0.498969,0.41166,0.8999999761581421,0.2818942964076996,30,2026-04-19 16:31:16,33.0,0.14118181818181816,0.3433999999999998,426.3636363636364,30.0,0.9333333373069764,0.3296397030353546,30,2026-04-19 16:31:15,34.0,0.1346470588235294,0.2642999999999997,416.9117647058824,31.0,2.0,0.0,0.0,3637.5,1.0,0.197,0.197,3540.0
attempt:29:round:14,29,14,2026-04-19 16:32:06,0.9,0.32321,0.281386,0.306499,0.500748,0.414651,0.800000011920929,0.5808821320533752,30,2026-04-19 16:32:06,33.0,0.12996969696969696,0.33099999999999974,427.45454545454544,30.0,1.0,0.0655378550291061,30,2026-04-19 16:32:05,33.0,0.13042424242424244,0.2669999999999998,428.3333333333333,30.0,2.0,0.0,0.0,3639.5,1.0,0.171,0.171,3530.0
attempt:29:round:15,29,15,2026-04-19 16:32:56,0.85,0.437651,0.283204,0.305206,0.504253,0.415086,0.800000011920929,0.5217865109443665,30,2026-04-19 16:32:56,33.0,0.14339393939393943,0.31419999999999987,427.8787878787879,30.0,0.8999999761581421,0.3535162508487701,30,2026-04-19 16:32:55,33.0,0.13784848484848483,0.2701999999999998,428.1515151515151,30.0,2.0,0.0,0.0,3645.0,1.0,0.141,0.141,3531.0
attempt:29:round:16,29,16,2026-04-19 16:33:46,0.883333,0.294853,0.283534,0.301108,0.507193,0.416808,0.8666666746139526,0.1710671633481979,30,2026-04-19 16:33:46,33.0,0.1473030303030303,0.44980000000000003,427.7878787878788,30.0,0.8999999761581421,0.4186382293701172,30,2026-04-19 16:33:45,33.0,0.15039393939393936,0.36,425.3333333333333,30.0,2.0,0.0,0.0,3644.5,1.0,0.122,0.122,3538.0
attempt:29:round:17,29,17,2026-04-19 16:34:36,0.983333,0.10292,0.281531,0.303784,0.501595,0.421262,1.0,0.1186286285519599,30,2026-04-19 16:34:36,33.0,0.1509090909090909,0.35319999999999985,427.42424242424244,30.0,0.9666666388511658,0.0872103944420814,30,2026-04-19 16:34:35,33.0,0.14045454545454544,0.28279999999999983,424.1212121212121,30.0,2.0,0.0,0.0,3630.5,1.0,0.118,0.118,3532.0
attempt:29:round:18,29,18,2026-04-19 16:35:26,0.95,0.115563,0.280468,0.309989,0.49914,0.421968,1.0,0.041761290282011,30,2026-04-19 16:35:26,33.0,0.1380909090909091,0.3547999999999999,427.3636363636364,30.0,0.8999999761581421,0.1893649399280548,30,2026-04-19 16:35:25,33.0,0.1307878787878788,0.28139999999999976,425.06060606060606,30.0,2.0,0.0,0.0,3636.0,1.0,0.128,0.128,3540.0
attempt:29:round:19,29,19,2026-04-19 16:36:16,0.95,0.130069,0.28038,0.314265,0.500018,0.423328,0.9333333373069764,0.147371307015419,30,2026-04-19 16:36:16,33.0,0.14309090909090907,0.29979999999999973,429.1212121212121,30.0,0.9666666388511658,0.1127675920724868,30,2026-04-19 16:36:15,33.0,0.13496969696969696,0.29819999999999985,424.3939393939394,30.0,2.0,0.0,0.0,3638.0,1.0,0.158,0.158,3536.0
attempt:29:round:20,29,20,2026-04-19 16:37:07,0.933333,0.176987,0.28113,0.31298,0.506988,0.421883,0.9333333373069764,0.1861491501331329,30,2026-04-19 16:37:07,33.0,0.13296969696969696,0.31479999999999986,424.3333333333333,30.0,0.9333333373069764,0.1678253561258316,30,2026-04-19 16:37:06,32.0,0.13124999999999998,0.24594999999999984,331.5625,30.0,2.0,0.0,0.0,3641.0,1.0,0.239,0.239,3535.0
