timestamp,uptime_s,device_name,device_suffix,hostname,run_id,channel,operation,pt_bytes,enc_bytes,overhead_bytes,elapsed_ms,fl_round,client_id,sample_label,sample_label_name
00:15:04.156,0.7,gateway_repit,gateway_A,raspberrypi,2,ESP32->RPi,decrypt,111,225,114,1.415,0,esp32_edge_simulator_1,1,mqtt_bruteforce
00:15:05.525,2.0,gateway_repit,gateway_A,raspberrypi,2,ESP32->RPi,decrypt,121,241,120,1.68,0,esp32_edge_normal_1,0,normal
00:15:05.553,2.1,gateway_repit,gateway_A,raspberrypi,2,ESP32->RPi,decrypt,111,225,114,1.824,0,esp32_edge_simulator_1,1,mqtt_bruteforce
00:15:05.557,2.1,gateway_repit,gateway_A,raspberrypi,2,ESP32->RPi,decrypt,123,241,118,1.859,0,esp32_edge_simulator_2,0,normal
00:15:10.523,7.0,gateway_repit,gateway_A,raspberrypi,2,ESP32->RPi,decrypt,115,233,118,1.458,0,esp32_edge_normal_1,0,normal
00:15:10.551,7.0,gateway_repit,gateway_A,raspberrypi,2,ESP32->RPi,decrypt,81,185,104,1.151,0,esp32_edge_simulator_1,2,scan_A
00:15:10.564,7.1,gateway_repit,gateway_A,raspberrypi,2,ESP32->RPi,decrypt,112,229,117,1.303,0,esp32_edge_simulator_2,1,mqtt_bruteforce
00:15:15.521,12.0,gateway_repit,gateway_A,raspberrypi,2,ESP32->RPi,decrypt,115,233,118,1.309,0,esp32_edge_normal_1,0,normal
00:15:15.552,12.0,gateway_repit,gateway_A,raspberrypi,2,ESP32->RPi,decrypt,105,217,112,1.836,0,esp32_edge_simulator_2,2,scan_A
00:15:15.554,12.1,gateway_repit,gateway_A,raspberrypi,2,ESP32->RPi,decrypt,81,185,104,1.047,0,esp32_edge_simulator_1,2,scan_A
00:15:20.571,17.1,gateway_repit,gateway_A,raspberrypi,2,ESP32->RPi,decrypt,121,241,120,1.707,0,esp32_edge_normal_1,0,normal
00:15:20.575,17.1,gateway_repit,gateway_A,raspberrypi,2,ESP32->RPi,decrypt,113,229,116,1.433,0,esp32_edge_simulator_2,1,mqtt_bruteforce
00:15:20.578,17.1,gateway_repit,gateway_A,raspberrypi,2,ESP32->RPi,decrypt,123,241,118,1.837,0,esp32_edge_simulator_1,0,normal
00:15:25.555,22.1,gateway_repit,gateway_A,raspberrypi,2,ESP32->RPi,decrypt,119,237,118,3.382,0,esp32_edge_normal_1,0,normal
00:15:25.560,22.1,gateway_repit,gateway_A,raspberrypi,2,ESP32->RPi,decrypt,113,229,116,3.288,0,esp32_edge_simulator_1,1,mqtt_bruteforce
00:15:25.564,22.1,gateway_repit,gateway_A,raspberrypi,2,ESP32->RPi,decrypt,108,221,113,3.193,0,esp32_edge_simulator_2,2,scan_A
00:15:30.606,27.1,gateway_repit,gateway_A,raspberrypi,2,ESP32->RPi,decrypt,118,237,119,1.35,0,esp32_edge_normal_1,0,normal
00:15:30.608,27.1,gateway_repit,gateway_A,raspberrypi,2,ESP32->RPi,decrypt,108,221,113,1.204,0,esp32_edge_simulator_2,2,scan_A
00:15:30.610,27.1,gateway_repit,gateway_A,raspberrypi,2,ESP32->RPi,decrypt,121,241,120,1.341,0,esp32_edge_simulator_1,0,normal
00:15:35.524,32.0,gateway_repit,gateway_A,raspberrypi,2,ESP32->RPi,decrypt,117,233,116,1.303,0,esp32_edge_normal_1,0,normal
00:15:35.563,32.1,gateway_repit,gateway_A,raspberrypi,2,ESP32->RPi,decrypt,114,229,115,1.503,0,esp32_edge_simulator_2,1,mqtt_bruteforce
00:15:35.565,32.1,gateway_repit,gateway_A,raspberrypi,2,ESP32->RPi,decrypt,112,229,117,1.325,0,esp32_edge_simulator_1,1,mqtt_bruteforce
00:15:40.543,37.0,gateway_repit,gateway_A,raspberrypi,2,ESP32->RPi,decrypt,121,241,120,4.085,0,esp32_edge_normal_1,0,normal
00:15:40.560,37.1,gateway_repit,gateway_A,raspberrypi,2,ESP32->RPi,decrypt,81,185,104,3.71,0,esp32_edge_simulator_1,2,scan_A
00:15:40.565,37.1,gateway_repit,gateway_A,raspberrypi,2,ESP32->RPi,decrypt,107,221,114,3.861,0,esp32_edge_simulator_2,2,scan_A
00:15:45.562,42.1,gateway_repit,gateway_A,raspberrypi,2,ESP32->RPi,decrypt,116,233,117,5.395,0,esp32_edge_normal_1,0,normal
00:15:45.568,42.1,gateway_repit,gateway_A,raspberrypi,2,ESP32->RPi,decrypt,124,245,121,4.486,0,esp32_edge_simulator_1,0,normal
00:15:45.572,42.1,gateway_repit,gateway_A,raspberrypi,2,ESP32->RPi,decrypt,111,225,114,3.763,0,esp32_edge_simulator_2,1,mqtt_bruteforce
00:15:50.574,47.1,gateway_repit,gateway_A,raspberrypi,2,ESP32->RPi,decrypt,116,233,117,1.375,0,esp32_edge_normal_1,0,normal
00:15:50.577,47.1,gateway_repit,gateway_A,raspberrypi,2,ESP32->RPi,decrypt,112,229,117,1.298,0,esp32_edge_simulator_1,1,mqtt_bruteforce
00:15:57.926,54.4,gateway_repit,gateway_A,raspberrypi,2,RPi->PC,encrypt,3676,4986,1310,37.007,0,,,
00:15:57.992,54.5,gateway_repit,gateway_A,raspberrypi,2,ESP32->RPi,decrypt,112,229,117,1.598,0,esp32_edge_simulator_2,1,mqtt_bruteforce
00:15:57.993,54.5,gateway_repit,gateway_A,raspberrypi,2,ESP32->RPi,decrypt,112,229,117,1.379,0,esp32_edge_normal_1,0,normal
00:15:57.995,54.5,gateway_repit,gateway_A,raspberrypi,2,ESP32->RPi,decrypt,81,185,104,1.003,0,esp32_edge_simulator_1,2,scan_A
00:15:57.996,54.5,gateway_repit,gateway_A,raspberrypi,2,ESP32->RPi,decrypt,121,241,120,1.313,0,esp32_edge_simulator_2,0,normal
00:15:59.644,56.1,gateway_repit,gateway_A,raspberrypi,2,PC->RPi,decrypt,3614,4902,1288,31.183,0,,,
00:15:59.699,56.2,gateway_repit,gateway_A,raspberrypi,2,RPi->ESP32,encrypt,3614,4902,1288,36.597,1,,,
00:16:11.646,68.1,gateway_repit,gateway_A,raspberrypi,2,ESP32->RPi,decrypt,121,241,120,3.795,1,esp32_edge_normal_1,0,normal
00:16:11.652,68.2,gateway_repit,gateway_A,raspberrypi,2,ESP32->RPi,decrypt,111,225,114,3.249,1,esp32_edge_simulator_1,1,mqtt_bruteforce
00:16:11.701,68.2,gateway_repit,gateway_A,raspberrypi,2,ESP32->RPi,decrypt,109,225,116,2.724,1,esp32_edge_simulator_2,1,mqtt_bruteforce
00:16:16.690,73.2,gateway_repit,gateway_A,raspberrypi,2,ESP32->RPi,decrypt,118,237,119,1.292,1,esp32_edge_simulator_1,0,normal
00:16:16.693,73.2,gateway_repit,gateway_A,raspberrypi,2,ESP32->RPi,decrypt,115,233,118,1.321,1,esp32_edge_normal_1,0,normal
00:16:16.695,73.2,gateway_repit,gateway_A,raspberrypi,2,ESP32->RPi,decrypt,110,225,115,1.169,1,esp32_edge_simulator_2,1,mqtt_bruteforce
00:16:21.640,78.1,gateway_repit,gateway_A,raspberrypi,2,ESP32->RPi,decrypt,110,225,115,1.259,1,esp32_edge_simulator_1,1,mqtt_bruteforce
00:16:21.642,78.1,gateway_repit,gateway_A,raspberrypi,2,ESP32->RPi,decrypt,120,237,117,1.418,1,esp32_edge_normal_1,0,normal
00:16:21.755,78.3,gateway_repit,gateway_A,raspberrypi,2,ESP32->RPi,decrypt,123,241,118,1.631,1,esp32_edge_simulator_2,0,normal
00:16:26.639,83.1,gateway_repit,gateway_A,raspberrypi,2,ESP32->RPi,decrypt,119,237,118,1.459,1,esp32_edge_simulator_1,0,normal
00:16:26.642,83.1,gateway_repit,gateway_A,raspberrypi,2,ESP32->RPi,decrypt,115,233,118,1.409,1,esp32_edge_normal_1,0,normal
00:16:26.685,83.2,gateway_repit,gateway_A,raspberrypi,2,ESP32->RPi,decrypt,123,241,118,1.731,1,esp32_edge_simulator_2,0,normal
00:16:31.646,88.1,gateway_repit,gateway_A,raspberrypi,2,ESP32->RPi,decrypt,117,233,116,4.165,1,esp32_edge_normal_1,0,normal
00:16:31.657,88.2,gateway_repit,gateway_A,raspberrypi,2,ESP32->RPi,decrypt,110,225,115,3.77,1,esp32_edge_simulator_1,1,mqtt_bruteforce
00:16:31.689,88.2,gateway_repit,gateway_A,raspberrypi,2,ESP32->RPi,decrypt,124,245,121,5.227,1,esp32_edge_simulator_2,0,normal
00:16:36.655,93.2,gateway_repit,gateway_A,raspberrypi,2,ESP32->RPi,decrypt,107,221,114,1.224,1,esp32_edge_simulator_1,2,scan_A
00:16:36.657,93.2,gateway_repit,gateway_A,raspberrypi,2,ESP32->RPi,decrypt,117,233,116,1.307,1,esp32_edge_normal_1,0,normal
00:16:36.683,93.2,gateway_repit,gateway_A,raspberrypi,2,ESP32->RPi,decrypt,110,225,115,1.324,1,esp32_edge_simulator_2,1,mqtt_bruteforce
00:16:41.675,98.2,gateway_repit,gateway_A,raspberrypi,2,ESP32->RPi,decrypt,118,237,119,3.949,1,esp32_edge_normal_1,0,normal
00:16:41.680,98.2,gateway_repit,gateway_A,raspberrypi,2,ESP32->RPi,decrypt,112,229,117,3.753,1,esp32_edge_simulator_1,1,mqtt_bruteforce
00:16:41.695,98.2,gateway_repit,gateway_A,raspberrypi,2,ESP32->RPi,decrypt,112,229,117,3.849,1,esp32_edge_simulator_2,1,mqtt_bruteforce
00:16:46.689,103.2,gateway_repit,gateway_A,raspberrypi,2,ESP32->RPi,decrypt,115,233,118,1.284,1,esp32_edge_simulator_1,0,normal
00:16:46.692,103.2,gateway_repit,gateway_A,raspberrypi,2,ESP32->RPi,decrypt,121,241,120,1.359,1,esp32_edge_normal_1,0,normal
00:16:46.693,103.2,gateway_repit,gateway_A,raspberrypi,2,ESP32->RPi,decrypt,116,233,117,1.279,1,esp32_edge_simulator_2,0,normal
00:16:51.639,108.1,gateway_repit,gateway_A,raspberrypi,2,ESP32->RPi,decrypt,120,237,117,1.334,1,esp32_edge_simulator_1,0,normal
00:16:51.640,108.1,gateway_repit,gateway_A,raspberrypi,2,ESP32->RPi,decrypt,116,233,117,1.277,1,esp32_edge_normal_1,0,normal
00:16:52.995,109.5,gateway_repit,gateway_A,raspberrypi,2,RPi->PC,encrypt,3694,5010,1316,34.509,1,,,
00:16:53.056,109.6,gateway_repit,gateway_A,raspberrypi,2,ESP32->RPi,decrypt,107,221,114,1.256,1,esp32_edge_simulator_2,2,scan_A
00:16:53.264,109.8,gateway_repit,gateway_A,raspberrypi,2,PC->RPi,decrypt,3587,4866,1279,32.36,1,,,
00:16:53.305,109.8,gateway_repit,gateway_A,raspberrypi,2,RPi->ESP32,encrypt,3587,4866,1279,33.255,2,,,
00:17:05.194,121.7,gateway_repit,gateway_A,raspberrypi,2,ESP32->RPi,decrypt,121,241,120,1.495,2,esp32_edge_simulator_1,0,normal
00:17:05.239,121.7,gateway_repit,gateway_A,raspberrypi,2,ESP32->RPi,decrypt,119,237,118,1.53,2,esp32_edge_normal_1,0,normal
00:17:05.695,122.2,gateway_repit,gateway_A,raspberrypi,2,ESP32->RPi,decrypt,108,221,113,1.284,2,esp32_edge_simulator_2,1,mqtt_bruteforce
00:17:10.199,126.7,gateway_repit,gateway_A,raspberrypi,2,ESP32->RPi,decrypt,112,229,117,3.902,2,esp32_edge_normal_1,0,normal
00:17:10.205,126.7,gateway_repit,gateway_A,raspberrypi,2,ESP32->RPi,decrypt,110,225,115,3.538,2,esp32_edge_simulator_1,1,mqtt_bruteforce
00:17:10.699,127.2,gateway_repit,gateway_A,raspberrypi,2,ESP32->RPi,decrypt,107,221,114,1.226,2,esp32_edge_simulator_2,1,mqtt_bruteforce
00:17:15.194,131.7,gateway_repit,gateway_A,raspberrypi,2,ESP32->RPi,decrypt,121,241,120,1.399,2,esp32_edge_simulator_1,0,normal
00:17:15.196,131.7,gateway_repit,gateway_A,raspberrypi,2,ESP32->RPi,decrypt,120,237,117,1.329,2,esp32_edge_normal_1,0,normal
00:17:15.698,132.2,gateway_repit,gateway_A,raspberrypi,2,ESP32->RPi,decrypt,124,245,121,1.423,2,esp32_edge_simulator_2,0,normal
00:17:20.193,136.7,gateway_repit,gateway_A,raspberrypi,2,ESP32->RPi,decrypt,123,241,118,1.441,2,esp32_edge_simulator_1,0,normal
00:17:20.195,136.7,gateway_repit,gateway_A,raspberrypi,2,ESP32->RPi,decrypt,117,233,116,1.384,2,esp32_edge_normal_1,0,normal
00:17:20.700,137.2,gateway_repit,gateway_A,raspberrypi,2,ESP32->RPi,decrypt,107,221,114,3.415,2,esp32_edge_simulator_2,2,scan_A
00:17:25.219,141.7,gateway_repit,gateway_A,raspberrypi,2,ESP32->RPi,decrypt,81,185,104,3.417,2,esp32_edge_simulator_1,2,scan_A
00:17:25.225,141.7,gateway_repit,gateway_A,raspberrypi,2,ESP32->RPi,decrypt,114,229,115,4.058,2,esp32_edge_normal_1,0,normal
00:17:25.698,142.2,gateway_repit,gateway_A,raspberrypi,2,ESP32->RPi,decrypt,107,221,114,1.234,2,esp32_edge_simulator_2,1,mqtt_bruteforce
00:17:30.198,146.7,gateway_repit,gateway_A,raspberrypi,2,ESP32->RPi,decrypt,117,233,116,1.322,2,esp32_edge_normal_1,0,normal
00:17:30.204,146.7,gateway_repit,gateway_A,raspberrypi,2,ESP32->RPi,decrypt,112,229,117,1.31,2,esp32_edge_simulator_1,1,mqtt_bruteforce
00:17:30.703,147.2,gateway_repit,gateway_A,raspberrypi,2,ESP32->RPi,decrypt,119,237,118,4.959,2,esp32_edge_simulator_2,0,normal
00:17:35.195,151.7,gateway_repit,gateway_A,raspberrypi,2,ESP32->RPi,decrypt,117,233,116,3.189,2,esp32_edge_simulator_1,0,normal
00:17:35.199,151.7,gateway_repit,gateway_A,raspberrypi,2,ESP32->RPi,decrypt,115,233,118,3.008,2,esp32_edge_normal_1,0,normal
00:17:35.695,152.2,gateway_repit,gateway_A,raspberrypi,2,ESP32->RPi,decrypt,107,221,114,2.34,2,esp32_edge_simulator_2,2,scan_A
00:17:40.248,156.7,gateway_repit,gateway_A,raspberrypi,2,ESP32->RPi,decrypt,81,185,104,3.694,2,esp32_edge_simulator_1,2,scan_A
00:17:40.254,156.8,gateway_repit,gateway_A,raspberrypi,2,ESP32->RPi,decrypt,114,229,115,3.739,2,esp32_edge_normal_1,0,normal
00:17:40.697,157.2,gateway_repit,gateway_A,raspberrypi,2,ESP32->RPi,decrypt,81,185,104,3.074,2,esp32_edge_simulator_2,2,scan_A
00:17:45.269,161.8,gateway_repit,gateway_A,raspberrypi,2,ESP32->RPi,decrypt,123,241,118,3.484,2,esp32_edge_simulator_1,0,normal
00:17:45.273,161.8,gateway_repit,gateway_A,raspberrypi,2,ESP32->RPi,decrypt,114,229,115,3.209,2,esp32_edge_normal_1,0,normal
00:17:45.704,162.2,gateway_repit,gateway_A,raspberrypi,2,ESP32->RPi,decrypt,123,241,118,3.201,2,esp32_edge_simulator_2,0,normal
00:17:50.198,166.7,gateway_repit,gateway_A,raspberrypi,2,ESP32->RPi,decrypt,115,233,118,3.859,2,esp32_edge_normal_1,0,normal
00:17:50.203,166.7,gateway_repit,gateway_A,raspberrypi,2,ESP32->RPi,decrypt,105,217,112,3.605,2,esp32_edge_simulator_1,1,mqtt_bruteforce
00:17:51.544,168.0,gateway_repit,gateway_A,raspberrypi,2,RPi->PC,encrypt,3686,4998,1312,35.61,2,,,
00:17:51.614,168.1,gateway_repit,gateway_A,raspberrypi,2,ESP32->RPi,decrypt,119,237,118,1.416,2,esp32_edge_simulator_2,0,normal
00:17:51.903,168.4,gateway_repit,gateway_A,raspberrypi,2,PC->RPi,decrypt,3574,4850,1276,33.291,2,,,
00:17:51.942,168.4,gateway_repit,gateway_A,raspberrypi,2,RPi->ESP32,encrypt,3574,4850,1276,32.311,3,,,
00:18:03.875,180.4,gateway_repit,gateway_A,raspberrypi,2,ESP32->RPi,decrypt,121,241,120,4.169,3,esp32_edge_normal_1,0,normal
00:18:03.880,180.4,gateway_repit,gateway_A,raspberrypi,2,ESP32->RPi,decrypt,119,237,118,3.82,3,esp32_edge_simulator_1,0,normal
00:18:04.384,180.9,gateway_repit,gateway_A,raspberrypi,2,ESP32->RPi,decrypt,81,185,104,1.024,3,esp32_edge_simulator_2,2,scan_A
00:18:08.872,185.4,gateway_repit,gateway_A,raspberrypi,2,ESP32->RPi,decrypt,117,233,116,1.367,3,esp32_edge_normal_1,0,normal
00:18:08.874,185.4,gateway_repit,gateway_A,raspberrypi,2,ESP32->RPi,decrypt,121,241,120,1.498,3,esp32_edge_simulator_1,0,normal
00:18:09.388,185.9,gateway_repit,gateway_A,raspberrypi,2,ESP32->RPi,decrypt,81,185,104,3.374,3,esp32_edge_simulator_2,2,scan_A
00:18:13.941,190.4,gateway_repit,gateway_A,raspberrypi,2,ESP32->RPi,decrypt,118,237,119,3.607,3,esp32_edge_normal_1,0,normal
00:18:13.946,190.4,gateway_repit,gateway_A,raspberrypi,2,ESP32->RPi,decrypt,104,217,113,3.241,3,esp32_edge_simulator_1,2,scan_A
00:18:14.396,190.9,gateway_repit,gateway_A,raspberrypi,2,ESP32->RPi,decrypt,122,241,119,4.07,3,esp32_edge_simulator_2,0,normal
00:18:18.876,195.4,gateway_repit,gateway_A,raspberrypi,2,ESP32->RPi,decrypt,111,225,114,3.754,3,esp32_edge_simulator_1,1,mqtt_bruteforce
00:18:18.881,195.4,gateway_repit,gateway_A,raspberrypi,2,ESP32->RPi,decrypt,120,237,117,3.845,3,esp32_edge_normal_1,0,normal
00:18:19.395,195.9,gateway_repit,gateway_A,raspberrypi,2,ESP32->RPi,decrypt,109,225,116,1.247,3,esp32_edge_simulator_2,1,mqtt_bruteforce
00:18:23.872,200.4,gateway_repit,gateway_A,raspberrypi,2,ESP32->RPi,decrypt,120,237,117,1.473,3,esp32_edge_normal_1,0,normal
00:18:23.875,200.4,gateway_repit,gateway_A,raspberrypi,2,ESP32->RPi,decrypt,120,237,117,1.473,3,esp32_edge_simulator_1,0,normal
00:18:24.391,200.9,gateway_repit,gateway_A,raspberrypi,2,ESP32->RPi,decrypt,122,241,119,4.492,3,esp32_edge_simulator_2,0,normal
00:18:28.885,205.4,gateway_repit,gateway_A,raspberrypi,2,ESP32->RPi,decrypt,120,237,117,1.549,3,esp32_edge_normal_1,0,normal
00:18:28.887,205.4,gateway_repit,gateway_A,raspberrypi,2,ESP32->RPi,decrypt,102,213,111,1.241,3,esp32_edge_simulator_1,2,scan_A
00:18:29.385,205.9,gateway_repit,gateway_A,raspberrypi,2,ESP32->RPi,decrypt,114,229,115,1.341,3,esp32_edge_simulator_2,1,mqtt_bruteforce
00:18:33.907,210.4,gateway_repit,gateway_A,raspberrypi,2,ESP32->RPi,decrypt,120,237,117,4.102,3,esp32_edge_normal_1,0,normal
00:18:33.912,210.4,gateway_repit,gateway_A,raspberrypi,2,ESP32->RPi,decrypt,119,237,118,3.755,3,esp32_edge_simulator_1,0,normal
00:18:34.383,210.9,gateway_repit,gateway_A,raspberrypi,2,ESP32->RPi,decrypt,111,225,114,1.306,3,esp32_edge_simulator_2,1,mqtt_bruteforce
00:18:39.023,215.5,gateway_repit,gateway_A,raspberrypi,2,ESP32->RPi,decrypt,117,233,116,1.432,3,esp32_edge_normal_1,0,normal
00:18:39.025,215.5,gateway_repit,gateway_A,raspberrypi,2,ESP32->RPi,decrypt,110,225,115,1.333,3,esp32_edge_simulator_1,1,mqtt_bruteforce
00:18:39.387,215.9,gateway_repit,gateway_A,raspberrypi,2,ESP32->RPi,decrypt,105,217,112,1.327,3,esp32_edge_simulator_2,1,mqtt_bruteforce
00:18:43.871,220.4,gateway_repit,gateway_A,raspberrypi,2,ESP32->RPi,decrypt,118,237,119,1.363,3,esp32_edge_normal_1,0,normal
00:18:43.874,220.4,gateway_repit,gateway_A,raspberrypi,2,ESP32->RPi,decrypt,117,233,116,1.304,3,esp32_edge_simulator_1,0,normal
00:18:44.390,220.9,gateway_repit,gateway_A,raspberrypi,2,ESP32->RPi,decrypt,120,237,117,4.037,3,esp32_edge_simulator_2,0,normal
00:18:48.872,225.4,gateway_repit,gateway_A,raspberrypi,2,ESP32->RPi,decrypt,120,237,117,4.007,3,esp32_edge_normal_1,0,normal
00:18:48.878,225.4,gateway_repit,gateway_A,raspberrypi,2,ESP32->RPi,decrypt,107,221,114,3.654,3,esp32_edge_simulator_1,2,scan_A
00:18:50.210,226.7,gateway_repit,gateway_A,raspberrypi,2,RPi->PC,encrypt,3678,4986,1308,33.988,3,,,
00:18:50.265,226.8,gateway_repit,gateway_A,raspberrypi,2,ESP32->RPi,decrypt,106,221,115,1.417,3,esp32_edge_simulator_2,2,scan_A
00:18:50.591,227.1,gateway_repit,gateway_A,raspberrypi,2,PC->RPi,decrypt,3591,4870,1279,31.201,3,,,
00:18:50.630,227.1,gateway_repit,gateway_A,raspberrypi,2,RPi->ESP32,encrypt,3591,4870,1279,33.166,4,,,
00:19:02.554,239.1,gateway_repit,gateway_A,raspberrypi,2,ESP32->RPi,decrypt,121,241,120,3.326,4,esp32_edge_normal_1,0,normal
00:19:02.558,239.1,gateway_repit,gateway_A,raspberrypi,2,ESP32->RPi,decrypt,119,237,118,2.964,4,esp32_edge_simulator_1,0,normal
00:19:03.050,239.5,gateway_repit,gateway_A,raspberrypi,2,ESP32->RPi,decrypt,107,221,114,1.263,4,esp32_edge_simulator_2,2,scan_A
00:19:07.550,244.0,gateway_repit,gateway_A,raspberrypi,2,ESP32->RPi,decrypt,111,225,114,1.214,4,esp32_edge_simulator_1,1,mqtt_bruteforce
00:19:07.552,244.0,gateway_repit,gateway_A,raspberrypi,2,ESP32->RPi,decrypt,117,233,116,1.274,4,esp32_edge_normal_1,0,normal
00:19:08.052,244.5,gateway_repit,gateway_A,raspberrypi,2,ESP32->RPi,decrypt,108,221,113,1.233,4,esp32_edge_simulator_2,1,mqtt_bruteforce
00:19:12.552,249.0,gateway_repit,gateway_A,raspberrypi,2,ESP32->RPi,decrypt,110,225,115,1.209,4,esp32_edge_simulator_1,1,mqtt_bruteforce
00:19:12.554,249.1,gateway_repit,gateway_A,raspberrypi,2,ESP32->RPi,decrypt,115,233,118,1.301,4,esp32_edge_normal_1,0,normal
00:19:13.052,249.6,gateway_repit,gateway_A,raspberrypi,2,ESP32->RPi,decrypt,81,185,104,2.946,4,esp32_edge_simulator_2,2,scan_A
00:19:17.554,254.1,gateway_repit,gateway_A,raspberrypi,2,ESP32->RPi,decrypt,119,237,118,2.956,4,esp32_edge_normal_1,0,normal
00:19:17.562,254.1,gateway_repit,gateway_A,raspberrypi,2,ESP32->RPi,decrypt,110,225,115,2.886,4,esp32_edge_simulator_1,1,mqtt_bruteforce
00:19:18.054,254.6,gateway_repit,gateway_A,raspberrypi,2,ESP32->RPi,decrypt,122,241,119,1.508,4,esp32_edge_simulator_2,0,normal
00:19:22.564,259.1,gateway_repit,gateway_A,raspberrypi,2,ESP32->RPi,decrypt,117,233,116,1.396,4,esp32_edge_normal_1,0,normal
00:19:22.568,259.1,gateway_repit,gateway_A,raspberrypi,2,ESP32->RPi,decrypt,123,241,118,1.417,4,esp32_edge_simulator_1,0,normal
00:19:23.058,259.6,gateway_repit,gateway_A,raspberrypi,2,ESP32->RPi,decrypt,105,217,112,1.243,4,esp32_edge_simulator_2,2,scan_A
00:19:27.550,264.0,gateway_repit,gateway_A,raspberrypi,2,ESP32->RPi,decrypt,115,233,118,1.264,4,esp32_edge_normal_1,0,normal
00:19:27.553,264.1,gateway_repit,gateway_A,raspberrypi,2,ESP32->RPi,decrypt,81,185,104,1.05,4,esp32_edge_simulator_1,2,scan_A
00:19:28.053,264.6,gateway_repit,gateway_A,raspberrypi,2,ESP32->RPi,decrypt,105,217,112,3.798,4,esp32_edge_simulator_2,2,scan_A
00:19:32.551,269.0,gateway_repit,gateway_A,raspberrypi,2,ESP32->RPi,decrypt,111,225,114,3.466,4,esp32_edge_simulator_1,1,mqtt_bruteforce
00:19:32.557,269.1,gateway_repit,gateway_A,raspberrypi,2,ESP32->RPi,decrypt,120,237,117,3.659,4,esp32_edge_normal_1,0,normal
00:19:33.049,269.5,gateway_repit,gateway_A,raspberrypi,2,ESP32->RPi,decrypt,101,213,112,1.23,4,esp32_edge_simulator_2,2,scan_A
00:19:37.551,274.0,gateway_repit,gateway_A,raspberrypi,2,ESP32->RPi,decrypt,110,225,115,1.329,4,esp32_edge_simulator_1,0,normal
00:19:37.554,274.1,gateway_repit,gateway_A,raspberrypi,2,ESP32->RPi,decrypt,115,233,118,1.387,4,esp32_edge_normal_1,0,normal
00:19:38.055,274.6,gateway_repit,gateway_A,raspberrypi,2,ESP32->RPi,decrypt,118,237,119,4.239,4,esp32_edge_simulator_2,0,normal
00:19:42.618,279.1,gateway_repit,gateway_A,raspberrypi,2,ESP32->RPi,decrypt,81,185,104,2.955,4,esp32_edge_simulator_1,2,scan_A
00:19:42.623,279.1,gateway_repit,gateway_A,raspberrypi,2,ESP32->RPi,decrypt,119,237,118,3.539,4,esp32_edge_normal_1,0,normal
00:19:43.064,279.6,gateway_repit,gateway_A,raspberrypi,2,ESP32->RPi,decrypt,112,229,117,1.358,4,esp32_edge_simulator_2,1,mqtt_bruteforce
00:19:47.633,284.1,gateway_repit,gateway_A,raspberrypi,2,ESP32->RPi,decrypt,81,185,104,1.148,4,esp32_edge_simulator_1,2,scan_A
00:19:47.636,284.1,gateway_repit,gateway_A,raspberrypi,2,ESP32->RPi,decrypt,118,237,119,1.388,4,esp32_edge_normal_1,0,normal
00:19:49.076,285.6,gateway_repit,gateway_A,raspberrypi,2,RPi->PC,encrypt,3693,5006,1313,37.855,4,,,
00:19:49.128,285.6,gateway_repit,gateway_A,raspberrypi,2,ESP32->RPi,decrypt,121,241,120,1.602,4,esp32_edge_simulator_2,0,normal
00:19:49.280,285.8,gateway_repit,gateway_A,raspberrypi,2,PC->RPi,decrypt,3592,4874,1282,38.426,4,,,
00:19:49.328,285.8,gateway_repit,gateway_A,raspberrypi,2,RPi->ESP32,encrypt,3592,4874,1282,34.893,5,,,
00:20:01.254,297.8,gateway_repit,gateway_A,raspberrypi,2,ESP32->RPi,decrypt,117,233,116,3.986,5,esp32_edge_normal_1,0,normal
00:20:01.258,297.8,gateway_repit,gateway_A,raspberrypi,2,ESP32->RPi,decrypt,81,185,104,3.122,5,esp32_edge_simulator_1,2,scan_A
00:20:01.264,297.8,gateway_repit,gateway_A,raspberrypi,2,ESP32->RPi,decrypt,124,245,121,4.322,5,esp32_edge_simulator_2,0,normal
00:20:06.268,302.8,gateway_repit,gateway_A,raspberrypi,2,ESP32->RPi,decrypt,116,233,117,1.404,5,esp32_edge_normal_1,0,normal
00:20:06.311,302.8,gateway_repit,gateway_A,raspberrypi,2,ESP32->RPi,decrypt,112,229,117,1.473,5,esp32_edge_simulator_1,1,mqtt_bruteforce
00:20:06.313,302.8,gateway_repit,gateway_A,raspberrypi,2,ESP32->RPi,decrypt,115,233,118,1.397,5,esp32_edge_simulator_2,1,mqtt_bruteforce
00:20:11.290,307.8,gateway_repit,gateway_A,raspberrypi,2,ESP32->RPi,decrypt,120,237,117,4.678,5,esp32_edge_normal_1,0,normal
00:20:11.295,307.8,gateway_repit,gateway_A,raspberrypi,2,ESP32->RPi,decrypt,109,225,116,3.624,5,esp32_edge_simulator_1,1,mqtt_bruteforce
00:20:11.300,307.8,gateway_repit,gateway_A,raspberrypi,2,ESP32->RPi,decrypt,107,221,114,3.718,5,esp32_edge_simulator_2,2,scan_A
00:20:16.308,312.8,gateway_repit,gateway_A,raspberrypi,2,ESP32->RPi,decrypt,81,185,104,3.766,5,esp32_edge_simulator_1,2,scan_A
00:20:16.317,312.8,gateway_repit,gateway_A,raspberrypi,2,ESP32->RPi,decrypt,116,233,117,4.465,5,esp32_edge_simulator_2,0,normal
00:20:16.322,312.8,gateway_repit,gateway_A,raspberrypi,2,ESP32->RPi,decrypt,116,233,117,4.125,5,esp32_edge_normal_1,0,normal
00:20:21.222,317.7,gateway_repit,gateway_A,raspberrypi,2,ESP32->RPi,decrypt,117,233,116,1.339,5,esp32_edge_normal_1,0,normal
00:20:21.229,317.7,gateway_repit,gateway_A,raspberrypi,2,ESP32->RPi,decrypt,81,185,104,1.107,5,esp32_edge_simulator_2,2,scan_A
00:20:21.236,317.7,gateway_repit,gateway_A,raspberrypi,2,ESP32->RPi,decrypt,109,225,116,1.304,5,esp32_edge_simulator_1,1,mqtt_bruteforce
00:20:26.226,322.7,gateway_repit,gateway_A,raspberrypi,2,ESP32->RPi,decrypt,105,217,112,1.339,5,esp32_edge_simulator_1,2,scan_A
00:20:26.229,322.7,gateway_repit,gateway_A,raspberrypi,2,ESP32->RPi,decrypt,117,233,116,1.567,5,esp32_edge_normal_1,0,normal
00:20:26.230,322.7,gateway_repit,gateway_A,raspberrypi,2,ESP32->RPi,decrypt,108,221,113,1.273,5,esp32_edge_simulator_2,2,scan_A
00:20:31.258,327.8,gateway_repit,gateway_A,raspberrypi,2,ESP32->RPi,decrypt,117,233,116,4.246,5,esp32_edge_normal_1,0,normal
00:20:31.264,327.8,gateway_repit,gateway_A,raspberrypi,2,ESP32->RPi,decrypt,116,233,117,4.198,5,esp32_edge_simulator_1,0,normal
00:20:31.268,327.8,gateway_repit,gateway_A,raspberrypi,2,ESP32->RPi,decrypt,108,221,113,3.578,5,esp32_edge_simulator_2,2,scan_A
00:20:36.276,332.8,gateway_repit,gateway_A,raspberrypi,2,ESP32->RPi,decrypt,120,237,117,4.116,5,esp32_edge_normal_1,0,normal
00:20:36.280,332.8,gateway_repit,gateway_A,raspberrypi,2,ESP32->RPi,decrypt,123,241,118,3.635,5,esp32_edge_simulator_1,0,normal
00:20:36.285,332.8,gateway_repit,gateway_A,raspberrypi,2,ESP32->RPi,decrypt,119,237,118,3.508,5,esp32_edge_simulator_2,0,normal
00:20:41.294,337.8,gateway_repit,gateway_A,raspberrypi,2,ESP32->RPi,decrypt,115,233,118,1.475,5,esp32_edge_normal_1,0,normal
00:20:41.297,337.8,gateway_repit,gateway_A,raspberrypi,2,ESP32->RPi,decrypt,119,237,118,1.442,5,esp32_edge_simulator_1,0,normal
00:20:41.299,337.8,gateway_repit,gateway_A,raspberrypi,2,ESP32->RPi,decrypt,81,185,104,1.025,5,esp32_edge_simulator_2,2,scan_A
00:20:46.315,342.8,gateway_repit,gateway_A,raspberrypi,2,ESP32->RPi,decrypt,118,237,119,3.765,5,esp32_edge_normal_1,0,normal
00:20:46.319,342.8,gateway_repit,gateway_A,raspberrypi,2,ESP32->RPi,decrypt,81,185,104,3.346,5,esp32_edge_simulator_1,2,scan_A
00:20:47.574,344.1,gateway_repit,gateway_A,raspberrypi,2,RPi->PC,encrypt,3690,5002,1312,35.018,5,,,
00:20:47.704,344.2,gateway_repit,gateway_A,raspberrypi,2,PC->RPi,decrypt,3579,4854,1275,32.427,5,,,
00:20:47.745,344.2,gateway_repit,gateway_A,raspberrypi,2,RPi->ESP32,encrypt,3579,4854,1275,32.466,6,,,
00:20:47.877,344.4,gateway_repit,gateway_A,raspberrypi,2,ESP32->RPi,decrypt,102,213,111,1.427,6,esp32_edge_simulator_2,2,scan_A
00:20:59.815,356.3,gateway_repit,gateway_A,raspberrypi,2,ESP32->RPi,decrypt,107,221,114,4.078,6,esp32_edge_simulator_2,2,scan_A
00:20:59.820,356.3,gateway_repit,gateway_A,raspberrypi,2,ESP32->RPi,decrypt,117,233,116,4.104,6,esp32_edge_normal_1,0,normal
00:21:00.298,356.8,gateway_repit,gateway_A,raspberrypi,2,ESP32->RPi,decrypt,107,221,114,1.352,6,esp32_edge_simulator_1,2,scan_A
00:21:04.808,361.3,gateway_repit,gateway_A,raspberrypi,2,ESP32->RPi,decrypt,121,241,120,1.467,6,esp32_edge_simulator_2,0,normal
00:21:04.815,361.3,gateway_repit,gateway_A,raspberrypi,2,ESP32->RPi,decrypt,115,233,118,1.346,6,esp32_edge_normal_1,0,normal
00:21:05.301,361.8,gateway_repit,gateway_A,raspberrypi,2,ESP32->RPi,decrypt,106,221,115,1.44,6,esp32_edge_simulator_1,2,scan_A
00:21:09.859,366.4,gateway_repit,gateway_A,raspberrypi,2,ESP32->RPi,decrypt,110,225,115,1.335,6,esp32_edge_simulator_2,0,normal
00:21:09.863,366.4,gateway_repit,gateway_A,raspberrypi,2,ESP32->RPi,decrypt,120,237,117,1.447,6,esp32_edge_normal_1,0,normal
00:21:10.304,366.8,gateway_repit,gateway_A,raspberrypi,2,ESP32->RPi,decrypt,112,229,117,4.396,6,esp32_edge_simulator_1,1,mqtt_bruteforce
00:21:14.813,371.3,gateway_repit,gateway_A,raspberrypi,2,ESP32->RPi,decrypt,123,241,118,4.259,6,esp32_edge_simulator_2,0,normal
00:21:14.819,371.3,gateway_repit,gateway_A,raspberrypi,2,ESP32->RPi,decrypt,116,233,117,3.777,6,esp32_edge_normal_1,0,normal
00:21:15.298,371.8,gateway_repit,gateway_A,raspberrypi,2,ESP32->RPi,decrypt,107,221,114,1.247,6,esp32_edge_simulator_1,2,scan_A
00:21:19.809,376.3,gateway_repit,gateway_A,raspberrypi,2,ESP32->RPi,decrypt,116,233,117,1.365,6,esp32_edge_simulator_2,0,normal
00:21:19.814,376.3,gateway_repit,gateway_A,raspberrypi,2,ESP32->RPi,decrypt,115,233,118,1.347,6,esp32_edge_normal_1,0,normal
00:21:20.303,376.8,gateway_repit,gateway_A,raspberrypi,2,ESP32->RPi,decrypt,119,237,118,4.104,6,esp32_edge_simulator_1,0,normal
00:21:24.903,381.4,gateway_repit,gateway_A,raspberrypi,2,ESP32->RPi,decrypt,117,233,116,4.019,6,esp32_edge_normal_1,0,normal
00:21:24.908,381.4,gateway_repit,gateway_A,raspberrypi,2,ESP32->RPi,decrypt,113,229,116,3.435,6,esp32_edge_simulator_2,1,mqtt_bruteforce
00:21:25.425,381.9,gateway_repit,gateway_A,raspberrypi,2,ESP32->RPi,decrypt,112,229,117,1.296,6,esp32_edge_simulator_1,1,mqtt_bruteforce
00:21:29.830,386.3,gateway_repit,gateway_A,raspberrypi,2,ESP32->RPi,decrypt,108,221,113,1.262,6,esp32_edge_simulator_2,2,scan_A
00:21:29.833,386.3,gateway_repit,gateway_A,raspberrypi,2,ESP32->RPi,decrypt,121,241,120,1.364,6,esp32_edge_normal_1,0,normal
00:21:30.300,386.8,gateway_repit,gateway_A,raspberrypi,2,ESP32->RPi,decrypt,81,185,104,2.594,6,esp32_edge_simulator_1,2,scan_A
00:21:34.812,391.3,gateway_repit,gateway_A,raspberrypi,2,ESP32->RPi,decrypt,122,241,119,4.223,6,esp32_edge_simulator_2,0,normal
00:21:34.817,391.3,gateway_repit,gateway_A,raspberrypi,2,ESP32->RPi,decrypt,117,233,116,3.9,6,esp32_edge_normal_1,0,normal
00:21:35.306,391.8,gateway_repit,gateway_A,raspberrypi,2,ESP32->RPi,decrypt,119,237,118,4.209,6,esp32_edge_simulator_1,0,normal
00:21:39.809,396.3,gateway_repit,gateway_A,raspberrypi,2,ESP32->RPi,decrypt,121,241,120,1.514,6,esp32_edge_simulator_2,0,normal
00:21:39.816,396.3,gateway_repit,gateway_A,raspberrypi,2,ESP32->RPi,decrypt,120,237,117,1.456,6,esp32_edge_normal_1,0,normal
00:21:40.297,396.8,gateway_repit,gateway_A,raspberrypi,2,ESP32->RPi,decrypt,105,217,112,1.423,6,esp32_edge_simulator_1,2,scan_A
00:21:44.885,401.4,gateway_repit,gateway_A,raspberrypi,2,ESP32->RPi,decrypt,104,217,113,3.999,6,esp32_edge_simulator_2,1,mqtt_bruteforce
00:21:44.891,401.4,gateway_repit,gateway_A,raspberrypi,2,ESP32->RPi,decrypt,116,233,117,4.043,6,esp32_edge_normal_1,0,normal
00:21:46.149,402.6,gateway_repit,gateway_A,raspberrypi,2,RPi->PC,encrypt,3672,4978,1306,36.563,6,,,
00:21:46.279,402.8,gateway_repit,gateway_A,raspberrypi,2,PC->RPi,decrypt,3558,4826,1268,34.431,6,,,
00:21:46.329,402.8,gateway_repit,gateway_A,raspberrypi,2,RPi->ESP32,encrypt,3558,4826,1268,33.978,7,,,
00:21:46.472,403.0,gateway_repit,gateway_A,raspberrypi,2,ESP32->RPi,decrypt,123,241,118,1.877,7,esp32_edge_simulator_1,0,normal
00:21:58.400,414.9,gateway_repit,gateway_A,raspberrypi,2,ESP32->RPi,decrypt,111,225,114,3.16,7,esp32_edge_simulator_1,1,mqtt_bruteforce
00:21:58.873,415.4,gateway_repit,gateway_A,raspberrypi,2,ESP32->RPi,decrypt,112,229,117,1.482,7,esp32_edge_normal_1,0,normal
00:21:58.875,415.4,gateway_repit,gateway_A,raspberrypi,2,ESP32->RPi,decrypt,118,237,119,1.42,7,esp32_edge_simulator_2,0,normal
00:22:03.415,419.9,gateway_repit,gateway_A,raspberrypi,2,ESP32->RPi,decrypt,123,241,118,1.462,7,esp32_edge_simulator_1,0,normal
00:22:03.877,420.4,gateway_repit,gateway_A,raspberrypi,2,ESP32->RPi,decrypt,115,233,118,4.306,7,esp32_edge_normal_1,0,normal
00:22:03.883,420.4,gateway_repit,gateway_A,raspberrypi,2,ESP32->RPi,decrypt,116,233,117,4.019,7,esp32_edge_simulator_2,0,normal
00:22:08.435,424.9,gateway_repit,gateway_A,raspberrypi,2,ESP32->RPi,decrypt,113,229,116,1.354,7,esp32_edge_simulator_1,1,mqtt_bruteforce
00:22:08.874,425.4,gateway_repit,gateway_A,raspberrypi,2,ESP32->RPi,decrypt,108,221,113,1.353,7,esp32_edge_simulator_2,2,scan_A
00:22:08.876,425.4,gateway_repit,gateway_A,raspberrypi,2,ESP32->RPi,decrypt,117,233,116,1.356,7,esp32_edge_normal_1,0,normal
00:22:13.454,430.0,gateway_repit,gateway_A,raspberrypi,2,ESP32->RPi,decrypt,122,241,119,1.613,7,esp32_edge_simulator_1,0,normal
00:22:13.873,430.4,gateway_repit,gateway_A,raspberrypi,2,ESP32->RPi,decrypt,121,241,120,1.536,7,esp32_edge_normal_1,0,normal
00:22:13.875,430.4,gateway_repit,gateway_A,raspberrypi,2,ESP32->RPi,decrypt,124,245,121,1.464,7,esp32_edge_simulator_2,0,normal
00:22:18.475,435.0,gateway_repit,gateway_A,raspberrypi,2,ESP32->RPi,decrypt,81,185,104,2.627,7,esp32_edge_simulator_1,2,scan_A
00:22:18.872,435.4,gateway_repit,gateway_A,raspberrypi,2,ESP32->RPi,decrypt,106,221,115,1.327,7,esp32_edge_simulator_2,2,scan_A
00:22:18.876,435.4,gateway_repit,gateway_A,raspberrypi,2,ESP32->RPi,decrypt,119,237,118,1.386,7,esp32_edge_normal_1,0,normal
00:22:23.378,439.9,gateway_repit,gateway_A,raspberrypi,2,ESP32->RPi,decrypt,118,237,119,1.453,7,esp32_edge_simulator_1,0,normal
00:22:23.881,440.4,gateway_repit,gateway_A,raspberrypi,2,ESP32->RPi,decrypt,107,221,114,4.559,7,esp32_edge_simulator_2,2,scan_A
00:22:23.886,440.4,gateway_repit,gateway_A,raspberrypi,2,ESP32->RPi,decrypt,118,237,119,3.828,7,esp32_edge_normal_1,0,normal
00:22:28.506,445.0,gateway_repit,gateway_A,raspberrypi,2,ESP32->RPi,decrypt,119,237,118,1.406,7,esp32_edge_simulator_1,0,normal
00:22:28.874,445.4,gateway_repit,gateway_A,raspberrypi,2,ESP32->RPi,decrypt,120,237,117,1.441,7,esp32_edge_normal_1,0,normal
00:22:28.876,445.4,gateway_repit,gateway_A,raspberrypi,2,ESP32->RPi,decrypt,117,233,116,1.276,7,esp32_edge_simulator_2,0,normal
00:22:33.522,450.0,gateway_repit,gateway_A,raspberrypi,2,ESP32->RPi,decrypt,112,229,117,1.309,7,esp32_edge_simulator_1,1,mqtt_bruteforce
00:22:33.874,450.4,gateway_repit,gateway_A,raspberrypi,2,ESP32->RPi,decrypt,120,237,117,1.393,7,esp32_edge_simulator_2,0,normal
00:22:33.876,450.4,gateway_repit,gateway_A,raspberrypi,2,ESP32->RPi,decrypt,118,237,119,1.249,7,esp32_edge_normal_1,0,normal
00:22:38.438,454.9,gateway_repit,gateway_A,raspberrypi,2,ESP32->RPi,decrypt,113,229,116,1.395,7,esp32_edge_simulator_1,1,mqtt_bruteforce
00:22:38.873,455.4,gateway_repit,gateway_A,raspberrypi,2,ESP32->RPi,decrypt,108,221,113,1.386,7,esp32_edge_simulator_2,2,scan_A
00:22:38.881,455.4,gateway_repit,gateway_A,raspberrypi,2,ESP32->RPi,decrypt,118,237,119,1.368,7,esp32_edge_normal_1,0,normal
00:22:43.373,459.9,gateway_repit,gateway_A,raspberrypi,2,ESP32->RPi,decrypt,107,221,114,3.372,7,esp32_edge_simulator_1,2,scan_A
00:22:43.873,460.4,gateway_repit,gateway_A,raspberrypi,2,ESP32->RPi,decrypt,118,237,119,1.387,7,esp32_edge_simulator_2,0,normal
00:22:45.110,461.6,gateway_repit,gateway_A,raspberrypi,2,RPi->PC,encrypt,3672,4978,1306,36.469,7,,,
00:22:46.347,462.8,gateway_repit,gateway_A,raspberrypi,2,PC->RPi,decrypt,3559,4830,1271,30.554,7,,,
00:22:46.390,462.9,gateway_repit,gateway_A,raspberrypi,2,RPi->ESP32,encrypt,3559,4830,1271,36.519,8,,,
00:22:46.510,463.0,gateway_repit,gateway_A,raspberrypi,2,ESP32->RPi,decrypt,118,237,119,1.471,8,esp32_edge_normal_1,0,normal
00:22:58.407,474.9,gateway_repit,gateway_A,raspberrypi,2,ESP32->RPi,decrypt,118,237,119,3.243,8,esp32_edge_simulator_1,0,normal
00:22:58.481,475.0,gateway_repit,gateway_A,raspberrypi,2,ESP32->RPi,decrypt,107,221,114,3.229,8,esp32_edge_normal_1,0,normal
00:22:58.981,475.5,gateway_repit,gateway_A,raspberrypi,2,ESP32->RPi,decrypt,107,221,114,1.47,8,esp32_edge_simulator_2,1,mqtt_bruteforce
00:23:03.422,479.9,gateway_repit,gateway_A,raspberrypi,2,ESP32->RPi,decrypt,81,185,104,1.206,8,esp32_edge_simulator_1,2,scan_A
00:23:03.481,480.0,gateway_repit,gateway_A,raspberrypi,2,ESP32->RPi,decrypt,113,229,116,1.484,8,esp32_edge_normal_1,0,normal
00:23:03.994,480.5,gateway_repit,gateway_A,raspberrypi,2,ESP32->RPi,decrypt,118,237,119,4.123,8,esp32_edge_simulator_2,0,normal
00:23:08.439,484.9,gateway_repit,gateway_A,raspberrypi,2,ESP32->RPi,decrypt,118,237,119,1.445,8,esp32_edge_simulator_1,0,normal
00:23:08.481,485.0,gateway_repit,gateway_A,raspberrypi,2,ESP32->RPi,decrypt,119,237,118,1.661,8,esp32_edge_normal_1,0,normal
00:23:08.985,485.5,gateway_repit,gateway_A,raspberrypi,2,ESP32->RPi,decrypt,117,233,116,1.58,8,esp32_edge_simulator_2,0,normal
00:23:13.385,489.9,gateway_repit,gateway_A,raspberrypi,2,ESP32->RPi,decrypt,81,185,104,3.197,8,esp32_edge_simulator_1,2,scan_A
00:23:13.480,490.0,gateway_repit,gateway_A,raspberrypi,2,ESP32->RPi,decrypt,113,229,116,3.364,8,esp32_edge_normal_1,0,normal
00:23:13.984,490.5,gateway_repit,gateway_A,raspberrypi,2,ESP32->RPi,decrypt,123,241,118,1.474,8,esp32_edge_simulator_2,0,normal
00:23:18.380,494.9,gateway_repit,gateway_A,raspberrypi,2,ESP32->RPi,decrypt,81,185,104,1.08,8,esp32_edge_simulator_1,2,scan_A
00:23:18.482,495.0,gateway_repit,gateway_A,raspberrypi,2,ESP32->RPi,decrypt,117,233,116,1.542,8,esp32_edge_normal_1,0,normal
00:23:19.005,495.5,gateway_repit,gateway_A,raspberrypi,2,ESP32->RPi,decrypt,113,229,116,4.105,8,esp32_edge_simulator_2,1,mqtt_bruteforce
00:23:23.433,499.9,gateway_repit,gateway_A,raspberrypi,2,ESP32->RPi,decrypt,106,221,115,4.009,8,esp32_edge_simulator_1,2,scan_A
00:23:23.528,500.0,gateway_repit,gateway_A,raspberrypi,2,ESP32->RPi,decrypt,114,229,115,2.315,8,esp32_edge_normal_1,0,normal
00:23:24.046,500.5,gateway_repit,gateway_A,raspberrypi,2,ESP32->RPi,decrypt,107,221,114,1.404,8,esp32_edge_simulator_2,2,scan_A
00:23:28.381,504.9,gateway_repit,gateway_A,raspberrypi,2,ESP32->RPi,decrypt,116,233,117,1.398,8,esp32_edge_simulator_1,0,normal
00:23:28.478,505.0,gateway_repit,gateway_A,raspberrypi,2,ESP32->RPi,decrypt,114,229,115,1.276,8,esp32_edge_normal_1,0,normal
00:23:28.983,505.5,gateway_repit,gateway_A,raspberrypi,2,ESP32->RPi,decrypt,111,225,114,2.801,8,esp32_edge_simulator_2,1,mqtt_bruteforce
00:23:33.383,509.9,gateway_repit,gateway_A,raspberrypi,2,ESP32->RPi,decrypt,81,185,104,3.077,8,esp32_edge_simulator_1,2,scan_A
00:23:33.483,510.0,gateway_repit,gateway_A,raspberrypi,2,ESP32->RPi,decrypt,115,233,118,4.318,8,esp32_edge_normal_1,0,normal
00:23:33.990,510.5,gateway_repit,gateway_A,raspberrypi,2,ESP32->RPi,decrypt,121,241,120,1.413,8,esp32_edge_simulator_2,0,normal
00:23:38.380,514.9,gateway_repit,gateway_A,raspberrypi,2,ESP32->RPi,decrypt,81,185,104,1.084,8,esp32_edge_simulator_1,2,scan_A
00:23:38.478,515.0,gateway_repit,gateway_A,raspberrypi,2,ESP32->RPi,decrypt,118,237,119,1.43,8,esp32_edge_normal_1,0,normal
00:23:38.983,515.5,gateway_repit,gateway_A,raspberrypi,2,ESP32->RPi,decrypt,116,233,117,1.384,8,esp32_edge_simulator_2,0,normal
00:23:43.378,519.9,gateway_repit,gateway_A,raspberrypi,2,ESP32->RPi,decrypt,81,185,104,1.089,8,esp32_edge_simulator_1,2,scan_A
00:23:43.482,520.0,gateway_repit,gateway_A,raspberrypi,2,ESP32->RPi,decrypt,119,237,118,1.576,8,esp32_edge_normal_1,0,normal
00:23:45.200,521.7,gateway_repit,gateway_A,raspberrypi,2,RPi->PC,encrypt,3664,4970,1306,35.438,8,,,
00:23:45.356,521.9,gateway_repit,gateway_A,raspberrypi,2,PC->RPi,decrypt,3561,4830,1269,37.19,8,,,
00:23:45.411,521.9,gateway_repit,gateway_A,raspberrypi,2,RPi->ESP32,encrypt,3561,4830,1269,37.886,9,,,
00:23:45.538,522.0,gateway_repit,gateway_A,raspberrypi,2,ESP32->RPi,decrypt,110,225,115,1.689,9,esp32_edge_simulator_2,0,normal
00:23:57.493,534.0,gateway_repit,gateway_A,raspberrypi,2,ESP32->RPi,decrypt,116,233,117,3.824,9,esp32_edge_normal_1,0,normal
00:23:57.964,534.5,gateway_repit,gateway_A,raspberrypi,2,ESP32->RPi,decrypt,113,229,116,4.314,9,esp32_edge_simulator_1,1,mqtt_bruteforce
00:23:57.972,534.5,gateway_repit,gateway_A,raspberrypi,2,ESP32->RPi,decrypt,119,237,118,4.088,9,esp32_edge_simulator_2,0,normal
00:24:02.507,539.0,gateway_repit,gateway_A,raspberrypi,2,ESP32->RPi,decrypt,120,237,117,1.463,9,esp32_edge_normal_1,0,normal
00:24:02.963,539.5,gateway_repit,gateway_A,raspberrypi,2,ESP32->RPi,decrypt,124,245,121,1.424,9,esp32_edge_simulator_1,0,normal
00:24:02.968,539.5,gateway_repit,gateway_A,raspberrypi,2,ESP32->RPi,decrypt,110,225,115,1.221,9,esp32_edge_simulator_2,1,mqtt_bruteforce
00:24:07.533,544.0,gateway_repit,gateway_A,raspberrypi,2,ESP32->RPi,decrypt,115,233,118,4.097,9,esp32_edge_normal_1,0,normal
00:24:07.972,544.5,gateway_repit,gateway_A,raspberrypi,2,ESP32->RPi,decrypt,110,225,115,1.324,9,esp32_edge_simulator_1,1,mqtt_bruteforce
00:24:07.981,544.5,gateway_repit,gateway_A,raspberrypi,2,ESP32->RPi,decrypt,107,221,114,1.303,9,esp32_edge_simulator_2,1,mqtt_bruteforce
00:24:12.543,549.0,gateway_repit,gateway_A,raspberrypi,2,ESP32->RPi,decrypt,114,229,115,1.355,9,esp32_edge_normal_1,0,normal
00:24:12.972,549.5,gateway_repit,gateway_A,raspberrypi,2,ESP32->RPi,decrypt,119,237,118,3.437,9,esp32_edge_simulator_2,0,normal
00:24:12.986,549.5,gateway_repit,gateway_A,raspberrypi,2,ESP32->RPi,decrypt,105,217,112,3.191,9,esp32_edge_simulator_1,2,scan_A
00:24:17.563,554.1,gateway_repit,gateway_A,raspberrypi,2,ESP32->RPi,decrypt,121,241,120,3.725,9,esp32_edge_normal_1,0,normal
00:24:17.963,554.5,gateway_repit,gateway_A,raspberrypi,2,ESP32->RPi,decrypt,122,241,119,1.455,9,esp32_edge_simulator_1,0,normal
00:24:17.969,554.5,gateway_repit,gateway_A,raspberrypi,2,ESP32->RPi,decrypt,117,233,116,1.395,9,esp32_edge_simulator_2,0,normal
00:24:22.471,559.0,gateway_repit,gateway_A,raspberrypi,2,ESP32->RPi,decrypt,118,237,119,1.358,9,esp32_edge_normal_1,0,normal
00:24:22.986,559.5,gateway_repit,gateway_A,raspberrypi,2,ESP32->RPi,decrypt,119,237,118,2.934,9,esp32_edge_simulator_2,0,normal
00:24:23.094,559.6,gateway_repit,gateway_A,raspberrypi,2,ESP32->RPi,decrypt,122,241,119,3.03,9,esp32_edge_simulator_1,0,normal
00:24:27.469,564.0,gateway_repit,gateway_A,raspberrypi,2,ESP32->RPi,decrypt,119,237,118,1.298,9,esp32_edge_normal_1,0,normal
00:24:27.960,564.5,gateway_repit,gateway_A,raspberrypi,2,ESP32->RPi,decrypt,110,225,115,1.275,9,esp32_edge_simulator_1,1,mqtt_bruteforce
00:24:27.977,564.5,gateway_repit,gateway_A,raspberrypi,2,ESP32->RPi,decrypt,113,229,116,1.4,9,esp32_edge_simulator_2,1,mqtt_bruteforce
00:24:32.476,569.0,gateway_repit,gateway_A,raspberrypi,2,ESP32->RPi,decrypt,115,233,118,4.254,9,esp32_edge_normal_1,0,normal
00:24:32.960,569.5,gateway_repit,gateway_A,raspberrypi,2,ESP32->RPi,decrypt,106,221,115,1.302,9,esp32_edge_simulator_1,2,scan_A
00:24:32.968,569.5,gateway_repit,gateway_A,raspberrypi,2,ESP32->RPi,decrypt,124,245,121,1.353,9,esp32_edge_simulator_2,0,normal
00:24:37.470,574.0,gateway_repit,gateway_A,raspberrypi,2,ESP32->RPi,decrypt,116,233,117,1.336,9,esp32_edge_normal_1,0,normal
00:24:37.962,574.5,gateway_repit,gateway_A,raspberrypi,2,ESP32->RPi,decrypt,122,241,119,1.363,9,esp32_edge_simulator_1,0,normal
00:24:37.974,574.5,gateway_repit,gateway_A,raspberrypi,2,ESP32->RPi,decrypt,122,241,119,1.338,9,esp32_edge_simulator_2,0,normal
00:24:42.546,579.0,gateway_repit,gateway_A,raspberrypi,2,ESP32->RPi,decrypt,108,221,113,1.263,9,esp32_edge_normal_1,0,normal
00:24:42.962,579.5,gateway_repit,gateway_A,raspberrypi,2,ESP32->RPi,decrypt,108,221,113,1.264,9,esp32_edge_simulator_1,2,scan_A
00:24:44.217,580.7,gateway_repit,gateway_A,raspberrypi,2,RPi->PC,encrypt,3645,4942,1297,37.712,9,,,
00:24:44.345,580.8,gateway_repit,gateway_A,raspberrypi,2,PC->RPi,decrypt,3561,4830,1269,37.07,9,,,
00:24:44.392,580.9,gateway_repit,gateway_A,raspberrypi,2,RPi->ESP32,encrypt,3561,4830,1269,36.939,10,,,
00:24:44.513,581.0,gateway_repit,gateway_A,raspberrypi,2,ESP32->RPi,decrypt,113,229,116,1.71,10,esp32_edge_simulator_2,1,mqtt_bruteforce
00:24:56.477,593.0,gateway_repit,gateway_A,raspberrypi,2,ESP32->RPi,decrypt,114,229,115,4.467,10,esp32_edge_normal_1,0,normal
00:24:56.483,593.0,gateway_repit,gateway_A,raspberrypi,2,ESP32->RPi,decrypt,118,237,119,4.092,10,esp32_edge_simulator_1,0,normal
00:24:56.957,593.5,gateway_repit,gateway_A,raspberrypi,2,ESP32->RPi,decrypt,107,221,114,1.278,10,esp32_edge_simulator_2,2,scan_A
00:25:01.490,598.0,gateway_repit,gateway_A,raspberrypi,2,ESP32->RPi,decrypt,116,233,117,1.356,10,esp32_edge_normal_1,0,normal
00:25:01.494,598.0,gateway_repit,gateway_A,raspberrypi,2,ESP32->RPi,decrypt,111,225,114,1.222,10,esp32_edge_simulator_1,0,normal
00:25:01.960,598.5,gateway_repit,gateway_A,raspberrypi,2,ESP32->RPi,decrypt,118,237,119,1.284,10,esp32_edge_simulator_2,0,normal
00:25:06.455,603.0,gateway_repit,gateway_A,raspberrypi,2,ESP32->RPi,decrypt,110,225,115,1.242,10,esp32_edge_simulator_1,1,mqtt_bruteforce
00:25:06.462,603.0,gateway_repit,gateway_A,raspberrypi,2,ESP32->RPi,decrypt,107,221,114,1.325,10,esp32_edge_normal_1,0,normal
00:25:06.974,603.5,gateway_repit,gateway_A,raspberrypi,2,ESP32->RPi,decrypt,110,225,115,4.005,10,esp32_edge_simulator_2,1,mqtt_bruteforce
00:25:11.454,608.0,gateway_repit,gateway_A,raspberrypi,2,ESP32->RPi,decrypt,118,237,119,1.425,10,esp32_edge_normal_1,0,normal
00:25:11.456,608.0,gateway_repit,gateway_A,raspberrypi,2,ESP32->RPi,decrypt,113,229,116,1.326,10,esp32_edge_simulator_1,1,mqtt_bruteforce
00:25:11.964,608.5,gateway_repit,gateway_A,raspberrypi,2,ESP32->RPi,decrypt,122,241,119,1.406,10,esp32_edge_simulator_2,0,normal
00:25:16.456,613.0,gateway_repit,gateway_A,raspberrypi,2,ESP32->RPi,decrypt,117,233,116,3.006,10,esp32_edge_normal_1,0,normal
00:25:16.462,613.0,gateway_repit,gateway_A,raspberrypi,2,ESP32->RPi,decrypt,124,245,121,3.214,10,esp32_edge_simulator_1,0,normal
00:25:16.960,613.5,gateway_repit,gateway_A,raspberrypi,2,ESP32->RPi,decrypt,123,241,118,1.445,10,esp32_edge_simulator_2,0,normal
00:25:21.462,618.0,gateway_repit,gateway_A,raspberrypi,2,ESP32->RPi,decrypt,114,229,115,1.368,10,esp32_edge_normal_1,0,normal
00:25:21.465,618.0,gateway_repit,gateway_A,raspberrypi,2,ESP32->RPi,decrypt,108,221,113,1.29,10,esp32_edge_simulator_1,0,normal
00:25:22.032,618.5,gateway_repit,gateway_A,raspberrypi,2,ESP32->RPi,decrypt,109,225,116,4.013,10,esp32_edge_simulator_2,1,mqtt_bruteforce
00:25:26.453,623.0,gateway_repit,gateway_A,raspberrypi,2,ESP32->RPi,decrypt,120,237,117,1.478,10,esp32_edge_normal_1,0,normal
00:25:26.457,623.0,gateway_repit,gateway_A,raspberrypi,2,ESP32->RPi,decrypt,116,233,117,1.353,10,esp32_edge_simulator_1,0,normal
00:25:26.960,623.5,gateway_repit,gateway_A,raspberrypi,2,ESP32->RPi,decrypt,122,241,119,1.473,10,esp32_edge_simulator_2,0,normal
00:25:31.459,628.0,gateway_repit,gateway_A,raspberrypi,2,ESP32->RPi,decrypt,105,217,112,3.003,10,esp32_edge_simulator_1,2,scan_A
00:25:31.464,628.0,gateway_repit,gateway_A,raspberrypi,2,ESP32->RPi,decrypt,118,237,119,2.978,10,esp32_edge_normal_1,0,normal
00:25:31.967,628.5,gateway_repit,gateway_A,raspberrypi,2,ESP32->RPi,decrypt,111,225,114,1.204,10,esp32_edge_simulator_2,1,mqtt_bruteforce
00:25:36.511,633.0,gateway_repit,gateway_A,raspberrypi,2,ESP32->RPi,decrypt,118,237,119,1.49,10,esp32_edge_normal_1,0,normal
00:25:36.514,633.0,gateway_repit,gateway_A,raspberrypi,2,ESP32->RPi,decrypt,109,225,116,1.395,10,esp32_edge_simulator_1,1,mqtt_bruteforce
00:25:36.959,633.5,gateway_repit,gateway_A,raspberrypi,2,ESP32->RPi,decrypt,107,221,114,3.178,10,esp32_edge_simulator_2,2,scan_A
00:25:41.529,638.0,gateway_repit,gateway_A,raspberrypi,2,ESP32->RPi,decrypt,115,233,118,1.538,10,esp32_edge_normal_1,0,normal
00:25:41.532,638.0,gateway_repit,gateway_A,raspberrypi,2,ESP32->RPi,decrypt,115,233,118,1.437,10,esp32_edge_simulator_1,0,normal
00:25:42.582,639.1,gateway_repit,gateway_A,raspberrypi,2,RPi->PC,encrypt,3671,4978,1307,63.185,10,,,
00:25:42.904,639.4,gateway_repit,gateway_A,raspberrypi,2,PC->RPi,decrypt,3567,4838,1271,33.222,10,,,
00:25:42.947,639.4,gateway_repit,gateway_A,raspberrypi,2,RPi->ESP32,encrypt,3567,4838,1271,35.417,11,,,
00:25:43.091,639.6,gateway_repit,gateway_A,raspberrypi,2,ESP32->RPi,decrypt,110,225,115,1.317,11,esp32_edge_simulator_2,1,mqtt_bruteforce
00:25:55.152,651.6,gateway_repit,gateway_A,raspberrypi,2,ESP32->RPi,decrypt,117,233,116,4.142,11,esp32_edge_simulator_2,0,normal
00:25:55.157,651.7,gateway_repit,gateway_A,raspberrypi,2,ESP32->RPi,decrypt,112,229,117,3.918,11,esp32_edge_simulator_1,1,mqtt_bruteforce
00:25:55.539,652.0,gateway_repit,gateway_A,raspberrypi,2,ESP32->RPi,decrypt,114,229,115,4.143,11,esp32_edge_normal_1,0,normal
00:26:00.068,656.6,gateway_repit,gateway_A,raspberrypi,2,ESP32->RPi,decrypt,120,237,117,4.821,11,esp32_edge_simulator_1,0,normal
00:26:00.073,656.6,gateway_repit,gateway_A,raspberrypi,2,ESP32->RPi,decrypt,123,241,118,4.323,11,esp32_edge_simulator_2,0,normal
00:26:00.536,657.0,gateway_repit,gateway_A,raspberrypi,2,ESP32->RPi,decrypt,117,233,116,3.67,11,esp32_edge_normal_1,0,normal
00:26:05.037,661.5,gateway_repit,gateway_A,raspberrypi,2,ESP32->RPi,decrypt,120,237,117,4.424,11,esp32_edge_simulator_1,0,normal
00:26:05.042,661.5,gateway_repit,gateway_A,raspberrypi,2,ESP32->RPi,decrypt,123,241,118,4.208,11,esp32_edge_simulator_2,0,normal
00:26:05.533,662.0,gateway_repit,gateway_A,raspberrypi,2,ESP32->RPi,decrypt,117,233,116,1.309,11,esp32_edge_normal_1,0,normal
00:26:10.033,666.5,gateway_repit,gateway_A,raspberrypi,2,ESP32->RPi,decrypt,119,237,118,1.283,11,esp32_edge_simulator_2,0,normal
00:26:10.042,666.5,gateway_repit,gateway_A,raspberrypi,2,ESP32->RPi,decrypt,107,221,114,1.227,11,esp32_edge_simulator_1,2,scan_A
00:26:10.533,667.0,gateway_repit,gateway_A,raspberrypi,2,ESP32->RPi,decrypt,114,229,115,3.977,11,esp32_edge_normal_1,0,normal
00:26:15.120,671.6,gateway_repit,gateway_A,raspberrypi,2,ESP32->RPi,decrypt,110,225,115,3.946,11,esp32_edge_simulator_1,1,mqtt_bruteforce
00:26:15.125,671.6,gateway_repit,gateway_A,raspberrypi,2,ESP32->RPi,decrypt,106,221,115,3.757,11,esp32_edge_simulator_2,2,scan_A
00:26:15.544,672.0,gateway_repit,gateway_A,raspberrypi,2,ESP32->RPi,decrypt,119,237,118,4.189,11,esp32_edge_normal_1,0,normal
00:26:20.138,676.6,gateway_repit,gateway_A,raspberrypi,2,ESP32->RPi,decrypt,112,229,117,4.24,11,esp32_edge_simulator_1,1,mqtt_bruteforce
00:26:20.143,676.6,gateway_repit,gateway_A,raspberrypi,2,ESP32->RPi,decrypt,118,237,119,4.148,11,esp32_edge_simulator_2,0,normal
00:26:20.534,677.0,gateway_repit,gateway_A,raspberrypi,2,ESP32->RPi,decrypt,116,233,117,1.446,11,esp32_edge_normal_1,0,normal
00:26:25.091,681.6,gateway_repit,gateway_A,raspberrypi,2,ESP32->RPi,decrypt,114,229,115,1.402,11,esp32_edge_simulator_1,1,mqtt_bruteforce
00:26:25.094,681.6,gateway_repit,gateway_A,raspberrypi,2,ESP32->RPi,decrypt,114,229,115,1.294,11,esp32_edge_simulator_2,1,mqtt_bruteforce
00:26:25.617,682.1,gateway_repit,gateway_A,raspberrypi,2,ESP32->RPi,decrypt,114,229,115,3.923,11,esp32_edge_normal_1,0,normal
00:26:30.069,686.6,gateway_repit,gateway_A,raspberrypi,2,ESP32->RPi,decrypt,81,185,104,1.056,11,esp32_edge_simulator_1,2,scan_A
00:26:30.072,686.6,gateway_repit,gateway_A,raspberrypi,2,ESP32->RPi,decrypt,81,185,104,1.053,11,esp32_edge_simulator_2,2,scan_A
00:26:30.530,687.0,gateway_repit,gateway_A,raspberrypi,2,ESP32->RPi,decrypt,115,233,118,1.445,11,esp32_edge_normal_1,0,normal
00:26:35.092,691.6,gateway_repit,gateway_A,raspberrypi,2,ESP32->RPi,decrypt,106,221,115,4.362,11,esp32_edge_simulator_1,2,scan_A
00:26:35.097,691.6,gateway_repit,gateway_A,raspberrypi,2,ESP32->RPi,decrypt,112,229,117,3.955,11,esp32_edge_simulator_2,1,mqtt_bruteforce
00:26:35.540,692.0,gateway_repit,gateway_A,raspberrypi,2,ESP32->RPi,decrypt,120,237,117,3.652,11,esp32_edge_normal_1,0,normal
00:26:40.106,696.6,gateway_repit,gateway_A,raspberrypi,2,ESP32->RPi,decrypt,123,241,118,4.653,11,esp32_edge_simulator_1,0,normal
00:26:40.111,696.6,gateway_repit,gateway_A,raspberrypi,2,ESP32->RPi,decrypt,107,221,114,3.893,11,esp32_edge_simulator_2,2,scan_A
00:26:41.105,697.6,gateway_repit,gateway_A,raspberrypi,2,RPi->PC,encrypt,3666,4970,1304,34.67,11,,,
00:26:41.333,697.8,gateway_repit,gateway_A,raspberrypi,2,PC->RPi,decrypt,3543,4806,1263,32.461,11,,,
00:26:41.373,697.9,gateway_repit,gateway_A,raspberrypi,2,RPi->ESP32,encrypt,3543,4806,1263,33.749,12,,,
00:26:41.488,698.0,gateway_repit,gateway_A,raspberrypi,2,ESP32->RPi,decrypt,119,237,118,1.313,12,esp32_edge_normal_1,0,normal
00:26:54.398,710.9,gateway_repit,gateway_A,raspberrypi,2,ESP32->RPi,decrypt,113,229,116,3.881,12,esp32_edge_simulator_1,1,mqtt_bruteforce
00:26:54.422,710.9,gateway_repit,gateway_A,raspberrypi,2,ESP32->RPi,decrypt,116,233,117,3.796,12,esp32_edge_normal_1,0,normal
00:26:54.954,711.5,gateway_repit,gateway_A,raspberrypi,2,ESP32->RPi,decrypt,120,237,117,3.989,12,esp32_edge_simulator_2,0,normal
00:26:59.396,715.9,gateway_repit,gateway_A,raspberrypi,2,ESP32->RPi,decrypt,81,185,104,1.015,12,esp32_edge_simulator_1,2,scan_A
00:26:59.426,715.9,gateway_repit,gateway_A,raspberrypi,2,ESP32->RPi,decrypt,120,237,117,1.512,12,esp32_edge_normal_1,0,normal
00:26:59.944,716.4,gateway_repit,gateway_A,raspberrypi,2,ESP32->RPi,decrypt,107,221,114,1.219,12,esp32_edge_simulator_2,2,scan_A
00:27:04.399,720.9,gateway_repit,gateway_A,raspberrypi,2,ESP32->RPi,decrypt,108,221,113,3.926,12,esp32_edge_simulator_1,2,scan_A
00:27:04.425,720.9,gateway_repit,gateway_A,raspberrypi,2,ESP32->RPi,decrypt,117,233,116,4.087,12,esp32_edge_normal_1,0,normal
00:27:04.952,721.4,gateway_repit,gateway_A,raspberrypi,2,ESP32->RPi,decrypt,120,237,117,4.32,12,esp32_edge_simulator_2,0,normal
00:27:09.397,725.9,gateway_repit,gateway_A,raspberrypi,2,ESP32->RPi,decrypt,111,225,114,3.844,12,esp32_edge_simulator_1,1,mqtt_bruteforce
00:27:09.425,725.9,gateway_repit,gateway_A,raspberrypi,2,ESP32->RPi,decrypt,121,241,120,4.114,12,esp32_edge_normal_1,0,normal
00:27:09.945,726.4,gateway_repit,gateway_A,raspberrypi,2,ESP32->RPi,decrypt,102,213,111,2.074,12,esp32_edge_simulator_2,2,scan_A
00:27:14.402,730.9,gateway_repit,gateway_A,raspberrypi,2,ESP32->RPi,decrypt,108,221,113,3.966,12,esp32_edge_simulator_1,2,scan_A
00:27:14.424,730.9,gateway_repit,gateway_A,raspberrypi,2,ESP32->RPi,decrypt,117,233,116,4.096,12,esp32_edge_normal_1,0,normal
00:27:14.961,731.5,gateway_repit,gateway_A,raspberrypi,2,ESP32->RPi,decrypt,117,233,116,4.08,12,esp32_edge_simulator_2,1,mqtt_bruteforce
00:27:19.399,735.9,gateway_repit,gateway_A,raspberrypi,2,ESP32->RPi,decrypt,118,237,119,3.393,12,esp32_edge_simulator_1,0,normal
00:27:19.420,735.9,gateway_repit,gateway_A,raspberrypi,2,ESP32->RPi,decrypt,112,229,117,3.316,12,esp32_edge_normal_1,0,normal
00:27:19.950,736.4,gateway_repit,gateway_A,raspberrypi,2,ESP32->RPi,decrypt,118,237,119,3.851,12,esp32_edge_simulator_2,0,normal
00:27:24.418,740.9,gateway_repit,gateway_A,raspberrypi,2,ESP32->RPi,decrypt,81,185,104,3.092,12,esp32_edge_simulator_1,2,scan_A
00:27:24.423,740.9,gateway_repit,gateway_A,raspberrypi,2,ESP32->RPi,decrypt,115,233,118,3.745,12,esp32_edge_normal_1,0,normal
00:27:24.956,741.5,gateway_repit,gateway_A,raspberrypi,2,ESP32->RPi,decrypt,124,245,121,4.222,12,esp32_edge_simulator_2,0,normal
00:27:29.396,745.9,gateway_repit,gateway_A,raspberrypi,2,ESP32->RPi,decrypt,120,237,117,1.332,12,esp32_edge_simulator_1,0,normal
00:27:29.416,745.9,gateway_repit,gateway_A,raspberrypi,2,ESP32->RPi,decrypt,116,233,117,1.264,12,esp32_edge_normal_1,0,normal
00:27:29.947,746.4,gateway_repit,gateway_A,raspberrypi,2,ESP32->RPi,decrypt,121,241,120,1.334,12,esp32_edge_simulator_2,0,normal
00:27:34.398,750.9,gateway_repit,gateway_A,raspberrypi,2,ESP32->RPi,decrypt,110,225,115,3.679,12,esp32_edge_simulator_1,1,mqtt_bruteforce
00:27:34.424,750.9,gateway_repit,gateway_A,raspberrypi,2,ESP32->RPi,decrypt,120,237,117,4.002,12,esp32_edge_normal_1,0,normal
00:27:34.946,751.4,gateway_repit,gateway_A,raspberrypi,2,ESP32->RPi,decrypt,107,221,114,3.62,12,esp32_edge_simulator_2,2,scan_A
00:27:39.498,756.0,gateway_repit,gateway_A,raspberrypi,2,ESP32->RPi,decrypt,120,237,117,4.0,12,esp32_edge_simulator_1,0,normal
00:27:39.503,756.0,gateway_repit,gateway_A,raspberrypi,2,ESP32->RPi,decrypt,114,229,115,3.869,12,esp32_edge_normal_1,0,normal
00:27:40.494,757.0,gateway_repit,gateway_A,raspberrypi,2,RPi->PC,encrypt,3660,4962,1302,32.66,12,,,
00:27:40.624,757.1,gateway_repit,gateway_A,raspberrypi,2,PC->RPi,decrypt,3557,4826,1269,35.059,12,,,
00:27:40.665,757.2,gateway_repit,gateway_A,raspberrypi,2,RPi->ESP32,encrypt,3557,4826,1269,34.905,13,,,
00:27:40.768,757.3,gateway_repit,gateway_A,raspberrypi,2,ESP32->RPi,decrypt,119,237,118,1.375,13,esp32_edge_simulator_2,0,normal
00:27:53.733,770.2,gateway_repit,gateway_A,raspberrypi,2,ESP32->RPi,decrypt,113,229,116,4.409,13,esp32_edge_simulator_1,1,mqtt_bruteforce
00:27:53.739,770.2,gateway_repit,gateway_A,raspberrypi,2,ESP32->RPi,decrypt,121,241,120,4.22,13,esp32_edge_normal_1,0,normal
00:27:53.758,770.3,gateway_repit,gateway_A,raspberrypi,2,ESP32->RPi,decrypt,123,241,118,3.646,13,esp32_edge_simulator_2,0,normal
00:27:58.692,775.2,gateway_repit,gateway_A,raspberrypi,2,ESP32->RPi,decrypt,124,245,121,1.447,13,esp32_edge_simulator_1,0,normal
00:27:58.708,775.2,gateway_repit,gateway_A,raspberrypi,2,ESP32->RPi,decrypt,120,237,117,1.443,13,esp32_edge_normal_1,0,normal
00:27:58.753,775.3,gateway_repit,gateway_A,raspberrypi,2,ESP32->RPi,decrypt,102,213,111,1.337,13,esp32_edge_simulator_2,2,scan_A
00:28:03.768,780.3,gateway_repit,gateway_A,raspberrypi,2,ESP32->RPi,decrypt,116,233,117,4.387,13,esp32_edge_simulator_1,0,normal
00:28:03.774,780.3,gateway_repit,gateway_A,raspberrypi,2,ESP32->RPi,decrypt,118,237,119,4.0,13,esp32_edge_normal_1,0,normal
00:28:03.779,780.3,gateway_repit,gateway_A,raspberrypi,2,ESP32->RPi,decrypt,111,225,114,3.636,13,esp32_edge_simulator_2,1,mqtt_bruteforce
00:28:08.785,785.3,gateway_repit,gateway_A,raspberrypi,2,ESP32->RPi,decrypt,111,225,114,3.643,13,esp32_edge_simulator_1,1,mqtt_bruteforce
00:28:08.790,785.3,gateway_repit,gateway_A,raspberrypi,2,ESP32->RPi,decrypt,117,233,116,3.767,13,esp32_edge_normal_1,0,normal
00:28:08.795,785.3,gateway_repit,gateway_A,raspberrypi,2,ESP32->RPi,decrypt,110,225,115,3.567,13,esp32_edge_simulator_2,1,mqtt_bruteforce
00:28:13.692,790.2,gateway_repit,gateway_A,raspberrypi,2,ESP32->RPi,decrypt,81,185,104,3.358,13,esp32_edge_simulator_1,2,scan_A
00:28:13.711,790.2,gateway_repit,gateway_A,raspberrypi,2,ESP32->RPi,decrypt,116,233,117,4.331,13,esp32_edge_normal_1,0,normal
00:28:13.758,790.3,gateway_repit,gateway_A,raspberrypi,2,ESP32->RPi,decrypt,110,225,115,3.907,13,esp32_edge_simulator_2,1,mqtt_bruteforce
00:28:18.689,795.2,gateway_repit,gateway_A,raspberrypi,2,ESP32->RPi,decrypt,107,221,114,1.379,13,esp32_edge_simulator_1,2,scan_A
00:28:18.723,795.2,gateway_repit,gateway_A,raspberrypi,2,ESP32->RPi,decrypt,118,237,119,1.368,13,esp32_edge_normal_1,0,normal
00:28:18.763,795.3,gateway_repit,gateway_A,raspberrypi,2,ESP32->RPi,decrypt,112,229,117,1.283,13,esp32_edge_simulator_2,1,mqtt_bruteforce
00:28:23.727,800.2,gateway_repit,gateway_A,raspberrypi,2,ESP32->RPi,decrypt,112,229,117,4.031,13,esp32_edge_simulator_1,1,mqtt_bruteforce
00:28:23.733,800.2,gateway_repit,gateway_A,raspberrypi,2,ESP32->RPi,decrypt,120,237,117,4.251,13,esp32_edge_normal_1,0,normal
00:28:23.758,800.3,gateway_repit,gateway_A,raspberrypi,2,ESP32->RPi,decrypt,120,237,117,4.368,13,esp32_edge_simulator_2,0,normal
00:28:28.749,805.2,gateway_repit,gateway_A,raspberrypi,2,ESP32->RPi,decrypt,105,217,112,1.372,13,esp32_edge_simulator_1,2,scan_A
00:28:28.753,805.3,gateway_repit,gateway_A,raspberrypi,2,ESP32->RPi,decrypt,116,233,117,1.378,13,esp32_edge_normal_1,0,normal
00:28:28.755,805.3,gateway_repit,gateway_A,raspberrypi,2,ESP32->RPi,decrypt,108,221,113,1.27,13,esp32_edge_simulator_2,1,mqtt_bruteforce
00:28:33.771,810.3,gateway_repit,gateway_A,raspberrypi,2,ESP32->RPi,decrypt,112,229,117,4.738,13,esp32_edge_simulator_1,1,mqtt_bruteforce
00:28:33.776,810.3,gateway_repit,gateway_A,raspberrypi,2,ESP32->RPi,decrypt,108,221,113,3.872,13,esp32_edge_normal_1,0,normal
00:28:33.781,810.3,gateway_repit,gateway_A,raspberrypi,2,ESP32->RPi,decrypt,122,241,119,4.081,13,esp32_edge_simulator_2,0,normal
00:28:38.784,815.3,gateway_repit,gateway_A,raspberrypi,2,ESP32->RPi,decrypt,107,221,114,1.209,13,esp32_edge_simulator_1,2,scan_A
00:28:38.788,815.3,gateway_repit,gateway_A,raspberrypi,2,ESP32->RPi,decrypt,113,229,116,1.273,13,esp32_edge_normal_1,0,normal
00:28:39.792,816.3,gateway_repit,gateway_A,raspberrypi,2,RPi->PC,encrypt,3653,4954,1301,37.545,13,,,
00:28:39.938,816.4,gateway_repit,gateway_A,raspberrypi,2,PC->RPi,decrypt,3557,4826,1269,30.531,13,,,
00:28:39.979,816.5,gateway_repit,gateway_A,raspberrypi,2,RPi->ESP32,encrypt,3557,4826,1269,34.076,14,,,
00:28:40.120,816.6,gateway_repit,gateway_A,raspberrypi,2,ESP32->RPi,decrypt,120,237,117,1.581,14,esp32_edge_simulator_2,0,normal
00:28:52.616,829.1,gateway_repit,gateway_A,raspberrypi,2,ESP32->RPi,decrypt,110,225,115,4.135,14,esp32_edge_simulator_1,1,mqtt_bruteforce
00:28:52.622,829.1,gateway_repit,gateway_A,raspberrypi,2,ESP32->RPi,decrypt,117,233,116,4.29,14,esp32_edge_normal_1,0,normal
00:28:52.627,829.1,gateway_repit,gateway_A,raspberrypi,2,ESP32->RPi,decrypt,123,241,118,4.349,14,esp32_edge_simulator_2,0,normal
00:28:57.596,834.1,gateway_repit,gateway_A,raspberrypi,2,ESP32->RPi,decrypt,115,233,118,4.821,14,esp32_edge_normal_1,0,normal
00:28:57.601,834.1,gateway_repit,gateway_A,raspberrypi,2,ESP32->RPi,decrypt,113,229,116,4.243,14,esp32_edge_simulator_1,1,mqtt_bruteforce
00:28:57.618,834.1,gateway_repit,gateway_A,raspberrypi,2,ESP32->RPi,decrypt,123,241,118,4.868,14,esp32_edge_simulator_2,0,normal
00:29:02.651,839.1,gateway_repit,gateway_A,raspberrypi,2,ESP32->RPi,decrypt,81,185,104,3.556,14,esp32_edge_simulator_1,2,scan_A
00:29:02.656,839.2,gateway_repit,gateway_A,raspberrypi,2,ESP32->RPi,decrypt,119,237,118,4.118,14,esp32_edge_normal_1,0,normal
00:29:02.661,839.2,gateway_repit,gateway_A,raspberrypi,2,ESP32->RPi,decrypt,112,229,117,4.048,14,esp32_edge_simulator_2,1,mqtt_bruteforce
00:29:07.669,844.2,gateway_repit,gateway_A,raspberrypi,2,ESP32->RPi,decrypt,108,221,113,4.058,14,esp32_edge_simulator_1,2,scan_A
00:29:07.675,844.2,gateway_repit,gateway_A,raspberrypi,2,ESP32->RPi,decrypt,120,237,117,4.235,14,esp32_edge_normal_1,0,normal
00:29:07.679,844.2,gateway_repit,gateway_A,raspberrypi,2,ESP32->RPi,decrypt,117,233,116,3.835,14,esp32_edge_simulator_2,0,normal
00:29:12.571,849.1,gateway_repit,gateway_A,raspberrypi,2,ESP32->RPi,decrypt,123,241,118,3.792,14,esp32_edge_simulator_1,0,normal
00:29:12.575,849.1,gateway_repit,gateway_A,raspberrypi,2,ESP32->RPi,decrypt,117,233,116,3.468,14,esp32_edge_normal_1,0,normal
00:29:12.610,849.1,gateway_repit,gateway_A,raspberrypi,2,ESP32->RPi,decrypt,104,217,113,3.54,14,esp32_edge_simulator_2,2,scan_A
00:29:17.579,854.1,gateway_repit,gateway_A,raspberrypi,2,ESP32->RPi,decrypt,116,233,117,4.202,14,esp32_edge_normal_1,0,normal
00:29:17.598,854.1,gateway_repit,gateway_A,raspberrypi,2,ESP32->RPi,decrypt,117,233,116,4.152,14,esp32_edge_simulator_1,0,normal
00:29:17.611,854.1,gateway_repit,gateway_A,raspberrypi,2,ESP32->RPi,decrypt,107,221,114,3.716,14,esp32_edge_simulator_2,2,scan_A
00:29:22.572,859.1,gateway_repit,gateway_A,raspberrypi,2,ESP32->RPi,decrypt,81,185,104,3.293,14,esp32_edge_simulator_1,2,scan_A
00:29:22.579,859.1,gateway_repit,gateway_A,raspberrypi,2,ESP32->RPi,decrypt,121,241,120,4.67,14,esp32_edge_normal_1,0,normal
00:29:22.599,859.1,gateway_repit,gateway_A,raspberrypi,2,ESP32->RPi,decrypt,101,213,112,4.28,14,esp32_edge_simulator_2,2,scan_A
00:29:27.561,864.1,gateway_repit,gateway_A,raspberrypi,2,ESP32->RPi,decrypt,111,225,114,1.558,14,esp32_edge_simulator_1,1,mqtt_bruteforce
00:29:27.575,864.1,gateway_repit,gateway_A,raspberrypi,2,ESP32->RPi,decrypt,121,241,120,1.577,14,esp32_edge_normal_1,0,normal
00:29:27.598,864.1,gateway_repit,gateway_A,raspberrypi,2,ESP32->RPi,decrypt,111,225,114,1.519,14,esp32_edge_simulator_2,1,mqtt_bruteforce
00:29:32.567,869.1,gateway_repit,gateway_A,raspberrypi,2,ESP32->RPi,decrypt,115,233,118,4.097,14,esp32_edge_simulator_1,0,normal
00:29:32.583,869.1,gateway_repit,gateway_A,raspberrypi,2,ESP32->RPi,decrypt,117,233,116,4.141,14,esp32_edge_normal_1,0,normal
00:29:32.600,869.1,gateway_repit,gateway_A,raspberrypi,2,ESP32->RPi,decrypt,105,217,112,4.064,14,esp32_edge_simulator_2,2,scan_A
00:29:37.569,874.1,gateway_repit,gateway_A,raspberrypi,2,ESP32->RPi,decrypt,124,245,121,4.801,14,esp32_edge_simulator_1,0,normal
00:29:37.579,874.1,gateway_repit,gateway_A,raspberrypi,2,ESP32->RPi,decrypt,115,233,118,4.408,14,esp32_edge_normal_1,0,normal
00:29:38.557,875.1,gateway_repit,gateway_A,raspberrypi,2,RPi->PC,encrypt,3653,4954,1301,36.933,14,,,
00:29:38.677,875.2,gateway_repit,gateway_A,raspberrypi,2,PC->RPi,decrypt,3551,4818,1267,31.543,14,,,
00:29:38.718,875.2,gateway_repit,gateway_A,raspberrypi,2,RPi->ESP32,encrypt,3551,4818,1267,34.213,15,,,
00:29:38.837,875.3,gateway_repit,gateway_A,raspberrypi,2,ESP32->RPi,decrypt,107,221,114,1.47,15,esp32_edge_simulator_2,2,scan_A
00:29:51.289,887.8,gateway_repit,gateway_A,raspberrypi,2,ESP32->RPi,decrypt,120,237,117,4.533,15,esp32_edge_normal_1,0,normal
00:29:51.768,888.3,gateway_repit,gateway_A,raspberrypi,2,ESP32->RPi,decrypt,109,225,116,1.38,15,esp32_edge_simulator_1,1,mqtt_bruteforce
00:29:51.800,888.3,gateway_repit,gateway_A,raspberrypi,2,ESP32->RPi,decrypt,102,213,111,1.372,15,esp32_edge_simulator_2,2,scan_A
00:29:56.302,892.8,gateway_repit,gateway_A,raspberrypi,2,ESP32->RPi,decrypt,117,233,116,1.403,15,esp32_edge_normal_1,0,normal
00:29:56.760,893.3,gateway_repit,gateway_A,raspberrypi,2,ESP32->RPi,decrypt,104,217,113,3.313,15,esp32_edge_simulator_1,2,scan_A
00:29:56.806,893.3,gateway_repit,gateway_A,raspberrypi,2,ESP32->RPi,decrypt,119,237,118,3.555,15,esp32_edge_simulator_2,0,normal
00:30:01.320,897.8,gateway_repit,gateway_A,raspberrypi,2,ESP32->RPi,decrypt,116,233,117,1.379,15,esp32_edge_normal_1,0,normal
00:30:01.762,898.3,gateway_repit,gateway_A,raspberrypi,2,ESP32->RPi,decrypt,121,241,120,1.507,15,esp32_edge_simulator_1,0,normal
00:30:01.802,898.3,gateway_repit,gateway_A,raspberrypi,2,ESP32->RPi,decrypt,118,237,119,1.677,15,esp32_edge_simulator_2,0,normal
00:30:06.342,902.8,gateway_repit,gateway_A,raspberrypi,2,ESP32->RPi,decrypt,112,229,117,4.628,15,esp32_edge_normal_1,0,normal
00:30:06.767,903.3,gateway_repit,gateway_A,raspberrypi,2,ESP32->RPi,decrypt,119,237,118,3.892,15,esp32_edge_simulator_1,0,normal
00:30:06.802,903.3,gateway_repit,gateway_A,raspberrypi,2,ESP32->RPi,decrypt,81,185,104,3.397,15,esp32_edge_simulator_2,2,scan_A
00:30:11.257,907.8,gateway_repit,gateway_A,raspberrypi,2,ESP32->RPi,decrypt,116,233,117,4.644,15,esp32_edge_normal_1,0,normal
00:30:11.763,908.3,gateway_repit,gateway_A,raspberrypi,2,ESP32->RPi,decrypt,120,237,117,4.755,15,esp32_edge_simulator_1,0,normal
00:30:11.807,908.3,gateway_repit,gateway_A,raspberrypi,2,ESP32->RPi,decrypt,121,241,120,4.658,15,esp32_edge_simulator_2,0,normal
00:30:16.271,912.8,gateway_repit,gateway_A,raspberrypi,2,ESP32->RPi,decrypt,114,229,115,1.55,15,esp32_edge_normal_1,0,normal
00:30:16.761,913.3,gateway_repit,gateway_A,raspberrypi,2,ESP32->RPi,decrypt,113,229,116,1.449,15,esp32_edge_simulator_1,1,mqtt_bruteforce
00:30:16.812,913.3,gateway_repit,gateway_A,raspberrypi,2,ESP32->RPi,decrypt,112,229,117,1.382,15,esp32_edge_simulator_2,1,mqtt_bruteforce
00:30:21.293,917.8,gateway_repit,gateway_A,raspberrypi,2,ESP32->RPi,decrypt,120,237,117,4.434,15,esp32_edge_normal_1,0,normal
00:30:21.765,918.3,gateway_repit,gateway_A,raspberrypi,2,ESP32->RPi,decrypt,111,225,114,3.339,15,esp32_edge_simulator_1,1,mqtt_bruteforce
00:30:21.896,918.4,gateway_repit,gateway_A,raspberrypi,2,ESP32->RPi,decrypt,111,225,114,2.758,15,esp32_edge_simulator_2,1,mqtt_bruteforce
00:30:26.238,922.7,gateway_repit,gateway_A,raspberrypi,2,ESP32->RPi,decrypt,120,237,117,1.417,15,esp32_edge_normal_1,0,normal
00:30:26.758,923.3,gateway_repit,gateway_A,raspberrypi,2,ESP32->RPi,decrypt,112,229,117,1.389,15,esp32_edge_simulator_1,1,mqtt_bruteforce
00:30:26.801,923.3,gateway_repit,gateway_A,raspberrypi,2,ESP32->RPi,decrypt,112,229,117,1.29,15,esp32_edge_simulator_2,1,mqtt_bruteforce
00:30:31.328,927.8,gateway_repit,gateway_A,raspberrypi,2,ESP32->RPi,decrypt,113,229,116,3.875,15,esp32_edge_normal_1,0,normal
00:30:31.760,928.3,gateway_repit,gateway_A,raspberrypi,2,ESP32->RPi,decrypt,81,185,104,3.269,15,esp32_edge_simulator_1,2,scan_A
00:30:31.812,928.3,gateway_repit,gateway_A,raspberrypi,2,ESP32->RPi,decrypt,108,221,113,3.936,15,esp32_edge_simulator_2,1,mqtt_bruteforce
00:30:36.345,932.8,gateway_repit,gateway_A,raspberrypi,2,ESP32->RPi,decrypt,120,237,117,4.315,15,esp32_edge_normal_1,0,normal
00:30:36.756,933.3,gateway_repit,gateway_A,raspberrypi,2,ESP32->RPi,decrypt,112,229,117,1.404,15,esp32_edge_simulator_1,1,mqtt_bruteforce
00:30:37.686,934.2,gateway_repit,gateway_A,raspberrypi,2,RPi->PC,encrypt,3663,4966,1303,34.949,15,,,
00:30:37.812,934.3,gateway_repit,gateway_A,raspberrypi,2,PC->RPi,decrypt,3543,4806,1263,29.904,15,,,
00:30:37.851,934.3,gateway_repit,gateway_A,raspberrypi,2,RPi->ESP32,encrypt,3543,4806,1263,32.473,16,,,
00:30:38.015,934.5,gateway_repit,gateway_A,raspberrypi,2,ESP32->RPi,decrypt,112,229,117,1.48,16,esp32_edge_simulator_2,1,mqtt_bruteforce
00:30:50.476,947.0,gateway_repit,gateway_A,raspberrypi,2,ESP32->RPi,decrypt,81,185,104,3.52,16,esp32_edge_simulator_1,2,scan_A
00:30:50.929,947.4,gateway_repit,gateway_A,raspberrypi,2,ESP32->RPi,decrypt,120,237,117,1.544,16,esp32_edge_normal_1,0,normal
00:30:50.962,947.5,gateway_repit,gateway_A,raspberrypi,2,ESP32->RPi,decrypt,117,233,116,1.651,16,esp32_edge_simulator_2,0,normal
00:30:55.388,951.9,gateway_repit,gateway_A,raspberrypi,2,ESP32->RPi,decrypt,123,241,118,1.499,16,esp32_edge_simulator_1,0,normal
00:30:55.933,952.4,gateway_repit,gateway_A,raspberrypi,2,ESP32->RPi,decrypt,115,233,118,4.146,16,esp32_edge_normal_1,0,normal
00:30:55.964,952.5,gateway_repit,gateway_A,raspberrypi,2,ESP32->RPi,decrypt,108,221,113,3.937,16,esp32_edge_simulator_2,2,scan_A
00:31:00.414,956.9,gateway_repit,gateway_A,raspberrypi,2,ESP32->RPi,decrypt,102,213,111,3.793,16,esp32_edge_simulator_1,2,scan_A
00:31:00.932,957.4,gateway_repit,gateway_A,raspberrypi,2,ESP32->RPi,decrypt,117,233,116,3.577,16,esp32_edge_normal_1,0,normal
00:31:00.979,957.5,gateway_repit,gateway_A,raspberrypi,2,ESP32->RPi,decrypt,112,229,117,3.434,16,esp32_edge_simulator_2,1,mqtt_bruteforce
00:31:05.427,961.9,gateway_repit,gateway_A,raspberrypi,2,ESP32->RPi,decrypt,113,229,116,4.26,16,esp32_edge_simulator_1,1,mqtt_bruteforce
00:31:05.932,962.4,gateway_repit,gateway_A,raspberrypi,2,ESP32->RPi,decrypt,106,221,115,3.996,16,esp32_edge_normal_1,0,normal
00:31:05.966,962.5,gateway_repit,gateway_A,raspberrypi,2,ESP32->RPi,decrypt,123,241,118,4.416,16,esp32_edge_simulator_2,0,normal
00:31:10.441,966.9,gateway_repit,gateway_A,raspberrypi,2,ESP32->RPi,decrypt,106,221,115,1.28,16,esp32_edge_simulator_1,1,mqtt_bruteforce
00:31:10.931,967.4,gateway_repit,gateway_A,raspberrypi,2,ESP32->RPi,decrypt,120,237,117,1.376,16,esp32_edge_normal_1,0,normal
00:31:10.975,967.5,gateway_repit,gateway_A,raspberrypi,2,ESP32->RPi,decrypt,110,225,115,1.284,16,esp32_edge_simulator_2,1,mqtt_bruteforce
00:31:15.379,971.9,gateway_repit,gateway_A,raspberrypi,2,ESP32->RPi,decrypt,118,237,119,4.174,16,esp32_edge_simulator_1,0,normal
00:31:15.933,972.4,gateway_repit,gateway_A,raspberrypi,2,ESP32->RPi,decrypt,117,233,116,4.217,16,esp32_edge_normal_1,0,normal
00:31:15.963,972.5,gateway_repit,gateway_A,raspberrypi,2,ESP32->RPi,decrypt,81,185,104,3.309,16,esp32_edge_simulator_2,2,scan_A
00:31:20.386,976.9,gateway_repit,gateway_A,raspberrypi,2,ESP32->RPi,decrypt,111,225,114,4.075,16,esp32_edge_simulator_1,1,mqtt_bruteforce
00:31:20.934,977.4,gateway_repit,gateway_A,raspberrypi,2,ESP32->RPi,decrypt,121,241,120,3.744,16,esp32_edge_normal_1,0,normal
00:31:20.973,977.5,gateway_repit,gateway_A,raspberrypi,2,ESP32->RPi,decrypt,108,221,113,4.789,16,esp32_edge_simulator_2,1,mqtt_bruteforce
00:31:25.460,982.0,gateway_repit,gateway_A,raspberrypi,2,ESP32->RPi,decrypt,113,229,116,4.126,16,esp32_edge_simulator_1,1,mqtt_bruteforce
00:31:25.933,982.4,gateway_repit,gateway_A,raspberrypi,2,ESP32->RPi,decrypt,115,233,118,3.353,16,esp32_edge_normal_1,0,normal
00:31:25.966,982.5,gateway_repit,gateway_A,raspberrypi,2,ESP32->RPi,decrypt,122,241,119,4.622,16,esp32_edge_simulator_2,0,normal
00:31:30.413,986.9,gateway_repit,gateway_A,raspberrypi,2,ESP32->RPi,decrypt,123,241,118,4.431,16,esp32_edge_simulator_1,0,normal
00:31:30.935,987.4,gateway_repit,gateway_A,raspberrypi,2,ESP32->RPi,decrypt,117,233,116,4.218,16,esp32_edge_normal_1,0,normal
00:31:30.967,987.5,gateway_repit,gateway_A,raspberrypi,2,ESP32->RPi,decrypt,112,229,117,5.05,16,esp32_edge_simulator_2,1,mqtt_bruteforce
00:31:35.394,991.9,gateway_repit,gateway_A,raspberrypi,2,ESP32->RPi,decrypt,107,221,114,4.001,16,esp32_edge_simulator_1,2,scan_A
00:31:35.932,992.4,gateway_repit,gateway_A,raspberrypi,2,ESP32->RPi,decrypt,107,221,114,4.102,16,esp32_edge_normal_1,0,normal
00:31:36.915,993.4,gateway_repit,gateway_A,raspberrypi,2,RPi->PC,encrypt,3657,4958,1301,35.354,16,,,
00:31:37.095,993.6,gateway_repit,gateway_A,raspberrypi,2,PC->RPi,decrypt,3559,4830,1271,34.229,16,,,
00:31:37.141,993.6,gateway_repit,gateway_A,raspberrypi,2,RPi->ESP32,encrypt,3559,4830,1271,39.01,17,,,
00:31:37.262,993.8,gateway_repit,gateway_A,raspberrypi,2,ESP32->RPi,decrypt,105,217,112,1.35,17,esp32_edge_simulator_2,2,scan_A
00:31:49.728,1006.2,gateway_repit,gateway_A,raspberrypi,2,ESP32->RPi,decrypt,121,241,120,4.462,17,esp32_edge_normal_1,0,normal
00:31:49.736,1006.2,gateway_repit,gateway_A,raspberrypi,2,ESP32->RPi,decrypt,112,229,117,4.193,17,esp32_edge_simulator_1,1,mqtt_bruteforce
00:31:49.774,1006.3,gateway_repit,gateway_A,raspberrypi,2,ESP32->RPi,decrypt,107,221,114,4.324,17,esp32_edge_simulator_2,2,scan_A
00:31:54.785,1011.3,gateway_repit,gateway_A,raspberrypi,2,ESP32->RPi,decrypt,118,237,119,4.513,17,esp32_edge_normal_1,0,normal
00:31:54.790,1011.3,gateway_repit,gateway_A,raspberrypi,2,ESP32->RPi,decrypt,106,221,115,3.399,17,esp32_edge_simulator_1,2,scan_A
00:31:54.794,1011.3,gateway_repit,gateway_A,raspberrypi,2,ESP32->RPi,decrypt,112,229,117,3.615,17,esp32_edge_simulator_2,1,mqtt_bruteforce
00:31:59.802,1016.3,gateway_repit,gateway_A,raspberrypi,2,ESP32->RPi,decrypt,120,237,117,4.287,17,esp32_edge_simulator_1,0,normal
00:31:59.807,1016.3,gateway_repit,gateway_A,raspberrypi,2,ESP32->RPi,decrypt,117,233,116,3.733,17,esp32_edge_normal_1,0,normal
00:31:59.811,1016.3,gateway_repit,gateway_A,raspberrypi,2,ESP32->RPi,decrypt,81,185,104,2.895,17,esp32_edge_simulator_2,2,scan_A
00:32:04.820,1021.3,gateway_repit,gateway_A,raspberrypi,2,ESP32->RPi,decrypt,115,233,118,4.668,17,esp32_edge_normal_1,0,normal
00:32:04.826,1021.3,gateway_repit,gateway_A,raspberrypi,2,ESP32->RPi,decrypt,120,237,117,4.35,17,esp32_edge_simulator_1,0,normal
00:32:04.831,1021.3,gateway_repit,gateway_A,raspberrypi,2,ESP32->RPi,decrypt,107,221,114,3.986,17,esp32_edge_simulator_2,2,scan_A
00:32:09.834,1026.3,gateway_repit,gateway_A,raspberrypi,2,ESP32->RPi,decrypt,121,241,120,1.592,17,esp32_edge_normal_1,0,normal
00:32:09.836,1026.3,gateway_repit,gateway_A,raspberrypi,2,ESP32->RPi,decrypt,111,225,114,1.346,17,esp32_edge_simulator_1,1,mqtt_bruteforce
00:32:09.838,1026.3,gateway_repit,gateway_A,raspberrypi,2,ESP32->RPi,decrypt,117,233,116,1.386,17,esp32_edge_simulator_2,0,normal
00:32:14.729,1031.2,gateway_repit,gateway_A,raspberrypi,2,ESP32->RPi,decrypt,121,241,120,5.018,17,esp32_edge_normal_1,0,normal
00:32:14.734,1031.2,gateway_repit,gateway_A,raspberrypi,2,ESP32->RPi,decrypt,117,233,116,4.399,17,esp32_edge_simulator_1,0,normal
00:32:14.776,1031.3,gateway_repit,gateway_A,raspberrypi,2,ESP32->RPi,decrypt,124,245,121,4.168,17,esp32_edge_simulator_2,0,normal
00:32:19.724,1036.2,gateway_repit,gateway_A,raspberrypi,2,ESP32->RPi,decrypt,113,229,116,1.523,17,esp32_edge_simulator_1,1,mqtt_bruteforce
00:32:19.727,1036.2,gateway_repit,gateway_A,raspberrypi,2,ESP32->RPi,decrypt,120,237,117,1.511,17,esp32_edge_normal_1,0,normal
00:32:19.783,1036.3,gateway_repit,gateway_A,raspberrypi,2,ESP32->RPi,decrypt,113,229,116,1.597,17,esp32_edge_simulator_2,1,mqtt_bruteforce
00:32:24.777,1041.3,gateway_repit,gateway_A,raspberrypi,2,ESP32->RPi,decrypt,114,229,115,4.703,17,esp32_edge_normal_1,0,normal
00:32:24.783,1041.3,gateway_repit,gateway_A,raspberrypi,2,ESP32->RPi,decrypt,112,229,117,4.301,17,esp32_edge_simulator_1,1,mqtt_bruteforce
00:32:24.789,1041.3,gateway_repit,gateway_A,raspberrypi,2,ESP32->RPi,decrypt,120,237,117,4.475,17,esp32_edge_simulator_2,0,normal
00:32:29.808,1046.3,gateway_repit,gateway_A,raspberrypi,2,ESP32->RPi,decrypt,107,221,114,4.766,17,esp32_edge_simulator_1,2,scan_A
00:32:29.814,1046.3,gateway_repit,gateway_A,raspberrypi,2,ESP32->RPi,decrypt,121,241,120,4.216,17,esp32_edge_normal_1,0,normal
00:32:29.819,1046.3,gateway_repit,gateway_A,raspberrypi,2,ESP32->RPi,decrypt,106,221,115,3.796,17,esp32_edge_simulator_2,1,mqtt_bruteforce
00:32:34.827,1051.3,gateway_repit,gateway_A,raspberrypi,2,ESP32->RPi,decrypt,115,233,118,4.178,17,esp32_edge_normal_1,0,normal
00:32:34.832,1051.3,gateway_repit,gateway_A,raspberrypi,2,ESP32->RPi,decrypt,118,237,119,4.017,17,esp32_edge_simulator_1,0,normal
00:32:35.966,1052.5,gateway_repit,gateway_A,raspberrypi,2,RPi->PC,encrypt,3663,4966,1303,37.383,17,,,
00:32:36.181,1052.7,gateway_repit,gateway_A,raspberrypi,2,PC->RPi,decrypt,3556,4826,1270,33.027,17,,,
00:32:36.221,1052.7,gateway_repit,gateway_A,raspberrypi,2,RPi->ESP32,encrypt,3556,4826,1270,33.451,18,,,
00:32:36.339,1052.8,gateway_repit,gateway_A,raspberrypi,2,ESP32->RPi,decrypt,111,225,114,1.422,18,esp32_edge_simulator_2,1,mqtt_bruteforce
00:32:48.853,1065.4,gateway_repit,gateway_A,raspberrypi,2,ESP32->RPi,decrypt,116,233,117,4.62,18,esp32_edge_normal_1,0,normal
00:32:48.859,1065.4,gateway_repit,gateway_A,raspberrypi,2,ESP32->RPi,decrypt,119,237,118,4.375,18,esp32_edge_simulator_1,0,normal
00:32:48.866,1065.4,gateway_repit,gateway_A,raspberrypi,2,ESP32->RPi,decrypt,114,229,115,4.431,18,esp32_edge_simulator_2,0,normal
00:32:53.867,1070.4,gateway_repit,gateway_A,raspberrypi,2,ESP32->RPi,decrypt,119,237,118,1.517,18,esp32_edge_normal_1,0,normal
00:32:53.870,1070.4,gateway_repit,gateway_A,raspberrypi,2,ESP32->RPi,decrypt,119,237,118,1.527,18,esp32_edge_simulator_1,0,normal
00:32:53.871,1070.4,gateway_repit,gateway_A,raspberrypi,2,ESP32->RPi,decrypt,119,237,118,1.383,18,esp32_edge_simulator_2,0,normal
00:32:58.883,1075.4,gateway_repit,gateway_A,raspberrypi,2,ESP32->RPi,decrypt,117,233,116,1.493,18,esp32_edge_normal_1,0,normal
00:32:58.886,1075.4,gateway_repit,gateway_A,raspberrypi,2,ESP32->RPi,decrypt,113,229,116,1.449,18,esp32_edge_simulator_1,1,mqtt_bruteforce
00:32:58.888,1075.4,gateway_repit,gateway_A,raspberrypi,2,ESP32->RPi,decrypt,107,221,114,1.363,18,esp32_edge_simulator_2,2,scan_A
00:33:03.904,1080.4,gateway_repit,gateway_A,raspberrypi,2,ESP32->RPi,decrypt,116,233,117,3.928,18,esp32_edge_normal_1,0,normal
00:33:03.910,1080.4,gateway_repit,gateway_A,raspberrypi,2,ESP32->RPi,decrypt,108,221,113,3.56,18,esp32_edge_simulator_1,1,mqtt_bruteforce
00:33:03.915,1080.4,gateway_repit,gateway_A,raspberrypi,2,ESP32->RPi,decrypt,122,241,119,4.135,18,esp32_edge_simulator_2,0,normal
00:33:08.923,1085.4,gateway_repit,gateway_A,raspberrypi,2,ESP32->RPi,decrypt,119,237,118,4.666,18,esp32_edge_normal_1,0,normal
00:33:08.929,1085.4,gateway_repit,gateway_A,raspberrypi,2,ESP32->RPi,decrypt,111,225,114,4.198,18,esp32_edge_simulator_1,1,mqtt_bruteforce
00:33:08.934,1085.4,gateway_repit,gateway_A,raspberrypi,2,ESP32->RPi,decrypt,109,225,116,3.985,18,esp32_edge_simulator_2,0,normal
00:33:13.807,1090.3,gateway_repit,gateway_A,raspberrypi,2,ESP32->RPi,decrypt,113,229,116,1.385,18,esp32_edge_normal_1,0,normal
00:33:13.820,1090.3,gateway_repit,gateway_A,raspberrypi,2,ESP32->RPi,decrypt,106,221,115,1.325,18,esp32_edge_simulator_1,2,scan_A
00:33:13.860,1090.4,gateway_repit,gateway_A,raspberrypi,2,ESP32->RPi,decrypt,118,237,119,1.401,18,esp32_edge_simulator_2,0,normal
00:33:18.858,1095.4,gateway_repit,gateway_A,raspberrypi,2,ESP32->RPi,decrypt,115,233,118,3.865,18,esp32_edge_normal_1,0,normal
00:33:18.863,1095.4,gateway_repit,gateway_A,raspberrypi,2,ESP32->RPi,decrypt,117,233,116,3.709,18,esp32_edge_simulator_1,0,normal
00:33:18.868,1095.4,gateway_repit,gateway_A,raspberrypi,2,ESP32->RPi,decrypt,107,221,114,3.572,18,esp32_edge_simulator_2,2,scan_A
00:33:23.922,1100.4,gateway_repit,gateway_A,raspberrypi,2,ESP32->RPi,decrypt,114,229,115,3.933,18,esp32_edge_normal_1,0,normal
00:33:23.926,1100.4,gateway_repit,gateway_A,raspberrypi,2,ESP32->RPi,decrypt,101,213,112,3.07,18,esp32_edge_simulator_1,2,scan_A
00:33:23.930,1100.4,gateway_repit,gateway_A,raspberrypi,2,ESP32->RPi,decrypt,108,221,113,3.25,18,esp32_edge_simulator_2,1,mqtt_bruteforce
00:33:28.891,1105.4,gateway_repit,gateway_A,raspberrypi,2,ESP32->RPi,decrypt,121,241,120,1.514,18,esp32_edge_normal_1,0,normal
00:33:28.893,1105.4,gateway_repit,gateway_A,raspberrypi,2,ESP32->RPi,decrypt,81,185,104,1.155,18,esp32_edge_simulator_1,2,scan_A
00:33:28.895,1105.4,gateway_repit,gateway_A,raspberrypi,2,ESP32->RPi,decrypt,119,237,118,1.345,18,esp32_edge_simulator_2,0,normal
00:33:33.810,1110.3,gateway_repit,gateway_A,raspberrypi,2,ESP32->RPi,decrypt,117,233,116,4.179,18,esp32_edge_normal_1,0,normal
00:33:33.820,1110.3,gateway_repit,gateway_A,raspberrypi,2,ESP32->RPi,decrypt,81,185,104,3.221,18,esp32_edge_simulator_1,2,scan_A
00:33:34.798,1111.3,gateway_repit,gateway_A,raspberrypi,2,RPi->PC,encrypt,3658,4962,1304,38.225,18,,,
00:33:34.935,1111.4,gateway_repit,gateway_A,raspberrypi,2,PC->RPi,decrypt,3553,4822,1269,34.872,18,,,
00:33:34.977,1111.5,gateway_repit,gateway_A,raspberrypi,2,RPi->ESP32,encrypt,3553,4822,1269,35.385,19,,,
00:33:35.103,1111.6,gateway_repit,gateway_A,raspberrypi,2,ESP32->RPi,decrypt,108,221,113,1.436,19,esp32_edge_simulator_2,2,scan_A
00:33:47.489,1124.0,gateway_repit,gateway_A,raspberrypi,2,ESP32->RPi,decrypt,119,237,118,1.551,19,esp32_edge_simulator_1,0,normal
00:33:47.494,1124.0,gateway_repit,gateway_A,raspberrypi,2,ESP32->RPi,decrypt,119,237,118,1.499,19,esp32_edge_normal_1,0,normal
00:33:48.054,1124.6,gateway_repit,gateway_A,raspberrypi,2,ESP32->RPi,decrypt,108,221,113,1.453,19,esp32_edge_simulator_2,2,scan_A
00:33:52.549,1129.0,gateway_repit,gateway_A,raspberrypi,2,ESP32->RPi,decrypt,107,221,114,4.121,19,esp32_edge_simulator_1,2,scan_A
00:33:52.555,1129.1,gateway_repit,gateway_A,raspberrypi,2,ESP32->RPi,decrypt,115,233,118,4.247,19,esp32_edge_normal_1,0,normal
00:33:53.061,1129.6,gateway_repit,gateway_A,raspberrypi,2,ESP32->RPi,decrypt,108,221,113,1.389,19,esp32_edge_simulator_2,1,mqtt_bruteforce
00:33:57.489,1134.0,gateway_repit,gateway_A,raspberrypi,2,ESP32->RPi,decrypt,120,237,117,1.438,19,esp32_edge_simulator_1,0,normal
00:33:57.493,1134.0,gateway_repit,gateway_A,raspberrypi,2,ESP32->RPi,decrypt,119,237,118,1.353,19,esp32_edge_normal_1,0,normal
00:33:58.055,1134.6,gateway_repit,gateway_A,raspberrypi,2,ESP32->RPi,decrypt,112,229,117,4.162,19,esp32_edge_simulator_2,1,mqtt_bruteforce
00:34:02.582,1139.1,gateway_repit,gateway_A,raspberrypi,2,ESP32->RPi,decrypt,116,233,117,5.353,19,esp32_edge_normal_1,0,normal
00:34:02.588,1139.1,gateway_repit,gateway_A,raspberrypi,2,ESP32->RPi,decrypt,116,233,117,4.061,19,esp32_edge_simulator_1,1,mqtt_bruteforce
00:34:03.054,1139.6,gateway_repit,gateway_A,raspberrypi,2,ESP32->RPi,decrypt,108,221,113,3.999,19,esp32_edge_simulator_2,1,mqtt_bruteforce
00:34:07.598,1144.1,gateway_repit,gateway_A,raspberrypi,2,ESP32->RPi,decrypt,107,221,114,4.051,19,esp32_edge_simulator_1,1,mqtt_bruteforce
00:34:07.604,1144.1,gateway_repit,gateway_A,raspberrypi,2,ESP32->RPi,decrypt,120,237,117,4.082,19,esp32_edge_normal_1,0,normal
00:34:08.057,1144.6,gateway_repit,gateway_A,raspberrypi,2,ESP32->RPi,decrypt,119,237,118,3.967,19,esp32_edge_simulator_2,0,normal
00:34:12.513,1149.0,gateway_repit,gateway_A,raspberrypi,2,ESP32->RPi,decrypt,112,229,117,3.842,19,esp32_edge_simulator_1,0,normal
00:34:12.520,1149.0,gateway_repit,gateway_A,raspberrypi,2,ESP32->RPi,decrypt,117,233,116,3.878,19,esp32_edge_normal_1,0,normal
00:34:13.053,1149.6,gateway_repit,gateway_A,raspberrypi,2,ESP32->RPi,decrypt,107,221,114,3.793,19,esp32_edge_simulator_2,2,scan_A
00:34:17.534,1154.0,gateway_repit,gateway_A,raspberrypi,2,ESP32->RPi,decrypt,115,233,118,4.139,19,esp32_edge_simulator_1,0,normal
00:34:17.539,1154.0,gateway_repit,gateway_A,raspberrypi,2,ESP32->RPi,decrypt,117,233,116,4.0,19,esp32_edge_normal_1,0,normal
00:34:18.064,1154.6,gateway_repit,gateway_A,raspberrypi,2,ESP32->RPi,decrypt,112,229,117,3.999,19,esp32_edge_simulator_2,1,mqtt_bruteforce
00:34:22.573,1159.1,gateway_repit,gateway_A,raspberrypi,2,ESP32->RPi,decrypt,114,229,115,4.59,19,esp32_edge_normal_1,0,normal
00:34:22.578,1159.1,gateway_repit,gateway_A,raspberrypi,2,ESP32->RPi,decrypt,118,237,119,3.735,19,esp32_edge_simulator_1,0,normal
00:34:23.055,1159.6,gateway_repit,gateway_A,raspberrypi,2,ESP32->RPi,decrypt,81,185,104,0.992,19,esp32_edge_simulator_2,2,scan_A
00:34:27.488,1164.0,gateway_repit,gateway_A,raspberrypi,2,ESP32->RPi,decrypt,120,237,117,1.315,19,esp32_edge_simulator_1,0,normal
00:34:27.492,1164.0,gateway_repit,gateway_A,raspberrypi,2,ESP32->RPi,decrypt,121,241,120,1.309,19,esp32_edge_normal_1,0,normal
00:34:28.066,1164.6,gateway_repit,gateway_A,raspberrypi,2,ESP32->RPi,decrypt,107,221,114,3.659,19,esp32_edge_simulator_2,1,mqtt_bruteforce
00:34:32.488,1169.0,gateway_repit,gateway_A,raspberrypi,2,ESP32->RPi,decrypt,107,221,114,3.632,19,esp32_edge_simulator_1,2,scan_A
00:34:32.497,1169.0,gateway_repit,gateway_A,raspberrypi,2,ESP32->RPi,decrypt,121,241,120,3.935,19,esp32_edge_normal_1,0,normal
00:34:33.480,1170.0,gateway_repit,gateway_A,raspberrypi,2,RPi->PC,encrypt,3663,4966,1303,37.299,19,,,
00:34:33.573,1170.1,gateway_repit,gateway_A,raspberrypi,2,ESP32->RPi,decrypt,117,233,116,1.525,19,esp32_edge_simulator_2,0,normal
00:34:34.370,1170.9,gateway_repit,gateway_A,raspberrypi,2,PC->RPi,decrypt,3553,4822,1269,35.694,19,,,
00:34:34.413,1170.9,gateway_repit,gateway_A,raspberrypi,2,RPi->ESP32,encrypt,3553,4822,1269,35.984,20,,,
00:34:46.412,1182.9,gateway_repit,gateway_A,raspberrypi,2,ESP32->RPi,decrypt,118,237,119,4.455,20,esp32_edge_normal_1,0,normal
00:34:46.417,1182.9,gateway_repit,gateway_A,raspberrypi,2,ESP32->RPi,decrypt,107,221,114,3.919,20,esp32_edge_simulator_1,2,scan_A
00:34:46.431,1182.9,gateway_repit,gateway_A,raspberrypi,2,ESP32->RPi,decrypt,96,205,109,3.403,20,esp32_edge_simulator_2,2,scan_A
00:34:51.425,1187.9,gateway_repit,gateway_A,raspberrypi,2,ESP32->RPi,decrypt,119,237,118,1.442,20,esp32_edge_normal_1,0,normal
00:34:51.428,1187.9,gateway_repit,gateway_A,raspberrypi,2,ESP32->RPi,decrypt,120,237,117,1.316,20,esp32_edge_simulator_1,0,normal
00:34:51.430,1187.9,gateway_repit,gateway_A,raspberrypi,2,ESP32->RPi,decrypt,118,237,119,1.24,20,esp32_edge_simulator_2,0,normal
00:34:56.448,1192.9,gateway_repit,gateway_A,raspberrypi,2,ESP32->RPi,decrypt,116,233,117,4.662,20,esp32_edge_normal_1,0,normal
00:34:56.454,1193.0,gateway_repit,gateway_A,raspberrypi,2,ESP32->RPi,decrypt,116,233,117,3.813,20,esp32_edge_simulator_1,0,normal
00:34:56.458,1193.0,gateway_repit,gateway_A,raspberrypi,2,ESP32->RPi,decrypt,101,213,112,3.331,20,esp32_edge_simulator_2,2,scan_A
00:35:01.460,1198.0,gateway_repit,gateway_A,raspberrypi,2,ESP32->RPi,decrypt,112,229,117,1.274,20,esp32_edge_simulator_1,1,mqtt_bruteforce
00:35:01.463,1198.0,gateway_repit,gateway_A,raspberrypi,2,ESP32->RPi,decrypt,116,233,117,1.271,20,esp32_edge_normal_1,0,normal
00:35:01.464,1198.0,gateway_repit,gateway_A,raspberrypi,2,ESP32->RPi,decrypt,102,213,111,1.157,20,esp32_edge_simulator_2,2,scan_A
00:35:06.381,1202.9,gateway_repit,gateway_A,raspberrypi,2,ESP32->RPi,decrypt,114,229,115,4.679,20,esp32_edge_normal_1,0,normal
00:35:06.386,1202.9,gateway_repit,gateway_A,raspberrypi,2,ESP32->RPi,decrypt,104,217,113,3.814,20,esp32_edge_simulator_1,1,mqtt_bruteforce
00:35:06.435,1202.9,gateway_repit,gateway_A,raspberrypi,2,ESP32->RPi,decrypt,107,221,114,4.661,20,esp32_edge_simulator_2,1,mqtt_bruteforce
00:35:11.394,1207.9,gateway_repit,gateway_A,raspberrypi,2,ESP32->RPi,decrypt,81,185,104,3.926,20,esp32_edge_simulator_1,2,scan_A
00:35:11.399,1207.9,gateway_repit,gateway_A,raspberrypi,2,ESP32->RPi,decrypt,116,233,117,3.792,20,esp32_edge_normal_1,0,normal
00:35:11.436,1207.9,gateway_repit,gateway_A,raspberrypi,2,ESP32->RPi,decrypt,102,213,111,3.561,20,esp32_edge_simulator_2,2,scan_A
00:35:16.378,1212.9,gateway_repit,gateway_A,raspberrypi,2,ESP32->RPi,decrypt,117,233,116,4.002,20,esp32_edge_normal_1,0,normal
00:35:16.383,1212.9,gateway_repit,gateway_A,raspberrypi,2,ESP32->RPi,decrypt,110,225,115,3.898,20,esp32_edge_simulator_1,1,mqtt_bruteforce
00:35:16.449,1212.9,gateway_repit,gateway_A,raspberrypi,2,ESP32->RPi,decrypt,111,225,114,4.155,20,esp32_edge_simulator_2,1,mqtt_bruteforce
00:35:21.379,1217.9,gateway_repit,gateway_A,raspberrypi,2,ESP32->RPi,decrypt,121,241,120,3.828,20,esp32_edge_normal_1,0,normal
00:35:21.383,1217.9,gateway_repit,gateway_A,raspberrypi,2,ESP32->RPi,decrypt,123,241,118,3.556,20,esp32_edge_simulator_1,0,normal
00:35:21.433,1217.9,gateway_repit,gateway_A,raspberrypi,2,ESP32->RPi,decrypt,112,229,117,3.438,20,esp32_edge_simulator_2,0,normal
00:35:26.374,1222.9,gateway_repit,gateway_A,raspberrypi,2,ESP32->RPi,decrypt,121,241,120,1.488,20,esp32_edge_normal_1,0,normal
00:35:26.389,1222.9,gateway_repit,gateway_A,raspberrypi,2,ESP32->RPi,decrypt,109,225,116,1.415,20,esp32_edge_simulator_1,1,mqtt_bruteforce
00:35:26.438,1222.9,gateway_repit,gateway_A,raspberrypi,2,ESP32->RPi,decrypt,110,225,115,1.454,20,esp32_edge_simulator_2,1,mqtt_bruteforce
00:35:31.379,1227.9,gateway_repit,gateway_A,raspberrypi,2,ESP32->RPi,decrypt,120,237,117,4.495,20,esp32_edge_normal_1,0,normal
00:35:31.385,1227.9,gateway_repit,gateway_A,raspberrypi,2,ESP32->RPi,decrypt,122,241,119,4.294,20,esp32_edge_simulator_1,0,normal
00:35:32.360,1228.9,gateway_repit,gateway_A,raspberrypi,2,RPi->PC,encrypt,3638,4934,1296,36.257,20,,,
00:35:32.412,1228.9,gateway_repit,gateway_A,raspberrypi,2,ESP32->RPi,decrypt,120,237,117,2.38,20,esp32_edge_simulator_2,0,normal
00:35:33.128,1229.6,gateway_repit,gateway_A,raspberrypi,2,PC->RPi,decrypt,3554,4822,1268,35.254,20,,,
00:35:33.171,1229.7,gateway_repit,gateway_A,raspberrypi,2,RPi->ESP32,encrypt,3554,4822,1268,36.453,21,,,
00:35:45.086,1241.6,gateway_repit,gateway_A,raspberrypi,2,ESP32->RPi,decrypt,115,233,118,5.306,21,esp32_edge_normal_1,0,normal
00:35:45.093,1241.6,gateway_repit,gateway_A,raspberrypi,2,ESP32->RPi,decrypt,106,221,115,5.386,21,esp32_edge_simulator_1,2,scan_A
00:35:45.098,1241.6,gateway_repit,gateway_A,raspberrypi,2,ESP32->RPi,decrypt,81,185,104,3.28,21,esp32_edge_simulator_2,2,scan_A
00:35:50.102,1246.6,gateway_repit,gateway_A,raspberrypi,2,ESP32->RPi,decrypt,112,229,117,1.476,21,esp32_edge_simulator_1,1,mqtt_bruteforce
00:35:50.103,1246.6,gateway_repit,gateway_A,raspberrypi,2,ESP32->RPi,decrypt,118,237,119,1.273,21,esp32_edge_normal_1,0,normal
00:35:50.106,1246.6,gateway_repit,gateway_A,raspberrypi,2,ESP32->RPi,decrypt,117,233,116,1.38,21,esp32_edge_simulator_2,0,normal
00:35:55.120,1251.6,gateway_repit,gateway_A,raspberrypi,2,ESP32->RPi,decrypt,121,241,120,4.43,21,esp32_edge_simulator_1,0,normal
00:35:55.126,1251.6,gateway_repit,gateway_A,raspberrypi,2,ESP32->RPi,decrypt,116,233,117,4.234,21,esp32_edge_normal_1,0,normal
00:35:55.131,1251.6,gateway_repit,gateway_A,raspberrypi,2,ESP32->RPi,decrypt,124,245,121,4.178,21,esp32_edge_simulator_2,0,normal
00:36:00.134,1256.6,gateway_repit,gateway_A,raspberrypi,2,ESP32->RPi,decrypt,120,237,117,1.585,21,esp32_edge_normal_1,0,normal
00:36:00.136,1256.6,gateway_repit,gateway_A,raspberrypi,2,ESP32->RPi,decrypt,108,221,113,1.26,21,esp32_edge_simulator_1,1,mqtt_bruteforce
00:36:00.138,1256.6,gateway_repit,gateway_A,raspberrypi,2,ESP32->RPi,decrypt,81,185,104,0.988,21,esp32_edge_simulator_2,2,scan_A
00:36:05.155,1261.7,gateway_repit,gateway_A,raspberrypi,2,ESP32->RPi,decrypt,113,229,116,4.422,21,esp32_edge_simulator_1,1,mqtt_bruteforce
00:36:05.160,1261.7,gateway_repit,gateway_A,raspberrypi,2,ESP32->RPi,decrypt,117,233,116,3.723,21,esp32_edge_normal_1,0,normal
00:36:05.164,1261.7,gateway_repit,gateway_A,raspberrypi,2,ESP32->RPi,decrypt,116,233,117,3.754,21,esp32_edge_simulator_2,0,normal
00:36:10.070,1266.6,gateway_repit,gateway_A,raspberrypi,2,ESP32->RPi,decrypt,121,241,120,4.076,21,esp32_edge_normal_1,0,normal
00:36:10.074,1266.6,gateway_repit,gateway_A,raspberrypi,2,ESP32->RPi,decrypt,117,233,116,3.176,21,esp32_edge_simulator_1,0,normal
00:36:10.102,1266.6,gateway_repit,gateway_A,raspberrypi,2,ESP32->RPi,decrypt,124,245,121,6.615,21,esp32_edge_simulator_2,0,normal
00:36:15.091,1271.6,gateway_repit,gateway_A,raspberrypi,2,ESP32->RPi,decrypt,115,233,118,3.897,21,esp32_edge_normal_1,0,normal
00:36:15.098,1271.6,gateway_repit,gateway_A,raspberrypi,2,ESP32->RPi,decrypt,109,225,116,4.602,21,esp32_edge_simulator_1,1,mqtt_bruteforce
00:36:15.104,1271.6,gateway_repit,gateway_A,raspberrypi,2,ESP32->RPi,decrypt,123,241,118,4.429,21,esp32_edge_simulator_2,0,normal
00:36:20.105,1276.6,gateway_repit,gateway_A,raspberrypi,2,ESP32->RPi,decrypt,119,237,118,4.245,21,esp32_edge_normal_1,0,normal
00:36:20.111,1276.6,gateway_repit,gateway_A,raspberrypi,2,ESP32->RPi,decrypt,107,221,114,4.036,21,esp32_edge_simulator_1,2,scan_A
00:36:20.116,1276.6,gateway_repit,gateway_A,raspberrypi,2,ESP32->RPi,decrypt,81,185,104,3.358,21,esp32_edge_simulator_2,2,scan_A
00:36:25.159,1281.7,gateway_repit,gateway_A,raspberrypi,2,ESP32->RPi,decrypt,112,229,117,4.882,21,esp32_edge_simulator_1,0,normal
00:36:25.165,1281.7,gateway_repit,gateway_A,raspberrypi,2,ESP32->RPi,decrypt,120,237,117,4.475,21,esp32_edge_normal_1,0,normal
00:36:25.170,1281.7,gateway_repit,gateway_A,raspberrypi,2,ESP32->RPi,decrypt,109,225,116,3.888,21,esp32_edge_simulator_2,1,mqtt_bruteforce
00:36:30.136,1286.6,gateway_repit,gateway_A,raspberrypi,2,ESP32->RPi,decrypt,112,229,117,1.36,21,esp32_edge_simulator_1,0,normal
00:36:30.139,1286.6,gateway_repit,gateway_A,raspberrypi,2,ESP32->RPi,decrypt,115,233,118,1.357,21,esp32_edge_normal_1,0,normal
00:36:31.083,1287.6,gateway_repit,gateway_A,raspberrypi,2,RPi->PC,encrypt,3642,4938,1296,32.609,21,,,
00:36:36.102,1292.6,gateway_repit,gateway_A,raspberrypi,2,ESP32->RPi,decrypt,112,229,117,4.184,21,esp32_edge_simulator_2,1,mqtt_bruteforce
00:36:36.107,1292.6,gateway_repit,gateway_A,raspberrypi,2,ESP32->RPi,decrypt,116,233,117,3.977,21,esp32_edge_simulator_1,0,normal
00:36:36.112,1292.6,gateway_repit,gateway_A,raspberrypi,2,ESP32->RPi,decrypt,117,233,116,3.934,21,esp32_edge_normal_1,0,normal
00:36:36.118,1292.6,gateway_repit,gateway_A,raspberrypi,2,ESP32->RPi,decrypt,124,245,121,3.97,21,esp32_edge_simulator_2,0,normal
00:36:40.053,1296.6,gateway_repit,gateway_A,raspberrypi,2,ESP32->RPi,decrypt,123,241,118,1.399,21,esp32_edge_simulator_1,0,normal
00:36:40.054,1296.6,gateway_repit,gateway_A,raspberrypi,2,ESP32->RPi,decrypt,116,233,117,1.256,21,esp32_edge_normal_1,0,normal
00:36:40.098,1296.6,gateway_repit,gateway_A,raspberrypi,2,ESP32->RPi,decrypt,123,241,118,1.417,21,esp32_edge_simulator_2,0,normal
00:36:45.091,1301.6,gateway_repit,gateway_A,raspberrypi,2,ESP32->RPi,decrypt,81,185,104,3.494,21,esp32_edge_simulator_1,2,scan_A
00:36:45.096,1301.6,gateway_repit,gateway_A,raspberrypi,2,ESP32->RPi,decrypt,121,241,120,4.382,21,esp32_edge_normal_1,0,normal
00:36:45.101,1301.6,gateway_repit,gateway_A,raspberrypi,2,ESP32->RPi,decrypt,112,229,117,3.693,21,esp32_edge_simulator_2,1,mqtt_bruteforce
00:36:50.051,1306.5,gateway_repit,gateway_A,raspberrypi,2,ESP32->RPi,decrypt,81,185,104,1.012,21,esp32_edge_simulator_1,2,scan_A
00:36:50.054,1306.6,gateway_repit,gateway_A,raspberrypi,2,ESP32->RPi,decrypt,114,229,115,1.288,21,esp32_edge_normal_1,0,normal
00:36:50.093,1306.6,gateway_repit,gateway_A,raspberrypi,2,ESP32->RPi,decrypt,116,233,117,1.453,21,esp32_edge_simulator_2,0,normal
00:36:55.055,1311.6,gateway_repit,gateway_A,raspberrypi,2,ESP32->RPi,decrypt,119,237,118,3.906,21,esp32_edge_simulator_1,0,normal
00:36:55.061,1311.6,gateway_repit,gateway_A,raspberrypi,2,ESP32->RPi,decrypt,119,237,118,3.759,21,esp32_edge_normal_1,0,normal
00:36:55.095,1311.6,gateway_repit,gateway_A,raspberrypi,2,ESP32->RPi,decrypt,111,225,114,3.619,21,esp32_edge_simulator_2,1,mqtt_bruteforce
00:37:00.050,1316.5,gateway_repit,gateway_A,raspberrypi,2,ESP32->RPi,decrypt,100,213,113,1.134,21,esp32_edge_simulator_1,2,scan_A
00:37:00.053,1316.6,gateway_repit,gateway_A,raspberrypi,2,ESP32->RPi,decrypt,121,241,120,1.454,21,esp32_edge_normal_1,0,normal
00:37:00.103,1316.6,gateway_repit,gateway_A,raspberrypi,2,ESP32->RPi,decrypt,113,229,116,1.413,21,esp32_edge_simulator_2,1,mqtt_bruteforce
00:37:05.059,1321.6,gateway_repit,gateway_A,raspberrypi,2,ESP32->RPi,decrypt,119,237,118,4.229,21,esp32_edge_simulator_1,0,normal
00:37:05.065,1321.6,gateway_repit,gateway_A,raspberrypi,2,ESP32->RPi,decrypt,117,233,116,4.084,21,esp32_edge_normal_1,0,normal
00:37:05.094,1321.6,gateway_repit,gateway_A,raspberrypi,2,ESP32->RPi,decrypt,107,221,114,3.946,21,esp32_edge_simulator_2,2,scan_A
00:37:10.075,1326.6,gateway_repit,gateway_A,raspberrypi,2,ESP32->RPi,decrypt,112,229,117,2.316,21,esp32_edge_simulator_1,1,mqtt_bruteforce
00:37:10.079,1326.6,gateway_repit,gateway_A,raspberrypi,2,ESP32->RPi,decrypt,118,237,119,2.314,21,esp32_edge_normal_1,0,normal
00:37:10.097,1326.6,gateway_repit,gateway_A,raspberrypi,2,ESP32->RPi,decrypt,121,241,120,2.405,21,esp32_edge_simulator_2,0,normal
00:37:15.056,1331.6,gateway_repit,gateway_A,raspberrypi,2,ESP32->RPi,decrypt,116,233,117,4.256,21,esp32_edge_normal_1,0,normal
00:37:15.061,1331.6,gateway_repit,gateway_A,raspberrypi,2,ESP32->RPi,decrypt,123,241,118,3.866,21,esp32_edge_simulator_1,0,normal
00:37:15.098,1331.6,gateway_repit,gateway_A,raspberrypi,2,ESP32->RPi,decrypt,124,245,121,4.296,21,esp32_edge_simulator_2,0,normal
00:37:20.113,1336.6,gateway_repit,gateway_A,raspberrypi,2,ESP32->RPi,decrypt,119,237,118,4.528,21,esp32_edge_simulator_1,0,normal
00:37:20.118,1336.6,gateway_repit,gateway_A,raspberrypi,2,ESP32->RPi,decrypt,115,233,118,3.796,21,esp32_edge_normal_1,0,normal
00:37:21.023,1337.5,gateway_repit,gateway_A,raspberrypi,2,RPi->PC,encrypt,3649,4950,1301,31.334,21,,,
00:37:24.101,1340.6,gateway_repit,gateway_A,raspberrypi,2,ESP32->RPi,decrypt,113,229,116,1.361,21,esp32_edge_simulator_2,1,mqtt_bruteforce
00:37:25.159,1341.7,gateway_repit,gateway_A,raspberrypi,2,ESP32->RPi,decrypt,119,237,118,1.323,21,esp32_edge_simulator_1,0,normal
00:37:25.162,1341.7,gateway_repit,gateway_A,raspberrypi,2,ESP32->RPi,decrypt,117,233,116,1.296,21,esp32_edge_normal_1,0,normal
00:37:25.164,1341.7,gateway_repit,gateway_A,raspberrypi,2,ESP32->RPi,decrypt,81,185,104,0.962,21,esp32_edge_simulator_2,2,scan_A
00:37:30.254,1346.8,gateway_repit,gateway_A,raspberrypi,2,ESP32->RPi,decrypt,123,241,118,1.416,21,esp32_edge_simulator_1,0,normal
00:37:30.257,1346.8,gateway_repit,gateway_A,raspberrypi,2,ESP32->RPi,decrypt,120,237,117,1.374,21,esp32_edge_normal_1,0,normal
00:37:30.259,1346.8,gateway_repit,gateway_A,raspberrypi,2,ESP32->RPi,decrypt,120,237,117,1.293,21,esp32_edge_simulator_2,0,normal
00:37:35.167,1351.7,gateway_repit,gateway_A,raspberrypi,2,ESP32->RPi,decrypt,119,237,118,4.674,21,esp32_edge_normal_1,0,normal
00:37:35.172,1351.7,gateway_repit,gateway_A,raspberrypi,2,ESP32->RPi,decrypt,118,237,119,3.771,21,esp32_edge_simulator_1,0,normal
00:37:35.176,1351.7,gateway_repit,gateway_A,raspberrypi,2,ESP32->RPi,decrypt,110,225,115,3.694,21,esp32_edge_simulator_2,1,mqtt_bruteforce
00:37:40.079,1356.6,gateway_repit,gateway_A,raspberrypi,2,ESP32->RPi,decrypt,108,221,113,1.276,21,esp32_edge_simulator_1,2,scan_A
00:37:40.082,1356.6,gateway_repit,gateway_A,raspberrypi,2,ESP32->RPi,decrypt,115,233,118,1.354,21,esp32_edge_normal_1,0,normal
00:37:40.091,1356.6,gateway_repit,gateway_A,raspberrypi,2,ESP32->RPi,decrypt,116,233,117,1.344,21,esp32_edge_simulator_2,0,normal
00:37:45.098,1361.6,gateway_repit,gateway_A,raspberrypi,2,ESP32->RPi,decrypt,118,237,119,4.044,21,esp32_edge_simulator_1,0,normal
00:37:45.103,1361.6,gateway_repit,gateway_A,raspberrypi,2,ESP32->RPi,decrypt,116,233,117,3.769,21,esp32_edge_normal_1,0,normal
00:37:45.108,1361.6,gateway_repit,gateway_A,raspberrypi,2,ESP32->RPi,decrypt,124,245,121,3.953,21,esp32_edge_simulator_2,0,normal
00:37:50.056,1366.6,gateway_repit,gateway_A,raspberrypi,2,ESP32->RPi,decrypt,112,229,117,3.966,21,esp32_edge_normal_1,0,normal
00:37:50.060,1366.6,gateway_repit,gateway_A,raspberrypi,2,ESP32->RPi,decrypt,118,237,119,3.702,21,esp32_edge_simulator_1,0,normal
00:37:50.103,1366.6,gateway_repit,gateway_A,raspberrypi,2,ESP32->RPi,decrypt,113,229,116,3.797,21,esp32_edge_simulator_2,1,mqtt_bruteforce
00:37:55.132,1371.6,gateway_repit,gateway_A,raspberrypi,2,ESP32->RPi,decrypt,107,221,114,3.068,21,esp32_edge_simulator_1,2,scan_A
00:37:55.136,1371.6,gateway_repit,gateway_A,raspberrypi,2,ESP32->RPi,decrypt,120,237,117,3.27,21,esp32_edge_normal_1,0,normal
00:37:55.141,1371.6,gateway_repit,gateway_A,raspberrypi,2,ESP32->RPi,decrypt,121,241,120,3.262,21,esp32_edge_simulator_2,0,normal
00:38:00.150,1376.6,gateway_repit,gateway_A,raspberrypi,2,ESP32->RPi,decrypt,101,213,112,3.461,21,esp32_edge_simulator_1,2,scan_A
00:38:00.157,1376.7,gateway_repit,gateway_A,raspberrypi,2,ESP32->RPi,decrypt,119,237,118,3.877,21,esp32_edge_normal_1,0,normal
00:38:00.161,1376.7,gateway_repit,gateway_A,raspberrypi,2,ESP32->RPi,decrypt,81,185,104,3.143,21,esp32_edge_simulator_2,2,scan_A
00:38:05.048,1381.5,gateway_repit,gateway_A,raspberrypi,2,ESP32->RPi,decrypt,104,217,113,1.298,21,esp32_edge_simulator_1,2,scan_A
00:38:05.051,1381.5,gateway_repit,gateway_A,raspberrypi,2,ESP32->RPi,decrypt,115,233,118,1.332,21,esp32_edge_normal_1,0,normal
00:38:05.092,1381.6,gateway_repit,gateway_A,raspberrypi,2,ESP32->RPi,decrypt,120,237,117,1.372,21,esp32_edge_simulator_2,0,normal
00:38:10.061,1386.6,gateway_repit,gateway_A,raspberrypi,2,ESP32->RPi,decrypt,116,233,117,3.951,21,esp32_edge_normal_1,0,normal
00:38:10.068,1386.6,gateway_repit,gateway_A,raspberrypi,2,ESP32->RPi,decrypt,106,221,115,3.827,21,esp32_edge_simulator_1,1,mqtt_bruteforce
00:38:11.024,1387.5,gateway_repit,gateway_A,raspberrypi,2,RPi->PC,encrypt,3638,4934,1296,31.137,21,,,
00:38:14.085,1390.6,gateway_repit,gateway_A,raspberrypi,2,ESP32->RPi,decrypt,105,217,112,1.316,21,esp32_edge_simulator_2,2,scan_A
00:38:15.054,1391.6,gateway_repit,gateway_A,raspberrypi,2,ESP32->RPi,decrypt,114,229,115,1.402,21,esp32_edge_normal_1,0,normal
00:38:15.056,1391.6,gateway_repit,gateway_A,raspberrypi,2,ESP32->RPi,decrypt,123,241,118,1.397,21,esp32_edge_simulator_1,0,normal
00:38:15.108,1391.6,gateway_repit,gateway_A,raspberrypi,2,ESP32->RPi,decrypt,110,225,115,1.319,21,esp32_edge_simulator_2,1,mqtt_bruteforce
00:38:20.064,1396.6,gateway_repit,gateway_A,raspberrypi,2,ESP32->RPi,decrypt,118,237,119,3.989,21,esp32_edge_normal_1,0,normal
00:38:20.078,1396.6,gateway_repit,gateway_A,raspberrypi,2,ESP32->RPi,decrypt,122,241,119,4.096,21,esp32_edge_simulator_1,0,normal
00:38:20.108,1396.6,gateway_repit,gateway_A,raspberrypi,2,ESP32->RPi,decrypt,106,221,115,3.629,21,esp32_edge_simulator_2,1,mqtt_bruteforce
00:38:25.162,1401.7,gateway_repit,gateway_A,raspberrypi,2,ESP32->RPi,decrypt,117,233,116,3.335,21,esp32_edge_normal_1,0,normal
00:38:25.166,1401.7,gateway_repit,gateway_A,raspberrypi,2,ESP32->RPi,decrypt,108,221,113,3.103,21,esp32_edge_simulator_1,2,scan_A
00:38:25.170,1401.7,gateway_repit,gateway_A,raspberrypi,2,ESP32->RPi,decrypt,117,233,116,3.309,21,esp32_edge_simulator_2,0,normal
00:38:30.049,1406.5,gateway_repit,gateway_A,raspberrypi,2,ESP32->RPi,decrypt,118,237,119,1.322,21,esp32_edge_simulator_1,0,normal
00:38:30.051,1406.5,gateway_repit,gateway_A,raspberrypi,2,ESP32->RPi,decrypt,115,233,118,1.252,21,esp32_edge_normal_1,0,normal
00:38:30.094,1406.6,gateway_repit,gateway_A,raspberrypi,2,ESP32->RPi,decrypt,122,241,119,1.436,21,esp32_edge_simulator_2,0,normal
00:38:35.069,1411.6,gateway_repit,gateway_A,raspberrypi,2,ESP32->RPi,decrypt,113,229,116,3.844,21,esp32_edge_simulator_1,1,mqtt_bruteforce
00:38:35.075,1411.6,gateway_repit,gateway_A,raspberrypi,2,ESP32->RPi,decrypt,117,233,116,3.808,21,esp32_edge_normal_1,0,normal
00:38:35.102,1411.6,gateway_repit,gateway_A,raspberrypi,2,ESP32->RPi,decrypt,112,229,117,4.001,21,esp32_edge_simulator_2,1,mqtt_bruteforce
00:38:40.084,1416.6,gateway_repit,gateway_A,raspberrypi,2,ESP32->RPi,decrypt,118,237,119,1.316,21,esp32_edge_normal_1,0,normal
00:38:40.087,1416.6,gateway_repit,gateway_A,raspberrypi,2,ESP32->RPi,decrypt,106,221,115,1.194,21,esp32_edge_simulator_1,1,mqtt_bruteforce
00:38:40.092,1416.6,gateway_repit,gateway_A,raspberrypi,2,ESP32->RPi,decrypt,122,241,119,1.338,21,esp32_edge_simulator_2,0,normal
00:38:45.051,1421.5,gateway_repit,gateway_A,raspberrypi,2,ESP32->RPi,decrypt,106,221,115,4.247,21,esp32_edge_simulator_1,2,scan_A
00:38:45.056,1421.6,gateway_repit,gateway_A,raspberrypi,2,ESP32->RPi,decrypt,119,237,118,3.977,21,esp32_edge_normal_1,0,normal
00:38:45.127,1421.6,gateway_repit,gateway_A,raspberrypi,2,ESP32->RPi,decrypt,112,229,117,3.668,21,esp32_edge_simulator_2,1,mqtt_bruteforce
00:38:50.048,1426.5,gateway_repit,gateway_A,raspberrypi,2,ESP32->RPi,decrypt,112,229,117,1.37,21,esp32_edge_simulator_1,1,mqtt_bruteforce
00:38:50.051,1426.5,gateway_repit,gateway_A,raspberrypi,2,ESP32->RPi,decrypt,112,229,117,1.283,21,esp32_edge_normal_1,0,normal
00:38:50.088,1426.6,gateway_repit,gateway_A,raspberrypi,2,ESP32->RPi,decrypt,108,221,113,1.277,21,esp32_edge_simulator_2,2,scan_A
00:38:55.137,1431.6,gateway_repit,gateway_A,raspberrypi,2,ESP32->RPi,decrypt,122,241,119,1.328,21,esp32_edge_simulator_1,0,normal
00:38:55.140,1431.6,gateway_repit,gateway_A,raspberrypi,2,ESP32->RPi,decrypt,120,237,117,1.323,21,esp32_edge_normal_1,0,normal
00:38:55.141,1431.6,gateway_repit,gateway_A,raspberrypi,2,ESP32->RPi,decrypt,112,229,117,1.339,21,esp32_edge_simulator_2,1,mqtt_bruteforce
00:39:00.158,1436.7,gateway_repit,gateway_A,raspberrypi,2,ESP32->RPi,decrypt,114,229,115,4.19,21,esp32_edge_normal_1,0,normal
00:39:00.163,1436.7,gateway_repit,gateway_A,raspberrypi,2,ESP32->RPi,decrypt,119,237,118,4.008,21,esp32_edge_simulator_1,0,normal
00:39:01.071,1437.6,gateway_repit,gateway_A,raspberrypi,2,RPi->PC,encrypt,3644,4942,1298,33.035,21,,,
00:39:04.133,1440.6,gateway_repit,gateway_A,raspberrypi,2,ESP32->RPi,decrypt,111,225,114,1.272,21,esp32_edge_simulator_2,1,mqtt_bruteforce
00:39:05.052,1441.5,gateway_repit,gateway_A,raspberrypi,2,ESP32->RPi,decrypt,113,229,116,1.315,21,esp32_edge_normal_1,0,normal
00:39:05.054,1441.6,gateway_repit,gateway_A,raspberrypi,2,ESP32->RPi,decrypt,121,241,120,1.435,21,esp32_edge_simulator_1,0,normal
00:39:05.091,1441.6,gateway_repit,gateway_A,raspberrypi,2,ESP32->RPi,decrypt,122,241,119,1.394,21,esp32_edge_simulator_2,0,normal
00:39:10.052,1446.5,gateway_repit,gateway_A,raspberrypi,2,ESP32->RPi,decrypt,122,241,119,3.696,21,esp32_edge_simulator_1,0,normal
00:39:10.062,1446.6,gateway_repit,gateway_A,raspberrypi,2,ESP32->RPi,decrypt,116,233,117,3.385,21,esp32_edge_normal_1,0,normal
00:39:10.093,1446.6,gateway_repit,gateway_A,raspberrypi,2,ESP32->RPi,decrypt,111,225,114,3.141,21,esp32_edge_simulator_2,1,mqtt_bruteforce
00:39:15.052,1451.5,gateway_repit,gateway_A,raspberrypi,2,ESP32->RPi,decrypt,112,229,117,3.859,21,esp32_edge_simulator_1,1,mqtt_bruteforce
00:39:15.057,1451.6,gateway_repit,gateway_A,raspberrypi,2,ESP32->RPi,decrypt,121,241,120,3.915,21,esp32_edge_normal_1,0,normal
00:39:15.113,1451.6,gateway_repit,gateway_A,raspberrypi,2,ESP32->RPi,decrypt,111,225,114,2.756,21,esp32_edge_simulator_2,1,mqtt_bruteforce
00:39:20.128,1456.6,gateway_repit,gateway_A,raspberrypi,2,ESP32->RPi,decrypt,118,237,119,3.905,21,esp32_edge_normal_1,0,normal
00:39:20.133,1456.6,gateway_repit,gateway_A,raspberrypi,2,ESP32->RPi,decrypt,112,229,117,3.878,21,esp32_edge_simulator_1,1,mqtt_bruteforce
00:39:20.138,1456.6,gateway_repit,gateway_A,raspberrypi,2,ESP32->RPi,decrypt,107,221,114,3.836,21,esp32_edge_simulator_2,2,scan_A
00:39:25.172,1461.7,gateway_repit,gateway_A,raspberrypi,2,ESP32->RPi,decrypt,123,241,118,3.705,21,esp32_edge_simulator_1,0,normal
00:39:25.176,1461.7,gateway_repit,gateway_A,raspberrypi,2,ESP32->RPi,decrypt,107,221,114,3.165,21,esp32_edge_normal_1,0,normal
00:39:25.180,1461.7,gateway_repit,gateway_A,raspberrypi,2,ESP32->RPi,decrypt,107,221,114,3.039,21,esp32_edge_simulator_2,2,scan_A
00:39:30.159,1466.7,gateway_repit,gateway_A,raspberrypi,2,ESP32->RPi,decrypt,116,233,117,1.283,21,esp32_edge_normal_1,0,normal
00:39:30.162,1466.7,gateway_repit,gateway_A,raspberrypi,2,ESP32->RPi,decrypt,113,229,116,1.243,21,esp32_edge_simulator_1,1,mqtt_bruteforce
00:39:30.164,1466.7,gateway_repit,gateway_A,raspberrypi,2,ESP32->RPi,decrypt,101,213,112,1.144,21,esp32_edge_simulator_2,2,scan_A
00:39:35.078,1471.6,gateway_repit,gateway_A,raspberrypi,2,ESP32->RPi,decrypt,106,221,115,3.866,21,esp32_edge_simulator_1,1,mqtt_bruteforce
00:39:35.084,1471.6,gateway_repit,gateway_A,raspberrypi,2,ESP32->RPi,decrypt,120,237,117,4.175,21,esp32_edge_normal_1,0,normal
00:39:35.090,1471.6,gateway_repit,gateway_A,raspberrypi,2,ESP32->RPi,decrypt,107,221,114,3.869,21,esp32_edge_simulator_2,2,scan_A
00:39:40.091,1476.6,gateway_repit,gateway_A,raspberrypi,2,ESP32->RPi,decrypt,107,221,114,1.29,21,esp32_edge_simulator_1,2,scan_A
00:39:40.094,1476.6,gateway_repit,gateway_A,raspberrypi,2,ESP32->RPi,decrypt,116,233,117,1.293,21,esp32_edge_normal_1,0,normal
00:39:40.101,1476.6,gateway_repit,gateway_A,raspberrypi,2,ESP32->RPi,decrypt,113,229,116,1.274,21,esp32_edge_simulator_2,1,mqtt_bruteforce
00:39:45.112,1481.6,gateway_repit,gateway_A,raspberrypi,2,ESP32->RPi,decrypt,113,229,116,3.899,21,esp32_edge_simulator_1,1,mqtt_bruteforce
00:39:45.118,1481.6,gateway_repit,gateway_A,raspberrypi,2,ESP32->RPi,decrypt,118,237,119,3.85,21,esp32_edge_normal_1,0,normal
00:39:45.123,1481.6,gateway_repit,gateway_A,raspberrypi,2,ESP32->RPi,decrypt,107,221,114,3.581,21,esp32_edge_simulator_2,2,scan_A
00:39:50.129,1486.6,gateway_repit,gateway_A,raspberrypi,2,ESP32->RPi,decrypt,116,233,117,3.842,21,esp32_edge_simulator_1,0,normal
00:39:50.134,1486.6,gateway_repit,gateway_A,raspberrypi,2,ESP32->RPi,decrypt,107,221,114,3.574,21,esp32_edge_normal_1,0,normal
00:39:51.037,1487.5,gateway_repit,gateway_A,raspberrypi,2,RPi->PC,encrypt,3630,4922,1292,34.181,21,,,
00:39:54.117,1490.6,gateway_repit,gateway_A,raspberrypi,2,ESP32->RPi,decrypt,120,237,117,1.4,21,esp32_edge_simulator_2,0,normal
00:39:55.048,1491.5,gateway_repit,gateway_A,raspberrypi,2,ESP32->RPi,decrypt,118,237,119,1.29,21,esp32_edge_simulator_1,0,normal
00:39:55.050,1491.5,gateway_repit,gateway_A,raspberrypi,2,ESP32->RPi,decrypt,119,237,118,1.38,21,esp32_edge_normal_1,0,normal
00:39:55.088,1491.6,gateway_repit,gateway_A,raspberrypi,2,ESP32->RPi,decrypt,119,237,118,1.308,21,esp32_edge_simulator_2,0,normal
00:40:00.051,1496.5,gateway_repit,gateway_A,raspberrypi,2,ESP32->RPi,decrypt,109,225,116,3.962,21,esp32_edge_simulator_1,1,mqtt_bruteforce
00:40:00.056,1496.6,gateway_repit,gateway_A,raspberrypi,2,ESP32->RPi,decrypt,115,233,118,4.067,21,esp32_edge_normal_1,0,normal
00:40:00.100,1496.6,gateway_repit,gateway_A,raspberrypi,2,ESP32->RPi,decrypt,110,225,115,3.89,21,esp32_edge_simulator_2,1,mqtt_bruteforce
00:40:05.052,1501.6,gateway_repit,gateway_A,raspberrypi,2,ESP32->RPi,decrypt,120,237,117,4.321,21,esp32_edge_simulator_1,0,normal
00:40:05.058,1501.6,gateway_repit,gateway_A,raspberrypi,2,ESP32->RPi,decrypt,116,233,117,4.128,21,esp32_edge_normal_1,0,normal
00:40:05.094,1501.6,gateway_repit,gateway_A,raspberrypi,2,ESP32->RPi,decrypt,122,241,119,4.572,21,esp32_edge_simulator_2,0,normal
00:40:10.100,1506.6,gateway_repit,gateway_A,raspberrypi,2,ESP32->RPi,decrypt,81,185,104,3.154,21,esp32_edge_simulator_1,2,scan_A
00:40:10.105,1506.6,gateway_repit,gateway_A,raspberrypi,2,ESP32->RPi,decrypt,113,229,116,3.927,21,esp32_edge_normal_1,0,normal
00:40:10.110,1506.6,gateway_repit,gateway_A,raspberrypi,2,ESP32->RPi,decrypt,107,221,114,3.954,21,esp32_edge_simulator_2,2,scan_A
00:40:15.112,1511.6,gateway_repit,gateway_A,raspberrypi,2,ESP32->RPi,decrypt,123,241,118,1.382,21,esp32_edge_simulator_1,0,normal
00:40:15.159,1511.7,gateway_repit,gateway_A,raspberrypi,2,ESP32->RPi,decrypt,119,237,118,1.265,21,esp32_edge_normal_1,0,normal
00:40:15.160,1511.7,gateway_repit,gateway_A,raspberrypi,2,ESP32->RPi,decrypt,109,225,116,1.272,21,esp32_edge_simulator_2,0,normal
00:40:20.137,1516.6,gateway_repit,gateway_A,raspberrypi,2,ESP32->RPi,decrypt,110,225,115,4.499,21,esp32_edge_simulator_1,1,mqtt_bruteforce
00:40:20.142,1516.6,gateway_repit,gateway_A,raspberrypi,2,ESP32->RPi,decrypt,120,237,117,4.14,21,esp32_edge_normal_1,0,normal
00:40:20.147,1516.6,gateway_repit,gateway_A,raspberrypi,2,ESP32->RPi,decrypt,119,237,118,4.156,21,esp32_edge_simulator_2,0,normal
00:40:25.099,1521.6,gateway_repit,gateway_A,raspberrypi,2,ESP32->RPi,decrypt,81,185,104,3.878,21,esp32_edge_simulator_1,2,scan_A
00:40:25.104,1521.6,gateway_repit,gateway_A,raspberrypi,2,ESP32->RPi,decrypt,117,233,116,3.88,21,esp32_edge_normal_1,0,normal
00:40:25.108,1521.6,gateway_repit,gateway_A,raspberrypi,2,ESP32->RPi,decrypt,81,185,104,2.855,21,esp32_edge_simulator_2,2,scan_A
00:40:30.062,1526.6,gateway_repit,gateway_A,raspberrypi,2,ESP32->RPi,decrypt,81,185,104,1.012,21,esp32_edge_simulator_1,2,scan_A
00:40:30.066,1526.6,gateway_repit,gateway_A,raspberrypi,2,ESP32->RPi,decrypt,120,237,117,1.356,21,esp32_edge_normal_1,0,normal
00:40:30.084,1526.6,gateway_repit,gateway_A,raspberrypi,2,ESP32->RPi,decrypt,81,185,104,1.181,21,esp32_edge_simulator_2,2,scan_A
00:40:35.084,1531.6,gateway_repit,gateway_A,raspberrypi,2,ESP32->RPi,decrypt,113,229,116,4.413,21,esp32_edge_normal_1,0,normal
00:40:35.089,1531.6,gateway_repit,gateway_A,raspberrypi,2,ESP32->RPi,decrypt,118,237,119,4.105,21,esp32_edge_simulator_1,0,normal
00:40:35.096,1531.6,gateway_repit,gateway_A,raspberrypi,2,ESP32->RPi,decrypt,120,237,117,4.459,21,esp32_edge_simulator_2,0,normal
00:40:40.102,1536.6,gateway_repit,gateway_A,raspberrypi,2,ESP32->RPi,decrypt,111,225,114,4.168,21,esp32_edge_simulator_1,1,mqtt_bruteforce
00:40:40.107,1536.6,gateway_repit,gateway_A,raspberrypi,2,ESP32->RPi,decrypt,118,237,119,3.821,21,esp32_edge_normal_1,0,normal
00:40:41.013,1537.5,gateway_repit,gateway_A,raspberrypi,2,RPi->PC,encrypt,3640,4938,1298,33.692,21,,,
00:40:44.070,1540.6,gateway_repit,gateway_A,raspberrypi,2,ESP32->RPi,decrypt,103,217,114,1.333,21,esp32_edge_simulator_2,2,scan_A
00:40:45.046,1541.5,gateway_repit,gateway_A,raspberrypi,2,ESP32->RPi,decrypt,124,245,121,1.484,21,esp32_edge_simulator_1,0,normal
00:40:45.049,1541.5,gateway_repit,gateway_A,raspberrypi,2,ESP32->RPi,decrypt,121,241,120,1.319,21,esp32_edge_normal_1,0,normal
00:40:45.116,1541.6,gateway_repit,gateway_A,raspberrypi,2,ESP32->RPi,decrypt,113,229,116,1.272,21,esp32_edge_simulator_2,1,mqtt_bruteforce
00:40:50.133,1546.6,gateway_repit,gateway_A,raspberrypi,2,ESP32->RPi,decrypt,115,233,118,1.318,21,esp32_edge_normal_1,0,normal
00:40:50.136,1546.6,gateway_repit,gateway_A,raspberrypi,2,ESP32->RPi,decrypt,110,225,115,1.255,21,esp32_edge_simulator_1,1,mqtt_bruteforce
00:40:50.138,1546.6,gateway_repit,gateway_A,raspberrypi,2,ESP32->RPi,decrypt,122,241,119,1.415,21,esp32_edge_simulator_2,0,normal
00:40:55.155,1551.7,gateway_repit,gateway_A,raspberrypi,2,ESP32->RPi,decrypt,106,221,115,3.835,21,esp32_edge_simulator_2,2,scan_A
00:40:56.300,1552.8,gateway_repit,gateway_A,raspberrypi,2,ESP32->RPi,decrypt,114,229,115,4.127,21,esp32_edge_normal_1,0,normal
00:40:56.305,1552.8,gateway_repit,gateway_A,raspberrypi,2,ESP32->RPi,decrypt,102,213,111,3.467,21,esp32_edge_simulator_1,2,scan_A
00:41:00.069,1556.6,gateway_repit,gateway_A,raspberrypi,2,ESP32->RPi,decrypt,114,229,115,4.004,21,esp32_edge_normal_1,0,normal
00:41:00.074,1556.6,gateway_repit,gateway_A,raspberrypi,2,ESP32->RPi,decrypt,106,221,115,3.68,21,esp32_edge_simulator_1,1,mqtt_bruteforce
00:41:00.089,1556.6,gateway_repit,gateway_A,raspberrypi,2,ESP32->RPi,decrypt,108,221,113,3.577,21,esp32_edge_simulator_2,2,scan_A
00:41:05.088,1561.6,gateway_repit,gateway_A,raspberrypi,2,ESP32->RPi,decrypt,111,225,114,1.26,21,esp32_edge_simulator_1,1,mqtt_bruteforce
00:41:05.091,1561.6,gateway_repit,gateway_A,raspberrypi,2,ESP32->RPi,decrypt,114,229,115,1.528,21,esp32_edge_normal_1,0,normal
00:41:05.092,1561.6,gateway_repit,gateway_A,raspberrypi,2,ESP32->RPi,decrypt,108,221,113,1.251,21,esp32_edge_simulator_2,1,mqtt_bruteforce
00:41:10.104,1566.6,gateway_repit,gateway_A,raspberrypi,2,ESP32->RPi,decrypt,81,185,104,4.0,21,esp32_edge_simulator_1,2,scan_A
00:41:10.110,1566.6,gateway_repit,gateway_A,raspberrypi,2,ESP32->RPi,decrypt,120,237,117,4.202,21,esp32_edge_normal_1,0,normal
00:41:10.115,1566.6,gateway_repit,gateway_A,raspberrypi,2,ESP32->RPi,decrypt,119,237,118,4.216,21,esp32_edge_simulator_2,0,normal
00:41:15.042,1571.5,gateway_repit,gateway_A,raspberrypi,2,ESP32->RPi,decrypt,81,185,104,1.135,21,esp32_edge_simulator_1,2,scan_A
00:41:15.046,1571.5,gateway_repit,gateway_A,raspberrypi,2,ESP32->RPi,decrypt,115,233,118,1.341,21,esp32_edge_normal_1,0,normal
00:41:15.085,1571.6,gateway_repit,gateway_A,raspberrypi,2,ESP32->RPi,decrypt,106,221,115,1.416,21,esp32_edge_simulator_2,2,scan_A
00:41:20.047,1576.5,gateway_repit,gateway_A,raspberrypi,2,ESP32->RPi,decrypt,108,221,113,4.14,21,esp32_edge_simulator_1,2,scan_A
00:41:20.055,1576.6,gateway_repit,gateway_A,raspberrypi,2,ESP32->RPi,decrypt,117,233,116,4.092,21,esp32_edge_normal_1,0,normal
00:41:20.089,1576.6,gateway_repit,gateway_A,raspberrypi,2,ESP32->RPi,decrypt,119,237,118,4.125,21,esp32_edge_simulator_2,0,normal
00:41:25.046,1581.5,gateway_repit,gateway_A,raspberrypi,2,ESP32->RPi,decrypt,105,217,112,3.842,21,esp32_edge_simulator_1,2,scan_A
00:41:25.183,1581.7,gateway_repit,gateway_A,raspberrypi,2,ESP32->RPi,decrypt,120,237,117,2.713,21,esp32_edge_normal_1,0,normal
00:41:25.187,1581.7,gateway_repit,gateway_A,raspberrypi,2,ESP32->RPi,decrypt,120,237,117,2.568,21,esp32_edge_simulator_2,0,normal
00:41:30.044,1586.5,gateway_repit,gateway_A,raspberrypi,2,ESP32->RPi,decrypt,108,221,113,1.221,21,esp32_edge_simulator_1,1,mqtt_bruteforce
00:41:30.052,1586.5,gateway_repit,gateway_A,raspberrypi,2,ESP32->RPi,decrypt,115,233,118,1.27,21,esp32_edge_normal_1,0,normal
00:41:30.997,1587.5,gateway_repit,gateway_A,raspberrypi,2,RPi->PC,encrypt,3648,4946,1298,35.001,21,,,
00:41:34.053,1590.6,gateway_repit,gateway_A,raspberrypi,2,ESP32->RPi,decrypt,120,237,117,1.446,21,esp32_edge_simulator_2,0,normal
00:41:35.043,1591.5,gateway_repit,gateway_A,raspberrypi,2,ESP32->RPi,decrypt,112,229,117,1.255,21,esp32_edge_simulator_1,1,mqtt_bruteforce
00:41:35.047,1591.5,gateway_repit,gateway_A,raspberrypi,2,ESP32->RPi,decrypt,113,229,116,1.261,21,esp32_edge_normal_1,0,normal
00:41:35.099,1591.6,gateway_repit,gateway_A,raspberrypi,2,ESP32->RPi,decrypt,108,221,113,1.274,21,esp32_edge_simulator_2,1,mqtt_bruteforce
00:41:40.109,1596.6,gateway_repit,gateway_A,raspberrypi,2,ESP32->RPi,decrypt,107,221,114,4.569,21,esp32_edge_simulator_1,2,scan_A
00:41:40.115,1596.6,gateway_repit,gateway_A,raspberrypi,2,ESP32->RPi,decrypt,120,237,117,4.429,21,esp32_edge_normal_1,0,normal
00:41:40.119,1596.6,gateway_repit,gateway_A,raspberrypi,2,ESP32->RPi,decrypt,103,217,114,3.762,21,esp32_edge_simulator_2,2,scan_A
00:41:45.125,1601.6,gateway_repit,gateway_A,raspberrypi,2,ESP32->RPi,decrypt,120,237,117,1.474,21,esp32_edge_simulator_1,0,normal
00:41:45.128,1601.6,gateway_repit,gateway_A,raspberrypi,2,ESP32->RPi,decrypt,121,241,120,1.472,21,esp32_edge_normal_1,0,normal
00:41:45.130,1601.6,gateway_repit,gateway_A,raspberrypi,2,ESP32->RPi,decrypt,114,229,115,1.401,21,esp32_edge_simulator_2,1,mqtt_bruteforce
00:41:50.046,1606.5,gateway_repit,gateway_A,raspberrypi,2,ESP32->RPi,decrypt,118,237,119,1.339,21,esp32_edge_normal_1,0,normal
00:41:50.052,1606.6,gateway_repit,gateway_A,raspberrypi,2,ESP32->RPi,decrypt,110,225,115,1.227,21,esp32_edge_simulator_1,1,mqtt_bruteforce
00:41:50.087,1606.6,gateway_repit,gateway_A,raspberrypi,2,ESP32->RPi,decrypt,121,241,120,1.387,21,esp32_edge_simulator_2,0,normal
00:41:55.045,1611.5,gateway_repit,gateway_A,raspberrypi,2,ESP32->RPi,decrypt,106,221,115,4.079,21,esp32_edge_simulator_1,2,scan_A
00:41:55.050,1611.5,gateway_repit,gateway_A,raspberrypi,2,ESP32->RPi,decrypt,116,233,117,3.801,21,esp32_edge_normal_1,0,normal
00:41:55.089,1611.6,gateway_repit,gateway_A,raspberrypi,2,ESP32->RPi,decrypt,119,237,118,4.044,21,esp32_edge_simulator_2,0,normal
00:42:00.048,1616.5,gateway_repit,gateway_A,raspberrypi,2,ESP32->RPi,decrypt,119,237,118,4.113,21,esp32_edge_simulator_1,0,normal
00:42:00.056,1616.6,gateway_repit,gateway_A,raspberrypi,2,ESP32->RPi,decrypt,114,229,115,3.934,21,esp32_edge_normal_1,0,normal
00:42:00.090,1616.6,gateway_repit,gateway_A,raspberrypi,2,ESP32->RPi,decrypt,122,241,119,3.772,21,esp32_edge_simulator_2,0,normal
00:42:05.091,1621.6,gateway_repit,gateway_A,raspberrypi,2,ESP32->RPi,decrypt,108,221,113,1.322,21,esp32_edge_simulator_1,0,normal
00:42:05.095,1621.6,gateway_repit,gateway_A,raspberrypi,2,ESP32->RPi,decrypt,116,233,117,1.379,21,esp32_edge_normal_1,0,normal
00:42:05.096,1621.6,gateway_repit,gateway_A,raspberrypi,2,ESP32->RPi,decrypt,108,221,113,1.353,21,esp32_edge_simulator_2,2,scan_A
00:42:10.047,1626.5,gateway_repit,gateway_A,raspberrypi,2,ESP32->RPi,decrypt,117,233,116,2.716,21,esp32_edge_normal_1,0,normal
00:42:10.053,1626.6,gateway_repit,gateway_A,raspberrypi,2,ESP32->RPi,decrypt,108,221,113,2.651,21,esp32_edge_simulator_1,1,mqtt_bruteforce
00:42:10.090,1626.6,gateway_repit,gateway_A,raspberrypi,2,ESP32->RPi,decrypt,113,229,116,2.636,21,esp32_edge_simulator_2,1,mqtt_bruteforce
00:42:15.044,1631.5,gateway_repit,gateway_A,raspberrypi,2,ESP32->RPi,decrypt,81,185,104,3.759,21,esp32_edge_simulator_1,2,scan_A
00:42:15.050,1631.5,gateway_repit,gateway_A,raspberrypi,2,ESP32->RPi,decrypt,119,237,118,5.028,21,esp32_edge_normal_1,0,normal
00:42:15.089,1631.6,gateway_repit,gateway_A,raspberrypi,2,ESP32->RPi,decrypt,124,245,121,3.704,21,esp32_edge_simulator_2,0,normal
00:42:20.144,1636.6,gateway_repit,gateway_A,raspberrypi,2,ESP32->RPi,decrypt,121,241,120,1.367,21,esp32_edge_simulator_1,0,normal
00:42:20.147,1636.6,gateway_repit,gateway_A,raspberrypi,2,ESP32->RPi,decrypt,115,233,118,1.293,21,esp32_edge_normal_1,0,normal
00:42:21.055,1637.6,gateway_repit,gateway_A,raspberrypi,2,RPi->PC,encrypt,3654,4954,1300,34.363,21,,,
00:42:24.134,1640.6,gateway_repit,gateway_A,raspberrypi,2,ESP32->RPi,decrypt,117,233,116,1.494,21,esp32_edge_simulator_2,0,normal
00:42:25.104,1641.6,gateway_repit,gateway_A,raspberrypi,2,ESP32->RPi,decrypt,112,229,117,1.306,21,esp32_edge_simulator_1,1,mqtt_bruteforce
00:42:25.107,1641.6,gateway_repit,gateway_A,raspberrypi,2,ESP32->RPi,decrypt,121,241,120,1.316,21,esp32_edge_normal_1,0,normal
00:42:25.109,1641.6,gateway_repit,gateway_A,raspberrypi,2,ESP32->RPi,decrypt,111,225,114,1.787,21,esp32_edge_simulator_2,1,mqtt_bruteforce
