timestamp,uptime_s,device_name,device_suffix,hostname,run_id,channel,operation,pt_bytes,enc_bytes,overhead_bytes,elapsed_ms,fl_round,client_id,sample_label,sample_label_name
00:15:01.633,0.6,gateway_repit,gateway_B,gatewayB,2,ESP32->RPi,decrypt,120,237,117,1.486,0,esp32_edge_normal_1,0,normal
00:15:05.630,4.5,gateway_repit,gateway_B,gatewayB,2,ESP32->RPi,decrypt,81,185,104,3.28,0,esp32_edge_simulator_2,2,scan_A
00:15:05.672,4.6,gateway_repit,gateway_B,gatewayB,2,ESP32->RPi,decrypt,99,209,110,4.313,0,esp32_edge_simulator_1,2,scan_A
00:15:05.678,4.6,gateway_repit,gateway_B,gatewayB,2,ESP32->RPi,decrypt,116,233,117,4.237,0,esp32_edge_normal_1,0,normal
00:15:10.630,9.5,gateway_repit,gateway_B,gatewayB,2,ESP32->RPi,decrypt,118,237,119,4.2,0,esp32_edge_simulator_2,0,normal
00:15:10.657,9.6,gateway_repit,gateway_B,gatewayB,2,ESP32->RPi,decrypt,113,229,116,4.387,0,esp32_edge_simulator_1,1,mqtt_bruteforce
00:15:10.668,9.6,gateway_repit,gateway_B,gatewayB,2,ESP32->RPi,decrypt,113,229,116,4.477,0,esp32_edge_normal_1,0,normal
00:15:15.629,14.5,gateway_repit,gateway_B,gatewayB,2,ESP32->RPi,decrypt,121,241,120,4.509,0,esp32_edge_simulator_2,0,normal
00:15:15.680,14.6,gateway_repit,gateway_B,gatewayB,2,ESP32->RPi,decrypt,111,225,114,2.944,0,esp32_edge_simulator_1,1,mqtt_bruteforce
00:15:15.685,14.6,gateway_repit,gateway_B,gatewayB,2,ESP32->RPi,decrypt,121,241,120,2.986,0,esp32_edge_normal_1,0,normal
00:15:20.637,19.6,gateway_repit,gateway_B,gatewayB,2,ESP32->RPi,decrypt,111,225,114,3.962,0,esp32_edge_simulator_2,1,mqtt_bruteforce
00:15:20.656,19.6,gateway_repit,gateway_B,gatewayB,2,ESP32->RPi,decrypt,81,185,104,3.465,0,esp32_edge_simulator_1,2,scan_A
00:15:20.672,19.6,gateway_repit,gateway_B,gatewayB,2,ESP32->RPi,decrypt,120,237,117,4.621,0,esp32_edge_normal_1,0,normal
00:15:25.626,24.5,gateway_repit,gateway_B,gatewayB,2,ESP32->RPi,decrypt,81,185,104,3.302,0,esp32_edge_simulator_2,2,scan_A
00:15:25.655,24.6,gateway_repit,gateway_B,gatewayB,2,ESP32->RPi,decrypt,81,185,104,3.338,0,esp32_edge_simulator_1,2,scan_A
00:15:25.669,24.6,gateway_repit,gateway_B,gatewayB,2,ESP32->RPi,decrypt,119,237,118,4.505,0,esp32_edge_normal_1,0,normal
00:15:30.626,29.5,gateway_repit,gateway_B,gatewayB,2,ESP32->RPi,decrypt,81,185,104,3.311,0,esp32_edge_simulator_2,2,scan_A
00:15:30.661,29.6,gateway_repit,gateway_B,gatewayB,2,ESP32->RPi,decrypt,120,237,117,4.625,0,esp32_edge_simulator_1,0,normal
00:15:30.668,29.6,gateway_repit,gateway_B,gatewayB,2,ESP32->RPi,decrypt,121,241,120,5.042,0,esp32_edge_normal_1,0,normal
00:15:35.633,34.6,gateway_repit,gateway_B,gatewayB,2,ESP32->RPi,decrypt,111,225,114,1.351,0,esp32_edge_simulator_2,1,mqtt_bruteforce
00:15:35.656,34.6,gateway_repit,gateway_B,gatewayB,2,ESP32->RPi,decrypt,123,241,118,1.843,0,esp32_edge_simulator_1,0,normal
00:15:35.659,34.6,gateway_repit,gateway_B,gatewayB,2,ESP32->RPi,decrypt,117,233,116,1.476,0,esp32_edge_normal_1,0,normal
00:15:40.624,39.5,gateway_repit,gateway_B,gatewayB,2,ESP32->RPi,decrypt,102,213,111,1.577,0,esp32_edge_simulator_2,2,scan_A
00:15:40.657,39.6,gateway_repit,gateway_B,gatewayB,2,ESP32->RPi,decrypt,117,233,116,1.397,0,esp32_edge_normal_1,0,normal
00:15:40.663,39.6,gateway_repit,gateway_B,gatewayB,2,ESP32->RPi,decrypt,109,225,116,1.495,0,esp32_edge_simulator_1,1,mqtt_bruteforce
00:15:45.661,44.6,gateway_repit,gateway_B,gatewayB,2,ESP32->RPi,decrypt,112,229,117,1.372,0,esp32_edge_simulator_2,1,mqtt_bruteforce
00:15:45.664,44.6,gateway_repit,gateway_B,gatewayB,2,ESP32->RPi,decrypt,117,233,116,1.433,0,esp32_edge_normal_1,0,normal
00:15:45.672,44.6,gateway_repit,gateway_B,gatewayB,2,ESP32->RPi,decrypt,111,225,114,1.414,0,esp32_edge_simulator_1,1,mqtt_bruteforce
00:15:50.625,49.5,gateway_repit,gateway_B,gatewayB,2,ESP32->RPi,decrypt,120,237,117,1.636,0,esp32_edge_simulator_2,0,normal
00:15:50.655,49.6,gateway_repit,gateway_B,gatewayB,2,ESP32->RPi,decrypt,118,237,119,1.733,0,esp32_edge_simulator_1,0,normal
00:15:59.523,58.4,gateway_repit,gateway_B,gatewayB,2,RPi->PC,encrypt,3685,4998,1313,39.291,0,,,
00:15:59.763,58.7,gateway_repit,gateway_B,gatewayB,2,PC->RPi,decrypt,3614,4902,1288,33.914,0,,,
00:15:59.820,58.7,gateway_repit,gateway_B,gatewayB,2,RPi->ESP32,encrypt,3614,4902,1288,35.073,1,,,
00:15:59.833,58.8,gateway_repit,gateway_B,gatewayB,2,ESP32->RPi,decrypt,117,233,116,1.461,1,esp32_edge_normal_1,0,normal
00:15:59.837,58.8,gateway_repit,gateway_B,gatewayB,2,ESP32->RPi,decrypt,109,225,116,1.999,1,esp32_edge_simulator_2,1,mqtt_bruteforce
00:15:59.839,58.8,gateway_repit,gateway_B,gatewayB,2,ESP32->RPi,decrypt,118,237,119,1.569,1,esp32_edge_simulator_1,0,normal
00:15:59.841,58.8,gateway_repit,gateway_B,gatewayB,2,ESP32->RPi,decrypt,118,237,119,1.509,1,esp32_edge_normal_1,0,normal
00:16:11.856,70.8,gateway_repit,gateway_B,gatewayB,2,ESP32->RPi,decrypt,120,237,117,1.713,1,esp32_edge_normal_1,0,normal
00:16:12.256,71.2,gateway_repit,gateway_B,gatewayB,2,ESP32->RPi,decrypt,110,225,115,1.63,1,esp32_edge_simulator_2,1,mqtt_bruteforce
00:16:12.260,71.2,gateway_repit,gateway_B,gatewayB,2,ESP32->RPi,decrypt,112,229,117,1.609,1,esp32_edge_simulator_1,1,mqtt_bruteforce
00:16:16.810,75.7,gateway_repit,gateway_B,gatewayB,2,ESP32->RPi,decrypt,107,221,114,1.402,1,esp32_edge_normal_1,0,normal
00:16:17.224,76.1,gateway_repit,gateway_B,gatewayB,2,ESP32->RPi,decrypt,106,221,115,1.697,1,esp32_edge_simulator_2,1,mqtt_bruteforce
00:16:17.262,76.2,gateway_repit,gateway_B,gatewayB,2,ESP32->RPi,decrypt,121,241,120,1.57,1,esp32_edge_simulator_1,0,normal
00:16:21.828,80.7,gateway_repit,gateway_B,gatewayB,2,ESP32->RPi,decrypt,121,241,120,4.479,1,esp32_edge_normal_1,0,normal
00:16:22.230,81.1,gateway_repit,gateway_B,gatewayB,2,ESP32->RPi,decrypt,108,221,113,3.476,1,esp32_edge_simulator_2,2,scan_A
00:16:22.264,81.2,gateway_repit,gateway_B,gatewayB,2,ESP32->RPi,decrypt,117,233,116,3.701,1,esp32_edge_simulator_1,0,normal
00:16:26.801,85.7,gateway_repit,gateway_B,gatewayB,2,ESP32->RPi,decrypt,121,241,120,1.468,1,esp32_edge_normal_1,0,normal
00:16:27.226,86.1,gateway_repit,gateway_B,gatewayB,2,ESP32->RPi,decrypt,119,237,118,1.452,1,esp32_edge_simulator_2,0,normal
00:16:27.262,86.2,gateway_repit,gateway_B,gatewayB,2,ESP32->RPi,decrypt,115,233,118,1.49,1,esp32_edge_simulator_1,0,normal
00:16:31.801,90.7,gateway_repit,gateway_B,gatewayB,2,ESP32->RPi,decrypt,118,237,119,4.29,1,esp32_edge_normal_1,0,normal
00:16:32.238,91.2,gateway_repit,gateway_B,gatewayB,2,ESP32->RPi,decrypt,116,233,117,4.123,1,esp32_edge_simulator_2,1,mqtt_bruteforce
00:16:32.269,91.2,gateway_repit,gateway_B,gatewayB,2,ESP32->RPi,decrypt,106,221,115,5.871,1,esp32_edge_simulator_1,2,scan_A
00:16:36.814,95.7,gateway_repit,gateway_B,gatewayB,2,ESP32->RPi,decrypt,117,233,116,4.098,1,esp32_edge_normal_1,0,normal
00:16:37.229,96.1,gateway_repit,gateway_B,gatewayB,2,ESP32->RPi,decrypt,117,233,116,3.947,1,esp32_edge_simulator_2,0,normal
00:16:37.266,96.2,gateway_repit,gateway_B,gatewayB,2,ESP32->RPi,decrypt,122,241,119,5.455,1,esp32_edge_simulator_1,0,normal
00:16:41.803,100.7,gateway_repit,gateway_B,gatewayB,2,ESP32->RPi,decrypt,121,241,120,1.419,1,esp32_edge_normal_1,0,normal
00:16:42.234,101.2,gateway_repit,gateway_B,gatewayB,2,ESP32->RPi,decrypt,114,229,115,1.307,1,esp32_edge_simulator_2,1,mqtt_bruteforce
00:16:42.261,101.2,gateway_repit,gateway_B,gatewayB,2,ESP32->RPi,decrypt,121,241,120,1.425,1,esp32_edge_simulator_1,0,normal
00:16:46.798,105.7,gateway_repit,gateway_B,gatewayB,2,ESP32->RPi,decrypt,116,233,117,3.952,1,esp32_edge_normal_1,0,normal
00:16:47.236,106.2,gateway_repit,gateway_B,gatewayB,2,ESP32->RPi,decrypt,109,225,116,3.412,1,esp32_edge_simulator_2,1,mqtt_bruteforce
00:16:47.273,106.2,gateway_repit,gateway_B,gatewayB,2,ESP32->RPi,decrypt,111,225,114,3.708,1,esp32_edge_simulator_1,1,mqtt_bruteforce
00:16:51.796,110.7,gateway_repit,gateway_B,gatewayB,2,ESP32->RPi,decrypt,117,233,116,1.452,1,esp32_edge_normal_1,0,normal
00:16:52.226,111.1,gateway_repit,gateway_B,gatewayB,2,ESP32->RPi,decrypt,81,185,104,1.118,1,esp32_edge_simulator_2,2,scan_A
00:16:53.128,112.0,gateway_repit,gateway_B,gatewayB,2,RPi->PC,encrypt,3714,5034,1320,34.349,1,,,
00:16:53.363,112.3,gateway_repit,gateway_B,gatewayB,2,PC->RPi,decrypt,3587,4866,1279,30.963,1,,,
00:16:53.402,112.3,gateway_repit,gateway_B,gatewayB,2,RPi->ESP32,encrypt,3587,4866,1279,32.8,2,,,
00:16:53.414,112.3,gateway_repit,gateway_B,gatewayB,2,ESP32->RPi,decrypt,121,241,120,1.413,2,esp32_edge_simulator_1,0,normal
00:17:05.312,124.2,gateway_repit,gateway_B,gatewayB,2,ESP32->RPi,decrypt,117,233,116,4.376,2,esp32_edge_normal_1,0,normal
00:17:05.793,124.7,gateway_repit,gateway_B,gatewayB,2,ESP32->RPi,decrypt,119,237,118,3.84,2,esp32_edge_simulator_2,0,normal
00:17:05.806,124.7,gateway_repit,gateway_B,gatewayB,2,ESP32->RPi,decrypt,114,229,115,3.932,2,esp32_edge_simulator_1,1,mqtt_bruteforce
00:17:10.310,129.2,gateway_repit,gateway_B,gatewayB,2,ESP32->RPi,decrypt,120,237,117,1.486,2,esp32_edge_normal_1,0,normal
00:17:10.782,129.7,gateway_repit,gateway_B,gatewayB,2,ESP32->RPi,decrypt,81,185,104,1.113,2,esp32_edge_simulator_2,2,scan_A
00:17:10.814,129.7,gateway_repit,gateway_B,gatewayB,2,ESP32->RPi,decrypt,120,237,117,1.395,2,esp32_edge_simulator_1,0,normal
00:17:15.327,134.2,gateway_repit,gateway_B,gatewayB,2,ESP32->RPi,decrypt,117,233,116,4.039,2,esp32_edge_normal_1,0,normal
00:17:15.786,134.7,gateway_repit,gateway_B,gatewayB,2,ESP32->RPi,decrypt,118,237,119,1.407,2,esp32_edge_simulator_2,0,normal
00:17:15.814,134.7,gateway_repit,gateway_B,gatewayB,2,ESP32->RPi,decrypt,110,225,115,1.384,2,esp32_edge_simulator_1,1,mqtt_bruteforce
00:17:20.307,139.2,gateway_repit,gateway_B,gatewayB,2,ESP32->RPi,decrypt,116,233,117,1.479,2,esp32_edge_normal_1,0,normal
00:17:20.787,139.7,gateway_repit,gateway_B,gatewayB,2,ESP32->RPi,decrypt,122,241,119,4.519,2,esp32_edge_simulator_2,0,normal
00:17:20.825,139.7,gateway_repit,gateway_B,gatewayB,2,ESP32->RPi,decrypt,107,221,114,8.372,2,esp32_edge_simulator_1,1,mqtt_bruteforce
00:17:25.309,144.2,gateway_repit,gateway_B,gatewayB,2,ESP32->RPi,decrypt,116,233,117,1.36,2,esp32_edge_normal_1,0,normal
00:17:25.785,144.7,gateway_repit,gateway_B,gatewayB,2,ESP32->RPi,decrypt,121,241,120,1.375,2,esp32_edge_simulator_2,0,normal
00:17:25.814,144.7,gateway_repit,gateway_B,gatewayB,2,ESP32->RPi,decrypt,112,229,117,1.319,2,esp32_edge_simulator_1,1,mqtt_bruteforce
00:17:30.314,149.2,gateway_repit,gateway_B,gatewayB,2,ESP32->RPi,decrypt,117,233,116,4.392,2,esp32_edge_normal_1,0,normal
00:17:30.785,149.7,gateway_repit,gateway_B,gatewayB,2,ESP32->RPi,decrypt,105,217,112,4.009,2,esp32_edge_simulator_2,2,scan_A
00:17:30.818,149.7,gateway_repit,gateway_B,gatewayB,2,ESP32->RPi,decrypt,109,225,116,4.268,2,esp32_edge_simulator_1,1,mqtt_bruteforce
00:17:35.311,154.2,gateway_repit,gateway_B,gatewayB,2,ESP32->RPi,decrypt,117,233,116,4.189,2,esp32_edge_normal_1,0,normal
00:17:35.783,154.7,gateway_repit,gateway_B,gatewayB,2,ESP32->RPi,decrypt,107,221,114,3.647,2,esp32_edge_simulator_2,1,mqtt_bruteforce
00:17:35.808,154.7,gateway_repit,gateway_B,gatewayB,2,ESP32->RPi,decrypt,108,221,113,3.842,2,esp32_edge_simulator_1,1,mqtt_bruteforce
00:17:40.308,159.2,gateway_repit,gateway_B,gatewayB,2,ESP32->RPi,decrypt,117,233,116,1.359,2,esp32_edge_normal_1,0,normal
00:17:40.781,159.7,gateway_repit,gateway_B,gatewayB,2,ESP32->RPi,decrypt,107,221,114,1.221,2,esp32_edge_simulator_2,2,scan_A
00:17:40.808,159.7,gateway_repit,gateway_B,gatewayB,2,ESP32->RPi,decrypt,118,237,119,1.35,2,esp32_edge_simulator_1,0,normal
00:17:45.307,164.2,gateway_repit,gateway_B,gatewayB,2,ESP32->RPi,decrypt,116,233,117,1.421,2,esp32_edge_normal_1,0,normal
00:17:45.781,164.7,gateway_repit,gateway_B,gatewayB,2,ESP32->RPi,decrypt,81,185,104,1.111,2,esp32_edge_simulator_2,2,scan_A
00:17:45.807,164.7,gateway_repit,gateway_B,gatewayB,2,ESP32->RPi,decrypt,120,237,117,1.553,2,esp32_edge_simulator_1,0,normal
00:17:50.310,169.2,gateway_repit,gateway_B,gatewayB,2,ESP32->RPi,decrypt,114,229,115,4.228,2,esp32_edge_normal_1,0,normal
00:17:50.783,169.7,gateway_repit,gateway_B,gatewayB,2,ESP32->RPi,decrypt,111,225,114,3.931,2,esp32_edge_simulator_2,1,mqtt_bruteforce
00:17:51.785,170.7,gateway_repit,gateway_B,gatewayB,2,RPi->PC,encrypt,3697,5014,1317,37.616,2,,,
00:17:52.004,170.9,gateway_repit,gateway_B,gatewayB,2,PC->RPi,decrypt,3574,4850,1276,31.923,2,,,
00:17:52.044,171.0,gateway_repit,gateway_B,gatewayB,2,RPi->ESP32,encrypt,3574,4850,1276,33.624,3,,,
00:17:52.056,171.0,gateway_repit,gateway_B,gatewayB,2,ESP32->RPi,decrypt,120,237,117,1.669,3,esp32_edge_simulator_1,0,normal
00:18:04.004,182.9,gateway_repit,gateway_B,gatewayB,2,ESP32->RPi,decrypt,118,237,119,1.602,3,esp32_edge_normal_1,0,normal
00:18:04.469,183.4,gateway_repit,gateway_B,gatewayB,2,ESP32->RPi,decrypt,122,241,119,1.54,3,esp32_edge_simulator_2,0,normal
00:18:04.478,183.4,gateway_repit,gateway_B,gatewayB,2,ESP32->RPi,decrypt,104,217,113,1.315,3,esp32_edge_simulator_1,2,scan_A
00:18:09.004,187.9,gateway_repit,gateway_B,gatewayB,2,ESP32->RPi,decrypt,116,233,117,4.161,3,esp32_edge_normal_1,0,normal
00:18:09.464,188.4,gateway_repit,gateway_B,gatewayB,2,ESP32->RPi,decrypt,119,237,118,4.164,3,esp32_edge_simulator_2,0,normal
00:18:09.483,188.4,gateway_repit,gateway_B,gatewayB,2,ESP32->RPi,decrypt,114,229,115,4.049,3,esp32_edge_simulator_1,1,mqtt_bruteforce
00:18:14.108,193.0,gateway_repit,gateway_B,gatewayB,2,ESP32->RPi,decrypt,119,237,118,1.404,3,esp32_edge_normal_1,0,normal
00:18:14.456,193.4,gateway_repit,gateway_B,gatewayB,2,ESP32->RPi,decrypt,108,221,113,1.377,3,esp32_edge_simulator_2,2,scan_A
00:18:14.481,193.4,gateway_repit,gateway_B,gatewayB,2,ESP32->RPi,decrypt,122,241,119,1.478,3,esp32_edge_simulator_1,0,normal
00:18:18.999,197.9,gateway_repit,gateway_B,gatewayB,2,ESP32->RPi,decrypt,114,229,115,1.468,3,esp32_edge_normal_1,0,normal
00:18:19.458,198.4,gateway_repit,gateway_B,gatewayB,2,ESP32->RPi,decrypt,118,237,119,1.395,3,esp32_edge_simulator_2,0,normal
00:18:19.480,198.4,gateway_repit,gateway_B,gatewayB,2,ESP32->RPi,decrypt,104,217,113,1.402,3,esp32_edge_simulator_1,2,scan_A
00:18:24.003,202.9,gateway_repit,gateway_B,gatewayB,2,ESP32->RPi,decrypt,116,233,117,4.254,3,esp32_edge_normal_1,0,normal
00:18:24.462,203.4,gateway_repit,gateway_B,gatewayB,2,ESP32->RPi,decrypt,122,241,119,4.304,3,esp32_edge_simulator_2,0,normal
00:18:24.500,203.4,gateway_repit,gateway_B,gatewayB,2,ESP32->RPi,decrypt,111,225,114,4.179,3,esp32_edge_simulator_1,1,mqtt_bruteforce
00:18:29.018,207.9,gateway_repit,gateway_B,gatewayB,2,ESP32->RPi,decrypt,118,237,119,1.519,3,esp32_edge_normal_1,0,normal
00:18:29.456,208.4,gateway_repit,gateway_B,gatewayB,2,ESP32->RPi,decrypt,107,221,114,1.408,3,esp32_edge_simulator_2,2,scan_A
00:18:29.478,208.4,gateway_repit,gateway_B,gatewayB,2,ESP32->RPi,decrypt,81,185,104,1.167,3,esp32_edge_simulator_1,2,scan_A
00:18:34.004,212.9,gateway_repit,gateway_B,gatewayB,2,ESP32->RPi,decrypt,118,237,119,5.64,3,esp32_edge_normal_1,0,normal
00:18:34.470,213.4,gateway_repit,gateway_B,gatewayB,2,ESP32->RPi,decrypt,109,225,116,4.149,3,esp32_edge_simulator_2,1,mqtt_bruteforce
00:18:34.482,213.4,gateway_repit,gateway_B,gatewayB,2,ESP32->RPi,decrypt,120,237,117,4.474,3,esp32_edge_simulator_1,0,normal
00:18:39.005,217.9,gateway_repit,gateway_B,gatewayB,2,ESP32->RPi,decrypt,117,233,116,4.354,3,esp32_edge_normal_1,0,normal
00:18:39.464,218.4,gateway_repit,gateway_B,gatewayB,2,ESP32->RPi,decrypt,117,233,116,4.197,3,esp32_edge_simulator_2,0,normal
00:18:39.485,218.4,gateway_repit,gateway_B,gatewayB,2,ESP32->RPi,decrypt,118,237,119,4.366,3,esp32_edge_simulator_1,0,normal
00:18:44.006,222.9,gateway_repit,gateway_B,gatewayB,2,ESP32->RPi,decrypt,120,237,117,4.238,3,esp32_edge_normal_1,0,normal
00:18:44.466,223.4,gateway_repit,gateway_B,gatewayB,2,ESP32->RPi,decrypt,111,225,114,1.315,3,esp32_edge_simulator_2,1,mqtt_bruteforce
00:18:44.482,223.4,gateway_repit,gateway_B,gatewayB,2,ESP32->RPi,decrypt,121,241,120,1.484,3,esp32_edge_simulator_1,0,normal
00:18:48.997,227.9,gateway_repit,gateway_B,gatewayB,2,ESP32->RPi,decrypt,115,233,118,1.442,3,esp32_edge_normal_1,0,normal
00:18:49.458,228.4,gateway_repit,gateway_B,gatewayB,2,ESP32->RPi,decrypt,81,185,104,3.516,3,esp32_edge_simulator_2,2,scan_A
00:18:50.477,229.4,gateway_repit,gateway_B,gatewayB,2,RPi->PC,encrypt,3684,4994,1310,38.097,3,,,
00:18:50.706,229.6,gateway_repit,gateway_B,gatewayB,2,PC->RPi,decrypt,3591,4870,1279,30.641,3,,,
00:18:50.749,229.7,gateway_repit,gateway_B,gatewayB,2,RPi->ESP32,encrypt,3591,4870,1279,32.198,4,,,
00:18:50.766,229.7,gateway_repit,gateway_B,gatewayB,2,ESP32->RPi,decrypt,123,241,118,1.614,4,esp32_edge_simulator_1,0,normal
00:19:02.670,241.6,gateway_repit,gateway_B,gatewayB,2,ESP32->RPi,decrypt,116,233,117,1.432,4,esp32_edge_normal_1,0,normal
00:19:03.138,242.1,gateway_repit,gateway_B,gatewayB,2,ESP32->RPi,decrypt,124,245,121,1.535,4,esp32_edge_simulator_2,0,normal
00:19:03.181,242.1,gateway_repit,gateway_B,gatewayB,2,ESP32->RPi,decrypt,112,229,117,1.416,4,esp32_edge_simulator_1,1,mqtt_bruteforce
00:19:07.676,246.6,gateway_repit,gateway_B,gatewayB,2,ESP32->RPi,decrypt,121,241,120,4.645,4,esp32_edge_normal_1,0,normal
00:19:08.141,247.1,gateway_repit,gateway_B,gatewayB,2,ESP32->RPi,decrypt,107,221,114,4.097,4,esp32_edge_simulator_2,2,scan_A
00:19:08.172,247.1,gateway_repit,gateway_B,gatewayB,2,ESP32->RPi,decrypt,120,237,117,4.564,4,esp32_edge_simulator_1,0,normal
00:19:12.720,251.6,gateway_repit,gateway_B,gatewayB,2,ESP32->RPi,decrypt,114,229,115,1.595,4,esp32_edge_normal_1,0,normal
00:19:13.162,252.1,gateway_repit,gateway_B,gatewayB,2,ESP32->RPi,decrypt,120,237,117,1.604,4,esp32_edge_simulator_2,0,normal
00:19:13.174,252.1,gateway_repit,gateway_B,gatewayB,2,ESP32->RPi,decrypt,106,221,115,1.407,4,esp32_edge_simulator_1,1,mqtt_bruteforce
00:19:17.675,256.6,gateway_repit,gateway_B,gatewayB,2,ESP32->RPi,decrypt,121,241,120,4.801,4,esp32_edge_normal_1,0,normal
00:19:18.141,257.1,gateway_repit,gateway_B,gatewayB,2,ESP32->RPi,decrypt,121,241,120,4.647,4,esp32_edge_simulator_2,0,normal
00:19:18.169,257.1,gateway_repit,gateway_B,gatewayB,2,ESP32->RPi,decrypt,119,237,118,4.254,4,esp32_edge_simulator_1,0,normal
00:19:22.669,261.6,gateway_repit,gateway_B,gatewayB,2,ESP32->RPi,decrypt,114,229,115,1.382,4,esp32_edge_normal_1,0,normal
00:19:23.145,262.1,gateway_repit,gateway_B,gatewayB,2,ESP32->RPi,decrypt,113,229,116,1.348,4,esp32_edge_simulator_2,1,mqtt_bruteforce
00:19:23.168,262.1,gateway_repit,gateway_B,gatewayB,2,ESP32->RPi,decrypt,117,233,116,1.328,4,esp32_edge_simulator_1,0,normal
00:19:27.674,266.6,gateway_repit,gateway_B,gatewayB,2,ESP32->RPi,decrypt,119,237,118,3.94,4,esp32_edge_normal_1,0,normal
00:19:28.140,267.1,gateway_repit,gateway_B,gatewayB,2,ESP32->RPi,decrypt,118,237,119,3.87,4,esp32_edge_simulator_2,0,normal
00:19:28.172,267.1,gateway_repit,gateway_B,gatewayB,2,ESP32->RPi,decrypt,120,237,117,4.173,4,esp32_edge_simulator_1,0,normal
00:19:32.675,271.6,gateway_repit,gateway_B,gatewayB,2,ESP32->RPi,decrypt,115,233,118,4.004,4,esp32_edge_normal_1,0,normal
00:19:33.139,272.1,gateway_repit,gateway_B,gatewayB,2,ESP32->RPi,decrypt,116,233,117,3.601,4,esp32_edge_simulator_2,0,normal
00:19:33.167,272.1,gateway_repit,gateway_B,gatewayB,2,ESP32->RPi,decrypt,109,225,116,3.489,4,esp32_edge_simulator_1,1,mqtt_bruteforce
00:19:37.675,276.6,gateway_repit,gateway_B,gatewayB,2,ESP32->RPi,decrypt,118,237,119,4.382,4,esp32_edge_normal_1,0,normal
00:19:38.143,277.1,gateway_repit,gateway_B,gatewayB,2,ESP32->RPi,decrypt,105,217,112,3.454,4,esp32_edge_simulator_2,2,scan_A
00:19:38.173,277.1,gateway_repit,gateway_B,gatewayB,2,ESP32->RPi,decrypt,124,245,121,4.668,4,esp32_edge_simulator_1,0,normal
00:19:42.668,281.6,gateway_repit,gateway_B,gatewayB,2,ESP32->RPi,decrypt,114,229,115,1.52,4,esp32_edge_normal_1,0,normal
00:19:43.151,282.1,gateway_repit,gateway_B,gatewayB,2,ESP32->RPi,decrypt,118,237,119,1.397,4,esp32_edge_simulator_2,0,normal
00:19:43.176,282.1,gateway_repit,gateway_B,gatewayB,2,ESP32->RPi,decrypt,110,225,115,1.246,4,esp32_edge_simulator_1,1,mqtt_bruteforce
00:19:47.672,286.6,gateway_repit,gateway_B,gatewayB,2,ESP32->RPi,decrypt,116,233,117,4.119,4,esp32_edge_normal_1,0,normal
00:19:48.139,287.1,gateway_repit,gateway_B,gatewayB,2,ESP32->RPi,decrypt,117,233,116,4.205,4,esp32_edge_simulator_2,0,normal
00:19:49.152,288.1,gateway_repit,gateway_B,gatewayB,2,RPi->PC,encrypt,3674,4982,1308,39.512,4,,,
00:19:49.419,288.3,gateway_repit,gateway_B,gatewayB,2,PC->RPi,decrypt,3592,4874,1282,33.205,4,,,
00:19:49.456,288.4,gateway_repit,gateway_B,gatewayB,2,RPi->ESP32,encrypt,3592,4874,1282,31.085,5,,,
00:19:49.469,288.4,gateway_repit,gateway_B,gatewayB,2,ESP32->RPi,decrypt,122,241,119,1.567,5,esp32_edge_simulator_1,0,normal
00:20:01.410,300.3,gateway_repit,gateway_B,gatewayB,2,ESP32->RPi,decrypt,118,237,119,2.513,5,esp32_edge_simulator_2,0,normal
00:20:01.442,300.4,gateway_repit,gateway_B,gatewayB,2,ESP32->RPi,decrypt,120,237,117,5.132,5,esp32_edge_simulator_1,0,normal
00:20:01.454,300.4,gateway_repit,gateway_B,gatewayB,2,ESP32->RPi,decrypt,115,233,118,5.086,5,esp32_edge_normal_1,0,normal
00:20:06.410,305.3,gateway_repit,gateway_B,gatewayB,2,ESP32->RPi,decrypt,122,241,119,1.537,5,esp32_edge_simulator_2,0,normal
00:20:06.436,305.4,gateway_repit,gateway_B,gatewayB,2,ESP32->RPi,decrypt,113,229,116,1.459,5,esp32_edge_simulator_1,1,mqtt_bruteforce
00:20:06.446,305.4,gateway_repit,gateway_B,gatewayB,2,ESP32->RPi,decrypt,114,229,115,1.647,5,esp32_edge_normal_1,0,normal
00:20:11.417,310.3,gateway_repit,gateway_B,gatewayB,2,ESP32->RPi,decrypt,108,221,113,2.244,5,esp32_edge_simulator_2,1,mqtt_bruteforce
00:20:11.439,310.4,gateway_repit,gateway_B,gatewayB,2,ESP32->RPi,decrypt,107,221,114,2.288,5,esp32_edge_simulator_1,1,mqtt_bruteforce
00:20:11.448,310.4,gateway_repit,gateway_B,gatewayB,2,ESP32->RPi,decrypt,120,237,117,2.68,5,esp32_edge_normal_1,0,normal
00:20:16.409,315.3,gateway_repit,gateway_B,gatewayB,2,ESP32->RPi,decrypt,122,241,119,1.455,5,esp32_edge_simulator_2,0,normal
00:20:16.439,315.4,gateway_repit,gateway_B,gatewayB,2,ESP32->RPi,decrypt,122,241,119,1.603,5,esp32_edge_simulator_1,0,normal
00:20:16.446,315.4,gateway_repit,gateway_B,gatewayB,2,ESP32->RPi,decrypt,115,233,118,1.312,5,esp32_edge_normal_1,0,normal
00:20:21.406,320.3,gateway_repit,gateway_B,gatewayB,2,ESP32->RPi,decrypt,102,213,111,1.892,5,esp32_edge_simulator_2,2,scan_A
00:20:21.450,320.4,gateway_repit,gateway_B,gatewayB,2,ESP32->RPi,decrypt,81,185,104,1.777,5,esp32_edge_simulator_1,2,scan_A
00:20:21.454,320.4,gateway_repit,gateway_B,gatewayB,2,ESP32->RPi,decrypt,117,233,116,2.207,5,esp32_edge_normal_1,0,normal
00:20:26.409,325.3,gateway_repit,gateway_B,gatewayB,2,ESP32->RPi,decrypt,120,237,117,2.065,5,esp32_edge_simulator_2,0,normal
00:20:26.445,325.4,gateway_repit,gateway_B,gatewayB,2,ESP32->RPi,decrypt,124,245,121,2.555,5,esp32_edge_simulator_1,0,normal
00:20:26.449,325.4,gateway_repit,gateway_B,gatewayB,2,ESP32->RPi,decrypt,118,237,119,2.257,5,esp32_edge_normal_1,0,normal
00:20:31.407,330.3,gateway_repit,gateway_B,gatewayB,2,ESP32->RPi,decrypt,101,213,112,2.109,5,esp32_edge_simulator_2,2,scan_A
00:20:31.434,330.4,gateway_repit,gateway_B,gatewayB,2,ESP32->RPi,decrypt,81,185,104,1.772,5,esp32_edge_simulator_1,2,scan_A
00:20:31.446,330.4,gateway_repit,gateway_B,gatewayB,2,ESP32->RPi,decrypt,115,233,118,2.987,5,esp32_edge_normal_1,0,normal
00:20:36.407,335.3,gateway_repit,gateway_B,gatewayB,2,ESP32->RPi,decrypt,118,237,119,1.39,5,esp32_edge_simulator_2,0,normal
00:20:36.436,335.4,gateway_repit,gateway_B,gatewayB,2,ESP32->RPi,decrypt,81,185,104,1.111,5,esp32_edge_simulator_1,2,scan_A
00:20:36.446,335.4,gateway_repit,gateway_B,gatewayB,2,ESP32->RPi,decrypt,120,237,117,1.349,5,esp32_edge_normal_1,0,normal
00:20:41.411,340.3,gateway_repit,gateway_B,gatewayB,2,ESP32->RPi,decrypt,122,241,119,3.324,5,esp32_edge_simulator_2,0,normal
00:20:41.437,340.4,gateway_repit,gateway_B,gatewayB,2,ESP32->RPi,decrypt,81,185,104,2.877,5,esp32_edge_simulator_1,2,scan_A
00:20:41.448,340.4,gateway_repit,gateway_B,gatewayB,2,ESP32->RPi,decrypt,115,233,118,3.291,5,esp32_edge_normal_1,0,normal
00:20:46.409,345.3,gateway_repit,gateway_B,gatewayB,2,ESP32->RPi,decrypt,121,241,120,2.683,5,esp32_edge_simulator_2,0,normal
00:20:46.450,345.4,gateway_repit,gateway_B,gatewayB,2,ESP32->RPi,decrypt,120,237,117,2.848,5,esp32_edge_normal_1,0,normal
00:20:47.413,346.3,gateway_repit,gateway_B,gatewayB,2,RPi->PC,encrypt,3665,4970,1305,39.276,5,,,
00:20:47.501,346.4,gateway_repit,gateway_B,gatewayB,2,ESP32->RPi,decrypt,113,229,116,1.479,5,esp32_edge_simulator_1,1,mqtt_bruteforce
00:20:47.822,346.7,gateway_repit,gateway_B,gatewayB,2,PC->RPi,decrypt,3579,4854,1275,37.155,5,,,
00:20:47.867,346.8,gateway_repit,gateway_B,gatewayB,2,RPi->ESP32,encrypt,3579,4854,1275,38.724,6,,,
00:20:59.749,358.7,gateway_repit,gateway_B,gatewayB,2,ESP32->RPi,decrypt,108,221,113,4.263,6,esp32_edge_simulator_2,2,scan_A
00:20:59.801,358.7,gateway_repit,gateway_B,gatewayB,2,ESP32->RPi,decrypt,112,229,117,3.707,6,esp32_edge_simulator_1,1,mqtt_bruteforce
00:21:00.312,359.2,gateway_repit,gateway_B,gatewayB,2,ESP32->RPi,decrypt,115,233,118,3.755,6,esp32_edge_normal_1,0,normal
00:21:04.751,363.7,gateway_repit,gateway_B,gatewayB,2,ESP32->RPi,decrypt,117,233,116,4.158,6,esp32_edge_simulator_2,0,normal
00:21:04.805,363.7,gateway_repit,gateway_B,gatewayB,2,ESP32->RPi,decrypt,118,237,119,3.997,6,esp32_edge_simulator_1,0,normal
00:21:05.309,364.2,gateway_repit,gateway_B,gatewayB,2,ESP32->RPi,decrypt,120,237,117,4.116,6,esp32_edge_normal_1,0,normal
00:21:09.748,368.7,gateway_repit,gateway_B,gatewayB,2,ESP32->RPi,decrypt,110,225,115,3.778,6,esp32_edge_simulator_2,1,mqtt_bruteforce
00:21:09.813,368.7,gateway_repit,gateway_B,gatewayB,2,ESP32->RPi,decrypt,109,225,116,4.067,6,esp32_edge_simulator_1,1,mqtt_bruteforce
00:21:10.307,369.2,gateway_repit,gateway_B,gatewayB,2,ESP32->RPi,decrypt,120,237,117,3.805,6,esp32_edge_normal_1,0,normal
00:21:14.751,373.7,gateway_repit,gateway_B,gatewayB,2,ESP32->RPi,decrypt,121,241,120,4.543,6,esp32_edge_simulator_2,0,normal
00:21:14.917,373.8,gateway_repit,gateway_B,gatewayB,2,ESP32->RPi,decrypt,118,237,119,2.555,6,esp32_edge_simulator_1,0,normal
00:21:15.308,374.2,gateway_repit,gateway_B,gatewayB,2,ESP32->RPi,decrypt,120,237,117,3.715,6,esp32_edge_normal_1,0,normal
00:21:19.748,378.7,gateway_repit,gateway_B,gatewayB,2,ESP32->RPi,decrypt,108,221,113,1.325,6,esp32_edge_simulator_2,2,scan_A
00:21:19.800,378.7,gateway_repit,gateway_B,gatewayB,2,ESP32->RPi,decrypt,121,241,120,1.493,6,esp32_edge_simulator_1,0,normal
00:21:20.306,379.2,gateway_repit,gateway_B,gatewayB,2,ESP32->RPi,decrypt,120,237,117,1.472,6,esp32_edge_normal_1,0,normal
00:21:24.744,383.7,gateway_repit,gateway_B,gatewayB,2,ESP32->RPi,decrypt,107,221,114,1.377,6,esp32_edge_simulator_2,2,scan_A
00:21:24.797,383.7,gateway_repit,gateway_B,gatewayB,2,ESP32->RPi,decrypt,107,221,114,1.311,6,esp32_edge_simulator_1,2,scan_A
00:21:25.308,384.2,gateway_repit,gateway_B,gatewayB,2,ESP32->RPi,decrypt,116,233,117,1.414,6,esp32_edge_normal_1,0,normal
00:21:29.749,388.7,gateway_repit,gateway_B,gatewayB,2,ESP32->RPi,decrypt,116,233,117,4.165,6,esp32_edge_simulator_2,0,normal
00:21:29.802,388.7,gateway_repit,gateway_B,gatewayB,2,ESP32->RPi,decrypt,118,237,119,3.307,6,esp32_edge_simulator_1,0,normal
00:21:30.307,389.2,gateway_repit,gateway_B,gatewayB,2,ESP32->RPi,decrypt,121,241,120,4.113,6,esp32_edge_normal_1,0,normal
00:21:34.751,393.7,gateway_repit,gateway_B,gatewayB,2,ESP32->RPi,decrypt,107,221,114,3.91,6,esp32_edge_simulator_2,2,scan_A
00:21:34.802,393.7,gateway_repit,gateway_B,gatewayB,2,ESP32->RPi,decrypt,113,229,116,4.137,6,esp32_edge_simulator_1,1,mqtt_bruteforce
00:21:35.308,394.2,gateway_repit,gateway_B,gatewayB,2,ESP32->RPi,decrypt,119,237,118,4.063,6,esp32_edge_normal_1,0,normal
00:21:39.747,398.7,gateway_repit,gateway_B,gatewayB,2,ESP32->RPi,decrypt,120,237,117,1.43,6,esp32_edge_simulator_2,0,normal
00:21:39.797,398.7,gateway_repit,gateway_B,gatewayB,2,ESP32->RPi,decrypt,106,221,115,1.336,6,esp32_edge_simulator_1,2,scan_A
00:21:40.304,399.2,gateway_repit,gateway_B,gatewayB,2,ESP32->RPi,decrypt,121,241,120,1.552,6,esp32_edge_normal_1,0,normal
00:21:44.752,403.7,gateway_repit,gateway_B,gatewayB,2,ESP32->RPi,decrypt,123,241,118,4.548,6,esp32_edge_simulator_2,0,normal
00:21:44.800,403.7,gateway_repit,gateway_B,gatewayB,2,ESP32->RPi,decrypt,123,241,118,3.049,6,esp32_edge_simulator_1,0,normal
00:21:45.916,404.8,gateway_repit,gateway_B,gatewayB,2,RPi->PC,encrypt,3686,4998,1312,39.636,6,,,
00:21:45.960,404.9,gateway_repit,gateway_B,gatewayB,2,ESP32->RPi,decrypt,117,233,116,2.819,6,esp32_edge_normal_1,0,normal
00:21:46.407,405.3,gateway_repit,gateway_B,gatewayB,2,PC->RPi,decrypt,3558,4826,1268,34.682,6,,,
00:21:46.447,405.4,gateway_repit,gateway_B,gatewayB,2,RPi->ESP32,encrypt,3558,4826,1268,34.063,7,,,
00:21:58.331,417.2,gateway_repit,gateway_B,gatewayB,2,ESP32->RPi,decrypt,124,245,121,1.547,7,esp32_edge_simulator_2,0,normal
00:21:58.377,417.3,gateway_repit,gateway_B,gatewayB,2,ESP32->RPi,decrypt,119,237,118,1.422,7,esp32_edge_simulator_1,0,normal
00:21:58.382,417.3,gateway_repit,gateway_B,gatewayB,2,ESP32->RPi,decrypt,121,241,120,1.446,7,esp32_edge_normal_1,0,normal
00:22:03.336,422.3,gateway_repit,gateway_B,gatewayB,2,ESP32->RPi,decrypt,109,225,116,3.957,7,esp32_edge_simulator_2,0,normal
00:22:03.383,422.3,gateway_repit,gateway_B,gatewayB,2,ESP32->RPi,decrypt,121,241,120,4.458,7,esp32_edge_normal_1,0,normal
00:22:03.396,422.3,gateway_repit,gateway_B,gatewayB,2,ESP32->RPi,decrypt,110,225,115,2.833,7,esp32_edge_simulator_1,1,mqtt_bruteforce
00:22:08.336,427.3,gateway_repit,gateway_B,gatewayB,2,ESP32->RPi,decrypt,112,229,117,4.149,7,esp32_edge_simulator_2,1,mqtt_bruteforce
00:22:08.386,427.3,gateway_repit,gateway_B,gatewayB,2,ESP32->RPi,decrypt,118,237,119,4.132,7,esp32_edge_normal_1,0,normal
00:22:08.398,427.3,gateway_repit,gateway_B,gatewayB,2,ESP32->RPi,decrypt,109,225,116,6.062,7,esp32_edge_simulator_1,1,mqtt_bruteforce
00:22:13.358,432.3,gateway_repit,gateway_B,gatewayB,2,ESP32->RPi,decrypt,112,229,117,3.991,7,esp32_edge_simulator_2,1,mqtt_bruteforce
00:22:13.381,432.3,gateway_repit,gateway_B,gatewayB,2,ESP32->RPi,decrypt,121,241,120,4.761,7,esp32_edge_simulator_1,0,normal
00:22:13.386,432.3,gateway_repit,gateway_B,gatewayB,2,ESP32->RPi,decrypt,111,225,114,3.902,7,esp32_edge_normal_1,0,normal
00:22:18.328,437.2,gateway_repit,gateway_B,gatewayB,2,ESP32->RPi,decrypt,106,221,115,1.298,7,esp32_edge_simulator_2,2,scan_A
00:22:18.377,437.3,gateway_repit,gateway_B,gatewayB,2,ESP32->RPi,decrypt,115,233,118,1.341,7,esp32_edge_simulator_1,0,normal
00:22:18.381,437.3,gateway_repit,gateway_B,gatewayB,2,ESP32->RPi,decrypt,114,229,115,1.424,7,esp32_edge_normal_1,0,normal
00:22:23.339,442.3,gateway_repit,gateway_B,gatewayB,2,ESP32->RPi,decrypt,124,245,121,4.502,7,esp32_edge_simulator_2,0,normal
00:22:23.395,442.3,gateway_repit,gateway_B,gatewayB,2,ESP32->RPi,decrypt,116,233,117,3.919,7,esp32_edge_normal_1,0,normal
00:22:23.399,442.3,gateway_repit,gateway_B,gatewayB,2,ESP32->RPi,decrypt,101,213,112,2.396,7,esp32_edge_simulator_1,2,scan_A
00:22:28.334,447.3,gateway_repit,gateway_B,gatewayB,2,ESP32->RPi,decrypt,108,221,113,4.219,7,esp32_edge_simulator_2,2,scan_A
00:22:28.379,447.3,gateway_repit,gateway_B,gatewayB,2,ESP32->RPi,decrypt,118,237,119,3.822,7,esp32_edge_simulator_1,0,normal
00:22:28.385,447.3,gateway_repit,gateway_B,gatewayB,2,ESP32->RPi,decrypt,115,233,118,3.725,7,esp32_edge_normal_1,0,normal
00:22:33.332,452.2,gateway_repit,gateway_B,gatewayB,2,ESP32->RPi,decrypt,114,229,115,4.192,7,esp32_edge_simulator_2,1,mqtt_bruteforce
00:22:33.381,452.3,gateway_repit,gateway_B,gatewayB,2,ESP32->RPi,decrypt,102,213,111,3.989,7,esp32_edge_simulator_1,2,scan_A
00:22:33.388,452.3,gateway_repit,gateway_B,gatewayB,2,ESP32->RPi,decrypt,120,237,117,4.74,7,esp32_edge_normal_1,0,normal
00:22:38.340,457.3,gateway_repit,gateway_B,gatewayB,2,ESP32->RPi,decrypt,117,233,116,4.256,7,esp32_edge_simulator_2,0,normal
00:22:38.379,457.3,gateway_repit,gateway_B,gatewayB,2,ESP32->RPi,decrypt,104,217,113,4.214,7,esp32_edge_simulator_1,2,scan_A
00:22:38.386,457.3,gateway_repit,gateway_B,gatewayB,2,ESP32->RPi,decrypt,121,241,120,4.527,7,esp32_edge_normal_1,0,normal
00:22:43.329,462.2,gateway_repit,gateway_B,gatewayB,2,ESP32->RPi,decrypt,119,237,118,1.297,7,esp32_edge_simulator_2,0,normal
00:22:43.377,462.3,gateway_repit,gateway_B,gatewayB,2,ESP32->RPi,decrypt,114,229,115,1.313,7,esp32_edge_normal_1,0,normal
00:22:44.519,463.4,gateway_repit,gateway_B,gatewayB,2,RPi->PC,encrypt,3657,4958,1301,39.054,7,,,
00:22:44.646,463.6,gateway_repit,gateway_B,gatewayB,2,ESP32->RPi,decrypt,121,241,120,1.688,7,esp32_edge_simulator_1,0,normal
00:22:46.457,465.4,gateway_repit,gateway_B,gatewayB,2,PC->RPi,decrypt,3559,4830,1271,35.451,7,,,
00:22:46.497,465.4,gateway_repit,gateway_B,gatewayB,2,RPi->ESP32,encrypt,3559,4830,1271,33.548,8,,,
00:22:58.340,477.3,gateway_repit,gateway_B,gatewayB,2,ESP32->RPi,decrypt,81,185,104,3.14,8,esp32_edge_simulator_2,2,scan_A
00:22:58.396,477.3,gateway_repit,gateway_B,gatewayB,2,ESP32->RPi,decrypt,117,233,116,3.917,8,esp32_edge_normal_1,0,normal
00:22:58.408,477.3,gateway_repit,gateway_B,gatewayB,2,ESP32->RPi,decrypt,113,229,116,4.08,8,esp32_edge_simulator_1,1,mqtt_bruteforce
00:23:03.348,482.3,gateway_repit,gateway_B,gatewayB,2,ESP32->RPi,decrypt,112,229,117,1.345,8,esp32_edge_simulator_2,1,mqtt_bruteforce
00:23:03.394,482.3,gateway_repit,gateway_B,gatewayB,2,ESP32->RPi,decrypt,114,229,115,1.379,8,esp32_edge_normal_1,0,normal
00:23:03.403,482.3,gateway_repit,gateway_B,gatewayB,2,ESP32->RPi,decrypt,124,245,121,1.546,8,esp32_edge_simulator_1,0,normal
00:23:08.351,487.3,gateway_repit,gateway_B,gatewayB,2,ESP32->RPi,decrypt,122,241,119,4.457,8,esp32_edge_simulator_2,0,normal
00:23:08.399,487.3,gateway_repit,gateway_B,gatewayB,2,ESP32->RPi,decrypt,120,237,117,4.6,8,esp32_edge_normal_1,0,normal
00:23:08.408,487.3,gateway_repit,gateway_B,gatewayB,2,ESP32->RPi,decrypt,110,225,115,4.032,8,esp32_edge_simulator_1,1,mqtt_bruteforce
00:23:13.369,492.3,gateway_repit,gateway_B,gatewayB,2,ESP32->RPi,decrypt,109,225,116,3.876,8,esp32_edge_simulator_2,1,mqtt_bruteforce
00:23:13.399,492.3,gateway_repit,gateway_B,gatewayB,2,ESP32->RPi,decrypt,121,241,120,4.643,8,esp32_edge_normal_1,0,normal
00:23:13.408,492.3,gateway_repit,gateway_B,gatewayB,2,ESP32->RPi,decrypt,123,241,118,4.78,8,esp32_edge_simulator_1,0,normal
00:23:18.337,497.3,gateway_repit,gateway_B,gatewayB,2,ESP32->RPi,decrypt,81,185,104,1.148,8,esp32_edge_simulator_2,2,scan_A
00:23:18.394,497.3,gateway_repit,gateway_B,gatewayB,2,ESP32->RPi,decrypt,119,237,118,1.41,8,esp32_edge_normal_1,0,normal
00:23:18.412,497.3,gateway_repit,gateway_B,gatewayB,2,ESP32->RPi,decrypt,111,225,114,1.308,8,esp32_edge_simulator_1,1,mqtt_bruteforce
00:23:23.342,502.3,gateway_repit,gateway_B,gatewayB,2,ESP32->RPi,decrypt,108,221,113,3.815,8,esp32_edge_simulator_2,2,scan_A
00:23:23.401,502.3,gateway_repit,gateway_B,gatewayB,2,ESP32->RPi,decrypt,115,233,118,4.33,8,esp32_edge_normal_1,0,normal
00:23:23.417,502.3,gateway_repit,gateway_B,gatewayB,2,ESP32->RPi,decrypt,122,241,119,4.883,8,esp32_edge_simulator_1,0,normal
00:23:28.342,507.3,gateway_repit,gateway_B,gatewayB,2,ESP32->RPi,decrypt,108,221,113,4.045,8,esp32_edge_simulator_2,2,scan_A
00:23:28.397,507.3,gateway_repit,gateway_B,gatewayB,2,ESP32->RPi,decrypt,114,229,115,3.732,8,esp32_edge_normal_1,0,normal
00:23:28.426,507.3,gateway_repit,gateway_B,gatewayB,2,ESP32->RPi,decrypt,110,225,115,3.75,8,esp32_edge_simulator_1,1,mqtt_bruteforce
00:23:33.340,512.3,gateway_repit,gateway_B,gatewayB,2,ESP32->RPi,decrypt,121,241,120,1.382,8,esp32_edge_simulator_2,0,normal
00:23:33.392,512.3,gateway_repit,gateway_B,gatewayB,2,ESP32->RPi,decrypt,116,233,117,1.301,8,esp32_edge_normal_1,0,normal
00:23:33.404,512.3,gateway_repit,gateway_B,gatewayB,2,ESP32->RPi,decrypt,124,245,121,1.382,8,esp32_edge_simulator_1,0,normal
00:23:38.339,517.3,gateway_repit,gateway_B,gatewayB,2,ESP32->RPi,decrypt,81,185,104,3.086,8,esp32_edge_simulator_2,2,scan_A
00:23:38.400,517.3,gateway_repit,gateway_B,gatewayB,2,ESP32->RPi,decrypt,121,241,120,4.606,8,esp32_edge_normal_1,0,normal
00:23:38.409,517.3,gateway_repit,gateway_B,gatewayB,2,ESP32->RPi,decrypt,119,237,118,4.464,8,esp32_edge_simulator_1,0,normal
00:23:43.343,522.3,gateway_repit,gateway_B,gatewayB,2,ESP32->RPi,decrypt,115,233,118,4.247,8,esp32_edge_simulator_2,0,normal
00:23:43.397,522.3,gateway_repit,gateway_B,gatewayB,2,ESP32->RPi,decrypt,119,237,118,3.274,8,esp32_edge_normal_1,0,normal
00:23:44.542,523.5,gateway_repit,gateway_B,gatewayB,2,RPi->PC,encrypt,3655,4958,1303,36.859,8,,,
00:23:44.656,523.6,gateway_repit,gateway_B,gatewayB,2,ESP32->RPi,decrypt,107,221,114,1.46,8,esp32_edge_simulator_1,2,scan_A
00:23:45.479,524.4,gateway_repit,gateway_B,gatewayB,2,PC->RPi,decrypt,3561,4830,1269,33.151,8,,,
00:23:45.519,524.4,gateway_repit,gateway_B,gatewayB,2,RPi->ESP32,encrypt,3561,4830,1269,33.19,9,,,
00:23:57.424,536.3,gateway_repit,gateway_B,gatewayB,2,ESP32->RPi,decrypt,111,225,114,1.33,9,esp32_edge_simulator_2,1,mqtt_bruteforce
00:23:57.971,536.9,gateway_repit,gateway_B,gatewayB,2,ESP32->RPi,decrypt,119,237,118,1.455,9,esp32_edge_normal_1,0,normal
00:23:57.974,536.9,gateway_repit,gateway_B,gatewayB,2,ESP32->RPi,decrypt,108,221,113,1.275,9,esp32_edge_simulator_1,2,scan_A
00:24:02.432,541.3,gateway_repit,gateway_B,gatewayB,2,ESP32->RPi,decrypt,122,241,119,4.37,9,esp32_edge_simulator_2,0,normal
00:24:02.973,541.9,gateway_repit,gateway_B,gatewayB,2,ESP32->RPi,decrypt,107,221,114,3.855,9,esp32_edge_simulator_1,2,scan_A
00:24:02.977,541.9,gateway_repit,gateway_B,gatewayB,2,ESP32->RPi,decrypt,116,233,117,3.37,9,esp32_edge_normal_1,0,normal
00:24:07.431,546.3,gateway_repit,gateway_B,gatewayB,2,ESP32->RPi,decrypt,117,233,116,3.854,9,esp32_edge_simulator_2,0,normal
00:24:07.971,546.9,gateway_repit,gateway_B,gatewayB,2,ESP32->RPi,decrypt,81,185,104,3.528,9,esp32_edge_simulator_1,2,scan_A
00:24:07.976,546.9,gateway_repit,gateway_B,gatewayB,2,ESP32->RPi,decrypt,118,237,119,3.819,9,esp32_edge_normal_1,0,normal
00:24:12.425,551.3,gateway_repit,gateway_B,gatewayB,2,ESP32->RPi,decrypt,110,225,115,3.355,9,esp32_edge_simulator_2,1,mqtt_bruteforce
00:24:12.973,551.9,gateway_repit,gateway_B,gatewayB,2,ESP32->RPi,decrypt,115,233,118,4.21,9,esp32_edge_normal_1,0,normal
00:24:13.103,552.0,gateway_repit,gateway_B,gatewayB,2,ESP32->RPi,decrypt,112,229,117,2.707,9,esp32_edge_simulator_1,1,mqtt_bruteforce
00:24:17.435,556.4,gateway_repit,gateway_B,gatewayB,2,ESP32->RPi,decrypt,112,229,117,1.455,9,esp32_edge_simulator_2,1,mqtt_bruteforce
00:24:17.969,556.9,gateway_repit,gateway_B,gatewayB,2,ESP32->RPi,decrypt,116,233,117,1.434,9,esp32_edge_normal_1,0,normal
00:24:17.978,556.9,gateway_repit,gateway_B,gatewayB,2,ESP32->RPi,decrypt,110,225,115,1.309,9,esp32_edge_simulator_1,1,mqtt_bruteforce
00:24:22.434,561.4,gateway_repit,gateway_B,gatewayB,2,ESP32->RPi,decrypt,124,245,121,4.078,9,esp32_edge_simulator_2,0,normal
00:24:22.983,561.9,gateway_repit,gateway_B,gatewayB,2,ESP32->RPi,decrypt,117,233,116,4.234,9,esp32_edge_normal_1,0,normal
00:24:22.991,561.9,gateway_repit,gateway_B,gatewayB,2,ESP32->RPi,decrypt,114,229,115,4.128,9,esp32_edge_simulator_1,1,mqtt_bruteforce
00:24:27.431,566.3,gateway_repit,gateway_B,gatewayB,2,ESP32->RPi,decrypt,120,237,117,4.451,9,esp32_edge_simulator_2,0,normal
00:24:27.970,566.9,gateway_repit,gateway_B,gatewayB,2,ESP32->RPi,decrypt,81,185,104,3.974,9,esp32_edge_simulator_1,2,scan_A
00:24:27.976,566.9,gateway_repit,gateway_B,gatewayB,2,ESP32->RPi,decrypt,115,233,118,4.049,9,esp32_edge_normal_1,0,normal
00:24:32.428,571.3,gateway_repit,gateway_B,gatewayB,2,ESP32->RPi,decrypt,112,229,117,4.172,9,esp32_edge_simulator_2,1,mqtt_bruteforce
00:24:32.972,571.9,gateway_repit,gateway_B,gatewayB,2,ESP32->RPi,decrypt,101,213,112,3.75,9,esp32_edge_simulator_1,2,scan_A
00:24:32.977,571.9,gateway_repit,gateway_B,gatewayB,2,ESP32->RPi,decrypt,117,233,116,3.466,9,esp32_edge_normal_1,0,normal
00:24:37.428,576.3,gateway_repit,gateway_B,gatewayB,2,ESP32->RPi,decrypt,102,213,111,3.131,9,esp32_edge_simulator_2,2,scan_A
00:24:37.973,576.9,gateway_repit,gateway_B,gatewayB,2,ESP32->RPi,decrypt,116,233,117,4.346,9,esp32_edge_simulator_1,0,normal
00:24:37.978,576.9,gateway_repit,gateway_B,gatewayB,2,ESP32->RPi,decrypt,120,237,117,3.959,9,esp32_edge_normal_1,0,normal
00:24:42.428,581.3,gateway_repit,gateway_B,gatewayB,2,ESP32->RPi,decrypt,113,229,116,3.983,9,esp32_edge_simulator_2,1,mqtt_bruteforce
00:24:42.972,581.9,gateway_repit,gateway_B,gatewayB,2,ESP32->RPi,decrypt,118,237,119,4.104,9,esp32_edge_normal_1,0,normal
00:24:44.130,583.0,gateway_repit,gateway_B,gatewayB,2,RPi->PC,encrypt,3670,4978,1308,36.101,9,,,
00:24:44.257,583.2,gateway_repit,gateway_B,gatewayB,2,ESP32->RPi,decrypt,122,241,119,1.522,9,esp32_edge_simulator_1,0,normal
00:24:44.460,583.4,gateway_repit,gateway_B,gatewayB,2,PC->RPi,decrypt,3561,4830,1269,34.702,9,,,
00:24:44.502,583.4,gateway_repit,gateway_B,gatewayB,2,RPi->ESP32,encrypt,3561,4830,1269,35.353,10,,,
00:24:56.440,595.4,gateway_repit,gateway_B,gatewayB,2,ESP32->RPi,decrypt,120,237,117,4.521,10,esp32_edge_simulator_2,0,normal
00:24:56.467,595.4,gateway_repit,gateway_B,gatewayB,2,ESP32->RPi,decrypt,117,233,116,4.254,10,esp32_edge_simulator_1,0,normal
00:24:56.985,595.9,gateway_repit,gateway_B,gatewayB,2,ESP32->RPi,decrypt,120,237,117,4.405,10,esp32_edge_normal_1,0,normal
00:25:01.441,600.4,gateway_repit,gateway_B,gatewayB,2,ESP32->RPi,decrypt,123,241,118,4.328,10,esp32_edge_simulator_2,0,normal
00:25:01.474,600.4,gateway_repit,gateway_B,gatewayB,2,ESP32->RPi,decrypt,117,233,116,4.681,10,esp32_edge_simulator_1,0,normal
00:25:01.984,600.9,gateway_repit,gateway_B,gatewayB,2,ESP32->RPi,decrypt,118,237,119,4.26,10,esp32_edge_normal_1,0,normal
00:25:06.517,605.4,gateway_repit,gateway_B,gatewayB,2,ESP32->RPi,decrypt,111,225,114,4.681,10,esp32_edge_simulator_2,1,mqtt_bruteforce
00:25:06.523,605.4,gateway_repit,gateway_B,gatewayB,2,ESP32->RPi,decrypt,122,241,119,4.445,10,esp32_edge_simulator_1,0,normal
00:25:06.987,605.9,gateway_repit,gateway_B,gatewayB,2,ESP32->RPi,decrypt,117,233,116,1.47,10,esp32_edge_normal_1,0,normal
00:25:11.437,610.4,gateway_repit,gateway_B,gatewayB,2,ESP32->RPi,decrypt,109,225,116,1.336,10,esp32_edge_simulator_2,1,mqtt_bruteforce
00:25:11.462,610.4,gateway_repit,gateway_B,gatewayB,2,ESP32->RPi,decrypt,113,229,116,1.504,10,esp32_edge_simulator_1,1,mqtt_bruteforce
00:25:11.997,610.9,gateway_repit,gateway_B,gatewayB,2,ESP32->RPi,decrypt,117,233,116,3.421,10,esp32_edge_normal_1,0,normal
00:25:16.431,615.3,gateway_repit,gateway_B,gatewayB,2,ESP32->RPi,decrypt,107,221,114,1.333,10,esp32_edge_simulator_2,2,scan_A
00:25:16.463,615.4,gateway_repit,gateway_B,gatewayB,2,ESP32->RPi,decrypt,111,225,114,1.37,10,esp32_edge_simulator_1,1,mqtt_bruteforce
00:25:16.980,615.9,gateway_repit,gateway_B,gatewayB,2,ESP32->RPi,decrypt,120,237,117,1.532,10,esp32_edge_normal_1,0,normal
00:25:21.434,620.4,gateway_repit,gateway_B,gatewayB,2,ESP32->RPi,decrypt,107,221,114,3.56,10,esp32_edge_simulator_2,2,scan_A
00:25:21.480,620.4,gateway_repit,gateway_B,gatewayB,2,ESP32->RPi,decrypt,107,221,114,3.644,10,esp32_edge_simulator_1,1,mqtt_bruteforce
00:25:21.990,620.9,gateway_repit,gateway_B,gatewayB,2,ESP32->RPi,decrypt,120,237,117,4.079,10,esp32_edge_normal_1,0,normal
00:25:26.431,625.3,gateway_repit,gateway_B,gatewayB,2,ESP32->RPi,decrypt,108,221,113,1.268,10,esp32_edge_simulator_2,2,scan_A
00:25:26.463,625.4,gateway_repit,gateway_B,gatewayB,2,ESP32->RPi,decrypt,122,241,119,1.383,10,esp32_edge_simulator_1,0,normal
00:25:26.983,625.9,gateway_repit,gateway_B,gatewayB,2,ESP32->RPi,decrypt,116,233,117,1.315,10,esp32_edge_normal_1,0,normal
00:25:31.436,630.4,gateway_repit,gateway_B,gatewayB,2,ESP32->RPi,decrypt,124,245,121,3.573,10,esp32_edge_simulator_2,0,normal
00:25:31.466,630.4,gateway_repit,gateway_B,gatewayB,2,ESP32->RPi,decrypt,107,221,114,3.673,10,esp32_edge_simulator_1,2,scan_A
00:25:31.982,630.9,gateway_repit,gateway_B,gatewayB,2,ESP32->RPi,decrypt,116,233,117,3.395,10,esp32_edge_normal_1,0,normal
00:25:36.438,635.4,gateway_repit,gateway_B,gatewayB,2,ESP32->RPi,decrypt,122,241,119,3.308,10,esp32_edge_simulator_2,0,normal
00:25:36.468,635.4,gateway_repit,gateway_B,gatewayB,2,ESP32->RPi,decrypt,118,237,119,3.776,10,esp32_edge_simulator_1,0,normal
00:25:36.982,635.9,gateway_repit,gateway_B,gatewayB,2,ESP32->RPi,decrypt,116,233,117,4.132,10,esp32_edge_normal_1,0,normal
00:25:41.432,640.3,gateway_repit,gateway_B,gatewayB,2,ESP32->RPi,decrypt,81,185,104,1.133,10,esp32_edge_simulator_2,2,scan_A
00:25:41.465,640.4,gateway_repit,gateway_B,gatewayB,2,ESP32->RPi,decrypt,116,233,117,1.368,10,esp32_edge_simulator_1,0,normal
00:25:42.379,641.3,gateway_repit,gateway_B,gatewayB,2,RPi->PC,encrypt,3650,4950,1300,36.465,10,,,
00:25:42.450,641.4,gateway_repit,gateway_B,gatewayB,2,ESP32->RPi,decrypt,120,237,117,1.517,10,esp32_edge_normal_1,0,normal
00:25:43.034,642.0,gateway_repit,gateway_B,gatewayB,2,PC->RPi,decrypt,3567,4838,1271,34.527,10,,,
00:25:43.074,642.0,gateway_repit,gateway_B,gatewayB,2,RPi->ESP32,encrypt,3567,4838,1271,33.917,11,,,
00:25:55.007,653.9,gateway_repit,gateway_B,gatewayB,2,ESP32->RPi,decrypt,119,237,118,4.283,11,esp32_edge_simulator_2,0,normal
00:25:55.039,654.0,gateway_repit,gateway_B,gatewayB,2,ESP32->RPi,decrypt,116,233,117,4.311,11,esp32_edge_normal_1,0,normal
00:25:55.542,654.5,gateway_repit,gateway_B,gatewayB,2,ESP32->RPi,decrypt,81,185,104,2.825,11,esp32_edge_simulator_1,2,scan_A
00:26:00.001,658.9,gateway_repit,gateway_B,gatewayB,2,ESP32->RPi,decrypt,123,241,118,3.856,11,esp32_edge_simulator_2,0,normal
00:26:00.042,659.0,gateway_repit,gateway_B,gatewayB,2,ESP32->RPi,decrypt,115,233,118,3.711,11,esp32_edge_normal_1,0,normal
00:26:00.547,659.5,gateway_repit,gateway_B,gatewayB,2,ESP32->RPi,decrypt,113,229,116,4.031,11,esp32_edge_simulator_1,1,mqtt_bruteforce
00:26:04.999,663.9,gateway_repit,gateway_B,gatewayB,2,ESP32->RPi,decrypt,106,221,115,3.789,11,esp32_edge_simulator_2,2,scan_A
00:26:05.048,664.0,gateway_repit,gateway_B,gatewayB,2,ESP32->RPi,decrypt,116,233,117,4.056,11,esp32_edge_normal_1,0,normal
00:26:05.544,664.5,gateway_repit,gateway_B,gatewayB,2,ESP32->RPi,decrypt,116,233,117,3.387,11,esp32_edge_simulator_1,0,normal
00:26:09.996,668.9,gateway_repit,gateway_B,gatewayB,2,ESP32->RPi,decrypt,81,185,104,3.216,11,esp32_edge_simulator_2,2,scan_A
00:26:10.047,669.0,gateway_repit,gateway_B,gatewayB,2,ESP32->RPi,decrypt,119,237,118,4.046,11,esp32_edge_normal_1,0,normal
00:26:10.532,669.4,gateway_repit,gateway_B,gatewayB,2,ESP32->RPi,decrypt,100,213,113,1.257,11,esp32_edge_simulator_1,2,scan_A
00:26:15.115,674.0,gateway_repit,gateway_B,gatewayB,2,ESP32->RPi,decrypt,113,229,116,4.107,11,esp32_edge_simulator_2,1,mqtt_bruteforce
00:26:15.121,674.0,gateway_repit,gateway_B,gatewayB,2,ESP32->RPi,decrypt,114,229,115,4.042,11,esp32_edge_normal_1,0,normal
00:26:15.553,674.5,gateway_repit,gateway_B,gatewayB,2,ESP32->RPi,decrypt,116,233,117,1.416,11,esp32_edge_simulator_1,0,normal
00:26:19.995,678.9,gateway_repit,gateway_B,gatewayB,2,ESP32->RPi,decrypt,107,221,114,1.366,11,esp32_edge_simulator_2,2,scan_A
00:26:20.042,679.0,gateway_repit,gateway_B,gatewayB,2,ESP32->RPi,decrypt,114,229,115,1.436,11,esp32_edge_normal_1,0,normal
00:26:20.539,679.5,gateway_repit,gateway_B,gatewayB,2,ESP32->RPi,decrypt,112,229,117,4.352,11,esp32_edge_simulator_1,1,mqtt_bruteforce
00:26:25.004,683.9,gateway_repit,gateway_B,gatewayB,2,ESP32->RPi,decrypt,106,221,115,1.428,11,esp32_edge_simulator_2,1,mqtt_bruteforce
00:26:25.037,684.0,gateway_repit,gateway_B,gatewayB,2,ESP32->RPi,decrypt,116,233,117,1.392,11,esp32_edge_normal_1,0,normal
00:26:25.531,684.4,gateway_repit,gateway_B,gatewayB,2,ESP32->RPi,decrypt,81,185,104,1.148,11,esp32_edge_simulator_1,2,scan_A
00:26:29.994,688.9,gateway_repit,gateway_B,gatewayB,2,ESP32->RPi,decrypt,113,229,116,1.434,11,esp32_edge_simulator_2,1,mqtt_bruteforce
00:26:30.037,689.0,gateway_repit,gateway_B,gatewayB,2,ESP32->RPi,decrypt,119,237,118,1.363,11,esp32_edge_normal_1,0,normal
00:26:30.542,689.5,gateway_repit,gateway_B,gatewayB,2,ESP32->RPi,decrypt,108,221,113,1.277,11,esp32_edge_simulator_1,1,mqtt_bruteforce
00:26:35.000,693.9,gateway_repit,gateway_B,gatewayB,2,ESP32->RPi,decrypt,108,221,113,3.776,11,esp32_edge_simulator_2,0,normal
00:26:35.041,694.0,gateway_repit,gateway_B,gatewayB,2,ESP32->RPi,decrypt,119,237,118,4.517,11,esp32_edge_normal_1,0,normal
00:26:35.540,694.5,gateway_repit,gateway_B,gatewayB,2,ESP32->RPi,decrypt,122,241,119,3.665,11,esp32_edge_simulator_1,0,normal
00:26:40.000,698.9,gateway_repit,gateway_B,gatewayB,2,ESP32->RPi,decrypt,119,237,118,3.969,11,esp32_edge_simulator_2,0,normal
00:26:40.038,699.0,gateway_repit,gateway_B,gatewayB,2,ESP32->RPi,decrypt,112,229,117,3.848,11,esp32_edge_normal_1,0,normal
00:26:41.003,699.9,gateway_repit,gateway_B,gatewayB,2,RPi->PC,encrypt,3660,4962,1302,38.75,11,,,
00:26:41.123,700.0,gateway_repit,gateway_B,gatewayB,2,ESP32->RPi,decrypt,109,225,116,1.408,11,esp32_edge_simulator_1,1,mqtt_bruteforce
00:26:41.430,700.3,gateway_repit,gateway_B,gatewayB,2,PC->RPi,decrypt,3543,4806,1263,33.365,11,,,
00:26:41.473,700.4,gateway_repit,gateway_B,gatewayB,2,RPi->ESP32,encrypt,3543,4806,1263,34.182,12,,,
00:26:54.357,713.3,gateway_repit,gateway_B,gatewayB,2,ESP32->RPi,decrypt,117,233,116,4.453,12,esp32_edge_simulator_2,0,normal
00:26:54.396,713.3,gateway_repit,gateway_B,gatewayB,2,ESP32->RPi,decrypt,113,229,116,3.888,12,esp32_edge_normal_1,0,normal
00:26:54.894,713.8,gateway_repit,gateway_B,gatewayB,2,ESP32->RPi,decrypt,81,185,104,2.805,12,esp32_edge_simulator_1,2,scan_A
00:26:59.358,718.3,gateway_repit,gateway_B,gatewayB,2,ESP32->RPi,decrypt,111,225,114,1.34,12,esp32_edge_simulator_2,1,mqtt_bruteforce
00:26:59.393,718.3,gateway_repit,gateway_B,gatewayB,2,ESP32->RPi,decrypt,115,233,118,1.405,12,esp32_edge_normal_1,0,normal
00:26:59.901,718.8,gateway_repit,gateway_B,gatewayB,2,ESP32->RPi,decrypt,112,229,117,1.424,12,esp32_edge_simulator_1,1,mqtt_bruteforce
00:27:04.351,723.3,gateway_repit,gateway_B,gatewayB,2,ESP32->RPi,decrypt,124,245,121,4.622,12,esp32_edge_simulator_2,0,normal
00:27:04.396,723.3,gateway_repit,gateway_B,gatewayB,2,ESP32->RPi,decrypt,118,237,119,4.285,12,esp32_edge_normal_1,0,normal
00:27:04.897,723.8,gateway_repit,gateway_B,gatewayB,2,ESP32->RPi,decrypt,81,185,104,3.273,12,esp32_edge_simulator_1,2,scan_A
00:27:09.343,728.3,gateway_repit,gateway_B,gatewayB,2,ESP32->RPi,decrypt,81,185,104,1.091,12,esp32_edge_simulator_2,2,scan_A
00:27:09.394,728.3,gateway_repit,gateway_B,gatewayB,2,ESP32->RPi,decrypt,116,233,117,1.386,12,esp32_edge_normal_1,0,normal
00:27:09.889,728.8,gateway_repit,gateway_B,gatewayB,2,ESP32->RPi,decrypt,113,229,116,1.343,12,esp32_edge_simulator_1,1,mqtt_bruteforce
00:27:14.359,733.3,gateway_repit,gateway_B,gatewayB,2,ESP32->RPi,decrypt,111,225,114,4.039,12,esp32_edge_simulator_2,1,mqtt_bruteforce
00:27:14.395,733.3,gateway_repit,gateway_B,gatewayB,2,ESP32->RPi,decrypt,115,233,118,4.766,12,esp32_edge_normal_1,0,normal
00:27:14.904,733.8,gateway_repit,gateway_B,gatewayB,2,ESP32->RPi,decrypt,110,225,115,4.252,12,esp32_edge_simulator_1,1,mqtt_bruteforce
00:27:19.347,738.3,gateway_repit,gateway_B,gatewayB,2,ESP32->RPi,decrypt,113,229,116,1.449,12,esp32_edge_simulator_2,1,mqtt_bruteforce
00:27:19.396,738.3,gateway_repit,gateway_B,gatewayB,2,ESP32->RPi,decrypt,120,237,117,1.521,12,esp32_edge_normal_1,0,normal
00:27:19.896,738.8,gateway_repit,gateway_B,gatewayB,2,ESP32->RPi,decrypt,110,225,115,1.389,12,esp32_edge_simulator_1,0,normal
00:27:24.350,743.3,gateway_repit,gateway_B,gatewayB,2,ESP32->RPi,decrypt,119,237,118,1.489,12,esp32_edge_simulator_2,0,normal
00:27:24.392,743.3,gateway_repit,gateway_B,gatewayB,2,ESP32->RPi,decrypt,119,237,118,1.499,12,esp32_edge_normal_1,0,normal
00:27:24.891,743.8,gateway_repit,gateway_B,gatewayB,2,ESP32->RPi,decrypt,120,237,117,1.533,12,esp32_edge_simulator_1,0,normal
00:27:29.352,748.3,gateway_repit,gateway_B,gatewayB,2,ESP32->RPi,decrypt,118,237,119,4.318,12,esp32_edge_simulator_2,0,normal
00:27:29.401,748.3,gateway_repit,gateway_B,gatewayB,2,ESP32->RPi,decrypt,119,237,118,4.312,12,esp32_edge_normal_1,0,normal
00:27:29.901,748.8,gateway_repit,gateway_B,gatewayB,2,ESP32->RPi,decrypt,119,237,118,3.776,12,esp32_edge_simulator_1,0,normal
00:27:34.346,753.3,gateway_repit,gateway_B,gatewayB,2,ESP32->RPi,decrypt,115,233,118,1.346,12,esp32_edge_simulator_2,0,normal
00:27:34.393,753.3,gateway_repit,gateway_B,gatewayB,2,ESP32->RPi,decrypt,116,233,117,1.325,12,esp32_edge_normal_1,0,normal
00:27:34.893,753.8,gateway_repit,gateway_B,gatewayB,2,ESP32->RPi,decrypt,107,221,114,1.284,12,esp32_edge_simulator_1,1,mqtt_bruteforce
00:27:39.349,758.3,gateway_repit,gateway_B,gatewayB,2,ESP32->RPi,decrypt,120,237,117,4.39,12,esp32_edge_simulator_2,0,normal
00:27:39.401,758.3,gateway_repit,gateway_B,gatewayB,2,ESP32->RPi,decrypt,107,221,114,3.483,12,esp32_edge_normal_1,0,normal
00:27:40.401,759.3,gateway_repit,gateway_B,gatewayB,2,RPi->PC,encrypt,3648,4946,1298,33.165,12,,,
00:27:40.452,759.4,gateway_repit,gateway_B,gatewayB,2,ESP32->RPi,decrypt,112,229,117,1.382,12,esp32_edge_simulator_1,1,mqtt_bruteforce
00:27:40.722,759.6,gateway_repit,gateway_B,gatewayB,2,PC->RPi,decrypt,3557,4826,1269,31.361,12,,,
00:27:40.760,759.7,gateway_repit,gateway_B,gatewayB,2,RPi->ESP32,encrypt,3557,4826,1269,31.369,13,,,
00:27:53.139,772.1,gateway_repit,gateway_B,gatewayB,2,ESP32->RPi,decrypt,107,221,114,1.306,13,esp32_edge_simulator_2,2,scan_A
00:27:53.180,772.1,gateway_repit,gateway_B,gatewayB,2,ESP32->RPi,decrypt,110,225,115,1.329,13,esp32_edge_simulator_1,1,mqtt_bruteforce
00:27:53.194,772.1,gateway_repit,gateway_B,gatewayB,2,ESP32->RPi,decrypt,116,233,117,1.389,13,esp32_edge_normal_1,0,normal
00:27:58.142,777.1,gateway_repit,gateway_B,gatewayB,2,ESP32->RPi,decrypt,112,229,117,1.415,13,esp32_edge_simulator_2,1,mqtt_bruteforce
00:27:58.194,777.1,gateway_repit,gateway_B,gatewayB,2,ESP32->RPi,decrypt,107,221,114,1.322,13,esp32_edge_simulator_1,1,mqtt_bruteforce
00:27:58.196,777.1,gateway_repit,gateway_B,gatewayB,2,ESP32->RPi,decrypt,119,237,118,1.36,13,esp32_edge_normal_1,0,normal
00:28:03.143,782.1,gateway_repit,gateway_B,gatewayB,2,ESP32->RPi,decrypt,110,225,115,3.737,13,esp32_edge_simulator_2,1,mqtt_bruteforce
00:28:03.185,782.1,gateway_repit,gateway_B,gatewayB,2,ESP32->RPi,decrypt,107,221,114,3.682,13,esp32_edge_simulator_1,2,scan_A
00:28:03.200,782.1,gateway_repit,gateway_B,gatewayB,2,ESP32->RPi,decrypt,117,233,116,4.331,13,esp32_edge_normal_1,0,normal
00:28:08.139,787.1,gateway_repit,gateway_B,gatewayB,2,ESP32->RPi,decrypt,113,229,116,1.365,13,esp32_edge_simulator_2,1,mqtt_bruteforce
00:28:08.183,787.1,gateway_repit,gateway_B,gatewayB,2,ESP32->RPi,decrypt,119,237,118,1.376,13,esp32_edge_simulator_1,0,normal
00:28:08.199,787.1,gateway_repit,gateway_B,gatewayB,2,ESP32->RPi,decrypt,120,237,117,1.412,13,esp32_edge_normal_1,0,normal
00:28:13.142,792.1,gateway_repit,gateway_B,gatewayB,2,ESP32->RPi,decrypt,117,233,116,1.309,13,esp32_edge_simulator_2,0,normal
00:28:13.221,792.1,gateway_repit,gateway_B,gatewayB,2,ESP32->RPi,decrypt,113,229,116,1.408,13,esp32_edge_simulator_1,1,mqtt_bruteforce
00:28:13.225,792.1,gateway_repit,gateway_B,gatewayB,2,ESP32->RPi,decrypt,115,233,118,1.349,13,esp32_edge_normal_1,0,normal
00:28:18.148,797.1,gateway_repit,gateway_B,gatewayB,2,ESP32->RPi,decrypt,123,241,118,4.395,13,esp32_edge_simulator_2,0,normal
00:28:18.187,797.1,gateway_repit,gateway_B,gatewayB,2,ESP32->RPi,decrypt,124,245,121,4.491,13,esp32_edge_simulator_1,0,normal
00:28:18.199,797.1,gateway_repit,gateway_B,gatewayB,2,ESP32->RPi,decrypt,114,229,115,4.234,13,esp32_edge_normal_1,0,normal
00:28:23.140,802.1,gateway_repit,gateway_B,gatewayB,2,ESP32->RPi,decrypt,117,233,116,1.346,13,esp32_edge_simulator_2,0,normal
00:28:23.185,802.1,gateway_repit,gateway_B,gatewayB,2,ESP32->RPi,decrypt,119,237,118,1.311,13,esp32_edge_simulator_1,0,normal
00:28:23.195,802.1,gateway_repit,gateway_B,gatewayB,2,ESP32->RPi,decrypt,120,237,117,1.349,13,esp32_edge_normal_1,0,normal
00:28:28.143,807.1,gateway_repit,gateway_B,gatewayB,2,ESP32->RPi,decrypt,124,245,121,1.432,13,esp32_edge_simulator_2,0,normal
00:28:28.183,807.1,gateway_repit,gateway_B,gatewayB,2,ESP32->RPi,decrypt,107,221,114,1.365,13,esp32_edge_simulator_1,2,scan_A
00:28:28.197,807.1,gateway_repit,gateway_B,gatewayB,2,ESP32->RPi,decrypt,116,233,117,1.308,13,esp32_edge_normal_1,0,normal
00:28:33.142,812.1,gateway_repit,gateway_B,gatewayB,2,ESP32->RPi,decrypt,101,213,112,3.617,13,esp32_edge_simulator_2,2,scan_A
00:28:33.184,812.1,gateway_repit,gateway_B,gatewayB,2,ESP32->RPi,decrypt,111,225,114,4.042,13,esp32_edge_simulator_1,1,mqtt_bruteforce
00:28:33.202,812.1,gateway_repit,gateway_B,gatewayB,2,ESP32->RPi,decrypt,118,237,119,4.371,13,esp32_edge_normal_1,0,normal
00:28:38.141,817.1,gateway_repit,gateway_B,gatewayB,2,ESP32->RPi,decrypt,120,237,117,1.497,13,esp32_edge_simulator_2,0,normal
00:28:38.182,817.1,gateway_repit,gateway_B,gatewayB,2,ESP32->RPi,decrypt,81,185,104,1.112,13,esp32_edge_simulator_1,2,scan_A
00:28:39.143,818.1,gateway_repit,gateway_B,gatewayB,2,RPi->PC,encrypt,3646,4946,1300,34.69,13,,,
00:28:39.192,818.1,gateway_repit,gateway_B,gatewayB,2,ESP32->RPi,decrypt,118,237,119,1.466,13,esp32_edge_normal_1,0,normal
00:28:40.062,819.0,gateway_repit,gateway_B,gatewayB,2,PC->RPi,decrypt,3557,4826,1269,33.42,13,,,
00:28:40.104,819.0,gateway_repit,gateway_B,gatewayB,2,RPi->ESP32,encrypt,3557,4826,1269,35.33,14,,,
00:28:52.418,831.3,gateway_repit,gateway_B,gatewayB,2,ESP32->RPi,decrypt,107,221,114,1.308,14,esp32_edge_simulator_2,2,scan_A
00:28:52.472,831.4,gateway_repit,gateway_B,gatewayB,2,ESP32->RPi,decrypt,120,237,117,1.428,14,esp32_edge_normal_1,0,normal
00:28:52.480,831.4,gateway_repit,gateway_B,gatewayB,2,ESP32->RPi,decrypt,120,237,117,1.458,14,esp32_edge_simulator_1,0,normal
00:28:57.426,836.3,gateway_repit,gateway_B,gatewayB,2,ESP32->RPi,decrypt,119,237,118,1.452,14,esp32_edge_simulator_2,0,normal
00:28:57.475,836.4,gateway_repit,gateway_B,gatewayB,2,ESP32->RPi,decrypt,118,237,119,1.483,14,esp32_edge_normal_1,0,normal
00:28:57.480,836.4,gateway_repit,gateway_B,gatewayB,2,ESP32->RPi,decrypt,110,225,115,1.368,14,esp32_edge_simulator_1,1,mqtt_bruteforce
00:29:02.421,841.3,gateway_repit,gateway_B,gatewayB,2,ESP32->RPi,decrypt,95,205,110,3.503,14,esp32_edge_simulator_2,2,scan_A
00:29:02.477,841.4,gateway_repit,gateway_B,gatewayB,2,ESP32->RPi,decrypt,115,233,118,4.973,14,esp32_edge_normal_1,0,normal
00:29:02.484,841.4,gateway_repit,gateway_B,gatewayB,2,ESP32->RPi,decrypt,107,221,114,4.68,14,esp32_edge_simulator_1,2,scan_A
00:29:07.433,846.4,gateway_repit,gateway_B,gatewayB,2,ESP32->RPi,decrypt,121,241,120,4.597,14,esp32_edge_simulator_2,0,normal
00:29:07.482,846.4,gateway_repit,gateway_B,gatewayB,2,ESP32->RPi,decrypt,121,241,120,5.541,14,esp32_edge_normal_1,0,normal
00:29:07.487,846.4,gateway_repit,gateway_B,gatewayB,2,ESP32->RPi,decrypt,102,213,111,3.696,14,esp32_edge_simulator_1,2,scan_A
00:29:12.426,851.3,gateway_repit,gateway_B,gatewayB,2,ESP32->RPi,decrypt,112,229,117,4.007,14,esp32_edge_simulator_2,1,mqtt_bruteforce
00:29:12.536,851.5,gateway_repit,gateway_B,gatewayB,2,ESP32->RPi,decrypt,117,233,116,2.651,14,esp32_edge_normal_1,0,normal
00:29:12.539,851.5,gateway_repit,gateway_B,gatewayB,2,ESP32->RPi,decrypt,118,237,119,2.384,14,esp32_edge_simulator_1,0,normal
00:29:17.419,856.3,gateway_repit,gateway_B,gatewayB,2,ESP32->RPi,decrypt,81,185,104,1.171,14,esp32_edge_simulator_2,2,scan_A
00:29:17.471,856.4,gateway_repit,gateway_B,gatewayB,2,ESP32->RPi,decrypt,115,233,118,1.438,14,esp32_edge_normal_1,0,normal
00:29:17.473,856.4,gateway_repit,gateway_B,gatewayB,2,ESP32->RPi,decrypt,105,217,112,1.225,14,esp32_edge_simulator_1,2,scan_A
00:29:22.447,861.4,gateway_repit,gateway_B,gatewayB,2,ESP32->RPi,decrypt,107,221,114,3.276,14,esp32_edge_simulator_2,2,scan_A
00:29:22.476,861.4,gateway_repit,gateway_B,gatewayB,2,ESP32->RPi,decrypt,117,233,116,3.524,14,esp32_edge_normal_1,0,normal
00:29:22.491,861.4,gateway_repit,gateway_B,gatewayB,2,ESP32->RPi,decrypt,113,229,116,3.016,14,esp32_edge_simulator_1,1,mqtt_bruteforce
00:29:27.424,866.3,gateway_repit,gateway_B,gatewayB,2,ESP32->RPi,decrypt,124,245,121,1.434,14,esp32_edge_simulator_2,0,normal
00:29:27.472,866.4,gateway_repit,gateway_B,gatewayB,2,ESP32->RPi,decrypt,106,221,115,1.301,14,esp32_edge_simulator_1,1,mqtt_bruteforce
00:29:27.475,866.4,gateway_repit,gateway_B,gatewayB,2,ESP32->RPi,decrypt,118,237,119,1.368,14,esp32_edge_normal_1,0,normal
00:29:32.420,871.3,gateway_repit,gateway_B,gatewayB,2,ESP32->RPi,decrypt,122,241,119,1.506,14,esp32_edge_simulator_2,0,normal
00:29:32.471,871.4,gateway_repit,gateway_B,gatewayB,2,ESP32->RPi,decrypt,113,229,116,1.521,14,esp32_edge_normal_1,0,normal
00:29:32.478,871.4,gateway_repit,gateway_B,gatewayB,2,ESP32->RPi,decrypt,121,241,120,1.444,14,esp32_edge_simulator_1,0,normal
00:29:37.431,876.3,gateway_repit,gateway_B,gatewayB,2,ESP32->RPi,decrypt,111,225,114,3.712,14,esp32_edge_simulator_2,1,mqtt_bruteforce
00:29:37.476,876.4,gateway_repit,gateway_B,gatewayB,2,ESP32->RPi,decrypt,121,241,120,4.542,14,esp32_edge_normal_1,0,normal
00:29:38.447,877.4,gateway_repit,gateway_B,gatewayB,2,RPi->PC,encrypt,3654,4954,1300,36.142,14,,,
00:29:38.494,877.4,gateway_repit,gateway_B,gatewayB,2,ESP32->RPi,decrypt,117,233,116,1.599,14,esp32_edge_simulator_1,0,normal
00:29:38.785,877.7,gateway_repit,gateway_B,gatewayB,2,PC->RPi,decrypt,3551,4818,1267,35.288,14,,,
00:29:38.825,877.7,gateway_repit,gateway_B,gatewayB,2,RPi->ESP32,encrypt,3551,4818,1267,32.992,15,,,
00:29:51.209,890.1,gateway_repit,gateway_B,gatewayB,2,ESP32->RPi,decrypt,112,229,117,4.198,15,esp32_edge_simulator_2,1,mqtt_bruteforce
00:29:51.275,890.2,gateway_repit,gateway_B,gatewayB,2,ESP32->RPi,decrypt,118,237,119,3.162,15,esp32_edge_normal_1,0,normal
00:29:51.772,890.7,gateway_repit,gateway_B,gatewayB,2,ESP32->RPi,decrypt,117,233,116,1.402,15,esp32_edge_simulator_1,0,normal
00:29:56.206,895.1,gateway_repit,gateway_B,gatewayB,2,ESP32->RPi,decrypt,108,221,113,1.364,15,esp32_edge_simulator_2,1,mqtt_bruteforce
00:29:56.273,895.2,gateway_repit,gateway_B,gatewayB,2,ESP32->RPi,decrypt,107,221,114,1.442,15,esp32_edge_normal_1,0,normal
00:29:56.778,895.7,gateway_repit,gateway_B,gatewayB,2,ESP32->RPi,decrypt,124,245,121,4.698,15,esp32_edge_simulator_1,0,normal
00:30:01.201,900.1,gateway_repit,gateway_B,gatewayB,2,ESP32->RPi,decrypt,122,241,119,4.65,15,esp32_edge_simulator_2,0,normal
00:30:01.278,900.2,gateway_repit,gateway_B,gatewayB,2,ESP32->RPi,decrypt,121,241,120,5.281,15,esp32_edge_normal_1,0,normal
00:30:01.785,900.7,gateway_repit,gateway_B,gatewayB,2,ESP32->RPi,decrypt,112,229,117,3.593,15,esp32_edge_simulator_1,1,mqtt_bruteforce
00:30:06.197,905.1,gateway_repit,gateway_B,gatewayB,2,ESP32->RPi,decrypt,123,241,118,1.463,15,esp32_edge_simulator_2,0,normal
00:30:06.271,905.2,gateway_repit,gateway_B,gatewayB,2,ESP32->RPi,decrypt,115,233,118,1.436,15,esp32_edge_normal_1,0,normal
00:30:06.779,905.7,gateway_repit,gateway_B,gatewayB,2,ESP32->RPi,decrypt,113,229,116,1.452,15,esp32_edge_simulator_1,1,mqtt_bruteforce
00:30:11.205,910.1,gateway_repit,gateway_B,gatewayB,2,ESP32->RPi,decrypt,119,237,118,4.222,15,esp32_edge_simulator_2,0,normal
00:30:11.275,910.2,gateway_repit,gateway_B,gatewayB,2,ESP32->RPi,decrypt,107,221,114,4.423,15,esp32_edge_normal_1,0,normal
00:30:11.865,910.8,gateway_repit,gateway_B,gatewayB,2,ESP32->RPi,decrypt,113,229,116,1.501,15,esp32_edge_simulator_1,1,mqtt_bruteforce
00:30:16.195,915.1,gateway_repit,gateway_B,gatewayB,2,ESP32->RPi,decrypt,123,241,118,1.557,15,esp32_edge_simulator_2,0,normal
00:30:16.274,915.2,gateway_repit,gateway_B,gatewayB,2,ESP32->RPi,decrypt,116,233,117,1.516,15,esp32_edge_normal_1,0,normal
00:30:16.770,915.7,gateway_repit,gateway_B,gatewayB,2,ESP32->RPi,decrypt,81,185,104,1.178,15,esp32_edge_simulator_1,2,scan_A
00:30:21.200,920.1,gateway_repit,gateway_B,gatewayB,2,ESP32->RPi,decrypt,116,233,117,1.497,15,esp32_edge_simulator_2,0,normal
00:30:21.272,920.2,gateway_repit,gateway_B,gatewayB,2,ESP32->RPi,decrypt,121,241,120,1.557,15,esp32_edge_normal_1,0,normal
00:30:21.775,920.7,gateway_repit,gateway_B,gatewayB,2,ESP32->RPi,decrypt,121,241,120,4.459,15,esp32_edge_simulator_1,0,normal
00:30:26.214,925.1,gateway_repit,gateway_B,gatewayB,2,ESP32->RPi,decrypt,117,233,116,4.447,15,esp32_edge_simulator_2,0,normal
00:30:26.274,925.2,gateway_repit,gateway_B,gatewayB,2,ESP32->RPi,decrypt,116,233,117,4.256,15,esp32_edge_normal_1,0,normal
00:30:26.776,925.7,gateway_repit,gateway_B,gatewayB,2,ESP32->RPi,decrypt,121,241,120,4.219,15,esp32_edge_simulator_1,0,normal
00:30:31.206,930.1,gateway_repit,gateway_B,gatewayB,2,ESP32->RPi,decrypt,110,225,115,3.697,15,esp32_edge_simulator_2,1,mqtt_bruteforce
00:30:31.276,930.2,gateway_repit,gateway_B,gatewayB,2,ESP32->RPi,decrypt,121,241,120,4.559,15,esp32_edge_normal_1,0,normal
00:30:31.769,930.7,gateway_repit,gateway_B,gatewayB,2,ESP32->RPi,decrypt,105,217,112,1.326,15,esp32_edge_simulator_1,2,scan_A
00:30:36.193,935.1,gateway_repit,gateway_B,gatewayB,2,ESP32->RPi,decrypt,81,185,104,1.213,15,esp32_edge_simulator_2,2,scan_A
00:30:36.285,935.2,gateway_repit,gateway_B,gatewayB,2,ESP32->RPi,decrypt,112,229,117,3.811,15,esp32_edge_normal_1,0,normal
00:30:37.430,936.3,gateway_repit,gateway_B,gatewayB,2,RPi->PC,encrypt,3667,4974,1307,37.733,15,,,
00:30:37.484,936.4,gateway_repit,gateway_B,gatewayB,2,ESP32->RPi,decrypt,81,185,104,1.461,15,esp32_edge_simulator_1,2,scan_A
00:30:37.922,936.8,gateway_repit,gateway_B,gatewayB,2,PC->RPi,decrypt,3543,4806,1263,36.443,15,,,
00:30:37.964,936.9,gateway_repit,gateway_B,gatewayB,2,RPi->ESP32,encrypt,3543,4806,1263,35.192,16,,,
00:30:50.296,949.2,gateway_repit,gateway_B,gatewayB,2,ESP32->RPi,decrypt,119,237,118,4.302,16,esp32_edge_simulator_2,0,normal
00:30:50.340,949.3,gateway_repit,gateway_B,gatewayB,2,ESP32->RPi,decrypt,120,237,117,4.0,16,esp32_edge_normal_1,0,normal
00:30:50.835,949.8,gateway_repit,gateway_B,gatewayB,2,ESP32->RPi,decrypt,118,237,119,3.825,16,esp32_edge_simulator_1,0,normal
00:30:55.291,954.2,gateway_repit,gateway_B,gatewayB,2,ESP32->RPi,decrypt,108,221,113,4.27,16,esp32_edge_simulator_2,2,scan_A
00:30:55.339,954.3,gateway_repit,gateway_B,gatewayB,2,ESP32->RPi,decrypt,114,229,115,4.654,16,esp32_edge_normal_1,0,normal
00:30:55.833,954.8,gateway_repit,gateway_B,gatewayB,2,ESP32->RPi,decrypt,81,185,104,2.981,16,esp32_edge_simulator_1,2,scan_A
00:31:00.290,959.2,gateway_repit,gateway_B,gatewayB,2,ESP32->RPi,decrypt,119,237,118,4.233,16,esp32_edge_simulator_2,0,normal
00:31:00.340,959.3,gateway_repit,gateway_B,gatewayB,2,ESP32->RPi,decrypt,120,237,117,4.785,16,esp32_edge_normal_1,0,normal
00:31:00.838,959.8,gateway_repit,gateway_B,gatewayB,2,ESP32->RPi,decrypt,122,241,119,4.529,16,esp32_edge_simulator_1,0,normal
00:31:05.288,964.2,gateway_repit,gateway_B,gatewayB,2,ESP32->RPi,decrypt,122,241,119,1.6,16,esp32_edge_simulator_2,0,normal
00:31:05.335,964.3,gateway_repit,gateway_B,gatewayB,2,ESP32->RPi,decrypt,116,233,117,1.485,16,esp32_edge_normal_1,0,normal
00:31:05.828,964.7,gateway_repit,gateway_B,gatewayB,2,ESP32->RPi,decrypt,97,209,112,1.347,16,esp32_edge_simulator_1,2,scan_A
00:31:10.293,969.2,gateway_repit,gateway_B,gatewayB,2,ESP32->RPi,decrypt,123,241,118,4.679,16,esp32_edge_simulator_2,0,normal
00:31:10.340,969.3,gateway_repit,gateway_B,gatewayB,2,ESP32->RPi,decrypt,107,221,114,4.162,16,esp32_edge_normal_1,0,normal
00:31:10.843,969.8,gateway_repit,gateway_B,gatewayB,2,ESP32->RPi,decrypt,110,225,115,4.046,16,esp32_edge_simulator_1,1,mqtt_bruteforce
00:31:15.328,974.2,gateway_repit,gateway_B,gatewayB,2,ESP32->RPi,decrypt,113,229,116,4.185,16,esp32_edge_simulator_2,1,mqtt_bruteforce
00:31:15.341,974.3,gateway_repit,gateway_B,gatewayB,2,ESP32->RPi,decrypt,119,237,118,4.211,16,esp32_edge_normal_1,0,normal
00:31:15.829,974.7,gateway_repit,gateway_B,gatewayB,2,ESP32->RPi,decrypt,106,221,115,1.264,16,esp32_edge_simulator_1,2,scan_A
00:31:20.285,979.2,gateway_repit,gateway_B,gatewayB,2,ESP32->RPi,decrypt,108,221,113,1.26,16,esp32_edge_simulator_2,2,scan_A
00:31:20.335,979.3,gateway_repit,gateway_B,gatewayB,2,ESP32->RPi,decrypt,115,233,118,1.328,16,esp32_edge_normal_1,0,normal
00:31:20.841,979.8,gateway_repit,gateway_B,gatewayB,2,ESP32->RPi,decrypt,110,225,115,3.822,16,esp32_edge_simulator_1,1,mqtt_bruteforce
00:31:25.306,984.2,gateway_repit,gateway_B,gatewayB,2,ESP32->RPi,decrypt,109,225,116,1.343,16,esp32_edge_simulator_2,1,mqtt_bruteforce
00:31:25.337,984.3,gateway_repit,gateway_B,gatewayB,2,ESP32->RPi,decrypt,121,241,120,1.568,16,esp32_edge_normal_1,0,normal
00:31:25.829,984.7,gateway_repit,gateway_B,gatewayB,2,ESP32->RPi,decrypt,107,221,114,1.4,16,esp32_edge_simulator_1,2,scan_A
00:31:30.289,989.2,gateway_repit,gateway_B,gatewayB,2,ESP32->RPi,decrypt,114,229,115,4.139,16,esp32_edge_simulator_2,1,mqtt_bruteforce
00:31:30.339,989.3,gateway_repit,gateway_B,gatewayB,2,ESP32->RPi,decrypt,120,237,117,3.953,16,esp32_edge_normal_1,0,normal
00:31:30.839,989.8,gateway_repit,gateway_B,gatewayB,2,ESP32->RPi,decrypt,108,221,113,3.195,16,esp32_edge_simulator_1,2,scan_A
00:31:35.288,994.2,gateway_repit,gateway_B,gatewayB,2,ESP32->RPi,decrypt,110,225,115,3.992,16,esp32_edge_simulator_2,1,mqtt_bruteforce
00:31:35.351,994.3,gateway_repit,gateway_B,gatewayB,2,ESP32->RPi,decrypt,117,233,116,3.119,16,esp32_edge_normal_1,0,normal
00:31:36.472,995.4,gateway_repit,gateway_B,gatewayB,2,RPi->PC,encrypt,3663,4966,1303,37.941,16,,,
00:31:36.518,995.4,gateway_repit,gateway_B,gatewayB,2,ESP32->RPi,decrypt,117,233,116,1.418,16,esp32_edge_simulator_1,0,normal
00:31:37.213,996.1,gateway_repit,gateway_B,gatewayB,2,PC->RPi,decrypt,3559,4830,1271,34.302,16,,,
00:31:37.254,996.2,gateway_repit,gateway_B,gatewayB,2,RPi->ESP32,encrypt,3559,4830,1271,34.14,17,,,
00:31:49.585,1008.5,gateway_repit,gateway_B,gatewayB,2,ESP32->RPi,decrypt,120,237,117,4.515,17,esp32_edge_simulator_2,0,normal
00:31:49.636,1008.6,gateway_repit,gateway_B,gatewayB,2,ESP32->RPi,decrypt,116,233,117,4.781,17,esp32_edge_normal_1,0,normal
00:31:49.642,1008.6,gateway_repit,gateway_B,gatewayB,2,ESP32->RPi,decrypt,114,229,115,4.524,17,esp32_edge_simulator_1,1,mqtt_bruteforce
00:31:54.586,1013.5,gateway_repit,gateway_B,gatewayB,2,ESP32->RPi,decrypt,124,245,121,1.598,17,esp32_edge_simulator_2,0,normal
00:31:54.626,1013.5,gateway_repit,gateway_B,gatewayB,2,ESP32->RPi,decrypt,118,237,119,1.464,17,esp32_edge_simulator_1,0,normal
00:31:54.633,1013.6,gateway_repit,gateway_B,gatewayB,2,ESP32->RPi,decrypt,116,233,117,1.417,17,esp32_edge_normal_1,0,normal
00:31:59.591,1018.5,gateway_repit,gateway_B,gatewayB,2,ESP32->RPi,decrypt,106,221,115,4.322,17,esp32_edge_simulator_2,1,mqtt_bruteforce
00:31:59.634,1018.6,gateway_repit,gateway_B,gatewayB,2,ESP32->RPi,decrypt,115,233,118,3.949,17,esp32_edge_normal_1,0,normal
00:31:59.638,1018.6,gateway_repit,gateway_B,gatewayB,2,ESP32->RPi,decrypt,111,225,114,3.081,17,esp32_edge_simulator_1,1,mqtt_bruteforce
00:32:04.583,1023.5,gateway_repit,gateway_B,gatewayB,2,ESP32->RPi,decrypt,118,237,119,1.449,17,esp32_edge_simulator_2,0,normal
00:32:04.624,1023.5,gateway_repit,gateway_B,gatewayB,2,ESP32->RPi,decrypt,123,241,118,1.475,17,esp32_edge_simulator_1,0,normal
00:32:04.633,1023.6,gateway_repit,gateway_B,gatewayB,2,ESP32->RPi,decrypt,119,237,118,1.368,17,esp32_edge_normal_1,0,normal
00:32:09.588,1028.5,gateway_repit,gateway_B,gatewayB,2,ESP32->RPi,decrypt,117,233,116,4.223,17,esp32_edge_simulator_2,0,normal
00:32:09.635,1028.6,gateway_repit,gateway_B,gatewayB,2,ESP32->RPi,decrypt,124,245,121,5.381,17,esp32_edge_simulator_1,0,normal
00:32:09.641,1028.6,gateway_repit,gateway_B,gatewayB,2,ESP32->RPi,decrypt,117,233,116,4.387,17,esp32_edge_normal_1,0,normal
00:32:14.635,1033.6,gateway_repit,gateway_B,gatewayB,2,ESP32->RPi,decrypt,119,237,118,4.231,17,esp32_edge_simulator_2,0,normal
00:32:14.641,1033.6,gateway_repit,gateway_B,gatewayB,2,ESP32->RPi,decrypt,120,237,117,4.465,17,esp32_edge_simulator_1,0,normal
00:32:14.646,1033.6,gateway_repit,gateway_B,gatewayB,2,ESP32->RPi,decrypt,116,233,117,4.088,17,esp32_edge_normal_1,0,normal
00:32:19.579,1038.5,gateway_repit,gateway_B,gatewayB,2,ESP32->RPi,decrypt,110,225,115,1.431,17,esp32_edge_simulator_2,1,mqtt_bruteforce
00:32:19.625,1038.5,gateway_repit,gateway_B,gatewayB,2,ESP32->RPi,decrypt,119,237,118,1.511,17,esp32_edge_simulator_1,0,normal
00:32:19.631,1038.5,gateway_repit,gateway_B,gatewayB,2,ESP32->RPi,decrypt,116,233,117,1.466,17,esp32_edge_normal_1,0,normal
00:32:24.591,1043.5,gateway_repit,gateway_B,gatewayB,2,ESP32->RPi,decrypt,111,225,114,1.464,17,esp32_edge_simulator_2,1,mqtt_bruteforce
00:32:24.631,1043.5,gateway_repit,gateway_B,gatewayB,2,ESP32->RPi,decrypt,117,233,116,1.39,17,esp32_edge_normal_1,0,normal
00:32:24.665,1043.6,gateway_repit,gateway_B,gatewayB,2,ESP32->RPi,decrypt,120,237,117,1.465,17,esp32_edge_simulator_1,0,normal
00:32:29.593,1048.5,gateway_repit,gateway_B,gatewayB,2,ESP32->RPi,decrypt,108,221,113,4.045,17,esp32_edge_simulator_2,2,scan_A
00:32:29.635,1048.6,gateway_repit,gateway_B,gatewayB,2,ESP32->RPi,decrypt,115,233,118,4.253,17,esp32_edge_normal_1,0,normal
00:32:29.646,1048.6,gateway_repit,gateway_B,gatewayB,2,ESP32->RPi,decrypt,81,185,104,3.173,17,esp32_edge_simulator_1,2,scan_A
00:32:34.580,1053.5,gateway_repit,gateway_B,gatewayB,2,ESP32->RPi,decrypt,103,217,114,3.709,17,esp32_edge_simulator_2,2,scan_A
00:32:34.634,1053.6,gateway_repit,gateway_B,gatewayB,2,ESP32->RPi,decrypt,121,241,120,4.462,17,esp32_edge_normal_1,0,normal
00:32:35.599,1054.5,gateway_repit,gateway_B,gatewayB,2,RPi->PC,encrypt,3640,4938,1298,34.914,17,,,
00:32:35.643,1054.6,gateway_repit,gateway_B,gatewayB,2,ESP32->RPi,decrypt,115,233,118,1.502,17,esp32_edge_simulator_1,1,mqtt_bruteforce
00:32:36.287,1055.2,gateway_repit,gateway_B,gatewayB,2,PC->RPi,decrypt,3556,4826,1270,33.261,17,,,
00:32:36.331,1055.2,gateway_repit,gateway_B,gatewayB,2,RPi->ESP32,encrypt,3556,4826,1270,36.905,18,,,
00:32:48.732,1067.7,gateway_repit,gateway_B,gatewayB,2,ESP32->RPi,decrypt,123,241,118,2.941,18,esp32_edge_simulator_2,0,normal
00:32:48.735,1067.7,gateway_repit,gateway_B,gatewayB,2,ESP32->RPi,decrypt,81,185,104,2.074,18,esp32_edge_simulator_1,2,scan_A
00:32:48.739,1067.7,gateway_repit,gateway_B,gatewayB,2,ESP32->RPi,decrypt,106,221,115,2.371,18,esp32_edge_normal_1,0,normal
00:32:53.662,1072.6,gateway_repit,gateway_B,gatewayB,2,ESP32->RPi,decrypt,112,229,117,1.396,18,esp32_edge_simulator_2,1,mqtt_bruteforce
00:32:53.707,1072.6,gateway_repit,gateway_B,gatewayB,2,ESP32->RPi,decrypt,111,225,114,1.292,18,esp32_edge_simulator_1,1,mqtt_bruteforce
00:32:53.710,1072.6,gateway_repit,gateway_B,gatewayB,2,ESP32->RPi,decrypt,117,233,116,1.458,18,esp32_edge_normal_1,0,normal
00:32:58.661,1077.6,gateway_repit,gateway_B,gatewayB,2,ESP32->RPi,decrypt,108,221,113,1.324,18,esp32_edge_simulator_2,2,scan_A
00:32:58.708,1077.6,gateway_repit,gateway_B,gatewayB,2,ESP32->RPi,decrypt,123,241,118,1.542,18,esp32_edge_simulator_1,0,normal
00:32:58.710,1077.6,gateway_repit,gateway_B,gatewayB,2,ESP32->RPi,decrypt,117,233,116,1.352,18,esp32_edge_normal_1,0,normal
00:33:03.707,1082.6,gateway_repit,gateway_B,gatewayB,2,ESP32->RPi,decrypt,120,237,117,4.1,18,esp32_edge_simulator_2,0,normal
00:33:03.717,1082.6,gateway_repit,gateway_B,gatewayB,2,ESP32->RPi,decrypt,108,221,113,3.828,18,esp32_edge_simulator_1,1,mqtt_bruteforce
00:33:03.723,1082.6,gateway_repit,gateway_B,gatewayB,2,ESP32->RPi,decrypt,115,233,118,4.52,18,esp32_edge_normal_1,0,normal
00:33:08.716,1087.6,gateway_repit,gateway_B,gatewayB,2,ESP32->RPi,decrypt,108,221,113,1.339,18,esp32_edge_simulator_2,2,scan_A
00:33:08.719,1087.6,gateway_repit,gateway_B,gatewayB,2,ESP32->RPi,decrypt,115,233,118,1.457,18,esp32_edge_normal_1,0,normal
00:33:08.721,1087.6,gateway_repit,gateway_B,gatewayB,2,ESP32->RPi,decrypt,106,221,115,1.303,18,esp32_edge_simulator_1,1,mqtt_bruteforce
00:33:13.769,1092.7,gateway_repit,gateway_B,gatewayB,2,ESP32->RPi,decrypt,112,229,117,1.36,18,esp32_edge_simulator_2,1,mqtt_bruteforce
00:33:13.772,1092.7,gateway_repit,gateway_B,gatewayB,2,ESP32->RPi,decrypt,108,221,113,1.349,18,esp32_edge_simulator_1,2,scan_A
00:33:13.774,1092.7,gateway_repit,gateway_B,gatewayB,2,ESP32->RPi,decrypt,114,229,115,1.38,18,esp32_edge_normal_1,0,normal
00:33:18.661,1097.6,gateway_repit,gateway_B,gatewayB,2,ESP32->RPi,decrypt,113,229,116,1.434,18,esp32_edge_simulator_2,1,mqtt_bruteforce
00:33:18.709,1097.6,gateway_repit,gateway_B,gatewayB,2,ESP32->RPi,decrypt,115,233,118,1.476,18,esp32_edge_normal_1,0,normal
00:33:18.714,1097.6,gateway_repit,gateway_B,gatewayB,2,ESP32->RPi,decrypt,110,225,115,1.442,18,esp32_edge_simulator_1,1,mqtt_bruteforce
00:33:23.668,1102.6,gateway_repit,gateway_B,gatewayB,2,ESP32->RPi,decrypt,123,241,118,4.074,18,esp32_edge_simulator_2,0,normal
00:33:23.711,1102.6,gateway_repit,gateway_B,gatewayB,2,ESP32->RPi,decrypt,123,241,118,6.065,18,esp32_edge_simulator_1,0,normal
00:33:23.718,1102.6,gateway_repit,gateway_B,gatewayB,2,ESP32->RPi,decrypt,120,237,117,4.64,18,esp32_edge_normal_1,0,normal
00:33:28.689,1107.6,gateway_repit,gateway_B,gatewayB,2,ESP32->RPi,decrypt,81,185,104,1.056,18,esp32_edge_simulator_2,2,scan_A
00:33:28.716,1107.6,gateway_repit,gateway_B,gatewayB,2,ESP32->RPi,decrypt,114,229,115,1.439,18,esp32_edge_simulator_1,1,mqtt_bruteforce
00:33:28.718,1107.6,gateway_repit,gateway_B,gatewayB,2,ESP32->RPi,decrypt,121,241,120,1.383,18,esp32_edge_normal_1,0,normal
00:33:33.668,1112.6,gateway_repit,gateway_B,gatewayB,2,ESP32->RPi,decrypt,122,241,119,4.315,18,esp32_edge_simulator_2,0,normal
00:33:33.710,1112.6,gateway_repit,gateway_B,gatewayB,2,ESP32->RPi,decrypt,119,237,118,3.821,18,esp32_edge_simulator_1,0,normal
00:33:34.719,1113.6,gateway_repit,gateway_B,gatewayB,2,RPi->PC,encrypt,3652,4954,1302,36.844,18,,,
00:33:34.809,1113.7,gateway_repit,gateway_B,gatewayB,2,ESP32->RPi,decrypt,121,241,120,1.503,18,esp32_edge_normal_1,0,normal
00:33:35.052,1114.0,gateway_repit,gateway_B,gatewayB,2,PC->RPi,decrypt,3553,4822,1269,34.378,18,,,
00:33:35.092,1114.0,gateway_repit,gateway_B,gatewayB,2,RPi->ESP32,encrypt,3553,4822,1269,31.881,19,,,
00:33:47.454,1126.4,gateway_repit,gateway_B,gatewayB,2,ESP32->RPi,decrypt,124,245,121,4.253,19,esp32_edge_simulator_2,0,normal
00:33:48.004,1126.9,gateway_repit,gateway_B,gatewayB,2,ESP32->RPi,decrypt,117,233,116,4.044,19,esp32_edge_normal_1,0,normal
00:33:48.010,1126.9,gateway_repit,gateway_B,gatewayB,2,ESP32->RPi,decrypt,110,225,115,3.755,19,esp32_edge_simulator_1,1,mqtt_bruteforce
00:33:52.454,1131.4,gateway_repit,gateway_B,gatewayB,2,ESP32->RPi,decrypt,121,241,120,3.709,19,esp32_edge_simulator_2,0,normal
00:33:53.000,1131.9,gateway_repit,gateway_B,gatewayB,2,ESP32->RPi,decrypt,103,217,114,3.804,19,esp32_edge_simulator_1,2,scan_A
00:33:53.006,1131.9,gateway_repit,gateway_B,gatewayB,2,ESP32->RPi,decrypt,120,237,117,4.26,19,esp32_edge_normal_1,0,normal
00:33:57.453,1136.4,gateway_repit,gateway_B,gatewayB,2,ESP32->RPi,decrypt,107,221,114,3.432,19,esp32_edge_simulator_2,2,scan_A
00:33:58.000,1136.9,gateway_repit,gateway_B,gatewayB,2,ESP32->RPi,decrypt,106,221,115,4.373,19,esp32_edge_simulator_1,2,scan_A
00:33:58.005,1136.9,gateway_repit,gateway_B,gatewayB,2,ESP32->RPi,decrypt,116,233,117,4.168,19,esp32_edge_normal_1,0,normal
00:34:02.454,1141.4,gateway_repit,gateway_B,gatewayB,2,ESP32->RPi,decrypt,120,237,117,3.741,19,esp32_edge_simulator_2,0,normal
00:34:03.000,1141.9,gateway_repit,gateway_B,gatewayB,2,ESP32->RPi,decrypt,114,229,115,4.11,19,esp32_edge_normal_1,0,normal
00:34:03.013,1141.9,gateway_repit,gateway_B,gatewayB,2,ESP32->RPi,decrypt,113,229,116,4.134,19,esp32_edge_simulator_1,1,mqtt_bruteforce
00:34:07.462,1146.4,gateway_repit,gateway_B,gatewayB,2,ESP32->RPi,decrypt,111,225,114,3.778,19,esp32_edge_simulator_2,1,mqtt_bruteforce
00:34:07.998,1146.9,gateway_repit,gateway_B,gatewayB,2,ESP32->RPi,decrypt,114,229,115,3.405,19,esp32_edge_normal_1,0,normal
00:34:08.048,1147.0,gateway_repit,gateway_B,gatewayB,2,ESP32->RPi,decrypt,104,217,113,3.614,19,esp32_edge_simulator_1,1,mqtt_bruteforce
00:34:12.536,1151.5,gateway_repit,gateway_B,gatewayB,2,ESP32->RPi,decrypt,108,221,113,1.37,19,esp32_edge_simulator_2,2,scan_A
00:34:13.086,1152.0,gateway_repit,gateway_B,gatewayB,2,ESP32->RPi,decrypt,117,233,116,1.517,19,esp32_edge_normal_1,0,normal
00:34:13.088,1152.0,gateway_repit,gateway_B,gatewayB,2,ESP32->RPi,decrypt,121,241,120,1.585,19,esp32_edge_simulator_1,0,normal
00:34:17.449,1156.4,gateway_repit,gateway_B,gatewayB,2,ESP32->RPi,decrypt,81,185,104,1.151,19,esp32_edge_simulator_2,2,scan_A
00:34:17.998,1156.9,gateway_repit,gateway_B,gatewayB,2,ESP32->RPi,decrypt,119,237,118,1.44,19,esp32_edge_normal_1,0,normal
00:34:18.000,1156.9,gateway_repit,gateway_B,gatewayB,2,ESP32->RPi,decrypt,111,225,114,1.339,19,esp32_edge_simulator_1,1,mqtt_bruteforce
00:34:22.456,1161.4,gateway_repit,gateway_B,gatewayB,2,ESP32->RPi,decrypt,120,237,117,4.364,19,esp32_edge_simulator_2,0,normal
00:34:23.000,1161.9,gateway_repit,gateway_B,gatewayB,2,ESP32->RPi,decrypt,121,241,120,4.31,19,esp32_edge_normal_1,0,normal
00:34:23.009,1161.9,gateway_repit,gateway_B,gatewayB,2,ESP32->RPi,decrypt,116,233,117,3.882,19,esp32_edge_simulator_1,1,mqtt_bruteforce
00:34:27.450,1166.4,gateway_repit,gateway_B,gatewayB,2,ESP32->RPi,decrypt,81,185,104,2.587,19,esp32_edge_simulator_2,2,scan_A
00:34:27.999,1166.9,gateway_repit,gateway_B,gatewayB,2,ESP32->RPi,decrypt,117,233,116,3.925,19,esp32_edge_normal_1,0,normal
00:34:28.009,1166.9,gateway_repit,gateway_B,gatewayB,2,ESP32->RPi,decrypt,111,225,114,3.681,19,esp32_edge_simulator_1,1,mqtt_bruteforce
00:34:32.448,1171.4,gateway_repit,gateway_B,gatewayB,2,ESP32->RPi,decrypt,105,217,112,1.299,19,esp32_edge_simulator_2,2,scan_A
00:34:33.000,1171.9,gateway_repit,gateway_B,gatewayB,2,ESP32->RPi,decrypt,81,185,104,1.059,19,esp32_edge_simulator_1,2,scan_A
00:34:34.174,1173.1,gateway_repit,gateway_B,gatewayB,2,RPi->PC,encrypt,3662,4966,1304,35.738,19,,,
00:34:34.483,1173.4,gateway_repit,gateway_B,gatewayB,2,PC->RPi,decrypt,3553,4822,1269,31.204,19,,,
00:34:34.523,1173.4,gateway_repit,gateway_B,gatewayB,2,RPi->ESP32,encrypt,3553,4822,1269,33.53,20,,,
00:34:34.544,1173.5,gateway_repit,gateway_B,gatewayB,2,ESP32->RPi,decrypt,121,241,120,1.53,20,esp32_edge_normal_1,0,normal
00:34:46.979,1185.9,gateway_repit,gateway_B,gatewayB,2,ESP32->RPi,decrypt,124,245,121,4.553,20,esp32_edge_simulator_2,0,normal
00:34:46.985,1185.9,gateway_repit,gateway_B,gatewayB,2,ESP32->RPi,decrypt,117,233,116,4.099,20,esp32_edge_simulator_1,0,normal
00:34:46.990,1185.9,gateway_repit,gateway_B,gatewayB,2,ESP32->RPi,decrypt,112,229,117,4.113,20,esp32_edge_normal_1,0,normal
00:34:51.976,1190.9,gateway_repit,gateway_B,gatewayB,2,ESP32->RPi,decrypt,120,237,117,1.537,20,esp32_edge_simulator_2,0,normal
00:34:51.983,1190.9,gateway_repit,gateway_B,gatewayB,2,ESP32->RPi,decrypt,120,237,117,1.468,20,esp32_edge_normal_1,0,normal
00:34:51.991,1190.9,gateway_repit,gateway_B,gatewayB,2,ESP32->RPi,decrypt,113,229,116,1.454,20,esp32_edge_simulator_1,1,mqtt_bruteforce
00:34:56.974,1195.9,gateway_repit,gateway_B,gatewayB,2,ESP32->RPi,decrypt,108,221,113,1.333,20,esp32_edge_simulator_2,2,scan_A
00:34:56.978,1195.9,gateway_repit,gateway_B,gatewayB,2,ESP32->RPi,decrypt,108,221,113,1.303,20,esp32_edge_simulator_1,2,scan_A
00:34:56.982,1195.9,gateway_repit,gateway_B,gatewayB,2,ESP32->RPi,decrypt,115,233,118,1.397,20,esp32_edge_normal_1,0,normal
00:35:01.976,1200.9,gateway_repit,gateway_B,gatewayB,2,ESP32->RPi,decrypt,107,221,114,1.416,20,esp32_edge_simulator_2,2,scan_A
00:35:01.978,1200.9,gateway_repit,gateway_B,gatewayB,2,ESP32->RPi,decrypt,106,221,115,1.217,20,esp32_edge_simulator_1,1,mqtt_bruteforce
00:35:01.981,1200.9,gateway_repit,gateway_B,gatewayB,2,ESP32->RPi,decrypt,119,237,118,1.271,20,esp32_edge_normal_1,0,normal
00:35:06.981,1205.9,gateway_repit,gateway_B,gatewayB,2,ESP32->RPi,decrypt,107,221,114,3.698,20,esp32_edge_simulator_2,2,scan_A
00:35:06.987,1205.9,gateway_repit,gateway_B,gatewayB,2,ESP32->RPi,decrypt,124,245,121,4.222,20,esp32_edge_simulator_1,0,normal
00:35:07.005,1205.9,gateway_repit,gateway_B,gatewayB,2,ESP32->RPi,decrypt,113,229,116,3.726,20,esp32_edge_normal_1,0,normal
00:35:12.000,1210.9,gateway_repit,gateway_B,gatewayB,2,ESP32->RPi,decrypt,120,237,117,1.515,20,esp32_edge_simulator_2,0,normal
00:35:12.003,1210.9,gateway_repit,gateway_B,gatewayB,2,ESP32->RPi,decrypt,114,229,115,1.391,20,esp32_edge_normal_1,0,normal
00:35:12.004,1210.9,gateway_repit,gateway_B,gatewayB,2,ESP32->RPi,decrypt,112,229,117,1.287,20,esp32_edge_simulator_1,1,mqtt_bruteforce
00:35:16.974,1215.9,gateway_repit,gateway_B,gatewayB,2,ESP32->RPi,decrypt,110,225,115,1.243,20,esp32_edge_simulator_2,1,mqtt_bruteforce
00:35:16.981,1215.9,gateway_repit,gateway_B,gatewayB,2,ESP32->RPi,decrypt,117,233,116,1.39,20,esp32_edge_simulator_1,0,normal
00:35:16.983,1215.9,gateway_repit,gateway_B,gatewayB,2,ESP32->RPi,decrypt,119,237,118,1.387,20,esp32_edge_normal_1,0,normal
00:35:21.978,1220.9,gateway_repit,gateway_B,gatewayB,2,ESP32->RPi,decrypt,112,229,117,4.193,20,esp32_edge_simulator_2,1,mqtt_bruteforce
00:35:21.985,1220.9,gateway_repit,gateway_B,gatewayB,2,ESP32->RPi,decrypt,123,241,118,4.328,20,esp32_edge_simulator_1,0,normal
00:35:21.990,1220.9,gateway_repit,gateway_B,gatewayB,2,ESP32->RPi,decrypt,115,233,118,4.171,20,esp32_edge_normal_1,0,normal
00:35:26.987,1225.9,gateway_repit,gateway_B,gatewayB,2,ESP32->RPi,decrypt,105,217,112,1.403,20,esp32_edge_simulator_1,2,scan_A
00:35:26.990,1225.9,gateway_repit,gateway_B,gatewayB,2,ESP32->RPi,decrypt,117,233,116,1.402,20,esp32_edge_normal_1,0,normal
00:35:27.003,1225.9,gateway_repit,gateway_B,gatewayB,2,ESP32->RPi,decrypt,109,225,116,1.339,20,esp32_edge_simulator_2,1,mqtt_bruteforce
00:35:31.977,1230.9,gateway_repit,gateway_B,gatewayB,2,ESP32->RPi,decrypt,112,229,117,4.212,20,esp32_edge_simulator_2,1,mqtt_bruteforce
00:35:31.985,1230.9,gateway_repit,gateway_B,gatewayB,2,ESP32->RPi,decrypt,81,185,104,3.365,20,esp32_edge_simulator_1,2,scan_A
00:35:32.940,1231.9,gateway_repit,gateway_B,gatewayB,2,RPi->PC,encrypt,3644,4942,1298,35.303,20,,,
00:35:33.245,1232.2,gateway_repit,gateway_B,gatewayB,2,PC->RPi,decrypt,3554,4822,1268,34.035,20,,,
00:35:33.286,1232.2,gateway_repit,gateway_B,gatewayB,2,RPi->ESP32,encrypt,3554,4822,1268,34.072,21,,,
00:35:33.299,1232.2,gateway_repit,gateway_B,gatewayB,2,ESP32->RPi,decrypt,111,225,114,1.391,21,esp32_edge_normal_1,0,normal
00:35:45.222,1244.1,gateway_repit,gateway_B,gatewayB,2,ESP32->RPi,decrypt,104,217,113,4.187,21,esp32_edge_simulator_2,2,scan_A
00:35:45.269,1244.2,gateway_repit,gateway_B,gatewayB,2,ESP32->RPi,decrypt,115,233,118,4.068,21,esp32_edge_normal_1,0,normal
00:35:45.770,1244.7,gateway_repit,gateway_B,gatewayB,2,ESP32->RPi,decrypt,119,237,118,4.065,21,esp32_edge_simulator_1,0,normal
00:35:50.223,1249.1,gateway_repit,gateway_B,gatewayB,2,ESP32->RPi,decrypt,113,229,116,1.41,21,esp32_edge_simulator_2,1,mqtt_bruteforce
00:35:50.267,1249.2,gateway_repit,gateway_B,gatewayB,2,ESP32->RPi,decrypt,118,237,119,1.429,21,esp32_edge_normal_1,0,normal
00:35:50.767,1249.7,gateway_repit,gateway_B,gatewayB,2,ESP32->RPi,decrypt,117,233,116,1.457,21,esp32_edge_simulator_1,0,normal
00:35:55.232,1254.1,gateway_repit,gateway_B,gatewayB,2,ESP32->RPi,decrypt,122,241,119,4.43,21,esp32_edge_simulator_2,0,normal
00:35:55.270,1254.2,gateway_repit,gateway_B,gatewayB,2,ESP32->RPi,decrypt,116,233,117,4.286,21,esp32_edge_normal_1,0,normal
00:35:55.772,1254.7,gateway_repit,gateway_B,gatewayB,2,ESP32->RPi,decrypt,124,245,121,3.76,21,esp32_edge_simulator_1,0,normal
00:36:00.224,1259.1,gateway_repit,gateway_B,gatewayB,2,ESP32->RPi,decrypt,121,241,120,4.297,21,esp32_edge_simulator_2,0,normal
00:36:00.267,1259.2,gateway_repit,gateway_B,gatewayB,2,ESP32->RPi,decrypt,116,233,117,3.374,21,esp32_edge_normal_1,0,normal
00:36:00.771,1259.7,gateway_repit,gateway_B,gatewayB,2,ESP32->RPi,decrypt,121,241,120,4.038,21,esp32_edge_simulator_1,0,normal
00:36:05.222,1264.1,gateway_repit,gateway_B,gatewayB,2,ESP32->RPi,decrypt,107,221,114,3.984,21,esp32_edge_simulator_2,2,scan_A
00:36:05.270,1264.2,gateway_repit,gateway_B,gatewayB,2,ESP32->RPi,decrypt,112,229,117,4.234,21,esp32_edge_normal_1,0,normal
00:36:05.778,1264.7,gateway_repit,gateway_B,gatewayB,2,ESP32->RPi,decrypt,111,225,114,3.655,21,esp32_edge_simulator_1,1,mqtt_bruteforce
00:36:10.218,1269.1,gateway_repit,gateway_B,gatewayB,2,ESP32->RPi,decrypt,108,221,113,1.405,21,esp32_edge_simulator_2,2,scan_A
00:36:10.267,1269.2,gateway_repit,gateway_B,gatewayB,2,ESP32->RPi,decrypt,121,241,120,1.685,21,esp32_edge_normal_1,0,normal
00:36:10.768,1269.7,gateway_repit,gateway_B,gatewayB,2,ESP32->RPi,decrypt,118,237,119,1.544,21,esp32_edge_simulator_1,0,normal
00:36:15.268,1274.2,gateway_repit,gateway_B,gatewayB,2,ESP32->RPi,decrypt,117,233,116,4.329,21,esp32_edge_simulator_2,0,normal
00:36:15.274,1274.2,gateway_repit,gateway_B,gatewayB,2,ESP32->RPi,decrypt,114,229,115,4.011,21,esp32_edge_normal_1,0,normal
00:36:15.764,1274.7,gateway_repit,gateway_B,gatewayB,2,ESP32->RPi,decrypt,105,217,112,1.29,21,esp32_edge_simulator_1,2,scan_A
00:36:20.228,1279.1,gateway_repit,gateway_B,gatewayB,2,ESP32->RPi,decrypt,124,245,121,1.412,21,esp32_edge_simulator_2,0,normal
00:36:20.266,1279.2,gateway_repit,gateway_B,gatewayB,2,ESP32->RPi,decrypt,117,233,116,1.479,21,esp32_edge_normal_1,0,normal
00:36:20.789,1279.7,gateway_repit,gateway_B,gatewayB,2,ESP32->RPi,decrypt,113,229,116,4.202,21,esp32_edge_simulator_1,1,mqtt_bruteforce
00:36:25.222,1284.1,gateway_repit,gateway_B,gatewayB,2,ESP32->RPi,decrypt,111,225,114,3.965,21,esp32_edge_simulator_2,1,mqtt_bruteforce
00:36:25.270,1284.2,gateway_repit,gateway_B,gatewayB,2,ESP32->RPi,decrypt,120,237,117,4.515,21,esp32_edge_normal_1,0,normal
00:36:25.771,1284.7,gateway_repit,gateway_B,gatewayB,2,ESP32->RPi,decrypt,122,241,119,4.311,21,esp32_edge_simulator_1,0,normal
00:36:30.255,1289.2,gateway_repit,gateway_B,gatewayB,2,ESP32->RPi,decrypt,112,229,117,4.157,21,esp32_edge_simulator_2,1,mqtt_bruteforce
00:36:30.267,1289.2,gateway_repit,gateway_B,gatewayB,2,ESP32->RPi,decrypt,117,233,116,3.906,21,esp32_edge_normal_1,0,normal
00:36:31.283,1290.2,gateway_repit,gateway_B,gatewayB,2,RPi->PC,encrypt,3656,4958,1302,36.585,21,,,
00:36:36.303,1295.2,gateway_repit,gateway_B,gatewayB,2,ESP32->RPi,decrypt,122,241,119,3.645,21,esp32_edge_simulator_1,0,normal
00:36:36.307,1295.2,gateway_repit,gateway_B,gatewayB,2,ESP32->RPi,decrypt,107,221,114,3.194,21,esp32_edge_simulator_2,2,scan_A
00:36:36.312,1295.2,gateway_repit,gateway_B,gatewayB,2,ESP32->RPi,decrypt,121,241,120,3.602,21,esp32_edge_normal_1,0,normal
00:36:36.317,1295.2,gateway_repit,gateway_B,gatewayB,2,ESP32->RPi,decrypt,110,225,115,3.082,21,esp32_edge_simulator_1,0,normal
00:36:40.225,1299.1,gateway_repit,gateway_B,gatewayB,2,ESP32->RPi,decrypt,123,241,118,4.189,21,esp32_edge_simulator_2,0,normal
00:36:40.271,1299.2,gateway_repit,gateway_B,gatewayB,2,ESP32->RPi,decrypt,119,237,118,4.218,21,esp32_edge_normal_1,0,normal
00:36:40.766,1299.7,gateway_repit,gateway_B,gatewayB,2,ESP32->RPi,decrypt,108,221,113,3.51,21,esp32_edge_simulator_1,2,scan_A
00:36:45.220,1304.1,gateway_repit,gateway_B,gatewayB,2,ESP32->RPi,decrypt,110,225,115,3.568,21,esp32_edge_simulator_2,1,mqtt_bruteforce
00:36:45.267,1304.2,gateway_repit,gateway_B,gatewayB,2,ESP32->RPi,decrypt,116,233,117,4.089,21,esp32_edge_normal_1,0,normal
00:36:45.765,1304.7,gateway_repit,gateway_B,gatewayB,2,ESP32->RPi,decrypt,81,185,104,2.849,21,esp32_edge_simulator_1,2,scan_A
00:36:50.222,1309.1,gateway_repit,gateway_B,gatewayB,2,ESP32->RPi,decrypt,117,233,116,1.332,21,esp32_edge_simulator_2,0,normal
00:36:50.265,1309.2,gateway_repit,gateway_B,gatewayB,2,ESP32->RPi,decrypt,116,233,117,1.299,21,esp32_edge_normal_1,0,normal
00:36:50.767,1309.7,gateway_repit,gateway_B,gatewayB,2,ESP32->RPi,decrypt,124,245,121,1.458,21,esp32_edge_simulator_1,0,normal
00:36:55.236,1314.2,gateway_repit,gateway_B,gatewayB,2,ESP32->RPi,decrypt,114,229,115,4.139,21,esp32_edge_simulator_2,1,mqtt_bruteforce
00:36:55.269,1314.2,gateway_repit,gateway_B,gatewayB,2,ESP32->RPi,decrypt,114,229,115,4.34,21,esp32_edge_normal_1,0,normal
00:36:55.776,1314.7,gateway_repit,gateway_B,gatewayB,2,ESP32->RPi,decrypt,109,225,116,3.438,21,esp32_edge_simulator_1,1,mqtt_bruteforce
00:37:00.230,1319.1,gateway_repit,gateway_B,gatewayB,2,ESP32->RPi,decrypt,108,221,113,3.952,21,esp32_edge_simulator_2,1,mqtt_bruteforce
00:37:00.269,1319.2,gateway_repit,gateway_B,gatewayB,2,ESP32->RPi,decrypt,119,237,118,3.913,21,esp32_edge_normal_1,0,normal
00:37:00.764,1319.7,gateway_repit,gateway_B,gatewayB,2,ESP32->RPi,decrypt,81,185,104,2.342,21,esp32_edge_simulator_1,2,scan_A
00:37:05.231,1324.1,gateway_repit,gateway_B,gatewayB,2,ESP32->RPi,decrypt,122,241,119,3.506,21,esp32_edge_simulator_2,0,normal
00:37:05.272,1324.2,gateway_repit,gateway_B,gatewayB,2,ESP32->RPi,decrypt,121,241,120,3.764,21,esp32_edge_normal_1,0,normal
00:37:05.771,1324.7,gateway_repit,gateway_B,gatewayB,2,ESP32->RPi,decrypt,123,241,118,3.543,21,esp32_edge_simulator_1,0,normal
00:37:10.230,1329.1,gateway_repit,gateway_B,gatewayB,2,ESP32->RPi,decrypt,110,225,115,3.8,21,esp32_edge_simulator_2,1,mqtt_bruteforce
00:37:10.269,1329.2,gateway_repit,gateway_B,gatewayB,2,ESP32->RPi,decrypt,118,237,119,4.055,21,esp32_edge_normal_1,0,normal
00:37:10.769,1329.7,gateway_repit,gateway_B,gatewayB,2,ESP32->RPi,decrypt,123,241,118,3.815,21,esp32_edge_simulator_1,0,normal
00:37:15.264,1334.2,gateway_repit,gateway_B,gatewayB,2,ESP32->RPi,decrypt,116,233,117,4.23,21,esp32_edge_simulator_2,0,normal
00:37:15.270,1334.2,gateway_repit,gateway_B,gatewayB,2,ESP32->RPi,decrypt,121,241,120,4.385,21,esp32_edge_normal_1,0,normal
00:37:15.775,1334.7,gateway_repit,gateway_B,gatewayB,2,ESP32->RPi,decrypt,123,241,118,1.487,21,esp32_edge_simulator_1,0,normal
00:37:20.224,1339.1,gateway_repit,gateway_B,gatewayB,2,ESP32->RPi,decrypt,119,237,118,1.316,21,esp32_edge_simulator_2,0,normal
00:37:20.265,1339.2,gateway_repit,gateway_B,gatewayB,2,ESP32->RPi,decrypt,117,233,116,1.415,21,esp32_edge_normal_1,0,normal
00:37:21.258,1340.2,gateway_repit,gateway_B,gatewayB,2,RPi->PC,encrypt,3635,4930,1295,35.039,21,,,
00:37:24.281,1343.2,gateway_repit,gateway_B,gatewayB,2,ESP32->RPi,decrypt,107,221,114,1.278,21,esp32_edge_simulator_1,2,scan_A
00:37:25.219,1344.1,gateway_repit,gateway_B,gatewayB,2,ESP32->RPi,decrypt,122,241,119,1.424,21,esp32_edge_simulator_2,0,normal
00:37:25.265,1344.2,gateway_repit,gateway_B,gatewayB,2,ESP32->RPi,decrypt,113,229,116,1.306,21,esp32_edge_normal_1,0,normal
00:37:25.770,1344.7,gateway_repit,gateway_B,gatewayB,2,ESP32->RPi,decrypt,120,237,117,3.465,21,esp32_edge_simulator_1,0,normal
00:37:30.223,1349.1,gateway_repit,gateway_B,gatewayB,2,ESP32->RPi,decrypt,120,237,117,4.253,21,esp32_edge_simulator_2,0,normal
00:37:30.270,1349.2,gateway_repit,gateway_B,gatewayB,2,ESP32->RPi,decrypt,116,233,117,4.269,21,esp32_edge_normal_1,0,normal
00:37:30.768,1349.7,gateway_repit,gateway_B,gatewayB,2,ESP32->RPi,decrypt,106,221,115,3.316,21,esp32_edge_simulator_1,2,scan_A
00:37:35.276,1354.2,gateway_repit,gateway_B,gatewayB,2,ESP32->RPi,decrypt,109,225,116,4.448,21,esp32_edge_simulator_2,1,mqtt_bruteforce
00:37:35.282,1354.2,gateway_repit,gateway_B,gatewayB,2,ESP32->RPi,decrypt,121,241,120,4.319,21,esp32_edge_normal_1,0,normal
00:37:35.772,1354.7,gateway_repit,gateway_B,gatewayB,2,ESP32->RPi,decrypt,116,233,117,1.319,21,esp32_edge_simulator_1,0,normal
00:37:40.214,1359.1,gateway_repit,gateway_B,gatewayB,2,ESP32->RPi,decrypt,81,185,104,1.03,21,esp32_edge_simulator_2,2,scan_A
00:37:40.261,1359.2,gateway_repit,gateway_B,gatewayB,2,ESP32->RPi,decrypt,114,229,115,1.338,21,esp32_edge_normal_1,0,normal
00:37:40.764,1359.7,gateway_repit,gateway_B,gatewayB,2,ESP32->RPi,decrypt,108,221,113,3.722,21,esp32_edge_simulator_1,2,scan_A
00:37:45.226,1364.1,gateway_repit,gateway_B,gatewayB,2,ESP32->RPi,decrypt,123,241,118,4.112,21,esp32_edge_simulator_2,0,normal
00:37:45.273,1364.2,gateway_repit,gateway_B,gatewayB,2,ESP32->RPi,decrypt,114,229,115,4.373,21,esp32_edge_normal_1,0,normal
00:37:45.767,1364.7,gateway_repit,gateway_B,gatewayB,2,ESP32->RPi,decrypt,116,233,117,4.399,21,esp32_edge_simulator_1,0,normal
00:37:50.226,1369.1,gateway_repit,gateway_B,gatewayB,2,ESP32->RPi,decrypt,113,229,116,1.5,21,esp32_edge_simulator_2,1,mqtt_bruteforce
00:37:50.265,1369.2,gateway_repit,gateway_B,gatewayB,2,ESP32->RPi,decrypt,114,229,115,1.52,21,esp32_edge_normal_1,0,normal
00:37:50.763,1369.7,gateway_repit,gateway_B,gatewayB,2,ESP32->RPi,decrypt,119,237,118,1.417,21,esp32_edge_simulator_1,0,normal
00:37:55.229,1374.1,gateway_repit,gateway_B,gatewayB,2,ESP32->RPi,decrypt,112,229,117,3.86,21,esp32_edge_simulator_2,1,mqtt_bruteforce
00:37:55.270,1374.2,gateway_repit,gateway_B,gatewayB,2,ESP32->RPi,decrypt,119,237,118,3.844,21,esp32_edge_normal_1,0,normal
00:37:55.764,1374.7,gateway_repit,gateway_B,gatewayB,2,ESP32->RPi,decrypt,109,225,116,3.468,21,esp32_edge_simulator_1,1,mqtt_bruteforce
00:38:00.218,1379.1,gateway_repit,gateway_B,gatewayB,2,ESP32->RPi,decrypt,101,213,112,3.537,21,esp32_edge_simulator_2,2,scan_A
00:38:00.266,1379.2,gateway_repit,gateway_B,gatewayB,2,ESP32->RPi,decrypt,116,233,117,4.406,21,esp32_edge_normal_1,0,normal
00:38:00.760,1379.7,gateway_repit,gateway_B,gatewayB,2,ESP32->RPi,decrypt,81,185,104,1.135,21,esp32_edge_simulator_1,2,scan_A
00:38:05.215,1384.1,gateway_repit,gateway_B,gatewayB,2,ESP32->RPi,decrypt,109,225,116,1.442,21,esp32_edge_simulator_2,1,mqtt_bruteforce
00:38:05.264,1384.2,gateway_repit,gateway_B,gatewayB,2,ESP32->RPi,decrypt,114,229,115,1.663,21,esp32_edge_normal_1,0,normal
00:38:05.764,1384.7,gateway_repit,gateway_B,gatewayB,2,ESP32->RPi,decrypt,108,221,113,3.72,21,esp32_edge_simulator_1,2,scan_A
00:38:10.236,1389.2,gateway_repit,gateway_B,gatewayB,2,ESP32->RPi,decrypt,113,229,116,4.391,21,esp32_edge_simulator_2,1,mqtt_bruteforce
00:38:10.283,1389.2,gateway_repit,gateway_B,gatewayB,2,ESP32->RPi,decrypt,119,237,118,3.12,21,esp32_edge_normal_1,0,normal
00:38:11.286,1390.2,gateway_repit,gateway_B,gatewayB,2,RPi->PC,encrypt,3640,4938,1298,35.601,21,,,
00:38:13.496,1392.4,gateway_repit,gateway_B,gatewayB,2,ESP32->RPi,decrypt,113,229,116,1.425,21,esp32_edge_simulator_1,1,mqtt_bruteforce
00:38:15.270,1394.2,gateway_repit,gateway_B,gatewayB,2,ESP32->RPi,decrypt,105,217,112,1.253,21,esp32_edge_simulator_2,2,scan_A
00:38:15.282,1394.2,gateway_repit,gateway_B,gatewayB,2,ESP32->RPi,decrypt,121,241,120,1.431,21,esp32_edge_normal_1,0,normal
00:38:15.764,1394.7,gateway_repit,gateway_B,gatewayB,2,ESP32->RPi,decrypt,121,241,120,2.313,21,esp32_edge_simulator_1,0,normal
00:38:20.248,1399.2,gateway_repit,gateway_B,gatewayB,2,ESP32->RPi,decrypt,120,237,117,4.816,21,esp32_edge_simulator_2,0,normal
00:38:20.274,1399.2,gateway_repit,gateway_B,gatewayB,2,ESP32->RPi,decrypt,116,233,117,4.712,21,esp32_edge_normal_1,0,normal
00:38:20.763,1399.7,gateway_repit,gateway_B,gatewayB,2,ESP32->RPi,decrypt,120,237,117,1.616,21,esp32_edge_simulator_1,0,normal
00:38:25.304,1404.2,gateway_repit,gateway_B,gatewayB,2,ESP32->RPi,decrypt,116,233,117,1.514,21,esp32_edge_normal_1,0,normal
00:38:25.775,1404.7,gateway_repit,gateway_B,gatewayB,2,ESP32->RPi,decrypt,105,217,112,4.015,21,esp32_edge_simulator_1,1,mqtt_bruteforce
00:38:26.481,1405.4,gateway_repit,gateway_B,gatewayB,2,ESP32->RPi,decrypt,108,221,113,3.687,21,esp32_edge_simulator_2,2,scan_A
00:38:30.229,1409.1,gateway_repit,gateway_B,gatewayB,2,ESP32->RPi,decrypt,116,233,117,3.985,21,esp32_edge_simulator_2,1,mqtt_bruteforce
00:38:30.265,1409.2,gateway_repit,gateway_B,gatewayB,2,ESP32->RPi,decrypt,119,237,118,4.199,21,esp32_edge_normal_1,0,normal
00:38:30.762,1409.7,gateway_repit,gateway_B,gatewayB,2,ESP32->RPi,decrypt,117,233,116,1.428,21,esp32_edge_simulator_1,0,normal
00:38:35.218,1414.1,gateway_repit,gateway_B,gatewayB,2,ESP32->RPi,decrypt,118,237,119,1.431,21,esp32_edge_simulator_2,0,normal
00:38:35.263,1414.2,gateway_repit,gateway_B,gatewayB,2,ESP32->RPi,decrypt,119,237,118,1.396,21,esp32_edge_normal_1,0,normal
00:38:35.765,1414.7,gateway_repit,gateway_B,gatewayB,2,ESP32->RPi,decrypt,120,237,117,4.414,21,esp32_edge_simulator_1,0,normal
00:38:40.216,1419.1,gateway_repit,gateway_B,gatewayB,2,ESP32->RPi,decrypt,81,185,104,3.303,21,esp32_edge_simulator_2,2,scan_A
00:38:40.265,1419.2,gateway_repit,gateway_B,gatewayB,2,ESP32->RPi,decrypt,114,229,115,4.152,21,esp32_edge_normal_1,0,normal
00:38:40.765,1419.7,gateway_repit,gateway_B,gatewayB,2,ESP32->RPi,decrypt,111,225,114,3.242,21,esp32_edge_simulator_1,0,normal
00:38:45.219,1424.1,gateway_repit,gateway_B,gatewayB,2,ESP32->RPi,decrypt,119,237,118,4.185,21,esp32_edge_simulator_2,0,normal
00:38:45.264,1424.2,gateway_repit,gateway_B,gatewayB,2,ESP32->RPi,decrypt,114,229,115,3.944,21,esp32_edge_normal_1,0,normal
00:38:45.765,1424.7,gateway_repit,gateway_B,gatewayB,2,ESP32->RPi,decrypt,122,241,119,1.49,21,esp32_edge_simulator_1,0,normal
00:38:50.214,1429.1,gateway_repit,gateway_B,gatewayB,2,ESP32->RPi,decrypt,107,221,114,1.342,21,esp32_edge_simulator_2,2,scan_A
00:38:50.263,1429.2,gateway_repit,gateway_B,gatewayB,2,ESP32->RPi,decrypt,120,237,117,1.804,21,esp32_edge_normal_1,0,normal
00:38:50.772,1429.7,gateway_repit,gateway_B,gatewayB,2,ESP32->RPi,decrypt,119,237,118,4.28,21,esp32_edge_simulator_1,0,normal
00:38:55.233,1434.2,gateway_repit,gateway_B,gatewayB,2,ESP32->RPi,decrypt,110,225,115,4.058,21,esp32_edge_simulator_2,1,mqtt_bruteforce
00:38:55.270,1434.2,gateway_repit,gateway_B,gatewayB,2,ESP32->RPi,decrypt,115,233,118,4.168,21,esp32_edge_normal_1,0,normal
00:38:55.768,1434.7,gateway_repit,gateway_B,gatewayB,2,ESP32->RPi,decrypt,110,225,115,3.332,21,esp32_edge_simulator_1,1,mqtt_bruteforce
00:39:00.269,1439.2,gateway_repit,gateway_B,gatewayB,2,ESP32->RPi,decrypt,112,229,117,3.904,21,esp32_edge_simulator_2,1,mqtt_bruteforce
00:39:00.275,1439.2,gateway_repit,gateway_B,gatewayB,2,ESP32->RPi,decrypt,121,241,120,3.936,21,esp32_edge_normal_1,0,normal
00:39:01.600,1440.5,gateway_repit,gateway_B,gatewayB,2,RPi->PC,encrypt,3631,4926,1295,37.868,21,,,
00:39:04.280,1443.2,gateway_repit,gateway_B,gatewayB,2,ESP32->RPi,decrypt,81,185,104,1.101,21,esp32_edge_simulator_1,2,scan_A
00:39:05.224,1444.1,gateway_repit,gateway_B,gatewayB,2,ESP32->RPi,decrypt,110,225,115,1.269,21,esp32_edge_simulator_2,1,mqtt_bruteforce
00:39:05.260,1444.2,gateway_repit,gateway_B,gatewayB,2,ESP32->RPi,decrypt,114,229,115,1.295,21,esp32_edge_normal_1,0,normal
00:39:05.765,1444.7,gateway_repit,gateway_B,gatewayB,2,ESP32->RPi,decrypt,123,241,118,4.149,21,esp32_edge_simulator_1,0,normal
00:39:10.232,1449.2,gateway_repit,gateway_B,gatewayB,2,ESP32->RPi,decrypt,113,229,116,4.171,21,esp32_edge_simulator_2,1,mqtt_bruteforce
00:39:10.265,1449.2,gateway_repit,gateway_B,gatewayB,2,ESP32->RPi,decrypt,118,237,119,4.254,21,esp32_edge_normal_1,0,normal
00:39:10.766,1449.7,gateway_repit,gateway_B,gatewayB,2,ESP32->RPi,decrypt,103,217,114,3.687,21,esp32_edge_simulator_1,2,scan_A
00:39:15.218,1454.1,gateway_repit,gateway_B,gatewayB,2,ESP32->RPi,decrypt,107,221,114,3.752,21,esp32_edge_simulator_2,2,scan_A
00:39:15.356,1454.3,gateway_repit,gateway_B,gatewayB,2,ESP32->RPi,decrypt,121,241,120,1.389,21,esp32_edge_normal_1,0,normal
00:39:15.758,1454.7,gateway_repit,gateway_B,gatewayB,2,ESP32->RPi,decrypt,107,221,114,1.285,21,esp32_edge_simulator_1,2,scan_A
00:39:20.247,1459.2,gateway_repit,gateway_B,gatewayB,2,ESP32->RPi,decrypt,111,225,114,1.233,21,esp32_edge_simulator_2,1,mqtt_bruteforce
00:39:20.263,1459.2,gateway_repit,gateway_B,gatewayB,2,ESP32->RPi,decrypt,120,237,117,1.446,21,esp32_edge_normal_1,0,normal
00:39:20.763,1459.7,gateway_repit,gateway_B,gatewayB,2,ESP32->RPi,decrypt,81,185,104,3.207,21,esp32_edge_simulator_1,2,scan_A
00:39:25.231,1464.1,gateway_repit,gateway_B,gatewayB,2,ESP32->RPi,decrypt,113,229,116,4.593,21,esp32_edge_simulator_2,1,mqtt_bruteforce
00:39:25.266,1464.2,gateway_repit,gateway_B,gatewayB,2,ESP32->RPi,decrypt,118,237,119,4.386,21,esp32_edge_normal_1,0,normal
00:39:25.780,1464.7,gateway_repit,gateway_B,gatewayB,2,ESP32->RPi,decrypt,106,221,115,3.709,21,esp32_edge_simulator_1,1,mqtt_bruteforce
00:39:30.217,1469.1,gateway_repit,gateway_B,gatewayB,2,ESP32->RPi,decrypt,104,217,113,4.438,21,esp32_edge_simulator_2,2,scan_A
00:39:30.263,1469.2,gateway_repit,gateway_B,gatewayB,2,ESP32->RPi,decrypt,116,233,117,4.655,21,esp32_edge_normal_1,0,normal
00:39:30.762,1469.7,gateway_repit,gateway_B,gatewayB,2,ESP32->RPi,decrypt,112,229,117,3.851,21,esp32_edge_simulator_1,1,mqtt_bruteforce
00:39:35.219,1474.1,gateway_repit,gateway_B,gatewayB,2,ESP32->RPi,decrypt,118,237,119,4.302,21,esp32_edge_simulator_2,0,normal
00:39:35.266,1474.2,gateway_repit,gateway_B,gatewayB,2,ESP32->RPi,decrypt,117,233,116,4.573,21,esp32_edge_normal_1,0,normal
00:39:35.765,1474.7,gateway_repit,gateway_B,gatewayB,2,ESP32->RPi,decrypt,124,245,121,3.949,21,esp32_edge_simulator_1,0,normal
00:39:40.216,1479.1,gateway_repit,gateway_B,gatewayB,2,ESP32->RPi,decrypt,113,229,116,4.322,21,esp32_edge_simulator_2,1,mqtt_bruteforce
00:39:40.266,1479.2,gateway_repit,gateway_B,gatewayB,2,ESP32->RPi,decrypt,121,241,120,4.906,21,esp32_edge_normal_1,0,normal
00:39:40.771,1479.7,gateway_repit,gateway_B,gatewayB,2,ESP32->RPi,decrypt,110,225,115,3.3,21,esp32_edge_simulator_1,1,mqtt_bruteforce
00:39:45.236,1484.2,gateway_repit,gateway_B,gatewayB,2,ESP32->RPi,decrypt,106,221,115,3.94,21,esp32_edge_simulator_2,2,scan_A
00:39:45.265,1484.2,gateway_repit,gateway_B,gatewayB,2,ESP32->RPi,decrypt,120,237,117,4.439,21,esp32_edge_normal_1,0,normal
00:39:45.763,1484.7,gateway_repit,gateway_B,gatewayB,2,ESP32->RPi,decrypt,98,209,111,3.871,21,esp32_edge_simulator_1,2,scan_A
00:39:50.213,1489.1,gateway_repit,gateway_B,gatewayB,2,ESP32->RPi,decrypt,112,229,117,1.425,21,esp32_edge_simulator_2,1,mqtt_bruteforce
00:39:50.262,1489.2,gateway_repit,gateway_B,gatewayB,2,ESP32->RPi,decrypt,121,241,120,1.698,21,esp32_edge_normal_1,0,normal
00:39:51.346,1490.3,gateway_repit,gateway_B,gatewayB,2,RPi->PC,encrypt,3635,4930,1295,34.971,21,,,
00:39:53.497,1492.4,gateway_repit,gateway_B,gatewayB,2,ESP32->RPi,decrypt,123,241,118,1.566,21,esp32_edge_simulator_1,0,normal
00:39:55.217,1494.1,gateway_repit,gateway_B,gatewayB,2,ESP32->RPi,decrypt,107,221,114,4.179,21,esp32_edge_simulator_2,2,scan_A
00:39:55.264,1494.2,gateway_repit,gateway_B,gatewayB,2,ESP32->RPi,decrypt,117,233,116,4.372,21,esp32_edge_normal_1,0,normal
00:39:55.763,1494.7,gateway_repit,gateway_B,gatewayB,2,ESP32->RPi,decrypt,114,229,115,4.287,21,esp32_edge_simulator_1,1,mqtt_bruteforce
00:40:00.216,1499.1,gateway_repit,gateway_B,gatewayB,2,ESP32->RPi,decrypt,81,185,104,3.39,21,esp32_edge_simulator_2,2,scan_A
00:40:00.263,1499.2,gateway_repit,gateway_B,gatewayB,2,ESP32->RPi,decrypt,116,233,117,4.28,21,esp32_edge_normal_1,0,normal
00:40:00.776,1499.7,gateway_repit,gateway_B,gatewayB,2,ESP32->RPi,decrypt,124,245,121,4.362,21,esp32_edge_simulator_1,0,normal
00:40:05.217,1504.1,gateway_repit,gateway_B,gatewayB,2,ESP32->RPi,decrypt,102,213,111,3.81,21,esp32_edge_simulator_2,2,scan_A
00:40:05.265,1504.2,gateway_repit,gateway_B,gatewayB,2,ESP32->RPi,decrypt,121,241,120,4.773,21,esp32_edge_normal_1,0,normal
00:40:05.762,1504.7,gateway_repit,gateway_B,gatewayB,2,ESP32->RPi,decrypt,81,185,104,3.089,21,esp32_edge_simulator_1,2,scan_A
00:40:10.217,1509.1,gateway_repit,gateway_B,gatewayB,2,ESP32->RPi,decrypt,81,185,104,3.066,21,esp32_edge_simulator_2,2,scan_A
00:40:10.264,1509.2,gateway_repit,gateway_B,gatewayB,2,ESP32->RPi,decrypt,115,233,118,4.009,21,esp32_edge_normal_1,0,normal
00:40:10.763,1509.7,gateway_repit,gateway_B,gatewayB,2,ESP32->RPi,decrypt,119,237,118,3.583,21,esp32_edge_simulator_1,0,normal
00:40:15.285,1514.2,gateway_repit,gateway_B,gatewayB,2,ESP32->RPi,decrypt,122,241,119,1.466,21,esp32_edge_simulator_2,0,normal
00:40:15.288,1514.2,gateway_repit,gateway_B,gatewayB,2,ESP32->RPi,decrypt,115,233,118,1.449,21,esp32_edge_normal_1,0,normal
00:40:15.771,1514.7,gateway_repit,gateway_B,gatewayB,2,ESP32->RPi,decrypt,110,225,115,1.449,21,esp32_edge_simulator_1,1,mqtt_bruteforce
00:40:20.216,1519.1,gateway_repit,gateway_B,gatewayB,2,ESP32->RPi,decrypt,110,225,115,3.791,21,esp32_edge_simulator_2,1,mqtt_bruteforce
00:40:20.264,1519.2,gateway_repit,gateway_B,gatewayB,2,ESP32->RPi,decrypt,114,229,115,4.263,21,esp32_edge_normal_1,0,normal
00:40:20.764,1519.7,gateway_repit,gateway_B,gatewayB,2,ESP32->RPi,decrypt,118,237,119,4.249,21,esp32_edge_simulator_1,0,normal
00:40:25.245,1524.2,gateway_repit,gateway_B,gatewayB,2,ESP32->RPi,decrypt,121,241,120,4.389,21,esp32_edge_simulator_2,0,normal
00:40:25.263,1524.2,gateway_repit,gateway_B,gatewayB,2,ESP32->RPi,decrypt,116,233,117,4.36,21,esp32_edge_normal_1,0,normal
00:40:25.766,1524.7,gateway_repit,gateway_B,gatewayB,2,ESP32->RPi,decrypt,117,233,116,4.452,21,esp32_edge_simulator_1,0,normal
00:40:30.222,1529.1,gateway_repit,gateway_B,gatewayB,2,ESP32->RPi,decrypt,118,237,119,4.451,21,esp32_edge_simulator_2,0,normal
00:40:30.266,1529.2,gateway_repit,gateway_B,gatewayB,2,ESP32->RPi,decrypt,114,229,115,4.246,21,esp32_edge_normal_1,0,normal
00:40:30.759,1529.7,gateway_repit,gateway_B,gatewayB,2,ESP32->RPi,decrypt,106,221,115,3.344,21,esp32_edge_simulator_1,2,scan_A
00:40:35.216,1534.1,gateway_repit,gateway_B,gatewayB,2,ESP32->RPi,decrypt,112,229,117,4.044,21,esp32_edge_simulator_2,1,mqtt_bruteforce
00:40:35.264,1534.2,gateway_repit,gateway_B,gatewayB,2,ESP32->RPi,decrypt,116,233,117,4.255,21,esp32_edge_normal_1,0,normal
00:40:35.762,1534.7,gateway_repit,gateway_B,gatewayB,2,ESP32->RPi,decrypt,117,233,116,3.723,21,esp32_edge_simulator_1,0,normal
00:40:40.217,1539.1,gateway_repit,gateway_B,gatewayB,2,ESP32->RPi,decrypt,117,233,116,4.112,21,esp32_edge_simulator_2,0,normal
00:40:40.261,1539.2,gateway_repit,gateway_B,gatewayB,2,ESP32->RPi,decrypt,118,237,119,4.168,21,esp32_edge_normal_1,0,normal
00:40:41.254,1540.2,gateway_repit,gateway_B,gatewayB,2,RPi->PC,encrypt,3651,4950,1299,37.32,21,,,
00:40:44.281,1543.2,gateway_repit,gateway_B,gatewayB,2,ESP32->RPi,decrypt,117,233,116,1.431,21,esp32_edge_simulator_1,0,normal
00:40:45.213,1544.1,gateway_repit,gateway_B,gatewayB,2,ESP32->RPi,decrypt,107,221,114,1.296,21,esp32_edge_simulator_2,2,scan_A
00:40:45.259,1544.2,gateway_repit,gateway_B,gatewayB,2,ESP32->RPi,decrypt,120,237,117,1.347,21,esp32_edge_normal_1,0,normal
00:40:45.769,1544.7,gateway_repit,gateway_B,gatewayB,2,ESP32->RPi,decrypt,109,225,116,3.684,21,esp32_edge_simulator_1,1,mqtt_bruteforce
00:40:50.220,1549.1,gateway_repit,gateway_B,gatewayB,2,ESP32->RPi,decrypt,109,225,116,3.739,21,esp32_edge_simulator_2,0,normal
00:40:50.263,1549.2,gateway_repit,gateway_B,gatewayB,2,ESP32->RPi,decrypt,116,233,117,4.135,21,esp32_edge_normal_1,0,normal
00:40:50.764,1549.7,gateway_repit,gateway_B,gatewayB,2,ESP32->RPi,decrypt,118,237,119,4.283,21,esp32_edge_simulator_1,0,normal
00:40:55.219,1554.1,gateway_repit,gateway_B,gatewayB,2,ESP32->RPi,decrypt,119,237,118,4.238,21,esp32_edge_simulator_2,0,normal
00:40:55.267,1554.2,gateway_repit,gateway_B,gatewayB,2,ESP32->RPi,decrypt,107,221,114,4.111,21,esp32_edge_normal_1,0,normal
00:40:55.761,1554.7,gateway_repit,gateway_B,gatewayB,2,ESP32->RPi,decrypt,107,221,114,3.455,21,esp32_edge_simulator_1,2,scan_A
00:41:00.220,1559.1,gateway_repit,gateway_B,gatewayB,2,ESP32->RPi,decrypt,102,213,111,3.761,21,esp32_edge_simulator_2,2,scan_A
00:41:00.264,1559.2,gateway_repit,gateway_B,gatewayB,2,ESP32->RPi,decrypt,114,229,115,4.384,21,esp32_edge_normal_1,0,normal
00:41:00.761,1559.7,gateway_repit,gateway_B,gatewayB,2,ESP32->RPi,decrypt,119,237,118,4.26,21,esp32_edge_simulator_1,0,normal
00:41:05.299,1564.2,gateway_repit,gateway_B,gatewayB,2,ESP32->RPi,decrypt,81,185,104,3.394,21,esp32_edge_simulator_2,2,scan_A
00:41:05.305,1564.2,gateway_repit,gateway_B,gatewayB,2,ESP32->RPi,decrypt,116,233,117,3.981,21,esp32_edge_normal_1,0,normal
00:41:05.760,1564.7,gateway_repit,gateway_B,gatewayB,2,ESP32->RPi,decrypt,107,221,114,3.756,21,esp32_edge_simulator_1,1,mqtt_bruteforce
00:41:10.218,1569.1,gateway_repit,gateway_B,gatewayB,2,ESP32->RPi,decrypt,123,241,118,4.344,21,esp32_edge_simulator_2,0,normal
00:41:10.262,1569.2,gateway_repit,gateway_B,gatewayB,2,ESP32->RPi,decrypt,116,233,117,4.143,21,esp32_edge_normal_1,0,normal
00:41:10.760,1569.7,gateway_repit,gateway_B,gatewayB,2,ESP32->RPi,decrypt,111,225,114,4.288,21,esp32_edge_simulator_1,1,mqtt_bruteforce
00:41:15.305,1574.2,gateway_repit,gateway_B,gatewayB,2,ESP32->RPi,decrypt,112,229,117,4.999,21,esp32_edge_simulator_2,1,mqtt_bruteforce
00:41:15.312,1574.2,gateway_repit,gateway_B,gatewayB,2,ESP32->RPi,decrypt,114,229,115,4.416,21,esp32_edge_normal_1,0,normal
00:41:15.759,1574.7,gateway_repit,gateway_B,gatewayB,2,ESP32->RPi,decrypt,121,241,120,1.554,21,esp32_edge_simulator_1,0,normal
00:41:20.213,1579.1,gateway_repit,gateway_B,gatewayB,2,ESP32->RPi,decrypt,107,221,114,1.321,21,esp32_edge_simulator_2,2,scan_A
00:41:20.258,1579.2,gateway_repit,gateway_B,gatewayB,2,ESP32->RPi,decrypt,117,233,116,1.406,21,esp32_edge_normal_1,0,normal
00:41:20.772,1579.7,gateway_repit,gateway_B,gatewayB,2,ESP32->RPi,decrypt,111,225,114,3.695,21,esp32_edge_simulator_1,1,mqtt_bruteforce
00:41:25.214,1584.1,gateway_repit,gateway_B,gatewayB,2,ESP32->RPi,decrypt,107,221,114,3.85,21,esp32_edge_simulator_2,2,scan_A
00:41:25.262,1584.2,gateway_repit,gateway_B,gatewayB,2,ESP32->RPi,decrypt,119,237,118,4.156,21,esp32_edge_normal_1,0,normal
00:41:25.764,1584.7,gateway_repit,gateway_B,gatewayB,2,ESP32->RPi,decrypt,106,221,115,3.404,21,esp32_edge_simulator_1,2,scan_A
00:41:30.213,1589.1,gateway_repit,gateway_B,gatewayB,2,ESP32->RPi,decrypt,123,241,118,1.507,21,esp32_edge_simulator_2,0,normal
00:41:30.262,1589.2,gateway_repit,gateway_B,gatewayB,2,ESP32->RPi,decrypt,116,233,117,1.706,21,esp32_edge_normal_1,0,normal
00:41:31.427,1590.3,gateway_repit,gateway_B,gatewayB,2,RPi->PC,encrypt,3646,4946,1300,35.937,21,,,
00:41:33.496,1592.4,gateway_repit,gateway_B,gatewayB,2,ESP32->RPi,decrypt,110,225,115,1.401,21,esp32_edge_simulator_1,1,mqtt_bruteforce
00:41:35.217,1594.1,gateway_repit,gateway_B,gatewayB,2,ESP32->RPi,decrypt,120,237,117,4.36,21,esp32_edge_simulator_2,0,normal
00:41:35.260,1594.2,gateway_repit,gateway_B,gatewayB,2,ESP32->RPi,decrypt,117,233,116,4.077,21,esp32_edge_normal_1,0,normal
00:41:35.760,1594.7,gateway_repit,gateway_B,gatewayB,2,ESP32->RPi,decrypt,81,185,104,3.323,21,esp32_edge_simulator_1,2,scan_A
00:41:40.221,1599.1,gateway_repit,gateway_B,gatewayB,2,ESP32->RPi,decrypt,120,237,117,4.216,21,esp32_edge_simulator_2,0,normal
00:41:40.268,1599.2,gateway_repit,gateway_B,gatewayB,2,ESP32->RPi,decrypt,117,233,116,4.508,21,esp32_edge_normal_1,0,normal
00:41:40.767,1599.7,gateway_repit,gateway_B,gatewayB,2,ESP32->RPi,decrypt,109,225,116,2.572,21,esp32_edge_simulator_1,1,mqtt_bruteforce
00:41:45.217,1604.1,gateway_repit,gateway_B,gatewayB,2,ESP32->RPi,decrypt,113,229,116,4.593,21,esp32_edge_simulator_2,1,mqtt_bruteforce
00:41:45.261,1604.2,gateway_repit,gateway_B,gatewayB,2,ESP32->RPi,decrypt,115,233,118,4.06,21,esp32_edge_normal_1,0,normal
00:41:45.757,1604.7,gateway_repit,gateway_B,gatewayB,2,ESP32->RPi,decrypt,108,221,113,3.421,21,esp32_edge_simulator_1,2,scan_A
00:41:50.214,1609.1,gateway_repit,gateway_B,gatewayB,2,ESP32->RPi,decrypt,107,221,114,3.708,21,esp32_edge_simulator_2,2,scan_A
00:41:50.263,1609.2,gateway_repit,gateway_B,gatewayB,2,ESP32->RPi,decrypt,118,237,119,4.182,21,esp32_edge_normal_1,0,normal
00:41:50.758,1609.7,gateway_repit,gateway_B,gatewayB,2,ESP32->RPi,decrypt,108,221,113,3.335,21,esp32_edge_simulator_1,2,scan_A
00:41:55.216,1614.1,gateway_repit,gateway_B,gatewayB,2,ESP32->RPi,decrypt,118,237,119,4.214,21,esp32_edge_simulator_2,0,normal
00:41:55.261,1614.2,gateway_repit,gateway_B,gatewayB,2,ESP32->RPi,decrypt,115,233,118,4.71,21,esp32_edge_normal_1,0,normal
00:41:55.768,1614.7,gateway_repit,gateway_B,gatewayB,2,ESP32->RPi,decrypt,113,229,116,3.717,21,esp32_edge_simulator_1,1,mqtt_bruteforce
00:42:00.231,1619.1,gateway_repit,gateway_B,gatewayB,2,ESP32->RPi,decrypt,107,221,114,4.051,21,esp32_edge_simulator_2,1,mqtt_bruteforce
00:42:00.260,1619.2,gateway_repit,gateway_B,gatewayB,2,ESP32->RPi,decrypt,107,221,114,4.005,21,esp32_edge_normal_1,0,normal
00:42:00.762,1619.7,gateway_repit,gateway_B,gatewayB,2,ESP32->RPi,decrypt,119,237,118,3.651,21,esp32_edge_simulator_1,0,normal
00:42:05.311,1624.2,gateway_repit,gateway_B,gatewayB,2,ESP32->RPi,decrypt,107,221,114,4.496,21,esp32_edge_simulator_2,2,scan_A
00:42:05.316,1624.2,gateway_repit,gateway_B,gatewayB,2,ESP32->RPi,decrypt,115,233,118,4.073,21,esp32_edge_normal_1,0,normal
00:42:05.765,1624.7,gateway_repit,gateway_B,gatewayB,2,ESP32->RPi,decrypt,108,221,113,3.335,21,esp32_edge_simulator_1,1,mqtt_bruteforce
00:42:10.213,1629.1,gateway_repit,gateway_B,gatewayB,2,ESP32->RPi,decrypt,113,229,116,4.319,21,esp32_edge_simulator_2,1,mqtt_bruteforce
00:42:10.264,1629.2,gateway_repit,gateway_B,gatewayB,2,ESP32->RPi,decrypt,118,237,119,5.237,21,esp32_edge_normal_1,0,normal
00:42:10.769,1629.7,gateway_repit,gateway_B,gatewayB,2,ESP32->RPi,decrypt,112,229,117,4.507,21,esp32_edge_simulator_1,1,mqtt_bruteforce
00:42:15.302,1634.2,gateway_repit,gateway_B,gatewayB,2,ESP32->RPi,decrypt,110,225,115,1.381,21,esp32_edge_simulator_2,1,mqtt_bruteforce
00:42:15.304,1634.2,gateway_repit,gateway_B,gatewayB,2,ESP32->RPi,decrypt,118,237,119,1.42,21,esp32_edge_normal_1,0,normal
00:42:15.754,1634.7,gateway_repit,gateway_B,gatewayB,2,ESP32->RPi,decrypt,113,229,116,1.316,21,esp32_edge_simulator_1,1,mqtt_bruteforce
00:42:20.216,1639.1,gateway_repit,gateway_B,gatewayB,2,ESP32->RPi,decrypt,124,245,121,4.172,21,esp32_edge_simulator_2,0,normal
00:42:20.262,1639.2,gateway_repit,gateway_B,gatewayB,2,ESP32->RPi,decrypt,115,233,118,4.445,21,esp32_edge_normal_1,0,normal
