timestamp,uptime_s,device_name,device_suffix,hostname,run_id,channel,operation,pt_bytes,enc_bytes,overhead_bytes,elapsed_ms,fl_round,client_id,sample_label,sample_label_name
12:36:09.880,0.8,gateway,gateway_B,gatewayB,11,ESP32->RPi,decrypt,113,229,116,1.538,0,esp32_edge_normal_3,0,normal
12:36:58.606,49.5,gateway,gateway_B,gatewayB,11,ESP32->RPi,decrypt,115,233,118,4.156,0,esp32_edge_normal_1,0,normal
12:36:58.927,49.8,gateway,gateway_B,gatewayB,11,ESP32->RPi,decrypt,119,237,118,4.078,0,esp32_edge_normal_2,0,normal
12:37:00.875,51.8,gateway,gateway_B,gatewayB,11,ESP32->RPi,decrypt,116,233,117,4.007,0,esp32_edge_normal_1,0,normal
12:37:03.926,54.8,gateway,gateway_B,gatewayB,11,ESP32->RPi,decrypt,114,229,115,3.962,0,esp32_edge_normal_2,0,normal
12:37:04.951,55.8,gateway,gateway_B,gatewayB,11,ESP32->RPi,decrypt,117,233,116,4.32,0,esp32_edge_normal_3,0,normal
12:37:05.848,56.7,gateway,gateway_B,gatewayB,11,ESP32->RPi,decrypt,108,221,113,3.847,0,esp32_edge_normal_1,0,normal
12:37:08.903,59.8,gateway,gateway_B,gatewayB,11,ESP32->RPi,decrypt,119,237,118,4.123,0,esp32_edge_normal_2,0,normal
12:37:09.945,60.8,gateway,gateway_B,gatewayB,11,ESP32->RPi,decrypt,116,233,117,3.999,0,esp32_edge_normal_3,0,normal
12:37:10.849,61.7,gateway,gateway_B,gatewayB,11,ESP32->RPi,decrypt,116,233,117,3.983,0,esp32_edge_normal_1,0,normal
12:37:13.902,64.8,gateway,gateway_B,gatewayB,11,ESP32->RPi,decrypt,121,241,120,4.065,0,esp32_edge_normal_2,0,normal
12:37:14.945,65.8,gateway,gateway_B,gatewayB,11,ESP32->RPi,decrypt,117,233,116,4.037,0,esp32_edge_normal_3,0,normal
12:37:15.848,66.7,gateway,gateway_B,gatewayB,11,ESP32->RPi,decrypt,117,233,116,3.91,0,esp32_edge_normal_1,0,normal
12:37:18.894,69.8,gateway,gateway_B,gatewayB,11,ESP32->RPi,decrypt,113,229,116,3.873,0,esp32_edge_normal_2,0,normal
12:37:19.948,70.8,gateway,gateway_B,gatewayB,11,ESP32->RPi,decrypt,120,237,117,4.122,0,esp32_edge_normal_3,0,normal
12:37:20.867,71.8,gateway,gateway_B,gatewayB,11,ESP32->RPi,decrypt,114,229,115,4.307,0,esp32_edge_normal_1,0,normal
12:37:23.908,74.8,gateway,gateway_B,gatewayB,11,ESP32->RPi,decrypt,118,237,119,4.593,0,esp32_edge_normal_2,0,normal
12:37:24.944,75.8,gateway,gateway_B,gatewayB,11,ESP32->RPi,decrypt,111,225,114,4.211,0,esp32_edge_normal_3,0,normal
12:37:25.858,76.8,gateway,gateway_B,gatewayB,11,ESP32->RPi,decrypt,120,237,117,4.449,0,esp32_edge_normal_1,0,normal
12:37:28.898,79.8,gateway,gateway_B,gatewayB,11,ESP32->RPi,decrypt,116,233,117,3.86,0,esp32_edge_normal_2,0,normal
12:37:29.946,80.8,gateway,gateway_B,gatewayB,11,ESP32->RPi,decrypt,116,233,117,3.92,0,esp32_edge_normal_3,0,normal
12:37:30.870,81.8,gateway,gateway_B,gatewayB,11,ESP32->RPi,decrypt,114,229,115,3.913,0,esp32_edge_normal_1,0,normal
12:37:33.900,84.8,gateway,gateway_B,gatewayB,11,ESP32->RPi,decrypt,115,233,118,3.971,0,esp32_edge_normal_2,0,normal
12:37:34.943,85.8,gateway,gateway_B,gatewayB,11,ESP32->RPi,decrypt,118,237,119,3.901,0,esp32_edge_normal_3,0,normal
12:37:35.857,86.8,gateway,gateway_B,gatewayB,11,ESP32->RPi,decrypt,119,237,118,3.946,0,esp32_edge_normal_1,0,normal
12:37:38.894,89.8,gateway,gateway_B,gatewayB,11,ESP32->RPi,decrypt,118,237,119,3.82,0,esp32_edge_normal_2,0,normal
12:37:39.947,90.8,gateway,gateway_B,gatewayB,11,ESP32->RPi,decrypt,120,237,117,4.088,0,esp32_edge_normal_3,0,normal
12:37:40.847,91.7,gateway,gateway_B,gatewayB,11,ESP32->RPi,decrypt,117,233,116,3.988,0,esp32_edge_normal_1,0,normal
12:37:43.900,94.8,gateway,gateway_B,gatewayB,11,ESP32->RPi,decrypt,106,221,115,3.738,0,esp32_edge_normal_2,0,normal
12:37:44.948,95.8,gateway,gateway_B,gatewayB,11,ESP32->RPi,decrypt,116,233,117,3.923,0,esp32_edge_normal_3,0,normal
12:37:52.011,102.9,gateway,gateway_B,gatewayB,11,RPi->PC,encrypt,3648,4946,1298,37.774,0,,,
12:37:52.156,103.1,gateway,gateway_B,gatewayB,11,PC->RPi,decrypt,3537,4798,1261,31.204,0,,,
12:37:52.198,103.1,gateway,gateway_B,gatewayB,11,RPi->ESP32,encrypt,3537,4798,1261,35.483,1,,,
12:37:52.313,103.2,gateway,gateway_B,gatewayB,11,ESP32->RPi,decrypt,119,237,118,1.522,1,esp32_edge_normal_1,0,normal
12:37:52.316,103.2,gateway,gateway_B,gatewayB,11,ESP32->RPi,decrypt,119,237,118,1.489,1,esp32_edge_normal_2,0,normal
12:37:52.318,103.2,gateway,gateway_B,gatewayB,11,ESP32->RPi,decrypt,112,229,117,1.353,1,esp32_edge_normal_3,0,normal
12:37:52.319,103.2,gateway,gateway_B,gatewayB,11,ESP32->RPi,decrypt,114,229,115,1.319,1,esp32_edge_normal_1,0,normal
12:38:04.228,115.1,gateway,gateway_B,gatewayB,11,ESP32->RPi,decrypt,114,229,115,4.3,1,esp32_edge_normal_2,0,normal
12:38:04.259,115.2,gateway,gateway_B,gatewayB,11,ESP32->RPi,decrypt,115,233,118,4.467,1,esp32_edge_normal_1,0,normal
12:38:04.729,115.6,gateway,gateway_B,gatewayB,11,ESP32->RPi,decrypt,118,237,119,1.502,1,esp32_edge_normal_3,0,normal
12:38:09.208,120.1,gateway,gateway_B,gatewayB,11,ESP32->RPi,decrypt,118,237,119,1.457,1,esp32_edge_normal_2,0,normal
12:38:09.239,120.1,gateway,gateway_B,gatewayB,11,ESP32->RPi,decrypt,117,233,116,1.464,1,esp32_edge_normal_1,0,normal
12:38:09.732,120.6,gateway,gateway_B,gatewayB,11,ESP32->RPi,decrypt,118,237,119,4.325,1,esp32_edge_normal_3,0,normal
12:38:14.218,125.1,gateway,gateway_B,gatewayB,11,ESP32->RPi,decrypt,114,229,115,3.888,1,esp32_edge_normal_2,0,normal
12:38:14.236,125.1,gateway,gateway_B,gatewayB,11,ESP32->RPi,decrypt,117,233,116,3.974,1,esp32_edge_normal_1,0,normal
12:38:14.733,125.6,gateway,gateway_B,gatewayB,11,ESP32->RPi,decrypt,121,241,120,4.442,1,esp32_edge_normal_3,0,normal
12:38:19.205,130.1,gateway,gateway_B,gatewayB,11,ESP32->RPi,decrypt,118,237,119,4.392,1,esp32_edge_normal_2,0,normal
12:38:19.239,130.1,gateway,gateway_B,gatewayB,11,ESP32->RPi,decrypt,114,229,115,3.982,1,esp32_edge_normal_1,0,normal
12:38:19.728,130.6,gateway,gateway_B,gatewayB,11,ESP32->RPi,decrypt,121,241,120,1.46,1,esp32_edge_normal_3,0,normal
12:38:24.215,135.1,gateway,gateway_B,gatewayB,11,ESP32->RPi,decrypt,118,237,119,1.282,1,esp32_edge_normal_2,0,normal
12:38:24.240,135.1,gateway,gateway_B,gatewayB,11,ESP32->RPi,decrypt,121,241,120,1.394,1,esp32_edge_normal_1,0,normal
12:38:24.735,135.6,gateway,gateway_B,gatewayB,11,ESP32->RPi,decrypt,120,237,117,4.328,1,esp32_edge_normal_3,0,normal
12:38:29.215,140.1,gateway,gateway_B,gatewayB,11,ESP32->RPi,decrypt,115,233,118,4.254,1,esp32_edge_normal_2,0,normal
12:38:29.231,140.1,gateway,gateway_B,gatewayB,11,ESP32->RPi,decrypt,118,237,119,4.253,1,esp32_edge_normal_1,0,normal
12:38:29.733,140.6,gateway,gateway_B,gatewayB,11,ESP32->RPi,decrypt,114,229,115,4.086,1,esp32_edge_normal_3,0,normal
12:38:34.201,145.1,gateway,gateway_B,gatewayB,11,ESP32->RPi,decrypt,118,237,119,4.092,1,esp32_edge_normal_2,0,normal
12:38:34.245,145.1,gateway,gateway_B,gatewayB,11,ESP32->RPi,decrypt,110,225,115,3.296,1,esp32_edge_normal_1,0,normal
12:38:34.731,145.6,gateway,gateway_B,gatewayB,11,ESP32->RPi,decrypt,117,233,116,4.193,1,esp32_edge_normal_3,0,normal
12:38:39.197,150.1,gateway,gateway_B,gatewayB,11,ESP32->RPi,decrypt,117,233,116,4.194,1,esp32_edge_normal_2,0,normal
12:38:39.270,150.2,gateway,gateway_B,gatewayB,11,ESP32->RPi,decrypt,118,237,119,2.681,1,esp32_edge_normal_1,0,normal
12:38:39.737,150.6,gateway,gateway_B,gatewayB,11,ESP32->RPi,decrypt,117,233,116,3.955,1,esp32_edge_normal_3,0,normal
12:38:44.202,155.1,gateway,gateway_B,gatewayB,11,ESP32->RPi,decrypt,117,233,116,3.978,1,esp32_edge_normal_2,0,normal
12:38:44.232,155.1,gateway,gateway_B,gatewayB,11,ESP32->RPi,decrypt,116,233,117,3.897,1,esp32_edge_normal_1,0,normal
12:38:45.190,156.1,gateway,gateway_B,gatewayB,11,RPi->PC,encrypt,3642,4938,1296,31.459,1,,,
12:38:45.310,156.2,gateway,gateway_B,gatewayB,11,PC->RPi,decrypt,3541,4806,1265,32.949,1,,,
12:38:45.350,156.2,gateway,gateway_B,gatewayB,11,RPi->ESP32,encrypt,3541,4806,1265,33.109,2,,,
12:38:45.485,156.4,gateway,gateway_B,gatewayB,11,ESP32->RPi,decrypt,120,237,117,1.718,2,esp32_edge_normal_3,0,normal
12:38:57.385,168.3,gateway,gateway_B,gatewayB,11,ESP32->RPi,decrypt,116,233,117,3.946,2,esp32_edge_normal_3,0,normal
12:38:57.893,168.8,gateway,gateway_B,gatewayB,11,ESP32->RPi,decrypt,115,233,118,4.051,2,esp32_edge_normal_2,0,normal
12:38:57.917,168.8,gateway,gateway_B,gatewayB,11,ESP32->RPi,decrypt,117,233,116,4.244,2,esp32_edge_normal_1,0,normal
12:39:02.379,173.3,gateway,gateway_B,gatewayB,11,ESP32->RPi,decrypt,119,237,118,1.507,2,esp32_edge_normal_3,0,normal
12:39:02.899,173.8,gateway,gateway_B,gatewayB,11,ESP32->RPi,decrypt,117,233,116,1.562,2,esp32_edge_normal_2,0,normal
12:39:02.901,173.8,gateway,gateway_B,gatewayB,11,ESP32->RPi,decrypt,119,237,118,1.519,2,esp32_edge_normal_1,0,normal
12:39:07.378,178.3,gateway,gateway_B,gatewayB,11,ESP32->RPi,decrypt,117,233,116,4.388,2,esp32_edge_normal_3,0,normal
12:39:07.892,178.8,gateway,gateway_B,gatewayB,11,ESP32->RPi,decrypt,119,237,118,4.473,2,esp32_edge_normal_2,0,normal
12:39:07.917,178.8,gateway,gateway_B,gatewayB,11,ESP32->RPi,decrypt,115,233,118,4.752,2,esp32_edge_normal_1,0,normal
12:39:12.381,183.3,gateway,gateway_B,gatewayB,11,ESP32->RPi,decrypt,116,233,117,4.627,2,esp32_edge_normal_3,0,normal
12:39:12.880,183.8,gateway,gateway_B,gatewayB,11,ESP32->RPi,decrypt,114,229,115,4.619,2,esp32_edge_normal_2,0,normal
12:39:12.910,183.8,gateway,gateway_B,gatewayB,11,ESP32->RPi,decrypt,120,237,117,5.277,2,esp32_edge_normal_1,0,normal
12:39:17.382,188.3,gateway,gateway_B,gatewayB,11,ESP32->RPi,decrypt,119,237,118,4.48,2,esp32_edge_normal_3,0,normal
12:39:17.886,188.8,gateway,gateway_B,gatewayB,11,ESP32->RPi,decrypt,116,233,117,4.668,2,esp32_edge_normal_2,0,normal
12:39:17.892,188.8,gateway,gateway_B,gatewayB,11,ESP32->RPi,decrypt,116,233,117,4.132,2,esp32_edge_normal_1,0,normal
12:39:22.381,193.3,gateway,gateway_B,gatewayB,11,ESP32->RPi,decrypt,112,229,117,4.069,2,esp32_edge_normal_3,0,normal
12:39:22.876,193.8,gateway,gateway_B,gatewayB,11,ESP32->RPi,decrypt,121,241,120,4.123,2,esp32_edge_normal_2,0,normal
12:39:22.884,193.8,gateway,gateway_B,gatewayB,11,ESP32->RPi,decrypt,115,233,118,3.812,2,esp32_edge_normal_1,0,normal
12:39:27.378,198.3,gateway,gateway_B,gatewayB,11,ESP32->RPi,decrypt,120,237,117,4.041,2,esp32_edge_normal_3,0,normal
12:39:27.877,198.8,gateway,gateway_B,gatewayB,11,ESP32->RPi,decrypt,121,241,120,4.368,2,esp32_edge_normal_2,0,normal
12:39:27.883,198.8,gateway,gateway_B,gatewayB,11,ESP32->RPi,decrypt,118,237,119,4.231,2,esp32_edge_normal_1,0,normal
12:39:32.385,203.3,gateway,gateway_B,gatewayB,11,ESP32->RPi,decrypt,118,237,119,4.2,2,esp32_edge_normal_3,0,normal
12:39:32.875,203.8,gateway,gateway_B,gatewayB,11,ESP32->RPi,decrypt,114,229,115,4.152,2,esp32_edge_normal_2,0,normal
12:39:32.904,203.8,gateway,gateway_B,gatewayB,11,ESP32->RPi,decrypt,114,229,115,3.296,2,esp32_edge_normal_1,0,normal
12:39:37.386,208.3,gateway,gateway_B,gatewayB,11,ESP32->RPi,decrypt,116,233,117,4.06,2,esp32_edge_normal_3,0,normal
12:39:37.865,208.8,gateway,gateway_B,gatewayB,11,ESP32->RPi,decrypt,117,233,116,4.21,2,esp32_edge_normal_2,0,normal
12:39:37.886,208.8,gateway,gateway_B,gatewayB,11,ESP32->RPi,decrypt,120,237,117,4.559,2,esp32_edge_normal_1,0,normal
12:39:42.378,213.3,gateway,gateway_B,gatewayB,11,ESP32->RPi,decrypt,117,233,116,4.312,2,esp32_edge_normal_3,0,normal
12:39:42.869,213.8,gateway,gateway_B,gatewayB,11,ESP32->RPi,decrypt,117,233,116,4.358,2,esp32_edge_normal_2,0,normal
12:39:43.805,214.7,gateway,gateway_B,gatewayB,11,RPi->PC,encrypt,3623,4914,1291,33.603,2,,,
12:39:43.950,214.8,gateway,gateway_B,gatewayB,11,PC->RPi,decrypt,3541,4806,1265,32.077,2,,,
12:39:43.988,214.9,gateway,gateway_B,gatewayB,11,RPi->ESP32,encrypt,3541,4806,1265,31.179,3,,,
12:39:44.165,215.1,gateway,gateway_B,gatewayB,11,ESP32->RPi,decrypt,116,233,117,1.426,3,esp32_edge_normal_1,0,normal
12:39:56.061,227.0,gateway,gateway_B,gatewayB,11,ESP32->RPi,decrypt,116,233,117,4.361,3,esp32_edge_normal_2,0,normal
12:39:56.069,227.0,gateway,gateway_B,gatewayB,11,ESP32->RPi,decrypt,116,233,117,4.387,3,esp32_edge_normal_1,0,normal
12:39:56.075,227.0,gateway,gateway_B,gatewayB,11,ESP32->RPi,decrypt,116,233,117,4.413,3,esp32_edge_normal_3,0,normal
12:40:01.051,231.9,gateway,gateway_B,gatewayB,11,ESP32->RPi,decrypt,120,237,117,4.541,3,esp32_edge_normal_2,0,normal
12:40:01.062,232.0,gateway,gateway_B,gatewayB,11,ESP32->RPi,decrypt,117,233,116,4.342,3,esp32_edge_normal_1,0,normal
12:40:01.083,232.0,gateway,gateway_B,gatewayB,11,ESP32->RPi,decrypt,118,237,119,2.788,3,esp32_edge_normal_3,0,normal
12:40:06.043,236.9,gateway,gateway_B,gatewayB,11,ESP32->RPi,decrypt,107,221,114,3.923,3,esp32_edge_normal_2,0,normal
12:40:06.077,237.0,gateway,gateway_B,gatewayB,11,ESP32->RPi,decrypt,114,229,115,4.167,3,esp32_edge_normal_3,0,normal
12:40:06.100,237.0,gateway,gateway_B,gatewayB,11,ESP32->RPi,decrypt,116,233,117,2.56,3,esp32_edge_normal_1,0,normal
12:40:11.038,241.9,gateway,gateway_B,gatewayB,11,ESP32->RPi,decrypt,114,229,115,4.086,3,esp32_edge_normal_2,0,normal
12:40:11.087,242.0,gateway,gateway_B,gatewayB,11,ESP32->RPi,decrypt,119,237,118,4.127,3,esp32_edge_normal_1,0,normal
12:40:11.093,242.0,gateway,gateway_B,gatewayB,11,ESP32->RPi,decrypt,119,237,118,4.124,3,esp32_edge_normal_3,0,normal
12:40:16.032,246.9,gateway,gateway_B,gatewayB,11,ESP32->RPi,decrypt,117,233,116,1.34,3,esp32_edge_normal_2,0,normal
12:40:16.069,247.0,gateway,gateway_B,gatewayB,11,ESP32->RPi,decrypt,115,233,118,1.422,3,esp32_edge_normal_1,0,normal
12:40:16.074,247.0,gateway,gateway_B,gatewayB,11,ESP32->RPi,decrypt,117,233,116,1.503,3,esp32_edge_normal_3,0,normal
12:40:21.025,251.9,gateway,gateway_B,gatewayB,11,ESP32->RPi,decrypt,114,229,115,4.131,3,esp32_edge_normal_2,0,normal
12:40:21.062,252.0,gateway,gateway_B,gatewayB,11,ESP32->RPi,decrypt,120,237,117,4.313,3,esp32_edge_normal_1,0,normal
12:40:21.072,252.0,gateway,gateway_B,gatewayB,11,ESP32->RPi,decrypt,121,241,120,4.159,3,esp32_edge_normal_3,0,normal
12:40:26.034,256.9,gateway,gateway_B,gatewayB,11,ESP32->RPi,decrypt,120,237,117,4.064,3,esp32_edge_normal_2,0,normal
12:40:26.067,257.0,gateway,gateway_B,gatewayB,11,ESP32->RPi,decrypt,116,233,117,3.662,3,esp32_edge_normal_1,0,normal
12:40:26.072,257.0,gateway,gateway_B,gatewayB,11,ESP32->RPi,decrypt,117,233,116,3.424,3,esp32_edge_normal_3,0,normal
12:40:31.039,261.9,gateway,gateway_B,gatewayB,11,ESP32->RPi,decrypt,116,233,117,4.125,3,esp32_edge_normal_2,0,normal
12:40:31.067,262.0,gateway,gateway_B,gatewayB,11,ESP32->RPi,decrypt,118,237,119,4.231,3,esp32_edge_normal_1,0,normal
12:40:31.074,262.0,gateway,gateway_B,gatewayB,11,ESP32->RPi,decrypt,118,237,119,4.247,3,esp32_edge_normal_3,0,normal
12:40:36.025,266.9,gateway,gateway_B,gatewayB,11,ESP32->RPi,decrypt,121,241,120,1.504,3,esp32_edge_normal_2,0,normal
12:40:36.068,267.0,gateway,gateway_B,gatewayB,11,ESP32->RPi,decrypt,116,233,117,1.514,3,esp32_edge_normal_3,0,normal
12:40:36.073,267.0,gateway,gateway_B,gatewayB,11,ESP32->RPi,decrypt,117,233,116,1.457,3,esp32_edge_normal_1,0,normal
12:40:41.028,271.9,gateway,gateway_B,gatewayB,11,ESP32->RPi,decrypt,117,233,116,4.244,3,esp32_edge_normal_2,0,normal
12:40:41.070,272.0,gateway,gateway_B,gatewayB,11,ESP32->RPi,decrypt,116,233,117,4.208,3,esp32_edge_normal_3,0,normal
12:40:42.008,272.9,gateway,gateway_B,gatewayB,11,RPi->PC,encrypt,3623,4914,1291,34.334,3,,,
12:40:42.154,273.0,gateway,gateway_B,gatewayB,11,PC->RPi,decrypt,3537,4798,1261,31.705,3,,,
12:40:42.195,273.1,gateway,gateway_B,gatewayB,11,RPi->ESP32,encrypt,3537,4798,1261,34.148,4,,,
12:40:42.388,273.3,gateway,gateway_B,gatewayB,11,ESP32->RPi,decrypt,119,237,118,1.394,4,esp32_edge_normal_1,0,normal
12:40:54.294,285.2,gateway,gateway_B,gatewayB,11,ESP32->RPi,decrypt,116,233,117,4.102,4,esp32_edge_normal_2,0,normal
12:40:54.315,285.2,gateway,gateway_B,gatewayB,11,ESP32->RPi,decrypt,106,221,115,3.822,4,esp32_edge_normal_1,0,normal
12:40:54.816,285.7,gateway,gateway_B,gatewayB,11,ESP32->RPi,decrypt,121,241,120,4.302,4,esp32_edge_normal_3,0,normal
12:40:59.299,290.2,gateway,gateway_B,gatewayB,11,ESP32->RPi,decrypt,116,233,117,3.474,4,esp32_edge_normal_2,0,normal
12:40:59.332,290.2,gateway,gateway_B,gatewayB,11,ESP32->RPi,decrypt,120,237,117,3.539,4,esp32_edge_normal_1,0,normal
12:40:59.816,290.7,gateway,gateway_B,gatewayB,11,ESP32->RPi,decrypt,115,233,118,4.215,4,esp32_edge_normal_3,0,normal
12:41:04.309,295.2,gateway,gateway_B,gatewayB,11,ESP32->RPi,decrypt,117,233,116,4.179,4,esp32_edge_normal_2,0,normal
12:41:04.334,295.2,gateway,gateway_B,gatewayB,11,ESP32->RPi,decrypt,112,229,117,3.631,4,esp32_edge_normal_1,0,normal
12:41:04.812,295.7,gateway,gateway_B,gatewayB,11,ESP32->RPi,decrypt,114,229,115,1.447,4,esp32_edge_normal_3,0,normal
12:41:09.288,300.2,gateway,gateway_B,gatewayB,11,ESP32->RPi,decrypt,119,237,118,1.423,4,esp32_edge_normal_2,0,normal
12:41:09.314,300.2,gateway,gateway_B,gatewayB,11,ESP32->RPi,decrypt,116,233,117,1.424,4,esp32_edge_normal_1,0,normal
12:41:09.822,300.7,gateway,gateway_B,gatewayB,11,ESP32->RPi,decrypt,117,233,116,4.23,4,esp32_edge_normal_3,0,normal
12:41:14.300,305.2,gateway,gateway_B,gatewayB,11,ESP32->RPi,decrypt,121,241,120,4.497,4,esp32_edge_normal_2,0,normal
12:41:14.336,305.2,gateway,gateway_B,gatewayB,11,ESP32->RPi,decrypt,118,237,119,4.221,4,esp32_edge_normal_1,0,normal
12:41:14.815,305.7,gateway,gateway_B,gatewayB,11,ESP32->RPi,decrypt,116,233,117,4.207,4,esp32_edge_normal_3,0,normal
12:41:19.303,310.2,gateway,gateway_B,gatewayB,11,ESP32->RPi,decrypt,120,237,117,4.379,4,esp32_edge_normal_2,0,normal
12:41:19.336,310.2,gateway,gateway_B,gatewayB,11,ESP32->RPi,decrypt,115,233,118,3.675,4,esp32_edge_normal_1,0,normal
12:41:19.811,310.7,gateway,gateway_B,gatewayB,11,ESP32->RPi,decrypt,117,233,116,1.337,4,esp32_edge_normal_3,0,normal
12:41:24.281,315.2,gateway,gateway_B,gatewayB,11,ESP32->RPi,decrypt,115,233,118,1.264,4,esp32_edge_normal_2,0,normal
12:41:24.312,315.2,gateway,gateway_B,gatewayB,11,ESP32->RPi,decrypt,114,229,115,1.335,4,esp32_edge_normal_1,0,normal
12:41:24.822,315.7,gateway,gateway_B,gatewayB,11,ESP32->RPi,decrypt,113,229,116,4.027,4,esp32_edge_normal_3,0,normal
12:41:29.295,320.2,gateway,gateway_B,gatewayB,11,ESP32->RPi,decrypt,107,221,114,4.094,4,esp32_edge_normal_2,0,normal
12:41:29.334,320.2,gateway,gateway_B,gatewayB,11,ESP32->RPi,decrypt,117,233,116,3.932,4,esp32_edge_normal_1,0,normal
12:41:29.819,320.7,gateway,gateway_B,gatewayB,11,ESP32->RPi,decrypt,117,233,116,4.294,4,esp32_edge_normal_3,0,normal
12:41:34.286,325.2,gateway,gateway_B,gatewayB,11,ESP32->RPi,decrypt,120,237,117,4.427,4,esp32_edge_normal_2,0,normal
12:41:34.318,325.2,gateway,gateway_B,gatewayB,11,ESP32->RPi,decrypt,119,237,118,4.393,4,esp32_edge_normal_1,0,normal
12:41:34.818,325.7,gateway,gateway_B,gatewayB,11,ESP32->RPi,decrypt,120,237,117,4.38,4,esp32_edge_normal_3,0,normal
12:41:39.281,330.2,gateway,gateway_B,gatewayB,11,ESP32->RPi,decrypt,119,237,118,1.427,4,esp32_edge_normal_2,0,normal
12:41:39.330,330.2,gateway,gateway_B,gatewayB,11,ESP32->RPi,decrypt,117,233,116,1.587,4,esp32_edge_normal_1,0,normal
12:41:40.290,331.2,gateway,gateway_B,gatewayB,11,RPi->PC,encrypt,3618,4906,1288,37.948,4,,,
12:41:40.498,331.4,gateway,gateway_B,gatewayB,11,PC->RPi,decrypt,3535,4798,1263,32.098,4,,,
12:41:40.539,331.4,gateway,gateway_B,gatewayB,11,RPi->ESP32,encrypt,3535,4798,1263,33.495,5,,,
12:41:40.893,331.8,gateway,gateway_B,gatewayB,11,ESP32->RPi,decrypt,114,229,115,1.458,5,esp32_edge_normal_3,0,normal
12:41:52.765,343.7,gateway,gateway_B,gatewayB,11,ESP32->RPi,decrypt,121,241,120,1.479,5,esp32_edge_normal_2,0,normal
12:41:52.772,343.7,gateway,gateway_B,gatewayB,11,ESP32->RPi,decrypt,115,233,118,1.4,5,esp32_edge_normal_1,0,normal
12:41:53.286,344.2,gateway,gateway_B,gatewayB,11,ESP32->RPi,decrypt,121,241,120,1.525,5,esp32_edge_normal_3,0,normal
12:41:58.289,349.2,gateway,gateway_B,gatewayB,11,ESP32->RPi,decrypt,119,237,118,4.256,5,esp32_edge_normal_3,0,normal
12:43:58.313,469.2,gateway,gateway_B,gatewayB,11,ESP32->RPi,decrypt,118,237,119,4.161,5,esp32_edge_normal_3,0,normal
12:44:03.320,474.2,gateway,gateway_B,gatewayB,11,ESP32->RPi,decrypt,107,221,114,3.994,5,esp32_edge_normal_3,0,normal
12:44:25.551,496.4,gateway,gateway_B,gatewayB,11,ESP32->RPi,decrypt,116,233,117,4.084,5,esp32_edge_normal_3,0,normal
12:44:30.550,501.4,gateway,gateway_B,gatewayB,11,ESP32->RPi,decrypt,118,237,119,4.219,5,esp32_edge_normal_3,0,normal
12:45:25.753,556.6,gateway,gateway_B,gatewayB,11,ESP32->RPi,decrypt,120,237,117,4.488,5,esp32_edge_normal_2,0,normal
12:45:29.873,560.8,gateway,gateway_B,gatewayB,11,ESP32->RPi,decrypt,116,233,117,4.262,5,esp32_edge_normal_1,0,normal
12:45:30.742,561.6,gateway,gateway_B,gatewayB,11,ESP32->RPi,decrypt,121,241,120,4.338,5,esp32_edge_normal_2,0,normal
12:45:31.543,562.4,gateway,gateway_B,gatewayB,11,ESP32->RPi,decrypt,124,245,121,4.574,5,esp32_edge_simulator_1,0,normal
12:45:34.864,565.8,gateway,gateway_B,gatewayB,11,ESP32->RPi,decrypt,117,233,116,4.25,5,esp32_edge_normal_1,0,normal
12:45:35.737,566.6,gateway,gateway_B,gatewayB,11,ESP32->RPi,decrypt,107,221,114,3.932,5,esp32_edge_normal_2,0,normal
12:45:36.548,567.4,gateway,gateway_B,gatewayB,11,ESP32->RPi,decrypt,81,185,104,2.619,5,esp32_edge_simulator_1,2,scan_A
12:45:39.889,570.8,gateway,gateway_B,gatewayB,11,ESP32->RPi,decrypt,120,237,117,4.367,5,esp32_edge_normal_1,0,normal
12:45:40.732,571.6,gateway,gateway_B,gatewayB,11,ESP32->RPi,decrypt,120,237,117,4.469,5,esp32_edge_normal_2,0,normal
12:45:41.550,572.4,gateway,gateway_B,gatewayB,11,ESP32->RPi,decrypt,112,229,117,4.13,5,esp32_edge_simulator_1,1,mqtt_bruteforce
12:45:44.864,575.8,gateway,gateway_B,gatewayB,11,ESP32->RPi,decrypt,120,237,117,2.661,5,esp32_edge_normal_1,0,normal
12:45:45.721,576.6,gateway,gateway_B,gatewayB,11,ESP32->RPi,decrypt,116,233,117,3.906,5,esp32_edge_normal_2,0,normal
12:45:46.550,577.4,gateway,gateway_B,gatewayB,11,ESP32->RPi,decrypt,111,225,114,3.825,5,esp32_edge_simulator_1,1,mqtt_bruteforce
12:45:49.973,580.9,gateway,gateway_B,gatewayB,11,ESP32->RPi,decrypt,114,229,115,4.367,5,esp32_edge_normal_1,0,normal
12:45:50.719,581.6,gateway,gateway_B,gatewayB,11,ESP32->RPi,decrypt,120,237,117,1.551,5,esp32_edge_normal_2,0,normal
12:45:51.545,582.4,gateway,gateway_B,gatewayB,11,ESP32->RPi,decrypt,113,229,116,1.425,5,esp32_edge_simulator_1,1,mqtt_bruteforce
12:45:54.855,585.7,gateway,gateway_B,gatewayB,11,ESP32->RPi,decrypt,116,233,117,1.527,5,esp32_edge_normal_1,0,normal
12:45:55.717,586.6,gateway,gateway_B,gatewayB,11,ESP32->RPi,decrypt,115,233,118,4.156,5,esp32_edge_normal_2,0,normal
12:45:56.543,587.4,gateway,gateway_B,gatewayB,11,ESP32->RPi,decrypt,122,241,119,4.511,5,esp32_edge_simulator_1,0,normal
12:45:59.862,590.8,gateway,gateway_B,gatewayB,11,ESP32->RPi,decrypt,118,237,119,4.592,5,esp32_edge_normal_1,0,normal
12:46:00.713,591.6,gateway,gateway_B,gatewayB,11,ESP32->RPi,decrypt,117,233,116,4.45,5,esp32_edge_normal_2,0,normal
12:46:01.660,592.6,gateway,gateway_B,gatewayB,11,RPi->PC,encrypt,3640,4938,1298,34.68,5,,,
12:46:01.714,592.6,gateway,gateway_B,gatewayB,11,ESP32->RPi,decrypt,104,217,113,1.658,5,esp32_edge_simulator_1,2,scan_A
12:46:04.853,595.7,gateway,gateway_B,gatewayB,11,ESP32->RPi,decrypt,118,237,119,1.494,5,esp32_edge_normal_1,0,normal
12:46:05.153,596.0,gateway,gateway_B,gatewayB,11,PC->RPi,decrypt,3522,4778,1256,34.909,5,,,
12:46:05.195,596.1,gateway,gateway_B,gatewayB,11,RPi->ESP32,encrypt,3522,4778,1256,35.908,6,,,
12:46:17.100,608.0,gateway,gateway_B,gatewayB,11,ESP32->RPi,decrypt,115,233,118,4.433,6,esp32_edge_normal_1,0,normal
12:46:17.106,608.0,gateway,gateway_B,gatewayB,11,ESP32->RPi,decrypt,116,233,117,4.198,6,esp32_edge_simulator_1,1,mqtt_bruteforce
12:46:17.116,608.0,gateway,gateway_B,gatewayB,11,ESP32->RPi,decrypt,119,237,118,4.33,6,esp32_edge_normal_2,0,normal
12:46:22.098,613.0,gateway,gateway_B,gatewayB,11,ESP32->RPi,decrypt,117,233,116,4.157,6,esp32_edge_simulator_1,0,normal
12:46:22.111,613.0,gateway,gateway_B,gatewayB,11,ESP32->RPi,decrypt,114,229,115,4.361,6,esp32_edge_normal_1,0,normal
12:46:22.118,613.0,gateway,gateway_B,gatewayB,11,ESP32->RPi,decrypt,116,233,117,4.359,6,esp32_edge_normal_2,0,normal
12:46:27.086,618.0,gateway,gateway_B,gatewayB,11,ESP32->RPi,decrypt,121,241,120,1.518,6,esp32_edge_normal_1,0,normal
12:46:27.092,618.0,gateway,gateway_B,gatewayB,11,ESP32->RPi,decrypt,117,233,116,1.337,6,esp32_edge_simulator_1,0,normal
12:46:27.102,618.0,gateway,gateway_B,gatewayB,11,ESP32->RPi,decrypt,116,233,117,1.38,6,esp32_edge_normal_2,0,normal
12:46:32.073,623.0,gateway,gateway_B,gatewayB,11,ESP32->RPi,decrypt,120,237,117,4.044,6,esp32_edge_normal_1,0,normal
12:46:32.098,623.0,gateway,gateway_B,gatewayB,11,ESP32->RPi,decrypt,122,241,119,5.835,6,esp32_edge_simulator_1,0,normal
12:46:32.104,623.0,gateway,gateway_B,gatewayB,11,ESP32->RPi,decrypt,120,237,117,4.239,6,esp32_edge_normal_2,0,normal
12:46:37.096,628.0,gateway,gateway_B,gatewayB,11,ESP32->RPi,decrypt,118,237,119,3.94,6,esp32_edge_normal_2,0,normal
12:46:37.101,628.0,gateway,gateway_B,gatewayB,11,ESP32->RPi,decrypt,114,229,115,3.786,6,esp32_edge_normal_1,0,normal
12:46:37.106,628.0,gateway,gateway_B,gatewayB,11,ESP32->RPi,decrypt,121,241,120,3.85,6,esp32_edge_simulator_1,0,normal
12:46:42.065,633.0,gateway,gateway_B,gatewayB,11,ESP32->RPi,decrypt,121,241,120,1.331,6,esp32_edge_normal_1,0,normal
12:46:42.095,633.0,gateway,gateway_B,gatewayB,11,ESP32->RPi,decrypt,117,233,116,1.38,6,esp32_edge_normal_2,0,normal
12:46:42.102,633.0,gateway,gateway_B,gatewayB,11,ESP32->RPi,decrypt,103,217,114,1.457,6,esp32_edge_simulator_1,2,scan_A
12:46:47.075,638.0,gateway,gateway_B,gatewayB,11,ESP32->RPi,decrypt,119,237,118,4.201,6,esp32_edge_normal_1,0,normal
12:46:47.167,638.1,gateway,gateway_B,gatewayB,11,ESP32->RPi,decrypt,121,241,120,2.261,6,esp32_edge_normal_2,0,normal
12:46:47.170,638.1,gateway,gateway_B,gatewayB,11,ESP32->RPi,decrypt,109,225,116,1.897,6,esp32_edge_simulator_1,1,mqtt_bruteforce
12:46:52.063,643.0,gateway,gateway_B,gatewayB,11,ESP32->RPi,decrypt,121,241,120,1.648,6,esp32_edge_normal_1,0,normal
12:46:52.091,643.0,gateway,gateway_B,gatewayB,11,ESP32->RPi,decrypt,123,241,118,1.392,6,esp32_edge_simulator_1,0,normal
12:46:52.095,643.0,gateway,gateway_B,gatewayB,11,ESP32->RPi,decrypt,120,237,117,1.389,6,esp32_edge_normal_2,0,normal
12:46:57.067,648.0,gateway,gateway_B,gatewayB,11,ESP32->RPi,decrypt,117,233,116,1.599,6,esp32_edge_normal_1,0,normal
12:46:57.089,648.0,gateway,gateway_B,gatewayB,11,ESP32->RPi,decrypt,116,233,117,1.447,6,esp32_edge_normal_2,0,normal
12:46:57.099,648.0,gateway,gateway_B,gatewayB,11,ESP32->RPi,decrypt,111,225,114,1.271,6,esp32_edge_simulator_1,1,mqtt_bruteforce
12:47:02.065,653.0,gateway,gateway_B,gatewayB,11,ESP32->RPi,decrypt,117,233,116,1.269,6,esp32_edge_normal_1,0,normal
12:47:03.157,654.1,gateway,gateway_B,gatewayB,11,RPi->PC,encrypt,3646,4946,1300,35.321,6,,,
12:47:03.222,654.1,gateway,gateway_B,gatewayB,11,ESP32->RPi,decrypt,120,237,117,1.553,6,esp32_edge_simulator_1,0,normal
12:47:03.224,654.1,gateway,gateway_B,gatewayB,11,ESP32->RPi,decrypt,116,233,117,1.383,6,esp32_edge_normal_2,0,normal
12:47:03.673,654.6,gateway,gateway_B,gatewayB,11,PC->RPi,decrypt,3540,4802,1262,32.933,6,,,
12:47:03.714,654.6,gateway,gateway_B,gatewayB,11,RPi->ESP32,encrypt,3540,4802,1262,33.636,7,,,
12:47:15.666,666.6,gateway,gateway_B,gatewayB,11,ESP32->RPi,decrypt,118,237,119,4.211,7,esp32_edge_normal_2,0,normal
12:47:15.672,666.6,gateway,gateway_B,gatewayB,11,ESP32->RPi,decrypt,111,225,114,3.796,7,esp32_edge_simulator_1,1,mqtt_bruteforce
12:47:16.185,667.1,gateway,gateway_B,gatewayB,11,ESP32->RPi,decrypt,120,237,117,4.432,7,esp32_edge_normal_1,0,normal
12:47:20.643,671.5,gateway,gateway_B,gatewayB,11,ESP32->RPi,decrypt,114,229,115,4.11,7,esp32_edge_normal_2,0,normal
12:47:20.658,671.6,gateway,gateway_B,gatewayB,11,ESP32->RPi,decrypt,124,245,121,4.382,7,esp32_edge_simulator_1,0,normal
12:47:21.182,672.1,gateway,gateway_B,gatewayB,11,ESP32->RPi,decrypt,116,233,117,3.779,7,esp32_edge_normal_1,0,normal
12:47:25.649,676.5,gateway,gateway_B,gatewayB,11,ESP32->RPi,decrypt,119,237,118,3.912,7,esp32_edge_normal_2,0,normal
12:47:25.658,676.6,gateway,gateway_B,gatewayB,11,ESP32->RPi,decrypt,120,237,117,3.922,7,esp32_edge_simulator_1,0,normal
12:47:26.199,677.1,gateway,gateway_B,gatewayB,11,ESP32->RPi,decrypt,116,233,117,3.871,7,esp32_edge_normal_1,0,normal
12:47:30.645,681.5,gateway,gateway_B,gatewayB,11,ESP32->RPi,decrypt,117,233,116,3.928,7,esp32_edge_normal_2,0,normal
12:47:30.668,681.6,gateway,gateway_B,gatewayB,11,ESP32->RPi,decrypt,112,229,117,3.927,7,esp32_edge_simulator_1,1,mqtt_bruteforce
12:47:31.180,682.1,gateway,gateway_B,gatewayB,11,ESP32->RPi,decrypt,121,241,120,4.006,7,esp32_edge_normal_1,0,normal
12:47:35.649,686.5,gateway,gateway_B,gatewayB,11,ESP32->RPi,decrypt,118,237,119,3.796,7,esp32_edge_normal_2,0,normal
12:47:35.659,686.6,gateway,gateway_B,gatewayB,11,ESP32->RPi,decrypt,120,237,117,4.161,7,esp32_edge_simulator_1,0,normal
12:47:36.179,687.1,gateway,gateway_B,gatewayB,11,ESP32->RPi,decrypt,121,241,120,4.511,7,esp32_edge_normal_1,0,normal
12:47:40.658,691.6,gateway,gateway_B,gatewayB,11,ESP32->RPi,decrypt,115,233,118,4.313,7,esp32_edge_normal_2,0,normal
12:47:40.667,691.6,gateway,gateway_B,gatewayB,11,ESP32->RPi,decrypt,121,241,120,4.579,7,esp32_edge_simulator_1,0,normal
12:47:41.193,692.1,gateway,gateway_B,gatewayB,11,ESP32->RPi,decrypt,115,233,118,4.329,7,esp32_edge_normal_1,0,normal
12:47:45.635,696.5,gateway,gateway_B,gatewayB,11,ESP32->RPi,decrypt,114,229,115,4.193,7,esp32_edge_normal_2,0,normal
12:47:45.672,696.6,gateway,gateway_B,gatewayB,11,ESP32->RPi,decrypt,111,225,114,4.298,7,esp32_edge_simulator_1,1,mqtt_bruteforce
12:47:46.236,697.1,gateway,gateway_B,gatewayB,11,ESP32->RPi,decrypt,121,241,120,4.571,7,esp32_edge_normal_1,0,normal
12:47:50.638,701.5,gateway,gateway_B,gatewayB,11,ESP32->RPi,decrypt,119,237,118,1.479,7,esp32_edge_normal_2,0,normal
12:47:50.655,701.5,gateway,gateway_B,gatewayB,11,ESP32->RPi,decrypt,124,245,121,1.562,7,esp32_edge_simulator_1,0,normal
12:47:51.183,702.1,gateway,gateway_B,gatewayB,11,ESP32->RPi,decrypt,120,237,117,1.453,7,esp32_edge_normal_1,0,normal
12:47:55.643,706.5,gateway,gateway_B,gatewayB,11,ESP32->RPi,decrypt,116,233,117,4.053,7,esp32_edge_normal_2,0,normal
12:47:55.665,706.6,gateway,gateway_B,gatewayB,11,ESP32->RPi,decrypt,107,221,114,3.836,7,esp32_edge_simulator_1,1,mqtt_bruteforce
12:47:56.164,707.1,gateway,gateway_B,gatewayB,11,ESP32->RPi,decrypt,118,237,119,3.82,7,esp32_edge_normal_1,0,normal
12:48:00.633,711.5,gateway,gateway_B,gatewayB,11,ESP32->RPi,decrypt,117,233,116,3.919,7,esp32_edge_normal_2,0,normal
12:48:01.751,712.6,gateway,gateway_B,gatewayB,11,RPi->PC,encrypt,3638,4934,1296,36.1,7,,,
12:48:02.117,713.0,gateway,gateway_B,gatewayB,11,ESP32->RPi,decrypt,107,221,114,1.373,7,esp32_edge_simulator_1,1,mqtt_bruteforce
12:48:02.512,713.4,gateway,gateway_B,gatewayB,11,PC->RPi,decrypt,3541,4806,1265,34.235,7,,,
12:48:02.554,713.4,gateway,gateway_B,gatewayB,11,RPi->ESP32,encrypt,3541,4806,1265,35.185,8,,,
12:48:14.428,725.3,gateway,gateway_B,gatewayB,11,ESP32->RPi,decrypt,120,237,117,4.752,8,esp32_edge_normal_2,0,normal
12:48:14.442,725.3,gateway,gateway_B,gatewayB,11,ESP32->RPi,decrypt,119,237,118,3.635,8,esp32_edge_simulator_1,0,normal
12:48:14.974,725.9,gateway,gateway_B,gatewayB,11,ESP32->RPi,decrypt,121,241,120,4.564,8,esp32_edge_normal_1,0,normal
12:48:19.432,730.3,gateway,gateway_B,gatewayB,11,ESP32->RPi,decrypt,114,229,115,4.045,8,esp32_edge_normal_2,0,normal
12:48:19.452,730.3,gateway,gateway_B,gatewayB,11,ESP32->RPi,decrypt,104,217,113,3.704,8,esp32_edge_simulator_1,2,scan_A
12:48:19.968,730.9,gateway,gateway_B,gatewayB,11,ESP32->RPi,decrypt,120,237,117,4.122,8,esp32_edge_normal_1,0,normal
12:48:24.418,735.3,gateway,gateway_B,gatewayB,11,ESP32->RPi,decrypt,116,233,117,3.86,8,esp32_edge_normal_2,0,normal
12:48:24.444,735.3,gateway,gateway_B,gatewayB,11,ESP32->RPi,decrypt,119,237,118,4.053,8,esp32_edge_simulator_1,0,normal
12:48:24.977,735.9,gateway,gateway_B,gatewayB,11,ESP32->RPi,decrypt,117,233,116,3.93,8,esp32_edge_normal_1,0,normal
12:48:29.422,740.3,gateway,gateway_B,gatewayB,11,ESP32->RPi,decrypt,114,229,115,4.079,8,esp32_edge_normal_2,0,normal
12:48:29.454,740.3,gateway,gateway_B,gatewayB,11,ESP32->RPi,decrypt,107,221,114,3.363,8,esp32_edge_simulator_1,2,scan_A
12:48:29.962,740.9,gateway,gateway_B,gatewayB,11,ESP32->RPi,decrypt,116,233,117,4.224,8,esp32_edge_normal_1,0,normal
12:48:34.414,745.3,gateway,gateway_B,gatewayB,11,ESP32->RPi,decrypt,116,233,117,4.284,8,esp32_edge_normal_2,0,normal
12:48:34.453,745.3,gateway,gateway_B,gatewayB,11,ESP32->RPi,decrypt,111,225,114,3.841,8,esp32_edge_simulator_1,1,mqtt_bruteforce
12:48:34.960,745.9,gateway,gateway_B,gatewayB,11,ESP32->RPi,decrypt,118,237,119,3.901,8,esp32_edge_normal_1,0,normal
12:48:39.427,750.3,gateway,gateway_B,gatewayB,11,ESP32->RPi,decrypt,116,233,117,1.319,8,esp32_edge_normal_2,0,normal
12:48:39.441,750.3,gateway,gateway_B,gatewayB,11,ESP32->RPi,decrypt,124,245,121,1.416,8,esp32_edge_simulator_1,0,normal
12:48:39.944,750.8,gateway,gateway_B,gatewayB,11,ESP32->RPi,decrypt,118,237,119,1.293,8,esp32_edge_normal_1,0,normal
12:48:44.410,755.3,gateway,gateway_B,gatewayB,11,ESP32->RPi,decrypt,115,233,118,4.001,8,esp32_edge_normal_2,0,normal
12:48:44.447,755.3,gateway,gateway_B,gatewayB,11,ESP32->RPi,decrypt,121,241,120,3.846,8,esp32_edge_simulator_1,0,normal
12:48:44.942,755.8,gateway,gateway_B,gatewayB,11,ESP32->RPi,decrypt,117,233,116,1.439,8,esp32_edge_normal_1,0,normal
12:48:49.467,760.4,gateway,gateway_B,gatewayB,11,ESP32->RPi,decrypt,118,237,119,1.394,8,esp32_edge_normal_2,0,normal
12:48:49.469,760.4,gateway,gateway_B,gatewayB,11,ESP32->RPi,decrypt,118,237,119,1.276,8,esp32_edge_simulator_1,0,normal
12:48:49.993,760.9,gateway,gateway_B,gatewayB,11,ESP32->RPi,decrypt,116,233,117,3.997,8,esp32_edge_normal_1,0,normal
12:48:54.403,765.3,gateway,gateway_B,gatewayB,11,ESP32->RPi,decrypt,120,237,117,1.369,8,esp32_edge_normal_2,0,normal
12:48:54.440,765.3,gateway,gateway_B,gatewayB,11,ESP32->RPi,decrypt,119,237,118,1.339,8,esp32_edge_simulator_1,0,normal
12:48:54.956,765.9,gateway,gateway_B,gatewayB,11,ESP32->RPi,decrypt,114,229,115,1.352,8,esp32_edge_normal_1,0,normal
12:48:59.413,770.3,gateway,gateway_B,gatewayB,11,ESP32->RPi,decrypt,118,237,119,4.194,8,esp32_edge_normal_2,0,normal
12:48:59.452,770.3,gateway,gateway_B,gatewayB,11,ESP32->RPi,decrypt,113,229,116,4.16,8,esp32_edge_simulator_1,1,mqtt_bruteforce
12:49:00.398,771.3,gateway,gateway_B,gatewayB,11,RPi->PC,encrypt,3641,4938,1297,33.928,8,,,
12:49:00.449,771.3,gateway,gateway_B,gatewayB,11,ESP32->RPi,decrypt,116,233,117,1.368,8,esp32_edge_normal_1,0,normal
12:49:01.304,772.2,gateway,gateway_B,gatewayB,11,PC->RPi,decrypt,3545,4810,1265,31.818,8,,,
12:49:01.342,772.2,gateway,gateway_B,gatewayB,11,RPi->ESP32,encrypt,3545,4810,1265,31.567,9,,,
12:49:13.203,784.1,gateway,gateway_B,gatewayB,11,ESP32->RPi,decrypt,120,237,117,1.354,9,esp32_edge_normal_2,0,normal
12:49:13.226,784.1,gateway,gateway_B,gatewayB,11,ESP32->RPi,decrypt,99,209,110,1.337,9,esp32_edge_simulator_1,2,scan_A
12:49:13.246,784.1,gateway,gateway_B,gatewayB,11,ESP32->RPi,decrypt,120,237,117,1.5,9,esp32_edge_normal_1,0,normal
12:49:18.205,789.1,gateway,gateway_B,gatewayB,11,ESP32->RPi,decrypt,116,233,117,1.398,9,esp32_edge_normal_2,0,normal
12:49:18.212,789.1,gateway,gateway_B,gatewayB,11,ESP32->RPi,decrypt,112,229,117,1.313,9,esp32_edge_normal_1,0,normal
12:49:18.235,789.1,gateway,gateway_B,gatewayB,11,ESP32->RPi,decrypt,102,213,111,1.302,9,esp32_edge_simulator_1,2,scan_A
12:49:23.198,794.1,gateway,gateway_B,gatewayB,11,ESP32->RPi,decrypt,116,233,117,3.872,9,esp32_edge_normal_2,0,normal
12:49:23.231,794.1,gateway,gateway_B,gatewayB,11,ESP32->RPi,decrypt,103,217,114,3.555,9,esp32_edge_simulator_1,2,scan_A
12:49:23.257,794.2,gateway,gateway_B,gatewayB,11,ESP32->RPi,decrypt,114,229,115,3.298,9,esp32_edge_normal_1,0,normal
12:49:28.185,799.1,gateway,gateway_B,gatewayB,11,ESP32->RPi,decrypt,119,237,118,1.274,9,esp32_edge_normal_2,0,normal
12:49:28.222,799.1,gateway,gateway_B,gatewayB,11,ESP32->RPi,decrypt,119,237,118,1.452,9,esp32_edge_normal_1,0,normal
12:49:28.226,799.1,gateway,gateway_B,gatewayB,11,ESP32->RPi,decrypt,113,229,116,1.437,9,esp32_edge_simulator_1,1,mqtt_bruteforce
12:49:33.202,804.1,gateway,gateway_B,gatewayB,11,ESP32->RPi,decrypt,121,241,120,4.365,9,esp32_edge_normal_2,0,normal
12:49:33.231,804.1,gateway,gateway_B,gatewayB,11,ESP32->RPi,decrypt,103,217,114,3.811,9,esp32_edge_simulator_1,2,scan_A
12:49:33.243,804.1,gateway,gateway_B,gatewayB,11,ESP32->RPi,decrypt,114,229,115,4.57,9,esp32_edge_normal_1,0,normal
12:49:38.197,809.1,gateway,gateway_B,gatewayB,11,ESP32->RPi,decrypt,120,237,117,4.338,9,esp32_edge_normal_2,0,normal
12:49:38.221,809.1,gateway,gateway_B,gatewayB,11,ESP32->RPi,decrypt,119,237,118,4.161,9,esp32_edge_simulator_1,0,normal
12:49:38.231,809.1,gateway,gateway_B,gatewayB,11,ESP32->RPi,decrypt,115,233,118,4.238,9,esp32_edge_normal_1,0,normal
12:49:43.190,814.1,gateway,gateway_B,gatewayB,11,ESP32->RPi,decrypt,121,241,120,4.427,9,esp32_edge_normal_2,0,normal
12:49:43.226,814.1,gateway,gateway_B,gatewayB,11,ESP32->RPi,decrypt,118,237,119,5.047,9,esp32_edge_simulator_1,0,normal
12:49:43.232,814.1,gateway,gateway_B,gatewayB,11,ESP32->RPi,decrypt,118,237,119,4.113,9,esp32_edge_normal_1,0,normal
12:49:48.274,819.2,gateway,gateway_B,gatewayB,11,ESP32->RPi,decrypt,119,237,118,4.231,9,esp32_edge_normal_2,0,normal
12:49:48.279,819.2,gateway,gateway_B,gatewayB,11,ESP32->RPi,decrypt,123,241,118,4.356,9,esp32_edge_simulator_1,0,normal
12:49:49.484,820.4,gateway,gateway_B,gatewayB,11,ESP32->RPi,decrypt,121,241,120,4.482,9,esp32_edge_normal_1,0,normal
12:49:53.184,824.1,gateway,gateway_B,gatewayB,11,ESP32->RPi,decrypt,116,233,117,1.349,9,esp32_edge_normal_2,0,normal
12:49:53.223,824.1,gateway,gateway_B,gatewayB,11,ESP32->RPi,decrypt,116,233,117,1.405,9,esp32_edge_normal_1,0,normal
12:49:53.226,824.1,gateway,gateway_B,gatewayB,11,ESP32->RPi,decrypt,101,213,112,1.312,9,esp32_edge_simulator_1,2,scan_A
12:49:58.184,829.1,gateway,gateway_B,gatewayB,11,ESP32->RPi,decrypt,121,241,120,4.005,9,esp32_edge_normal_2,0,normal
12:49:58.220,829.1,gateway,gateway_B,gatewayB,11,ESP32->RPi,decrypt,119,237,118,3.899,9,esp32_edge_simulator_1,0,normal
12:49:59.337,830.2,gateway,gateway_B,gatewayB,11,RPi->PC,encrypt,3644,4942,1298,37.63,9,,,
12:49:59.393,830.3,gateway,gateway_B,gatewayB,11,ESP32->RPi,decrypt,116,233,117,1.454,9,esp32_edge_normal_1,0,normal
12:49:59.539,830.4,gateway,gateway_B,gatewayB,11,PC->RPi,decrypt,3540,4802,1262,34.052,9,,,
12:49:59.580,830.5,gateway,gateway_B,gatewayB,11,RPi->ESP32,encrypt,3540,4802,1262,34.27,10,,,
12:50:11.476,842.4,gateway,gateway_B,gatewayB,11,ESP32->RPi,decrypt,116,233,117,4.157,10,esp32_edge_normal_2,0,normal
12:50:11.515,842.4,gateway,gateway_B,gatewayB,11,ESP32->RPi,decrypt,107,221,114,3.365,10,esp32_edge_simulator_1,2,scan_A
12:50:11.975,842.9,gateway,gateway_B,gatewayB,11,ESP32->RPi,decrypt,114,229,115,2.351,10,esp32_edge_normal_1,0,normal
12:50:16.479,847.4,gateway,gateway_B,gatewayB,11,ESP32->RPi,decrypt,114,229,115,1.374,10,esp32_edge_normal_2,0,normal
12:50:16.508,847.4,gateway,gateway_B,gatewayB,11,ESP32->RPi,decrypt,121,241,120,1.603,10,esp32_edge_simulator_1,0,normal
12:50:16.979,847.9,gateway,gateway_B,gatewayB,11,ESP32->RPi,decrypt,119,237,118,1.329,10,esp32_edge_normal_1,0,normal
12:50:21.474,852.4,gateway,gateway_B,gatewayB,11,ESP32->RPi,decrypt,117,233,116,1.352,10,esp32_edge_normal_2,0,normal
12:50:21.502,852.4,gateway,gateway_B,gatewayB,11,ESP32->RPi,decrypt,123,241,118,1.386,10,esp32_edge_simulator_1,0,normal
12:50:21.991,852.9,gateway,gateway_B,gatewayB,11,ESP32->RPi,decrypt,115,233,118,1.387,10,esp32_edge_normal_1,0,normal
12:50:26.459,857.4,gateway,gateway_B,gatewayB,11,ESP32->RPi,decrypt,116,233,117,1.409,10,esp32_edge_normal_2,0,normal
12:50:26.499,857.4,gateway,gateway_B,gatewayB,11,ESP32->RPi,decrypt,118,237,119,1.386,10,esp32_edge_simulator_1,0,normal
12:50:26.989,857.9,gateway,gateway_B,gatewayB,11,ESP32->RPi,decrypt,119,237,118,1.373,10,esp32_edge_normal_1,0,normal
12:50:31.474,862.4,gateway,gateway_B,gatewayB,11,ESP32->RPi,decrypt,119,237,118,4.033,10,esp32_edge_normal_2,0,normal
12:50:31.518,862.4,gateway,gateway_B,gatewayB,11,ESP32->RPi,decrypt,99,209,110,3.013,10,esp32_edge_simulator_1,2,scan_A
12:50:31.969,862.9,gateway,gateway_B,gatewayB,11,ESP32->RPi,decrypt,113,229,116,4.017,10,esp32_edge_normal_1,0,normal
12:50:36.480,867.4,gateway,gateway_B,gatewayB,11,ESP32->RPi,decrypt,121,241,120,4.334,10,esp32_edge_normal_2,0,normal
12:50:36.517,867.4,gateway,gateway_B,gatewayB,11,ESP32->RPi,decrypt,110,225,115,4.064,10,esp32_edge_simulator_1,1,mqtt_bruteforce
12:50:36.972,867.9,gateway,gateway_B,gatewayB,11,ESP32->RPi,decrypt,120,237,117,1.474,10,esp32_edge_normal_1,0,normal
12:50:41.460,872.4,gateway,gateway_B,gatewayB,11,ESP32->RPi,decrypt,117,233,116,1.419,10,esp32_edge_normal_2,0,normal
12:50:41.507,872.4,gateway,gateway_B,gatewayB,11,ESP32->RPi,decrypt,119,237,118,1.431,10,esp32_edge_simulator_1,0,normal
12:50:41.975,872.9,gateway,gateway_B,gatewayB,11,ESP32->RPi,decrypt,117,233,116,4.124,10,esp32_edge_normal_1,0,normal
12:50:46.496,877.4,gateway,gateway_B,gatewayB,11,ESP32->RPi,decrypt,121,241,120,1.428,10,esp32_edge_normal_2,0,normal
12:50:46.505,877.4,gateway,gateway_B,gatewayB,11,ESP32->RPi,decrypt,124,245,121,1.373,10,esp32_edge_simulator_1,0,normal
12:50:47.032,877.9,gateway,gateway_B,gatewayB,11,ESP32->RPi,decrypt,115,233,118,1.292,10,esp32_edge_normal_1,0,normal
12:50:51.456,882.4,gateway,gateway_B,gatewayB,11,ESP32->RPi,decrypt,117,233,116,1.31,10,esp32_edge_normal_2,0,normal
12:50:51.508,882.4,gateway,gateway_B,gatewayB,11,ESP32->RPi,decrypt,101,213,112,1.198,10,esp32_edge_simulator_1,2,scan_A
12:50:51.962,882.9,gateway,gateway_B,gatewayB,11,ESP32->RPi,decrypt,117,233,116,1.415,10,esp32_edge_normal_1,0,normal
12:50:56.456,887.4,gateway,gateway_B,gatewayB,11,ESP32->RPi,decrypt,119,237,118,4.123,10,esp32_edge_normal_2,0,normal
12:50:56.503,887.4,gateway,gateway_B,gatewayB,11,ESP32->RPi,decrypt,110,225,115,3.513,10,esp32_edge_simulator_1,0,normal
12:50:57.451,888.3,gateway,gateway_B,gatewayB,11,RPi->PC,encrypt,3636,4930,1294,35.114,10,,,
12:50:57.498,888.4,gateway,gateway_B,gatewayB,11,ESP32->RPi,decrypt,115,233,118,1.539,10,esp32_edge_normal_1,0,normal
12:50:58.228,889.1,gateway,gateway_B,gatewayB,11,PC->RPi,decrypt,3554,4822,1268,33.46,10,,,
12:50:58.269,889.2,gateway,gateway_B,gatewayB,11,RPi->ESP32,encrypt,3554,4822,1268,34.305,11,,,
12:51:10.140,901.0,gateway,gateway_B,gatewayB,11,ESP32->RPi,decrypt,106,221,115,3.664,11,esp32_edge_normal_2,0,normal
12:51:10.177,901.1,gateway,gateway_B,gatewayB,11,ESP32->RPi,decrypt,119,237,118,4.005,11,esp32_edge_normal_1,0,normal
12:51:10.184,901.1,gateway,gateway_B,gatewayB,11,ESP32->RPi,decrypt,118,237,119,4.23,11,esp32_edge_simulator_1,0,normal
12:51:15.160,906.1,gateway,gateway_B,gatewayB,11,ESP32->RPi,decrypt,116,233,117,4.228,11,esp32_edge_normal_2,0,normal
12:51:15.165,906.1,gateway,gateway_B,gatewayB,11,ESP32->RPi,decrypt,115,233,118,4.138,11,esp32_edge_normal_1,0,normal
12:51:15.184,906.1,gateway,gateway_B,gatewayB,11,ESP32->RPi,decrypt,121,241,120,4.441,11,esp32_edge_simulator_1,0,normal
12:51:20.145,911.0,gateway,gateway_B,gatewayB,11,ESP32->RPi,decrypt,117,233,116,4.136,11,esp32_edge_normal_2,0,normal
12:51:20.174,911.1,gateway,gateway_B,gatewayB,11,ESP32->RPi,decrypt,117,233,116,4.237,11,esp32_edge_normal_1,0,normal
12:51:20.197,911.1,gateway,gateway_B,gatewayB,11,ESP32->RPi,decrypt,110,225,115,3.974,11,esp32_edge_simulator_1,1,mqtt_bruteforce
12:51:25.143,916.0,gateway,gateway_B,gatewayB,11,ESP32->RPi,decrypt,112,229,117,4.317,11,esp32_edge_normal_2,0,normal
12:51:25.151,916.0,gateway,gateway_B,gatewayB,11,ESP32->RPi,decrypt,118,237,119,3.673,11,esp32_edge_normal_1,0,normal
12:51:25.182,916.1,gateway,gateway_B,gatewayB,11,ESP32->RPi,decrypt,118,237,119,3.685,11,esp32_edge_simulator_1,0,normal
12:51:30.143,921.0,gateway,gateway_B,gatewayB,11,ESP32->RPi,decrypt,119,237,118,1.384,11,esp32_edge_normal_2,0,normal
12:51:30.154,921.0,gateway,gateway_B,gatewayB,11,ESP32->RPi,decrypt,116,233,117,1.328,11,esp32_edge_normal_1,0,normal
12:51:30.181,921.1,gateway,gateway_B,gatewayB,11,ESP32->RPi,decrypt,120,237,117,1.42,11,esp32_edge_simulator_1,0,normal
12:51:35.138,926.0,gateway,gateway_B,gatewayB,11,ESP32->RPi,decrypt,119,237,118,3.821,11,esp32_edge_normal_2,0,normal
12:51:35.155,926.0,gateway,gateway_B,gatewayB,11,ESP32->RPi,decrypt,107,221,114,3.777,11,esp32_edge_normal_1,0,normal
12:51:35.184,926.1,gateway,gateway_B,gatewayB,11,ESP32->RPi,decrypt,123,241,118,4.167,11,esp32_edge_simulator_1,0,normal
12:51:40.130,931.0,gateway,gateway_B,gatewayB,11,ESP32->RPi,decrypt,121,241,120,3.985,11,esp32_edge_normal_2,0,normal
12:51:40.150,931.0,gateway,gateway_B,gatewayB,11,ESP32->RPi,decrypt,120,237,117,4.033,11,esp32_edge_normal_1,0,normal
12:51:40.191,931.1,gateway,gateway_B,gatewayB,11,ESP32->RPi,decrypt,113,229,116,3.55,11,esp32_edge_simulator_1,1,mqtt_bruteforce
12:51:45.122,936.0,gateway,gateway_B,gatewayB,11,ESP32->RPi,decrypt,120,237,117,1.476,11,esp32_edge_normal_2,0,normal
12:51:45.159,936.1,gateway,gateway_B,gatewayB,11,ESP32->RPi,decrypt,113,229,116,1.354,11,esp32_edge_normal_1,0,normal
12:51:45.188,936.1,gateway,gateway_B,gatewayB,11,ESP32->RPi,decrypt,104,217,113,1.331,11,esp32_edge_simulator_1,2,scan_A
12:51:50.118,941.0,gateway,gateway_B,gatewayB,11,ESP32->RPi,decrypt,117,233,116,1.414,11,esp32_edge_normal_2,0,normal
12:51:50.167,941.1,gateway,gateway_B,gatewayB,11,ESP32->RPi,decrypt,115,233,118,1.261,11,esp32_edge_normal_1,0,normal
12:51:50.187,941.1,gateway,gateway_B,gatewayB,11,ESP32->RPi,decrypt,111,225,114,1.25,11,esp32_edge_simulator_1,1,mqtt_bruteforce
12:51:55.125,946.0,gateway,gateway_B,gatewayB,11,ESP32->RPi,decrypt,115,233,118,3.84,11,esp32_edge_normal_2,0,normal
12:51:55.153,946.0,gateway,gateway_B,gatewayB,11,ESP32->RPi,decrypt,119,237,118,4.184,11,esp32_edge_normal_1,0,normal
12:51:56.122,947.0,gateway,gateway_B,gatewayB,11,RPi->PC,encrypt,3639,4934,1295,32.167,11,,,
12:51:56.190,947.1,gateway,gateway_B,gatewayB,11,ESP32->RPi,decrypt,120,237,117,1.418,11,esp32_edge_simulator_1,0,normal
12:51:56.850,947.7,gateway,gateway_B,gatewayB,11,PC->RPi,decrypt,3547,4814,1267,29.929,11,,,
12:51:56.890,947.8,gateway,gateway_B,gatewayB,11,RPi->ESP32,encrypt,3547,4814,1267,33.477,12,,,
12:52:08.821,959.7,gateway,gateway_B,gatewayB,11,ESP32->RPi,decrypt,120,237,117,4.255,12,esp32_edge_normal_2,0,normal
12:52:08.838,959.7,gateway,gateway_B,gatewayB,11,ESP32->RPi,decrypt,123,241,118,4.988,12,esp32_edge_simulator_1,0,normal
12:52:09.354,960.2,gateway,gateway_B,gatewayB,11,ESP32->RPi,decrypt,115,233,118,4.212,12,esp32_edge_normal_1,0,normal
12:52:13.812,964.7,gateway,gateway_B,gatewayB,11,ESP32->RPi,decrypt,117,233,116,4.271,12,esp32_edge_normal_2,0,normal
12:52:13.840,964.7,gateway,gateway_B,gatewayB,11,ESP32->RPi,decrypt,120,237,117,8.206,12,esp32_edge_simulator_1,0,normal
12:52:14.341,965.2,gateway,gateway_B,gatewayB,11,ESP32->RPi,decrypt,114,229,115,3.809,12,esp32_edge_normal_1,0,normal
12:52:18.810,969.7,gateway,gateway_B,gatewayB,11,ESP32->RPi,decrypt,116,233,117,3.787,12,esp32_edge_normal_2,0,normal
12:52:18.833,969.7,gateway,gateway_B,gatewayB,11,ESP32->RPi,decrypt,120,237,117,4.025,12,esp32_edge_simulator_1,0,normal
12:52:19.356,970.3,gateway,gateway_B,gatewayB,11,ESP32->RPi,decrypt,115,233,118,3.843,12,esp32_edge_normal_1,0,normal
12:52:23.806,974.7,gateway,gateway_B,gatewayB,11,ESP32->RPi,decrypt,114,229,115,3.773,12,esp32_edge_normal_2,0,normal
12:52:23.840,974.7,gateway,gateway_B,gatewayB,11,ESP32->RPi,decrypt,113,229,116,3.336,12,esp32_edge_simulator_1,1,mqtt_bruteforce
12:52:24.340,975.2,gateway,gateway_B,gatewayB,11,ESP32->RPi,decrypt,112,229,117,1.347,12,esp32_edge_normal_1,0,normal
12:52:28.805,979.7,gateway,gateway_B,gatewayB,11,ESP32->RPi,decrypt,116,233,117,1.407,12,esp32_edge_normal_2,0,normal
12:52:28.835,979.7,gateway,gateway_B,gatewayB,11,ESP32->RPi,decrypt,121,241,120,1.673,12,esp32_edge_simulator_1,0,normal
12:52:29.338,980.2,gateway,gateway_B,gatewayB,11,ESP32->RPi,decrypt,114,229,115,3.941,12,esp32_edge_normal_1,0,normal
12:52:33.810,984.7,gateway,gateway_B,gatewayB,11,ESP32->RPi,decrypt,118,237,119,3.971,12,esp32_edge_normal_2,0,normal
12:52:33.832,984.7,gateway,gateway_B,gatewayB,11,ESP32->RPi,decrypt,119,237,118,3.892,12,esp32_edge_simulator_1,0,normal
12:52:34.340,985.2,gateway,gateway_B,gatewayB,11,ESP32->RPi,decrypt,120,237,117,4.12,12,esp32_edge_normal_1,0,normal
12:52:38.807,989.7,gateway,gateway_B,gatewayB,11,ESP32->RPi,decrypt,121,241,120,3.996,12,esp32_edge_normal_2,0,normal
12:52:38.847,989.7,gateway,gateway_B,gatewayB,11,ESP32->RPi,decrypt,110,225,115,3.739,12,esp32_edge_simulator_1,1,mqtt_bruteforce
12:52:39.328,990.2,gateway,gateway_B,gatewayB,11,ESP32->RPi,decrypt,117,233,116,1.288,12,esp32_edge_normal_1,0,normal
12:52:43.800,994.7,gateway,gateway_B,gatewayB,11,ESP32->RPi,decrypt,120,237,117,1.303,12,esp32_edge_normal_2,0,normal
12:52:43.842,994.7,gateway,gateway_B,gatewayB,11,ESP32->RPi,decrypt,108,221,113,1.464,12,esp32_edge_simulator_1,1,mqtt_bruteforce
12:52:44.342,995.2,gateway,gateway_B,gatewayB,11,ESP32->RPi,decrypt,117,233,116,3.969,12,esp32_edge_normal_1,0,normal
12:52:48.883,999.8,gateway,gateway_B,gatewayB,11,ESP32->RPi,decrypt,114,229,115,3.946,12,esp32_edge_normal_2,0,normal
12:52:48.888,999.8,gateway,gateway_B,gatewayB,11,ESP32->RPi,decrypt,119,237,118,3.893,12,esp32_edge_simulator_1,0,normal
12:52:49.402,1000.3,gateway,gateway_B,gatewayB,11,ESP32->RPi,decrypt,114,229,115,3.403,12,esp32_edge_normal_1,0,normal
12:52:53.799,1004.7,gateway,gateway_B,gatewayB,11,ESP32->RPi,decrypt,116,233,117,1.36,12,esp32_edge_normal_2,0,normal
12:52:53.833,1004.7,gateway,gateway_B,gatewayB,11,ESP32->RPi,decrypt,81,185,104,1.122,12,esp32_edge_simulator_1,2,scan_A
12:52:54.912,1005.8,gateway,gateway_B,gatewayB,11,RPi->PC,encrypt,3640,4938,1298,33.903,12,,,
12:52:55.039,1005.9,gateway,gateway_B,gatewayB,11,ESP32->RPi,decrypt,121,241,120,3.294,12,esp32_edge_normal_1,0,normal
12:52:55.962,1006.9,gateway,gateway_B,gatewayB,11,PC->RPi,decrypt,3537,4798,1261,72.144,12,,,
12:52:56.004,1006.9,gateway,gateway_B,gatewayB,11,RPi->ESP32,encrypt,3537,4798,1261,34.992,13,,,
12:53:07.923,1018.8,gateway,gateway_B,gatewayB,11,ESP32->RPi,decrypt,108,221,113,3.981,13,esp32_edge_simulator_1,2,scan_A
12:53:07.930,1018.8,gateway,gateway_B,gatewayB,11,ESP32->RPi,decrypt,115,233,118,4.009,13,esp32_edge_normal_2,0,normal
12:53:08.428,1019.3,gateway,gateway_B,gatewayB,11,ESP32->RPi,decrypt,116,233,117,3.866,13,esp32_edge_normal_1,0,normal
12:53:12.915,1023.8,gateway,gateway_B,gatewayB,11,ESP32->RPi,decrypt,119,237,118,3.812,13,esp32_edge_simulator_1,0,normal
12:53:12.940,1023.8,gateway,gateway_B,gatewayB,11,ESP32->RPi,decrypt,120,237,117,3.715,13,esp32_edge_normal_2,0,normal
12:53:13.438,1024.3,gateway,gateway_B,gatewayB,11,ESP32->RPi,decrypt,114,229,115,3.627,13,esp32_edge_normal_1,0,normal
12:53:17.920,1028.8,gateway,gateway_B,gatewayB,11,ESP32->RPi,decrypt,119,237,118,4.183,13,esp32_edge_normal_2,0,normal
12:53:17.926,1028.8,gateway,gateway_B,gatewayB,11,ESP32->RPi,decrypt,114,229,115,4.151,13,esp32_edge_simulator_1,1,mqtt_bruteforce
12:53:18.422,1029.3,gateway,gateway_B,gatewayB,11,ESP32->RPi,decrypt,116,233,117,4.167,13,esp32_edge_normal_1,0,normal
12:53:22.913,1033.8,gateway,gateway_B,gatewayB,11,ESP32->RPi,decrypt,123,241,118,3.972,13,esp32_edge_simulator_1,0,normal
12:53:22.930,1033.8,gateway,gateway_B,gatewayB,11,ESP32->RPi,decrypt,107,221,114,3.528,13,esp32_edge_normal_2,0,normal
12:53:23.417,1034.3,gateway,gateway_B,gatewayB,11,ESP32->RPi,decrypt,121,241,120,4.005,13,esp32_edge_normal_1,0,normal
12:53:27.915,1038.8,gateway,gateway_B,gatewayB,11,ESP32->RPi,decrypt,119,237,118,3.849,13,esp32_edge_simulator_1,0,normal
12:53:27.920,1038.8,gateway,gateway_B,gatewayB,11,ESP32->RPi,decrypt,113,229,116,3.774,13,esp32_edge_normal_2,0,normal
12:53:28.418,1039.3,gateway,gateway_B,gatewayB,11,ESP32->RPi,decrypt,120,237,117,4.144,13,esp32_edge_normal_1,0,normal
12:53:32.913,1043.8,gateway,gateway_B,gatewayB,11,ESP32->RPi,decrypt,112,229,117,4.134,13,esp32_edge_normal_2,0,normal
12:53:32.919,1043.8,gateway,gateway_B,gatewayB,11,ESP32->RPi,decrypt,122,241,119,4.724,13,esp32_edge_simulator_1,0,normal
12:53:33.408,1044.3,gateway,gateway_B,gatewayB,11,ESP32->RPi,decrypt,117,233,116,3.907,13,esp32_edge_normal_1,0,normal
12:53:37.913,1048.8,gateway,gateway_B,gatewayB,11,ESP32->RPi,decrypt,118,237,119,4.355,13,esp32_edge_normal_2,0,normal
12:53:37.921,1048.8,gateway,gateway_B,gatewayB,11,ESP32->RPi,decrypt,112,229,117,4.193,13,esp32_edge_simulator_1,1,mqtt_bruteforce
12:53:38.413,1049.3,gateway,gateway_B,gatewayB,11,ESP32->RPi,decrypt,119,237,118,4.024,13,esp32_edge_normal_1,0,normal
12:53:42.923,1053.8,gateway,gateway_B,gatewayB,11,ESP32->RPi,decrypt,112,229,117,4.085,13,esp32_edge_simulator_1,1,mqtt_bruteforce
12:53:42.929,1053.8,gateway,gateway_B,gatewayB,11,ESP32->RPi,decrypt,119,237,118,4.086,13,esp32_edge_normal_2,0,normal
12:53:43.416,1054.3,gateway,gateway_B,gatewayB,11,ESP32->RPi,decrypt,116,233,117,4.141,13,esp32_edge_normal_1,0,normal
12:53:48.023,1058.9,gateway,gateway_B,gatewayB,11,ESP32->RPi,decrypt,116,233,117,4.08,13,esp32_edge_simulator_1,0,normal
12:53:48.028,1058.9,gateway,gateway_B,gatewayB,11,ESP32->RPi,decrypt,120,237,117,3.994,13,esp32_edge_normal_2,0,normal
12:53:48.411,1059.3,gateway,gateway_B,gatewayB,11,ESP32->RPi,decrypt,117,233,116,4.041,13,esp32_edge_normal_1,0,normal
12:53:52.915,1063.8,gateway,gateway_B,gatewayB,11,ESP32->RPi,decrypt,117,233,116,1.461,13,esp32_edge_normal_2,0,normal
12:53:52.926,1063.8,gateway,gateway_B,gatewayB,11,ESP32->RPi,decrypt,81,185,104,1.117,13,esp32_edge_simulator_1,2,scan_A
12:53:53.851,1064.7,gateway,gateway_B,gatewayB,11,RPi->PC,encrypt,3640,4938,1298,34.211,13,,,
12:53:54.013,1064.9,gateway,gateway_B,gatewayB,11,ESP32->RPi,decrypt,115,233,118,1.375,13,esp32_edge_normal_1,0,normal
12:53:54.395,1065.3,gateway,gateway_B,gatewayB,11,PC->RPi,decrypt,3534,4794,1260,32.345,13,,,
12:53:54.436,1065.3,gateway,gateway_B,gatewayB,11,RPi->ESP32,encrypt,3534,4794,1260,34.645,14,,,
12:54:06.402,1077.3,gateway,gateway_B,gatewayB,11,ESP32->RPi,decrypt,121,241,120,4.408,14,esp32_edge_normal_1,0,normal
12:54:06.411,1077.3,gateway,gateway_B,gatewayB,11,ESP32->RPi,decrypt,120,237,117,4.322,14,esp32_edge_normal_2,0,normal
12:54:06.416,1077.3,gateway,gateway_B,gatewayB,11,ESP32->RPi,decrypt,111,225,114,3.971,14,esp32_edge_simulator_1,1,mqtt_bruteforce
12:54:11.398,1082.3,gateway,gateway_B,gatewayB,11,ESP32->RPi,decrypt,113,229,116,4.175,14,esp32_edge_normal_2,0,normal
12:54:11.405,1082.3,gateway,gateway_B,gatewayB,11,ESP32->RPi,decrypt,119,237,118,4.143,14,esp32_edge_simulator_1,0,normal
12:54:11.413,1082.3,gateway,gateway_B,gatewayB,11,ESP32->RPi,decrypt,121,241,120,4.272,14,esp32_edge_normal_1,0,normal
12:54:16.389,1087.3,gateway,gateway_B,gatewayB,11,ESP32->RPi,decrypt,107,221,114,3.887,14,esp32_edge_normal_2,0,normal
12:54:16.404,1087.3,gateway,gateway_B,gatewayB,11,ESP32->RPi,decrypt,120,237,117,4.027,14,esp32_edge_normal_1,0,normal
12:54:16.411,1087.3,gateway,gateway_B,gatewayB,11,ESP32->RPi,decrypt,81,185,104,3.173,14,esp32_edge_simulator_1,2,scan_A
12:54:21.382,1092.3,gateway,gateway_B,gatewayB,11,ESP32->RPi,decrypt,117,233,116,3.957,14,esp32_edge_normal_1,0,normal
12:54:21.389,1092.3,gateway,gateway_B,gatewayB,11,ESP32->RPi,decrypt,117,233,116,4.144,14,esp32_edge_normal_2,0,normal
12:54:21.411,1092.3,gateway,gateway_B,gatewayB,11,ESP32->RPi,decrypt,109,225,116,4.052,14,esp32_edge_simulator_1,1,mqtt_bruteforce
12:54:26.373,1097.3,gateway,gateway_B,gatewayB,11,ESP32->RPi,decrypt,115,233,118,4.21,14,esp32_edge_normal_2,0,normal
12:54:26.378,1097.3,gateway,gateway_B,gatewayB,11,ESP32->RPi,decrypt,119,237,118,4.071,14,esp32_edge_normal_1,0,normal
12:54:26.416,1097.3,gateway,gateway_B,gatewayB,11,ESP32->RPi,decrypt,121,241,120,4.497,14,esp32_edge_simulator_1,0,normal
12:54:31.383,1102.3,gateway,gateway_B,gatewayB,11,ESP32->RPi,decrypt,113,229,116,4.163,14,esp32_edge_normal_1,0,normal
12:54:31.390,1102.3,gateway,gateway_B,gatewayB,11,ESP32->RPi,decrypt,116,233,117,4.214,14,esp32_edge_normal_2,0,normal
12:54:31.419,1102.3,gateway,gateway_B,gatewayB,11,ESP32->RPi,decrypt,108,221,113,4.06,14,esp32_edge_simulator_1,1,mqtt_bruteforce
12:54:36.374,1107.3,gateway,gateway_B,gatewayB,11,ESP32->RPi,decrypt,119,237,118,4.099,14,esp32_edge_normal_2,0,normal
12:54:36.380,1107.3,gateway,gateway_B,gatewayB,11,ESP32->RPi,decrypt,121,241,120,3.908,14,esp32_edge_normal_1,0,normal
12:54:36.411,1107.3,gateway,gateway_B,gatewayB,11,ESP32->RPi,decrypt,113,229,116,3.691,14,esp32_edge_simulator_1,1,mqtt_bruteforce
12:54:41.369,1112.3,gateway,gateway_B,gatewayB,11,ESP32->RPi,decrypt,113,229,116,3.976,14,esp32_edge_normal_2,0,normal
12:54:41.377,1112.3,gateway,gateway_B,gatewayB,11,ESP32->RPi,decrypt,118,237,119,3.785,14,esp32_edge_normal_1,0,normal
12:54:41.403,1112.3,gateway,gateway_B,gatewayB,11,ESP32->RPi,decrypt,119,237,118,3.853,14,esp32_edge_simulator_1,0,normal
12:54:46.379,1117.3,gateway,gateway_B,gatewayB,11,ESP32->RPi,decrypt,120,237,117,4.42,14,esp32_edge_normal_2,0,normal
12:54:46.384,1117.3,gateway,gateway_B,gatewayB,11,ESP32->RPi,decrypt,113,229,116,3.735,14,esp32_edge_normal_1,0,normal
12:54:46.413,1117.3,gateway,gateway_B,gatewayB,11,ESP32->RPi,decrypt,81,185,104,3.007,14,esp32_edge_simulator_1,2,scan_A
12:54:51.377,1122.3,gateway,gateway_B,gatewayB,11,ESP32->RPi,decrypt,121,241,120,4.052,14,esp32_edge_normal_2,0,normal
12:54:51.382,1122.3,gateway,gateway_B,gatewayB,11,ESP32->RPi,decrypt,118,237,119,4.013,14,esp32_edge_normal_1,0,normal
12:54:52.504,1123.4,gateway,gateway_B,gatewayB,11,RPi->PC,encrypt,3654,4954,1300,36.037,14,,,
12:54:52.583,1123.5,gateway,gateway_B,gatewayB,11,ESP32->RPi,decrypt,81,185,104,1.176,14,esp32_edge_simulator_1,2,scan_A
12:54:52.750,1123.6,gateway,gateway_B,gatewayB,11,PC->RPi,decrypt,3527,4786,1259,34.444,14,,,
12:54:52.791,1123.7,gateway,gateway_B,gatewayB,11,RPi->ESP32,encrypt,3527,4786,1259,33.818,15,,,
12:55:04.652,1135.5,gateway,gateway_B,gatewayB,11,ESP32->RPi,decrypt,118,237,119,4.287,15,esp32_edge_normal_2,0,normal
12:55:04.659,1135.6,gateway,gateway_B,gatewayB,11,ESP32->RPi,decrypt,105,217,112,4.046,15,esp32_edge_simulator_1,2,scan_A
12:55:04.682,1135.6,gateway,gateway_B,gatewayB,11,ESP32->RPi,decrypt,116,233,117,3.801,15,esp32_edge_normal_1,0,normal
12:55:09.635,1140.5,gateway,gateway_B,gatewayB,11,ESP32->RPi,decrypt,117,233,116,3.722,15,esp32_edge_normal_2,0,normal
12:55:09.660,1140.6,gateway,gateway_B,gatewayB,11,ESP32->RPi,decrypt,101,213,112,3.347,15,esp32_edge_simulator_1,2,scan_A
12:55:09.686,1140.6,gateway,gateway_B,gatewayB,11,ESP32->RPi,decrypt,118,237,119,3.705,15,esp32_edge_normal_1,0,normal
12:55:14.626,1145.5,gateway,gateway_B,gatewayB,11,ESP32->RPi,decrypt,113,229,116,4.32,15,esp32_edge_normal_2,0,normal
12:55:14.652,1145.5,gateway,gateway_B,gatewayB,11,ESP32->RPi,decrypt,123,241,118,4.499,15,esp32_edge_simulator_1,0,normal
12:55:14.679,1145.6,gateway,gateway_B,gatewayB,11,ESP32->RPi,decrypt,115,233,118,4.333,15,esp32_edge_normal_1,0,normal
12:55:19.623,1150.5,gateway,gateway_B,gatewayB,11,ESP32->RPi,decrypt,118,237,119,4.221,15,esp32_edge_normal_2,0,normal
12:55:19.656,1150.6,gateway,gateway_B,gatewayB,11,ESP32->RPi,decrypt,120,237,117,4.419,15,esp32_edge_simulator_1,0,normal
12:55:19.689,1150.6,gateway,gateway_B,gatewayB,11,ESP32->RPi,decrypt,117,233,116,4.409,15,esp32_edge_normal_1,0,normal
12:55:24.629,1155.5,gateway,gateway_B,gatewayB,11,ESP32->RPi,decrypt,117,233,116,4.093,15,esp32_edge_normal_2,0,normal
12:55:24.660,1155.6,gateway,gateway_B,gatewayB,11,ESP32->RPi,decrypt,81,185,104,3.776,15,esp32_edge_simulator_1,2,scan_A
12:55:24.666,1155.6,gateway,gateway_B,gatewayB,11,ESP32->RPi,decrypt,115,233,118,4.078,15,esp32_edge_normal_1,0,normal
12:55:29.628,1160.5,gateway,gateway_B,gatewayB,11,ESP32->RPi,decrypt,121,241,120,4.51,15,esp32_edge_normal_2,0,normal
12:55:29.651,1160.5,gateway,gateway_B,gatewayB,11,ESP32->RPi,decrypt,119,237,118,4.243,15,esp32_edge_simulator_1,0,normal
12:55:29.660,1160.6,gateway,gateway_B,gatewayB,11,ESP32->RPi,decrypt,118,237,119,4.337,15,esp32_edge_normal_1,0,normal
12:55:34.620,1165.5,gateway,gateway_B,gatewayB,11,ESP32->RPi,decrypt,117,233,116,4.155,15,esp32_edge_normal_2,0,normal
12:55:34.662,1165.6,gateway,gateway_B,gatewayB,11,ESP32->RPi,decrypt,81,185,104,3.16,15,esp32_edge_simulator_1,2,scan_A
12:55:34.675,1165.6,gateway,gateway_B,gatewayB,11,ESP32->RPi,decrypt,113,229,116,4.141,15,esp32_edge_normal_1,0,normal
12:55:39.618,1170.5,gateway,gateway_B,gatewayB,11,ESP32->RPi,decrypt,120,237,117,4.011,15,esp32_edge_normal_2,0,normal
12:55:39.652,1170.5,gateway,gateway_B,gatewayB,11,ESP32->RPi,decrypt,124,245,121,4.172,15,esp32_edge_simulator_1,0,normal
12:55:39.665,1170.6,gateway,gateway_B,gatewayB,11,ESP32->RPi,decrypt,118,237,119,4.649,15,esp32_edge_normal_1,0,normal
12:55:44.619,1175.5,gateway,gateway_B,gatewayB,11,ESP32->RPi,decrypt,113,229,116,4.109,15,esp32_edge_normal_2,0,normal
12:55:44.660,1175.6,gateway,gateway_B,gatewayB,11,ESP32->RPi,decrypt,117,233,116,4.239,15,esp32_edge_normal_1,0,normal
12:55:44.666,1175.6,gateway,gateway_B,gatewayB,11,ESP32->RPi,decrypt,112,229,117,4.699,15,esp32_edge_simulator_1,1,mqtt_bruteforce
12:55:49.621,1180.5,gateway,gateway_B,gatewayB,11,ESP32->RPi,decrypt,114,229,115,4.575,15,esp32_edge_normal_2,0,normal
12:55:49.762,1180.7,gateway,gateway_B,gatewayB,11,ESP32->RPi,decrypt,107,221,114,2.351,15,esp32_edge_simulator_1,2,scan_A
12:55:50.719,1181.6,gateway,gateway_B,gatewayB,11,RPi->PC,encrypt,3638,4934,1296,34.48,15,,,
12:55:50.856,1181.7,gateway,gateway_B,gatewayB,11,ESP32->RPi,decrypt,119,237,118,1.503,15,esp32_edge_normal_1,0,normal
12:55:51.225,1182.1,gateway,gateway_B,gatewayB,11,PC->RPi,decrypt,3545,4810,1265,33.414,15,,,
12:55:51.264,1182.2,gateway,gateway_B,gatewayB,11,RPi->ESP32,encrypt,3545,4810,1265,31.988,16,,,
12:56:03.124,1194.0,gateway,gateway_B,gatewayB,11,ESP32->RPi,decrypt,121,241,120,4.187,16,esp32_edge_normal_1,0,normal
12:56:03.130,1194.0,gateway,gateway_B,gatewayB,11,ESP32->RPi,decrypt,99,209,110,3.713,16,esp32_edge_simulator_1,2,scan_A
12:56:03.646,1194.5,gateway,gateway_B,gatewayB,11,ESP32->RPi,decrypt,120,237,117,4.348,16,esp32_edge_normal_2,0,normal
12:56:08.130,1199.0,gateway,gateway_B,gatewayB,11,ESP32->RPi,decrypt,117,233,116,4.123,16,esp32_edge_normal_1,0,normal
12:56:08.135,1199.0,gateway,gateway_B,gatewayB,11,ESP32->RPi,decrypt,106,221,115,3.845,16,esp32_edge_simulator_1,1,mqtt_bruteforce
12:56:08.635,1199.5,gateway,gateway_B,gatewayB,11,ESP32->RPi,decrypt,118,237,119,4.014,16,esp32_edge_normal_2,0,normal
12:56:13.132,1204.0,gateway,gateway_B,gatewayB,11,ESP32->RPi,decrypt,113,229,116,4.23,16,esp32_edge_simulator_1,1,mqtt_bruteforce
12:56:13.138,1204.0,gateway,gateway_B,gatewayB,11,ESP32->RPi,decrypt,116,233,117,4.318,16,esp32_edge_normal_1,0,normal
12:56:13.626,1204.5,gateway,gateway_B,gatewayB,11,ESP32->RPi,decrypt,120,237,117,4.366,16,esp32_edge_normal_2,0,normal
12:56:18.117,1209.0,gateway,gateway_B,gatewayB,11,ESP32->RPi,decrypt,117,233,116,1.391,16,esp32_edge_normal_1,0,normal
12:56:18.164,1209.1,gateway,gateway_B,gatewayB,11,ESP32->RPi,decrypt,120,237,117,1.441,16,esp32_edge_simulator_1,0,normal
12:56:18.617,1209.5,gateway,gateway_B,gatewayB,11,ESP32->RPi,decrypt,113,229,116,1.315,16,esp32_edge_normal_2,0,normal
12:56:23.107,1214.0,gateway,gateway_B,gatewayB,11,ESP32->RPi,decrypt,116,233,117,3.923,16,esp32_edge_normal_1,0,normal
12:56:23.131,1214.0,gateway,gateway_B,gatewayB,11,ESP32->RPi,decrypt,109,225,116,3.357,16,esp32_edge_simulator_1,1,mqtt_bruteforce
12:56:23.619,1214.5,gateway,gateway_B,gatewayB,11,ESP32->RPi,decrypt,120,237,117,4.043,16,esp32_edge_normal_2,0,normal
12:56:28.111,1219.0,gateway,gateway_B,gatewayB,11,ESP32->RPi,decrypt,115,233,118,4.035,16,esp32_edge_normal_1,0,normal
12:56:28.131,1219.0,gateway,gateway_B,gatewayB,11,ESP32->RPi,decrypt,102,213,111,3.897,16,esp32_edge_simulator_1,2,scan_A
12:56:28.619,1219.5,gateway,gateway_B,gatewayB,11,ESP32->RPi,decrypt,118,237,119,4.073,16,esp32_edge_normal_2,0,normal
12:56:33.105,1224.0,gateway,gateway_B,gatewayB,11,ESP32->RPi,decrypt,121,241,120,4.477,16,esp32_edge_normal_1,0,normal
12:56:33.133,1224.0,gateway,gateway_B,gatewayB,11,ESP32->RPi,decrypt,112,229,117,3.704,16,esp32_edge_simulator_1,1,mqtt_bruteforce
12:56:33.608,1224.5,gateway,gateway_B,gatewayB,11,ESP32->RPi,decrypt,107,221,114,4.128,16,esp32_edge_normal_2,0,normal
12:56:38.115,1229.0,gateway,gateway_B,gatewayB,11,ESP32->RPi,decrypt,120,237,117,1.505,16,esp32_edge_normal_1,0,normal
12:56:38.129,1229.0,gateway,gateway_B,gatewayB,11,ESP32->RPi,decrypt,108,221,113,1.376,16,esp32_edge_simulator_1,2,scan_A
12:56:38.604,1229.5,gateway,gateway_B,gatewayB,11,ESP32->RPi,decrypt,121,241,120,1.497,16,esp32_edge_normal_2,0,normal
12:56:43.119,1234.0,gateway,gateway_B,gatewayB,11,ESP32->RPi,decrypt,119,237,118,1.482,16,esp32_edge_simulator_1,0,normal
12:56:43.132,1234.0,gateway,gateway_B,gatewayB,11,ESP32->RPi,decrypt,114,229,115,1.506,16,esp32_edge_normal_1,0,normal
12:56:43.600,1234.5,gateway,gateway_B,gatewayB,11,ESP32->RPi,decrypt,117,233,116,1.5,16,esp32_edge_normal_2,0,normal
12:56:48.228,1239.1,gateway,gateway_B,gatewayB,11,ESP32->RPi,decrypt,117,233,116,4.367,16,esp32_edge_normal_1,0,normal
12:56:48.233,1239.1,gateway,gateway_B,gatewayB,11,ESP32->RPi,decrypt,112,229,117,4.156,16,esp32_edge_simulator_1,1,mqtt_bruteforce
12:56:49.237,1240.1,gateway,gateway_B,gatewayB,11,RPi->PC,encrypt,3648,4946,1298,44.335,16,,,
12:56:54.257,1245.2,gateway,gateway_B,gatewayB,11,ESP32->RPi,decrypt,120,237,117,4.147,16,esp32_edge_normal_2,0,normal
12:56:54.262,1245.2,gateway,gateway_B,gatewayB,11,ESP32->RPi,decrypt,118,237,119,3.741,16,esp32_edge_normal_1,0,normal
12:56:54.267,1245.2,gateway,gateway_B,gatewayB,11,ESP32->RPi,decrypt,112,229,117,3.998,16,esp32_edge_simulator_1,1,mqtt_bruteforce
12:56:54.272,1245.2,gateway,gateway_B,gatewayB,11,ESP32->RPi,decrypt,118,237,119,3.971,16,esp32_edge_normal_2,0,normal
12:56:58.104,1249.0,gateway,gateway_B,gatewayB,11,ESP32->RPi,decrypt,107,221,114,3.963,16,esp32_edge_normal_1,0,normal
12:56:58.129,1249.0,gateway,gateway_B,gatewayB,11,ESP32->RPi,decrypt,108,221,113,3.531,16,esp32_edge_simulator_1,2,scan_A
12:56:58.602,1249.5,gateway,gateway_B,gatewayB,11,ESP32->RPi,decrypt,117,233,116,4.397,16,esp32_edge_normal_2,0,normal
12:57:03.106,1254.0,gateway,gateway_B,gatewayB,11,ESP32->RPi,decrypt,116,233,117,4.16,16,esp32_edge_normal_1,0,normal
12:57:03.131,1254.0,gateway,gateway_B,gatewayB,11,ESP32->RPi,decrypt,111,225,114,4.024,16,esp32_edge_simulator_1,1,mqtt_bruteforce
12:57:03.613,1254.5,gateway,gateway_B,gatewayB,11,ESP32->RPi,decrypt,120,237,117,4.275,16,esp32_edge_normal_2,0,normal
12:57:08.105,1259.0,gateway,gateway_B,gatewayB,11,ESP32->RPi,decrypt,117,233,116,4.127,16,esp32_edge_normal_1,0,normal
12:57:08.132,1259.0,gateway,gateway_B,gatewayB,11,ESP32->RPi,decrypt,107,221,114,3.185,16,esp32_edge_simulator_1,2,scan_A
12:57:08.621,1259.5,gateway,gateway_B,gatewayB,11,ESP32->RPi,decrypt,113,229,116,3.672,16,esp32_edge_normal_2,0,normal
12:57:13.106,1264.0,gateway,gateway_B,gatewayB,11,ESP32->RPi,decrypt,117,233,116,4.087,16,esp32_edge_normal_1,0,normal
12:57:13.131,1264.0,gateway,gateway_B,gatewayB,11,ESP32->RPi,decrypt,110,225,115,3.947,16,esp32_edge_simulator_1,1,mqtt_bruteforce
12:57:13.606,1264.5,gateway,gateway_B,gatewayB,11,ESP32->RPi,decrypt,117,233,116,4.505,16,esp32_edge_normal_2,0,normal
12:57:18.104,1269.0,gateway,gateway_B,gatewayB,11,ESP32->RPi,decrypt,114,229,115,4.184,16,esp32_edge_normal_1,0,normal
12:57:18.139,1269.0,gateway,gateway_B,gatewayB,11,ESP32->RPi,decrypt,111,225,114,3.974,16,esp32_edge_simulator_1,1,mqtt_bruteforce
12:57:18.603,1269.5,gateway,gateway_B,gatewayB,11,ESP32->RPi,decrypt,115,233,118,3.919,16,esp32_edge_normal_2,0,normal
12:57:23.105,1274.0,gateway,gateway_B,gatewayB,11,ESP32->RPi,decrypt,115,233,118,3.983,16,esp32_edge_normal_1,0,normal
12:57:23.128,1274.0,gateway,gateway_B,gatewayB,11,ESP32->RPi,decrypt,81,185,104,2.695,16,esp32_edge_simulator_1,2,scan_A
12:57:23.606,1274.5,gateway,gateway_B,gatewayB,11,ESP32->RPi,decrypt,119,237,118,3.953,16,esp32_edge_normal_2,0,normal
12:57:28.107,1279.0,gateway,gateway_B,gatewayB,11,ESP32->RPi,decrypt,120,237,117,4.054,16,esp32_edge_normal_1,0,normal
12:57:28.134,1279.0,gateway,gateway_B,gatewayB,11,ESP32->RPi,decrypt,104,217,113,3.08,16,esp32_edge_simulator_1,2,scan_A
12:57:28.606,1279.5,gateway,gateway_B,gatewayB,11,ESP32->RPi,decrypt,116,233,117,1.391,16,esp32_edge_normal_2,0,normal
12:57:33.099,1284.0,gateway,gateway_B,gatewayB,11,ESP32->RPi,decrypt,120,237,117,1.429,16,esp32_edge_normal_1,0,normal
12:57:33.127,1284.0,gateway,gateway_B,gatewayB,11,ESP32->RPi,decrypt,111,225,114,1.296,16,esp32_edge_simulator_1,1,mqtt_bruteforce
12:57:33.602,1284.5,gateway,gateway_B,gatewayB,11,ESP32->RPi,decrypt,121,241,120,4.371,16,esp32_edge_normal_2,0,normal
12:57:38.106,1289.0,gateway,gateway_B,gatewayB,11,ESP32->RPi,decrypt,119,237,118,4.051,16,esp32_edge_normal_1,0,normal
12:57:38.129,1289.0,gateway,gateway_B,gatewayB,11,ESP32->RPi,decrypt,104,217,113,3.691,16,esp32_edge_simulator_1,2,scan_A
12:57:39.248,1290.1,gateway,gateway_B,gatewayB,11,RPi->PC,encrypt,3647,4946,1299,36.87,16,,,
12:57:39.390,1290.3,gateway,gateway_B,gatewayB,11,ESP32->RPi,decrypt,114,229,115,1.515,16,esp32_edge_normal_2,0,normal
12:57:40.095,1291.0,gateway,gateway_B,gatewayB,11,PC->RPi,decrypt,3541,4806,1265,33.059,16,,,
12:57:40.138,1291.0,gateway,gateway_B,gatewayB,11,RPi->ESP32,encrypt,3541,4806,1265,34.847,17,,,
12:57:52.075,1303.0,gateway,gateway_B,gatewayB,11,ESP32->RPi,decrypt,118,237,119,1.394,17,esp32_edge_normal_1,0,normal
12:57:52.082,1303.0,gateway,gateway_B,gatewayB,11,ESP32->RPi,decrypt,117,233,116,1.336,17,esp32_edge_normal_2,0,normal
12:57:52.090,1303.0,gateway,gateway_B,gatewayB,11,ESP32->RPi,decrypt,112,229,117,1.342,17,esp32_edge_simulator_1,1,mqtt_bruteforce
12:57:57.074,1308.0,gateway,gateway_B,gatewayB,11,ESP32->RPi,decrypt,117,233,116,3.96,17,esp32_edge_normal_2,0,normal
12:57:57.080,1308.0,gateway,gateway_B,gatewayB,11,ESP32->RPi,decrypt,119,237,118,3.943,17,esp32_edge_normal_1,0,normal
12:57:57.093,1308.0,gateway,gateway_B,gatewayB,11,ESP32->RPi,decrypt,107,221,114,3.771,17,esp32_edge_simulator_1,2,scan_A
12:58:02.070,1313.0,gateway,gateway_B,gatewayB,11,ESP32->RPi,decrypt,117,233,116,3.421,17,esp32_edge_normal_2,0,normal
12:58:02.084,1313.0,gateway,gateway_B,gatewayB,11,ESP32->RPi,decrypt,116,233,117,3.576,17,esp32_edge_normal_1,0,normal
12:58:02.095,1313.0,gateway,gateway_B,gatewayB,11,ESP32->RPi,decrypt,107,221,114,3.48,17,esp32_edge_simulator_1,2,scan_A
12:58:07.054,1317.9,gateway,gateway_B,gatewayB,11,ESP32->RPi,decrypt,116,233,117,4.437,17,esp32_edge_normal_2,0,normal
12:58:07.084,1318.0,gateway,gateway_B,gatewayB,11,ESP32->RPi,decrypt,116,233,117,4.425,17,esp32_edge_normal_1,0,normal
12:58:07.091,1318.0,gateway,gateway_B,gatewayB,11,ESP32->RPi,decrypt,81,185,104,3.288,17,esp32_edge_simulator_1,2,scan_A
12:58:12.068,1323.0,gateway,gateway_B,gatewayB,11,ESP32->RPi,decrypt,114,229,115,3.915,17,esp32_edge_normal_2,0,normal
12:58:12.079,1323.0,gateway,gateway_B,gatewayB,11,ESP32->RPi,decrypt,120,237,117,4.184,17,esp32_edge_normal_1,0,normal
12:58:12.089,1323.0,gateway,gateway_B,gatewayB,11,ESP32->RPi,decrypt,120,237,117,4.507,17,esp32_edge_simulator_1,0,normal
12:58:17.056,1328.0,gateway,gateway_B,gatewayB,11,ESP32->RPi,decrypt,114,229,115,4.212,17,esp32_edge_normal_2,0,normal
12:58:17.093,1328.0,gateway,gateway_B,gatewayB,11,ESP32->RPi,decrypt,107,221,114,4.055,17,esp32_edge_simulator_1,2,scan_A
12:58:17.102,1328.0,gateway,gateway_B,gatewayB,11,ESP32->RPi,decrypt,120,237,117,4.588,17,esp32_edge_normal_1,0,normal
12:58:22.048,1332.9,gateway,gateway_B,gatewayB,11,ESP32->RPi,decrypt,118,237,119,3.594,17,esp32_edge_normal_2,0,normal
12:58:22.093,1333.0,gateway,gateway_B,gatewayB,11,ESP32->RPi,decrypt,121,241,120,4.12,17,esp32_edge_simulator_1,0,normal
12:58:22.108,1333.0,gateway,gateway_B,gatewayB,11,ESP32->RPi,decrypt,119,237,118,4.318,17,esp32_edge_normal_1,0,normal
12:58:27.053,1337.9,gateway,gateway_B,gatewayB,11,ESP32->RPi,decrypt,117,233,116,4.251,17,esp32_edge_normal_2,0,normal
12:58:27.091,1338.0,gateway,gateway_B,gatewayB,11,ESP32->RPi,decrypt,113,229,116,4.107,17,esp32_edge_normal_1,0,normal
12:58:27.097,1338.0,gateway,gateway_B,gatewayB,11,ESP32->RPi,decrypt,106,221,115,3.837,17,esp32_edge_simulator_1,1,mqtt_bruteforce
12:58:32.045,1342.9,gateway,gateway_B,gatewayB,11,ESP32->RPi,decrypt,115,233,118,3.838,17,esp32_edge_normal_2,0,normal
12:58:32.084,1343.0,gateway,gateway_B,gatewayB,11,ESP32->RPi,decrypt,118,237,119,4.148,17,esp32_edge_simulator_1,0,normal
12:58:32.092,1343.0,gateway,gateway_B,gatewayB,11,ESP32->RPi,decrypt,117,233,116,4.741,17,esp32_edge_normal_1,0,normal
12:58:37.050,1347.9,gateway,gateway_B,gatewayB,11,ESP32->RPi,decrypt,116,233,117,4.303,17,esp32_edge_normal_2,0,normal
12:58:37.079,1348.0,gateway,gateway_B,gatewayB,11,ESP32->RPi,decrypt,117,233,116,4.608,17,esp32_edge_normal_1,0,normal
12:58:38.015,1348.9,gateway,gateway_B,gatewayB,11,RPi->PC,encrypt,3641,4938,1297,35.677,17,,,
12:58:38.066,1349.0,gateway,gateway_B,gatewayB,11,ESP32->RPi,decrypt,123,241,118,1.552,17,esp32_edge_simulator_1,0,normal
12:58:40.341,1351.2,gateway,gateway_B,gatewayB,11,PC->RPi,decrypt,3533,4794,1261,33.122,17,,,
12:58:40.380,1351.3,gateway,gateway_B,gatewayB,11,RPi->ESP32,encrypt,3533,4794,1261,32.756,18,,,
12:58:52.308,1363.2,gateway,gateway_B,gatewayB,11,ESP32->RPi,decrypt,124,245,121,1.516,18,esp32_edge_simulator_1,0,normal
12:58:52.779,1363.7,gateway,gateway_B,gatewayB,11,ESP32->RPi,decrypt,115,233,118,1.413,18,esp32_edge_normal_2,0,normal
12:58:52.790,1363.7,gateway,gateway_B,gatewayB,11,ESP32->RPi,decrypt,116,233,117,1.413,18,esp32_edge_normal_1,0,normal
12:58:57.321,1368.2,gateway,gateway_B,gatewayB,11,ESP32->RPi,decrypt,108,221,113,3.771,18,esp32_edge_simulator_1,2,scan_A
12:58:57.788,1368.7,gateway,gateway_B,gatewayB,11,ESP32->RPi,decrypt,120,237,117,4.32,18,esp32_edge_normal_2,0,normal
12:58:57.795,1368.7,gateway,gateway_B,gatewayB,11,ESP32->RPi,decrypt,116,233,117,4.079,18,esp32_edge_normal_1,0,normal
12:59:02.314,1373.2,gateway,gateway_B,gatewayB,11,ESP32->RPi,decrypt,122,241,119,4.442,18,esp32_edge_simulator_1,0,normal
12:59:02.784,1373.7,gateway,gateway_B,gatewayB,11,ESP32->RPi,decrypt,108,221,113,3.93,18,esp32_edge_normal_2,0,normal
12:59:02.812,1373.7,gateway,gateway_B,gatewayB,11,ESP32->RPi,decrypt,118,237,119,4.088,18,esp32_edge_normal_1,0,normal
12:59:07.321,1378.2,gateway,gateway_B,gatewayB,11,ESP32->RPi,decrypt,113,229,116,3.82,18,esp32_edge_simulator_1,1,mqtt_bruteforce
12:59:07.767,1378.7,gateway,gateway_B,gatewayB,11,ESP32->RPi,decrypt,113,229,116,3.954,18,esp32_edge_normal_2,0,normal
12:59:07.791,1378.7,gateway,gateway_B,gatewayB,11,ESP32->RPi,decrypt,116,233,117,3.787,18,esp32_edge_normal_1,0,normal
12:59:12.317,1383.2,gateway,gateway_B,gatewayB,11,ESP32->RPi,decrypt,119,237,118,3.854,18,esp32_edge_simulator_1,0,normal
12:59:12.770,1383.7,gateway,gateway_B,gatewayB,11,ESP32->RPi,decrypt,114,229,115,3.806,18,esp32_edge_normal_2,0,normal
12:59:12.793,1383.7,gateway,gateway_B,gatewayB,11,ESP32->RPi,decrypt,118,237,119,3.875,18,esp32_edge_normal_1,0,normal
12:59:17.314,1388.2,gateway,gateway_B,gatewayB,11,ESP32->RPi,decrypt,123,241,118,4.062,18,esp32_edge_simulator_1,0,normal
12:59:17.768,1388.7,gateway,gateway_B,gatewayB,11,ESP32->RPi,decrypt,119,237,118,3.867,18,esp32_edge_normal_2,0,normal
12:59:17.794,1388.7,gateway,gateway_B,gatewayB,11,ESP32->RPi,decrypt,118,237,119,4.175,18,esp32_edge_normal_1,0,normal
12:59:22.320,1393.2,gateway,gateway_B,gatewayB,11,ESP32->RPi,decrypt,108,221,113,3.837,18,esp32_edge_simulator_1,2,scan_A
12:59:22.770,1393.7,gateway,gateway_B,gatewayB,11,ESP32->RPi,decrypt,117,233,116,4.248,18,esp32_edge_normal_2,0,normal
12:59:22.813,1393.7,gateway,gateway_B,gatewayB,11,ESP32->RPi,decrypt,107,221,114,4.492,18,esp32_edge_normal_1,0,normal
12:59:27.316,1398.2,gateway,gateway_B,gatewayB,11,ESP32->RPi,decrypt,111,225,114,1.329,18,esp32_edge_simulator_1,1,mqtt_bruteforce
12:59:27.757,1398.7,gateway,gateway_B,gatewayB,11,ESP32->RPi,decrypt,117,233,116,1.437,18,esp32_edge_normal_2,0,normal
12:59:27.796,1398.7,gateway,gateway_B,gatewayB,11,ESP32->RPi,decrypt,118,237,119,1.387,18,esp32_edge_normal_1,0,normal
12:59:32.317,1403.2,gateway,gateway_B,gatewayB,11,ESP32->RPi,decrypt,120,237,117,4.294,18,esp32_edge_simulator_1,0,normal
12:59:32.770,1403.7,gateway,gateway_B,gatewayB,11,ESP32->RPi,decrypt,114,229,115,4.073,18,esp32_edge_normal_2,0,normal
12:59:32.792,1403.7,gateway,gateway_B,gatewayB,11,ESP32->RPi,decrypt,117,233,116,4.11,18,esp32_edge_normal_1,0,normal
12:59:37.319,1408.2,gateway,gateway_B,gatewayB,11,ESP32->RPi,decrypt,81,185,104,3.192,18,esp32_edge_simulator_1,2,scan_A
12:59:37.768,1408.7,gateway,gateway_B,gatewayB,11,ESP32->RPi,decrypt,113,229,116,4.1,18,esp32_edge_normal_2,0,normal
12:59:38.740,1409.6,gateway,gateway_B,gatewayB,11,RPi->PC,encrypt,3650,4950,1300,33.503,18,,,
12:59:38.810,1409.7,gateway,gateway_B,gatewayB,11,ESP32->RPi,decrypt,120,237,117,1.52,18,esp32_edge_normal_1,0,normal
12:59:39.050,1409.9,gateway,gateway_B,gatewayB,11,PC->RPi,decrypt,3534,4794,1260,32.988,18,,,
12:59:39.088,1410.0,gateway,gateway_B,gatewayB,11,RPi->ESP32,encrypt,3534,4794,1260,31.303,19,,,
12:59:50.967,1421.9,gateway,gateway_B,gatewayB,11,ESP32->RPi,decrypt,115,233,118,1.295,19,esp32_edge_normal_2,0,normal
12:59:50.969,1421.9,gateway,gateway_B,gatewayB,11,ESP32->RPi,decrypt,120,237,117,1.278,19,esp32_edge_normal_1,0,normal
12:59:50.974,1421.9,gateway,gateway_B,gatewayB,11,ESP32->RPi,decrypt,108,221,113,1.208,19,esp32_edge_simulator_1,2,scan_A
12:59:55.955,1426.8,gateway,gateway_B,gatewayB,11,ESP32->RPi,decrypt,106,221,115,3.891,19,esp32_edge_normal_2,0,normal
12:59:55.972,1426.9,gateway,gateway_B,gatewayB,11,ESP32->RPi,decrypt,112,229,117,4.486,19,esp32_edge_normal_1,0,normal
12:59:55.979,1426.9,gateway,gateway_B,gatewayB,11,ESP32->RPi,decrypt,107,221,114,4.95,19,esp32_edge_simulator_1,2,scan_A
13:00:00.951,1431.8,gateway,gateway_B,gatewayB,11,ESP32->RPi,decrypt,117,233,116,4.255,19,esp32_edge_normal_2,0,normal
13:00:00.970,1431.9,gateway,gateway_B,gatewayB,11,ESP32->RPi,decrypt,114,229,115,3.99,19,esp32_edge_normal_1,0,normal
13:00:00.975,1431.9,gateway,gateway_B,gatewayB,11,ESP32->RPi,decrypt,123,241,118,4.003,19,esp32_edge_simulator_1,0,normal
13:00:05.936,1436.8,gateway,gateway_B,gatewayB,11,ESP32->RPi,decrypt,114,229,115,3.896,19,esp32_edge_normal_2,0,normal
13:00:05.971,1436.9,gateway,gateway_B,gatewayB,11,ESP32->RPi,decrypt,113,229,116,4.274,19,esp32_edge_normal_1,0,normal
13:00:05.978,1436.9,gateway,gateway_B,gatewayB,11,ESP32->RPi,decrypt,81,185,104,3.641,19,esp32_edge_simulator_1,2,scan_A
13:00:10.944,1441.8,gateway,gateway_B,gatewayB,11,ESP32->RPi,decrypt,120,237,117,4.403,19,esp32_edge_normal_2,0,normal
13:00:10.972,1441.9,gateway,gateway_B,gatewayB,11,ESP32->RPi,decrypt,115,233,118,4.842,19,esp32_edge_normal_1,0,normal
13:00:10.978,1441.9,gateway,gateway_B,gatewayB,11,ESP32->RPi,decrypt,123,241,118,4.396,19,esp32_edge_simulator_1,0,normal
13:00:15.932,1446.8,gateway,gateway_B,gatewayB,11,ESP32->RPi,decrypt,120,237,117,4.396,19,esp32_edge_normal_2,0,normal
13:00:15.971,1446.9,gateway,gateway_B,gatewayB,11,ESP32->RPi,decrypt,114,229,115,4.396,19,esp32_edge_normal_1,0,normal
13:00:15.978,1446.9,gateway,gateway_B,gatewayB,11,ESP32->RPi,decrypt,112,229,117,4.128,19,esp32_edge_simulator_1,1,mqtt_bruteforce
13:00:20.934,1451.8,gateway,gateway_B,gatewayB,11,ESP32->RPi,decrypt,118,237,119,4.024,19,esp32_edge_normal_2,0,normal
13:00:20.970,1451.9,gateway,gateway_B,gatewayB,11,ESP32->RPi,decrypt,117,233,116,3.812,19,esp32_edge_normal_1,0,normal
13:00:20.983,1451.9,gateway,gateway_B,gatewayB,11,ESP32->RPi,decrypt,108,221,113,3.819,19,esp32_edge_simulator_1,2,scan_A
13:00:25.950,1456.8,gateway,gateway_B,gatewayB,11,ESP32->RPi,decrypt,113,229,116,3.781,19,esp32_edge_normal_2,0,normal
13:00:25.970,1456.9,gateway,gateway_B,gatewayB,11,ESP32->RPi,decrypt,118,237,119,3.912,19,esp32_edge_normal_1,0,normal
13:00:25.979,1456.9,gateway,gateway_B,gatewayB,11,ESP32->RPi,decrypt,108,221,113,3.832,19,esp32_edge_simulator_1,2,scan_A
13:00:30.934,1461.8,gateway,gateway_B,gatewayB,11,ESP32->RPi,decrypt,121,241,120,4.29,19,esp32_edge_normal_2,0,normal
13:00:30.970,1461.9,gateway,gateway_B,gatewayB,11,ESP32->RPi,decrypt,120,237,117,4.523,19,esp32_edge_normal_1,0,normal
13:00:30.987,1461.9,gateway,gateway_B,gatewayB,11,ESP32->RPi,decrypt,112,229,117,3.43,19,esp32_edge_simulator_1,1,mqtt_bruteforce
13:00:35.929,1466.8,gateway,gateway_B,gatewayB,11,ESP32->RPi,decrypt,115,233,118,4.222,19,esp32_edge_normal_2,0,normal
13:00:35.969,1466.9,gateway,gateway_B,gatewayB,11,ESP32->RPi,decrypt,117,233,116,4.67,19,esp32_edge_normal_1,0,normal
13:00:36.932,1467.8,gateway,gateway_B,gatewayB,11,RPi->PC,encrypt,3646,4946,1300,31.374,19,,,
13:00:37.003,1467.9,gateway,gateway_B,gatewayB,11,ESP32->RPi,decrypt,120,237,117,1.403,19,esp32_edge_simulator_1,0,normal
13:00:37.305,1468.2,gateway,gateway_B,gatewayB,11,PC->RPi,decrypt,3531,4790,1259,29.777,19,,,
13:00:37.346,1468.2,gateway,gateway_B,gatewayB,11,RPi->ESP32,encrypt,3531,4790,1259,34.371,20,,,
13:00:49.284,1480.2,gateway,gateway_B,gatewayB,11,ESP32->RPi,decrypt,117,233,116,4.231,20,esp32_edge_normal_2,0,normal
13:00:49.289,1480.2,gateway,gateway_B,gatewayB,11,ESP32->RPi,decrypt,124,245,121,4.116,20,esp32_edge_simulator_1,0,normal
13:00:49.758,1480.7,gateway,gateway_B,gatewayB,11,ESP32->RPi,decrypt,120,237,117,1.414,20,esp32_edge_normal_1,0,normal
13:00:54.256,1485.2,gateway,gateway_B,gatewayB,11,ESP32->RPi,decrypt,114,229,115,1.304,20,esp32_edge_normal_2,0,normal
13:00:54.265,1485.2,gateway,gateway_B,gatewayB,11,ESP32->RPi,decrypt,110,225,115,1.205,20,esp32_edge_simulator_1,1,mqtt_bruteforce
13:00:54.749,1485.6,gateway,gateway_B,gatewayB,11,ESP32->RPi,decrypt,114,229,115,3.946,20,esp32_edge_normal_1,0,normal
13:00:59.239,1490.1,gateway,gateway_B,gatewayB,11,ESP32->RPi,decrypt,113,229,116,3.925,20,esp32_edge_normal_2,0,normal
13:00:59.260,1490.2,gateway,gateway_B,gatewayB,11,ESP32->RPi,decrypt,121,241,120,3.764,20,esp32_edge_simulator_1,0,normal
13:00:59.743,1490.6,gateway,gateway_B,gatewayB,11,ESP32->RPi,decrypt,120,237,117,4.087,20,esp32_edge_normal_1,0,normal
13:01:04.222,1495.1,gateway,gateway_B,gatewayB,11,ESP32->RPi,decrypt,121,241,120,4.147,20,esp32_edge_normal_2,0,normal
13:01:04.275,1495.2,gateway,gateway_B,gatewayB,11,ESP32->RPi,decrypt,113,229,116,4.58,20,esp32_edge_simulator_1,1,mqtt_bruteforce
13:01:04.748,1495.6,gateway,gateway_B,gatewayB,11,ESP32->RPi,decrypt,118,237,119,3.139,20,esp32_edge_normal_1,0,normal
13:01:09.223,1500.1,gateway,gateway_B,gatewayB,11,ESP32->RPi,decrypt,116,233,117,4.174,20,esp32_edge_normal_2,0,normal
13:01:09.260,1500.2,gateway,gateway_B,gatewayB,11,ESP32->RPi,decrypt,119,237,118,4.283,20,esp32_edge_simulator_1,0,normal
13:01:09.737,1500.6,gateway,gateway_B,gatewayB,11,ESP32->RPi,decrypt,119,237,118,3.959,20,esp32_edge_normal_1,0,normal
13:01:14.227,1505.1,gateway,gateway_B,gatewayB,11,ESP32->RPi,decrypt,114,229,115,3.886,20,esp32_edge_normal_2,0,normal
13:01:14.259,1505.2,gateway,gateway_B,gatewayB,11,ESP32->RPi,decrypt,123,241,118,3.581,20,esp32_edge_simulator_1,0,normal
13:01:14.732,1505.6,gateway,gateway_B,gatewayB,11,ESP32->RPi,decrypt,116,233,117,1.299,20,esp32_edge_normal_1,0,normal
13:01:19.214,1510.1,gateway,gateway_B,gatewayB,11,ESP32->RPi,decrypt,116,233,117,1.34,20,esp32_edge_normal_2,0,normal
13:01:19.265,1510.2,gateway,gateway_B,gatewayB,11,ESP32->RPi,decrypt,111,225,114,1.254,20,esp32_edge_simulator_1,1,mqtt_bruteforce
13:01:19.736,1510.6,gateway,gateway_B,gatewayB,11,ESP32->RPi,decrypt,121,241,120,4.281,20,esp32_edge_normal_1,0,normal
13:01:24.217,1515.1,gateway,gateway_B,gatewayB,11,ESP32->RPi,decrypt,120,237,117,4.274,20,esp32_edge_normal_2,0,normal
13:01:24.266,1515.2,gateway,gateway_B,gatewayB,11,ESP32->RPi,decrypt,107,221,114,3.104,20,esp32_edge_simulator_1,2,scan_A
13:01:24.737,1515.6,gateway,gateway_B,gatewayB,11,ESP32->RPi,decrypt,114,229,115,4.152,20,esp32_edge_normal_1,0,normal
13:01:29.215,1520.1,gateway,gateway_B,gatewayB,11,ESP32->RPi,decrypt,116,233,117,4.009,20,esp32_edge_normal_2,0,normal
13:01:29.275,1520.2,gateway,gateway_B,gatewayB,11,ESP32->RPi,decrypt,110,225,115,3.197,20,esp32_edge_simulator_1,1,mqtt_bruteforce
13:01:29.734,1520.6,gateway,gateway_B,gatewayB,11,ESP32->RPi,decrypt,118,237,119,1.362,20,esp32_edge_normal_1,0,normal
13:01:34.210,1525.1,gateway,gateway_B,gatewayB,11,ESP32->RPi,decrypt,119,237,118,1.376,20,esp32_edge_normal_2,0,normal
13:01:34.255,1525.1,gateway,gateway_B,gatewayB,11,ESP32->RPi,decrypt,119,237,118,1.437,20,esp32_edge_simulator_1,0,normal
13:01:35.248,1526.1,gateway,gateway_B,gatewayB,11,RPi->PC,encrypt,3644,4942,1298,32.245,20,,,
13:01:35.322,1526.2,gateway,gateway_B,gatewayB,11,ESP32->RPi,decrypt,117,233,116,1.422,20,esp32_edge_normal_1,0,normal
13:01:35.962,1526.9,gateway,gateway_B,gatewayB,11,PC->RPi,decrypt,3540,4802,1262,31.783,20,,,
13:01:36.003,1526.9,gateway,gateway_B,gatewayB,11,RPi->ESP32,encrypt,3540,4802,1262,34.923,21,,,
13:01:47.907,1538.8,gateway,gateway_B,gatewayB,11,ESP32->RPi,decrypt,115,233,118,4.168,21,esp32_edge_normal_2,0,normal
13:01:47.915,1538.8,gateway,gateway_B,gatewayB,11,ESP32->RPi,decrypt,120,237,117,4.408,21,esp32_edge_normal_1,0,normal
13:01:47.927,1538.8,gateway,gateway_B,gatewayB,11,ESP32->RPi,decrypt,117,233,116,4.697,21,esp32_edge_simulator_1,1,mqtt_bruteforce
13:01:52.891,1543.8,gateway,gateway_B,gatewayB,11,ESP32->RPi,decrypt,120,237,117,1.593,21,esp32_edge_normal_2,0,normal
13:01:52.919,1543.8,gateway,gateway_B,gatewayB,11,ESP32->RPi,decrypt,120,237,117,1.551,21,esp32_edge_normal_1,0,normal
13:01:52.925,1543.8,gateway,gateway_B,gatewayB,11,ESP32->RPi,decrypt,81,185,104,1.192,21,esp32_edge_simulator_1,2,scan_A
13:01:57.893,1548.8,gateway,gateway_B,gatewayB,11,ESP32->RPi,decrypt,118,237,119,4.185,21,esp32_edge_normal_2,0,normal
13:01:57.916,1548.8,gateway,gateway_B,gatewayB,11,ESP32->RPi,decrypt,115,233,118,4.708,21,esp32_edge_normal_1,0,normal
13:01:57.922,1548.8,gateway,gateway_B,gatewayB,11,ESP32->RPi,decrypt,122,241,119,4.116,21,esp32_edge_simulator_1,0,normal
13:02:02.879,1553.8,gateway,gateway_B,gatewayB,11,ESP32->RPi,decrypt,115,233,118,1.289,21,esp32_edge_normal_2,0,normal
13:02:02.913,1553.8,gateway,gateway_B,gatewayB,11,ESP32->RPi,decrypt,117,233,116,1.347,21,esp32_edge_normal_1,0,normal
13:02:02.929,1553.8,gateway,gateway_B,gatewayB,11,ESP32->RPi,decrypt,119,237,118,1.356,21,esp32_edge_simulator_1,0,normal
13:02:07.884,1558.8,gateway,gateway_B,gatewayB,11,ESP32->RPi,decrypt,117,233,116,3.979,21,esp32_edge_normal_2,0,normal
13:02:07.916,1558.8,gateway,gateway_B,gatewayB,11,ESP32->RPi,decrypt,117,233,116,4.189,21,esp32_edge_normal_1,0,normal
13:02:07.933,1558.8,gateway,gateway_B,gatewayB,11,ESP32->RPi,decrypt,111,225,114,4.038,21,esp32_edge_simulator_1,1,mqtt_bruteforce
13:02:12.890,1563.8,gateway,gateway_B,gatewayB,11,ESP32->RPi,decrypt,116,233,117,4.251,21,esp32_edge_normal_2,0,normal
13:02:12.911,1563.8,gateway,gateway_B,gatewayB,11,ESP32->RPi,decrypt,116,233,117,4.1,21,esp32_edge_normal_1,0,normal
13:02:12.928,1563.8,gateway,gateway_B,gatewayB,11,ESP32->RPi,decrypt,107,221,114,3.856,21,esp32_edge_simulator_1,2,scan_A
13:02:17.882,1568.8,gateway,gateway_B,gatewayB,11,ESP32->RPi,decrypt,121,241,120,3.881,21,esp32_edge_normal_2,0,normal
13:02:17.914,1568.8,gateway,gateway_B,gatewayB,11,ESP32->RPi,decrypt,117,233,116,3.368,21,esp32_edge_normal_1,0,normal
13:02:17.922,1568.8,gateway,gateway_B,gatewayB,11,ESP32->RPi,decrypt,81,185,104,2.8,21,esp32_edge_simulator_1,2,scan_A
13:02:22.887,1573.8,gateway,gateway_B,gatewayB,11,ESP32->RPi,decrypt,115,233,118,4.074,21,esp32_edge_normal_2,0,normal
13:02:22.917,1573.8,gateway,gateway_B,gatewayB,11,ESP32->RPi,decrypt,119,237,118,4.324,21,esp32_edge_simulator_1,0,normal
13:02:22.923,1573.8,gateway,gateway_B,gatewayB,11,ESP32->RPi,decrypt,114,229,115,4.236,21,esp32_edge_normal_1,0,normal
13:02:27.876,1578.8,gateway,gateway_B,gatewayB,11,ESP32->RPi,decrypt,113,229,116,4.186,21,esp32_edge_normal_2,0,normal
13:02:27.915,1578.8,gateway,gateway_B,gatewayB,11,ESP32->RPi,decrypt,117,233,116,4.085,21,esp32_edge_normal_1,0,normal
13:02:27.920,1578.8,gateway,gateway_B,gatewayB,11,ESP32->RPi,decrypt,120,237,117,4.221,21,esp32_edge_simulator_1,0,normal
13:02:32.884,1583.8,gateway,gateway_B,gatewayB,11,ESP32->RPi,decrypt,116,233,117,4.226,21,esp32_edge_normal_2,0,normal
13:02:32.909,1583.8,gateway,gateway_B,gatewayB,11,ESP32->RPi,decrypt,117,233,116,4.134,21,esp32_edge_normal_1,0,normal
13:02:33.875,1584.8,gateway,gateway_B,gatewayB,11,RPi->PC,encrypt,3641,4938,1297,36.065,21,,,
13:02:33.930,1584.8,gateway,gateway_B,gatewayB,11,ESP32->RPi,decrypt,114,229,115,1.519,21,esp32_edge_simulator_1,1,mqtt_bruteforce
13:02:34.296,1585.2,gateway,gateway_B,gatewayB,11,PC->RPi,decrypt,3544,4810,1266,32.976,21,,,
13:02:34.337,1585.2,gateway,gateway_B,gatewayB,11,RPi->ESP32,encrypt,3544,4810,1266,33.717,22,,,
13:02:46.284,1597.2,gateway,gateway_B,gatewayB,11,ESP32->RPi,decrypt,107,221,114,4.135,22,esp32_edge_normal_2,0,normal
13:02:46.380,1597.3,gateway,gateway_B,gatewayB,11,ESP32->RPi,decrypt,108,221,113,1.569,22,esp32_edge_simulator_1,2,scan_A
13:02:46.782,1597.7,gateway,gateway_B,gatewayB,11,ESP32->RPi,decrypt,119,237,118,1.446,22,esp32_edge_normal_1,0,normal
13:02:51.286,1602.2,gateway,gateway_B,gatewayB,11,ESP32->RPi,decrypt,116,233,117,1.427,22,esp32_edge_normal_2,0,normal
13:02:51.309,1602.2,gateway,gateway_B,gatewayB,11,ESP32->RPi,decrypt,114,229,115,1.343,22,esp32_edge_simulator_1,1,mqtt_bruteforce
13:02:51.761,1602.7,gateway,gateway_B,gatewayB,11,ESP32->RPi,decrypt,121,241,120,4.3,22,esp32_edge_normal_1,0,normal
13:02:56.272,1607.2,gateway,gateway_B,gatewayB,11,ESP32->RPi,decrypt,119,237,118,1.46,22,esp32_edge_normal_2,0,normal
13:02:56.308,1607.2,gateway,gateway_B,gatewayB,11,ESP32->RPi,decrypt,120,237,117,1.593,22,esp32_edge_simulator_1,0,normal
13:02:56.759,1607.7,gateway,gateway_B,gatewayB,11,ESP32->RPi,decrypt,114,229,115,1.393,22,esp32_edge_normal_1,0,normal
13:03:01.262,1612.2,gateway,gateway_B,gatewayB,11,ESP32->RPi,decrypt,115,233,118,1.48,22,esp32_edge_normal_2,0,normal
13:03:01.313,1612.2,gateway,gateway_B,gatewayB,11,ESP32->RPi,decrypt,106,221,115,1.503,22,esp32_edge_simulator_1,2,scan_A
13:03:01.761,1612.7,gateway,gateway_B,gatewayB,11,ESP32->RPi,decrypt,117,233,116,1.417,22,esp32_edge_normal_1,0,normal
13:03:06.280,1617.2,gateway,gateway_B,gatewayB,11,ESP32->RPi,decrypt,119,237,118,4.191,22,esp32_edge_normal_2,0,normal
13:03:06.316,1617.2,gateway,gateway_B,gatewayB,11,ESP32->RPi,decrypt,81,185,104,3.379,22,esp32_edge_simulator_1,2,scan_A
13:03:06.766,1617.7,gateway,gateway_B,gatewayB,11,ESP32->RPi,decrypt,119,237,118,4.257,22,esp32_edge_normal_1,0,normal
13:03:11.269,1622.2,gateway,gateway_B,gatewayB,11,ESP32->RPi,decrypt,121,241,120,4.413,22,esp32_edge_normal_2,0,normal
13:03:11.304,1622.2,gateway,gateway_B,gatewayB,11,ESP32->RPi,decrypt,118,237,119,3.522,22,esp32_edge_simulator_1,0,normal
13:03:11.758,1622.7,gateway,gateway_B,gatewayB,11,ESP32->RPi,decrypt,116,233,117,1.403,22,esp32_edge_normal_1,0,normal
13:03:16.267,1627.2,gateway,gateway_B,gatewayB,11,ESP32->RPi,decrypt,116,233,117,1.382,22,esp32_edge_normal_2,0,normal
13:03:16.311,1627.2,gateway,gateway_B,gatewayB,11,ESP32->RPi,decrypt,108,221,113,1.333,22,esp32_edge_simulator_1,1,mqtt_bruteforce
13:03:16.763,1627.7,gateway,gateway_B,gatewayB,11,ESP32->RPi,decrypt,116,233,117,4.133,22,esp32_edge_normal_1,0,normal
13:03:21.258,1632.2,gateway,gateway_B,gatewayB,11,ESP32->RPi,decrypt,121,241,120,4.245,22,esp32_edge_normal_2,0,normal
13:03:21.309,1632.2,gateway,gateway_B,gatewayB,11,ESP32->RPi,decrypt,117,233,116,3.255,22,esp32_edge_simulator_1,0,normal
13:03:21.761,1632.7,gateway,gateway_B,gatewayB,11,ESP32->RPi,decrypt,120,237,117,1.446,22,esp32_edge_normal_1,0,normal
13:03:26.253,1637.1,gateway,gateway_B,gatewayB,11,ESP32->RPi,decrypt,116,233,117,1.387,22,esp32_edge_normal_2,0,normal
13:03:26.309,1637.2,gateway,gateway_B,gatewayB,11,ESP32->RPi,decrypt,107,221,114,1.323,22,esp32_edge_simulator_1,2,scan_A
13:03:26.763,1637.7,gateway,gateway_B,gatewayB,11,ESP32->RPi,decrypt,118,237,119,4.133,22,esp32_edge_normal_1,0,normal
13:03:31.263,1642.2,gateway,gateway_B,gatewayB,11,ESP32->RPi,decrypt,114,229,115,4.014,22,esp32_edge_normal_2,0,normal
13:03:31.312,1642.2,gateway,gateway_B,gatewayB,11,ESP32->RPi,decrypt,112,229,117,2.767,22,esp32_edge_simulator_1,1,mqtt_bruteforce
13:03:32.312,1643.2,gateway,gateway_B,gatewayB,11,RPi->PC,encrypt,3627,4918,1291,34.195,22,,,
13:03:32.374,1643.3,gateway,gateway_B,gatewayB,11,ESP32->RPi,decrypt,117,233,116,1.499,22,esp32_edge_normal_1,0,normal
13:03:32.483,1643.4,gateway,gateway_B,gatewayB,11,PC->RPi,decrypt,3530,4790,1260,34.128,22,,,
13:03:32.526,1643.4,gateway,gateway_B,gatewayB,11,RPi->ESP32,encrypt,3530,4790,1260,36.383,23,,,
13:03:44.432,1655.3,gateway,gateway_B,gatewayB,11,ESP32->RPi,decrypt,121,241,120,4.792,23,esp32_edge_normal_1,0,normal
13:03:44.459,1655.4,gateway,gateway_B,gatewayB,11,ESP32->RPi,decrypt,113,229,116,4.089,23,esp32_edge_normal_2,0,normal
13:03:44.476,1655.4,gateway,gateway_B,gatewayB,11,ESP32->RPi,decrypt,115,233,118,3.158,23,esp32_edge_simulator_1,1,mqtt_bruteforce
13:03:49.475,1660.4,gateway,gateway_B,gatewayB,11,ESP32->RPi,decrypt,118,237,119,4.435,23,esp32_edge_normal_2,0,normal
13:03:49.481,1660.4,gateway,gateway_B,gatewayB,11,ESP32->RPi,decrypt,115,233,118,4.481,23,esp32_edge_normal_1,0,normal
13:03:49.486,1660.4,gateway,gateway_B,gatewayB,11,ESP32->RPi,decrypt,108,221,113,3.804,23,esp32_edge_simulator_1,2,scan_A
13:03:54.432,1665.3,gateway,gateway_B,gatewayB,11,ESP32->RPi,decrypt,119,237,118,1.436,23,esp32_edge_normal_1,0,normal
13:03:54.444,1665.3,gateway,gateway_B,gatewayB,11,ESP32->RPi,decrypt,115,233,118,3.193,23,esp32_edge_normal_2,0,normal
13:03:54.464,1665.4,gateway,gateway_B,gatewayB,11,ESP32->RPi,decrypt,119,237,118,1.611,23,esp32_edge_simulator_1,0,normal
13:03:59.429,1670.3,gateway,gateway_B,gatewayB,11,ESP32->RPi,decrypt,117,233,116,4.227,23,esp32_edge_normal_2,0,normal
13:03:59.434,1670.3,gateway,gateway_B,gatewayB,11,ESP32->RPi,decrypt,121,241,120,4.293,23,esp32_edge_normal_1,0,normal
13:03:59.474,1670.4,gateway,gateway_B,gatewayB,11,ESP32->RPi,decrypt,106,221,115,4.503,23,esp32_edge_simulator_1,2,scan_A
13:04:04.435,1675.3,gateway,gateway_B,gatewayB,11,ESP32->RPi,decrypt,118,237,119,4.391,23,esp32_edge_normal_1,0,normal
13:04:04.440,1675.3,gateway,gateway_B,gatewayB,11,ESP32->RPi,decrypt,116,233,117,4.303,23,esp32_edge_normal_2,0,normal
13:04:04.475,1675.4,gateway,gateway_B,gatewayB,11,ESP32->RPi,decrypt,108,221,113,4.401,23,esp32_edge_simulator_1,1,mqtt_bruteforce
13:04:09.434,1680.3,gateway,gateway_B,gatewayB,11,ESP32->RPi,decrypt,118,237,119,4.307,23,esp32_edge_normal_1,0,normal
13:04:09.442,1680.3,gateway,gateway_B,gatewayB,11,ESP32->RPi,decrypt,120,237,117,4.424,23,esp32_edge_normal_2,0,normal
13:04:09.469,1680.4,gateway,gateway_B,gatewayB,11,ESP32->RPi,decrypt,123,241,118,4.655,23,esp32_edge_simulator_1,0,normal
13:04:14.431,1685.3,gateway,gateway_B,gatewayB,11,ESP32->RPi,decrypt,116,233,117,4.115,23,esp32_edge_normal_2,0,normal
13:04:14.436,1685.3,gateway,gateway_B,gatewayB,11,ESP32->RPi,decrypt,119,237,118,3.797,23,esp32_edge_normal_1,0,normal
13:04:14.470,1685.4,gateway,gateway_B,gatewayB,11,ESP32->RPi,decrypt,123,241,118,4.461,23,esp32_edge_simulator_1,0,normal
13:04:19.420,1690.3,gateway,gateway_B,gatewayB,11,ESP32->RPi,decrypt,119,237,118,4.095,23,esp32_edge_normal_2,0,normal
13:04:19.430,1690.3,gateway,gateway_B,gatewayB,11,ESP32->RPi,decrypt,118,237,119,3.995,23,esp32_edge_normal_1,0,normal
13:04:19.475,1690.4,gateway,gateway_B,gatewayB,11,ESP32->RPi,decrypt,102,213,111,4.835,23,esp32_edge_simulator_1,2,scan_A
13:04:24.425,1695.3,gateway,gateway_B,gatewayB,11,ESP32->RPi,decrypt,117,233,116,4.417,23,esp32_edge_normal_2,0,normal
13:04:24.433,1695.3,gateway,gateway_B,gatewayB,11,ESP32->RPi,decrypt,116,233,117,4.195,23,esp32_edge_normal_1,0,normal
13:04:24.477,1695.4,gateway,gateway_B,gatewayB,11,ESP32->RPi,decrypt,81,185,104,3.39,23,esp32_edge_simulator_1,2,scan_A
13:04:29.431,1700.3,gateway,gateway_B,gatewayB,11,ESP32->RPi,decrypt,121,241,120,5.173,23,esp32_edge_normal_1,0,normal
13:04:29.436,1700.3,gateway,gateway_B,gatewayB,11,ESP32->RPi,decrypt,118,237,119,4.181,23,esp32_edge_normal_2,0,normal
13:04:30.403,1701.3,gateway,gateway_B,gatewayB,11,RPi->PC,encrypt,3645,4942,1297,33.17,23,,,
13:04:30.522,1701.4,gateway,gateway_B,gatewayB,11,ESP32->RPi,decrypt,121,241,120,1.537,23,esp32_edge_simulator_1,0,normal
13:04:32.864,1703.8,gateway,gateway_B,gatewayB,11,PC->RPi,decrypt,3529,4790,1261,31.96,23,,,
13:04:32.905,1703.8,gateway,gateway_B,gatewayB,11,RPi->ESP32,encrypt,3529,4790,1261,34.338,24,,,
13:04:44.745,1715.6,gateway,gateway_B,gatewayB,11,ESP32->RPi,decrypt,119,237,118,4.495,24,esp32_edge_normal_2,0,normal
13:04:44.751,1715.6,gateway,gateway_B,gatewayB,11,ESP32->RPi,decrypt,118,237,119,3.857,24,esp32_edge_normal_1,0,normal
13:04:44.783,1715.7,gateway,gateway_B,gatewayB,11,ESP32->RPi,decrypt,115,233,118,4.527,24,esp32_edge_simulator_1,0,normal
13:04:49.787,1720.7,gateway,gateway_B,gatewayB,11,ESP32->RPi,decrypt,120,237,117,4.248,24,esp32_edge_normal_2,0,normal
13:04:49.793,1720.7,gateway,gateway_B,gatewayB,11,ESP32->RPi,decrypt,119,237,118,4.061,24,esp32_edge_normal_1,0,normal
13:04:49.798,1720.7,gateway,gateway_B,gatewayB,11,ESP32->RPi,decrypt,113,229,116,4.224,24,esp32_edge_simulator_1,1,mqtt_bruteforce
13:04:54.743,1725.6,gateway,gateway_B,gatewayB,11,ESP32->RPi,decrypt,117,233,116,3.769,24,esp32_edge_normal_2,0,normal
13:04:54.749,1725.6,gateway,gateway_B,gatewayB,11,ESP32->RPi,decrypt,116,233,117,3.65,24,esp32_edge_normal_1,0,normal
13:04:54.781,1725.7,gateway,gateway_B,gatewayB,11,ESP32->RPi,decrypt,124,245,121,3.903,24,esp32_edge_simulator_1,0,normal
13:04:59.729,1730.6,gateway,gateway_B,gatewayB,11,ESP32->RPi,decrypt,118,237,119,4.372,24,esp32_edge_normal_2,0,normal
13:04:59.765,1730.7,gateway,gateway_B,gatewayB,11,ESP32->RPi,decrypt,120,237,117,3.819,24,esp32_edge_normal_1,0,normal
13:04:59.789,1730.7,gateway,gateway_B,gatewayB,11,ESP32->RPi,decrypt,107,221,114,3.803,24,esp32_edge_simulator_1,1,mqtt_bruteforce
13:05:04.747,1735.6,gateway,gateway_B,gatewayB,11,ESP32->RPi,decrypt,116,233,117,4.785,24,esp32_edge_normal_2,0,normal
13:05:04.752,1735.6,gateway,gateway_B,gatewayB,11,ESP32->RPi,decrypt,116,233,117,4.307,24,esp32_edge_normal_1,0,normal
13:05:04.793,1735.7,gateway,gateway_B,gatewayB,11,ESP32->RPi,decrypt,107,221,114,4.071,24,esp32_edge_simulator_1,2,scan_A
13:05:09.728,1740.6,gateway,gateway_B,gatewayB,11,ESP32->RPi,decrypt,117,233,116,1.384,24,esp32_edge_normal_2,0,normal
13:05:09.746,1740.6,gateway,gateway_B,gatewayB,11,ESP32->RPi,decrypt,116,233,117,1.468,24,esp32_edge_normal_1,0,normal
13:05:09.796,1740.7,gateway,gateway_B,gatewayB,11,ESP32->RPi,decrypt,112,229,117,1.343,24,esp32_edge_simulator_1,1,mqtt_bruteforce
13:05:14.720,1745.6,gateway,gateway_B,gatewayB,11,ESP32->RPi,decrypt,112,229,117,4.268,24,esp32_edge_normal_2,0,normal
13:05:14.748,1745.6,gateway,gateway_B,gatewayB,11,ESP32->RPi,decrypt,119,237,118,4.122,24,esp32_edge_normal_1,0,normal
13:05:14.801,1745.7,gateway,gateway_B,gatewayB,11,ESP32->RPi,decrypt,113,229,116,3.569,24,esp32_edge_simulator_1,1,mqtt_bruteforce
13:05:19.715,1750.6,gateway,gateway_B,gatewayB,11,ESP32->RPi,decrypt,113,229,116,4.184,24,esp32_edge_normal_2,0,normal
13:05:19.750,1750.6,gateway,gateway_B,gatewayB,11,ESP32->RPi,decrypt,117,233,116,4.399,24,esp32_edge_normal_1,0,normal
13:05:19.783,1750.7,gateway,gateway_B,gatewayB,11,ESP32->RPi,decrypt,120,237,117,4.975,24,esp32_edge_simulator_1,0,normal
13:05:24.717,1755.6,gateway,gateway_B,gatewayB,11,ESP32->RPi,decrypt,113,229,116,4.196,24,esp32_edge_normal_2,0,normal
13:05:24.765,1755.7,gateway,gateway_B,gatewayB,11,ESP32->RPi,decrypt,120,237,117,4.967,24,esp32_edge_normal_1,0,normal
13:05:24.792,1755.7,gateway,gateway_B,gatewayB,11,ESP32->RPi,decrypt,121,241,120,4.309,24,esp32_edge_simulator_1,0,normal
13:05:29.717,1760.6,gateway,gateway_B,gatewayB,11,ESP32->RPi,decrypt,116,233,117,3.999,24,esp32_edge_normal_2,0,normal
13:05:29.749,1760.6,gateway,gateway_B,gatewayB,11,ESP32->RPi,decrypt,117,233,116,4.271,24,esp32_edge_normal_1,0,normal
13:05:30.757,1761.7,gateway,gateway_B,gatewayB,11,RPi->PC,encrypt,3639,4934,1295,35.816,24,,,
13:05:30.862,1761.8,gateway,gateway_B,gatewayB,11,ESP32->RPi,decrypt,123,241,118,1.58,24,esp32_edge_simulator_1,0,normal
13:05:33.615,1764.5,gateway,gateway_B,gatewayB,11,PC->RPi,decrypt,3532,4794,1262,34.539,24,,,
13:05:33.658,1764.6,gateway,gateway_B,gatewayB,11,RPi->ESP32,encrypt,3532,4794,1262,35.332,25,,,
13:05:45.570,1776.5,gateway,gateway_B,gatewayB,11,ESP32->RPi,decrypt,121,241,120,4.588,25,esp32_edge_normal_2,0,normal
13:05:46.126,1777.0,gateway,gateway_B,gatewayB,11,ESP32->RPi,decrypt,113,229,116,4.154,25,esp32_edge_normal_1,0,normal
13:05:46.131,1777.0,gateway,gateway_B,gatewayB,11,ESP32->RPi,decrypt,112,229,117,3.854,25,esp32_edge_simulator_1,1,mqtt_bruteforce
13:05:50.579,1781.5,gateway,gateway_B,gatewayB,11,ESP32->RPi,decrypt,120,237,117,1.316,25,esp32_edge_normal_2,0,normal
13:05:51.062,1782.0,gateway,gateway_B,gatewayB,11,ESP32->RPi,decrypt,114,229,115,1.383,25,esp32_edge_normal_1,0,normal
13:05:51.109,1782.0,gateway,gateway_B,gatewayB,11,ESP32->RPi,decrypt,122,241,119,1.436,25,esp32_edge_simulator_1,0,normal
13:05:55.582,1786.5,gateway,gateway_B,gatewayB,11,ESP32->RPi,decrypt,106,221,115,3.85,25,esp32_edge_normal_2,0,normal
13:05:56.068,1787.0,gateway,gateway_B,gatewayB,11,ESP32->RPi,decrypt,112,229,117,4.071,25,esp32_edge_normal_1,0,normal
13:05:56.115,1787.0,gateway,gateway_B,gatewayB,11,ESP32->RPi,decrypt,107,221,114,3.794,25,esp32_edge_simulator_1,1,mqtt_bruteforce
13:06:00.613,1791.5,gateway,gateway_B,gatewayB,11,ESP32->RPi,decrypt,117,233,116,4.481,25,esp32_edge_normal_2,0,normal
13:06:01.064,1792.0,gateway,gateway_B,gatewayB,11,ESP32->RPi,decrypt,116,233,117,3.796,25,esp32_edge_normal_1,0,normal
13:06:01.107,1792.0,gateway,gateway_B,gatewayB,11,ESP32->RPi,decrypt,120,237,117,4.155,25,esp32_edge_simulator_1,0,normal
13:06:05.567,1796.5,gateway,gateway_B,gatewayB,11,ESP32->RPi,decrypt,116,233,117,4.267,25,esp32_edge_normal_2,0,normal
13:06:06.074,1797.0,gateway,gateway_B,gatewayB,11,ESP32->RPi,decrypt,116,233,117,4.259,25,esp32_edge_normal_1,0,normal
13:06:06.118,1797.0,gateway,gateway_B,gatewayB,11,ESP32->RPi,decrypt,108,221,113,4.154,25,esp32_edge_simulator_1,2,scan_A
13:06:10.571,1801.5,gateway,gateway_B,gatewayB,11,ESP32->RPi,decrypt,120,237,117,4.313,25,esp32_edge_normal_2,0,normal
13:06:11.067,1802.0,gateway,gateway_B,gatewayB,11,ESP32->RPi,decrypt,120,237,117,4.398,25,esp32_edge_normal_1,0,normal
13:06:11.112,1802.0,gateway,gateway_B,gatewayB,11,ESP32->RPi,decrypt,124,245,121,4.116,25,esp32_edge_simulator_1,0,normal
13:06:15.557,1806.5,gateway,gateway_B,gatewayB,11,ESP32->RPi,decrypt,117,233,116,1.308,25,esp32_edge_normal_2,0,normal
13:06:16.062,1807.0,gateway,gateway_B,gatewayB,11,ESP32->RPi,decrypt,118,237,119,1.352,25,esp32_edge_normal_1,0,normal
13:06:16.104,1807.0,gateway,gateway_B,gatewayB,11,ESP32->RPi,decrypt,120,237,117,1.409,25,esp32_edge_simulator_1,0,normal
13:06:20.562,1811.5,gateway,gateway_B,gatewayB,11,ESP32->RPi,decrypt,119,237,118,3.961,25,esp32_edge_normal_2,0,normal
13:06:21.067,1812.0,gateway,gateway_B,gatewayB,11,ESP32->RPi,decrypt,116,233,117,4.113,25,esp32_edge_normal_1,0,normal
13:06:21.117,1812.0,gateway,gateway_B,gatewayB,11,ESP32->RPi,decrypt,113,229,116,4.712,25,esp32_edge_simulator_1,1,mqtt_bruteforce
13:06:25.563,1816.5,gateway,gateway_B,gatewayB,11,ESP32->RPi,decrypt,117,233,116,4.182,25,esp32_edge_normal_2,0,normal
13:06:26.076,1817.0,gateway,gateway_B,gatewayB,11,ESP32->RPi,decrypt,120,237,117,4.551,25,esp32_edge_normal_1,0,normal
13:06:26.118,1817.0,gateway,gateway_B,gatewayB,11,ESP32->RPi,decrypt,81,185,104,3.531,25,esp32_edge_simulator_1,2,scan_A
13:06:30.561,1821.5,gateway,gateway_B,gatewayB,11,ESP32->RPi,decrypt,107,221,114,3.912,25,esp32_edge_normal_2,0,normal
13:06:31.066,1822.0,gateway,gateway_B,gatewayB,11,ESP32->RPi,decrypt,121,241,120,4.406,25,esp32_edge_normal_1,0,normal
13:06:32.039,1822.9,gateway,gateway_B,gatewayB,11,RPi->PC,encrypt,3639,4934,1295,37.129,25,,,
13:06:32.199,1823.1,gateway,gateway_B,gatewayB,11,ESP32->RPi,decrypt,123,241,118,1.569,25,esp32_edge_simulator_1,0,normal
13:06:32.596,1823.5,gateway,gateway_B,gatewayB,11,PC->RPi,decrypt,3525,4782,1257,34.488,25,,,
13:06:32.641,1823.5,gateway,gateway_B,gatewayB,11,RPi->ESP32,encrypt,3525,4782,1257,38.589,26,,,
13:06:44.551,1835.4,gateway,gateway_B,gatewayB,11,ESP32->RPi,decrypt,118,237,119,1.476,26,esp32_edge_normal_2,0,normal
13:06:44.556,1835.5,gateway,gateway_B,gatewayB,11,ESP32->RPi,decrypt,121,241,120,1.541,26,esp32_edge_simulator_1,0,normal
13:06:44.558,1835.5,gateway,gateway_B,gatewayB,11,ESP32->RPi,decrypt,118,237,119,1.454,26,esp32_edge_normal_1,0,normal
13:06:49.547,1840.4,gateway,gateway_B,gatewayB,11,ESP32->RPi,decrypt,116,233,117,4.202,26,esp32_edge_normal_2,0,normal
13:06:49.561,1840.5,gateway,gateway_B,gatewayB,11,ESP32->RPi,decrypt,124,245,121,4.246,26,esp32_edge_simulator_1,0,normal
13:06:51.802,1842.7,gateway,gateway_B,gatewayB,11,ESP32->RPi,decrypt,120,237,117,1.526,26,esp32_edge_normal_1,0,normal
13:06:54.536,1845.4,gateway,gateway_B,gatewayB,11,ESP32->RPi,decrypt,116,233,117,1.348,26,esp32_edge_normal_2,0,normal
13:06:54.557,1845.5,gateway,gateway_B,gatewayB,11,ESP32->RPi,decrypt,124,245,121,1.418,26,esp32_edge_simulator_1,0,normal
13:06:54.559,1845.5,gateway,gateway_B,gatewayB,11,ESP32->RPi,decrypt,118,237,119,1.638,26,esp32_edge_normal_1,0,normal
13:06:59.538,1850.4,gateway,gateway_B,gatewayB,11,ESP32->RPi,decrypt,118,237,119,4.336,26,esp32_edge_normal_2,0,normal
13:06:59.558,1850.5,gateway,gateway_B,gatewayB,11,ESP32->RPi,decrypt,117,233,116,3.669,26,esp32_edge_simulator_1,0,normal
13:06:59.563,1850.5,gateway,gateway_B,gatewayB,11,ESP32->RPi,decrypt,114,229,115,3.729,26,esp32_edge_normal_1,0,normal
13:07:04.537,1855.4,gateway,gateway_B,gatewayB,11,ESP32->RPi,decrypt,117,233,116,4.281,26,esp32_edge_normal_2,0,normal
13:07:04.563,1855.5,gateway,gateway_B,gatewayB,11,ESP32->RPi,decrypt,120,237,117,4.579,26,esp32_edge_normal_1,0,normal
13:07:04.569,1855.5,gateway,gateway_B,gatewayB,11,ESP32->RPi,decrypt,120,237,117,4.413,26,esp32_edge_simulator_1,0,normal
13:07:09.532,1860.4,gateway,gateway_B,gatewayB,11,ESP32->RPi,decrypt,120,237,117,4.18,26,esp32_edge_normal_2,0,normal
13:07:09.561,1860.5,gateway,gateway_B,gatewayB,11,ESP32->RPi,decrypt,120,237,117,4.058,26,esp32_edge_normal_1,0,normal
13:07:09.568,1860.5,gateway,gateway_B,gatewayB,11,ESP32->RPi,decrypt,107,221,114,4.049,26,esp32_edge_simulator_1,1,mqtt_bruteforce
13:07:14.527,1865.4,gateway,gateway_B,gatewayB,11,ESP32->RPi,decrypt,119,237,118,4.054,26,esp32_edge_normal_2,0,normal
13:07:14.561,1865.5,gateway,gateway_B,gatewayB,11,ESP32->RPi,decrypt,116,233,117,3.706,26,esp32_edge_normal_1,0,normal
13:07:14.567,1865.5,gateway,gateway_B,gatewayB,11,ESP32->RPi,decrypt,112,229,117,3.106,26,esp32_edge_simulator_1,1,mqtt_bruteforce
13:07:19.521,1870.4,gateway,gateway_B,gatewayB,11,ESP32->RPi,decrypt,113,229,116,1.438,26,esp32_edge_normal_2,0,normal
13:07:19.557,1870.5,gateway,gateway_B,gatewayB,11,ESP32->RPi,decrypt,114,229,115,1.481,26,esp32_edge_simulator_1,0,normal
13:07:19.560,1870.5,gateway,gateway_B,gatewayB,11,ESP32->RPi,decrypt,118,237,119,1.49,26,esp32_edge_normal_1,0,normal
13:07:24.534,1875.4,gateway,gateway_B,gatewayB,11,ESP32->RPi,decrypt,121,241,120,4.564,26,esp32_edge_normal_2,0,normal
13:07:24.562,1875.5,gateway,gateway_B,gatewayB,11,ESP32->RPi,decrypt,115,233,118,4.113,26,esp32_edge_normal_1,0,normal
13:07:24.568,1875.5,gateway,gateway_B,gatewayB,11,ESP32->RPi,decrypt,105,217,112,3.937,26,esp32_edge_simulator_1,2,scan_A
13:07:29.527,1880.4,gateway,gateway_B,gatewayB,11,ESP32->RPi,decrypt,117,233,116,4.211,26,esp32_edge_normal_2,0,normal
13:07:29.559,1880.5,gateway,gateway_B,gatewayB,11,ESP32->RPi,decrypt,117,233,116,4.354,26,esp32_edge_normal_1,0,normal
13:07:30.526,1881.4,gateway,gateway_B,gatewayB,11,RPi->PC,encrypt,3640,4938,1298,37.238,26,,,
13:07:30.679,1881.6,gateway,gateway_B,gatewayB,11,ESP32->RPi,decrypt,104,217,113,1.426,26,esp32_edge_simulator_1,2,scan_A
13:07:30.910,1881.8,gateway,gateway_B,gatewayB,11,PC->RPi,decrypt,3536,4798,1262,34.985,26,,,
13:07:30.953,1881.8,gateway,gateway_B,gatewayB,11,RPi->ESP32,encrypt,3536,4798,1262,36.465,27,,,
13:07:42.837,1893.7,gateway,gateway_B,gatewayB,11,ESP32->RPi,decrypt,120,237,117,4.83,27,esp32_edge_normal_2,0,normal
13:07:42.844,1893.7,gateway,gateway_B,gatewayB,11,ESP32->RPi,decrypt,120,237,117,4.62,27,esp32_edge_normal_1,0,normal
13:07:43.356,1894.3,gateway,gateway_B,gatewayB,11,ESP32->RPi,decrypt,81,185,104,3.413,27,esp32_edge_simulator_1,2,scan_A
13:07:47.850,1898.7,gateway,gateway_B,gatewayB,11,ESP32->RPi,decrypt,115,233,118,3.983,27,esp32_edge_normal_2,0,normal
13:07:47.855,1898.8,gateway,gateway_B,gatewayB,11,ESP32->RPi,decrypt,116,233,117,3.694,27,esp32_edge_normal_1,0,normal
13:07:48.360,1899.3,gateway,gateway_B,gatewayB,11,ESP32->RPi,decrypt,81,185,104,1.124,27,esp32_edge_simulator_1,2,scan_A
