timestamp,uptime_s,device_name,device_suffix,hostname,run_id,channel,operation,pt_bytes,enc_bytes,overhead_bytes,elapsed_ms,fl_round,client_id,sample_label,sample_label_name
12:36:10.109,0.8,gateway,gateway_A,raspberrypi,11,ESP32->RPi,decrypt,121,241,120,1.454,0,esp32_edge_normal_3,0,normal
12:36:47.954,38.6,gateway,gateway_A,raspberrypi,11,ESP32->RPi,decrypt,116,233,117,4.096,0,esp32_edge_normal_1,0,normal
12:36:49.635,40.3,gateway,gateway_A,raspberrypi,11,ESP32->RPi,decrypt,116,233,117,4.003,0,esp32_edge_normal_2,0,normal
12:36:53.008,43.7,gateway,gateway_A,raspberrypi,11,ESP32->RPi,decrypt,116,233,117,4.003,0,esp32_edge_normal_1,0,normal
12:36:54.637,45.3,gateway,gateway_A,raspberrypi,11,ESP32->RPi,decrypt,118,237,119,3.949,0,esp32_edge_normal_2,0,normal
12:36:57.952,48.6,gateway,gateway_A,raspberrypi,11,ESP32->RPi,decrypt,115,233,118,3.142,0,esp32_edge_normal_1,0,normal
12:36:59.639,50.3,gateway,gateway_A,raspberrypi,11,ESP32->RPi,decrypt,117,233,116,3.967,0,esp32_edge_normal_2,0,normal
12:37:02.960,53.6,gateway,gateway_A,raspberrypi,11,ESP32->RPi,decrypt,120,237,117,4.137,0,esp32_edge_normal_1,0,normal
12:37:04.645,55.3,gateway,gateway_A,raspberrypi,11,ESP32->RPi,decrypt,121,241,120,4.369,0,esp32_edge_normal_2,0,normal
12:37:04.709,55.4,gateway,gateway_A,raspberrypi,11,ESP32->RPi,decrypt,120,237,117,4.13,0,esp32_edge_normal_3,0,normal
12:37:07.948,58.6,gateway,gateway_A,raspberrypi,11,ESP32->RPi,decrypt,119,237,118,1.471,0,esp32_edge_normal_1,0,normal
12:37:09.630,60.3,gateway,gateway_A,raspberrypi,11,ESP32->RPi,decrypt,111,225,114,1.325,0,esp32_edge_normal_2,0,normal
12:37:09.704,60.4,gateway,gateway_A,raspberrypi,11,ESP32->RPi,decrypt,113,229,116,1.352,0,esp32_edge_normal_3,0,normal
12:37:12.973,63.7,gateway,gateway_A,raspberrypi,11,ESP32->RPi,decrypt,117,233,116,2.715,0,esp32_edge_normal_1,0,normal
12:37:14.635,65.3,gateway,gateway_A,raspberrypi,11,ESP32->RPi,decrypt,119,237,118,4.089,0,esp32_edge_normal_2,0,normal
12:37:14.714,65.4,gateway,gateway_A,raspberrypi,11,ESP32->RPi,decrypt,116,233,117,4.18,0,esp32_edge_normal_3,0,normal
12:37:17.992,68.7,gateway,gateway_A,raspberrypi,11,ESP32->RPi,decrypt,119,237,118,3.949,0,esp32_edge_normal_1,0,normal
12:37:19.645,70.3,gateway,gateway_A,raspberrypi,11,ESP32->RPi,decrypt,120,237,117,4.166,0,esp32_edge_normal_2,0,normal
12:37:19.708,70.4,gateway,gateway_A,raspberrypi,11,ESP32->RPi,decrypt,119,237,118,2.688,0,esp32_edge_normal_3,0,normal
12:37:23.010,73.7,gateway,gateway_A,raspberrypi,11,ESP32->RPi,decrypt,115,233,118,3.977,0,esp32_edge_normal_1,0,normal
12:37:24.638,75.3,gateway,gateway_A,raspberrypi,11,ESP32->RPi,decrypt,121,241,120,4.177,0,esp32_edge_normal_2,0,normal
12:37:24.710,75.4,gateway,gateway_A,raspberrypi,11,ESP32->RPi,decrypt,118,237,119,4.17,0,esp32_edge_normal_3,0,normal
12:37:28.027,78.7,gateway,gateway_A,raspberrypi,11,ESP32->RPi,decrypt,120,237,117,3.579,0,esp32_edge_normal_1,0,normal
12:37:29.633,80.3,gateway,gateway_A,raspberrypi,11,ESP32->RPi,decrypt,116,233,117,3.647,0,esp32_edge_normal_2,0,normal
12:37:29.709,80.4,gateway,gateway_A,raspberrypi,11,ESP32->RPi,decrypt,119,237,118,4.03,0,esp32_edge_normal_3,0,normal
12:37:32.950,83.6,gateway,gateway_A,raspberrypi,11,ESP32->RPi,decrypt,120,237,117,4.189,0,esp32_edge_normal_1,0,normal
12:37:34.632,85.3,gateway,gateway_A,raspberrypi,11,ESP32->RPi,decrypt,116,233,117,3.952,0,esp32_edge_normal_2,0,normal
12:37:34.711,85.4,gateway,gateway_A,raspberrypi,11,ESP32->RPi,decrypt,119,237,118,3.357,0,esp32_edge_normal_3,0,normal
12:37:37.973,88.7,gateway,gateway_A,raspberrypi,11,ESP32->RPi,decrypt,120,237,117,4.52,0,esp32_edge_normal_1,0,normal
12:37:39.735,90.4,gateway,gateway_A,raspberrypi,11,ESP32->RPi,decrypt,116,233,117,4.364,0,esp32_edge_normal_2,0,normal
12:37:46.640,97.3,gateway,gateway_A,raspberrypi,11,RPi->PC,encrypt,3637,4934,1297,35.023,0,,,
12:37:46.696,97.4,gateway,gateway_A,raspberrypi,11,ESP32->RPi,decrypt,107,221,114,1.486,0,esp32_edge_normal_3,0,normal
12:37:46.698,97.4,gateway,gateway_A,raspberrypi,11,ESP32->RPi,decrypt,117,233,116,1.431,0,esp32_edge_normal_1,0,normal
12:37:46.700,97.4,gateway,gateway_A,raspberrypi,11,ESP32->RPi,decrypt,120,237,117,1.482,0,esp32_edge_normal_2,0,normal
12:37:46.702,97.4,gateway,gateway_A,raspberrypi,11,ESP32->RPi,decrypt,118,237,119,1.364,0,esp32_edge_normal_3,0,normal
12:37:47.945,98.6,gateway,gateway_A,raspberrypi,11,ESP32->RPi,decrypt,120,237,117,1.523,0,esp32_edge_normal_1,0,normal
12:37:49.629,100.3,gateway,gateway_A,raspberrypi,11,ESP32->RPi,decrypt,116,233,117,1.329,0,esp32_edge_normal_2,0,normal
12:37:49.704,100.4,gateway,gateway_A,raspberrypi,11,ESP32->RPi,decrypt,121,241,120,1.468,0,esp32_edge_normal_3,0,normal
12:37:52.255,102.9,gateway,gateway_A,raspberrypi,11,PC->RPi,decrypt,3537,4798,1261,32.198,0,,,
12:37:52.296,103.0,gateway,gateway_A,raspberrypi,11,RPi->ESP32,encrypt,3537,4798,1261,33.953,1,,,
12:38:04.278,115.0,gateway,gateway_A,raspberrypi,11,ESP32->RPi,decrypt,117,233,116,4.301,1,esp32_edge_normal_3,0,normal
12:38:04.736,115.4,gateway,gateway_A,raspberrypi,11,ESP32->RPi,decrypt,120,237,117,4.103,1,esp32_edge_normal_2,0,normal
12:38:04.741,115.4,gateway,gateway_A,raspberrypi,11,ESP32->RPi,decrypt,115,233,118,3.882,1,esp32_edge_normal_1,0,normal
12:38:09.295,120.0,gateway,gateway_A,raspberrypi,11,ESP32->RPi,decrypt,119,237,118,3.935,1,esp32_edge_normal_3,0,normal
12:38:09.735,120.4,gateway,gateway_A,raspberrypi,11,ESP32->RPi,decrypt,117,233,116,4.143,1,esp32_edge_normal_2,0,normal
12:38:09.741,120.4,gateway,gateway_A,raspberrypi,11,ESP32->RPi,decrypt,107,221,114,3.883,1,esp32_edge_normal_1,0,normal
12:38:14.313,125.0,gateway,gateway_A,raspberrypi,11,ESP32->RPi,decrypt,120,237,117,4.433,1,esp32_edge_normal_3,0,normal
12:38:14.736,125.4,gateway,gateway_A,raspberrypi,11,ESP32->RPi,decrypt,116,233,117,4.114,1,esp32_edge_normal_2,0,normal
12:38:14.741,125.4,gateway,gateway_A,raspberrypi,11,ESP32->RPi,decrypt,116,233,117,4.032,1,esp32_edge_normal_1,0,normal
12:38:19.332,130.0,gateway,gateway_A,raspberrypi,11,ESP32->RPi,decrypt,118,237,119,3.88,1,esp32_edge_normal_3,0,normal
12:38:19.733,130.4,gateway,gateway_A,raspberrypi,11,ESP32->RPi,decrypt,108,221,113,3.718,1,esp32_edge_normal_2,0,normal
12:38:19.738,130.4,gateway,gateway_A,raspberrypi,11,ESP32->RPi,decrypt,112,229,117,3.755,1,esp32_edge_normal_1,0,normal
12:38:24.246,134.9,gateway,gateway_A,raspberrypi,11,ESP32->RPi,decrypt,115,233,118,3.897,1,esp32_edge_normal_3,0,normal
12:38:24.738,135.4,gateway,gateway_A,raspberrypi,11,ESP32->RPi,decrypt,120,237,117,4.088,1,esp32_edge_normal_2,0,normal
12:38:24.745,135.4,gateway,gateway_A,raspberrypi,11,ESP32->RPi,decrypt,112,229,117,3.963,1,esp32_edge_normal_1,0,normal
12:38:29.264,140.0,gateway,gateway_A,raspberrypi,11,ESP32->RPi,decrypt,120,237,117,3.994,1,esp32_edge_normal_3,0,normal
12:38:29.741,140.4,gateway,gateway_A,raspberrypi,11,ESP32->RPi,decrypt,118,237,119,3.967,1,esp32_edge_normal_1,0,normal
12:38:29.747,140.4,gateway,gateway_A,raspberrypi,11,ESP32->RPi,decrypt,114,229,115,3.888,1,esp32_edge_normal_2,0,normal
12:38:34.278,145.0,gateway,gateway_A,raspberrypi,11,ESP32->RPi,decrypt,118,237,119,1.373,1,esp32_edge_normal_3,0,normal
12:38:34.730,145.4,gateway,gateway_A,raspberrypi,11,ESP32->RPi,decrypt,115,233,118,1.398,1,esp32_edge_normal_2,0,normal
12:38:34.732,145.4,gateway,gateway_A,raspberrypi,11,ESP32->RPi,decrypt,117,233,116,1.475,1,esp32_edge_normal_1,0,normal
12:38:39.234,149.9,gateway,gateway_A,raspberrypi,11,ESP32->RPi,decrypt,121,241,120,4.583,1,esp32_edge_normal_3,0,normal
12:38:39.735,150.4,gateway,gateway_A,raspberrypi,11,ESP32->RPi,decrypt,117,233,116,1.454,1,esp32_edge_normal_2,0,normal
12:38:40.803,151.5,gateway,gateway_A,raspberrypi,11,RPi->PC,encrypt,3634,4930,1296,36.907,1,,,
12:38:40.983,151.7,gateway,gateway_A,raspberrypi,11,ESP32->RPi,decrypt,118,237,119,1.552,1,esp32_edge_normal_1,0,normal
12:38:44.231,154.9,gateway,gateway_A,raspberrypi,11,ESP32->RPi,decrypt,117,233,116,1.493,1,esp32_edge_normal_3,0,normal
12:38:44.733,155.4,gateway,gateway_A,raspberrypi,11,ESP32->RPi,decrypt,117,233,116,4.652,1,esp32_edge_normal_2,0,normal
12:38:44.739,155.4,gateway,gateway_A,raspberrypi,11,ESP32->RPi,decrypt,116,233,117,4.67,1,esp32_edge_normal_1,0,normal
12:38:45.424,156.1,gateway,gateway_A,raspberrypi,11,PC->RPi,decrypt,3541,4806,1265,36.232,1,,,
12:38:45.464,156.2,gateway,gateway_A,raspberrypi,11,RPi->ESP32,encrypt,3541,4806,1265,33.359,2,,,
12:38:57.428,168.1,gateway,gateway_A,raspberrypi,11,ESP32->RPi,decrypt,114,229,115,4.212,2,esp32_edge_normal_3,0,normal
12:38:57.879,168.6,gateway,gateway_A,raspberrypi,11,ESP32->RPi,decrypt,121,241,120,4.295,2,esp32_edge_normal_2,0,normal
12:38:57.939,168.6,gateway,gateway_A,raspberrypi,11,ESP32->RPi,decrypt,117,233,116,2.646,2,esp32_edge_normal_1,0,normal
12:39:02.374,173.1,gateway,gateway_A,raspberrypi,11,ESP32->RPi,decrypt,117,233,116,3.526,2,esp32_edge_normal_3,0,normal
12:39:02.875,173.6,gateway,gateway_A,raspberrypi,11,ESP32->RPi,decrypt,113,229,116,4.263,2,esp32_edge_normal_2,0,normal
12:39:02.943,173.6,gateway,gateway_A,raspberrypi,11,ESP32->RPi,decrypt,116,233,117,3.813,2,esp32_edge_normal_1,0,normal
12:39:07.370,178.1,gateway,gateway_A,raspberrypi,11,ESP32->RPi,decrypt,117,233,116,1.421,2,esp32_edge_normal_3,0,normal
12:39:07.868,178.6,gateway,gateway_A,raspberrypi,11,ESP32->RPi,decrypt,117,233,116,1.508,2,esp32_edge_normal_2,0,normal
12:39:07.943,178.6,gateway,gateway_A,raspberrypi,11,ESP32->RPi,decrypt,108,221,113,1.272,2,esp32_edge_normal_1,0,normal
12:39:12.374,183.1,gateway,gateway_A,raspberrypi,11,ESP32->RPi,decrypt,108,221,113,3.796,2,esp32_edge_normal_3,0,normal
12:39:12.874,183.6,gateway,gateway_A,raspberrypi,11,ESP32->RPi,decrypt,114,229,115,4.294,2,esp32_edge_normal_2,0,normal
12:39:12.941,183.6,gateway,gateway_A,raspberrypi,11,ESP32->RPi,decrypt,115,233,118,4.18,2,esp32_edge_normal_1,0,normal
12:39:17.377,188.1,gateway,gateway_A,raspberrypi,11,ESP32->RPi,decrypt,115,233,118,1.46,2,esp32_edge_normal_3,0,normal
12:39:17.869,188.6,gateway,gateway_A,raspberrypi,11,ESP32->RPi,decrypt,120,237,117,1.556,2,esp32_edge_normal_2,0,normal
12:39:17.938,188.6,gateway,gateway_A,raspberrypi,11,ESP32->RPi,decrypt,120,237,117,1.552,2,esp32_edge_normal_1,0,normal
12:39:22.375,193.1,gateway,gateway_A,raspberrypi,11,ESP32->RPi,decrypt,116,233,117,4.391,2,esp32_edge_normal_3,0,normal
12:39:22.873,193.6,gateway,gateway_A,raspberrypi,11,ESP32->RPi,decrypt,116,233,117,4.284,2,esp32_edge_normal_2,0,normal
12:39:22.946,193.6,gateway,gateway_A,raspberrypi,11,ESP32->RPi,decrypt,118,237,119,4.671,2,esp32_edge_normal_1,0,normal
12:39:27.373,198.1,gateway,gateway_A,raspberrypi,11,ESP32->RPi,decrypt,114,229,115,4.121,2,esp32_edge_normal_3,0,normal
12:39:27.871,198.6,gateway,gateway_A,raspberrypi,11,ESP32->RPi,decrypt,117,233,116,3.965,2,esp32_edge_normal_2,0,normal
12:39:27.946,198.6,gateway,gateway_A,raspberrypi,11,ESP32->RPi,decrypt,118,237,119,4.007,2,esp32_edge_normal_1,0,normal
12:39:32.373,203.1,gateway,gateway_A,raspberrypi,11,ESP32->RPi,decrypt,117,233,116,4.022,2,esp32_edge_normal_3,0,normal
12:39:32.872,203.6,gateway,gateway_A,raspberrypi,11,ESP32->RPi,decrypt,118,237,119,3.675,2,esp32_edge_normal_2,0,normal
12:39:32.944,203.6,gateway,gateway_A,raspberrypi,11,ESP32->RPi,decrypt,120,237,117,4.693,2,esp32_edge_normal_1,0,normal
12:39:37.452,208.1,gateway,gateway_A,raspberrypi,11,ESP32->RPi,decrypt,121,241,120,4.47,2,esp32_edge_normal_3,0,normal
12:39:37.874,208.6,gateway,gateway_A,raspberrypi,11,ESP32->RPi,decrypt,116,233,117,4.187,2,esp32_edge_normal_2,0,normal
12:39:38.861,209.5,gateway,gateway_A,raspberrypi,11,RPi->PC,encrypt,3623,4914,1291,44.875,2,,,
12:39:38.919,209.6,gateway,gateway_A,raspberrypi,11,ESP32->RPi,decrypt,115,233,118,2.097,2,esp32_edge_normal_1,0,normal
12:39:42.373,213.1,gateway,gateway_A,raspberrypi,11,ESP32->RPi,decrypt,118,237,119,1.49,2,esp32_edge_normal_3,0,normal
12:39:42.869,213.6,gateway,gateway_A,raspberrypi,11,ESP32->RPi,decrypt,111,225,114,1.425,2,esp32_edge_normal_2,0,normal
12:39:42.937,213.6,gateway,gateway_A,raspberrypi,11,ESP32->RPi,decrypt,119,237,118,1.458,2,esp32_edge_normal_1,0,normal
12:39:44.079,214.8,gateway,gateway_A,raspberrypi,11,PC->RPi,decrypt,3541,4806,1265,73.048,2,,,
12:39:44.145,214.8,gateway,gateway_A,raspberrypi,11,RPi->ESP32,encrypt,3541,4806,1265,56.038,3,,,
12:39:56.203,226.9,gateway,gateway_A,raspberrypi,11,ESP32->RPi,decrypt,116,233,117,4.151,3,esp32_edge_normal_1,0,normal
12:39:56.527,227.2,gateway,gateway_A,raspberrypi,11,ESP32->RPi,decrypt,120,237,117,4.073,3,esp32_edge_normal_2,0,normal
12:39:56.622,227.3,gateway,gateway_A,raspberrypi,11,ESP32->RPi,decrypt,119,237,118,3.362,3,esp32_edge_normal_3,0,normal
12:40:01.114,231.8,gateway,gateway_A,raspberrypi,11,ESP32->RPi,decrypt,120,237,117,1.357,3,esp32_edge_normal_1,0,normal
12:40:01.529,232.2,gateway,gateway_A,raspberrypi,11,ESP32->RPi,decrypt,115,233,118,1.299,3,esp32_edge_normal_2,0,normal
12:40:01.619,232.3,gateway,gateway_A,raspberrypi,11,ESP32->RPi,decrypt,113,229,116,1.296,3,esp32_edge_normal_3,0,normal
12:40:06.118,236.8,gateway,gateway_A,raspberrypi,11,ESP32->RPi,decrypt,121,241,120,4.312,3,esp32_edge_normal_1,0,normal
12:40:06.529,237.2,gateway,gateway_A,raspberrypi,11,ESP32->RPi,decrypt,116,233,117,5.483,3,esp32_edge_normal_2,0,normal
12:40:06.621,237.3,gateway,gateway_A,raspberrypi,11,ESP32->RPi,decrypt,121,241,120,3.831,3,esp32_edge_normal_3,0,normal
12:40:11.153,241.8,gateway,gateway_A,raspberrypi,11,ESP32->RPi,decrypt,117,233,116,4.502,3,esp32_edge_normal_1,0,normal
12:40:11.531,242.2,gateway,gateway_A,raspberrypi,11,ESP32->RPi,decrypt,121,241,120,4.618,3,esp32_edge_normal_2,0,normal
12:40:11.620,242.3,gateway,gateway_A,raspberrypi,11,ESP32->RPi,decrypt,116,233,117,3.135,3,esp32_edge_normal_3,0,normal
12:40:16.170,246.9,gateway,gateway_A,raspberrypi,11,ESP32->RPi,decrypt,116,233,117,3.668,3,esp32_edge_normal_1,0,normal
12:40:16.529,247.2,gateway,gateway_A,raspberrypi,11,ESP32->RPi,decrypt,119,237,118,4.196,3,esp32_edge_normal_2,0,normal
12:40:16.623,247.3,gateway,gateway_A,raspberrypi,11,ESP32->RPi,decrypt,117,233,116,3.058,3,esp32_edge_normal_3,0,normal
12:40:21.184,251.9,gateway,gateway_A,raspberrypi,11,ESP32->RPi,decrypt,120,237,117,1.4,3,esp32_edge_normal_1,0,normal
12:40:21.524,252.2,gateway,gateway_A,raspberrypi,11,ESP32->RPi,decrypt,113,229,116,1.329,3,esp32_edge_normal_2,0,normal
12:40:21.617,252.3,gateway,gateway_A,raspberrypi,11,ESP32->RPi,decrypt,113,229,116,1.324,3,esp32_edge_normal_3,0,normal
12:40:26.206,256.9,gateway,gateway_A,raspberrypi,11,ESP32->RPi,decrypt,117,233,116,4.229,3,esp32_edge_normal_1,0,normal
12:40:26.527,257.2,gateway,gateway_A,raspberrypi,11,ESP32->RPi,decrypt,115,233,118,4.193,3,esp32_edge_normal_2,0,normal
12:40:26.617,257.3,gateway,gateway_A,raspberrypi,11,ESP32->RPi,decrypt,114,229,115,2.897,3,esp32_edge_normal_3,0,normal
12:40:31.222,261.9,gateway,gateway_A,raspberrypi,11,ESP32->RPi,decrypt,116,233,117,3.215,3,esp32_edge_normal_1,0,normal
12:40:31.530,262.2,gateway,gateway_A,raspberrypi,11,ESP32->RPi,decrypt,115,233,118,4.146,3,esp32_edge_normal_2,0,normal
12:40:31.621,262.3,gateway,gateway_A,raspberrypi,11,ESP32->RPi,decrypt,119,237,118,3.992,3,esp32_edge_normal_3,0,normal
12:40:36.141,266.8,gateway,gateway_A,raspberrypi,11,ESP32->RPi,decrypt,115,233,118,4.149,3,esp32_edge_normal_1,0,normal
12:40:36.527,267.2,gateway,gateway_A,raspberrypi,11,ESP32->RPi,decrypt,113,229,116,4.109,3,esp32_edge_normal_2,0,normal
12:40:37.517,268.2,gateway,gateway_A,raspberrypi,11,RPi->PC,encrypt,3622,4914,1292,39.085,3,,,
12:40:37.622,268.3,gateway,gateway_A,raspberrypi,11,ESP32->RPi,decrypt,118,237,119,1.918,3,esp32_edge_normal_3,0,normal
12:40:41.136,271.8,gateway,gateway_A,raspberrypi,11,ESP32->RPi,decrypt,118,237,119,1.477,3,esp32_edge_normal_1,0,normal
12:40:41.526,272.2,gateway,gateway_A,raspberrypi,11,ESP32->RPi,decrypt,115,233,118,1.389,3,esp32_edge_normal_2,0,normal
12:40:41.617,272.3,gateway,gateway_A,raspberrypi,11,ESP32->RPi,decrypt,114,229,115,1.421,3,esp32_edge_normal_3,0,normal
12:40:42.323,273.0,gateway,gateway_A,raspberrypi,11,PC->RPi,decrypt,3537,4798,1261,88.781,3,,,
12:40:42.363,273.1,gateway,gateway_A,raspberrypi,11,RPi->ESP32,encrypt,3537,4798,1261,32.783,4,,,
12:40:54.194,284.9,gateway,gateway_A,raspberrypi,11,ESP32->RPi,decrypt,117,233,116,4.333,4,esp32_edge_normal_2,0,normal
12:40:54.234,284.9,gateway,gateway_A,raspberrypi,11,ESP32->RPi,decrypt,119,237,118,4.27,4,esp32_edge_normal_1,0,normal
12:40:54.316,285.0,gateway,gateway_A,raspberrypi,11,ESP32->RPi,decrypt,117,233,116,2.328,4,esp32_edge_normal_3,0,normal
12:40:59.193,289.9,gateway,gateway_A,raspberrypi,11,ESP32->RPi,decrypt,116,233,117,4.059,4,esp32_edge_normal_2,0,normal
12:40:59.231,289.9,gateway,gateway_A,raspberrypi,11,ESP32->RPi,decrypt,117,233,116,2.601,4,esp32_edge_normal_1,0,normal
12:40:59.320,290.0,gateway,gateway_A,raspberrypi,11,ESP32->RPi,decrypt,118,237,119,2.661,4,esp32_edge_normal_3,0,normal
12:41:04.299,295.0,gateway,gateway_A,raspberrypi,11,ESP32->RPi,decrypt,115,233,118,3.93,4,esp32_edge_normal_2,0,normal
12:41:04.305,295.0,gateway,gateway_A,raspberrypi,11,ESP32->RPi,decrypt,117,233,116,3.892,4,esp32_edge_normal_1,0,normal
12:41:04.319,295.0,gateway,gateway_A,raspberrypi,11,ESP32->RPi,decrypt,118,237,119,3.966,4,esp32_edge_normal_3,0,normal
12:41:09.187,299.9,gateway,gateway_A,raspberrypi,11,ESP32->RPi,decrypt,117,233,116,1.318,4,esp32_edge_normal_2,0,normal
12:41:09.234,299.9,gateway,gateway_A,raspberrypi,11,ESP32->RPi,decrypt,115,233,118,1.436,4,esp32_edge_normal_1,0,normal
12:41:09.324,300.0,gateway,gateway_A,raspberrypi,11,ESP32->RPi,decrypt,115,233,118,1.401,4,esp32_edge_normal_3,0,normal
12:41:14.194,304.9,gateway,gateway_A,raspberrypi,11,ESP32->RPi,decrypt,114,229,115,4.162,4,esp32_edge_normal_2,0,normal
12:41:14.244,304.9,gateway,gateway_A,raspberrypi,11,ESP32->RPi,decrypt,120,237,117,3.285,4,esp32_edge_normal_1,0,normal
12:41:14.319,305.0,gateway,gateway_A,raspberrypi,11,ESP32->RPi,decrypt,120,237,117,3.22,4,esp32_edge_normal_3,0,normal
12:41:19.190,309.9,gateway,gateway_A,raspberrypi,11,ESP32->RPi,decrypt,115,233,118,3.438,4,esp32_edge_normal_2,0,normal
12:41:19.233,309.9,gateway,gateway_A,raspberrypi,11,ESP32->RPi,decrypt,117,233,116,3.749,4,esp32_edge_normal_1,0,normal
12:41:19.319,310.0,gateway,gateway_A,raspberrypi,11,ESP32->RPi,decrypt,117,233,116,3.837,4,esp32_edge_normal_3,0,normal
12:41:24.266,315.0,gateway,gateway_A,raspberrypi,11,ESP32->RPi,decrypt,113,229,116,1.422,4,esp32_edge_normal_2,0,normal
12:41:24.269,315.0,gateway,gateway_A,raspberrypi,11,ESP32->RPi,decrypt,120,237,117,1.443,4,esp32_edge_normal_1,0,normal
12:41:24.316,315.0,gateway,gateway_A,raspberrypi,11,ESP32->RPi,decrypt,117,233,116,1.508,4,esp32_edge_normal_3,0,normal
12:41:29.194,319.9,gateway,gateway_A,raspberrypi,11,ESP32->RPi,decrypt,120,237,117,4.246,4,esp32_edge_normal_2,0,normal
12:41:29.234,319.9,gateway,gateway_A,raspberrypi,11,ESP32->RPi,decrypt,114,229,115,3.857,4,esp32_edge_normal_1,0,normal
12:41:29.319,320.0,gateway,gateway_A,raspberrypi,11,ESP32->RPi,decrypt,118,237,119,5.192,4,esp32_edge_normal_3,0,normal
12:41:34.186,324.9,gateway,gateway_A,raspberrypi,11,ESP32->RPi,decrypt,118,237,119,1.388,4,esp32_edge_normal_2,0,normal
12:41:34.230,324.9,gateway,gateway_A,raspberrypi,11,ESP32->RPi,decrypt,120,237,117,1.466,4,esp32_edge_normal_1,0,normal
12:41:35.230,325.9,gateway,gateway_A,raspberrypi,11,RPi->PC,encrypt,3621,4910,1289,34.818,4,,,
12:41:35.403,326.1,gateway,gateway_A,raspberrypi,11,ESP32->RPi,decrypt,118,237,119,1.417,4,esp32_edge_normal_3,0,normal
12:41:39.239,329.9,gateway,gateway_A,raspberrypi,11,ESP32->RPi,decrypt,115,233,118,1.416,4,esp32_edge_normal_2,0,normal
12:41:39.242,329.9,gateway,gateway_A,raspberrypi,11,ESP32->RPi,decrypt,117,233,116,1.367,4,esp32_edge_normal_1,0,normal
12:41:39.412,330.1,gateway,gateway_A,raspberrypi,11,ESP32->RPi,decrypt,120,237,117,1.486,4,esp32_edge_normal_3,0,normal
12:41:40.720,331.4,gateway,gateway_A,raspberrypi,11,PC->RPi,decrypt,3535,4798,1263,92.148,4,,,
12:41:40.760,331.4,gateway,gateway_A,raspberrypi,11,RPi->ESP32,encrypt,3535,4798,1263,33.345,5,,,
12:41:52.700,343.4,gateway,gateway_A,raspberrypi,11,ESP32->RPi,decrypt,119,237,118,3.576,5,esp32_edge_normal_3,0,normal
12:41:52.898,343.6,gateway,gateway_A,raspberrypi,11,ESP32->RPi,decrypt,117,233,116,1.328,5,esp32_edge_normal_1,0,normal
12:41:57.750,348.4,gateway,gateway_A,raspberrypi,11,ESP32->RPi,decrypt,120,237,117,2.536,5,esp32_edge_normal_3,0,normal
12:43:11.900,422.6,gateway,gateway_A,raspberrypi,11,ESP32->RPi,decrypt,119,237,118,3.979,5,esp32_edge_normal_3,0,normal
12:45:27.639,558.3,gateway,gateway_A,raspberrypi,11,ESP32->RPi,decrypt,115,233,118,1.377,5,esp32_edge_normal_2,0,normal
12:45:29.786,560.5,gateway,gateway_A,raspberrypi,11,ESP32->RPi,decrypt,119,237,118,1.391,5,esp32_edge_normal_1,0,normal
12:45:32.697,563.4,gateway,gateway_A,raspberrypi,11,ESP32->RPi,decrypt,121,241,120,4.407,5,esp32_edge_normal_2,0,normal
12:45:34.084,564.8,gateway,gateway_A,raspberrypi,11,ESP32->RPi,decrypt,112,229,117,1.435,5,esp32_edge_simulator_1,1,mqtt_bruteforce
12:45:34.793,565.5,gateway,gateway_A,raspberrypi,11,ESP32->RPi,decrypt,120,237,117,1.432,5,esp32_edge_normal_1,0,normal
12:45:37.713,568.4,gateway,gateway_A,raspberrypi,11,ESP32->RPi,decrypt,117,233,116,1.383,5,esp32_edge_normal_2,0,normal
12:45:39.095,569.8,gateway,gateway_A,raspberrypi,11,ESP32->RPi,decrypt,111,225,114,4.037,5,esp32_edge_simulator_1,1,mqtt_bruteforce
12:45:39.860,570.5,gateway,gateway_A,raspberrypi,11,ESP32->RPi,decrypt,118,237,119,4.098,5,esp32_edge_normal_1,0,normal
12:45:42.642,573.3,gateway,gateway_A,raspberrypi,11,ESP32->RPi,decrypt,116,233,117,4.305,5,esp32_edge_normal_2,0,normal
12:45:44.091,574.8,gateway,gateway_A,raspberrypi,11,ESP32->RPi,decrypt,101,213,112,3.657,5,esp32_edge_simulator_1,2,scan_A
12:45:44.788,575.5,gateway,gateway_A,raspberrypi,11,ESP32->RPi,decrypt,119,237,118,3.859,5,esp32_edge_normal_1,0,normal
12:45:47.750,578.4,gateway,gateway_A,raspberrypi,11,ESP32->RPi,decrypt,120,237,117,4.134,5,esp32_edge_normal_2,0,normal
12:45:49.086,579.8,gateway,gateway_A,raspberrypi,11,ESP32->RPi,decrypt,102,213,111,3.558,5,esp32_edge_simulator_1,2,scan_A
12:45:49.789,580.5,gateway,gateway_A,raspberrypi,11,ESP32->RPi,decrypt,117,233,116,3.884,5,esp32_edge_normal_1,0,normal
12:45:52.662,583.4,gateway,gateway_A,raspberrypi,11,ESP32->RPi,decrypt,121,241,120,4.126,5,esp32_edge_normal_2,0,normal
12:45:54.082,584.8,gateway,gateway_A,raspberrypi,11,ESP32->RPi,decrypt,108,221,113,1.247,5,esp32_edge_simulator_1,2,scan_A
12:45:54.796,585.5,gateway,gateway_A,raspberrypi,11,ESP32->RPi,decrypt,115,233,118,1.419,5,esp32_edge_normal_1,0,normal
12:45:57.636,588.3,gateway,gateway_A,raspberrypi,11,ESP32->RPi,decrypt,119,237,118,1.433,5,esp32_edge_normal_2,0,normal
12:45:59.092,589.8,gateway,gateway_A,raspberrypi,11,ESP32->RPi,decrypt,110,225,115,3.965,5,esp32_edge_simulator_1,1,mqtt_bruteforce
12:45:59.791,590.5,gateway,gateway_A,raspberrypi,11,ESP32->RPi,decrypt,115,233,118,4.281,5,esp32_edge_normal_1,0,normal
12:46:02.697,593.4,gateway,gateway_A,raspberrypi,11,ESP32->RPi,decrypt,115,233,118,4.134,5,esp32_edge_normal_2,0,normal
12:46:04.080,594.8,gateway,gateway_A,raspberrypi,11,ESP32->RPi,decrypt,122,241,119,4.063,5,esp32_edge_simulator_1,0,normal
12:46:05.026,595.7,gateway,gateway_A,raspberrypi,11,RPi->PC,encrypt,3653,4954,1301,36.274,5,,,
12:46:05.246,595.9,gateway,gateway_A,raspberrypi,11,PC->RPi,decrypt,3522,4778,1256,32.1,5,,,
12:46:05.283,596.0,gateway,gateway_A,raspberrypi,11,RPi->ESP32,encrypt,3522,4778,1256,30.865,6,,,
12:46:05.302,596.0,gateway,gateway_A,raspberrypi,11,ESP32->RPi,decrypt,121,241,120,1.632,6,esp32_edge_normal_1,0,normal
12:46:17.243,607.9,gateway,gateway_A,raspberrypi,11,ESP32->RPi,decrypt,115,233,118,4.141,6,esp32_edge_normal_2,0,normal
12:46:17.250,607.9,gateway,gateway_A,raspberrypi,11,ESP32->RPi,decrypt,121,241,120,4.335,6,esp32_edge_normal_1,0,normal
12:46:17.700,608.4,gateway,gateway_A,raspberrypi,11,ESP32->RPi,decrypt,109,225,116,1.393,6,esp32_edge_simulator_1,1,mqtt_bruteforce
12:46:22.168,612.9,gateway,gateway_A,raspberrypi,11,ESP32->RPi,decrypt,114,229,115,1.441,6,esp32_edge_normal_2,0,normal
12:46:22.230,612.9,gateway,gateway_A,raspberrypi,11,ESP32->RPi,decrypt,116,233,117,1.342,6,esp32_edge_normal_1,0,normal
12:46:22.696,613.4,gateway,gateway_A,raspberrypi,11,ESP32->RPi,decrypt,120,237,117,4.058,6,esp32_edge_simulator_1,0,normal
12:46:27.274,618.0,gateway,gateway_A,raspberrypi,11,ESP32->RPi,decrypt,118,237,119,4.001,6,esp32_edge_normal_2,0,normal
12:46:27.280,618.0,gateway,gateway_A,raspberrypi,11,ESP32->RPi,decrypt,118,237,119,3.919,6,esp32_edge_normal_1,0,normal
12:46:27.699,618.4,gateway,gateway_A,raspberrypi,11,ESP32->RPi,decrypt,121,241,120,4.205,6,esp32_edge_simulator_1,0,normal
12:46:32.190,622.9,gateway,gateway_A,raspberrypi,11,ESP32->RPi,decrypt,118,237,119,3.957,6,esp32_edge_normal_2,0,normal
12:46:32.233,622.9,gateway,gateway_A,raspberrypi,11,ESP32->RPi,decrypt,121,241,120,4.441,6,esp32_edge_normal_1,0,normal
12:46:32.694,623.4,gateway,gateway_A,raspberrypi,11,ESP32->RPi,decrypt,115,233,118,4.231,6,esp32_edge_simulator_1,0,normal
12:46:37.165,627.9,gateway,gateway_A,raspberrypi,11,ESP32->RPi,decrypt,107,221,114,1.345,6,esp32_edge_normal_2,0,normal
12:46:37.228,627.9,gateway,gateway_A,raspberrypi,11,ESP32->RPi,decrypt,113,229,116,1.431,6,esp32_edge_normal_1,0,normal
12:46:37.716,628.4,gateway,gateway_A,raspberrypi,11,ESP32->RPi,decrypt,108,221,113,1.341,6,esp32_edge_simulator_1,1,mqtt_bruteforce
12:46:42.174,632.9,gateway,gateway_A,raspberrypi,11,ESP32->RPi,decrypt,121,241,120,4.16,6,esp32_edge_normal_2,0,normal
12:46:42.232,632.9,gateway,gateway_A,raspberrypi,11,ESP32->RPi,decrypt,120,237,117,2.937,6,esp32_edge_normal_1,0,normal
12:46:42.703,633.4,gateway,gateway_A,raspberrypi,11,ESP32->RPi,decrypt,102,213,111,3.865,6,esp32_edge_simulator_1,2,scan_A
12:46:47.168,637.9,gateway,gateway_A,raspberrypi,11,ESP32->RPi,decrypt,117,233,116,4.217,6,esp32_edge_normal_2,0,normal
12:46:47.233,637.9,gateway,gateway_A,raspberrypi,11,ESP32->RPi,decrypt,117,233,116,3.853,6,esp32_edge_normal_1,0,normal
12:46:47.698,638.4,gateway,gateway_A,raspberrypi,11,ESP32->RPi,decrypt,107,221,114,1.346,6,esp32_edge_simulator_1,1,mqtt_bruteforce
12:46:52.166,642.9,gateway,gateway_A,raspberrypi,11,ESP32->RPi,decrypt,118,237,119,1.422,6,esp32_edge_normal_2,0,normal
12:46:52.228,642.9,gateway,gateway_A,raspberrypi,11,ESP32->RPi,decrypt,116,233,117,1.42,6,esp32_edge_normal_1,0,normal
12:46:52.704,643.4,gateway,gateway_A,raspberrypi,11,ESP32->RPi,decrypt,112,229,117,4.065,6,esp32_edge_simulator_1,1,mqtt_bruteforce
12:46:57.170,647.9,gateway,gateway_A,raspberrypi,11,ESP32->RPi,decrypt,117,233,116,3.903,6,esp32_edge_normal_2,0,normal
12:46:57.235,647.9,gateway,gateway_A,raspberrypi,11,ESP32->RPi,decrypt,117,233,116,2.826,6,esp32_edge_normal_1,0,normal
12:46:57.692,648.4,gateway,gateway_A,raspberrypi,11,ESP32->RPi,decrypt,117,233,116,1.339,6,esp32_edge_simulator_1,0,normal
12:47:02.172,652.9,gateway,gateway_A,raspberrypi,11,ESP32->RPi,decrypt,120,237,117,1.401,6,esp32_edge_normal_2,0,normal
12:47:02.228,652.9,gateway,gateway_A,raspberrypi,11,ESP32->RPi,decrypt,116,233,117,1.48,6,esp32_edge_normal_1,0,normal
12:47:03.533,654.2,gateway,gateway_A,raspberrypi,11,RPi->PC,encrypt,3634,4930,1296,34.916,6,,,
12:47:03.773,654.5,gateway,gateway_A,raspberrypi,11,PC->RPi,decrypt,3540,4802,1262,29.835,6,,,
12:47:03.811,654.5,gateway,gateway_A,raspberrypi,11,RPi->ESP32,encrypt,3540,4802,1262,32.207,7,,,
12:47:03.827,654.5,gateway,gateway_A,raspberrypi,11,ESP32->RPi,decrypt,101,213,112,1.286,7,esp32_edge_simulator_1,2,scan_A
12:47:15.811,666.5,gateway,gateway_A,raspberrypi,11,ESP32->RPi,decrypt,103,217,114,3.8,7,esp32_edge_simulator_1,2,scan_A
12:47:16.246,666.9,gateway,gateway_A,raspberrypi,11,ESP32->RPi,decrypt,117,233,116,4.23,7,esp32_edge_normal_2,0,normal
12:47:16.290,667.0,gateway,gateway_A,raspberrypi,11,ESP32->RPi,decrypt,113,229,116,4.206,7,esp32_edge_normal_1,0,normal
12:47:20.775,671.5,gateway,gateway_A,raspberrypi,11,ESP32->RPi,decrypt,81,185,104,3.144,7,esp32_edge_simulator_1,2,scan_A
12:47:21.243,671.9,gateway,gateway_A,raspberrypi,11,ESP32->RPi,decrypt,116,233,117,1.364,7,esp32_edge_normal_2,0,normal
12:47:21.287,672.0,gateway,gateway_A,raspberrypi,11,ESP32->RPi,decrypt,119,237,118,1.414,7,esp32_edge_normal_1,0,normal
12:47:25.772,676.5,gateway,gateway_A,raspberrypi,11,ESP32->RPi,decrypt,107,221,114,1.353,7,esp32_edge_simulator_1,2,scan_A
12:47:26.246,676.9,gateway,gateway_A,raspberrypi,11,ESP32->RPi,decrypt,116,233,117,4.2,7,esp32_edge_normal_2,0,normal
12:47:26.292,677.0,gateway,gateway_A,raspberrypi,11,ESP32->RPi,decrypt,121,241,120,4.433,7,esp32_edge_normal_1,0,normal
12:47:30.771,681.5,gateway,gateway_A,raspberrypi,11,ESP32->RPi,decrypt,104,217,113,1.291,7,esp32_edge_simulator_1,2,scan_A
12:47:31.243,681.9,gateway,gateway_A,raspberrypi,11,ESP32->RPi,decrypt,112,229,117,1.36,7,esp32_edge_normal_2,0,normal
12:47:31.290,682.0,gateway,gateway_A,raspberrypi,11,ESP32->RPi,decrypt,118,237,119,1.369,7,esp32_edge_normal_1,0,normal
12:47:35.775,686.5,gateway,gateway_A,raspberrypi,11,ESP32->RPi,decrypt,112,229,117,4.07,7,esp32_edge_simulator_1,1,mqtt_bruteforce
12:47:36.250,686.9,gateway,gateway_A,raspberrypi,11,ESP32->RPi,decrypt,120,237,117,4.137,7,esp32_edge_normal_2,0,normal
12:47:36.300,687.0,gateway,gateway_A,raspberrypi,11,ESP32->RPi,decrypt,119,237,118,4.156,7,esp32_edge_normal_1,0,normal
12:47:40.830,691.5,gateway,gateway_A,raspberrypi,11,ESP32->RPi,decrypt,118,237,119,1.359,7,esp32_edge_simulator_1,0,normal
12:47:41.309,692.0,gateway,gateway_A,raspberrypi,11,ESP32->RPi,decrypt,112,229,117,1.498,7,esp32_edge_normal_2,0,normal
12:47:41.311,692.0,gateway,gateway_A,raspberrypi,11,ESP32->RPi,decrypt,116,233,117,1.327,7,esp32_edge_normal_1,0,normal
12:47:45.815,696.5,gateway,gateway_A,raspberrypi,11,ESP32->RPi,decrypt,81,185,104,3.237,7,esp32_edge_simulator_1,2,scan_A
12:47:46.246,696.9,gateway,gateway_A,raspberrypi,11,ESP32->RPi,decrypt,116,233,117,4.411,7,esp32_edge_normal_2,0,normal
12:47:46.288,697.0,gateway,gateway_A,raspberrypi,11,ESP32->RPi,decrypt,115,233,118,4.369,7,esp32_edge_normal_1,0,normal
12:47:50.774,701.5,gateway,gateway_A,raspberrypi,11,ESP32->RPi,decrypt,107,221,114,1.404,7,esp32_edge_simulator_1,2,scan_A
12:47:51.247,701.9,gateway,gateway_A,raspberrypi,11,ESP32->RPi,decrypt,115,233,118,1.432,7,esp32_edge_normal_2,0,normal
12:47:51.285,702.0,gateway,gateway_A,raspberrypi,11,ESP32->RPi,decrypt,120,237,117,1.464,7,esp32_edge_normal_1,0,normal
12:47:55.851,706.5,gateway,gateway_A,raspberrypi,11,ESP32->RPi,decrypt,119,237,118,4.298,7,esp32_edge_simulator_1,0,normal
12:47:56.245,706.9,gateway,gateway_A,raspberrypi,11,ESP32->RPi,decrypt,116,233,117,4.198,7,esp32_edge_normal_2,0,normal
12:47:56.291,707.0,gateway,gateway_A,raspberrypi,11,ESP32->RPi,decrypt,120,237,117,4.163,7,esp32_edge_normal_1,0,normal
12:48:00.761,711.4,gateway,gateway_A,raspberrypi,11,ESP32->RPi,decrypt,119,237,118,1.303,7,esp32_edge_simulator_1,0,normal
12:48:01.239,711.9,gateway,gateway_A,raspberrypi,11,ESP32->RPi,decrypt,116,233,117,1.296,7,esp32_edge_normal_2,0,normal
12:48:02.384,713.1,gateway,gateway_A,raspberrypi,11,RPi->PC,encrypt,3638,4934,1296,32.42,7,,,
12:48:02.624,713.3,gateway,gateway_A,raspberrypi,11,PC->RPi,decrypt,3541,4806,1265,30.373,7,,,
12:48:02.662,713.4,gateway,gateway_A,raspberrypi,11,RPi->ESP32,encrypt,3541,4806,1265,31.928,8,,,
12:48:02.679,713.4,gateway,gateway_A,raspberrypi,11,ESP32->RPi,decrypt,118,237,119,1.424,8,esp32_edge_normal_1,0,normal
12:48:14.552,725.2,gateway,gateway_A,raspberrypi,11,ESP32->RPi,decrypt,107,221,114,4.039,8,esp32_edge_simulator_1,1,mqtt_bruteforce
12:48:15.022,725.7,gateway,gateway_A,raspberrypi,11,ESP32->RPi,decrypt,121,241,120,4.432,8,esp32_edge_normal_2,0,normal
12:48:15.074,725.8,gateway,gateway_A,raspberrypi,11,ESP32->RPi,decrypt,119,237,118,3.119,8,esp32_edge_normal_1,0,normal
12:48:19.542,730.2,gateway,gateway_A,raspberrypi,11,ESP32->RPi,decrypt,120,237,117,1.356,8,esp32_edge_simulator_1,0,normal
12:48:20.022,730.7,gateway,gateway_A,raspberrypi,11,ESP32->RPi,decrypt,121,241,120,1.368,8,esp32_edge_normal_2,0,normal
12:48:20.077,730.8,gateway,gateway_A,raspberrypi,11,ESP32->RPi,decrypt,121,241,120,1.39,8,esp32_edge_normal_1,0,normal
12:48:24.544,735.2,gateway,gateway_A,raspberrypi,11,ESP32->RPi,decrypt,120,237,117,3.996,8,esp32_edge_simulator_1,0,normal
12:48:25.024,735.7,gateway,gateway_A,raspberrypi,11,ESP32->RPi,decrypt,117,233,116,3.91,8,esp32_edge_normal_2,0,normal
12:48:25.075,735.8,gateway,gateway_A,raspberrypi,11,ESP32->RPi,decrypt,118,237,119,4.073,8,esp32_edge_normal_1,0,normal
12:48:29.642,740.3,gateway,gateway_A,raspberrypi,11,ESP32->RPi,decrypt,110,225,115,3.891,8,esp32_edge_simulator_1,0,normal
12:48:30.022,740.7,gateway,gateway_A,raspberrypi,11,ESP32->RPi,decrypt,121,241,120,4.427,8,esp32_edge_normal_2,0,normal
12:48:30.074,740.8,gateway,gateway_A,raspberrypi,11,ESP32->RPi,decrypt,120,237,117,3.832,8,esp32_edge_normal_1,0,normal
12:48:34.657,745.3,gateway,gateway_A,raspberrypi,11,ESP32->RPi,decrypt,114,229,115,1.423,8,esp32_edge_simulator_1,1,mqtt_bruteforce
12:48:35.033,745.7,gateway,gateway_A,raspberrypi,11,ESP32->RPi,decrypt,121,241,120,1.515,8,esp32_edge_normal_2,0,normal
12:48:35.071,745.8,gateway,gateway_A,raspberrypi,11,ESP32->RPi,decrypt,117,233,116,1.452,8,esp32_edge_normal_1,0,normal
12:48:39.636,750.3,gateway,gateway_A,raspberrypi,11,ESP32->RPi,decrypt,124,245,121,4.396,8,esp32_edge_simulator_1,0,normal
12:48:40.151,750.8,gateway,gateway_A,raspberrypi,11,ESP32->RPi,decrypt,115,233,118,4.343,8,esp32_edge_normal_2,0,normal
12:48:40.156,750.8,gateway,gateway_A,raspberrypi,11,ESP32->RPi,decrypt,117,233,116,4.189,8,esp32_edge_normal_1,0,normal
12:48:44.542,755.2,gateway,gateway_A,raspberrypi,11,ESP32->RPi,decrypt,121,241,120,1.472,8,esp32_edge_simulator_1,0,normal
12:48:45.018,755.7,gateway,gateway_A,raspberrypi,11,ESP32->RPi,decrypt,117,233,116,1.342,8,esp32_edge_normal_2,0,normal
12:48:45.073,755.8,gateway,gateway_A,raspberrypi,11,ESP32->RPi,decrypt,121,241,120,1.543,8,esp32_edge_normal_1,0,normal
12:48:49.610,760.3,gateway,gateway_A,raspberrypi,11,ESP32->RPi,decrypt,113,229,116,3.498,8,esp32_edge_simulator_1,1,mqtt_bruteforce
12:48:50.024,760.7,gateway,gateway_A,raspberrypi,11,ESP32->RPi,decrypt,120,237,117,4.128,8,esp32_edge_normal_2,0,normal
12:48:50.081,760.8,gateway,gateway_A,raspberrypi,11,ESP32->RPi,decrypt,115,233,118,4.015,8,esp32_edge_normal_1,0,normal
12:48:54.628,765.3,gateway,gateway_A,raspberrypi,11,ESP32->RPi,decrypt,108,221,113,3.812,8,esp32_edge_simulator_1,2,scan_A
12:48:55.022,765.7,gateway,gateway_A,raspberrypi,11,ESP32->RPi,decrypt,117,233,116,4.001,8,esp32_edge_normal_2,0,normal
12:48:55.076,765.8,gateway,gateway_A,raspberrypi,11,ESP32->RPi,decrypt,118,237,119,4.148,8,esp32_edge_normal_1,0,normal
12:48:59.551,770.2,gateway,gateway_A,raspberrypi,11,ESP32->RPi,decrypt,115,233,118,4.378,8,esp32_edge_simulator_1,1,mqtt_bruteforce
12:49:00.021,770.7,gateway,gateway_A,raspberrypi,11,ESP32->RPi,decrypt,113,229,116,4.446,8,esp32_edge_normal_2,0,normal
12:49:01.162,771.9,gateway,gateway_A,raspberrypi,11,RPi->PC,encrypt,3655,4958,1303,35.787,8,,,
12:49:01.420,772.1,gateway,gateway_A,raspberrypi,11,PC->RPi,decrypt,3545,4810,1265,30.863,8,,,
12:49:01.459,772.1,gateway,gateway_A,raspberrypi,11,RPi->ESP32,encrypt,3545,4810,1265,32.007,9,,,
12:49:01.474,772.2,gateway,gateway_A,raspberrypi,11,ESP32->RPi,decrypt,121,241,120,2.08,9,esp32_edge_normal_1,0,normal
12:49:13.471,784.2,gateway,gateway_A,raspberrypi,11,ESP32->RPi,decrypt,120,237,117,4.186,9,esp32_edge_normal_2,0,normal
12:49:13.478,784.2,gateway,gateway_A,raspberrypi,11,ESP32->RPi,decrypt,122,241,119,4.505,9,esp32_edge_simulator_1,0,normal
12:49:13.483,784.2,gateway,gateway_A,raspberrypi,11,ESP32->RPi,decrypt,114,229,115,4.024,9,esp32_edge_normal_1,0,normal
12:49:18.396,789.1,gateway,gateway_A,raspberrypi,11,ESP32->RPi,decrypt,116,233,117,1.49,9,esp32_edge_normal_2,0,normal
12:49:18.415,789.1,gateway,gateway_A,raspberrypi,11,ESP32->RPi,decrypt,119,237,118,1.444,9,esp32_edge_simulator_1,0,normal
12:49:18.471,789.2,gateway,gateway_A,raspberrypi,11,ESP32->RPi,decrypt,117,233,116,1.475,9,esp32_edge_normal_1,0,normal
12:49:23.409,794.1,gateway,gateway_A,raspberrypi,11,ESP32->RPi,decrypt,113,229,116,1.47,9,esp32_edge_normal_2,0,normal
12:49:23.425,794.1,gateway,gateway_A,raspberrypi,11,ESP32->RPi,decrypt,112,229,117,1.462,9,esp32_edge_simulator_1,1,mqtt_bruteforce
12:49:23.473,794.2,gateway,gateway_A,raspberrypi,11,ESP32->RPi,decrypt,114,229,115,1.379,9,esp32_edge_normal_1,0,normal
12:49:28.401,799.1,gateway,gateway_A,raspberrypi,11,ESP32->RPi,decrypt,121,241,120,4.43,9,esp32_edge_normal_2,0,normal
12:49:28.430,799.1,gateway,gateway_A,raspberrypi,11,ESP32->RPi,decrypt,112,229,117,4.115,9,esp32_edge_simulator_1,1,mqtt_bruteforce
12:49:28.476,799.2,gateway,gateway_A,raspberrypi,11,ESP32->RPi,decrypt,119,237,118,4.289,9,esp32_edge_normal_1,0,normal
12:49:33.402,804.1,gateway,gateway_A,raspberrypi,11,ESP32->RPi,decrypt,117,233,116,3.951,9,esp32_edge_normal_2,0,normal
12:49:33.428,804.1,gateway,gateway_A,raspberrypi,11,ESP32->RPi,decrypt,113,229,116,3.953,9,esp32_edge_simulator_1,1,mqtt_bruteforce
12:49:33.480,804.2,gateway,gateway_A,raspberrypi,11,ESP32->RPi,decrypt,117,233,116,4.315,9,esp32_edge_normal_1,0,normal
12:49:38.401,809.1,gateway,gateway_A,raspberrypi,11,ESP32->RPi,decrypt,117,233,116,4.291,9,esp32_edge_normal_2,0,normal
12:49:38.428,809.1,gateway,gateway_A,raspberrypi,11,ESP32->RPi,decrypt,112,229,117,4.234,9,esp32_edge_simulator_1,1,mqtt_bruteforce
12:49:38.486,809.2,gateway,gateway_A,raspberrypi,11,ESP32->RPi,decrypt,120,237,117,3.369,9,esp32_edge_normal_1,0,normal
12:49:43.402,814.1,gateway,gateway_A,raspberrypi,11,ESP32->RPi,decrypt,118,237,119,3.994,9,esp32_edge_normal_2,0,normal
12:49:43.431,814.1,gateway,gateway_A,raspberrypi,11,ESP32->RPi,decrypt,113,229,116,3.928,9,esp32_edge_simulator_1,1,mqtt_bruteforce
12:49:43.477,814.2,gateway,gateway_A,raspberrypi,11,ESP32->RPi,decrypt,120,237,117,4.585,9,esp32_edge_normal_1,0,normal
12:49:48.502,819.2,gateway,gateway_A,raspberrypi,11,ESP32->RPi,decrypt,119,237,118,4.123,9,esp32_edge_normal_2,0,normal
12:49:48.507,819.2,gateway,gateway_A,raspberrypi,11,ESP32->RPi,decrypt,121,241,120,3.954,9,esp32_edge_simulator_1,0,normal
12:49:48.512,819.2,gateway,gateway_A,raspberrypi,11,ESP32->RPi,decrypt,121,241,120,3.95,9,esp32_edge_normal_1,0,normal
12:49:53.447,824.1,gateway,gateway_A,raspberrypi,11,ESP32->RPi,decrypt,116,233,117,2.351,9,esp32_edge_normal_2,0,normal
12:49:53.450,824.1,gateway,gateway_A,raspberrypi,11,ESP32->RPi,decrypt,81,185,104,1.812,9,esp32_edge_simulator_1,2,scan_A
12:49:53.478,824.2,gateway,gateway_A,raspberrypi,11,ESP32->RPi,decrypt,118,237,119,2.501,9,esp32_edge_normal_1,0,normal
12:49:58.425,829.1,gateway,gateway_A,raspberrypi,11,ESP32->RPi,decrypt,117,233,116,4.3,9,esp32_edge_normal_2,0,normal
12:49:58.430,829.1,gateway,gateway_A,raspberrypi,11,ESP32->RPi,decrypt,102,213,111,3.643,9,esp32_edge_simulator_1,2,scan_A
12:49:59.393,830.1,gateway,gateway_A,raspberrypi,11,RPi->PC,encrypt,3649,4950,1301,34.393,9,,,
12:49:59.646,830.3,gateway,gateway_A,raspberrypi,11,PC->RPi,decrypt,3540,4802,1262,31.489,9,,,
12:49:59.688,830.4,gateway,gateway_A,raspberrypi,11,RPi->ESP32,encrypt,3540,4802,1262,34.707,10,,,
12:49:59.704,830.4,gateway,gateway_A,raspberrypi,11,ESP32->RPi,decrypt,121,241,120,1.575,10,esp32_edge_normal_1,0,normal
12:50:12.050,842.7,gateway,gateway_A,raspberrypi,11,ESP32->RPi,decrypt,107,221,114,4.011,10,esp32_edge_normal_2,0,normal
12:50:12.091,842.8,gateway,gateway_A,raspberrypi,11,ESP32->RPi,decrypt,112,229,117,3.779,10,esp32_edge_simulator_1,1,mqtt_bruteforce
12:50:12.118,842.8,gateway,gateway_A,raspberrypi,11,ESP32->RPi,decrypt,107,221,114,3.539,10,esp32_edge_normal_1,0,normal
12:50:17.058,847.7,gateway,gateway_A,raspberrypi,11,ESP32->RPi,decrypt,113,229,116,1.354,10,esp32_edge_normal_2,0,normal
12:50:17.091,847.8,gateway,gateway_A,raspberrypi,11,ESP32->RPi,decrypt,111,225,114,1.319,10,esp32_edge_simulator_1,1,mqtt_bruteforce
12:50:17.119,847.8,gateway,gateway_A,raspberrypi,11,ESP32->RPi,decrypt,121,241,120,1.523,10,esp32_edge_normal_1,0,normal
12:50:22.048,852.7,gateway,gateway_A,raspberrypi,11,ESP32->RPi,decrypt,118,237,119,1.504,10,esp32_edge_normal_2,0,normal
12:50:22.082,852.8,gateway,gateway_A,raspberrypi,11,ESP32->RPi,decrypt,118,237,119,1.454,10,esp32_edge_simulator_1,0,normal
12:50:22.117,852.8,gateway,gateway_A,raspberrypi,11,ESP32->RPi,decrypt,118,237,119,1.542,10,esp32_edge_normal_1,0,normal
12:50:27.097,857.8,gateway,gateway_A,raspberrypi,11,ESP32->RPi,decrypt,116,233,117,4.342,10,esp32_edge_normal_2,0,normal
12:50:27.103,857.8,gateway,gateway_A,raspberrypi,11,ESP32->RPi,decrypt,114,229,115,4.259,10,esp32_edge_simulator_1,1,mqtt_bruteforce
12:50:27.119,857.8,gateway,gateway_A,raspberrypi,11,ESP32->RPi,decrypt,108,221,113,4.076,10,esp32_edge_normal_1,0,normal
12:50:32.116,862.8,gateway,gateway_A,raspberrypi,11,ESP32->RPi,decrypt,119,237,118,4.676,10,esp32_edge_normal_2,0,normal
12:50:32.121,862.8,gateway,gateway_A,raspberrypi,11,ESP32->RPi,decrypt,117,233,116,4.592,10,esp32_edge_simulator_1,0,normal
12:50:32.127,862.8,gateway,gateway_A,raspberrypi,11,ESP32->RPi,decrypt,119,237,118,4.188,10,esp32_edge_normal_1,0,normal
12:50:37.056,867.7,gateway,gateway_A,raspberrypi,11,ESP32->RPi,decrypt,117,233,116,3.975,10,esp32_edge_normal_2,0,normal
12:50:37.092,867.8,gateway,gateway_A,raspberrypi,11,ESP32->RPi,decrypt,101,213,112,3.521,10,esp32_edge_simulator_1,2,scan_A
12:50:37.124,867.8,gateway,gateway_A,raspberrypi,11,ESP32->RPi,decrypt,121,241,120,4.225,10,esp32_edge_normal_1,0,normal
12:50:42.052,872.7,gateway,gateway_A,raspberrypi,11,ESP32->RPi,decrypt,120,237,117,2.393,10,esp32_edge_normal_2,0,normal
12:50:42.109,872.8,gateway,gateway_A,raspberrypi,11,ESP32->RPi,decrypt,107,221,114,2.666,10,esp32_edge_simulator_1,1,mqtt_bruteforce
12:50:42.118,872.8,gateway,gateway_A,raspberrypi,11,ESP32->RPi,decrypt,117,233,116,2.952,10,esp32_edge_normal_1,0,normal
12:50:47.049,877.7,gateway,gateway_A,raspberrypi,11,ESP32->RPi,decrypt,120,237,117,1.554,10,esp32_edge_normal_2,0,normal
12:50:47.088,877.8,gateway,gateway_A,raspberrypi,11,ESP32->RPi,decrypt,81,185,104,1.19,10,esp32_edge_simulator_1,2,scan_A
12:50:47.121,877.8,gateway,gateway_A,raspberrypi,11,ESP32->RPi,decrypt,117,233,116,1.634,10,esp32_edge_normal_1,0,normal
12:50:52.050,882.7,gateway,gateway_A,raspberrypi,11,ESP32->RPi,decrypt,116,233,117,2.558,10,esp32_edge_normal_2,0,normal
12:50:52.089,882.8,gateway,gateway_A,raspberrypi,11,ESP32->RPi,decrypt,99,209,110,2.402,10,esp32_edge_simulator_1,2,scan_A
12:50:52.119,882.8,gateway,gateway_A,raspberrypi,11,ESP32->RPi,decrypt,113,229,116,2.574,10,esp32_edge_normal_1,0,normal
12:50:57.101,887.8,gateway,gateway_A,raspberrypi,11,ESP32->RPi,decrypt,116,233,117,4.093,10,esp32_edge_normal_2,0,normal
12:50:57.106,887.8,gateway,gateway_A,raspberrypi,11,ESP32->RPi,decrypt,110,225,115,3.669,10,esp32_edge_simulator_1,1,mqtt_bruteforce
12:50:58.080,888.8,gateway,gateway_A,raspberrypi,11,RPi->PC,encrypt,3634,4930,1296,34.954,10,,,
12:50:58.325,889.0,gateway,gateway_A,raspberrypi,11,PC->RPi,decrypt,3554,4822,1268,31.384,10,,,
12:50:58.367,889.1,gateway,gateway_A,raspberrypi,11,RPi->ESP32,encrypt,3554,4822,1268,35.398,11,,,
12:50:58.390,889.1,gateway,gateway_A,raspberrypi,11,ESP32->RPi,decrypt,117,233,116,1.426,11,esp32_edge_normal_1,0,normal
12:51:10.311,901.0,gateway,gateway_A,raspberrypi,11,ESP32->RPi,decrypt,115,233,118,4.472,11,esp32_edge_normal_2,0,normal
12:51:10.764,901.5,gateway,gateway_A,raspberrypi,11,ESP32->RPi,decrypt,116,233,117,3.644,11,esp32_edge_simulator_1,0,normal
12:51:10.796,901.5,gateway,gateway_A,raspberrypi,11,ESP32->RPi,decrypt,117,233,116,3.726,11,esp32_edge_normal_1,0,normal
12:51:15.229,905.9,gateway,gateway_A,raspberrypi,11,ESP32->RPi,decrypt,118,237,119,1.449,11,esp32_edge_normal_2,0,normal
12:51:15.760,906.4,gateway,gateway_A,raspberrypi,11,ESP32->RPi,decrypt,120,237,117,1.484,11,esp32_edge_simulator_1,0,normal
12:51:15.785,906.5,gateway,gateway_A,raspberrypi,11,ESP32->RPi,decrypt,116,233,117,1.442,11,esp32_edge_normal_1,0,normal
12:51:20.234,910.9,gateway,gateway_A,raspberrypi,11,ESP32->RPi,decrypt,117,233,116,3.995,11,esp32_edge_normal_2,0,normal
12:51:20.774,911.5,gateway,gateway_A,raspberrypi,11,ESP32->RPi,decrypt,110,225,115,3.941,11,esp32_edge_simulator_1,1,mqtt_bruteforce
12:51:20.788,911.5,gateway,gateway_A,raspberrypi,11,ESP32->RPi,decrypt,117,233,116,4.356,11,esp32_edge_normal_1,0,normal
12:51:25.233,915.9,gateway,gateway_A,raspberrypi,11,ESP32->RPi,decrypt,121,241,120,4.426,11,esp32_edge_normal_2,0,normal
12:51:25.760,916.4,gateway,gateway_A,raspberrypi,11,ESP32->RPi,decrypt,116,233,117,1.461,11,esp32_edge_simulator_1,0,normal
12:51:25.786,916.5,gateway,gateway_A,raspberrypi,11,ESP32->RPi,decrypt,118,237,119,1.461,11,esp32_edge_normal_1,0,normal
12:51:30.232,920.9,gateway,gateway_A,raspberrypi,11,ESP32->RPi,decrypt,118,237,119,1.504,11,esp32_edge_normal_2,0,normal
12:51:30.772,921.5,gateway,gateway_A,raspberrypi,11,ESP32->RPi,decrypt,112,229,117,4.24,11,esp32_edge_simulator_1,1,mqtt_bruteforce
12:51:30.800,921.5,gateway,gateway_A,raspberrypi,11,ESP32->RPi,decrypt,120,237,117,4.331,11,esp32_edge_normal_1,0,normal
12:51:35.233,925.9,gateway,gateway_A,raspberrypi,11,ESP32->RPi,decrypt,118,237,119,4.218,11,esp32_edge_normal_2,0,normal
12:51:35.767,926.5,gateway,gateway_A,raspberrypi,11,ESP32->RPi,decrypt,122,241,119,4.594,11,esp32_edge_simulator_1,0,normal
12:51:35.788,926.5,gateway,gateway_A,raspberrypi,11,ESP32->RPi,decrypt,117,233,116,4.285,11,esp32_edge_normal_1,0,normal
12:51:40.348,931.0,gateway,gateway_A,raspberrypi,11,ESP32->RPi,decrypt,113,229,116,4.183,11,esp32_edge_normal_2,0,normal
12:51:40.810,931.5,gateway,gateway_A,raspberrypi,11,ESP32->RPi,decrypt,120,237,117,1.467,11,esp32_edge_simulator_1,0,normal
12:51:40.813,931.5,gateway,gateway_A,raspberrypi,11,ESP32->RPi,decrypt,121,241,120,1.465,11,esp32_edge_normal_1,0,normal
12:51:45.328,936.0,gateway,gateway_A,raspberrypi,11,ESP32->RPi,decrypt,118,237,119,1.429,11,esp32_edge_normal_2,0,normal
12:51:45.771,936.5,gateway,gateway_A,raspberrypi,11,ESP32->RPi,decrypt,81,185,104,2.638,11,esp32_edge_simulator_1,2,scan_A
12:51:45.787,936.5,gateway,gateway_A,raspberrypi,11,ESP32->RPi,decrypt,115,233,118,3.615,11,esp32_edge_normal_1,0,normal
12:51:50.243,940.9,gateway,gateway_A,raspberrypi,11,ESP32->RPi,decrypt,113,229,116,1.412,11,esp32_edge_normal_2,0,normal
12:51:50.768,941.5,gateway,gateway_A,raspberrypi,11,ESP32->RPi,decrypt,107,221,114,1.36,11,esp32_edge_simulator_1,1,mqtt_bruteforce
12:51:50.797,941.5,gateway,gateway_A,raspberrypi,11,ESP32->RPi,decrypt,120,237,117,1.512,11,esp32_edge_normal_1,0,normal
12:51:55.231,945.9,gateway,gateway_A,raspberrypi,11,ESP32->RPi,decrypt,117,233,116,4.165,11,esp32_edge_normal_2,0,normal
12:51:55.762,946.5,gateway,gateway_A,raspberrypi,11,ESP32->RPi,decrypt,122,241,119,3.095,11,esp32_edge_simulator_1,0,normal
12:51:56.737,947.4,gateway,gateway_A,raspberrypi,11,RPi->PC,encrypt,3631,4926,1295,34.944,11,,,
12:51:56.955,947.6,gateway,gateway_A,raspberrypi,11,PC->RPi,decrypt,3547,4814,1267,32.471,11,,,
12:51:56.996,947.7,gateway,gateway_A,raspberrypi,11,RPi->ESP32,encrypt,3547,4814,1267,34.32,12,,,
12:51:57.014,947.7,gateway,gateway_A,raspberrypi,11,ESP32->RPi,decrypt,120,237,117,1.541,12,esp32_edge_normal_1,0,normal
12:52:08.909,959.6,gateway,gateway_A,raspberrypi,11,ESP32->RPi,decrypt,114,229,115,4.515,12,esp32_edge_normal_2,0,normal
12:52:09.446,960.1,gateway,gateway_A,raspberrypi,11,ESP32->RPi,decrypt,124,245,121,1.528,12,esp32_edge_simulator_1,0,normal
12:52:09.450,960.1,gateway,gateway_A,raspberrypi,11,ESP32->RPi,decrypt,120,237,117,1.539,12,esp32_edge_normal_1,0,normal
12:52:13.910,964.6,gateway,gateway_A,raspberrypi,11,ESP32->RPi,decrypt,119,237,118,1.498,12,esp32_edge_normal_2,0,normal
12:52:14.454,965.1,gateway,gateway_A,raspberrypi,11,ESP32->RPi,decrypt,117,233,116,4.336,12,esp32_edge_normal_1,0,normal
12:52:14.460,965.1,gateway,gateway_A,raspberrypi,11,ESP32->RPi,decrypt,112,229,117,4.237,12,esp32_edge_simulator_1,1,mqtt_bruteforce
12:52:19.021,969.7,gateway,gateway_A,raspberrypi,11,ESP32->RPi,decrypt,116,233,117,3.606,12,esp32_edge_normal_2,0,normal
12:52:19.449,970.1,gateway,gateway_A,raspberrypi,11,ESP32->RPi,decrypt,123,241,118,4.468,12,esp32_edge_simulator_1,0,normal
12:52:19.455,970.1,gateway,gateway_A,raspberrypi,11,ESP32->RPi,decrypt,119,237,118,3.896,12,esp32_edge_normal_1,0,normal
12:52:23.911,974.6,gateway,gateway_A,raspberrypi,11,ESP32->RPi,decrypt,118,237,119,3.87,12,esp32_edge_normal_2,0,normal
12:52:24.450,975.1,gateway,gateway_A,raspberrypi,11,ESP32->RPi,decrypt,120,237,117,4.073,12,esp32_edge_normal_1,0,normal
12:52:24.457,975.1,gateway,gateway_A,raspberrypi,11,ESP32->RPi,decrypt,124,245,121,4.05,12,esp32_edge_simulator_1,0,normal
12:52:28.911,979.6,gateway,gateway_A,raspberrypi,11,ESP32->RPi,decrypt,115,233,118,4.046,12,esp32_edge_normal_2,0,normal
12:52:29.453,980.1,gateway,gateway_A,raspberrypi,11,ESP32->RPi,decrypt,121,241,120,4.431,12,esp32_edge_normal_1,0,normal
12:52:29.459,980.1,gateway,gateway_A,raspberrypi,11,ESP32->RPi,decrypt,102,213,111,3.753,12,esp32_edge_simulator_1,2,scan_A
12:52:33.972,984.7,gateway,gateway_A,raspberrypi,11,ESP32->RPi,decrypt,116,233,117,4.152,12,esp32_edge_normal_2,0,normal
12:52:34.450,985.1,gateway,gateway_A,raspberrypi,11,ESP32->RPi,decrypt,116,233,117,4.124,12,esp32_edge_normal_1,0,normal
12:52:34.456,985.1,gateway,gateway_A,raspberrypi,11,ESP32->RPi,decrypt,112,229,117,3.887,12,esp32_edge_simulator_1,1,mqtt_bruteforce
12:52:38.970,989.7,gateway,gateway_A,raspberrypi,11,ESP32->RPi,decrypt,118,237,119,3.935,12,esp32_edge_normal_2,0,normal
12:52:39.487,990.2,gateway,gateway_A,raspberrypi,11,ESP32->RPi,decrypt,117,233,116,3.903,12,esp32_edge_normal_1,0,normal
12:52:39.493,990.2,gateway,gateway_A,raspberrypi,11,ESP32->RPi,decrypt,121,241,120,3.958,12,esp32_edge_simulator_1,0,normal
12:52:43.908,994.6,gateway,gateway_A,raspberrypi,11,ESP32->RPi,decrypt,120,237,117,1.409,12,esp32_edge_normal_2,0,normal
12:52:44.449,995.1,gateway,gateway_A,raspberrypi,11,ESP32->RPi,decrypt,115,233,118,1.316,12,esp32_edge_normal_1,0,normal
12:52:44.452,995.1,gateway,gateway_A,raspberrypi,11,ESP32->RPi,decrypt,112,229,117,1.444,12,esp32_edge_simulator_1,1,mqtt_bruteforce
12:52:48.911,999.6,gateway,gateway_A,raspberrypi,11,ESP32->RPi,decrypt,117,233,116,4.39,12,esp32_edge_normal_2,0,normal
12:52:49.450,1000.1,gateway,gateway_A,raspberrypi,11,ESP32->RPi,decrypt,120,237,117,4.412,12,esp32_edge_normal_1,0,normal
12:52:49.459,1000.1,gateway,gateway_A,raspberrypi,11,ESP32->RPi,decrypt,112,229,117,4.076,12,esp32_edge_simulator_1,1,mqtt_bruteforce
12:52:53.940,1004.6,gateway,gateway_A,raspberrypi,11,ESP32->RPi,decrypt,116,233,117,4.125,12,esp32_edge_normal_2,0,normal
12:52:54.453,1005.1,gateway,gateway_A,raspberrypi,11,ESP32->RPi,decrypt,118,237,119,4.218,12,esp32_edge_normal_1,0,normal
12:52:55.750,1006.4,gateway,gateway_A,raspberrypi,11,RPi->PC,encrypt,3649,4950,1301,47.174,12,,,
12:52:56.165,1006.9,gateway,gateway_A,raspberrypi,11,PC->RPi,decrypt,3537,4798,1261,35.38,12,,,
12:52:56.204,1006.9,gateway,gateway_A,raspberrypi,11,RPi->ESP32,encrypt,3537,4798,1261,32.413,13,,,
12:52:56.221,1006.9,gateway,gateway_A,raspberrypi,11,ESP32->RPi,decrypt,108,221,113,1.379,13,esp32_edge_simulator_1,2,scan_A
12:53:08.176,1018.9,gateway,gateway_A,raspberrypi,11,ESP32->RPi,decrypt,114,229,115,4.481,13,esp32_edge_normal_2,0,normal
12:53:08.181,1018.9,gateway,gateway_A,raspberrypi,11,ESP32->RPi,decrypt,108,221,113,3.925,13,esp32_edge_simulator_1,1,mqtt_bruteforce
12:53:08.187,1018.9,gateway,gateway_A,raspberrypi,11,ESP32->RPi,decrypt,116,233,117,4.11,13,esp32_edge_normal_1,0,normal
12:53:13.189,1023.9,gateway,gateway_A,raspberrypi,11,ESP32->RPi,decrypt,121,241,120,1.416,13,esp32_edge_normal_2,0,normal
12:53:13.193,1023.9,gateway,gateway_A,raspberrypi,11,ESP32->RPi,decrypt,123,241,118,1.458,13,esp32_edge_simulator_1,0,normal
12:53:13.194,1023.9,gateway,gateway_A,raspberrypi,11,ESP32->RPi,decrypt,113,229,116,1.288,13,esp32_edge_normal_1,0,normal
12:53:18.210,1028.9,gateway,gateway_A,raspberrypi,11,ESP32->RPi,decrypt,119,237,118,4.936,13,esp32_edge_normal_2,0,normal
12:53:18.216,1028.9,gateway,gateway_A,raspberrypi,11,ESP32->RPi,decrypt,107,221,114,3.842,13,esp32_edge_simulator_1,2,scan_A
12:53:18.221,1028.9,gateway,gateway_A,raspberrypi,11,ESP32->RPi,decrypt,117,233,116,4.046,13,esp32_edge_normal_1,0,normal
12:53:23.180,1033.9,gateway,gateway_A,raspberrypi,11,ESP32->RPi,decrypt,120,237,117,1.485,13,esp32_edge_normal_2,0,normal
12:53:23.183,1033.9,gateway,gateway_A,raspberrypi,11,ESP32->RPi,decrypt,118,237,119,1.344,13,esp32_edge_simulator_1,0,normal
12:53:23.185,1033.9,gateway,gateway_A,raspberrypi,11,ESP32->RPi,decrypt,120,237,117,1.371,13,esp32_edge_normal_1,0,normal
12:53:28.127,1038.8,gateway,gateway_A,raspberrypi,11,ESP32->RPi,decrypt,124,245,121,4.694,13,esp32_edge_simulator_1,0,normal
12:53:28.132,1038.8,gateway,gateway_A,raspberrypi,11,ESP32->RPi,decrypt,116,233,117,4.03,13,esp32_edge_normal_2,0,normal
12:53:28.174,1038.9,gateway,gateway_A,raspberrypi,11,ESP32->RPi,decrypt,117,233,116,4.287,13,esp32_edge_normal_1,0,normal
12:53:33.129,1043.8,gateway,gateway_A,raspberrypi,11,ESP32->RPi,decrypt,117,233,116,4.368,13,esp32_edge_normal_2,0,normal
12:53:33.134,1043.8,gateway,gateway_A,raspberrypi,11,ESP32->RPi,decrypt,113,229,116,4.015,13,esp32_edge_simulator_1,1,mqtt_bruteforce
12:53:33.176,1043.9,gateway,gateway_A,raspberrypi,11,ESP32->RPi,decrypt,114,229,115,4.213,13,esp32_edge_normal_1,0,normal
12:53:38.126,1048.8,gateway,gateway_A,raspberrypi,11,ESP32->RPi,decrypt,116,233,117,3.417,13,esp32_edge_normal_2,0,normal
12:53:38.132,1048.8,gateway,gateway_A,raspberrypi,11,ESP32->RPi,decrypt,123,241,118,3.707,13,esp32_edge_simulator_1,0,normal
12:53:38.173,1048.9,gateway,gateway_A,raspberrypi,11,ESP32->RPi,decrypt,117,233,116,3.757,13,esp32_edge_normal_1,0,normal
12:53:43.124,1053.8,gateway,gateway_A,raspberrypi,11,ESP32->RPi,decrypt,120,237,117,4.423,13,esp32_edge_simulator_1,0,normal
12:53:43.137,1053.8,gateway,gateway_A,raspberrypi,11,ESP32->RPi,decrypt,117,233,116,4.256,13,esp32_edge_normal_2,0,normal
12:53:43.175,1053.9,gateway,gateway_A,raspberrypi,11,ESP32->RPi,decrypt,114,229,115,4.134,13,esp32_edge_normal_1,0,normal
12:53:48.214,1058.9,gateway,gateway_A,raspberrypi,11,ESP32->RPi,decrypt,114,229,115,4.549,13,esp32_edge_normal_2,0,normal
12:53:48.219,1058.9,gateway,gateway_A,raspberrypi,11,ESP32->RPi,decrypt,112,229,117,3.807,13,esp32_edge_simulator_1,1,mqtt_bruteforce
12:53:48.223,1058.9,gateway,gateway_A,raspberrypi,11,ESP32->RPi,decrypt,114,229,115,3.733,13,esp32_edge_normal_1,0,normal
12:53:53.125,1063.8,gateway,gateway_A,raspberrypi,11,ESP32->RPi,decrypt,120,237,117,4.278,13,esp32_edge_normal_2,0,normal
12:53:53.130,1063.8,gateway,gateway_A,raspberrypi,11,ESP32->RPi,decrypt,81,185,104,3.261,13,esp32_edge_simulator_1,2,scan_A
12:53:54.167,1064.9,gateway,gateway_A,raspberrypi,11,RPi->PC,encrypt,3639,4934,1295,35.377,13,,,
12:53:54.497,1065.2,gateway,gateway_A,raspberrypi,11,PC->RPi,decrypt,3534,4794,1260,32.227,13,,,
12:53:54.534,1065.2,gateway,gateway_A,raspberrypi,11,RPi->ESP32,encrypt,3534,4794,1260,30.67,14,,,
12:53:54.551,1065.2,gateway,gateway_A,raspberrypi,11,ESP32->RPi,decrypt,119,237,118,1.468,14,esp32_edge_normal_1,0,normal
12:54:06.542,1077.2,gateway,gateway_A,raspberrypi,11,ESP32->RPi,decrypt,115,233,118,4.344,14,esp32_edge_normal_2,0,normal
12:54:06.548,1077.2,gateway,gateway_A,raspberrypi,11,ESP32->RPi,decrypt,121,241,120,4.277,14,esp32_edge_simulator_1,0,normal
12:54:07.010,1077.7,gateway,gateway_A,raspberrypi,11,ESP32->RPi,decrypt,117,233,116,4.23,14,esp32_edge_normal_1,0,normal
12:54:11.557,1082.2,gateway,gateway_A,raspberrypi,11,ESP32->RPi,decrypt,117,233,116,1.457,14,esp32_edge_normal_2,0,normal
12:54:11.559,1082.2,gateway,gateway_A,raspberrypi,11,ESP32->RPi,decrypt,123,241,118,1.45,14,esp32_edge_simulator_1,0,normal
12:54:12.006,1082.7,gateway,gateway_A,raspberrypi,11,ESP32->RPi,decrypt,119,237,118,1.41,14,esp32_edge_normal_1,0,normal
12:54:16.471,1087.2,gateway,gateway_A,raspberrypi,11,ESP32->RPi,decrypt,119,237,118,4.002,14,esp32_edge_normal_2,0,normal
12:54:16.521,1087.2,gateway,gateway_A,raspberrypi,11,ESP32->RPi,decrypt,121,241,120,4.332,14,esp32_edge_simulator_1,0,normal
12:54:17.009,1087.7,gateway,gateway_A,raspberrypi,11,ESP32->RPi,decrypt,118,237,119,4.306,14,esp32_edge_normal_1,0,normal
12:54:21.500,1092.2,gateway,gateway_A,raspberrypi,11,ESP32->RPi,decrypt,121,241,120,4.634,14,esp32_edge_normal_2,0,normal
12:54:21.512,1092.2,gateway,gateway_A,raspberrypi,11,ESP32->RPi,decrypt,81,185,104,3.371,14,esp32_edge_simulator_1,2,scan_A
12:54:22.014,1092.7,gateway,gateway_A,raspberrypi,11,ESP32->RPi,decrypt,113,229,116,4.306,14,esp32_edge_normal_1,0,normal
12:54:26.511,1097.2,gateway,gateway_A,raspberrypi,11,ESP32->RPi,decrypt,120,237,117,1.485,14,esp32_edge_normal_2,0,normal
12:54:26.513,1097.2,gateway,gateway_A,raspberrypi,11,ESP32->RPi,decrypt,113,229,116,1.359,14,esp32_edge_simulator_1,1,mqtt_bruteforce
12:54:27.007,1097.7,gateway,gateway_A,raspberrypi,11,ESP32->RPi,decrypt,118,237,119,1.421,14,esp32_edge_normal_1,0,normal
12:54:31.470,1102.2,gateway,gateway_A,raspberrypi,11,ESP32->RPi,decrypt,120,237,117,4.289,14,esp32_edge_normal_2,0,normal
12:54:31.512,1102.2,gateway,gateway_A,raspberrypi,11,ESP32->RPi,decrypt,81,185,104,3.067,14,esp32_edge_simulator_1,2,scan_A
12:54:32.009,1102.7,gateway,gateway_A,raspberrypi,11,ESP32->RPi,decrypt,118,237,119,3.925,14,esp32_edge_normal_1,0,normal
12:54:36.467,1107.2,gateway,gateway_A,raspberrypi,11,ESP32->RPi,decrypt,107,221,114,3.687,14,esp32_edge_normal_2,0,normal
12:54:36.502,1107.2,gateway,gateway_A,raspberrypi,11,ESP32->RPi,decrypt,117,233,116,3.527,14,esp32_edge_simulator_1,0,normal
12:54:37.008,1107.7,gateway,gateway_A,raspberrypi,11,ESP32->RPi,decrypt,114,229,115,3.901,14,esp32_edge_normal_1,0,normal
12:54:41.489,1112.2,gateway,gateway_A,raspberrypi,11,ESP32->RPi,decrypt,121,241,120,4.477,14,esp32_edge_normal_2,0,normal
12:54:41.504,1112.2,gateway,gateway_A,raspberrypi,11,ESP32->RPi,decrypt,119,237,118,4.443,14,esp32_edge_simulator_1,0,normal
12:54:42.013,1112.7,gateway,gateway_A,raspberrypi,11,ESP32->RPi,decrypt,118,237,119,4.183,14,esp32_edge_normal_1,0,normal
12:54:46.470,1117.2,gateway,gateway_A,raspberrypi,11,ESP32->RPi,decrypt,121,241,120,4.454,14,esp32_edge_normal_2,0,normal
12:54:46.512,1117.2,gateway,gateway_A,raspberrypi,11,ESP32->RPi,decrypt,107,221,114,3.856,14,esp32_edge_simulator_1,2,scan_A
12:54:47.008,1117.7,gateway,gateway_A,raspberrypi,11,ESP32->RPi,decrypt,116,233,117,3.874,14,esp32_edge_normal_1,0,normal
12:54:51.468,1122.2,gateway,gateway_A,raspberrypi,11,ESP32->RPi,decrypt,117,233,116,3.926,14,esp32_edge_normal_2,0,normal
12:54:51.502,1122.2,gateway,gateway_A,raspberrypi,11,ESP32->RPi,decrypt,117,233,116,3.715,14,esp32_edge_simulator_1,0,normal
12:54:52.621,1123.3,gateway,gateway_A,raspberrypi,11,RPi->PC,encrypt,3644,4942,1298,35.958,14,,,
12:54:52.844,1123.5,gateway,gateway_A,raspberrypi,11,PC->RPi,decrypt,3527,4786,1259,29.805,14,,,
12:54:52.883,1123.6,gateway,gateway_A,raspberrypi,11,RPi->ESP32,encrypt,3527,4786,1259,32.52,15,,,
12:54:52.899,1123.6,gateway,gateway_A,raspberrypi,11,ESP32->RPi,decrypt,116,233,117,1.423,15,esp32_edge_normal_1,0,normal
12:55:04.805,1135.5,gateway,gateway_A,raspberrypi,11,ESP32->RPi,decrypt,112,229,117,1.419,15,esp32_edge_normal_2,0,normal
12:55:04.808,1135.5,gateway,gateway_A,raspberrypi,11,ESP32->RPi,decrypt,112,229,117,1.433,15,esp32_edge_normal_1,0,normal
12:55:05.279,1136.0,gateway,gateway_A,raspberrypi,11,ESP32->RPi,decrypt,104,217,113,1.316,15,esp32_edge_simulator_1,2,scan_A
12:55:09.744,1140.4,gateway,gateway_A,raspberrypi,11,ESP32->RPi,decrypt,118,237,119,4.126,15,esp32_edge_normal_2,0,normal
12:55:09.782,1140.5,gateway,gateway_A,raspberrypi,11,ESP32->RPi,decrypt,119,237,118,4.356,15,esp32_edge_normal_1,0,normal
12:55:10.278,1141.0,gateway,gateway_A,raspberrypi,11,ESP32->RPi,decrypt,124,245,121,4.585,15,esp32_edge_simulator_1,0,normal
12:55:14.748,1145.4,gateway,gateway_A,raspberrypi,11,ESP32->RPi,decrypt,121,241,120,4.421,15,esp32_edge_normal_2,0,normal
12:55:14.779,1145.5,gateway,gateway_A,raspberrypi,11,ESP32->RPi,decrypt,116,233,117,3.992,15,esp32_edge_normal_1,0,normal
12:55:15.284,1146.0,gateway,gateway_A,raspberrypi,11,ESP32->RPi,decrypt,111,225,114,3.905,15,esp32_edge_simulator_1,1,mqtt_bruteforce
12:55:19.759,1150.4,gateway,gateway_A,raspberrypi,11,ESP32->RPi,decrypt,114,229,115,4.195,15,esp32_edge_normal_2,0,normal
12:55:19.778,1150.5,gateway,gateway_A,raspberrypi,11,ESP32->RPi,decrypt,121,241,120,4.432,15,esp32_edge_normal_1,0,normal
12:55:20.282,1151.0,gateway,gateway_A,raspberrypi,11,ESP32->RPi,decrypt,108,221,113,3.933,15,esp32_edge_simulator_1,2,scan_A
12:55:24.742,1155.4,gateway,gateway_A,raspberrypi,11,ESP32->RPi,decrypt,118,237,119,1.318,15,esp32_edge_normal_2,0,normal
12:55:24.780,1155.5,gateway,gateway_A,raspberrypi,11,ESP32->RPi,decrypt,118,237,119,1.337,15,esp32_edge_normal_1,0,normal
12:55:25.272,1156.0,gateway,gateway_A,raspberrypi,11,ESP32->RPi,decrypt,123,241,118,1.396,15,esp32_edge_simulator_1,0,normal
12:55:29.794,1160.5,gateway,gateway_A,raspberrypi,11,ESP32->RPi,decrypt,117,233,116,3.376,15,esp32_edge_normal_2,0,normal
12:55:29.799,1160.5,gateway,gateway_A,raspberrypi,11,ESP32->RPi,decrypt,120,237,117,3.38,15,esp32_edge_normal_1,0,normal
12:55:30.275,1161.0,gateway,gateway_A,raspberrypi,11,ESP32->RPi,decrypt,117,233,116,3.994,15,esp32_edge_simulator_1,0,normal
12:55:34.749,1165.4,gateway,gateway_A,raspberrypi,11,ESP32->RPi,decrypt,120,237,117,4.402,15,esp32_edge_normal_2,0,normal
12:55:34.781,1165.5,gateway,gateway_A,raspberrypi,11,ESP32->RPi,decrypt,117,233,116,3.66,15,esp32_edge_normal_1,0,normal
12:55:35.280,1166.0,gateway,gateway_A,raspberrypi,11,ESP32->RPi,decrypt,105,217,112,1.439,15,esp32_edge_simulator_1,2,scan_A
12:55:39.748,1170.4,gateway,gateway_A,raspberrypi,11,ESP32->RPi,decrypt,118,237,119,1.476,15,esp32_edge_normal_2,0,normal
12:55:39.777,1170.5,gateway,gateway_A,raspberrypi,11,ESP32->RPi,decrypt,116,233,117,1.672,15,esp32_edge_normal_1,0,normal
12:55:40.283,1171.0,gateway,gateway_A,raspberrypi,11,ESP32->RPi,decrypt,106,221,115,4.025,15,esp32_edge_simulator_1,1,mqtt_bruteforce
12:55:44.741,1175.4,gateway,gateway_A,raspberrypi,11,ESP32->RPi,decrypt,118,237,119,1.376,15,esp32_edge_normal_2,0,normal
12:55:44.781,1175.5,gateway,gateway_A,raspberrypi,11,ESP32->RPi,decrypt,117,233,116,1.426,15,esp32_edge_normal_1,0,normal
12:55:45.281,1176.0,gateway,gateway_A,raspberrypi,11,ESP32->RPi,decrypt,112,229,117,1.314,15,esp32_edge_simulator_1,1,mqtt_bruteforce
12:55:49.742,1180.4,gateway,gateway_A,raspberrypi,11,ESP32->RPi,decrypt,114,229,115,3.945,15,esp32_edge_normal_2,0,normal
12:55:49.777,1180.5,gateway,gateway_A,raspberrypi,11,ESP32->RPi,decrypt,115,233,118,3.389,15,esp32_edge_normal_1,0,normal
12:55:51.063,1181.8,gateway,gateway_A,raspberrypi,11,RPi->PC,encrypt,3645,4942,1297,34.137,15,,,
12:55:51.319,1182.0,gateway,gateway_A,raspberrypi,11,PC->RPi,decrypt,3545,4810,1265,32.029,15,,,
12:55:51.359,1182.0,gateway,gateway_A,raspberrypi,11,RPi->ESP32,encrypt,3545,4810,1265,33.544,16,,,
12:55:51.378,1182.1,gateway,gateway_A,raspberrypi,11,ESP32->RPi,decrypt,117,233,116,1.453,16,esp32_edge_simulator_1,0,normal
12:56:03.792,1194.5,gateway,gateway_A,raspberrypi,11,ESP32->RPi,decrypt,113,229,116,4.182,16,esp32_edge_normal_2,0,normal
12:56:03.798,1194.5,gateway,gateway_A,raspberrypi,11,ESP32->RPi,decrypt,123,241,118,4.402,16,esp32_edge_simulator_1,0,normal
12:56:03.804,1194.5,gateway,gateway_A,raspberrypi,11,ESP32->RPi,decrypt,121,241,120,4.464,16,esp32_edge_normal_1,0,normal
12:56:08.806,1199.5,gateway,gateway_A,raspberrypi,11,ESP32->RPi,decrypt,115,233,118,1.452,16,esp32_edge_normal_2,0,normal
12:56:08.809,1199.5,gateway,gateway_A,raspberrypi,11,ESP32->RPi,decrypt,121,241,120,1.538,16,esp32_edge_normal_1,0,normal
12:56:08.811,1199.5,gateway,gateway_A,raspberrypi,11,ESP32->RPi,decrypt,114,229,115,1.365,16,esp32_edge_simulator_1,1,mqtt_bruteforce
12:56:13.828,1204.5,gateway,gateway_A,raspberrypi,11,ESP32->RPi,decrypt,117,233,116,4.188,16,esp32_edge_normal_2,0,normal
12:56:13.834,1204.5,gateway,gateway_A,raspberrypi,11,ESP32->RPi,decrypt,118,237,119,4.193,16,esp32_edge_simulator_1,0,normal
12:56:13.839,1204.5,gateway,gateway_A,raspberrypi,11,ESP32->RPi,decrypt,117,233,116,4.032,16,esp32_edge_normal_1,0,normal
12:56:18.739,1209.4,gateway,gateway_A,raspberrypi,11,ESP32->RPi,decrypt,119,237,118,1.398,16,esp32_edge_normal_2,0,normal
12:56:18.747,1209.4,gateway,gateway_A,raspberrypi,11,ESP32->RPi,decrypt,114,229,115,1.365,16,esp32_edge_normal_1,0,normal
12:56:18.750,1209.4,gateway,gateway_A,raspberrypi,11,ESP32->RPi,decrypt,112,229,117,1.362,16,esp32_edge_simulator_1,1,mqtt_bruteforce
12:56:23.764,1214.5,gateway,gateway_A,raspberrypi,11,ESP32->RPi,decrypt,119,237,118,4.296,16,esp32_edge_normal_2,0,normal
12:56:23.770,1214.5,gateway,gateway_A,raspberrypi,11,ESP32->RPi,decrypt,111,225,114,4.021,16,esp32_edge_normal_1,0,normal
12:56:23.775,1214.5,gateway,gateway_A,raspberrypi,11,ESP32->RPi,decrypt,107,221,114,3.812,16,esp32_edge_simulator_1,2,scan_A
12:56:28.777,1219.5,gateway,gateway_A,raspberrypi,11,ESP32->RPi,decrypt,117,233,116,1.348,16,esp32_edge_normal_2,0,normal
12:56:28.780,1219.5,gateway,gateway_A,raspberrypi,11,ESP32->RPi,decrypt,119,237,118,1.321,16,esp32_edge_normal_1,0,normal
12:56:28.782,1219.5,gateway,gateway_A,raspberrypi,11,ESP32->RPi,decrypt,114,229,115,1.266,16,esp32_edge_simulator_1,1,mqtt_bruteforce
12:56:33.799,1224.5,gateway,gateway_A,raspberrypi,11,ESP32->RPi,decrypt,119,237,118,3.926,16,esp32_edge_normal_2,0,normal
12:56:33.804,1224.5,gateway,gateway_A,raspberrypi,11,ESP32->RPi,decrypt,117,233,116,4.118,16,esp32_edge_normal_1,0,normal
12:56:33.809,1224.5,gateway,gateway_A,raspberrypi,11,ESP32->RPi,decrypt,113,229,116,4.098,16,esp32_edge_simulator_1,1,mqtt_bruteforce
12:56:38.717,1229.4,gateway,gateway_A,raspberrypi,11,ESP32->RPi,decrypt,120,237,117,4.484,16,esp32_edge_normal_2,0,normal
12:56:38.777,1229.5,gateway,gateway_A,raspberrypi,11,ESP32->RPi,decrypt,121,241,120,4.663,16,esp32_edge_simulator_1,0,normal
12:56:38.784,1229.5,gateway,gateway_A,raspberrypi,11,ESP32->RPi,decrypt,115,233,118,4.667,16,esp32_edge_normal_1,0,normal
12:56:43.724,1234.4,gateway,gateway_A,raspberrypi,11,ESP32->RPi,decrypt,118,237,119,1.501,16,esp32_edge_normal_2,0,normal
12:56:43.747,1234.4,gateway,gateway_A,raspberrypi,11,ESP32->RPi,decrypt,120,237,117,1.541,16,esp32_edge_normal_1,0,normal
12:56:43.754,1234.4,gateway,gateway_A,raspberrypi,11,ESP32->RPi,decrypt,105,217,112,1.337,16,esp32_edge_simulator_1,1,mqtt_bruteforce
12:56:48.746,1239.4,gateway,gateway_A,raspberrypi,11,ESP32->RPi,decrypt,113,229,116,4.0,16,esp32_edge_normal_2,0,normal
12:56:48.752,1239.4,gateway,gateway_A,raspberrypi,11,ESP32->RPi,decrypt,121,241,120,4.534,16,esp32_edge_normal_1,0,normal
12:56:49.732,1240.4,gateway,gateway_A,raspberrypi,11,RPi->PC,encrypt,3637,4934,1297,32.22,16,,,
12:56:54.751,1245.4,gateway,gateway_A,raspberrypi,11,ESP32->RPi,decrypt,111,225,114,3.632,16,esp32_edge_simulator_1,1,mqtt_bruteforce
12:56:54.756,1245.4,gateway,gateway_A,raspberrypi,11,ESP32->RPi,decrypt,119,237,118,3.897,16,esp32_edge_normal_2,0,normal
12:56:54.761,1245.4,gateway,gateway_A,raspberrypi,11,ESP32->RPi,decrypt,116,233,117,3.401,16,esp32_edge_normal_1,0,normal
12:56:54.765,1245.5,gateway,gateway_A,raspberrypi,11,ESP32->RPi,decrypt,81,185,104,2.676,16,esp32_edge_simulator_1,2,scan_A
12:56:58.713,1249.4,gateway,gateway_A,raspberrypi,11,ESP32->RPi,decrypt,119,237,118,1.458,16,esp32_edge_normal_2,0,normal
12:56:58.747,1249.4,gateway,gateway_A,raspberrypi,11,ESP32->RPi,decrypt,119,237,118,1.39,16,esp32_edge_normal_1,0,normal
12:56:58.749,1249.4,gateway,gateway_A,raspberrypi,11,ESP32->RPi,decrypt,81,185,104,1.079,16,esp32_edge_simulator_1,2,scan_A
12:57:03.799,1254.5,gateway,gateway_A,raspberrypi,11,ESP32->RPi,decrypt,118,237,119,4.222,16,esp32_edge_normal_2,0,normal
12:57:03.804,1254.5,gateway,gateway_A,raspberrypi,11,ESP32->RPi,decrypt,117,233,116,3.81,16,esp32_edge_normal_1,0,normal
12:57:03.809,1254.5,gateway,gateway_A,raspberrypi,11,ESP32->RPi,decrypt,107,221,114,3.59,16,esp32_edge_simulator_1,2,scan_A
12:57:08.817,1259.5,gateway,gateway_A,raspberrypi,11,ESP32->RPi,decrypt,118,237,119,3.918,16,esp32_edge_normal_2,0,normal
12:57:08.822,1259.5,gateway,gateway_A,raspberrypi,11,ESP32->RPi,decrypt,122,241,119,4.076,16,esp32_edge_simulator_1,0,normal
12:57:08.827,1259.5,gateway,gateway_A,raspberrypi,11,ESP32->RPi,decrypt,121,241,120,4.01,16,esp32_edge_normal_1,0,normal
12:57:13.714,1264.4,gateway,gateway_A,raspberrypi,11,ESP32->RPi,decrypt,117,233,116,3.966,16,esp32_edge_normal_2,0,normal
12:57:13.758,1264.4,gateway,gateway_A,raspberrypi,11,ESP32->RPi,decrypt,119,237,118,3.356,16,esp32_edge_simulator_1,0,normal
12:57:13.763,1264.5,gateway,gateway_A,raspberrypi,11,ESP32->RPi,decrypt,119,237,118,3.396,16,esp32_edge_normal_1,0,normal
12:57:18.716,1269.4,gateway,gateway_A,raspberrypi,11,ESP32->RPi,decrypt,116,233,117,1.378,16,esp32_edge_normal_2,0,normal
12:57:18.762,1269.5,gateway,gateway_A,raspberrypi,11,ESP32->RPi,decrypt,124,245,121,1.418,16,esp32_edge_simulator_1,0,normal
12:57:18.764,1269.5,gateway,gateway_A,raspberrypi,11,ESP32->RPi,decrypt,116,233,117,1.317,16,esp32_edge_normal_1,0,normal
12:57:23.767,1274.5,gateway,gateway_A,raspberrypi,11,ESP32->RPi,decrypt,115,233,118,4.165,16,esp32_edge_normal_2,0,normal
12:57:23.773,1274.5,gateway,gateway_A,raspberrypi,11,ESP32->RPi,decrypt,120,237,117,4.25,16,esp32_edge_simulator_1,0,normal
12:57:23.778,1274.5,gateway,gateway_A,raspberrypi,11,ESP32->RPi,decrypt,111,225,114,3.895,16,esp32_edge_normal_1,0,normal
12:57:28.714,1279.4,gateway,gateway_A,raspberrypi,11,ESP32->RPi,decrypt,120,237,117,4.548,16,esp32_edge_normal_2,0,normal
12:57:28.745,1279.4,gateway,gateway_A,raspberrypi,11,ESP32->RPi,decrypt,119,237,118,4.124,16,esp32_edge_simulator_1,0,normal
12:57:28.750,1279.4,gateway,gateway_A,raspberrypi,11,ESP32->RPi,decrypt,116,233,117,3.949,16,esp32_edge_normal_1,0,normal
12:57:33.713,1284.4,gateway,gateway_A,raspberrypi,11,ESP32->RPi,decrypt,120,237,117,4.079,16,esp32_edge_normal_2,0,normal
12:57:33.750,1284.4,gateway,gateway_A,raspberrypi,11,ESP32->RPi,decrypt,116,233,117,4.024,16,esp32_edge_normal_1,0,normal
12:57:33.765,1284.5,gateway,gateway_A,raspberrypi,11,ESP32->RPi,decrypt,113,229,116,3.107,16,esp32_edge_simulator_1,1,mqtt_bruteforce
12:57:38.766,1289.5,gateway,gateway_A,raspberrypi,11,ESP32->RPi,decrypt,120,237,117,4.26,16,esp32_edge_normal_2,0,normal
12:57:38.773,1289.5,gateway,gateway_A,raspberrypi,11,ESP32->RPi,decrypt,119,237,118,4.04,16,esp32_edge_normal_1,0,normal
12:57:39.909,1290.6,gateway,gateway_A,raspberrypi,11,RPi->PC,encrypt,3643,4942,1299,31.905,16,,,
12:57:40.316,1291.0,gateway,gateway_A,raspberrypi,11,PC->RPi,decrypt,3541,4806,1265,31.125,16,,,
12:57:40.354,1291.0,gateway,gateway_A,raspberrypi,11,RPi->ESP32,encrypt,3541,4806,1265,31.793,17,,,
12:57:40.758,1291.4,gateway,gateway_A,raspberrypi,11,ESP32->RPi,decrypt,112,229,117,1.285,17,esp32_edge_simulator_1,1,mqtt_bruteforce
12:57:54.185,1304.9,gateway,gateway_A,raspberrypi,11,ESP32->RPi,decrypt,120,237,117,4.101,17,esp32_edge_normal_2,0,normal
12:57:54.208,1304.9,gateway,gateway_A,raspberrypi,11,ESP32->RPi,decrypt,106,221,115,3.616,17,esp32_edge_simulator_1,1,mqtt_bruteforce
12:57:54.465,1305.2,gateway,gateway_A,raspberrypi,11,ESP32->RPi,decrypt,117,233,116,1.433,17,esp32_edge_normal_1,0,normal
12:57:59.183,1309.9,gateway,gateway_A,raspberrypi,11,ESP32->RPi,decrypt,119,237,118,1.451,17,esp32_edge_normal_2,0,normal
12:57:59.210,1309.9,gateway,gateway_A,raspberrypi,11,ESP32->RPi,decrypt,106,221,115,1.487,17,esp32_edge_simulator_1,1,mqtt_bruteforce
12:57:59.469,1310.2,gateway,gateway_A,raspberrypi,11,ESP32->RPi,decrypt,120,237,117,3.851,17,esp32_edge_normal_1,0,normal
12:58:04.216,1314.9,gateway,gateway_A,raspberrypi,11,ESP32->RPi,decrypt,118,237,119,4.088,17,esp32_edge_normal_2,0,normal
12:58:04.220,1314.9,gateway,gateway_A,raspberrypi,11,ESP32->RPi,decrypt,81,185,104,2.981,17,esp32_edge_simulator_1,2,scan_A
12:58:04.467,1315.2,gateway,gateway_A,raspberrypi,11,ESP32->RPi,decrypt,115,233,118,2.329,17,esp32_edge_normal_1,0,normal
12:58:09.182,1319.9,gateway,gateway_A,raspberrypi,11,ESP32->RPi,decrypt,116,233,117,3.943,17,esp32_edge_normal_2,0,normal
12:58:09.201,1319.9,gateway,gateway_A,raspberrypi,11,ESP32->RPi,decrypt,117,233,116,4.134,17,esp32_edge_simulator_1,0,normal
12:58:09.467,1320.2,gateway,gateway_A,raspberrypi,11,ESP32->RPi,decrypt,120,237,117,1.486,17,esp32_edge_normal_1,0,normal
12:58:14.183,1324.9,gateway,gateway_A,raspberrypi,11,ESP32->RPi,decrypt,116,233,117,1.413,17,esp32_edge_normal_2,0,normal
12:58:14.204,1324.9,gateway,gateway_A,raspberrypi,11,ESP32->RPi,decrypt,112,229,117,1.462,17,esp32_edge_simulator_1,1,mqtt_bruteforce
12:58:14.470,1325.2,gateway,gateway_A,raspberrypi,11,ESP32->RPi,decrypt,114,229,115,4.083,17,esp32_edge_normal_1,0,normal
12:58:19.271,1330.0,gateway,gateway_A,raspberrypi,11,ESP32->RPi,decrypt,120,237,117,4.076,17,esp32_edge_normal_2,0,normal
12:58:19.276,1330.0,gateway,gateway_A,raspberrypi,11,ESP32->RPi,decrypt,108,221,113,3.797,17,esp32_edge_simulator_1,2,scan_A
12:58:19.470,1330.2,gateway,gateway_A,raspberrypi,11,ESP32->RPi,decrypt,118,237,119,1.909,17,esp32_edge_normal_1,0,normal
12:58:24.287,1335.0,gateway,gateway_A,raspberrypi,11,ESP32->RPi,decrypt,121,241,120,4.126,17,esp32_edge_normal_2,0,normal
12:58:24.292,1335.0,gateway,gateway_A,raspberrypi,11,ESP32->RPi,decrypt,108,221,113,3.751,17,esp32_edge_simulator_1,2,scan_A
12:58:24.466,1335.2,gateway,gateway_A,raspberrypi,11,ESP32->RPi,decrypt,120,237,117,2.406,17,esp32_edge_normal_1,0,normal
12:58:29.189,1339.9,gateway,gateway_A,raspberrypi,11,ESP32->RPi,decrypt,107,221,114,4.089,17,esp32_edge_normal_2,0,normal
12:58:29.206,1339.9,gateway,gateway_A,raspberrypi,11,ESP32->RPi,decrypt,119,237,118,4.309,17,esp32_edge_simulator_1,0,normal
12:58:29.467,1340.2,gateway,gateway_A,raspberrypi,11,ESP32->RPi,decrypt,115,233,118,3.5,17,esp32_edge_normal_1,0,normal
12:58:34.182,1344.9,gateway,gateway_A,raspberrypi,11,ESP32->RPi,decrypt,115,233,118,1.368,17,esp32_edge_normal_2,0,normal
12:58:34.207,1344.9,gateway,gateway_A,raspberrypi,11,ESP32->RPi,decrypt,81,185,104,1.046,17,esp32_edge_simulator_1,2,scan_A
12:58:34.484,1345.2,gateway,gateway_A,raspberrypi,11,ESP32->RPi,decrypt,120,237,117,1.403,17,esp32_edge_normal_1,0,normal
12:58:39.182,1349.9,gateway,gateway_A,raspberrypi,11,ESP32->RPi,decrypt,117,233,116,3.919,17,esp32_edge_normal_2,0,normal
12:58:39.211,1349.9,gateway,gateway_A,raspberrypi,11,ESP32->RPi,decrypt,111,225,114,3.992,17,esp32_edge_simulator_1,1,mqtt_bruteforce
12:58:40.211,1350.9,gateway,gateway_A,raspberrypi,11,RPi->PC,encrypt,3650,4950,1300,39.394,17,,,
12:58:40.460,1351.1,gateway,gateway_A,raspberrypi,11,PC->RPi,decrypt,3533,4794,1261,31.377,17,,,
12:58:40.499,1351.2,gateway,gateway_A,raspberrypi,11,RPi->ESP32,encrypt,3533,4794,1261,32.892,18,,,
12:58:40.513,1351.2,gateway,gateway_A,raspberrypi,11,ESP32->RPi,decrypt,118,237,119,1.416,18,esp32_edge_normal_1,0,normal
12:58:52.450,1363.1,gateway,gateway_A,raspberrypi,11,ESP32->RPi,decrypt,120,237,117,4.555,18,esp32_edge_normal_1,0,normal
12:58:52.882,1363.6,gateway,gateway_A,raspberrypi,11,ESP32->RPi,decrypt,121,241,120,1.482,18,esp32_edge_normal_2,0,normal
12:58:52.909,1363.6,gateway,gateway_A,raspberrypi,11,ESP32->RPi,decrypt,124,245,121,1.522,18,esp32_edge_simulator_1,0,normal
12:58:57.463,1368.2,gateway,gateway_A,raspberrypi,11,ESP32->RPi,decrypt,120,237,117,1.402,18,esp32_edge_normal_1,0,normal
12:58:57.888,1368.6,gateway,gateway_A,raspberrypi,11,ESP32->RPi,decrypt,112,229,117,3.857,18,esp32_edge_normal_2,0,normal
12:58:57.911,1368.6,gateway,gateway_A,raspberrypi,11,ESP32->RPi,decrypt,117,233,116,4.086,18,esp32_edge_simulator_1,0,normal
12:59:02.485,1373.2,gateway,gateway_A,raspberrypi,11,ESP32->RPi,decrypt,115,233,118,4.17,18,esp32_edge_normal_1,0,normal
12:59:02.887,1373.6,gateway,gateway_A,raspberrypi,11,ESP32->RPi,decrypt,117,233,116,4.169,18,esp32_edge_normal_2,0,normal
12:59:02.910,1373.6,gateway,gateway_A,raspberrypi,11,ESP32->RPi,decrypt,110,225,115,3.859,18,esp32_edge_simulator_1,1,mqtt_bruteforce
12:59:07.502,1378.2,gateway,gateway_A,raspberrypi,11,ESP32->RPi,decrypt,115,233,118,4.077,18,esp32_edge_normal_1,0,normal
12:59:07.884,1378.6,gateway,gateway_A,raspberrypi,11,ESP32->RPi,decrypt,116,233,117,3.853,18,esp32_edge_normal_2,0,normal
12:59:07.908,1378.6,gateway,gateway_A,raspberrypi,11,ESP32->RPi,decrypt,110,225,115,3.115,18,esp32_edge_simulator_1,1,mqtt_bruteforce
12:59:12.426,1383.1,gateway,gateway_A,raspberrypi,11,ESP32->RPi,decrypt,118,237,119,1.336,18,esp32_edge_normal_1,0,normal
12:59:12.881,1383.6,gateway,gateway_A,raspberrypi,11,ESP32->RPi,decrypt,121,241,120,1.356,18,esp32_edge_normal_2,0,normal
12:59:12.904,1383.6,gateway,gateway_A,raspberrypi,11,ESP32->RPi,decrypt,108,221,113,1.303,18,esp32_edge_simulator_1,2,scan_A
12:59:17.540,1388.2,gateway,gateway_A,raspberrypi,11,ESP32->RPi,decrypt,121,241,120,4.488,18,esp32_edge_normal_1,0,normal
12:59:17.898,1388.6,gateway,gateway_A,raspberrypi,11,ESP32->RPi,decrypt,114,229,115,4.323,18,esp32_edge_normal_2,0,normal
12:59:17.909,1388.6,gateway,gateway_A,raspberrypi,11,ESP32->RPi,decrypt,81,185,104,3.351,18,esp32_edge_simulator_1,2,scan_A
12:59:22.427,1393.1,gateway,gateway_A,raspberrypi,11,ESP32->RPi,decrypt,117,233,116,4.151,18,esp32_edge_normal_1,0,normal
12:59:22.884,1393.6,gateway,gateway_A,raspberrypi,11,ESP32->RPi,decrypt,118,237,119,3.536,18,esp32_edge_normal_2,0,normal
12:59:22.914,1393.6,gateway,gateway_A,raspberrypi,11,ESP32->RPi,decrypt,105,217,112,3.625,18,esp32_edge_simulator_1,2,scan_A
12:59:27.469,1398.2,gateway,gateway_A,raspberrypi,11,ESP32->RPi,decrypt,121,241,120,4.185,18,esp32_edge_normal_1,0,normal
12:59:27.885,1398.6,gateway,gateway_A,raspberrypi,11,ESP32->RPi,decrypt,116,233,117,3.983,18,esp32_edge_normal_2,0,normal
12:59:27.909,1398.6,gateway,gateway_A,raspberrypi,11,ESP32->RPi,decrypt,112,229,117,3.892,18,esp32_edge_simulator_1,1,mqtt_bruteforce
12:59:32.487,1403.2,gateway,gateway_A,raspberrypi,11,ESP32->RPi,decrypt,115,233,118,4.037,18,esp32_edge_normal_1,0,normal
12:59:32.881,1403.6,gateway,gateway_A,raspberrypi,11,ESP32->RPi,decrypt,105,217,112,3.955,18,esp32_edge_normal_2,0,normal
12:59:32.908,1403.6,gateway,gateway_A,raspberrypi,11,ESP32->RPi,decrypt,108,221,113,4.324,18,esp32_edge_simulator_1,2,scan_A
12:59:37.469,1408.2,gateway,gateway_A,raspberrypi,11,ESP32->RPi,decrypt,121,241,120,4.45,18,esp32_edge_normal_1,0,normal
12:59:37.881,1408.6,gateway,gateway_A,raspberrypi,11,ESP32->RPi,decrypt,120,237,117,4.354,18,esp32_edge_normal_2,0,normal
12:59:38.874,1409.6,gateway,gateway_A,raspberrypi,11,RPi->PC,encrypt,3638,4934,1296,35.23,18,,,
12:59:39.155,1409.8,gateway,gateway_A,raspberrypi,11,PC->RPi,decrypt,3534,4794,1260,30.227,18,,,
12:59:39.192,1409.9,gateway,gateway_A,raspberrypi,11,RPi->ESP32,encrypt,3534,4794,1260,31.135,19,,,
12:59:39.274,1410.0,gateway,gateway_A,raspberrypi,11,ESP32->RPi,decrypt,108,221,113,1.35,19,esp32_edge_simulator_1,1,mqtt_bruteforce
12:59:51.144,1421.8,gateway,gateway_A,raspberrypi,11,ESP32->RPi,decrypt,121,241,120,4.474,19,esp32_edge_normal_2,0,normal
12:59:51.197,1421.9,gateway,gateway_A,raspberrypi,11,ESP32->RPi,decrypt,108,221,113,3.158,19,esp32_edge_simulator_1,2,scan_A
12:59:51.223,1421.9,gateway,gateway_A,raspberrypi,11,ESP32->RPi,decrypt,121,241,120,2.863,19,esp32_edge_normal_1,0,normal
12:59:56.141,1426.8,gateway,gateway_A,raspberrypi,11,ESP32->RPi,decrypt,119,237,118,1.345,19,esp32_edge_normal_2,0,normal
12:59:56.192,1426.9,gateway,gateway_A,raspberrypi,11,ESP32->RPi,decrypt,106,221,115,1.298,19,esp32_edge_simulator_1,2,scan_A
12:59:56.219,1426.9,gateway,gateway_A,raspberrypi,11,ESP32->RPi,decrypt,120,237,117,1.482,19,esp32_edge_normal_1,0,normal
13:00:01.141,1431.8,gateway,gateway_A,raspberrypi,11,ESP32->RPi,decrypt,117,233,116,2.912,19,esp32_edge_normal_2,0,normal
13:00:01.188,1431.9,gateway,gateway_A,raspberrypi,11,ESP32->RPi,decrypt,123,241,118,3.05,19,esp32_edge_simulator_1,0,normal
13:00:01.220,1431.9,gateway,gateway_A,raspberrypi,11,ESP32->RPi,decrypt,121,241,120,3.636,19,esp32_edge_normal_1,0,normal
13:00:06.143,1436.8,gateway,gateway_A,raspberrypi,11,ESP32->RPi,decrypt,116,233,117,4.412,19,esp32_edge_normal_2,0,normal
13:00:06.192,1436.9,gateway,gateway_A,raspberrypi,11,ESP32->RPi,decrypt,119,237,118,4.395,19,esp32_edge_simulator_1,0,normal
13:00:06.216,1436.9,gateway,gateway_A,raspberrypi,11,ESP32->RPi,decrypt,117,233,116,3.278,19,esp32_edge_normal_1,0,normal
13:00:11.145,1441.8,gateway,gateway_A,raspberrypi,11,ESP32->RPi,decrypt,119,237,118,3.178,19,esp32_edge_normal_2,0,normal
13:00:11.202,1441.9,gateway,gateway_A,raspberrypi,11,ESP32->RPi,decrypt,108,221,113,2.737,19,esp32_edge_simulator_1,2,scan_A
13:00:11.212,1441.9,gateway,gateway_A,raspberrypi,11,ESP32->RPi,decrypt,117,233,116,3.231,19,esp32_edge_normal_1,0,normal
13:00:16.143,1446.8,gateway,gateway_A,raspberrypi,11,ESP32->RPi,decrypt,116,233,117,3.947,19,esp32_edge_normal_2,0,normal
13:00:16.199,1446.9,gateway,gateway_A,raspberrypi,11,ESP32->RPi,decrypt,111,225,114,4.168,19,esp32_edge_simulator_1,1,mqtt_bruteforce
13:00:16.215,1446.9,gateway,gateway_A,raspberrypi,11,ESP32->RPi,decrypt,117,233,116,4.217,19,esp32_edge_normal_1,0,normal
13:00:21.229,1451.9,gateway,gateway_A,raspberrypi,11,ESP32->RPi,decrypt,116,233,117,1.461,19,esp32_edge_normal_2,0,normal
13:00:21.232,1451.9,gateway,gateway_A,raspberrypi,11,ESP32->RPi,decrypt,119,237,118,1.418,19,esp32_edge_simulator_1,0,normal
13:00:21.234,1451.9,gateway,gateway_A,raspberrypi,11,ESP32->RPi,decrypt,116,233,117,1.331,19,esp32_edge_normal_1,0,normal
13:00:26.250,1456.9,gateway,gateway_A,raspberrypi,11,ESP32->RPi,decrypt,116,233,117,4.005,19,esp32_edge_normal_2,0,normal
13:00:26.256,1456.9,gateway,gateway_A,raspberrypi,11,ESP32->RPi,decrypt,116,233,117,3.893,19,esp32_edge_simulator_1,0,normal
13:00:26.261,1456.9,gateway,gateway_A,raspberrypi,11,ESP32->RPi,decrypt,121,241,120,4.048,19,esp32_edge_normal_1,0,normal
13:00:31.143,1461.8,gateway,gateway_A,raspberrypi,11,ESP32->RPi,decrypt,118,237,119,4.022,19,esp32_edge_normal_2,0,normal
13:00:31.195,1461.9,gateway,gateway_A,raspberrypi,11,ESP32->RPi,decrypt,113,229,116,2.393,19,esp32_edge_simulator_1,1,mqtt_bruteforce
13:00:31.214,1461.9,gateway,gateway_A,raspberrypi,11,ESP32->RPi,decrypt,115,233,118,2.504,19,esp32_edge_normal_1,0,normal
13:00:36.139,1466.8,gateway,gateway_A,raspberrypi,11,ESP32->RPi,decrypt,116,233,117,1.436,19,esp32_edge_normal_2,0,normal
13:00:36.190,1466.9,gateway,gateway_A,raspberrypi,11,ESP32->RPi,decrypt,120,237,117,1.484,19,esp32_edge_simulator_1,0,normal
13:00:37.183,1467.9,gateway,gateway_A,raspberrypi,11,RPi->PC,encrypt,3647,4946,1299,35.555,19,,,
13:00:37.402,1468.1,gateway,gateway_A,raspberrypi,11,PC->RPi,decrypt,3531,4790,1259,30.196,19,,,
13:00:37.444,1468.1,gateway,gateway_A,raspberrypi,11,RPi->ESP32,encrypt,3531,4790,1259,34.573,20,,,
13:00:37.480,1468.2,gateway,gateway_A,raspberrypi,11,ESP32->RPi,decrypt,114,229,115,1.531,20,esp32_edge_normal_1,0,normal
13:00:49.390,1480.1,gateway,gateway_A,raspberrypi,11,ESP32->RPi,decrypt,116,233,117,4.246,20,esp32_edge_normal_2,0,normal
13:00:49.865,1480.6,gateway,gateway_A,raspberrypi,11,ESP32->RPi,decrypt,81,185,104,3.365,20,esp32_edge_simulator_1,2,scan_A
13:00:49.875,1480.6,gateway,gateway_A,raspberrypi,11,ESP32->RPi,decrypt,114,229,115,4.307,20,esp32_edge_normal_1,0,normal
13:00:54.407,1485.1,gateway,gateway_A,raspberrypi,11,ESP32->RPi,decrypt,121,241,120,4.538,20,esp32_edge_normal_2,0,normal
13:00:54.860,1485.5,gateway,gateway_A,raspberrypi,11,ESP32->RPi,decrypt,115,233,118,4.181,20,esp32_edge_simulator_1,0,normal
13:00:54.883,1485.6,gateway,gateway_A,raspberrypi,11,ESP32->RPi,decrypt,113,229,116,4.182,20,esp32_edge_normal_1,0,normal
13:00:59.425,1490.1,gateway,gateway_A,raspberrypi,11,ESP32->RPi,decrypt,114,229,115,4.356,20,esp32_edge_normal_2,0,normal
13:00:59.873,1490.6,gateway,gateway_A,raspberrypi,11,ESP32->RPi,decrypt,114,229,115,4.26,20,esp32_edge_simulator_1,1,mqtt_bruteforce
13:00:59.889,1490.6,gateway,gateway_A,raspberrypi,11,ESP32->RPi,decrypt,119,237,118,4.188,20,esp32_edge_normal_1,0,normal
13:01:04.340,1495.0,gateway,gateway_A,raspberrypi,11,ESP32->RPi,decrypt,117,233,116,4.188,20,esp32_edge_normal_2,0,normal
13:01:04.864,1495.6,gateway,gateway_A,raspberrypi,11,ESP32->RPi,decrypt,105,217,112,1.342,20,esp32_edge_simulator_1,2,scan_A
13:01:04.872,1495.6,gateway,gateway_A,raspberrypi,11,ESP32->RPi,decrypt,118,237,119,1.302,20,esp32_edge_normal_1,0,normal
13:01:09.357,1500.0,gateway,gateway_A,raspberrypi,11,ESP32->RPi,decrypt,116,233,117,1.318,20,esp32_edge_normal_2,0,normal
13:01:09.878,1500.6,gateway,gateway_A,raspberrypi,11,ESP32->RPi,decrypt,81,185,104,3.157,20,esp32_edge_simulator_1,2,scan_A
13:01:09.892,1500.6,gateway,gateway_A,raspberrypi,11,ESP32->RPi,decrypt,115,233,118,3.963,20,esp32_edge_normal_1,0,normal
13:01:14.379,1505.1,gateway,gateway_A,raspberrypi,11,ESP32->RPi,decrypt,121,241,120,4.519,20,esp32_edge_normal_2,0,normal
13:01:14.860,1505.5,gateway,gateway_A,raspberrypi,11,ESP32->RPi,decrypt,107,221,114,1.344,20,esp32_edge_simulator_1,2,scan_A
13:01:14.872,1505.6,gateway,gateway_A,raspberrypi,11,ESP32->RPi,decrypt,117,233,116,1.439,20,esp32_edge_normal_1,0,normal
13:01:19.389,1510.1,gateway,gateway_A,raspberrypi,11,ESP32->RPi,decrypt,121,241,120,1.478,20,esp32_edge_normal_2,0,normal
13:01:19.864,1510.6,gateway,gateway_A,raspberrypi,11,ESP32->RPi,decrypt,113,229,116,4.392,20,esp32_edge_simulator_1,1,mqtt_bruteforce
13:01:19.870,1510.6,gateway,gateway_A,raspberrypi,11,ESP32->RPi,decrypt,112,229,117,4.161,20,esp32_edge_normal_1,0,normal
13:01:24.411,1515.1,gateway,gateway_A,raspberrypi,11,ESP32->RPi,decrypt,120,237,117,4.547,20,esp32_edge_normal_2,0,normal
13:01:24.864,1515.6,gateway,gateway_A,raspberrypi,11,ESP32->RPi,decrypt,81,185,104,3.494,20,esp32_edge_simulator_1,2,scan_A
13:01:24.875,1515.6,gateway,gateway_A,raspberrypi,11,ESP32->RPi,decrypt,117,233,116,4.02,20,esp32_edge_normal_1,0,normal
13:01:29.428,1520.1,gateway,gateway_A,raspberrypi,11,ESP32->RPi,decrypt,108,221,113,3.942,20,esp32_edge_normal_2,0,normal
13:01:29.862,1520.6,gateway,gateway_A,raspberrypi,11,ESP32->RPi,decrypt,106,221,115,3.454,20,esp32_edge_simulator_1,2,scan_A
13:01:29.867,1520.6,gateway,gateway_A,raspberrypi,11,ESP32->RPi,decrypt,113,229,116,3.443,20,esp32_edge_normal_1,0,normal
13:01:34.344,1525.0,gateway,gateway_A,raspberrypi,11,ESP32->RPi,decrypt,120,237,117,4.387,20,esp32_edge_normal_2,0,normal
13:01:34.864,1525.6,gateway,gateway_A,raspberrypi,11,ESP32->RPi,decrypt,116,233,117,4.594,20,esp32_edge_simulator_1,1,mqtt_bruteforce
13:01:35.823,1526.5,gateway,gateway_A,raspberrypi,11,RPi->PC,encrypt,3653,4954,1301,34.763,20,,,
13:01:36.074,1526.8,gateway,gateway_A,raspberrypi,11,PC->RPi,decrypt,3540,4802,1262,30.746,20,,,
13:01:36.115,1526.8,gateway,gateway_A,raspberrypi,11,RPi->ESP32,encrypt,3540,4802,1262,34.476,21,,,
13:01:36.142,1526.8,gateway,gateway_A,raspberrypi,11,ESP32->RPi,decrypt,111,225,114,1.441,21,esp32_edge_normal_1,0,normal
13:01:47.992,1538.7,gateway,gateway_A,raspberrypi,11,ESP32->RPi,decrypt,112,229,117,4.328,21,esp32_edge_normal_2,0,normal
13:01:48.053,1538.7,gateway,gateway_A,raspberrypi,11,ESP32->RPi,decrypt,115,233,118,3.817,21,esp32_edge_normal_1,0,normal
13:01:48.525,1539.2,gateway,gateway_A,raspberrypi,11,ESP32->RPi,decrypt,112,229,117,1.48,21,esp32_edge_simulator_1,1,mqtt_bruteforce
13:01:52.990,1543.7,gateway,gateway_A,raspberrypi,11,ESP32->RPi,decrypt,119,237,118,1.449,21,esp32_edge_normal_2,0,normal
13:01:53.055,1543.7,gateway,gateway_A,raspberrypi,11,ESP32->RPi,decrypt,114,229,115,1.444,21,esp32_edge_normal_1,0,normal
13:01:53.532,1544.2,gateway,gateway_A,raspberrypi,11,ESP32->RPi,decrypt,112,229,117,4.343,21,esp32_edge_simulator_1,1,mqtt_bruteforce
13:01:57.983,1548.7,gateway,gateway_A,raspberrypi,11,ESP32->RPi,decrypt,120,237,117,1.502,21,esp32_edge_normal_2,0,normal
13:01:58.064,1548.8,gateway,gateway_A,raspberrypi,11,ESP32->RPi,decrypt,119,237,118,1.446,21,esp32_edge_normal_1,0,normal
13:01:58.529,1549.2,gateway,gateway_A,raspberrypi,11,ESP32->RPi,decrypt,121,241,120,1.511,21,esp32_edge_simulator_1,0,normal
13:02:02.985,1553.7,gateway,gateway_A,raspberrypi,11,ESP32->RPi,decrypt,117,233,116,4.151,21,esp32_edge_normal_2,0,normal
13:02:03.052,1553.7,gateway,gateway_A,raspberrypi,11,ESP32->RPi,decrypt,119,237,118,3.875,21,esp32_edge_normal_1,0,normal
13:02:03.533,1554.2,gateway,gateway_A,raspberrypi,11,ESP32->RPi,decrypt,104,217,113,3.831,21,esp32_edge_simulator_1,2,scan_A
13:02:07.987,1558.7,gateway,gateway_A,raspberrypi,11,ESP32->RPi,decrypt,120,237,117,4.3,21,esp32_edge_normal_2,0,normal
13:02:08.048,1558.7,gateway,gateway_A,raspberrypi,11,ESP32->RPi,decrypt,116,233,117,3.542,21,esp32_edge_normal_1,0,normal
13:02:08.526,1559.2,gateway,gateway_A,raspberrypi,11,ESP32->RPi,decrypt,112,229,117,1.378,21,esp32_edge_simulator_1,1,mqtt_bruteforce
13:02:12.991,1563.7,gateway,gateway_A,raspberrypi,11,ESP32->RPi,decrypt,117,233,116,1.374,21,esp32_edge_normal_2,0,normal
13:02:13.053,1563.7,gateway,gateway_A,raspberrypi,11,ESP32->RPi,decrypt,117,233,116,1.319,21,esp32_edge_normal_1,0,normal
13:02:13.536,1564.2,gateway,gateway_A,raspberrypi,11,ESP32->RPi,decrypt,81,185,104,3.324,21,esp32_edge_simulator_1,2,scan_A
13:02:18.069,1568.8,gateway,gateway_A,raspberrypi,11,ESP32->RPi,decrypt,115,233,118,4.247,21,esp32_edge_normal_2,0,normal
13:02:18.074,1568.8,gateway,gateway_A,raspberrypi,11,ESP32->RPi,decrypt,114,229,115,4.107,21,esp32_edge_normal_1,0,normal
13:02:18.531,1569.2,gateway,gateway_A,raspberrypi,11,ESP32->RPi,decrypt,107,221,114,3.957,21,esp32_edge_simulator_1,2,scan_A
13:02:23.088,1573.8,gateway,gateway_A,raspberrypi,11,ESP32->RPi,decrypt,121,241,120,5.192,21,esp32_edge_normal_2,0,normal
13:02:23.093,1573.8,gateway,gateway_A,raspberrypi,11,ESP32->RPi,decrypt,108,221,113,3.977,21,esp32_edge_normal_1,0,normal
13:02:23.523,1574.2,gateway,gateway_A,raspberrypi,11,ESP32->RPi,decrypt,118,237,119,4.606,21,esp32_edge_simulator_1,0,normal
13:02:28.003,1578.7,gateway,gateway_A,raspberrypi,11,ESP32->RPi,decrypt,118,237,119,4.535,21,esp32_edge_normal_2,0,normal
13:02:28.044,1578.7,gateway,gateway_A,raspberrypi,11,ESP32->RPi,decrypt,111,225,114,3.598,21,esp32_edge_normal_1,0,normal
13:02:28.526,1579.2,gateway,gateway_A,raspberrypi,11,ESP32->RPi,decrypt,111,225,114,1.336,21,esp32_edge_simulator_1,1,mqtt_bruteforce
13:02:32.982,1583.7,gateway,gateway_A,raspberrypi,11,ESP32->RPi,decrypt,119,237,118,1.419,21,esp32_edge_normal_2,0,normal
13:02:33.042,1583.7,gateway,gateway_A,raspberrypi,11,ESP32->RPi,decrypt,115,233,118,1.345,21,esp32_edge_normal_1,0,normal
13:02:34.175,1584.9,gateway,gateway_A,raspberrypi,11,RPi->PC,encrypt,3640,4938,1298,33.539,21,,,
13:02:34.392,1585.1,gateway,gateway_A,raspberrypi,11,PC->RPi,decrypt,3544,4810,1266,32.545,21,,,
13:02:34.434,1585.1,gateway,gateway_A,raspberrypi,11,RPi->ESP32,encrypt,3544,4810,1266,34.676,22,,,
13:02:34.454,1585.1,gateway,gateway_A,raspberrypi,11,ESP32->RPi,decrypt,110,225,115,1.333,22,esp32_edge_simulator_1,1,mqtt_bruteforce
13:02:46.436,1597.1,gateway,gateway_A,raspberrypi,11,ESP32->RPi,decrypt,119,237,118,4.14,22,esp32_edge_normal_2,0,normal
13:02:46.446,1597.1,gateway,gateway_A,raspberrypi,11,ESP32->RPi,decrypt,121,241,120,4.209,22,esp32_edge_normal_1,0,normal
13:02:46.899,1597.6,gateway,gateway_A,raspberrypi,11,ESP32->RPi,decrypt,112,229,117,3.873,22,esp32_edge_simulator_1,1,mqtt_bruteforce
13:02:51.452,1602.1,gateway,gateway_A,raspberrypi,11,ESP32->RPi,decrypt,116,233,117,4.383,22,esp32_edge_normal_2,0,normal
13:02:51.458,1602.1,gateway,gateway_A,raspberrypi,11,ESP32->RPi,decrypt,114,229,115,4.085,22,esp32_edge_normal_1,0,normal
13:02:51.898,1602.6,gateway,gateway_A,raspberrypi,11,ESP32->RPi,decrypt,81,185,104,3.274,22,esp32_edge_simulator_1,2,scan_A
13:02:56.367,1607.1,gateway,gateway_A,raspberrypi,11,ESP32->RPi,decrypt,116,233,117,3.253,22,esp32_edge_normal_2,0,normal
13:02:56.433,1607.1,gateway,gateway_A,raspberrypi,11,ESP32->RPi,decrypt,106,221,115,3.384,22,esp32_edge_normal_1,0,normal
13:02:56.890,1607.6,gateway,gateway_A,raspberrypi,11,ESP32->RPi,decrypt,108,221,113,1.339,22,esp32_edge_simulator_1,2,scan_A
13:03:01.364,1612.1,gateway,gateway_A,raspberrypi,11,ESP32->RPi,decrypt,121,241,120,1.541,22,esp32_edge_normal_2,0,normal
13:03:01.442,1612.1,gateway,gateway_A,raspberrypi,11,ESP32->RPi,decrypt,115,233,118,1.351,22,esp32_edge_normal_1,0,normal
13:03:01.892,1612.6,gateway,gateway_A,raspberrypi,11,ESP32->RPi,decrypt,124,245,121,4.411,22,esp32_edge_simulator_1,0,normal
13:03:06.403,1617.1,gateway,gateway_A,raspberrypi,11,ESP32->RPi,decrypt,120,237,117,4.429,22,esp32_edge_normal_2,0,normal
13:03:06.434,1617.1,gateway,gateway_A,raspberrypi,11,ESP32->RPi,decrypt,114,229,115,4.363,22,esp32_edge_normal_1,0,normal
13:03:06.894,1617.6,gateway,gateway_A,raspberrypi,11,ESP32->RPi,decrypt,107,221,114,4.019,22,esp32_edge_simulator_1,2,scan_A
13:03:11.420,1622.1,gateway,gateway_A,raspberrypi,11,ESP32->RPi,decrypt,116,233,117,4.094,22,esp32_edge_normal_2,0,normal
13:03:11.431,1622.1,gateway,gateway_A,raspberrypi,11,ESP32->RPi,decrypt,118,237,119,3.956,22,esp32_edge_normal_1,0,normal
13:03:11.893,1622.6,gateway,gateway_A,raspberrypi,11,ESP32->RPi,decrypt,114,229,115,4.126,22,esp32_edge_simulator_1,1,mqtt_bruteforce
13:03:16.372,1627.1,gateway,gateway_A,raspberrypi,11,ESP32->RPi,decrypt,113,229,116,4.282,22,esp32_edge_normal_2,0,normal
13:03:16.431,1627.1,gateway,gateway_A,raspberrypi,11,ESP32->RPi,decrypt,114,229,115,4.93,22,esp32_edge_normal_1,0,normal
13:03:16.900,1627.6,gateway,gateway_A,raspberrypi,11,ESP32->RPi,decrypt,101,213,112,3.958,22,esp32_edge_simulator_1,2,scan_A
13:03:21.371,1632.1,gateway,gateway_A,raspberrypi,11,ESP32->RPi,decrypt,119,237,118,4.347,22,esp32_edge_normal_2,0,normal
13:03:21.431,1632.1,gateway,gateway_A,raspberrypi,11,ESP32->RPi,decrypt,118,237,119,3.375,22,esp32_edge_normal_1,0,normal
13:03:21.886,1632.6,gateway,gateway_A,raspberrypi,11,ESP32->RPi,decrypt,124,245,121,4.436,22,esp32_edge_simulator_1,0,normal
13:03:26.473,1637.2,gateway,gateway_A,raspberrypi,11,ESP32->RPi,decrypt,107,221,114,4.561,22,esp32_edge_normal_2,0,normal
13:03:26.478,1637.2,gateway,gateway_A,raspberrypi,11,ESP32->RPi,decrypt,115,233,118,3.818,22,esp32_edge_normal_1,0,normal
13:03:26.893,1637.6,gateway,gateway_A,raspberrypi,11,ESP32->RPi,decrypt,112,229,117,4.171,22,esp32_edge_simulator_1,1,mqtt_bruteforce
13:03:31.385,1642.1,gateway,gateway_A,raspberrypi,11,ESP32->RPi,decrypt,117,233,116,1.466,22,esp32_edge_normal_2,0,normal
13:03:31.424,1642.1,gateway,gateway_A,raspberrypi,11,ESP32->RPi,decrypt,115,233,118,1.541,22,esp32_edge_normal_1,0,normal
13:03:32.354,1643.0,gateway,gateway_A,raspberrypi,11,RPi->PC,encrypt,3640,4938,1298,34.829,22,,,
13:03:32.591,1643.3,gateway,gateway_A,raspberrypi,11,PC->RPi,decrypt,3530,4790,1260,32.201,22,,,
13:03:32.642,1643.3,gateway,gateway_A,raspberrypi,11,RPi->ESP32,encrypt,3530,4790,1260,41.584,23,,,
13:03:32.658,1643.3,gateway,gateway_A,raspberrypi,11,ESP32->RPi,decrypt,111,225,114,1.393,23,esp32_edge_simulator_1,1,mqtt_bruteforce
13:03:46.548,1657.2,gateway,gateway_A,raspberrypi,11,ESP32->RPi,decrypt,117,233,116,4.967,23,esp32_edge_normal_2,0,normal
13:03:46.554,1657.2,gateway,gateway_A,raspberrypi,11,ESP32->RPi,decrypt,121,241,120,4.408,23,esp32_edge_simulator_1,0,normal
13:03:46.598,1657.3,gateway,gateway_A,raspberrypi,11,ESP32->RPi,decrypt,118,237,119,4.233,23,esp32_edge_normal_1,0,normal
13:03:51.532,1662.2,gateway,gateway_A,raspberrypi,11,ESP32->RPi,decrypt,118,237,119,4.332,23,esp32_edge_normal_2,0,normal
13:03:51.547,1662.2,gateway,gateway_A,raspberrypi,11,ESP32->RPi,decrypt,113,229,116,4.256,23,esp32_edge_simulator_1,1,mqtt_bruteforce
13:03:51.584,1662.3,gateway,gateway_A,raspberrypi,11,ESP32->RPi,decrypt,114,229,115,4.451,23,esp32_edge_normal_1,0,normal
13:03:56.542,1667.2,gateway,gateway_A,raspberrypi,11,ESP32->RPi,decrypt,115,233,118,4.15,23,esp32_edge_normal_2,0,normal
13:03:56.548,1667.2,gateway,gateway_A,raspberrypi,11,ESP32->RPi,decrypt,113,229,116,4.173,23,esp32_edge_simulator_1,1,mqtt_bruteforce
13:03:56.587,1667.3,gateway,gateway_A,raspberrypi,11,ESP32->RPi,decrypt,115,233,118,4.331,23,esp32_edge_normal_1,0,normal
13:04:01.534,1672.2,gateway,gateway_A,raspberrypi,11,ESP32->RPi,decrypt,116,233,117,4.316,23,esp32_edge_normal_2,0,normal
13:04:01.555,1672.2,gateway,gateway_A,raspberrypi,11,ESP32->RPi,decrypt,104,217,113,4.077,23,esp32_edge_simulator_1,2,scan_A
13:04:01.585,1672.3,gateway,gateway_A,raspberrypi,11,ESP32->RPi,decrypt,120,237,117,4.647,23,esp32_edge_normal_1,0,normal
13:04:06.530,1677.2,gateway,gateway_A,raspberrypi,11,ESP32->RPi,decrypt,120,237,117,4.375,23,esp32_edge_normal_2,0,normal
13:04:06.564,1677.3,gateway,gateway_A,raspberrypi,11,ESP32->RPi,decrypt,105,217,112,4.167,23,esp32_edge_simulator_1,2,scan_A
13:04:06.579,1677.3,gateway,gateway_A,raspberrypi,11,ESP32->RPi,decrypt,121,241,120,4.509,23,esp32_edge_normal_1,0,normal
13:04:11.633,1682.3,gateway,gateway_A,raspberrypi,11,ESP32->RPi,decrypt,115,233,118,4.812,23,esp32_edge_normal_2,0,normal
13:04:11.638,1682.3,gateway,gateway_A,raspberrypi,11,ESP32->RPi,decrypt,107,221,114,3.895,23,esp32_edge_simulator_1,2,scan_A
13:04:11.643,1682.3,gateway,gateway_A,raspberrypi,11,ESP32->RPi,decrypt,117,233,116,4.056,23,esp32_edge_normal_1,0,normal
13:04:16.529,1687.2,gateway,gateway_A,raspberrypi,11,ESP32->RPi,decrypt,113,229,116,4.187,23,esp32_edge_normal_2,0,normal
13:04:16.535,1687.2,gateway,gateway_A,raspberrypi,11,ESP32->RPi,decrypt,118,237,119,4.18,23,esp32_edge_simulator_1,0,normal
13:04:16.578,1687.3,gateway,gateway_A,raspberrypi,11,ESP32->RPi,decrypt,116,233,117,4.026,23,esp32_edge_normal_1,0,normal
13:04:21.575,1692.3,gateway,gateway_A,raspberrypi,11,ESP32->RPi,decrypt,120,237,117,4.414,23,esp32_edge_normal_2,0,normal
13:04:21.580,1692.3,gateway,gateway_A,raspberrypi,11,ESP32->RPi,decrypt,111,225,114,4.092,23,esp32_edge_simulator_1,1,mqtt_bruteforce
13:04:21.586,1692.3,gateway,gateway_A,raspberrypi,11,ESP32->RPi,decrypt,114,229,115,4.241,23,esp32_edge_normal_1,0,normal
13:04:26.583,1697.3,gateway,gateway_A,raspberrypi,11,ESP32->RPi,decrypt,115,233,118,4.509,23,esp32_edge_normal_2,0,normal
13:04:26.589,1697.3,gateway,gateway_A,raspberrypi,11,ESP32->RPi,decrypt,107,221,114,4.014,23,esp32_edge_simulator_1,1,mqtt_bruteforce
13:04:26.595,1697.3,gateway,gateway_A,raspberrypi,11,ESP32->RPi,decrypt,120,237,117,4.267,23,esp32_edge_normal_1,0,normal
13:04:31.602,1702.3,gateway,gateway_A,raspberrypi,11,ESP32->RPi,decrypt,113,229,116,4.621,23,esp32_edge_normal_2,0,normal
13:04:31.607,1702.3,gateway,gateway_A,raspberrypi,11,ESP32->RPi,decrypt,111,225,114,3.947,23,esp32_edge_simulator_1,1,mqtt_bruteforce
13:04:32.730,1703.4,gateway,gateway_A,raspberrypi,11,RPi->PC,encrypt,3643,4942,1299,38.21,23,,,
13:04:32.957,1703.6,gateway,gateway_A,raspberrypi,11,PC->RPi,decrypt,3529,4790,1261,31.273,23,,,
13:04:32.998,1703.7,gateway,gateway_A,raspberrypi,11,RPi->ESP32,encrypt,3529,4790,1261,34.514,24,,,
13:04:33.016,1703.7,gateway,gateway_A,raspberrypi,11,ESP32->RPi,decrypt,115,233,118,1.605,24,esp32_edge_normal_1,0,normal
13:04:45.016,1715.7,gateway,gateway_A,raspberrypi,11,ESP32->RPi,decrypt,117,233,116,4.415,24,esp32_edge_normal_2,0,normal
13:04:45.021,1715.7,gateway,gateway_A,raspberrypi,11,ESP32->RPi,decrypt,118,237,119,4.348,24,esp32_edge_simulator_1,0,normal
13:04:45.027,1715.7,gateway,gateway_A,raspberrypi,11,ESP32->RPi,decrypt,121,241,120,4.655,24,esp32_edge_normal_1,0,normal
13:04:49.947,1720.6,gateway,gateway_A,raspberrypi,11,ESP32->RPi,decrypt,117,233,116,4.496,24,esp32_edge_normal_2,0,normal
13:04:49.971,1720.7,gateway,gateway_A,raspberrypi,11,ESP32->RPi,decrypt,112,229,117,4.381,24,esp32_edge_simulator_1,1,mqtt_bruteforce
13:04:50.009,1720.7,gateway,gateway_A,raspberrypi,11,ESP32->RPi,decrypt,115,233,118,4.375,24,esp32_edge_normal_1,0,normal
13:04:55.050,1725.7,gateway,gateway_A,raspberrypi,11,ESP32->RPi,decrypt,117,233,116,4.305,24,esp32_edge_normal_2,0,normal
13:04:55.055,1725.7,gateway,gateway_A,raspberrypi,11,ESP32->RPi,decrypt,81,185,104,3.158,24,esp32_edge_simulator_1,2,scan_A
13:04:55.059,1725.7,gateway,gateway_A,raspberrypi,11,ESP32->RPi,decrypt,116,233,117,3.934,24,esp32_edge_normal_1,0,normal
13:04:59.964,1730.7,gateway,gateway_A,raspberrypi,11,ESP32->RPi,decrypt,105,217,112,3.04,24,esp32_edge_normal_2,0,normal
13:04:59.968,1730.7,gateway,gateway_A,raspberrypi,11,ESP32->RPi,decrypt,107,221,114,3.038,24,esp32_edge_simulator_1,2,scan_A
13:05:00.017,1730.7,gateway,gateway_A,raspberrypi,11,ESP32->RPi,decrypt,118,237,119,3.779,24,esp32_edge_normal_1,0,normal
13:05:04.945,1735.6,gateway,gateway_A,raspberrypi,11,ESP32->RPi,decrypt,119,237,118,1.484,24,esp32_edge_normal_2,0,normal
13:05:04.951,1735.6,gateway,gateway_A,raspberrypi,11,ESP32->RPi,decrypt,118,237,119,1.383,24,esp32_edge_simulator_1,0,normal
13:05:05.005,1735.7,gateway,gateway_A,raspberrypi,11,ESP32->RPi,decrypt,117,233,116,1.489,24,esp32_edge_normal_1,0,normal
13:05:10.003,1740.7,gateway,gateway_A,raspberrypi,11,ESP32->RPi,decrypt,120,237,117,4.261,24,esp32_edge_normal_2,0,normal
13:05:10.008,1740.7,gateway,gateway_A,raspberrypi,11,ESP32->RPi,decrypt,117,233,116,4.023,24,esp32_edge_simulator_1,0,normal
13:05:10.013,1740.7,gateway,gateway_A,raspberrypi,11,ESP32->RPi,decrypt,118,237,119,4.412,24,esp32_edge_normal_1,0,normal
13:05:15.019,1745.7,gateway,gateway_A,raspberrypi,11,ESP32->RPi,decrypt,109,225,116,4.035,24,esp32_edge_normal_2,0,normal
13:05:15.024,1745.7,gateway,gateway_A,raspberrypi,11,ESP32->RPi,decrypt,107,221,114,3.987,24,esp32_edge_simulator_1,2,scan_A
13:05:15.029,1745.7,gateway,gateway_A,raspberrypi,11,ESP32->RPi,decrypt,114,229,115,4.181,24,esp32_edge_normal_1,0,normal
13:05:19.948,1750.6,gateway,gateway_A,raspberrypi,11,ESP32->RPi,decrypt,118,237,119,4.228,24,esp32_edge_normal_2,0,normal
13:05:19.973,1750.7,gateway,gateway_A,raspberrypi,11,ESP32->RPi,decrypt,108,221,113,4.206,24,esp32_edge_simulator_1,2,scan_A
13:05:20.003,1750.7,gateway,gateway_A,raspberrypi,11,ESP32->RPi,decrypt,118,237,119,4.416,24,esp32_edge_normal_1,0,normal
13:05:24.941,1755.6,gateway,gateway_A,raspberrypi,11,ESP32->RPi,decrypt,116,233,117,1.416,24,esp32_edge_normal_2,0,normal
13:05:24.965,1755.7,gateway,gateway_A,raspberrypi,11,ESP32->RPi,decrypt,101,213,112,1.307,24,esp32_edge_simulator_1,2,scan_A
13:05:25.001,1755.7,gateway,gateway_A,raspberrypi,11,ESP32->RPi,decrypt,120,237,117,1.514,24,esp32_edge_normal_1,0,normal
13:05:29.945,1760.6,gateway,gateway_A,raspberrypi,11,ESP32->RPi,decrypt,117,233,116,3.763,24,esp32_edge_normal_2,0,normal
13:05:29.952,1760.6,gateway,gateway_A,raspberrypi,11,ESP32->RPi,decrypt,118,237,119,3.558,24,esp32_edge_simulator_1,0,normal
13:05:32.038,1762.7,gateway,gateway_A,raspberrypi,11,RPi->PC,encrypt,3622,4914,1292,52.558,24,,,
13:05:33.733,1764.4,gateway,gateway_A,raspberrypi,11,PC->RPi,decrypt,3532,4794,1262,44.444,24,,,
13:05:33.782,1764.5,gateway,gateway_A,raspberrypi,11,RPi->ESP32,encrypt,3532,4794,1262,40.075,25,,,
13:05:33.816,1764.5,gateway,gateway_A,raspberrypi,11,ESP32->RPi,decrypt,116,233,117,2.079,25,esp32_edge_normal_1,0,normal
13:05:46.172,1776.9,gateway,gateway_A,raspberrypi,11,ESP32->RPi,decrypt,116,233,117,4.506,25,esp32_edge_normal_2,0,normal
13:05:46.207,1776.9,gateway,gateway_A,raspberrypi,11,ESP32->RPi,decrypt,111,225,114,4.168,25,esp32_edge_simulator_1,1,mqtt_bruteforce
13:05:46.232,1776.9,gateway,gateway_A,raspberrypi,11,ESP32->RPi,decrypt,118,237,119,2.583,25,esp32_edge_normal_1,0,normal
13:05:51.268,1782.0,gateway,gateway_A,raspberrypi,11,ESP32->RPi,decrypt,117,233,116,1.509,25,esp32_edge_normal_2,0,normal
13:05:51.270,1782.0,gateway,gateway_A,raspberrypi,11,ESP32->RPi,decrypt,81,185,104,1.163,25,esp32_edge_simulator_1,2,scan_A
13:05:51.272,1782.0,gateway,gateway_A,raspberrypi,11,ESP32->RPi,decrypt,120,237,117,1.592,25,esp32_edge_normal_1,0,normal
13:05:56.174,1786.9,gateway,gateway_A,raspberrypi,11,ESP32->RPi,decrypt,112,229,117,4.389,25,esp32_edge_normal_2,0,normal
13:05:56.205,1786.9,gateway,gateway_A,raspberrypi,11,ESP32->RPi,decrypt,110,225,115,4.387,25,esp32_edge_simulator_1,1,mqtt_bruteforce
13:05:56.243,1786.9,gateway,gateway_A,raspberrypi,11,ESP32->RPi,decrypt,115,233,118,3.719,25,esp32_edge_normal_1,0,normal
13:06:01.169,1791.9,gateway,gateway_A,raspberrypi,11,ESP32->RPi,decrypt,115,233,118,1.415,25,esp32_edge_normal_2,0,normal
13:06:01.209,1791.9,gateway,gateway_A,raspberrypi,11,ESP32->RPi,decrypt,120,237,117,1.547,25,esp32_edge_simulator_1,0,normal
13:06:01.226,1791.9,gateway,gateway_A,raspberrypi,11,ESP32->RPi,decrypt,114,229,115,1.404,25,esp32_edge_normal_1,0,normal
13:06:06.171,1796.9,gateway,gateway_A,raspberrypi,11,ESP32->RPi,decrypt,111,225,114,4.137,25,esp32_edge_normal_2,0,normal
13:06:06.215,1796.9,gateway,gateway_A,raspberrypi,11,ESP32->RPi,decrypt,81,185,104,3.463,25,esp32_edge_simulator_1,2,scan_A
13:06:06.236,1796.9,gateway,gateway_A,raspberrypi,11,ESP32->RPi,decrypt,116,233,117,4.741,25,esp32_edge_normal_1,0,normal
13:06:11.175,1801.9,gateway,gateway_A,raspberrypi,11,ESP32->RPi,decrypt,121,241,120,4.753,25,esp32_edge_normal_2,0,normal
13:06:11.211,1801.9,gateway,gateway_A,raspberrypi,11,ESP32->RPi,decrypt,108,221,113,4.13,25,esp32_edge_simulator_1,2,scan_A
13:06:11.228,1801.9,gateway,gateway_A,raspberrypi,11,ESP32->RPi,decrypt,115,233,118,4.503,25,esp32_edge_normal_1,0,normal
13:06:16.171,1806.9,gateway,gateway_A,raspberrypi,11,ESP32->RPi,decrypt,116,233,117,4.373,25,esp32_edge_normal_2,0,normal
13:06:16.213,1806.9,gateway,gateway_A,raspberrypi,11,ESP32->RPi,decrypt,109,225,116,4.049,25,esp32_edge_simulator_1,1,mqtt_bruteforce
13:06:16.229,1806.9,gateway,gateway_A,raspberrypi,11,ESP32->RPi,decrypt,114,229,115,4.878,25,esp32_edge_normal_1,0,normal
13:06:21.169,1811.9,gateway,gateway_A,raspberrypi,11,ESP32->RPi,decrypt,118,237,119,1.411,25,esp32_edge_normal_2,0,normal
13:06:21.201,1811.9,gateway,gateway_A,raspberrypi,11,ESP32->RPi,decrypt,113,229,116,1.4,25,esp32_edge_simulator_1,1,mqtt_bruteforce
13:06:21.222,1811.9,gateway,gateway_A,raspberrypi,11,ESP32->RPi,decrypt,120,237,117,1.416,25,esp32_edge_normal_1,0,normal
13:06:26.171,1816.9,gateway,gateway_A,raspberrypi,11,ESP32->RPi,decrypt,117,233,116,4.251,25,esp32_edge_normal_2,0,normal
13:06:26.205,1816.9,gateway,gateway_A,raspberrypi,11,ESP32->RPi,decrypt,109,225,116,3.997,25,esp32_edge_simulator_1,1,mqtt_bruteforce
13:06:26.232,1816.9,gateway,gateway_A,raspberrypi,11,ESP32->RPi,decrypt,118,237,119,8.999,25,esp32_edge_normal_1,0,normal
13:06:31.205,1821.9,gateway,gateway_A,raspberrypi,11,ESP32->RPi,decrypt,121,241,120,4.409,25,esp32_edge_normal_2,0,normal
13:06:31.210,1821.9,gateway,gateway_A,raspberrypi,11,ESP32->RPi,decrypt,112,229,117,4.356,25,esp32_edge_simulator_1,1,mqtt_bruteforce
13:06:32.407,1823.1,gateway,gateway_A,raspberrypi,11,RPi->PC,encrypt,3646,4946,1300,32.759,25,,,
13:06:32.693,1823.4,gateway,gateway_A,raspberrypi,11,PC->RPi,decrypt,3525,4782,1257,31.82,25,,,
13:06:32.736,1823.4,gateway,gateway_A,raspberrypi,11,RPi->ESP32,encrypt,3525,4782,1257,35.468,26,,,
13:06:32.759,1823.4,gateway,gateway_A,raspberrypi,11,ESP32->RPi,decrypt,116,233,117,1.433,26,esp32_edge_normal_1,0,normal
13:06:44.723,1835.4,gateway,gateway_A,raspberrypi,11,ESP32->RPi,decrypt,118,237,119,4.716,26,esp32_edge_normal_2,0,normal
13:06:44.729,1835.4,gateway,gateway_A,raspberrypi,11,ESP32->RPi,decrypt,107,221,114,3.939,26,esp32_edge_simulator_1,2,scan_A
13:06:44.734,1835.4,gateway,gateway_A,raspberrypi,11,ESP32->RPi,decrypt,117,233,116,4.032,26,esp32_edge_normal_1,0,normal
13:06:49.736,1840.4,gateway,gateway_A,raspberrypi,11,ESP32->RPi,decrypt,113,229,116,1.4,26,esp32_edge_normal_2,0,normal
13:06:49.739,1840.4,gateway,gateway_A,raspberrypi,11,ESP32->RPi,decrypt,120,237,117,1.333,26,esp32_edge_simulator_1,0,normal
13:06:49.741,1840.4,gateway,gateway_A,raspberrypi,11,ESP32->RPi,decrypt,119,237,118,1.269,26,esp32_edge_normal_1,0,normal
13:06:54.757,1845.4,gateway,gateway_A,raspberrypi,11,ESP32->RPi,decrypt,121,241,120,4.135,26,esp32_edge_normal_2,0,normal
13:06:54.762,1845.5,gateway,gateway_A,raspberrypi,11,ESP32->RPi,decrypt,107,221,114,3.609,26,esp32_edge_simulator_1,2,scan_A
13:06:54.767,1845.5,gateway,gateway_A,raspberrypi,11,ESP32->RPi,decrypt,117,233,116,3.723,26,esp32_edge_normal_1,0,normal
13:06:59.771,1850.5,gateway,gateway_A,raspberrypi,11,ESP32->RPi,decrypt,118,237,119,1.321,26,esp32_edge_normal_2,0,normal
13:06:59.773,1850.5,gateway,gateway_A,raspberrypi,11,ESP32->RPi,decrypt,100,213,113,1.149,26,esp32_edge_simulator_1,2,scan_A
13:06:59.775,1850.5,gateway,gateway_A,raspberrypi,11,ESP32->RPi,decrypt,120,237,117,1.318,26,esp32_edge_normal_1,0,normal
13:07:04.691,1855.4,gateway,gateway_A,raspberrypi,11,ESP32->RPi,decrypt,118,237,119,4.68,26,esp32_edge_normal_2,0,normal
13:07:04.696,1855.4,gateway,gateway_A,raspberrypi,11,ESP32->RPi,decrypt,119,237,118,4.182,26,esp32_edge_simulator_1,0,normal
13:07:04.719,1855.4,gateway,gateway_A,raspberrypi,11,ESP32->RPi,decrypt,113,229,116,4.276,26,esp32_edge_normal_1,0,normal
13:07:09.709,1860.4,gateway,gateway_A,raspberrypi,11,ESP32->RPi,decrypt,117,233,116,4.751,26,esp32_edge_normal_2,0,normal
13:07:09.714,1860.4,gateway,gateway_A,raspberrypi,11,ESP32->RPi,decrypt,119,237,118,4.321,26,esp32_edge_simulator_1,0,normal
13:07:09.724,1860.4,gateway,gateway_A,raspberrypi,11,ESP32->RPi,decrypt,114,229,115,4.253,26,esp32_edge_normal_1,0,normal
13:07:14.722,1865.4,gateway,gateway_A,raspberrypi,11,ESP32->RPi,decrypt,117,233,116,1.429,26,esp32_edge_normal_2,0,normal
13:07:14.724,1865.4,gateway,gateway_A,raspberrypi,11,ESP32->RPi,decrypt,108,221,113,1.485,26,esp32_edge_simulator_1,2,scan_A
13:07:14.726,1865.4,gateway,gateway_A,raspberrypi,11,ESP32->RPi,decrypt,119,237,118,1.396,26,esp32_edge_normal_1,0,normal
13:07:19.745,1870.4,gateway,gateway_A,raspberrypi,11,ESP32->RPi,decrypt,114,229,115,5.128,26,esp32_edge_normal_2,0,normal
13:07:19.750,1870.4,gateway,gateway_A,raspberrypi,11,ESP32->RPi,decrypt,108,221,113,4.014,26,esp32_edge_simulator_1,2,scan_A
13:07:19.755,1870.4,gateway,gateway_A,raspberrypi,11,ESP32->RPi,decrypt,121,241,120,4.156,26,esp32_edge_normal_1,0,normal
13:07:24.762,1875.5,gateway,gateway_A,raspberrypi,11,ESP32->RPi,decrypt,114,229,115,4.769,26,esp32_edge_normal_2,0,normal
13:07:24.767,1875.5,gateway,gateway_A,raspberrypi,11,ESP32->RPi,decrypt,119,237,118,3.971,26,esp32_edge_simulator_1,0,normal
13:07:24.771,1875.5,gateway,gateway_A,raspberrypi,11,ESP32->RPi,decrypt,116,233,117,3.207,26,esp32_edge_normal_1,0,normal
13:07:29.779,1880.5,gateway,gateway_A,raspberrypi,11,ESP32->RPi,decrypt,120,237,117,4.239,26,esp32_edge_normal_2,0,normal
13:07:29.784,1880.5,gateway,gateway_A,raspberrypi,11,ESP32->RPi,decrypt,118,237,119,3.977,26,esp32_edge_simulator_1,0,normal
13:07:30.766,1881.5,gateway,gateway_A,raspberrypi,11,RPi->PC,encrypt,3643,4942,1299,33.531,26,,,
13:07:31.036,1881.7,gateway,gateway_A,raspberrypi,11,PC->RPi,decrypt,3536,4798,1262,31.642,26,,,
13:07:31.077,1881.8,gateway,gateway_A,raspberrypi,11,RPi->ESP32,encrypt,3536,4798,1262,34.016,27,,,
13:07:31.091,1881.8,gateway,gateway_A,raspberrypi,11,ESP32->RPi,decrypt,121,241,120,1.506,27,esp32_edge_normal_1,0,normal
13:07:43.027,1893.7,gateway,gateway_A,raspberrypi,11,ESP32->RPi,decrypt,118,237,119,4.271,27,esp32_edge_normal_2,0,normal
13:07:43.040,1893.7,gateway,gateway_A,raspberrypi,11,ESP32->RPi,decrypt,124,245,121,4.4,27,esp32_edge_simulator_1,0,normal
13:07:43.112,1893.8,gateway,gateway_A,raspberrypi,11,ESP32->RPi,decrypt,117,233,116,4.483,27,esp32_edge_normal_1,0,normal
13:07:48.020,1898.7,gateway,gateway_A,raspberrypi,11,ESP32->RPi,decrypt,115,233,118,1.531,27,esp32_edge_normal_2,0,normal
13:07:48.036,1898.7,gateway,gateway_A,raspberrypi,11,ESP32->RPi,decrypt,118,237,119,1.479,27,esp32_edge_simulator_1,0,normal
13:07:48.110,1898.8,gateway,gateway_A,raspberrypi,11,ESP32->RPi,decrypt,120,237,117,1.505,27,esp32_edge_normal_1,0,normal
13:07:53.022,1903.7,gateway,gateway_A,raspberrypi,11,ESP32->RPi,decrypt,120,237,117,1.549,27,esp32_edge_normal_2,0,normal
13:07:53.041,1903.7,gateway,gateway_A,raspberrypi,11,ESP32->RPi,decrypt,114,229,115,1.488,27,esp32_edge_simulator_1,1,mqtt_bruteforce
13:07:53.105,1903.8,gateway,gateway_A,raspberrypi,11,ESP32->RPi,decrypt,116,233,117,1.441,27,esp32_edge_normal_1,0,normal
