timestamp,uptime_s,device_name,device_suffix,hostname,run_id,channel,operation,payload_bytes,elapsed_ms,fl_round,client_id,sample_label,sample_label_name
20:00:22.013,0.6,gateway,gateway_fog_leader,raspberrypi,CNN-fog-1,ESP32->RPi,deserialize,108,0.065,0,esp32_edge_simulator_1,2,scan_A
20:00:24.181,2.8,gateway,gateway_fog_leader,raspberrypi,CNN-fog-1,ESP32->RPi,deserialize,119,0.064,0,esp32_edge_normal_1,0,normal
20:00:24.355,2.9,gateway,gateway_fog_leader,raspberrypi,CNN-fog-1,ESP32->RPi,deserialize,112,0.087,0,esp32_edge_simulator_2,1,mqtt_bruteforce
20:00:25.046,3.6,gateway,gateway_fog_leader,raspberrypi,CNN-fog-1,ESP32->RPi,deserialize,124,0.2,0,esp32_edge_simulator_1,0,normal
20:00:29.131,7.7,gateway,gateway_fog_leader,raspberrypi,CNN-fog-1,ESP32->RPi,deserialize,121,0.063,0,esp32_edge_normal_1,0,normal
20:00:29.336,7.9,gateway,gateway_fog_leader,raspberrypi,CNN-fog-1,ESP32->RPi,deserialize,102,0.063,0,esp32_edge_simulator_2,2,scan_A
20:00:29.940,8.5,gateway,gateway_fog_leader,raspberrypi,CNN-fog-1,ESP32->RPi,deserialize,107,0.057,0,esp32_edge_simulator_1,2,scan_A
20:00:34.130,12.7,gateway,gateway_fog_leader,raspberrypi,CNN-fog-1,ESP32->RPi,deserialize,116,0.108,0,esp32_edge_normal_1,0,normal
20:00:34.341,12.9,gateway,gateway_fog_leader,raspberrypi,CNN-fog-1,ESP32->RPi,deserialize,118,0.122,0,esp32_edge_simulator_2,0,normal
20:00:34.934,13.5,gateway,gateway_fog_leader,raspberrypi,CNN-fog-1,ESP32->RPi,deserialize,120,0.136,0,esp32_edge_simulator_1,0,normal
20:00:39.226,17.8,gateway,gateway_fog_leader,raspberrypi,CNN-fog-1,ESP32->RPi,deserialize,112,0.196,0,esp32_edge_normal_1,0,normal
20:00:39.336,17.9,gateway,gateway_fog_leader,raspberrypi,CNN-fog-1,ESP32->RPi,deserialize,81,0.089,0,esp32_edge_simulator_2,2,scan_A
20:00:39.943,18.5,gateway,gateway_fog_leader,raspberrypi,CNN-fog-1,ESP32->RPi,deserialize,115,0.131,0,esp32_edge_simulator_1,1,mqtt_bruteforce
20:00:44.141,22.7,gateway,gateway_fog_leader,raspberrypi,CNN-fog-1,ESP32->RPi,deserialize,107,0.127,0,esp32_edge_normal_1,0,normal
20:00:44.350,22.9,gateway,gateway_fog_leader,raspberrypi,CNN-fog-1,ESP32->RPi,deserialize,112,0.113,0,esp32_edge_simulator_2,1,mqtt_bruteforce
20:00:44.935,23.5,gateway,gateway_fog_leader,raspberrypi,CNN-fog-1,ESP32->RPi,deserialize,113,0.139,0,esp32_edge_simulator_1,1,mqtt_bruteforce
20:00:49.159,27.7,gateway,gateway_fog_leader,raspberrypi,CNN-fog-1,ESP32->RPi,deserialize,117,0.135,0,esp32_edge_normal_1,0,normal
20:00:49.339,27.9,gateway,gateway_fog_leader,raspberrypi,CNN-fog-1,ESP32->RPi,deserialize,122,0.131,0,esp32_edge_simulator_2,0,normal
20:00:49.953,28.5,gateway,gateway_fog_leader,raspberrypi,CNN-fog-1,ESP32->RPi,deserialize,120,0.183,0,esp32_edge_simulator_1,0,normal
20:00:54.131,32.7,gateway,gateway_fog_leader,raspberrypi,CNN-fog-1,ESP32->RPi,deserialize,114,0.134,0,esp32_edge_normal_1,0,normal
20:00:54.348,32.9,gateway,gateway_fog_leader,raspberrypi,CNN-fog-1,ESP32->RPi,deserialize,116,0.091,0,esp32_edge_simulator_2,1,mqtt_bruteforce
20:00:54.940,33.5,gateway,gateway_fog_leader,raspberrypi,CNN-fog-1,ESP32->RPi,deserialize,81,0.127,0,esp32_edge_simulator_1,2,scan_A
20:00:59.194,37.8,gateway,gateway_fog_leader,raspberrypi,CNN-fog-1,ESP32->RPi,deserialize,121,0.176,0,esp32_edge_normal_1,0,normal
20:00:59.334,37.9,gateway,gateway_fog_leader,raspberrypi,CNN-fog-1,ESP32->RPi,deserialize,106,0.098,0,esp32_edge_simulator_2,2,scan_A
20:00:59.943,38.5,gateway,gateway_fog_leader,raspberrypi,CNN-fog-1,ESP32->RPi,deserialize,81,0.123,0,esp32_edge_simulator_1,2,scan_A
20:01:04.212,42.8,gateway,gateway_fog_leader,raspberrypi,CNN-fog-1,ESP32->RPi,deserialize,121,0.225,0,esp32_edge_normal_1,0,normal
20:01:04.336,42.9,gateway,gateway_fog_leader,raspberrypi,CNN-fog-1,ESP32->RPi,deserialize,110,0.096,0,esp32_edge_simulator_2,0,normal
20:01:04.936,43.5,gateway,gateway_fog_leader,raspberrypi,CNN-fog-1,ESP32->RPi,deserialize,105,0.062,0,esp32_edge_simulator_1,2,scan_A
20:01:09.229,47.8,gateway,gateway_fog_leader,raspberrypi,CNN-fog-1,ESP32->RPi,deserialize,114,0.063,0,esp32_edge_normal_1,0,normal
20:01:09.348,47.9,gateway,gateway_fog_leader,raspberrypi,CNN-fog-1,ESP32->RPi,deserialize,108,0.135,0,esp32_edge_simulator_2,1,mqtt_bruteforce
20:01:16.709,55.3,gateway,gateway_fog_leader,raspberrypi,CNN-fog-1,ESP32->RPi,deserialize,120,0.08,0,esp32_edge_simulator_1,0,normal
20:01:16.710,55.3,gateway,gateway_fog_leader,raspberrypi,CNN-fog-1,ESP32->RPi,deserialize,112,0.058,0,esp32_edge_normal_1,0,normal
20:01:16.710,55.3,gateway,gateway_fog_leader,raspberrypi,CNN-fog-1,ESP32->RPi,deserialize,118,0.041,0,esp32_edge_simulator_2,0,normal
20:01:16.711,55.3,gateway,gateway_fog_leader,raspberrypi,CNN-fog-1,ESP32->RPi,deserialize,118,0.044,0,esp32_edge_simulator_1,0,normal
20:01:17.029,55.6,gateway,gateway_fog_leader,raspberrypi,CNN-fog-1,RPi_peer->RPi_leader,deserialize,3674,0.228,0,,,
20:01:17.031,55.6,gateway,gateway_fog_leader,raspberrypi,CNN-fog-1,RPi_leader->PC,serialize,3735,0.449,0,,,
20:01:17.084,55.7,gateway,gateway_fog_leader,raspberrypi,CNN-fog-1,PC->RPi_leader,deserialize,3608,0.28,0,,,
20:01:17.113,55.7,gateway,gateway_fog_leader,raspberrypi,CNN-fog-1,RPi->ESP32,serialize,3608,0.423,1,,,
20:01:17.114,55.7,gateway,gateway_fog_leader,raspberrypi,CNN-fog-1,RPi_leader->RPi_peer,serialize,3608,0.369,1,,,
20:01:19.128,57.7,gateway,gateway_fog_leader,raspberrypi,CNN-fog-1,ESP32->RPi,deserialize,115,0.067,1,esp32_edge_normal_1,0,normal
20:01:19.337,57.9,gateway,gateway_fog_leader,raspberrypi,CNN-fog-1,ESP32->RPi,deserialize,110,0.064,1,esp32_edge_simulator_2,0,normal
20:01:19.941,58.5,gateway,gateway_fog_leader,raspberrypi,CNN-fog-1,ESP32->RPi,deserialize,107,0.224,1,esp32_edge_simulator_1,2,scan_A
20:01:24.189,62.8,gateway,gateway_fog_leader,raspberrypi,CNN-fog-1,ESP32->RPi,deserialize,117,0.064,1,esp32_edge_normal_1,0,normal
20:01:24.363,62.9,gateway,gateway_fog_leader,raspberrypi,CNN-fog-1,ESP32->RPi,deserialize,119,0.064,1,esp32_edge_simulator_2,0,normal
20:01:25.052,63.6,gateway,gateway_fog_leader,raspberrypi,CNN-fog-1,ESP32->RPi,deserialize,111,0.064,1,esp32_edge_simulator_1,1,mqtt_bruteforce
20:01:29.198,67.8,gateway,gateway_fog_leader,raspberrypi,CNN-fog-1,ESP32->RPi,deserialize,116,0.149,1,esp32_edge_normal_1,0,normal
20:01:29.342,67.9,gateway,gateway_fog_leader,raspberrypi,CNN-fog-1,ESP32->RPi,deserialize,117,0.095,1,esp32_edge_simulator_2,0,normal
20:01:29.933,68.5,gateway,gateway_fog_leader,raspberrypi,CNN-fog-1,ESP32->RPi,deserialize,107,0.136,1,esp32_edge_simulator_1,2,scan_A
20:01:34.130,72.7,gateway,gateway_fog_leader,raspberrypi,CNN-fog-1,ESP32->RPi,deserialize,116,0.139,1,esp32_edge_normal_1,0,normal
20:01:34.334,72.9,gateway,gateway_fog_leader,raspberrypi,CNN-fog-1,ESP32->RPi,deserialize,111,0.111,1,esp32_edge_simulator_2,1,mqtt_bruteforce
20:01:34.933,73.5,gateway,gateway_fog_leader,raspberrypi,CNN-fog-1,ESP32->RPi,deserialize,111,0.137,1,esp32_edge_simulator_1,1,mqtt_bruteforce
20:01:39.233,77.8,gateway,gateway_fog_leader,raspberrypi,CNN-fog-1,ESP32->RPi,deserialize,120,0.18,1,esp32_edge_normal_1,0,normal
20:01:39.338,77.9,gateway,gateway_fog_leader,raspberrypi,CNN-fog-1,ESP32->RPi,deserialize,124,0.145,1,esp32_edge_simulator_2,0,normal
20:01:39.938,78.5,gateway,gateway_fog_leader,raspberrypi,CNN-fog-1,ESP32->RPi,deserialize,107,0.064,1,esp32_edge_simulator_1,1,mqtt_bruteforce
20:01:44.127,82.7,gateway,gateway_fog_leader,raspberrypi,CNN-fog-1,ESP32->RPi,deserialize,115,0.066,1,esp32_edge_normal_1,0,normal
20:01:44.335,82.9,gateway,gateway_fog_leader,raspberrypi,CNN-fog-1,ESP32->RPi,deserialize,110,0.065,1,esp32_edge_simulator_2,1,mqtt_bruteforce
20:01:44.937,83.5,gateway,gateway_fog_leader,raspberrypi,CNN-fog-1,ESP32->RPi,deserialize,117,0.137,1,esp32_edge_simulator_1,0,normal
20:01:49.129,87.7,gateway,gateway_fog_leader,raspberrypi,CNN-fog-1,ESP32->RPi,deserialize,111,0.139,1,esp32_edge_normal_1,0,normal
20:01:49.336,87.9,gateway,gateway_fog_leader,raspberrypi,CNN-fog-1,ESP32->RPi,deserialize,118,0.108,1,esp32_edge_simulator_2,0,normal
20:01:49.944,88.5,gateway,gateway_fog_leader,raspberrypi,CNN-fog-1,ESP32->RPi,deserialize,121,0.137,1,esp32_edge_simulator_1,0,normal
20:01:54.184,92.8,gateway,gateway_fog_leader,raspberrypi,CNN-fog-1,ESP32->RPi,deserialize,117,0.139,1,esp32_edge_normal_1,0,normal
20:01:54.336,92.9,gateway,gateway_fog_leader,raspberrypi,CNN-fog-1,ESP32->RPi,deserialize,112,0.103,1,esp32_edge_simulator_2,1,mqtt_bruteforce
20:01:54.937,93.5,gateway,gateway_fog_leader,raspberrypi,CNN-fog-1,ESP32->RPi,deserialize,118,0.143,1,esp32_edge_simulator_1,0,normal
20:01:59.201,97.8,gateway,gateway_fog_leader,raspberrypi,CNN-fog-1,ESP32->RPi,deserialize,115,0.14,1,esp32_edge_normal_1,0,normal
20:01:59.334,97.9,gateway,gateway_fog_leader,raspberrypi,CNN-fog-1,ESP32->RPi,deserialize,114,0.111,1,esp32_edge_simulator_2,1,mqtt_bruteforce
20:02:00.269,98.8,gateway,gateway_fog_leader,raspberrypi,CNN-fog-1,ESP32->RPi,deserialize,110,0.076,1,esp32_edge_simulator_1,1,mqtt_bruteforce
20:02:00.406,99.0,gateway,gateway_fog_leader,raspberrypi,CNN-fog-1,RPi_peer->RPi_leader,deserialize,3711,0.232,1,,,
20:02:00.408,99.0,gateway,gateway_fog_leader,raspberrypi,CNN-fog-1,RPi_leader->PC,serialize,3733,0.348,1,,,
20:02:00.436,99.0,gateway,gateway_fog_leader,raspberrypi,CNN-fog-1,PC->RPi_leader,deserialize,3607,0.351,1,,,
20:02:00.448,99.0,gateway,gateway_fog_leader,raspberrypi,CNN-fog-1,RPi->ESP32,serialize,3607,0.737,2,,,
20:02:00.450,99.0,gateway,gateway_fog_leader,raspberrypi,CNN-fog-1,RPi_leader->RPi_peer,serialize,3607,0.449,2,,,
20:02:04.127,102.7,gateway,gateway_fog_leader,raspberrypi,CNN-fog-1,ESP32->RPi,deserialize,115,0.065,2,esp32_edge_normal_1,0,normal
20:02:04.338,102.9,gateway,gateway_fog_leader,raspberrypi,CNN-fog-1,ESP32->RPi,deserialize,122,0.064,2,esp32_edge_simulator_2,0,normal
20:02:04.935,103.5,gateway,gateway_fog_leader,raspberrypi,CNN-fog-1,ESP32->RPi,deserialize,107,0.14,2,esp32_edge_simulator_1,2,scan_A
20:02:09.127,107.7,gateway,gateway_fog_leader,raspberrypi,CNN-fog-1,ESP32->RPi,deserialize,113,0.067,2,esp32_edge_normal_1,0,normal
20:02:09.334,107.9,gateway,gateway_fog_leader,raspberrypi,CNN-fog-1,ESP32->RPi,deserialize,113,0.067,2,esp32_edge_simulator_2,1,mqtt_bruteforce
20:02:09.932,108.5,gateway,gateway_fog_leader,raspberrypi,CNN-fog-1,ESP32->RPi,deserialize,121,0.068,2,esp32_edge_simulator_1,0,normal
20:02:14.152,112.7,gateway,gateway_fog_leader,raspberrypi,CNN-fog-1,ESP32->RPi,deserialize,121,0.143,2,esp32_edge_normal_1,0,normal
20:02:14.338,112.9,gateway,gateway_fog_leader,raspberrypi,CNN-fog-1,ESP32->RPi,deserialize,121,0.098,2,esp32_edge_simulator_2,0,normal
20:02:14.929,113.5,gateway,gateway_fog_leader,raspberrypi,CNN-fog-1,ESP32->RPi,deserialize,113,0.144,2,esp32_edge_simulator_1,1,mqtt_bruteforce
20:02:19.127,117.7,gateway,gateway_fog_leader,raspberrypi,CNN-fog-1,ESP32->RPi,deserialize,117,0.143,2,esp32_edge_normal_1,0,normal
20:02:19.335,117.9,gateway,gateway_fog_leader,raspberrypi,CNN-fog-1,ESP32->RPi,deserialize,124,0.102,2,esp32_edge_simulator_2,0,normal
20:02:19.932,118.5,gateway,gateway_fog_leader,raspberrypi,CNN-fog-1,ESP32->RPi,deserialize,118,0.137,2,esp32_edge_simulator_1,0,normal
20:02:24.126,122.7,gateway,gateway_fog_leader,raspberrypi,CNN-fog-1,ESP32->RPi,deserialize,118,0.139,2,esp32_edge_normal_1,0,normal
20:02:24.341,122.9,gateway,gateway_fog_leader,raspberrypi,CNN-fog-1,ESP32->RPi,deserialize,120,0.088,2,esp32_edge_simulator_2,0,normal
20:02:24.935,123.5,gateway,gateway_fog_leader,raspberrypi,CNN-fog-1,ESP32->RPi,deserialize,114,0.137,2,esp32_edge_simulator_1,1,mqtt_bruteforce
20:02:29.130,127.7,gateway,gateway_fog_leader,raspberrypi,CNN-fog-1,ESP32->RPi,deserialize,116,0.189,2,esp32_edge_normal_1,0,normal
20:02:29.337,127.9,gateway,gateway_fog_leader,raspberrypi,CNN-fog-1,ESP32->RPi,deserialize,112,0.065,2,esp32_edge_simulator_2,1,mqtt_bruteforce
20:02:29.931,128.5,gateway,gateway_fog_leader,raspberrypi,CNN-fog-1,ESP32->RPi,deserialize,123,0.063,2,esp32_edge_simulator_1,0,normal
20:02:34.222,132.8,gateway,gateway_fog_leader,raspberrypi,CNN-fog-1,ESP32->RPi,deserialize,117,0.063,2,esp32_edge_normal_1,0,normal
20:02:34.333,132.9,gateway,gateway_fog_leader,raspberrypi,CNN-fog-1,ESP32->RPi,deserialize,113,0.118,2,esp32_edge_simulator_2,1,mqtt_bruteforce
20:02:34.932,133.5,gateway,gateway_fog_leader,raspberrypi,CNN-fog-1,ESP32->RPi,deserialize,119,0.136,2,esp32_edge_simulator_1,0,normal
20:02:39.138,137.7,gateway,gateway_fog_leader,raspberrypi,CNN-fog-1,ESP32->RPi,deserialize,117,0.12,2,esp32_edge_normal_1,0,normal
20:02:39.335,137.9,gateway,gateway_fog_leader,raspberrypi,CNN-fog-1,ESP32->RPi,deserialize,124,0.066,2,esp32_edge_simulator_2,0,normal
20:02:39.944,138.5,gateway,gateway_fog_leader,raspberrypi,CNN-fog-1,ESP32->RPi,deserialize,81,0.058,2,esp32_edge_simulator_1,2,scan_A
20:02:44.126,142.7,gateway,gateway_fog_leader,raspberrypi,CNN-fog-1,ESP32->RPi,deserialize,120,0.064,2,esp32_edge_normal_1,0,normal
20:02:44.333,142.9,gateway,gateway_fog_leader,raspberrypi,CNN-fog-1,ESP32->RPi,deserialize,114,0.134,2,esp32_edge_simulator_2,1,mqtt_bruteforce
20:02:44.936,143.5,gateway,gateway_fog_leader,raspberrypi,CNN-fog-1,ESP32->RPi,deserialize,122,0.139,2,esp32_edge_simulator_1,0,normal
20:02:49.126,147.7,gateway,gateway_fog_leader,raspberrypi,CNN-fog-1,ESP32->RPi,deserialize,121,0.134,2,esp32_edge_normal_1,0,normal
20:02:49.339,147.9,gateway,gateway_fog_leader,raspberrypi,CNN-fog-1,ESP32->RPi,deserialize,119,0.108,2,esp32_edge_simulator_2,0,normal
20:02:50.425,149.0,gateway,gateway_fog_leader,raspberrypi,CNN-fog-1,RPi_peer->RPi_leader,deserialize,3712,0.225,2,,,
20:02:50.431,149.0,gateway,gateway_fog_leader,raspberrypi,CNN-fog-1,RPi_leader->PC,serialize,3734,0.768,2,,,
20:02:50.480,149.1,gateway,gateway_fog_leader,raspberrypi,CNN-fog-1,PC->RPi_leader,deserialize,3607,0.264,2,,,
20:02:50.489,149.1,gateway,gateway_fog_leader,raspberrypi,CNN-fog-1,RPi->ESP32,serialize,3607,0.467,3,,,
20:02:50.491,149.1,gateway,gateway_fog_leader,raspberrypi,CNN-fog-1,RPi_leader->RPi_peer,serialize,3607,0.518,3,,,
20:02:50.506,149.1,gateway,gateway_fog_leader,raspberrypi,CNN-fog-1,ESP32->RPi,deserialize,123,0.1,3,esp32_edge_simulator_1,0,normal
20:02:54.126,152.7,gateway,gateway_fog_leader,raspberrypi,CNN-fog-1,ESP32->RPi,deserialize,120,0.069,3,esp32_edge_normal_1,0,normal
20:02:54.334,152.9,gateway,gateway_fog_leader,raspberrypi,CNN-fog-1,ESP32->RPi,deserialize,113,0.069,3,esp32_edge_simulator_2,1,mqtt_bruteforce
20:02:54.936,153.5,gateway,gateway_fog_leader,raspberrypi,CNN-fog-1,ESP32->RPi,deserialize,113,0.143,3,esp32_edge_simulator_1,1,mqtt_bruteforce
20:02:59.208,157.8,gateway,gateway_fog_leader,raspberrypi,CNN-fog-1,ESP32->RPi,deserialize,114,0.063,3,esp32_edge_normal_1,0,normal
20:02:59.333,157.9,gateway,gateway_fog_leader,raspberrypi,CNN-fog-1,ESP32->RPi,deserialize,110,0.065,3,esp32_edge_simulator_2,0,normal
20:02:59.934,158.5,gateway,gateway_fog_leader,raspberrypi,CNN-fog-1,ESP32->RPi,deserialize,110,0.068,3,esp32_edge_simulator_1,1,mqtt_bruteforce
20:03:04.126,162.7,gateway,gateway_fog_leader,raspberrypi,CNN-fog-1,ESP32->RPi,deserialize,118,0.148,3,esp32_edge_normal_1,0,normal
20:03:04.335,162.9,gateway,gateway_fog_leader,raspberrypi,CNN-fog-1,ESP32->RPi,deserialize,123,0.069,3,esp32_edge_simulator_2,0,normal
20:03:04.932,163.5,gateway,gateway_fog_leader,raspberrypi,CNN-fog-1,ESP32->RPi,deserialize,121,0.068,3,esp32_edge_simulator_1,0,normal
20:03:09.125,167.7,gateway,gateway_fog_leader,raspberrypi,CNN-fog-1,ESP32->RPi,deserialize,107,0.065,3,esp32_edge_normal_1,0,normal
20:03:09.334,167.9,gateway,gateway_fog_leader,raspberrypi,CNN-fog-1,ESP32->RPi,deserialize,124,0.135,3,esp32_edge_simulator_2,0,normal
20:03:09.932,168.5,gateway,gateway_fog_leader,raspberrypi,CNN-fog-1,ESP32->RPi,deserialize,112,0.134,3,esp32_edge_simulator_1,1,mqtt_bruteforce
20:03:14.127,172.7,gateway,gateway_fog_leader,raspberrypi,CNN-fog-1,ESP32->RPi,deserialize,118,0.134,3,esp32_edge_normal_1,0,normal
20:03:14.335,172.9,gateway,gateway_fog_leader,raspberrypi,CNN-fog-1,ESP32->RPi,deserialize,120,0.081,3,esp32_edge_simulator_2,0,normal
20:03:14.932,173.5,gateway,gateway_fog_leader,raspberrypi,CNN-fog-1,ESP32->RPi,deserialize,119,0.134,3,esp32_edge_simulator_1,0,normal
20:03:19.130,177.7,gateway,gateway_fog_leader,raspberrypi,CNN-fog-1,ESP32->RPi,deserialize,116,0.138,3,esp32_edge_normal_1,0,normal
20:03:19.335,177.9,gateway,gateway_fog_leader,raspberrypi,CNN-fog-1,ESP32->RPi,deserialize,122,0.066,3,esp32_edge_simulator_2,0,normal
20:03:19.941,178.5,gateway,gateway_fog_leader,raspberrypi,CNN-fog-1,ESP32->RPi,deserialize,81,0.058,3,esp32_edge_simulator_1,2,scan_A
20:03:24.199,182.8,gateway,gateway_fog_leader,raspberrypi,CNN-fog-1,ESP32->RPi,deserialize,121,0.063,3,esp32_edge_normal_1,0,normal
20:03:24.374,182.9,gateway,gateway_fog_leader,raspberrypi,CNN-fog-1,ESP32->RPi,deserialize,112,0.099,3,esp32_edge_simulator_2,1,mqtt_bruteforce
20:03:26.225,184.8,gateway,gateway_fog_leader,raspberrypi,CNN-fog-1,ESP32->RPi,deserialize,121,0.064,3,esp32_edge_simulator_1,0,normal
20:03:29.126,187.7,gateway,gateway_fog_leader,raspberrypi,CNN-fog-1,ESP32->RPi,deserialize,118,0.065,3,esp32_edge_normal_1,0,normal
20:03:29.331,187.9,gateway,gateway_fog_leader,raspberrypi,CNN-fog-1,ESP32->RPi,deserialize,111,0.066,3,esp32_edge_simulator_2,1,mqtt_bruteforce
20:03:29.932,188.5,gateway,gateway_fog_leader,raspberrypi,CNN-fog-1,ESP32->RPi,deserialize,122,0.066,3,esp32_edge_simulator_1,0,normal
20:03:34.229,192.8,gateway,gateway_fog_leader,raspberrypi,CNN-fog-1,ESP32->RPi,deserialize,115,0.139,3,esp32_edge_normal_1,0,normal
20:03:34.339,192.9,gateway,gateway_fog_leader,raspberrypi,CNN-fog-1,ESP32->RPi,deserialize,119,0.136,3,esp32_edge_simulator_2,0,normal
20:03:34.936,193.5,gateway,gateway_fog_leader,raspberrypi,CNN-fog-1,ESP32->RPi,deserialize,108,0.137,3,esp32_edge_simulator_1,1,mqtt_bruteforce
20:03:39.145,197.7,gateway,gateway_fog_leader,raspberrypi,CNN-fog-1,ESP32->RPi,deserialize,116,0.138,3,esp32_edge_normal_1,0,normal
20:03:39.349,197.9,gateway,gateway_fog_leader,raspberrypi,CNN-fog-1,ESP32->RPi,deserialize,117,0.085,3,esp32_edge_simulator_2,0,normal
20:03:40.288,198.9,gateway,gateway_fog_leader,raspberrypi,CNN-fog-1,ESP32->RPi,deserialize,107,0.074,3,esp32_edge_simulator_1,2,scan_A
20:03:40.598,199.2,gateway,gateway_fog_leader,raspberrypi,CNN-fog-1,RPi_peer->RPi_leader,deserialize,3700,0.229,3,,,
20:03:40.600,199.2,gateway,gateway_fog_leader,raspberrypi,CNN-fog-1,RPi_leader->PC,serialize,3724,0.423,3,,,
20:03:40.634,199.2,gateway,gateway_fog_leader,raspberrypi,CNN-fog-1,PC->RPi_leader,deserialize,3596,0.319,3,,,
20:03:40.645,199.2,gateway,gateway_fog_leader,raspberrypi,CNN-fog-1,RPi->ESP32,serialize,3596,0.395,4,,,
20:03:40.647,199.2,gateway,gateway_fog_leader,raspberrypi,CNN-fog-1,RPi_leader->RPi_peer,serialize,3596,0.36,4,,,
20:03:44.162,202.7,gateway,gateway_fog_leader,raspberrypi,CNN-fog-1,ESP32->RPi,deserialize,116,0.066,4,esp32_edge_normal_1,0,normal
20:03:44.337,202.9,gateway,gateway_fog_leader,raspberrypi,CNN-fog-1,ESP32->RPi,deserialize,106,0.061,4,esp32_edge_simulator_2,2,scan_A
20:03:44.943,203.5,gateway,gateway_fog_leader,raspberrypi,CNN-fog-1,ESP32->RPi,deserialize,124,0.137,4,esp32_edge_simulator_1,0,normal
20:03:49.182,207.8,gateway,gateway_fog_leader,raspberrypi,CNN-fog-1,ESP32->RPi,deserialize,117,0.138,4,esp32_edge_normal_1,0,normal
20:03:49.342,207.9,gateway,gateway_fog_leader,raspberrypi,CNN-fog-1,ESP32->RPi,deserialize,107,0.097,4,esp32_edge_simulator_2,2,scan_A
20:03:49.937,208.5,gateway,gateway_fog_leader,raspberrypi,CNN-fog-1,ESP32->RPi,deserialize,111,0.122,4,esp32_edge_simulator_1,1,mqtt_bruteforce
20:03:54.198,212.8,gateway,gateway_fog_leader,raspberrypi,CNN-fog-1,ESP32->RPi,deserialize,121,0.137,4,esp32_edge_normal_1,0,normal
20:03:54.343,212.9,gateway,gateway_fog_leader,raspberrypi,CNN-fog-1,ESP32->RPi,deserialize,107,0.108,4,esp32_edge_simulator_2,2,scan_A
20:03:54.930,213.5,gateway,gateway_fog_leader,raspberrypi,CNN-fog-1,ESP32->RPi,deserialize,111,0.136,4,esp32_edge_simulator_1,1,mqtt_bruteforce
20:03:59.216,217.8,gateway,gateway_fog_leader,raspberrypi,CNN-fog-1,ESP32->RPi,deserialize,115,0.135,4,esp32_edge_normal_1,0,normal
20:03:59.332,217.9,gateway,gateway_fog_leader,raspberrypi,CNN-fog-1,ESP32->RPi,deserialize,109,0.084,4,esp32_edge_simulator_2,1,mqtt_bruteforce
20:03:59.934,218.5,gateway,gateway_fog_leader,raspberrypi,CNN-fog-1,ESP32->RPi,deserialize,116,0.121,4,esp32_edge_simulator_1,0,normal
20:04:04.234,222.8,gateway,gateway_fog_leader,raspberrypi,CNN-fog-1,ESP32->RPi,deserialize,117,0.137,4,esp32_edge_normal_1,0,normal
20:04:04.337,222.9,gateway,gateway_fog_leader,raspberrypi,CNN-fog-1,ESP32->RPi,deserialize,118,0.148,4,esp32_edge_simulator_2,0,normal
20:04:04.926,223.5,gateway,gateway_fog_leader,raspberrypi,CNN-fog-1,ESP32->RPi,deserialize,108,0.065,4,esp32_edge_simulator_1,1,mqtt_bruteforce
20:04:09.151,227.7,gateway,gateway_fog_leader,raspberrypi,CNN-fog-1,ESP32->RPi,deserialize,121,0.065,4,esp32_edge_normal_1,0,normal
20:04:09.331,227.9,gateway,gateway_fog_leader,raspberrypi,CNN-fog-1,ESP32->RPi,deserialize,109,0.066,4,esp32_edge_simulator_2,1,mqtt_bruteforce
20:04:09.938,228.5,gateway,gateway_fog_leader,raspberrypi,CNN-fog-1,ESP32->RPi,deserialize,119,0.137,4,esp32_edge_simulator_1,0,normal
20:04:14.167,232.7,gateway,gateway_fog_leader,raspberrypi,CNN-fog-1,ESP32->RPi,deserialize,107,0.132,4,esp32_edge_normal_1,0,normal
20:04:14.330,232.9,gateway,gateway_fog_leader,raspberrypi,CNN-fog-1,ESP32->RPi,deserialize,112,0.083,4,esp32_edge_simulator_2,1,mqtt_bruteforce
20:04:14.928,233.5,gateway,gateway_fog_leader,raspberrypi,CNN-fog-1,ESP32->RPi,deserialize,113,0.14,4,esp32_edge_simulator_1,1,mqtt_bruteforce
20:04:19.187,237.8,gateway,gateway_fog_leader,raspberrypi,CNN-fog-1,ESP32->RPi,deserialize,114,0.119,4,esp32_edge_normal_1,0,normal
20:04:19.331,237.9,gateway,gateway_fog_leader,raspberrypi,CNN-fog-1,ESP32->RPi,deserialize,111,0.101,4,esp32_edge_simulator_2,1,mqtt_bruteforce
20:04:19.930,238.5,gateway,gateway_fog_leader,raspberrypi,CNN-fog-1,ESP32->RPi,deserialize,117,0.139,4,esp32_edge_simulator_1,0,normal
20:04:24.210,242.8,gateway,gateway_fog_leader,raspberrypi,CNN-fog-1,ESP32->RPi,deserialize,115,0.136,4,esp32_edge_normal_1,0,normal
20:04:24.383,243.0,gateway,gateway_fog_leader,raspberrypi,CNN-fog-1,ESP32->RPi,deserialize,123,0.09,4,esp32_edge_simulator_2,0,normal
20:04:24.928,243.5,gateway,gateway_fog_leader,raspberrypi,CNN-fog-1,ESP32->RPi,deserialize,111,0.138,4,esp32_edge_simulator_1,1,mqtt_bruteforce
20:04:29.123,247.7,gateway,gateway_fog_leader,raspberrypi,CNN-fog-1,ESP32->RPi,deserialize,118,0.066,4,esp32_edge_normal_1,0,normal
20:04:29.330,247.9,gateway,gateway_fog_leader,raspberrypi,CNN-fog-1,ESP32->RPi,deserialize,108,0.067,4,esp32_edge_simulator_2,1,mqtt_bruteforce
20:04:30.232,248.8,gateway,gateway_fog_leader,raspberrypi,CNN-fog-1,ESP32->RPi,deserialize,81,0.067,4,esp32_edge_simulator_1,2,scan_A
20:04:30.409,249.0,gateway,gateway_fog_leader,raspberrypi,CNN-fog-1,RPi_peer->RPi_leader,deserialize,3718,0.26,4,,,
20:04:30.411,249.0,gateway,gateway_fog_leader,raspberrypi,CNN-fog-1,RPi_leader->PC,serialize,3727,0.396,4,,,
20:04:30.445,249.0,gateway,gateway_fog_leader,raspberrypi,CNN-fog-1,PC->RPi_leader,deserialize,3600,0.357,4,,,
20:04:30.455,249.0,gateway,gateway_fog_leader,raspberrypi,CNN-fog-1,RPi->ESP32,serialize,3600,0.571,5,,,
20:04:30.457,249.0,gateway,gateway_fog_leader,raspberrypi,CNN-fog-1,RPi_leader->RPi_peer,serialize,3600,0.354,5,,,
20:04:34.124,252.7,gateway,gateway_fog_leader,raspberrypi,CNN-fog-1,ESP32->RPi,deserialize,118,0.147,5,esp32_edge_normal_1,0,normal
20:04:34.330,252.9,gateway,gateway_fog_leader,raspberrypi,CNN-fog-1,ESP32->RPi,deserialize,113,0.106,5,esp32_edge_simulator_2,1,mqtt_bruteforce
20:04:34.939,253.5,gateway,gateway_fog_leader,raspberrypi,CNN-fog-1,ESP32->RPi,deserialize,118,0.142,5,esp32_edge_simulator_1,0,normal
20:04:39.152,257.7,gateway,gateway_fog_leader,raspberrypi,CNN-fog-1,ESP32->RPi,deserialize,120,0.069,5,esp32_edge_normal_1,0,normal
20:04:39.331,257.9,gateway,gateway_fog_leader,raspberrypi,CNN-fog-1,ESP32->RPi,deserialize,120,0.068,5,esp32_edge_simulator_2,0,normal
20:04:39.929,258.5,gateway,gateway_fog_leader,raspberrypi,CNN-fog-1,ESP32->RPi,deserialize,112,0.117,5,esp32_edge_simulator_1,1,mqtt_bruteforce
20:04:44.170,262.7,gateway,gateway_fog_leader,raspberrypi,CNN-fog-1,ESP32->RPi,deserialize,120,0.127,5,esp32_edge_normal_1,0,normal
20:04:44.332,262.9,gateway,gateway_fog_leader,raspberrypi,CNN-fog-1,ESP32->RPi,deserialize,120,0.102,5,esp32_edge_simulator_2,0,normal
20:04:44.928,263.5,gateway,gateway_fog_leader,raspberrypi,CNN-fog-1,ESP32->RPi,deserialize,111,0.143,5,esp32_edge_simulator_1,1,mqtt_bruteforce
20:04:49.124,267.7,gateway,gateway_fog_leader,raspberrypi,CNN-fog-1,ESP32->RPi,deserialize,121,0.144,5,esp32_edge_normal_1,0,normal
20:04:49.342,267.9,gateway,gateway_fog_leader,raspberrypi,CNN-fog-1,ESP32->RPi,deserialize,105,0.09,5,esp32_edge_simulator_2,2,scan_A
20:04:49.938,268.5,gateway,gateway_fog_leader,raspberrypi,CNN-fog-1,ESP32->RPi,deserialize,101,0.137,5,esp32_edge_simulator_1,2,scan_A
20:04:54.124,272.7,gateway,gateway_fog_leader,raspberrypi,CNN-fog-1,ESP32->RPi,deserialize,119,0.141,5,esp32_edge_normal_1,0,normal
20:04:54.329,272.9,gateway,gateway_fog_leader,raspberrypi,CNN-fog-1,ESP32->RPi,deserialize,106,0.08,5,esp32_edge_simulator_2,2,scan_A
20:04:54.930,273.5,gateway,gateway_fog_leader,raspberrypi,CNN-fog-1,ESP32->RPi,deserialize,124,0.137,5,esp32_edge_simulator_1,0,normal
20:04:59.124,277.7,gateway,gateway_fog_leader,raspberrypi,CNN-fog-1,ESP32->RPi,deserialize,119,0.136,5,esp32_edge_normal_1,0,normal
20:04:59.336,277.9,gateway,gateway_fog_leader,raspberrypi,CNN-fog-1,ESP32->RPi,deserialize,121,0.081,5,esp32_edge_simulator_2,0,normal
20:04:59.929,278.5,gateway,gateway_fog_leader,raspberrypi,CNN-fog-1,ESP32->RPi,deserialize,107,0.135,5,esp32_edge_simulator_1,1,mqtt_bruteforce
20:05:04.139,282.7,gateway,gateway_fog_leader,raspberrypi,CNN-fog-1,ESP32->RPi,deserialize,118,0.138,5,esp32_edge_normal_1,0,normal
20:05:04.331,282.9,gateway,gateway_fog_leader,raspberrypi,CNN-fog-1,ESP32->RPi,deserialize,112,0.132,5,esp32_edge_simulator_2,1,mqtt_bruteforce
20:05:04.926,283.5,gateway,gateway_fog_leader,raspberrypi,CNN-fog-1,ESP32->RPi,deserialize,120,0.14,5,esp32_edge_simulator_1,0,normal
20:05:09.156,287.7,gateway,gateway_fog_leader,raspberrypi,CNN-fog-1,ESP32->RPi,deserialize,120,0.135,5,esp32_edge_normal_1,0,normal
20:05:09.331,287.9,gateway,gateway_fog_leader,raspberrypi,CNN-fog-1,ESP32->RPi,deserialize,110,0.089,5,esp32_edge_simulator_2,1,mqtt_bruteforce
20:05:09.937,288.5,gateway,gateway_fog_leader,raspberrypi,CNN-fog-1,ESP32->RPi,deserialize,108,0.118,5,esp32_edge_simulator_1,2,scan_A
20:05:14.123,292.7,gateway,gateway_fog_leader,raspberrypi,CNN-fog-1,ESP32->RPi,deserialize,120,0.136,5,esp32_edge_normal_1,0,normal
20:05:14.332,292.9,gateway,gateway_fog_leader,raspberrypi,CNN-fog-1,ESP32->RPi,deserialize,119,0.087,5,esp32_edge_simulator_2,0,normal
20:05:14.927,293.5,gateway,gateway_fog_leader,raspberrypi,CNN-fog-1,ESP32->RPi,deserialize,119,0.14,5,esp32_edge_simulator_1,0,normal
20:05:19.125,297.7,gateway,gateway_fog_leader,raspberrypi,CNN-fog-1,ESP32->RPi,deserialize,115,0.136,5,esp32_edge_normal_1,0,normal
20:05:19.331,297.9,gateway,gateway_fog_leader,raspberrypi,CNN-fog-1,ESP32->RPi,deserialize,120,0.111,5,esp32_edge_simulator_2,0,normal
20:05:20.461,299.0,gateway,gateway_fog_leader,raspberrypi,CNN-fog-1,ESP32->RPi,deserialize,112,0.137,5,esp32_edge_simulator_1,1,mqtt_bruteforce
20:05:20.733,299.3,gateway,gateway_fog_leader,raspberrypi,CNN-fog-1,RPi_peer->RPi_leader,deserialize,3718,0.232,5,,,
20:05:20.739,299.3,gateway,gateway_fog_leader,raspberrypi,CNN-fog-1,RPi_leader->PC,serialize,3717,0.414,5,,,
20:05:20.774,299.3,gateway,gateway_fog_leader,raspberrypi,CNN-fog-1,PC->RPi_leader,deserialize,3590,0.323,5,,,
20:05:20.784,299.4,gateway,gateway_fog_leader,raspberrypi,CNN-fog-1,RPi->ESP32,serialize,3590,0.487,6,,,
20:05:20.786,299.4,gateway,gateway_fog_leader,raspberrypi,CNN-fog-1,RPi_leader->RPi_peer,serialize,3590,0.575,6,,,
20:05:24.210,302.8,gateway,gateway_fog_leader,raspberrypi,CNN-fog-1,ESP32->RPi,deserialize,118,0.07,6,esp32_edge_normal_1,0,normal
20:05:24.382,303.0,gateway,gateway_fog_leader,raspberrypi,CNN-fog-1,ESP32->RPi,deserialize,121,0.068,6,esp32_edge_simulator_2,0,normal
20:05:24.935,303.5,gateway,gateway_fog_leader,raspberrypi,CNN-fog-1,ESP32->RPi,deserialize,110,0.143,6,esp32_edge_simulator_1,1,mqtt_bruteforce
20:05:29.226,307.8,gateway,gateway_fog_leader,raspberrypi,CNN-fog-1,ESP32->RPi,deserialize,116,0.069,6,esp32_edge_normal_1,0,normal
20:05:29.328,307.9,gateway,gateway_fog_leader,raspberrypi,CNN-fog-1,ESP32->RPi,deserialize,111,0.07,6,esp32_edge_simulator_2,1,mqtt_bruteforce
20:05:29.924,308.5,gateway,gateway_fog_leader,raspberrypi,CNN-fog-1,ESP32->RPi,deserialize,114,0.07,6,esp32_edge_simulator_1,1,mqtt_bruteforce
20:05:34.142,312.7,gateway,gateway_fog_leader,raspberrypi,CNN-fog-1,ESP32->RPi,deserialize,115,0.146,6,esp32_edge_normal_1,0,normal
20:05:34.335,312.9,gateway,gateway_fog_leader,raspberrypi,CNN-fog-1,ESP32->RPi,deserialize,106,0.093,6,esp32_edge_simulator_2,2,scan_A
20:05:34.928,313.5,gateway,gateway_fog_leader,raspberrypi,CNN-fog-1,ESP32->RPi,deserialize,117,0.144,6,esp32_edge_simulator_1,0,normal
20:05:39.121,317.7,gateway,gateway_fog_leader,raspberrypi,CNN-fog-1,ESP32->RPi,deserialize,121,0.139,6,esp32_edge_normal_1,0,normal
20:05:39.333,317.9,gateway,gateway_fog_leader,raspberrypi,CNN-fog-1,ESP32->RPi,deserialize,112,0.089,6,esp32_edge_simulator_2,1,mqtt_bruteforce
20:05:39.931,318.5,gateway,gateway_fog_leader,raspberrypi,CNN-fog-1,ESP32->RPi,deserialize,105,0.139,6,esp32_edge_simulator_1,2,scan_A
20:05:44.177,322.7,gateway,gateway_fog_leader,raspberrypi,CNN-fog-1,ESP32->RPi,deserialize,106,0.136,6,esp32_edge_normal_1,0,normal
20:05:44.329,322.9,gateway,gateway_fog_leader,raspberrypi,CNN-fog-1,ESP32->RPi,deserialize,107,0.1,6,esp32_edge_simulator_2,1,mqtt_bruteforce
20:05:44.936,323.5,gateway,gateway_fog_leader,raspberrypi,CNN-fog-1,ESP32->RPi,deserialize,108,0.172,6,esp32_edge_simulator_1,2,scan_A
20:05:49.195,327.8,gateway,gateway_fog_leader,raspberrypi,CNN-fog-1,ESP32->RPi,deserialize,118,0.138,6,esp32_edge_normal_1,0,normal
20:05:49.328,327.9,gateway,gateway_fog_leader,raspberrypi,CNN-fog-1,ESP32->RPi,deserialize,99,0.099,6,esp32_edge_simulator_2,2,scan_A
20:05:49.936,328.5,gateway,gateway_fog_leader,raspberrypi,CNN-fog-1,ESP32->RPi,deserialize,112,0.14,6,esp32_edge_simulator_1,1,mqtt_bruteforce
20:05:54.122,332.7,gateway,gateway_fog_leader,raspberrypi,CNN-fog-1,ESP32->RPi,deserialize,114,0.14,6,esp32_edge_normal_1,0,normal
20:05:54.328,332.9,gateway,gateway_fog_leader,raspberrypi,CNN-fog-1,ESP32->RPi,deserialize,112,0.103,6,esp32_edge_simulator_2,1,mqtt_bruteforce
20:05:54.932,333.5,gateway,gateway_fog_leader,raspberrypi,CNN-fog-1,ESP32->RPi,deserialize,108,0.138,6,esp32_edge_simulator_1,2,scan_A
20:05:59.230,337.8,gateway,gateway_fog_leader,raspberrypi,CNN-fog-1,ESP32->RPi,deserialize,119,0.137,6,esp32_edge_normal_1,0,normal
20:05:59.335,337.9,gateway,gateway_fog_leader,raspberrypi,CNN-fog-1,ESP32->RPi,deserialize,121,0.228,6,esp32_edge_simulator_2,0,normal
20:05:59.926,338.5,gateway,gateway_fog_leader,raspberrypi,CNN-fog-1,ESP32->RPi,deserialize,116,0.065,6,esp32_edge_simulator_1,0,normal
20:06:04.145,342.7,gateway,gateway_fog_leader,raspberrypi,CNN-fog-1,ESP32->RPi,deserialize,115,0.067,6,esp32_edge_normal_1,0,normal
20:06:04.330,342.9,gateway,gateway_fog_leader,raspberrypi,CNN-fog-1,ESP32->RPi,deserialize,121,0.067,6,esp32_edge_simulator_2,0,normal
20:06:04.928,343.5,gateway,gateway_fog_leader,raspberrypi,CNN-fog-1,ESP32->RPi,deserialize,123,0.139,6,esp32_edge_simulator_1,0,normal
20:06:09.121,347.7,gateway,gateway_fog_leader,raspberrypi,CNN-fog-1,ESP32->RPi,deserialize,115,0.137,6,esp32_edge_normal_1,0,normal
20:06:09.330,347.9,gateway,gateway_fog_leader,raspberrypi,CNN-fog-1,ESP32->RPi,deserialize,123,0.112,6,esp32_edge_simulator_2,0,normal
20:06:10.433,349.0,gateway,gateway_fog_leader,raspberrypi,CNN-fog-1,RPi_peer->RPi_leader,deserialize,3691,0.284,6,,,
20:06:10.524,349.1,gateway,gateway_fog_leader,raspberrypi,CNN-fog-1,RPi_leader->PC,serialize,3716,0.455,6,,,
20:06:10.571,349.1,gateway,gateway_fog_leader,raspberrypi,CNN-fog-1,PC->RPi_leader,deserialize,3588,0.296,6,,,
20:06:10.580,349.2,gateway,gateway_fog_leader,raspberrypi,CNN-fog-1,RPi->ESP32,serialize,3588,0.37,7,,,
20:06:10.581,349.2,gateway,gateway_fog_leader,raspberrypi,CNN-fog-1,RPi_leader->RPi_peer,serialize,3588,0.335,7,,,
20:06:10.596,349.2,gateway,gateway_fog_leader,raspberrypi,CNN-fog-1,ESP32->RPi,deserialize,112,0.093,7,esp32_edge_simulator_1,1,mqtt_bruteforce
20:06:14.122,352.7,gateway,gateway_fog_leader,raspberrypi,CNN-fog-1,ESP32->RPi,deserialize,118,0.067,7,esp32_edge_normal_1,0,normal
20:06:14.330,352.9,gateway,gateway_fog_leader,raspberrypi,CNN-fog-1,ESP32->RPi,deserialize,118,0.067,7,esp32_edge_simulator_2,0,normal
20:06:14.925,353.5,gateway,gateway_fog_leader,raspberrypi,CNN-fog-1,ESP32->RPi,deserialize,123,0.141,7,esp32_edge_simulator_1,0,normal
20:06:19.200,357.8,gateway,gateway_fog_leader,raspberrypi,CNN-fog-1,ESP32->RPi,deserialize,116,0.14,7,esp32_edge_normal_1,0,normal
20:06:19.329,357.9,gateway,gateway_fog_leader,raspberrypi,CNN-fog-1,ESP32->RPi,deserialize,110,0.11,7,esp32_edge_simulator_2,0,normal
20:06:19.928,358.5,gateway,gateway_fog_leader,raspberrypi,CNN-fog-1,ESP32->RPi,deserialize,117,0.139,7,esp32_edge_simulator_1,0,normal
20:06:24.219,362.8,gateway,gateway_fog_leader,raspberrypi,CNN-fog-1,ESP32->RPi,deserialize,119,0.139,7,esp32_edge_normal_1,0,normal
20:06:24.391,363.0,gateway,gateway_fog_leader,raspberrypi,CNN-fog-1,ESP32->RPi,deserialize,81,0.086,7,esp32_edge_simulator_2,2,scan_A
20:06:24.942,363.5,gateway,gateway_fog_leader,raspberrypi,CNN-fog-1,ESP32->RPi,deserialize,118,0.145,7,esp32_edge_simulator_1,0,normal
20:06:29.124,367.7,gateway,gateway_fog_leader,raspberrypi,CNN-fog-1,ESP32->RPi,deserialize,120,0.064,7,esp32_edge_normal_1,0,normal
20:06:29.327,367.9,gateway,gateway_fog_leader,raspberrypi,CNN-fog-1,ESP32->RPi,deserialize,117,0.065,7,esp32_edge_simulator_2,0,normal
20:06:29.923,368.5,gateway,gateway_fog_leader,raspberrypi,CNN-fog-1,ESP32->RPi,deserialize,119,0.063,7,esp32_edge_simulator_1,0,normal
20:06:34.120,372.7,gateway,gateway_fog_leader,raspberrypi,CNN-fog-1,ESP32->RPi,deserialize,115,0.124,7,esp32_edge_normal_1,0,normal
20:06:34.327,372.9,gateway,gateway_fog_leader,raspberrypi,CNN-fog-1,ESP32->RPi,deserialize,81,0.059,7,esp32_edge_simulator_2,2,scan_A
20:06:34.930,373.5,gateway,gateway_fog_leader,raspberrypi,CNN-fog-1,ESP32->RPi,deserialize,124,0.065,7,esp32_edge_simulator_1,0,normal
20:06:39.120,377.7,gateway,gateway_fog_leader,raspberrypi,CNN-fog-1,ESP32->RPi,deserialize,120,0.064,7,esp32_edge_normal_1,0,normal
20:06:39.328,377.9,gateway,gateway_fog_leader,raspberrypi,CNN-fog-1,ESP32->RPi,deserialize,110,0.135,7,esp32_edge_simulator_2,1,mqtt_bruteforce
20:06:39.929,378.5,gateway,gateway_fog_leader,raspberrypi,CNN-fog-1,ESP32->RPi,deserialize,112,0.139,7,esp32_edge_simulator_1,1,mqtt_bruteforce
20:06:44.122,382.7,gateway,gateway_fog_leader,raspberrypi,CNN-fog-1,ESP32->RPi,deserialize,120,0.141,7,esp32_edge_normal_1,0,normal
20:06:44.326,382.9,gateway,gateway_fog_leader,raspberrypi,CNN-fog-1,ESP32->RPi,deserialize,81,0.074,7,esp32_edge_simulator_2,2,scan_A
20:06:44.929,383.5,gateway,gateway_fog_leader,raspberrypi,CNN-fog-1,ESP32->RPi,deserialize,109,0.122,7,esp32_edge_simulator_1,1,mqtt_bruteforce
20:06:49.120,387.7,gateway,gateway_fog_leader,raspberrypi,CNN-fog-1,ESP32->RPi,deserialize,120,0.136,7,esp32_edge_normal_1,0,normal
20:06:49.329,387.9,gateway,gateway_fog_leader,raspberrypi,CNN-fog-1,ESP32->RPi,deserialize,123,0.083,7,esp32_edge_simulator_2,0,normal
20:06:49.928,388.5,gateway,gateway_fog_leader,raspberrypi,CNN-fog-1,ESP32->RPi,deserialize,113,0.141,7,esp32_edge_simulator_1,1,mqtt_bruteforce
20:06:54.121,392.7,gateway,gateway_fog_leader,raspberrypi,CNN-fog-1,ESP32->RPi,deserialize,119,0.088,7,esp32_edge_normal_1,0,normal
20:06:54.328,392.9,gateway,gateway_fog_leader,raspberrypi,CNN-fog-1,ESP32->RPi,deserialize,124,0.066,7,esp32_edge_simulator_2,0,normal
20:06:54.922,393.5,gateway,gateway_fog_leader,raspberrypi,CNN-fog-1,ESP32->RPi,deserialize,81,0.057,7,esp32_edge_simulator_1,2,scan_A
20:06:59.134,397.7,gateway,gateway_fog_leader,raspberrypi,CNN-fog-1,ESP32->RPi,deserialize,116,0.065,7,esp32_edge_normal_1,0,normal
20:06:59.326,397.9,gateway,gateway_fog_leader,raspberrypi,CNN-fog-1,ESP32->RPi,deserialize,108,0.137,7,esp32_edge_simulator_2,2,scan_A
20:07:00.314,398.9,gateway,gateway_fog_leader,raspberrypi,CNN-fog-1,ESP32->RPi,deserialize,104,0.098,7,esp32_edge_simulator_1,2,scan_A
20:07:00.467,399.0,gateway,gateway_fog_leader,raspberrypi,CNN-fog-1,RPi_peer->RPi_leader,deserialize,3703,0.231,7,,,
20:07:00.469,399.0,gateway,gateway_fog_leader,raspberrypi,CNN-fog-1,RPi_leader->PC,serialize,3716,0.421,7,,,
20:07:00.512,399.1,gateway,gateway_fog_leader,raspberrypi,CNN-fog-1,PC->RPi_leader,deserialize,3588,0.354,7,,,
20:07:00.522,399.1,gateway,gateway_fog_leader,raspberrypi,CNN-fog-1,RPi->ESP32,serialize,3588,0.355,8,,,
20:07:00.523,399.1,gateway,gateway_fog_leader,raspberrypi,CNN-fog-1,RPi_leader->RPi_peer,serialize,3588,0.363,8,,,
20:07:04.152,402.7,gateway,gateway_fog_leader,raspberrypi,CNN-fog-1,ESP32->RPi,deserialize,121,0.065,8,esp32_edge_normal_1,0,normal
20:07:04.326,402.9,gateway,gateway_fog_leader,raspberrypi,CNN-fog-1,ESP32->RPi,deserialize,111,0.066,8,esp32_edge_simulator_2,1,mqtt_bruteforce
20:07:04.928,403.5,gateway,gateway_fog_leader,raspberrypi,CNN-fog-1,ESP32->RPi,deserialize,105,0.14,8,esp32_edge_simulator_1,2,scan_A
20:07:09.121,407.7,gateway,gateway_fog_leader,raspberrypi,CNN-fog-1,ESP32->RPi,deserialize,119,0.185,8,esp32_edge_normal_1,0,normal
20:07:09.331,407.9,gateway,gateway_fog_leader,raspberrypi,CNN-fog-1,ESP32->RPi,deserialize,121,0.084,8,esp32_edge_simulator_2,0,normal
20:07:09.922,408.5,gateway,gateway_fog_leader,raspberrypi,CNN-fog-1,ESP32->RPi,deserialize,106,0.135,8,esp32_edge_simulator_1,2,scan_A
20:07:14.121,412.7,gateway,gateway_fog_leader,raspberrypi,CNN-fog-1,ESP32->RPi,deserialize,116,0.138,8,esp32_edge_normal_1,0,normal
20:07:14.327,412.9,gateway,gateway_fog_leader,raspberrypi,CNN-fog-1,ESP32->RPi,deserialize,107,0.084,8,esp32_edge_simulator_2,2,scan_A
20:07:14.925,413.5,gateway,gateway_fog_leader,raspberrypi,CNN-fog-1,ESP32->RPi,deserialize,100,0.135,8,esp32_edge_simulator_1,2,scan_A
20:07:19.206,417.8,gateway,gateway_fog_leader,raspberrypi,CNN-fog-1,ESP32->RPi,deserialize,118,0.192,8,esp32_edge_normal_1,0,normal
20:07:19.327,417.9,gateway,gateway_fog_leader,raspberrypi,CNN-fog-1,ESP32->RPi,deserialize,116,0.081,8,esp32_edge_simulator_2,0,normal
20:07:19.922,418.5,gateway,gateway_fog_leader,raspberrypi,CNN-fog-1,ESP32->RPi,deserialize,81,0.128,8,esp32_edge_simulator_1,2,scan_A
20:07:24.229,422.8,gateway,gateway_fog_leader,raspberrypi,CNN-fog-1,ESP32->RPi,deserialize,118,0.139,8,esp32_edge_normal_1,0,normal
20:07:24.402,423.0,gateway,gateway_fog_leader,raspberrypi,CNN-fog-1,ESP32->RPi,deserialize,118,0.065,8,esp32_edge_simulator_2,0,normal
20:07:24.924,423.5,gateway,gateway_fog_leader,raspberrypi,CNN-fog-1,ESP32->RPi,deserialize,107,0.066,8,esp32_edge_simulator_1,2,scan_A
20:07:29.118,427.7,gateway,gateway_fog_leader,raspberrypi,CNN-fog-1,ESP32->RPi,deserialize,120,0.071,8,esp32_edge_normal_1,0,normal
20:07:29.329,427.9,gateway,gateway_fog_leader,raspberrypi,CNN-fog-1,ESP32->RPi,deserialize,119,0.065,8,esp32_edge_simulator_2,0,normal
20:07:29.922,428.5,gateway,gateway_fog_leader,raspberrypi,CNN-fog-1,ESP32->RPi,deserialize,109,0.138,8,esp32_edge_simulator_1,1,mqtt_bruteforce
20:07:34.156,432.7,gateway,gateway_fog_leader,raspberrypi,CNN-fog-1,ESP32->RPi,deserialize,115,0.135,8,esp32_edge_normal_1,0,normal
20:07:34.325,432.9,gateway,gateway_fog_leader,raspberrypi,CNN-fog-1,ESP32->RPi,deserialize,108,0.067,8,esp32_edge_simulator_2,2,scan_A
20:07:34.920,433.5,gateway,gateway_fog_leader,raspberrypi,CNN-fog-1,ESP32->RPi,deserialize,81,0.059,8,esp32_edge_simulator_1,2,scan_A
20:07:39.173,437.7,gateway,gateway_fog_leader,raspberrypi,CNN-fog-1,ESP32->RPi,deserialize,107,0.065,8,esp32_edge_normal_1,0,normal
20:07:39.326,437.9,gateway,gateway_fog_leader,raspberrypi,CNN-fog-1,ESP32->RPi,deserialize,107,0.135,8,esp32_edge_simulator_2,2,scan_A
20:07:39.923,438.5,gateway,gateway_fog_leader,raspberrypi,CNN-fog-1,ESP32->RPi,deserialize,110,0.135,8,esp32_edge_simulator_1,0,normal
20:07:44.192,442.8,gateway,gateway_fog_leader,raspberrypi,CNN-fog-1,ESP32->RPi,deserialize,121,0.14,8,esp32_edge_normal_1,0,normal
20:07:44.326,442.9,gateway,gateway_fog_leader,raspberrypi,CNN-fog-1,ESP32->RPi,deserialize,113,0.112,8,esp32_edge_simulator_2,1,mqtt_bruteforce
20:07:44.924,443.5,gateway,gateway_fog_leader,raspberrypi,CNN-fog-1,ESP32->RPi,deserialize,101,0.064,8,esp32_edge_simulator_1,2,scan_A
20:07:49.208,447.8,gateway,gateway_fog_leader,raspberrypi,CNN-fog-1,ESP32->RPi,deserialize,117,0.065,8,esp32_edge_normal_1,0,normal
20:07:49.325,447.9,gateway,gateway_fog_leader,raspberrypi,CNN-fog-1,ESP32->RPi,deserialize,107,0.067,8,esp32_edge_simulator_2,2,scan_A
20:07:50.442,449.0,gateway,gateway_fog_leader,raspberrypi,CNN-fog-1,RPi_peer->RPi_leader,deserialize,3692,0.229,8,,,
20:07:50.460,449.0,gateway,gateway_fog_leader,raspberrypi,CNN-fog-1,RPi_leader->PC,serialize,3719,0.446,8,,,
20:07:50.509,449.1,gateway,gateway_fog_leader,raspberrypi,CNN-fog-1,PC->RPi_leader,deserialize,3592,0.261,8,,,
20:07:50.520,449.1,gateway,gateway_fog_leader,raspberrypi,CNN-fog-1,RPi->ESP32,serialize,3592,0.387,9,,,
20:07:50.520,449.1,gateway,gateway_fog_leader,raspberrypi,CNN-fog-1,RPi_leader->RPi_peer,serialize,3592,0.298,9,,,
20:07:50.534,449.1,gateway,gateway_fog_leader,raspberrypi,CNN-fog-1,ESP32->RPi,deserialize,107,0.075,9,esp32_edge_simulator_1,2,scan_A
20:07:54.226,452.8,gateway,gateway_fog_leader,raspberrypi,CNN-fog-1,ESP32->RPi,deserialize,121,0.066,9,esp32_edge_normal_1,0,normal
20:07:54.328,452.9,gateway,gateway_fog_leader,raspberrypi,CNN-fog-1,ESP32->RPi,deserialize,121,0.065,9,esp32_edge_simulator_2,0,normal
20:07:54.921,453.5,gateway,gateway_fog_leader,raspberrypi,CNN-fog-1,ESP32->RPi,deserialize,110,0.216,9,esp32_edge_simulator_1,1,mqtt_bruteforce
20:07:59.142,457.7,gateway,gateway_fog_leader,raspberrypi,CNN-fog-1,ESP32->RPi,deserialize,118,0.139,9,esp32_edge_normal_1,0,normal
20:07:59.327,457.9,gateway,gateway_fog_leader,raspberrypi,CNN-fog-1,ESP32->RPi,deserialize,114,0.09,9,esp32_edge_simulator_2,1,mqtt_bruteforce
20:07:59.922,458.5,gateway,gateway_fog_leader,raspberrypi,CNN-fog-1,ESP32->RPi,deserialize,81,0.124,9,esp32_edge_simulator_1,2,scan_A
20:08:04.159,462.7,gateway,gateway_fog_leader,raspberrypi,CNN-fog-1,ESP32->RPi,deserialize,119,0.145,9,esp32_edge_normal_1,0,normal
20:08:04.327,462.9,gateway,gateway_fog_leader,raspberrypi,CNN-fog-1,ESP32->RPi,deserialize,120,0.096,9,esp32_edge_simulator_2,0,normal
20:08:04.922,463.5,gateway,gateway_fog_leader,raspberrypi,CNN-fog-1,ESP32->RPi,deserialize,119,0.138,9,esp32_edge_simulator_1,0,normal
20:08:09.176,467.7,gateway,gateway_fog_leader,raspberrypi,CNN-fog-1,ESP32->RPi,deserialize,116,0.065,9,esp32_edge_normal_1,0,normal
20:08:09.326,467.9,gateway,gateway_fog_leader,raspberrypi,CNN-fog-1,ESP32->RPi,deserialize,109,0.064,9,esp32_edge_simulator_2,0,normal
20:08:09.925,468.5,gateway,gateway_fog_leader,raspberrypi,CNN-fog-1,ESP32->RPi,deserialize,121,0.065,9,esp32_edge_simulator_1,0,normal
20:08:14.194,472.8,gateway,gateway_fog_leader,raspberrypi,CNN-fog-1,ESP32->RPi,deserialize,116,0.137,9,esp32_edge_normal_1,0,normal
20:08:14.325,472.9,gateway,gateway_fog_leader,raspberrypi,CNN-fog-1,ESP32->RPi,deserialize,105,0.111,9,esp32_edge_simulator_2,1,mqtt_bruteforce
20:08:14.921,473.5,gateway,gateway_fog_leader,raspberrypi,CNN-fog-1,ESP32->RPi,deserialize,81,0.122,9,esp32_edge_simulator_1,2,scan_A
20:08:19.117,477.7,gateway,gateway_fog_leader,raspberrypi,CNN-fog-1,ESP32->RPi,deserialize,120,0.065,9,esp32_edge_normal_1,0,normal
20:08:19.324,477.9,gateway,gateway_fog_leader,raspberrypi,CNN-fog-1,ESP32->RPi,deserialize,111,0.068,9,esp32_edge_simulator_2,1,mqtt_bruteforce
20:08:19.929,478.5,gateway,gateway_fog_leader,raspberrypi,CNN-fog-1,ESP32->RPi,deserialize,123,0.097,9,esp32_edge_simulator_1,0,normal
20:08:24.236,482.8,gateway,gateway_fog_leader,raspberrypi,CNN-fog-1,ESP32->RPi,deserialize,115,0.138,9,esp32_edge_normal_1,0,normal
20:08:24.409,483.0,gateway,gateway_fog_leader,raspberrypi,CNN-fog-1,ESP32->RPi,deserialize,119,0.089,9,esp32_edge_simulator_2,0,normal
20:08:24.926,483.5,gateway,gateway_fog_leader,raspberrypi,CNN-fog-1,ESP32->RPi,deserialize,120,0.139,9,esp32_edge_simulator_1,0,normal
20:08:29.118,487.7,gateway,gateway_fog_leader,raspberrypi,CNN-fog-1,ESP32->RPi,deserialize,119,0.066,9,esp32_edge_normal_1,0,normal
20:08:29.326,487.9,gateway,gateway_fog_leader,raspberrypi,CNN-fog-1,ESP32->RPi,deserialize,122,0.066,9,esp32_edge_simulator_2,0,normal
20:08:29.922,488.5,gateway,gateway_fog_leader,raspberrypi,CNN-fog-1,ESP32->RPi,deserialize,81,0.059,9,esp32_edge_simulator_1,2,scan_A
20:08:34.163,492.7,gateway,gateway_fog_leader,raspberrypi,CNN-fog-1,ESP32->RPi,deserialize,117,0.139,9,esp32_edge_normal_1,0,normal
20:08:34.324,492.9,gateway,gateway_fog_leader,raspberrypi,CNN-fog-1,ESP32->RPi,deserialize,81,0.09,9,esp32_edge_simulator_2,2,scan_A
20:08:34.922,493.5,gateway,gateway_fog_leader,raspberrypi,CNN-fog-1,ESP32->RPi,deserialize,111,0.144,9,esp32_edge_simulator_1,1,mqtt_bruteforce
20:08:39.180,497.8,gateway,gateway_fog_leader,raspberrypi,CNN-fog-1,ESP32->RPi,deserialize,117,0.137,9,esp32_edge_normal_1,0,normal
20:08:39.326,497.9,gateway,gateway_fog_leader,raspberrypi,CNN-fog-1,ESP32->RPi,deserialize,123,0.109,9,esp32_edge_simulator_2,0,normal
20:08:40.282,498.9,gateway,gateway_fog_leader,raspberrypi,CNN-fog-1,ESP32->RPi,deserialize,111,0.088,9,esp32_edge_simulator_1,1,mqtt_bruteforce
20:08:40.617,499.2,gateway,gateway_fog_leader,raspberrypi,CNN-fog-1,RPi_peer->RPi_leader,deserialize,3686,0.267,9,,,
20:08:40.619,499.2,gateway,gateway_fog_leader,raspberrypi,CNN-fog-1,RPi_leader->PC,serialize,3706,0.405,9,,,
20:08:40.669,499.2,gateway,gateway_fog_leader,raspberrypi,CNN-fog-1,PC->RPi_leader,deserialize,3579,0.325,9,,,
20:08:40.681,499.3,gateway,gateway_fog_leader,raspberrypi,CNN-fog-1,RPi->ESP32,serialize,3579,0.393,10,,,
20:08:40.682,499.3,gateway,gateway_fog_leader,raspberrypi,CNN-fog-1,RPi_leader->RPi_peer,serialize,3579,0.355,10,,,
20:08:44.117,502.7,gateway,gateway_fog_leader,raspberrypi,CNN-fog-1,ESP32->RPi,deserialize,120,0.066,10,esp32_edge_normal_1,0,normal
20:08:44.329,502.9,gateway,gateway_fog_leader,raspberrypi,CNN-fog-1,ESP32->RPi,deserialize,108,0.096,10,esp32_edge_simulator_2,2,scan_A
20:08:44.924,503.5,gateway,gateway_fog_leader,raspberrypi,CNN-fog-1,ESP32->RPi,deserialize,105,0.141,10,esp32_edge_simulator_1,2,scan_A
20:08:49.120,507.7,gateway,gateway_fog_leader,raspberrypi,CNN-fog-1,ESP32->RPi,deserialize,116,0.124,10,esp32_edge_normal_1,0,normal
20:08:49.326,507.9,gateway,gateway_fog_leader,raspberrypi,CNN-fog-1,ESP32->RPi,deserialize,122,0.066,10,esp32_edge_simulator_2,0,normal
20:08:49.921,508.5,gateway,gateway_fog_leader,raspberrypi,CNN-fog-1,ESP32->RPi,deserialize,112,0.066,10,esp32_edge_simulator_1,1,mqtt_bruteforce
20:08:54.131,512.7,gateway,gateway_fog_leader,raspberrypi,CNN-fog-1,ESP32->RPi,deserialize,120,0.065,10,esp32_edge_normal_1,0,normal
20:08:54.326,512.9,gateway,gateway_fog_leader,raspberrypi,CNN-fog-1,ESP32->RPi,deserialize,124,0.139,10,esp32_edge_simulator_2,0,normal
20:08:54.922,513.5,gateway,gateway_fog_leader,raspberrypi,CNN-fog-1,ESP32->RPi,deserialize,120,0.142,10,esp32_edge_simulator_1,0,normal
20:08:59.117,517.7,gateway,gateway_fog_leader,raspberrypi,CNN-fog-1,ESP32->RPi,deserialize,117,0.104,10,esp32_edge_normal_1,0,normal
20:08:59.325,517.9,gateway,gateway_fog_leader,raspberrypi,CNN-fog-1,ESP32->RPi,deserialize,113,0.065,10,esp32_edge_simulator_2,1,mqtt_bruteforce
20:08:59.922,518.5,gateway,gateway_fog_leader,raspberrypi,CNN-fog-1,ESP32->RPi,deserialize,120,0.066,10,esp32_edge_simulator_1,0,normal
20:09:04.167,522.7,gateway,gateway_fog_leader,raspberrypi,CNN-fog-1,ESP32->RPi,deserialize,120,0.137,10,esp32_edge_normal_1,0,normal
20:09:04.330,522.9,gateway,gateway_fog_leader,raspberrypi,CNN-fog-1,ESP32->RPi,deserialize,123,0.092,10,esp32_edge_simulator_2,0,normal
20:09:04.921,523.5,gateway,gateway_fog_leader,raspberrypi,CNN-fog-1,ESP32->RPi,deserialize,117,0.138,10,esp32_edge_simulator_1,0,normal
20:09:09.116,527.7,gateway,gateway_fog_leader,raspberrypi,CNN-fog-1,ESP32->RPi,deserialize,116,0.084,10,esp32_edge_normal_1,0,normal
20:09:09.326,527.9,gateway,gateway_fog_leader,raspberrypi,CNN-fog-1,ESP32->RPi,deserialize,111,0.088,10,esp32_edge_simulator_2,1,mqtt_bruteforce
20:09:09.919,528.5,gateway,gateway_fog_leader,raspberrypi,CNN-fog-1,ESP32->RPi,deserialize,118,0.138,10,esp32_edge_simulator_1,0,normal
20:09:14.119,532.7,gateway,gateway_fog_leader,raspberrypi,CNN-fog-1,ESP32->RPi,deserialize,120,0.138,10,esp32_edge_normal_1,0,normal
20:09:14.323,532.9,gateway,gateway_fog_leader,raspberrypi,CNN-fog-1,ESP32->RPi,deserialize,105,0.089,10,esp32_edge_simulator_2,2,scan_A
20:09:14.920,533.5,gateway,gateway_fog_leader,raspberrypi,CNN-fog-1,ESP32->RPi,deserialize,102,0.138,10,esp32_edge_simulator_1,2,scan_A
20:09:19.118,537.7,gateway,gateway_fog_leader,raspberrypi,CNN-fog-1,ESP32->RPi,deserialize,120,0.138,10,esp32_edge_normal_1,0,normal
20:09:19.324,537.9,gateway,gateway_fog_leader,raspberrypi,CNN-fog-1,ESP32->RPi,deserialize,117,0.093,10,esp32_edge_simulator_2,0,normal
20:09:19.919,538.5,gateway,gateway_fog_leader,raspberrypi,CNN-fog-1,ESP32->RPi,deserialize,111,0.142,10,esp32_edge_simulator_1,1,mqtt_bruteforce
20:09:24.117,542.7,gateway,gateway_fog_leader,raspberrypi,CNN-fog-1,ESP32->RPi,deserialize,118,0.136,10,esp32_edge_normal_1,0,normal
20:09:24.418,543.0,gateway,gateway_fog_leader,raspberrypi,CNN-fog-1,ESP32->RPi,deserialize,107,0.061,10,esp32_edge_simulator_2,2,scan_A
20:09:26.227,544.8,gateway,gateway_fog_leader,raspberrypi,CNN-fog-1,ESP32->RPi,deserialize,107,0.068,10,esp32_edge_simulator_1,2,scan_A
20:09:29.152,547.7,gateway,gateway_fog_leader,raspberrypi,CNN-fog-1,ESP32->RPi,deserialize,107,0.064,10,esp32_edge_normal_1,0,normal
20:09:29.325,547.9,gateway,gateway_fog_leader,raspberrypi,CNN-fog-1,ESP32->RPi,deserialize,123,0.137,10,esp32_edge_simulator_2,0,normal
20:09:30.310,548.9,gateway,gateway_fog_leader,raspberrypi,CNN-fog-1,ESP32->RPi,deserialize,112,0.117,10,esp32_edge_simulator_1,1,mqtt_bruteforce
20:09:30.549,549.1,gateway,gateway_fog_leader,raspberrypi,CNN-fog-1,RPi_peer->RPi_leader,deserialize,3692,0.231,10,,,
20:09:30.552,549.1,gateway,gateway_fog_leader,raspberrypi,CNN-fog-1,RPi_leader->PC,serialize,3702,0.361,10,,,
20:09:30.651,549.2,gateway,gateway_fog_leader,raspberrypi,CNN-fog-1,PC->RPi_leader,deserialize,3589,0.215,10,,,
20:09:30.657,549.2,gateway,gateway_fog_leader,raspberrypi,CNN-fog-1,RPi->ESP32,serialize,3589,0.423,11,,,
20:09:30.659,549.2,gateway,gateway_fog_leader,raspberrypi,CNN-fog-1,RPi_leader->RPi_peer,serialize,3589,0.325,11,,,
20:09:34.170,552.7,gateway,gateway_fog_leader,raspberrypi,CNN-fog-1,ESP32->RPi,deserialize,120,0.069,11,esp32_edge_normal_1,0,normal
20:09:34.326,552.9,gateway,gateway_fog_leader,raspberrypi,CNN-fog-1,ESP32->RPi,deserialize,112,0.069,11,esp32_edge_simulator_2,1,mqtt_bruteforce
20:09:34.919,553.5,gateway,gateway_fog_leader,raspberrypi,CNN-fog-1,ESP32->RPi,deserialize,118,0.143,11,esp32_edge_simulator_1,0,normal
20:09:39.188,557.8,gateway,gateway_fog_leader,raspberrypi,CNN-fog-1,ESP32->RPi,deserialize,121,0.142,11,esp32_edge_normal_1,0,normal
20:09:39.324,557.9,gateway,gateway_fog_leader,raspberrypi,CNN-fog-1,ESP32->RPi,deserialize,108,0.095,11,esp32_edge_simulator_2,2,scan_A
20:09:39.918,558.5,gateway,gateway_fog_leader,raspberrypi,CNN-fog-1,ESP32->RPi,deserialize,113,0.122,11,esp32_edge_simulator_1,1,mqtt_bruteforce
20:09:44.206,562.8,gateway,gateway_fog_leader,raspberrypi,CNN-fog-1,ESP32->RPi,deserialize,121,0.142,11,esp32_edge_normal_1,0,normal
20:09:44.323,562.9,gateway,gateway_fog_leader,raspberrypi,CNN-fog-1,ESP32->RPi,deserialize,110,0.11,11,esp32_edge_simulator_2,1,mqtt_bruteforce
20:09:44.925,563.5,gateway,gateway_fog_leader,raspberrypi,CNN-fog-1,ESP32->RPi,deserialize,120,0.143,11,esp32_edge_simulator_1,0,normal
20:09:49.224,567.8,gateway,gateway_fog_leader,raspberrypi,CNN-fog-1,ESP32->RPi,deserialize,114,0.144,11,esp32_edge_normal_1,0,normal
20:09:49.325,567.9,gateway,gateway_fog_leader,raspberrypi,CNN-fog-1,ESP32->RPi,deserialize,119,0.1,11,esp32_edge_simulator_2,0,normal
20:09:49.919,568.5,gateway,gateway_fog_leader,raspberrypi,CNN-fog-1,ESP32->RPi,deserialize,123,0.139,11,esp32_edge_simulator_1,0,normal
20:09:54.139,572.7,gateway,gateway_fog_leader,raspberrypi,CNN-fog-1,ESP32->RPi,deserialize,115,0.138,11,esp32_edge_normal_1,0,normal
20:09:54.322,572.9,gateway,gateway_fog_leader,raspberrypi,CNN-fog-1,ESP32->RPi,deserialize,112,0.09,11,esp32_edge_simulator_2,1,mqtt_bruteforce
20:09:54.921,573.5,gateway,gateway_fog_leader,raspberrypi,CNN-fog-1,ESP32->RPi,deserialize,123,0.14,11,esp32_edge_simulator_1,0,normal
20:09:59.157,577.7,gateway,gateway_fog_leader,raspberrypi,CNN-fog-1,ESP32->RPi,deserialize,121,0.14,11,esp32_edge_normal_1,0,normal
20:09:59.323,577.9,gateway,gateway_fog_leader,raspberrypi,CNN-fog-1,ESP32->RPi,deserialize,113,0.094,11,esp32_edge_simulator_2,0,normal
20:09:59.920,578.5,gateway,gateway_fog_leader,raspberrypi,CNN-fog-1,ESP32->RPi,deserialize,114,0.14,11,esp32_edge_simulator_1,0,normal
20:10:04.174,582.7,gateway,gateway_fog_leader,raspberrypi,CNN-fog-1,ESP32->RPi,deserialize,114,0.136,11,esp32_edge_normal_1,0,normal
20:10:04.321,582.9,gateway,gateway_fog_leader,raspberrypi,CNN-fog-1,ESP32->RPi,deserialize,113,0.083,11,esp32_edge_simulator_2,1,mqtt_bruteforce
20:10:04.930,583.5,gateway,gateway_fog_leader,raspberrypi,CNN-fog-1,ESP32->RPi,deserialize,121,0.138,11,esp32_edge_simulator_1,0,normal
20:10:09.192,587.8,gateway,gateway_fog_leader,raspberrypi,CNN-fog-1,ESP32->RPi,deserialize,116,0.124,11,esp32_edge_normal_1,0,normal
20:10:09.325,587.9,gateway,gateway_fog_leader,raspberrypi,CNN-fog-1,ESP32->RPi,deserialize,118,0.101,11,esp32_edge_simulator_2,0,normal
20:10:09.920,588.5,gateway,gateway_fog_leader,raspberrypi,CNN-fog-1,ESP32->RPi,deserialize,120,0.136,11,esp32_edge_simulator_1,0,normal
20:10:14.210,592.8,gateway,gateway_fog_leader,raspberrypi,CNN-fog-1,ESP32->RPi,deserialize,116,0.137,11,esp32_edge_normal_1,0,normal
20:10:14.324,592.9,gateway,gateway_fog_leader,raspberrypi,CNN-fog-1,ESP32->RPi,deserialize,122,0.121,11,esp32_edge_simulator_2,0,normal
20:10:14.918,593.5,gateway,gateway_fog_leader,raspberrypi,CNN-fog-1,ESP32->RPi,deserialize,120,0.122,11,esp32_edge_simulator_1,0,normal
20:10:19.126,597.7,gateway,gateway_fog_leader,raspberrypi,CNN-fog-1,ESP32->RPi,deserialize,120,0.14,11,esp32_edge_normal_1,0,normal
20:10:19.324,597.9,gateway,gateway_fog_leader,raspberrypi,CNN-fog-1,ESP32->RPi,deserialize,110,0.084,11,esp32_edge_simulator_2,1,mqtt_bruteforce
20:10:20.376,598.9,gateway,gateway_fog_leader,raspberrypi,CNN-fog-1,RPi_peer->RPi_leader,deserialize,3695,0.227,11,,,
20:10:20.458,599.0,gateway,gateway_fog_leader,raspberrypi,CNN-fog-1,RPi_leader->PC,serialize,3698,0.394,11,,,
20:10:20.522,599.1,gateway,gateway_fog_leader,raspberrypi,CNN-fog-1,PC->RPi_leader,deserialize,3570,0.232,11,,,
20:10:20.529,599.1,gateway,gateway_fog_leader,raspberrypi,CNN-fog-1,RPi->ESP32,serialize,3570,0.5,12,,,
20:10:20.530,599.1,gateway,gateway_fog_leader,raspberrypi,CNN-fog-1,RPi_leader->RPi_peer,serialize,3570,0.37,12,,,
20:10:20.544,599.1,gateway,gateway_fog_leader,raspberrypi,CNN-fog-1,ESP32->RPi,deserialize,111,0.072,12,esp32_edge_simulator_1,1,mqtt_bruteforce
20:10:24.117,602.7,gateway,gateway_fog_leader,raspberrypi,CNN-fog-1,ESP32->RPi,deserialize,117,0.063,12,esp32_edge_normal_1,0,normal
20:10:24.420,603.0,gateway,gateway_fog_leader,raspberrypi,CNN-fog-1,ESP32->RPi,deserialize,118,0.065,12,esp32_edge_simulator_2,0,normal
20:10:24.942,603.5,gateway,gateway_fog_leader,raspberrypi,CNN-fog-1,ESP32->RPi,deserialize,120,0.139,12,esp32_edge_simulator_1,0,normal
20:10:29.160,607.7,gateway,gateway_fog_leader,raspberrypi,CNN-fog-1,ESP32->RPi,deserialize,118,0.066,12,esp32_edge_normal_1,0,normal
20:10:29.329,607.9,gateway,gateway_fog_leader,raspberrypi,CNN-fog-1,ESP32->RPi,deserialize,124,0.067,12,esp32_edge_simulator_2,0,normal
20:10:29.916,608.5,gateway,gateway_fog_leader,raspberrypi,CNN-fog-1,ESP32->RPi,deserialize,119,0.066,12,esp32_edge_simulator_1,0,normal
20:10:34.179,612.8,gateway,gateway_fog_leader,raspberrypi,CNN-fog-1,ESP32->RPi,deserialize,114,0.135,12,esp32_edge_normal_1,0,normal
20:10:34.324,612.9,gateway,gateway_fog_leader,raspberrypi,CNN-fog-1,ESP32->RPi,deserialize,118,0.109,12,esp32_edge_simulator_2,0,normal
20:10:34.923,613.5,gateway,gateway_fog_leader,raspberrypi,CNN-fog-1,ESP32->RPi,deserialize,112,0.123,12,esp32_edge_simulator_1,1,mqtt_bruteforce
20:10:39.197,617.8,gateway,gateway_fog_leader,raspberrypi,CNN-fog-1,ESP32->RPi,deserialize,117,0.137,12,esp32_edge_normal_1,0,normal
20:10:39.327,617.9,gateway,gateway_fog_leader,raspberrypi,CNN-fog-1,ESP32->RPi,deserialize,112,0.095,12,esp32_edge_simulator_2,1,mqtt_bruteforce
20:10:39.915,618.5,gateway,gateway_fog_leader,raspberrypi,CNN-fog-1,ESP32->RPi,deserialize,107,0.133,12,esp32_edge_simulator_1,1,mqtt_bruteforce
20:10:44.214,622.8,gateway,gateway_fog_leader,raspberrypi,CNN-fog-1,ESP32->RPi,deserialize,117,0.141,12,esp32_edge_normal_1,0,normal
20:10:44.325,622.9,gateway,gateway_fog_leader,raspberrypi,CNN-fog-1,ESP32->RPi,deserialize,109,0.317,12,esp32_edge_simulator_2,1,mqtt_bruteforce
20:10:44.916,623.5,gateway,gateway_fog_leader,raspberrypi,CNN-fog-1,ESP32->RPi,deserialize,113,0.066,12,esp32_edge_simulator_1,1,mqtt_bruteforce
20:10:49.629,628.2,gateway,gateway_fog_leader,raspberrypi,CNN-fog-1,ESP32->RPi,deserialize,121,0.228,12,esp32_edge_simulator_2,0,normal
20:10:49.915,628.5,gateway,gateway_fog_leader,raspberrypi,CNN-fog-1,ESP32->RPi,deserialize,107,0.105,12,esp32_edge_simulator_1,1,mqtt_bruteforce
20:10:50.400,629.0,gateway,gateway_fog_leader,raspberrypi,CNN-fog-1,ESP32->RPi,deserialize,120,0.13,12,esp32_edge_normal_1,0,normal
20:10:54.146,632.7,gateway,gateway_fog_leader,raspberrypi,CNN-fog-1,ESP32->RPi,deserialize,114,0.065,12,esp32_edge_normal_1,0,normal
20:10:54.320,632.9,gateway,gateway_fog_leader,raspberrypi,CNN-fog-1,ESP32->RPi,deserialize,113,0.066,12,esp32_edge_simulator_2,1,mqtt_bruteforce
20:10:54.924,633.5,gateway,gateway_fog_leader,raspberrypi,CNN-fog-1,ESP32->RPi,deserialize,119,0.065,12,esp32_edge_simulator_1,0,normal
20:10:59.164,637.7,gateway,gateway_fog_leader,raspberrypi,CNN-fog-1,ESP32->RPi,deserialize,115,0.14,12,esp32_edge_normal_1,0,normal
20:10:59.321,637.9,gateway,gateway_fog_leader,raspberrypi,CNN-fog-1,ESP32->RPi,deserialize,106,0.104,12,esp32_edge_simulator_2,2,scan_A
20:10:59.917,638.5,gateway,gateway_fog_leader,raspberrypi,CNN-fog-1,ESP32->RPi,deserialize,107,0.134,12,esp32_edge_simulator_1,2,scan_A
20:11:04.116,642.7,gateway,gateway_fog_leader,raspberrypi,CNN-fog-1,ESP32->RPi,deserialize,118,0.14,12,esp32_edge_normal_1,0,normal
20:11:04.321,642.9,gateway,gateway_fog_leader,raspberrypi,CNN-fog-1,ESP32->RPi,deserialize,81,0.059,12,esp32_edge_simulator_2,2,scan_A
20:11:04.923,643.5,gateway,gateway_fog_leader,raspberrypi,CNN-fog-1,ESP32->RPi,deserialize,124,0.066,12,esp32_edge_simulator_1,0,normal
20:11:09.198,647.8,gateway,gateway_fog_leader,raspberrypi,CNN-fog-1,ESP32->RPi,deserialize,121,0.066,12,esp32_edge_normal_1,0,normal
20:11:09.321,647.9,gateway,gateway_fog_leader,raspberrypi,CNN-fog-1,ESP32->RPi,deserialize,111,0.139,12,esp32_edge_simulator_2,1,mqtt_bruteforce
20:11:10.304,648.9,gateway,gateway_fog_leader,raspberrypi,CNN-fog-1,ESP32->RPi,deserialize,111,0.139,12,esp32_edge_simulator_1,1,mqtt_bruteforce
20:11:10.421,649.0,gateway,gateway_fog_leader,raspberrypi,CNN-fog-1,RPi_peer->RPi_leader,deserialize,3706,0.236,12,,,
20:11:10.423,649.0,gateway,gateway_fog_leader,raspberrypi,CNN-fog-1,RPi_leader->PC,serialize,3719,0.379,12,,,
20:11:10.495,649.1,gateway,gateway_fog_leader,raspberrypi,CNN-fog-1,PC->RPi_leader,deserialize,3592,0.269,12,,,
20:11:10.504,649.1,gateway,gateway_fog_leader,raspberrypi,CNN-fog-1,RPi->ESP32,serialize,3592,0.394,13,,,
20:11:10.505,649.1,gateway,gateway_fog_leader,raspberrypi,CNN-fog-1,RPi_leader->RPi_peer,serialize,3592,0.483,13,,,
20:11:14.114,652.7,gateway,gateway_fog_leader,raspberrypi,CNN-fog-1,ESP32->RPi,deserialize,121,0.067,13,esp32_edge_normal_1,0,normal
20:11:14.320,652.9,gateway,gateway_fog_leader,raspberrypi,CNN-fog-1,ESP32->RPi,deserialize,105,0.067,13,esp32_edge_simulator_2,2,scan_A
20:11:14.914,653.5,gateway,gateway_fog_leader,raspberrypi,CNN-fog-1,ESP32->RPi,deserialize,108,0.134,13,esp32_edge_simulator_1,2,scan_A
20:11:19.135,657.7,gateway,gateway_fog_leader,raspberrypi,CNN-fog-1,ESP32->RPi,deserialize,115,0.14,13,esp32_edge_normal_1,0,normal
20:11:19.322,657.9,gateway,gateway_fog_leader,raspberrypi,CNN-fog-1,ESP32->RPi,deserialize,111,0.094,13,esp32_edge_simulator_2,1,mqtt_bruteforce
20:11:19.919,658.5,gateway,gateway_fog_leader,raspberrypi,CNN-fog-1,ESP32->RPi,deserialize,112,0.125,13,esp32_edge_simulator_1,1,mqtt_bruteforce
20:11:24.115,662.7,gateway,gateway_fog_leader,raspberrypi,CNN-fog-1,ESP32->RPi,deserialize,119,0.138,13,esp32_edge_normal_1,0,normal
20:11:24.426,663.0,gateway,gateway_fog_leader,raspberrypi,CNN-fog-1,ESP32->RPi,deserialize,107,0.065,13,esp32_edge_simulator_2,2,scan_A
20:11:24.948,663.5,gateway,gateway_fog_leader,raspberrypi,CNN-fog-1,ESP32->RPi,deserialize,112,0.068,13,esp32_edge_simulator_1,1,mqtt_bruteforce
20:11:29.111,667.7,gateway,gateway_fog_leader,raspberrypi,CNN-fog-1,ESP32->RPi,deserialize,115,0.065,13,esp32_edge_normal_1,0,normal
20:11:29.322,667.9,gateway,gateway_fog_leader,raspberrypi,CNN-fog-1,ESP32->RPi,deserialize,120,0.138,13,esp32_edge_simulator_2,0,normal
20:11:29.916,668.5,gateway,gateway_fog_leader,raspberrypi,CNN-fog-1,ESP32->RPi,deserialize,120,0.131,13,esp32_edge_simulator_1,0,normal
20:11:34.187,672.8,gateway,gateway_fog_leader,raspberrypi,CNN-fog-1,ESP32->RPi,deserialize,120,0.12,13,esp32_edge_normal_1,0,normal
20:11:34.320,672.9,gateway,gateway_fog_leader,raspberrypi,CNN-fog-1,ESP32->RPi,deserialize,108,0.105,13,esp32_edge_simulator_2,1,mqtt_bruteforce
20:11:34.915,673.5,gateway,gateway_fog_leader,raspberrypi,CNN-fog-1,ESP32->RPi,deserialize,100,0.103,13,esp32_edge_simulator_1,2,scan_A
20:11:39.113,677.7,gateway,gateway_fog_leader,raspberrypi,CNN-fog-1,ESP32->RPi,deserialize,120,0.121,13,esp32_edge_normal_1,0,normal
20:11:39.320,677.9,gateway,gateway_fog_leader,raspberrypi,CNN-fog-1,ESP32->RPi,deserialize,101,0.096,13,esp32_edge_simulator_2,2,scan_A
20:11:39.915,678.5,gateway,gateway_fog_leader,raspberrypi,CNN-fog-1,ESP32->RPi,deserialize,105,0.117,13,esp32_edge_simulator_1,2,scan_A
20:11:44.111,682.7,gateway,gateway_fog_leader,raspberrypi,CNN-fog-1,ESP32->RPi,deserialize,121,0.061,13,esp32_edge_normal_1,0,normal
20:11:44.320,682.9,gateway,gateway_fog_leader,raspberrypi,CNN-fog-1,ESP32->RPi,deserialize,113,0.109,13,esp32_edge_simulator_2,1,mqtt_bruteforce
20:11:44.915,683.5,gateway,gateway_fog_leader,raspberrypi,CNN-fog-1,ESP32->RPi,deserialize,107,0.062,13,esp32_edge_simulator_1,2,scan_A
20:11:49.136,687.7,gateway,gateway_fog_leader,raspberrypi,CNN-fog-1,ESP32->RPi,deserialize,115,0.12,13,esp32_edge_normal_1,0,normal
20:11:49.319,687.9,gateway,gateway_fog_leader,raspberrypi,CNN-fog-1,ESP32->RPi,deserialize,110,0.08,13,esp32_edge_simulator_2,1,mqtt_bruteforce
20:11:49.916,688.5,gateway,gateway_fog_leader,raspberrypi,CNN-fog-1,ESP32->RPi,deserialize,118,0.11,13,esp32_edge_simulator_1,0,normal
20:11:54.112,692.7,gateway,gateway_fog_leader,raspberrypi,CNN-fog-1,ESP32->RPi,deserialize,119,0.085,13,esp32_edge_normal_1,0,normal
20:11:54.321,692.9,gateway,gateway_fog_leader,raspberrypi,CNN-fog-1,ESP32->RPi,deserialize,102,0.077,13,esp32_edge_simulator_2,2,scan_A
20:11:54.915,693.5,gateway,gateway_fog_leader,raspberrypi,CNN-fog-1,ESP32->RPi,deserialize,124,0.12,13,esp32_edge_simulator_1,0,normal
20:11:59.113,697.7,gateway,gateway_fog_leader,raspberrypi,CNN-fog-1,ESP32->RPi,deserialize,118,0.121,13,esp32_edge_normal_1,0,normal
20:11:59.319,697.9,gateway,gateway_fog_leader,raspberrypi,CNN-fog-1,ESP32->RPi,deserialize,104,0.099,13,esp32_edge_simulator_2,1,mqtt_bruteforce
20:12:00.195,698.8,gateway,gateway_fog_leader,raspberrypi,CNN-fog-1,ESP32->RPi,deserialize,120,0.097,13,esp32_edge_simulator_1,0,normal
20:12:00.423,699.0,gateway,gateway_fog_leader,raspberrypi,CNN-fog-1,RPi_peer->RPi_leader,deserialize,3688,0.228,13,,,
20:12:00.426,699.0,gateway,gateway_fog_leader,raspberrypi,CNN-fog-1,RPi_leader->PC,serialize,3704,0.478,13,,,
20:12:04.114,702.7,gateway,gateway_fog_leader,raspberrypi,CNN-fog-1,ESP32->RPi,deserialize,118,0.064,13,esp32_edge_normal_1,0,normal
20:12:04.318,702.9,gateway,gateway_fog_leader,raspberrypi,CNN-fog-1,ESP32->RPi,deserialize,107,0.064,13,esp32_edge_simulator_2,2,scan_A
20:12:04.913,703.5,gateway,gateway_fog_leader,raspberrypi,CNN-fog-1,ESP32->RPi,deserialize,108,0.064,13,esp32_edge_simulator_1,1,mqtt_bruteforce
20:12:09.111,707.7,gateway,gateway_fog_leader,raspberrypi,CNN-fog-1,ESP32->RPi,deserialize,115,0.065,13,esp32_edge_normal_1,0,normal
20:12:09.318,707.9,gateway,gateway_fog_leader,raspberrypi,CNN-fog-1,ESP32->RPi,deserialize,111,0.064,13,esp32_edge_simulator_2,1,mqtt_bruteforce
20:12:09.916,708.5,gateway,gateway_fog_leader,raspberrypi,CNN-fog-1,ESP32->RPi,deserialize,121,0.125,13,esp32_edge_simulator_1,0,normal
20:12:14.111,712.7,gateway,gateway_fog_leader,raspberrypi,CNN-fog-1,ESP32->RPi,deserialize,115,0.129,13,esp32_edge_normal_1,0,normal
20:12:14.318,712.9,gateway,gateway_fog_leader,raspberrypi,CNN-fog-1,ESP32->RPi,deserialize,106,0.102,13,esp32_edge_simulator_2,1,mqtt_bruteforce
20:12:14.912,713.5,gateway,gateway_fog_leader,raspberrypi,CNN-fog-1,ESP32->RPi,deserialize,108,0.123,13,esp32_edge_simulator_1,2,scan_A
20:12:19.111,717.7,gateway,gateway_fog_leader,raspberrypi,CNN-fog-1,ESP32->RPi,deserialize,114,0.125,13,esp32_edge_normal_1,0,normal
20:12:19.319,717.9,gateway,gateway_fog_leader,raspberrypi,CNN-fog-1,ESP32->RPi,deserialize,81,0.075,13,esp32_edge_simulator_2,2,scan_A
20:12:19.913,718.5,gateway,gateway_fog_leader,raspberrypi,CNN-fog-1,ESP32->RPi,deserialize,81,0.15,13,esp32_edge_simulator_1,2,scan_A
20:12:24.112,722.7,gateway,gateway_fog_leader,raspberrypi,CNN-fog-1,ESP32->RPi,deserialize,116,0.118,13,esp32_edge_normal_1,0,normal
20:12:24.434,723.0,gateway,gateway_fog_leader,raspberrypi,CNN-fog-1,ESP32->RPi,deserialize,107,0.117,13,esp32_edge_simulator_2,2,scan_A
20:12:26.228,724.8,gateway,gateway_fog_leader,raspberrypi,CNN-fog-1,ESP32->RPi,deserialize,122,0.063,13,esp32_edge_simulator_1,0,normal
20:12:29.135,727.7,gateway,gateway_fog_leader,raspberrypi,CNN-fog-1,ESP32->RPi,deserialize,120,0.061,13,esp32_edge_normal_1,0,normal
20:12:29.321,727.9,gateway,gateway_fog_leader,raspberrypi,CNN-fog-1,ESP32->RPi,deserialize,123,0.061,13,esp32_edge_simulator_2,0,normal
20:12:29.912,728.5,gateway,gateway_fog_leader,raspberrypi,CNN-fog-1,ESP32->RPi,deserialize,111,0.062,13,esp32_edge_simulator_1,1,mqtt_bruteforce
20:12:34.114,732.7,gateway,gateway_fog_leader,raspberrypi,CNN-fog-1,ESP32->RPi,deserialize,115,0.12,13,esp32_edge_normal_1,0,normal
20:12:34.319,732.9,gateway,gateway_fog_leader,raspberrypi,CNN-fog-1,ESP32->RPi,deserialize,108,0.091,13,esp32_edge_simulator_2,2,scan_A
20:12:34.913,733.5,gateway,gateway_fog_leader,raspberrypi,CNN-fog-1,ESP32->RPi,deserialize,112,0.121,13,esp32_edge_simulator_1,1,mqtt_bruteforce
20:12:39.111,737.7,gateway,gateway_fog_leader,raspberrypi,CNN-fog-1,ESP32->RPi,deserialize,115,0.161,13,esp32_edge_normal_1,0,normal
20:12:39.318,737.9,gateway,gateway_fog_leader,raspberrypi,CNN-fog-1,ESP32->RPi,deserialize,81,0.078,13,esp32_edge_simulator_2,2,scan_A
20:12:39.914,738.5,gateway,gateway_fog_leader,raspberrypi,CNN-fog-1,ESP32->RPi,deserialize,119,0.123,13,esp32_edge_simulator_1,0,normal
20:12:44.125,742.7,gateway,gateway_fog_leader,raspberrypi,CNN-fog-1,ESP32->RPi,deserialize,119,0.184,13,esp32_edge_normal_1,0,normal
20:12:45.215,743.8,gateway,gateway_fog_leader,raspberrypi,CNN-fog-1,ESP32->RPi,deserialize,123,0.118,13,esp32_edge_simulator_1,0,normal
20:12:45.624,744.2,gateway,gateway_fog_leader,raspberrypi,CNN-fog-1,ESP32->RPi,deserialize,122,0.089,13,esp32_edge_simulator_2,0,normal
20:12:49.109,747.7,gateway,gateway_fog_leader,raspberrypi,CNN-fog-1,ESP32->RPi,deserialize,114,0.061,13,esp32_edge_normal_1,0,normal
20:12:49.319,747.9,gateway,gateway_fog_leader,raspberrypi,CNN-fog-1,ESP32->RPi,deserialize,123,0.061,13,esp32_edge_simulator_2,0,normal
20:12:50.169,748.7,gateway,gateway_fog_leader,raspberrypi,CNN-fog-1,ESP32->RPi,deserialize,118,0.106,13,esp32_edge_simulator_1,0,normal
20:12:50.524,749.1,gateway,gateway_fog_leader,raspberrypi,CNN-fog-1,RPi_peer->RPi_leader,deserialize,3695,0.225,13,,,
20:12:50.527,749.1,gateway,gateway_fog_leader,raspberrypi,CNN-fog-1,RPi_leader->PC,serialize,3717,0.361,13,,,
20:12:54.112,752.7,gateway,gateway_fog_leader,raspberrypi,CNN-fog-1,ESP32->RPi,deserialize,114,0.129,13,esp32_edge_normal_1,0,normal
20:12:54.320,752.9,gateway,gateway_fog_leader,raspberrypi,CNN-fog-1,ESP32->RPi,deserialize,112,0.125,13,esp32_edge_simulator_2,0,normal
20:12:54.915,753.5,gateway,gateway_fog_leader,raspberrypi,CNN-fog-1,ESP32->RPi,deserialize,118,0.065,13,esp32_edge_simulator_1,0,normal
20:12:59.110,757.7,gateway,gateway_fog_leader,raspberrypi,CNN-fog-1,ESP32->RPi,deserialize,117,0.065,13,esp32_edge_normal_1,0,normal
20:12:59.317,757.9,gateway,gateway_fog_leader,raspberrypi,CNN-fog-1,ESP32->RPi,deserialize,103,0.066,13,esp32_edge_simulator_2,2,scan_A
20:12:59.911,758.5,gateway,gateway_fog_leader,raspberrypi,CNN-fog-1,ESP32->RPi,deserialize,108,0.125,13,esp32_edge_simulator_1,1,mqtt_bruteforce
20:13:04.110,762.7,gateway,gateway_fog_leader,raspberrypi,CNN-fog-1,ESP32->RPi,deserialize,116,0.123,13,esp32_edge_normal_1,0,normal
20:13:04.320,762.9,gateway,gateway_fog_leader,raspberrypi,CNN-fog-1,ESP32->RPi,deserialize,109,0.065,13,esp32_edge_simulator_2,1,mqtt_bruteforce
20:13:04.912,763.5,gateway,gateway_fog_leader,raspberrypi,CNN-fog-1,ESP32->RPi,deserialize,114,0.061,13,esp32_edge_simulator_1,1,mqtt_bruteforce
20:13:09.111,767.7,gateway,gateway_fog_leader,raspberrypi,CNN-fog-1,ESP32->RPi,deserialize,111,0.064,13,esp32_edge_normal_1,0,normal
20:13:09.320,767.9,gateway,gateway_fog_leader,raspberrypi,CNN-fog-1,ESP32->RPi,deserialize,124,0.118,13,esp32_edge_simulator_2,0,normal
20:13:09.915,768.5,gateway,gateway_fog_leader,raspberrypi,CNN-fog-1,ESP32->RPi,deserialize,120,0.119,13,esp32_edge_simulator_1,0,normal
20:13:14.112,772.7,gateway,gateway_fog_leader,raspberrypi,CNN-fog-1,ESP32->RPi,deserialize,111,0.121,13,esp32_edge_normal_1,0,normal
20:13:14.318,772.9,gateway,gateway_fog_leader,raspberrypi,CNN-fog-1,ESP32->RPi,deserialize,112,0.122,13,esp32_edge_simulator_2,1,mqtt_bruteforce
20:13:14.913,773.5,gateway,gateway_fog_leader,raspberrypi,CNN-fog-1,ESP32->RPi,deserialize,117,0.12,13,esp32_edge_simulator_1,0,normal
20:13:19.111,777.7,gateway,gateway_fog_leader,raspberrypi,CNN-fog-1,ESP32->RPi,deserialize,121,0.119,13,esp32_edge_normal_1,0,normal
20:13:19.317,777.9,gateway,gateway_fog_leader,raspberrypi,CNN-fog-1,ESP32->RPi,deserialize,114,0.083,13,esp32_edge_simulator_2,1,mqtt_bruteforce
20:13:19.914,778.5,gateway,gateway_fog_leader,raspberrypi,CNN-fog-1,ESP32->RPi,deserialize,105,0.115,13,esp32_edge_simulator_1,2,scan_A
20:13:24.112,782.7,gateway,gateway_fog_leader,raspberrypi,CNN-fog-1,ESP32->RPi,deserialize,114,0.119,13,esp32_edge_normal_1,0,normal
20:13:24.443,783.0,gateway,gateway_fog_leader,raspberrypi,CNN-fog-1,ESP32->RPi,deserialize,121,0.119,13,esp32_edge_simulator_2,0,normal
20:13:24.966,783.5,gateway,gateway_fog_leader,raspberrypi,CNN-fog-1,ESP32->RPi,deserialize,117,0.124,13,esp32_edge_simulator_1,0,normal
20:13:29.109,787.7,gateway,gateway_fog_leader,raspberrypi,CNN-fog-1,ESP32->RPi,deserialize,119,0.062,13,esp32_edge_normal_1,0,normal
20:13:29.319,787.9,gateway,gateway_fog_leader,raspberrypi,CNN-fog-1,ESP32->RPi,deserialize,121,0.062,13,esp32_edge_simulator_2,0,normal
20:13:29.909,788.5,gateway,gateway_fog_leader,raspberrypi,CNN-fog-1,ESP32->RPi,deserialize,81,0.056,13,esp32_edge_simulator_1,2,scan_A
20:13:34.110,792.7,gateway,gateway_fog_leader,raspberrypi,CNN-fog-1,ESP32->RPi,deserialize,118,0.065,13,esp32_edge_normal_1,0,normal
20:13:34.316,792.9,gateway,gateway_fog_leader,raspberrypi,CNN-fog-1,ESP32->RPi,deserialize,113,0.064,13,esp32_edge_simulator_2,1,mqtt_bruteforce
20:13:34.910,793.5,gateway,gateway_fog_leader,raspberrypi,CNN-fog-1,ESP32->RPi,deserialize,104,0.065,13,esp32_edge_simulator_1,1,mqtt_bruteforce
20:13:39.217,797.8,gateway,gateway_fog_leader,raspberrypi,CNN-fog-1,ESP32->RPi,deserialize,120,0.135,13,esp32_edge_normal_1,0,normal
20:13:39.319,797.9,gateway,gateway_fog_leader,raspberrypi,CNN-fog-1,ESP32->RPi,deserialize,107,0.136,13,esp32_edge_simulator_2,2,scan_A
20:13:40.413,799.0,gateway,gateway_fog_leader,raspberrypi,CNN-fog-1,ESP32->RPi,deserialize,123,0.214,13,esp32_edge_simulator_1,0,normal
20:13:40.617,799.2,gateway,gateway_fog_leader,raspberrypi,CNN-fog-1,RPi_peer->RPi_leader,deserialize,3695,0.231,13,,,
20:13:40.620,799.2,gateway,gateway_fog_leader,raspberrypi,CNN-fog-1,RPi_leader->PC,serialize,3704,0.399,13,,,
20:13:40.686,799.3,gateway,gateway_fog_leader,raspberrypi,CNN-fog-1,PC->RPi_leader,deserialize,3576,0.284,13,,,
20:13:40.694,799.3,gateway,gateway_fog_leader,raspberrypi,CNN-fog-1,RPi->ESP32,serialize,3576,0.387,14,,,
20:13:40.696,799.3,gateway,gateway_fog_leader,raspberrypi,CNN-fog-1,RPi_leader->RPi_peer,serialize,3576,0.348,14,,,
20:13:44.131,802.7,gateway,gateway_fog_leader,raspberrypi,CNN-fog-1,ESP32->RPi,deserialize,119,0.067,14,esp32_edge_normal_1,0,normal
20:13:44.326,802.9,gateway,gateway_fog_leader,raspberrypi,CNN-fog-1,ESP32->RPi,deserialize,112,0.069,14,esp32_edge_simulator_2,1,mqtt_bruteforce
20:13:44.919,803.5,gateway,gateway_fog_leader,raspberrypi,CNN-fog-1,ESP32->RPi,deserialize,118,0.144,14,esp32_edge_simulator_1,0,normal
20:13:49.109,807.7,gateway,gateway_fog_leader,raspberrypi,CNN-fog-1,ESP32->RPi,deserialize,118,0.225,14,esp32_edge_normal_1,0,normal
20:13:49.321,807.9,gateway,gateway_fog_leader,raspberrypi,CNN-fog-1,ESP32->RPi,deserialize,107,0.079,14,esp32_edge_simulator_2,2,scan_A
20:13:49.924,808.5,gateway,gateway_fog_leader,raspberrypi,CNN-fog-1,ESP32->RPi,deserialize,124,0.146,14,esp32_edge_simulator_1,0,normal
20:13:54.110,812.7,gateway,gateway_fog_leader,raspberrypi,CNN-fog-1,ESP32->RPi,deserialize,119,0.126,14,esp32_edge_normal_1,0,normal
20:13:54.320,812.9,gateway,gateway_fog_leader,raspberrypi,CNN-fog-1,ESP32->RPi,deserialize,120,0.093,14,esp32_edge_simulator_2,0,normal
20:13:54.913,813.5,gateway,gateway_fog_leader,raspberrypi,CNN-fog-1,ESP32->RPi,deserialize,81,0.128,14,esp32_edge_simulator_1,2,scan_A
20:13:59.185,817.8,gateway,gateway_fog_leader,raspberrypi,CNN-fog-1,ESP32->RPi,deserialize,116,0.143,14,esp32_edge_normal_1,0,normal
20:13:59.317,817.9,gateway,gateway_fog_leader,raspberrypi,CNN-fog-1,ESP32->RPi,deserialize,120,0.088,14,esp32_edge_simulator_2,0,normal
20:13:59.920,818.5,gateway,gateway_fog_leader,raspberrypi,CNN-fog-1,ESP32->RPi,deserialize,110,0.137,14,esp32_edge_simulator_1,1,mqtt_bruteforce
20:14:04.112,822.7,gateway,gateway_fog_leader,raspberrypi,CNN-fog-1,ESP32->RPi,deserialize,114,0.137,14,esp32_edge_normal_1,0,normal
20:14:04.316,822.9,gateway,gateway_fog_leader,raspberrypi,CNN-fog-1,ESP32->RPi,deserialize,99,0.063,14,esp32_edge_simulator_2,2,scan_A
20:14:04.913,823.5,gateway,gateway_fog_leader,raspberrypi,CNN-fog-1,ESP32->RPi,deserialize,119,0.066,14,esp32_edge_simulator_1,0,normal
20:14:09.121,827.7,gateway,gateway_fog_leader,raspberrypi,CNN-fog-1,ESP32->RPi,deserialize,115,0.07,14,esp32_edge_normal_1,0,normal
20:14:09.316,827.9,gateway,gateway_fog_leader,raspberrypi,CNN-fog-1,ESP32->RPi,deserialize,113,0.139,14,esp32_edge_simulator_2,1,mqtt_bruteforce
20:14:09.910,828.5,gateway,gateway_fog_leader,raspberrypi,CNN-fog-1,ESP32->RPi,deserialize,112,0.136,14,esp32_edge_simulator_1,1,mqtt_bruteforce
20:14:14.139,832.7,gateway,gateway_fog_leader,raspberrypi,CNN-fog-1,ESP32->RPi,deserialize,119,0.141,14,esp32_edge_normal_1,0,normal
20:14:14.319,832.9,gateway,gateway_fog_leader,raspberrypi,CNN-fog-1,ESP32->RPi,deserialize,122,0.108,14,esp32_edge_simulator_2,0,normal
20:14:14.910,833.5,gateway,gateway_fog_leader,raspberrypi,CNN-fog-1,ESP32->RPi,deserialize,118,0.141,14,esp32_edge_simulator_1,0,normal
20:14:19.157,837.7,gateway,gateway_fog_leader,raspberrypi,CNN-fog-1,ESP32->RPi,deserialize,119,0.138,14,esp32_edge_normal_1,0,normal
20:14:19.316,837.9,gateway,gateway_fog_leader,raspberrypi,CNN-fog-1,ESP32->RPi,deserialize,104,0.1,14,esp32_edge_simulator_2,2,scan_A
20:14:19.915,838.5,gateway,gateway_fog_leader,raspberrypi,CNN-fog-1,ESP32->RPi,deserialize,109,0.14,14,esp32_edge_simulator_1,1,mqtt_bruteforce
20:14:24.362,842.9,gateway,gateway_fog_leader,raspberrypi,CNN-fog-1,ESP32->RPi,deserialize,113,0.137,14,esp32_edge_simulator_2,1,mqtt_bruteforce
20:14:24.918,843.5,gateway,gateway_fog_leader,raspberrypi,CNN-fog-1,ESP32->RPi,deserialize,123,0.134,14,esp32_edge_simulator_1,0,normal
20:14:25.413,844.0,gateway,gateway_fog_leader,raspberrypi,CNN-fog-1,ESP32->RPi,deserialize,118,0.143,14,esp32_edge_normal_1,0,normal
20:14:29.112,847.7,gateway,gateway_fog_leader,raspberrypi,CNN-fog-1,ESP32->RPi,deserialize,115,0.066,14,esp32_edge_normal_1,0,normal
20:14:29.317,847.9,gateway,gateway_fog_leader,raspberrypi,CNN-fog-1,ESP32->RPi,deserialize,116,0.063,14,esp32_edge_simulator_2,0,normal
20:14:30.627,849.2,gateway,gateway_fog_leader,raspberrypi,CNN-fog-1,ESP32->RPi,deserialize,81,0.186,14,esp32_edge_simulator_1,2,scan_A
20:14:30.720,849.3,gateway,gateway_fog_leader,raspberrypi,CNN-fog-1,RPi_peer->RPi_leader,deserialize,3690,0.232,14,,,
20:14:30.723,849.3,gateway,gateway_fog_leader,raspberrypi,CNN-fog-1,RPi_leader->PC,serialize,3705,0.405,14,,,
20:14:30.772,849.3,gateway,gateway_fog_leader,raspberrypi,CNN-fog-1,PC->RPi_leader,deserialize,3577,0.258,14,,,
20:14:30.785,849.4,gateway,gateway_fog_leader,raspberrypi,CNN-fog-1,RPi->ESP32,serialize,3577,0.517,15,,,
20:14:30.787,849.4,gateway,gateway_fog_leader,raspberrypi,CNN-fog-1,RPi_leader->RPi_peer,serialize,3577,0.453,15,,,
20:14:34.209,852.8,gateway,gateway_fog_leader,raspberrypi,CNN-fog-1,ESP32->RPi,deserialize,112,0.065,15,esp32_edge_normal_1,0,normal
20:14:34.315,852.9,gateway,gateway_fog_leader,raspberrypi,CNN-fog-1,ESP32->RPi,deserialize,105,0.063,15,esp32_edge_simulator_2,2,scan_A
20:14:34.911,853.5,gateway,gateway_fog_leader,raspberrypi,CNN-fog-1,ESP32->RPi,deserialize,123,0.064,15,esp32_edge_simulator_1,0,normal
20:14:39.108,857.7,gateway,gateway_fog_leader,raspberrypi,CNN-fog-1,ESP32->RPi,deserialize,117,0.134,15,esp32_edge_normal_1,0,normal
20:14:39.317,857.9,gateway,gateway_fog_leader,raspberrypi,CNN-fog-1,ESP32->RPi,deserialize,108,0.106,15,esp32_edge_simulator_2,2,scan_A
20:14:39.909,858.5,gateway,gateway_fog_leader,raspberrypi,CNN-fog-1,ESP32->RPi,deserialize,112,0.138,15,esp32_edge_simulator_1,1,mqtt_bruteforce
20:14:44.110,862.7,gateway,gateway_fog_leader,raspberrypi,CNN-fog-1,ESP32->RPi,deserialize,117,0.123,15,esp32_edge_normal_1,0,normal
20:14:44.315,862.9,gateway,gateway_fog_leader,raspberrypi,CNN-fog-1,ESP32->RPi,deserialize,108,0.086,15,esp32_edge_simulator_2,2,scan_A
20:14:44.920,863.5,gateway,gateway_fog_leader,raspberrypi,CNN-fog-1,ESP32->RPi,deserialize,118,0.136,15,esp32_edge_simulator_1,0,normal
20:14:49.158,867.7,gateway,gateway_fog_leader,raspberrypi,CNN-fog-1,ESP32->RPi,deserialize,116,0.14,15,esp32_edge_normal_1,0,normal
20:14:49.314,867.9,gateway,gateway_fog_leader,raspberrypi,CNN-fog-1,ESP32->RPi,deserialize,81,0.08,15,esp32_edge_simulator_2,2,scan_A
20:14:49.910,868.5,gateway,gateway_fog_leader,raspberrypi,CNN-fog-1,ESP32->RPi,deserialize,81,0.121,15,esp32_edge_simulator_1,2,scan_A
20:14:54.175,872.7,gateway,gateway_fog_leader,raspberrypi,CNN-fog-1,ESP32->RPi,deserialize,115,0.141,15,esp32_edge_normal_1,0,normal
20:14:54.315,872.9,gateway,gateway_fog_leader,raspberrypi,CNN-fog-1,ESP32->RPi,deserialize,113,0.11,15,esp32_edge_simulator_2,1,mqtt_bruteforce
20:14:54.916,873.5,gateway,gateway_fog_leader,raspberrypi,CNN-fog-1,ESP32->RPi,deserialize,122,0.134,15,esp32_edge_simulator_1,0,normal
20:14:59.106,877.7,gateway,gateway_fog_leader,raspberrypi,CNN-fog-1,ESP32->RPi,deserialize,116,0.124,15,esp32_edge_normal_1,0,normal
20:14:59.317,877.9,gateway,gateway_fog_leader,raspberrypi,CNN-fog-1,ESP32->RPi,deserialize,108,0.089,15,esp32_edge_simulator_2,2,scan_A
20:14:59.911,878.5,gateway,gateway_fog_leader,raspberrypi,CNN-fog-1,ESP32->RPi,deserialize,107,0.176,15,esp32_edge_simulator_1,2,scan_A
20:15:04.210,882.8,gateway,gateway_fog_leader,raspberrypi,CNN-fog-1,ESP32->RPi,deserialize,121,0.134,15,esp32_edge_normal_1,0,normal
20:15:04.315,882.9,gateway,gateway_fog_leader,raspberrypi,CNN-fog-1,ESP32->RPi,deserialize,107,0.148,15,esp32_edge_simulator_2,2,scan_A
20:15:04.907,883.5,gateway,gateway_fog_leader,raspberrypi,CNN-fog-1,ESP32->RPi,deserialize,81,0.059,15,esp32_edge_simulator_1,2,scan_A
20:15:09.125,887.7,gateway,gateway_fog_leader,raspberrypi,CNN-fog-1,ESP32->RPi,deserialize,117,0.067,15,esp32_edge_normal_1,0,normal
20:15:09.314,887.9,gateway,gateway_fog_leader,raspberrypi,CNN-fog-1,ESP32->RPi,deserialize,118,0.066,15,esp32_edge_simulator_2,0,normal
20:15:09.910,888.5,gateway,gateway_fog_leader,raspberrypi,CNN-fog-1,ESP32->RPi,deserialize,81,0.123,15,esp32_edge_simulator_1,2,scan_A
20:15:14.110,892.7,gateway,gateway_fog_leader,raspberrypi,CNN-fog-1,ESP32->RPi,deserialize,120,0.125,15,esp32_edge_normal_1,0,normal
20:15:14.317,892.9,gateway,gateway_fog_leader,raspberrypi,CNN-fog-1,ESP32->RPi,deserialize,120,0.066,15,esp32_edge_simulator_2,0,normal
20:15:14.913,893.5,gateway,gateway_fog_leader,raspberrypi,CNN-fog-1,ESP32->RPi,deserialize,118,0.064,15,esp32_edge_simulator_1,0,normal
20:15:19.160,897.7,gateway,gateway_fog_leader,raspberrypi,CNN-fog-1,ESP32->RPi,deserialize,118,0.066,15,esp32_edge_normal_1,0,normal
20:15:19.315,897.9,gateway,gateway_fog_leader,raspberrypi,CNN-fog-1,ESP32->RPi,deserialize,112,0.139,15,esp32_edge_simulator_2,1,mqtt_bruteforce
20:15:20.439,899.0,gateway,gateway_fog_leader,raspberrypi,CNN-fog-1,RPi_peer->RPi_leader,deserialize,3687,0.242,15,,,
20:15:20.479,899.1,gateway,gateway_fog_leader,raspberrypi,CNN-fog-1,RPi_leader->PC,serialize,3711,0.405,15,,,
20:15:20.511,899.1,gateway,gateway_fog_leader,raspberrypi,CNN-fog-1,PC->RPi_leader,deserialize,3583,0.347,15,,,
20:15:20.521,899.1,gateway,gateway_fog_leader,raspberrypi,CNN-fog-1,RPi->ESP32,serialize,3583,0.391,16,,,
20:15:20.523,899.1,gateway,gateway_fog_leader,raspberrypi,CNN-fog-1,RPi_leader->RPi_peer,serialize,3583,0.383,16,,,
20:15:20.544,899.1,gateway,gateway_fog_leader,raspberrypi,CNN-fog-1,ESP32->RPi,deserialize,111,0.17,16,esp32_edge_simulator_1,1,mqtt_bruteforce
20:15:24.183,902.8,gateway,gateway_fog_leader,raspberrypi,CNN-fog-1,ESP32->RPi,deserialize,120,0.066,16,esp32_edge_normal_1,0,normal
20:15:24.357,902.9,gateway,gateway_fog_leader,raspberrypi,CNN-fog-1,ESP32->RPi,deserialize,108,0.067,16,esp32_edge_simulator_2,2,scan_A
20:15:24.911,903.5,gateway,gateway_fog_leader,raspberrypi,CNN-fog-1,ESP32->RPi,deserialize,122,0.141,16,esp32_edge_simulator_1,0,normal
20:15:29.195,907.8,gateway,gateway_fog_leader,raspberrypi,CNN-fog-1,ESP32->RPi,deserialize,120,0.067,16,esp32_edge_normal_1,0,normal
20:15:29.317,907.9,gateway,gateway_fog_leader,raspberrypi,CNN-fog-1,ESP32->RPi,deserialize,120,0.067,16,esp32_edge_simulator_2,0,normal
20:15:29.907,908.5,gateway,gateway_fog_leader,raspberrypi,CNN-fog-1,ESP32->RPi,deserialize,106,0.066,16,esp32_edge_simulator_1,2,scan_A
20:15:34.214,912.8,gateway,gateway_fog_leader,raspberrypi,CNN-fog-1,ESP32->RPi,deserialize,118,0.143,16,esp32_edge_normal_1,0,normal
20:15:34.317,912.9,gateway,gateway_fog_leader,raspberrypi,CNN-fog-1,ESP32->RPi,deserialize,107,0.146,16,esp32_edge_simulator_2,2,scan_A
20:15:34.910,913.5,gateway,gateway_fog_leader,raspberrypi,CNN-fog-1,ESP32->RPi,deserialize,112,0.14,16,esp32_edge_simulator_1,1,mqtt_bruteforce
20:15:39.129,917.7,gateway,gateway_fog_leader,raspberrypi,CNN-fog-1,ESP32->RPi,deserialize,114,0.141,16,esp32_edge_normal_1,0,normal
20:15:39.313,917.9,gateway,gateway_fog_leader,raspberrypi,CNN-fog-1,ESP32->RPi,deserialize,81,0.083,16,esp32_edge_simulator_2,2,scan_A
20:15:39.911,918.5,gateway,gateway_fog_leader,raspberrypi,CNN-fog-1,ESP32->RPi,deserialize,101,0.138,16,esp32_edge_simulator_1,2,scan_A
20:15:44.109,922.7,gateway,gateway_fog_leader,raspberrypi,CNN-fog-1,ESP32->RPi,deserialize,116,0.123,16,esp32_edge_normal_1,0,normal
20:15:44.319,922.9,gateway,gateway_fog_leader,raspberrypi,CNN-fog-1,ESP32->RPi,deserialize,121,0.063,16,esp32_edge_simulator_2,0,normal
20:15:44.906,923.5,gateway,gateway_fog_leader,raspberrypi,CNN-fog-1,ESP32->RPi,deserialize,107,0.066,16,esp32_edge_simulator_1,2,scan_A
20:15:49.104,927.7,gateway,gateway_fog_leader,raspberrypi,CNN-fog-1,ESP32->RPi,deserialize,119,0.07,16,esp32_edge_normal_1,0,normal
20:15:49.316,927.9,gateway,gateway_fog_leader,raspberrypi,CNN-fog-1,ESP32->RPi,deserialize,111,0.142,16,esp32_edge_simulator_2,1,mqtt_bruteforce
20:15:49.907,928.5,gateway,gateway_fog_leader,raspberrypi,CNN-fog-1,ESP32->RPi,deserialize,102,0.14,16,esp32_edge_simulator_1,2,scan_A
20:15:54.183,932.8,gateway,gateway_fog_leader,raspberrypi,CNN-fog-1,ESP32->RPi,deserialize,113,0.141,16,esp32_edge_normal_1,0,normal
20:15:54.315,932.9,gateway,gateway_fog_leader,raspberrypi,CNN-fog-1,ESP32->RPi,deserialize,111,0.102,16,esp32_edge_simulator_2,1,mqtt_bruteforce
20:15:54.909,933.5,gateway,gateway_fog_leader,raspberrypi,CNN-fog-1,ESP32->RPi,deserialize,101,0.135,16,esp32_edge_simulator_1,2,scan_A
20:15:59.106,937.7,gateway,gateway_fog_leader,raspberrypi,CNN-fog-1,ESP32->RPi,deserialize,118,0.122,16,esp32_edge_normal_1,0,normal
20:15:59.316,937.9,gateway,gateway_fog_leader,raspberrypi,CNN-fog-1,ESP32->RPi,deserialize,123,0.083,16,esp32_edge_simulator_2,0,normal
20:15:59.909,938.5,gateway,gateway_fog_leader,raspberrypi,CNN-fog-1,ESP32->RPi,deserialize,119,0.206,16,esp32_edge_simulator_1,0,normal
20:16:04.105,942.7,gateway,gateway_fog_leader,raspberrypi,CNN-fog-1,ESP32->RPi,deserialize,116,0.142,16,esp32_edge_normal_1,0,normal
20:16:04.313,942.9,gateway,gateway_fog_leader,raspberrypi,CNN-fog-1,ESP32->RPi,deserialize,112,0.066,16,esp32_edge_simulator_2,1,mqtt_bruteforce
20:16:04.908,943.5,gateway,gateway_fog_leader,raspberrypi,CNN-fog-1,ESP32->RPi,deserialize,118,0.065,16,esp32_edge_simulator_1,0,normal
20:16:09.105,947.7,gateway,gateway_fog_leader,raspberrypi,CNN-fog-1,ESP32->RPi,deserialize,121,0.065,16,esp32_edge_normal_1,0,normal
20:16:09.324,947.9,gateway,gateway_fog_leader,raspberrypi,CNN-fog-1,ESP32->RPi,deserialize,119,0.141,16,esp32_edge_simulator_2,0,normal
20:16:10.439,949.0,gateway,gateway_fog_leader,raspberrypi,CNN-fog-1,ESP32->RPi,deserialize,112,0.11,16,esp32_edge_simulator_1,1,mqtt_bruteforce
20:16:10.579,949.2,gateway,gateway_fog_leader,raspberrypi,CNN-fog-1,RPi_peer->RPi_leader,deserialize,3696,0.234,16,,,
20:16:10.582,949.2,gateway,gateway_fog_leader,raspberrypi,CNN-fog-1,RPi_leader->PC,serialize,3708,0.37,16,,,
20:16:10.621,949.2,gateway,gateway_fog_leader,raspberrypi,CNN-fog-1,PC->RPi_leader,deserialize,3580,0.3,16,,,
20:16:10.630,949.2,gateway,gateway_fog_leader,raspberrypi,CNN-fog-1,RPi->ESP32,serialize,3580,0.378,17,,,
20:16:10.633,949.2,gateway,gateway_fog_leader,raspberrypi,CNN-fog-1,RPi_leader->RPi_peer,serialize,3580,0.966,17,,,
20:16:14.149,952.7,gateway,gateway_fog_leader,raspberrypi,CNN-fog-1,ESP32->RPi,deserialize,114,0.069,17,esp32_edge_normal_1,0,normal
20:16:14.314,952.9,gateway,gateway_fog_leader,raspberrypi,CNN-fog-1,ESP32->RPi,deserialize,120,0.067,17,esp32_edge_simulator_2,0,normal
20:16:14.906,953.5,gateway,gateway_fog_leader,raspberrypi,CNN-fog-1,ESP32->RPi,deserialize,81,0.177,17,esp32_edge_simulator_1,2,scan_A
20:16:19.107,957.7,gateway,gateway_fog_leader,raspberrypi,CNN-fog-1,ESP32->RPi,deserialize,107,0.14,17,esp32_edge_normal_1,0,normal
20:16:19.315,957.9,gateway,gateway_fog_leader,raspberrypi,CNN-fog-1,ESP32->RPi,deserialize,121,0.065,17,esp32_edge_simulator_2,0,normal
20:16:19.909,958.5,gateway,gateway_fog_leader,raspberrypi,CNN-fog-1,ESP32->RPi,deserialize,119,0.067,17,esp32_edge_simulator_1,0,normal
20:16:24.201,962.8,gateway,gateway_fog_leader,raspberrypi,CNN-fog-1,ESP32->RPi,deserialize,117,0.066,17,esp32_edge_normal_1,0,normal
20:16:24.374,962.9,gateway,gateway_fog_leader,raspberrypi,CNN-fog-1,ESP32->RPi,deserialize,121,0.065,17,esp32_edge_simulator_2,0,normal
20:16:24.905,963.5,gateway,gateway_fog_leader,raspberrypi,CNN-fog-1,ESP32->RPi,deserialize,81,0.058,17,esp32_edge_simulator_1,2,scan_A
20:16:29.202,967.8,gateway,gateway_fog_leader,raspberrypi,CNN-fog-1,ESP32->RPi,deserialize,116,0.063,17,esp32_edge_normal_1,0,normal
20:16:29.311,967.9,gateway,gateway_fog_leader,raspberrypi,CNN-fog-1,ESP32->RPi,deserialize,105,0.065,17,esp32_edge_simulator_2,2,scan_A
20:16:29.907,968.5,gateway,gateway_fog_leader,raspberrypi,CNN-fog-1,ESP32->RPi,deserialize,81,0.126,17,esp32_edge_simulator_1,2,scan_A
20:16:34.118,972.7,gateway,gateway_fog_leader,raspberrypi,CNN-fog-1,ESP32->RPi,deserialize,121,0.136,17,esp32_edge_normal_1,0,normal
20:16:34.316,972.9,gateway,gateway_fog_leader,raspberrypi,CNN-fog-1,ESP32->RPi,deserialize,121,0.086,17,esp32_edge_simulator_2,0,normal
20:16:34.908,973.5,gateway,gateway_fog_leader,raspberrypi,CNN-fog-1,ESP32->RPi,deserialize,107,0.138,17,esp32_edge_simulator_1,2,scan_A
20:16:39.110,977.7,gateway,gateway_fog_leader,raspberrypi,CNN-fog-1,ESP32->RPi,deserialize,118,0.14,17,esp32_edge_normal_1,0,normal
20:16:39.312,977.9,gateway,gateway_fog_leader,raspberrypi,CNN-fog-1,ESP32->RPi,deserialize,108,0.083,17,esp32_edge_simulator_2,2,scan_A
20:16:39.909,978.5,gateway,gateway_fog_leader,raspberrypi,CNN-fog-1,ESP32->RPi,deserialize,112,0.142,17,esp32_edge_simulator_1,1,mqtt_bruteforce
20:16:44.103,982.7,gateway,gateway_fog_leader,raspberrypi,CNN-fog-1,ESP32->RPi,deserialize,114,0.144,17,esp32_edge_normal_1,0,normal
20:16:44.314,982.9,gateway,gateway_fog_leader,raspberrypi,CNN-fog-1,ESP32->RPi,deserialize,123,0.144,17,esp32_edge_simulator_2,0,normal
20:16:44.909,983.5,gateway,gateway_fog_leader,raspberrypi,CNN-fog-1,ESP32->RPi,deserialize,119,0.136,17,esp32_edge_simulator_1,0,normal
20:16:49.172,987.7,gateway,gateway_fog_leader,raspberrypi,CNN-fog-1,ESP32->RPi,deserialize,117,0.139,17,esp32_edge_normal_1,0,normal
20:16:49.314,987.9,gateway,gateway_fog_leader,raspberrypi,CNN-fog-1,ESP32->RPi,deserialize,123,0.11,17,esp32_edge_simulator_2,0,normal
20:16:49.910,988.5,gateway,gateway_fog_leader,raspberrypi,CNN-fog-1,ESP32->RPi,deserialize,123,0.141,17,esp32_edge_simulator_1,0,normal
20:16:54.189,992.8,gateway,gateway_fog_leader,raspberrypi,CNN-fog-1,ESP32->RPi,deserialize,121,0.149,17,esp32_edge_normal_1,0,normal
20:16:54.312,992.9,gateway,gateway_fog_leader,raspberrypi,CNN-fog-1,ESP32->RPi,deserialize,108,0.124,17,esp32_edge_simulator_2,2,scan_A
20:16:54.910,993.5,gateway,gateway_fog_leader,raspberrypi,CNN-fog-1,ESP32->RPi,deserialize,108,0.14,17,esp32_edge_simulator_1,2,scan_A
20:16:59.207,997.8,gateway,gateway_fog_leader,raspberrypi,CNN-fog-1,ESP32->RPi,deserialize,114,0.122,17,esp32_edge_normal_1,0,normal
20:16:59.315,997.9,gateway,gateway_fog_leader,raspberrypi,CNN-fog-1,ESP32->RPi,deserialize,119,0.225,17,esp32_edge_simulator_2,0,normal
20:17:00.386,999.0,gateway,gateway_fog_leader,raspberrypi,CNN-fog-1,ESP32->RPi,deserialize,110,0.083,17,esp32_edge_simulator_1,0,normal
20:17:00.452,999.0,gateway,gateway_fog_leader,raspberrypi,CNN-fog-1,RPi_peer->RPi_leader,deserialize,3702,0.3,17,,,
20:17:00.455,999.0,gateway,gateway_fog_leader,raspberrypi,CNN-fog-1,RPi_leader->PC,serialize,3706,0.378,17,,,
20:17:00.493,999.1,gateway,gateway_fog_leader,raspberrypi,CNN-fog-1,PC->RPi_leader,deserialize,3579,0.317,17,,,
20:17:00.504,999.1,gateway,gateway_fog_leader,raspberrypi,CNN-fog-1,RPi->ESP32,serialize,3579,0.374,18,,,
20:17:00.506,999.1,gateway,gateway_fog_leader,raspberrypi,CNN-fog-1,RPi_leader->RPi_peer,serialize,3579,0.38,18,,,
20:17:04.106,1002.7,gateway,gateway_fog_leader,raspberrypi,CNN-fog-1,ESP32->RPi,deserialize,117,0.069,18,esp32_edge_normal_1,0,normal
20:17:04.311,1002.9,gateway,gateway_fog_leader,raspberrypi,CNN-fog-1,ESP32->RPi,deserialize,108,0.071,18,esp32_edge_simulator_2,1,mqtt_bruteforce
20:17:04.907,1003.5,gateway,gateway_fog_leader,raspberrypi,CNN-fog-1,ESP32->RPi,deserialize,124,0.143,18,esp32_edge_simulator_1,0,normal
20:17:09.140,1007.7,gateway,gateway_fog_leader,raspberrypi,CNN-fog-1,ESP32->RPi,deserialize,114,0.143,18,esp32_edge_normal_1,0,normal
20:17:09.313,1007.9,gateway,gateway_fog_leader,raspberrypi,CNN-fog-1,ESP32->RPi,deserialize,119,0.099,18,esp32_edge_simulator_2,0,normal
20:17:09.915,1008.5,gateway,gateway_fog_leader,raspberrypi,CNN-fog-1,ESP32->RPi,deserialize,113,0.125,18,esp32_edge_simulator_1,0,normal
20:17:14.103,1012.7,gateway,gateway_fog_leader,raspberrypi,CNN-fog-1,ESP32->RPi,deserialize,119,0.145,18,esp32_edge_normal_1,0,normal
20:17:14.313,1012.9,gateway,gateway_fog_leader,raspberrypi,CNN-fog-1,ESP32->RPi,deserialize,116,0.092,18,esp32_edge_simulator_2,0,normal
20:17:14.907,1013.5,gateway,gateway_fog_leader,raspberrypi,CNN-fog-1,ESP32->RPi,deserialize,113,0.143,18,esp32_edge_simulator_1,1,mqtt_bruteforce
20:17:19.175,1017.7,gateway,gateway_fog_leader,raspberrypi,CNN-fog-1,ESP32->RPi,deserialize,119,0.139,18,esp32_edge_normal_1,0,normal
20:17:19.310,1017.9,gateway,gateway_fog_leader,raspberrypi,CNN-fog-1,ESP32->RPi,deserialize,81,0.085,18,esp32_edge_simulator_2,2,scan_A
20:17:19.906,1018.5,gateway,gateway_fog_leader,raspberrypi,CNN-fog-1,ESP32->RPi,deserialize,124,0.136,18,esp32_edge_simulator_1,0,normal
20:17:24.191,1022.8,gateway,gateway_fog_leader,raspberrypi,CNN-fog-1,ESP32->RPi,deserialize,116,0.068,18,esp32_edge_normal_1,0,normal
20:17:24.365,1022.9,gateway,gateway_fog_leader,raspberrypi,CNN-fog-1,ESP32->RPi,deserialize,117,0.064,18,esp32_edge_simulator_2,0,normal
20:17:24.904,1023.5,gateway,gateway_fog_leader,raspberrypi,CNN-fog-1,ESP32->RPi,deserialize,109,0.066,18,esp32_edge_simulator_1,1,mqtt_bruteforce
20:17:29.150,1027.7,gateway,gateway_fog_leader,raspberrypi,CNN-fog-1,ESP32->RPi,deserialize,118,0.13,18,esp32_edge_normal_1,0,normal
20:17:29.321,1027.9,gateway,gateway_fog_leader,raspberrypi,CNN-fog-1,ESP32->RPi,deserialize,116,0.093,18,esp32_edge_simulator_2,0,normal
20:17:29.910,1028.5,gateway,gateway_fog_leader,raspberrypi,CNN-fog-1,ESP32->RPi,deserialize,124,0.122,18,esp32_edge_simulator_1,0,normal
20:17:34.126,1032.7,gateway,gateway_fog_leader,raspberrypi,CNN-fog-1,ESP32->RPi,deserialize,118,0.361,18,esp32_edge_normal_1,0,normal
20:17:34.312,1032.9,gateway,gateway_fog_leader,raspberrypi,CNN-fog-1,ESP32->RPi,deserialize,110,0.1,18,esp32_edge_simulator_2,0,normal
20:17:34.909,1033.5,gateway,gateway_fog_leader,raspberrypi,CNN-fog-1,ESP32->RPi,deserialize,121,0.137,18,esp32_edge_simulator_1,0,normal
20:17:39.104,1037.7,gateway,gateway_fog_leader,raspberrypi,CNN-fog-1,ESP32->RPi,deserialize,117,0.137,18,esp32_edge_normal_1,0,normal
20:17:39.310,1037.9,gateway,gateway_fog_leader,raspberrypi,CNN-fog-1,ESP32->RPi,deserialize,107,0.067,18,esp32_edge_simulator_2,2,scan_A
20:17:39.921,1038.5,gateway,gateway_fog_leader,raspberrypi,CNN-fog-1,ESP32->RPi,deserialize,107,0.067,18,esp32_edge_simulator_1,1,mqtt_bruteforce
20:17:44.160,1042.7,gateway,gateway_fog_leader,raspberrypi,CNN-fog-1,ESP32->RPi,deserialize,120,0.068,18,esp32_edge_normal_1,0,normal
20:17:44.311,1042.9,gateway,gateway_fog_leader,raspberrypi,CNN-fog-1,ESP32->RPi,deserialize,113,0.144,18,esp32_edge_simulator_2,1,mqtt_bruteforce
20:17:44.910,1043.5,gateway,gateway_fog_leader,raspberrypi,CNN-fog-1,ESP32->RPi,deserialize,120,0.139,18,esp32_edge_simulator_1,0,normal
20:17:49.179,1047.8,gateway,gateway_fog_leader,raspberrypi,CNN-fog-1,ESP32->RPi,deserialize,107,0.135,18,esp32_edge_normal_1,0,normal
20:17:49.309,1047.9,gateway,gateway_fog_leader,raspberrypi,CNN-fog-1,ESP32->RPi,deserialize,108,0.09,18,esp32_edge_simulator_2,2,scan_A
20:17:50.325,1048.9,gateway,gateway_fog_leader,raspberrypi,CNN-fog-1,ESP32->RPi,deserialize,122,0.129,18,esp32_edge_simulator_1,0,normal
20:17:50.493,1049.1,gateway,gateway_fog_leader,raspberrypi,CNN-fog-1,RPi_peer->RPi_leader,deserialize,3678,0.228,18,,,
20:17:50.496,1049.1,gateway,gateway_fog_leader,raspberrypi,CNN-fog-1,RPi_leader->PC,serialize,3711,0.378,18,,,
20:17:50.530,1049.1,gateway,gateway_fog_leader,raspberrypi,CNN-fog-1,PC->RPi_leader,deserialize,3583,0.268,18,,,
20:17:50.540,1049.1,gateway,gateway_fog_leader,raspberrypi,CNN-fog-1,RPi->ESP32,serialize,3583,0.37,19,,,
20:17:50.542,1049.1,gateway,gateway_fog_leader,raspberrypi,CNN-fog-1,RPi_leader->RPi_peer,serialize,3583,0.457,19,,,
20:17:54.195,1052.8,gateway,gateway_fog_leader,raspberrypi,CNN-fog-1,ESP32->RPi,deserialize,119,0.069,19,esp32_edge_normal_1,0,normal
20:17:54.310,1052.9,gateway,gateway_fog_leader,raspberrypi,CNN-fog-1,ESP32->RPi,deserialize,112,0.067,19,esp32_edge_simulator_2,1,mqtt_bruteforce
20:17:54.908,1053.5,gateway,gateway_fog_leader,raspberrypi,CNN-fog-1,ESP32->RPi,deserialize,124,0.137,19,esp32_edge_simulator_1,0,normal
20:17:59.213,1057.8,gateway,gateway_fog_leader,raspberrypi,CNN-fog-1,ESP32->RPi,deserialize,119,0.066,19,esp32_edge_normal_1,0,normal
20:17:59.310,1057.9,gateway,gateway_fog_leader,raspberrypi,CNN-fog-1,ESP32->RPi,deserialize,105,0.065,19,esp32_edge_simulator_2,2,scan_A
20:17:59.903,1058.5,gateway,gateway_fog_leader,raspberrypi,CNN-fog-1,ESP32->RPi,deserialize,107,0.064,19,esp32_edge_simulator_1,2,scan_A
20:18:04.128,1062.7,gateway,gateway_fog_leader,raspberrypi,CNN-fog-1,ESP32->RPi,deserialize,116,0.139,19,esp32_edge_normal_1,0,normal
20:18:04.311,1062.9,gateway,gateway_fog_leader,raspberrypi,CNN-fog-1,ESP32->RPi,deserialize,118,0.087,19,esp32_edge_simulator_2,0,normal
20:18:04.904,1063.5,gateway,gateway_fog_leader,raspberrypi,CNN-fog-1,ESP32->RPi,deserialize,108,0.136,19,esp32_edge_simulator_1,2,scan_A
20:18:09.146,1067.7,gateway,gateway_fog_leader,raspberrypi,CNN-fog-1,ESP32->RPi,deserialize,120,0.141,19,esp32_edge_normal_1,0,normal
20:18:09.314,1067.9,gateway,gateway_fog_leader,raspberrypi,CNN-fog-1,ESP32->RPi,deserialize,118,0.086,19,esp32_edge_simulator_2,0,normal
20:18:09.905,1068.5,gateway,gateway_fog_leader,raspberrypi,CNN-fog-1,ESP32->RPi,deserialize,119,0.235,19,esp32_edge_simulator_1,0,normal
20:18:14.164,1072.7,gateway,gateway_fog_leader,raspberrypi,CNN-fog-1,ESP32->RPi,deserialize,120,0.123,19,esp32_edge_normal_1,0,normal
20:18:14.310,1072.9,gateway,gateway_fog_leader,raspberrypi,CNN-fog-1,ESP32->RPi,deserialize,112,0.098,19,esp32_edge_simulator_2,1,mqtt_bruteforce
20:18:14.912,1073.5,gateway,gateway_fog_leader,raspberrypi,CNN-fog-1,ESP32->RPi,deserialize,118,0.142,19,esp32_edge_simulator_1,0,normal
20:18:19.102,1077.7,gateway,gateway_fog_leader,raspberrypi,CNN-fog-1,ESP32->RPi,deserialize,117,0.139,19,esp32_edge_normal_1,0,normal
20:18:19.311,1077.9,gateway,gateway_fog_leader,raspberrypi,CNN-fog-1,ESP32->RPi,deserialize,111,0.126,19,esp32_edge_simulator_2,1,mqtt_bruteforce
20:18:19.909,1078.5,gateway,gateway_fog_leader,raspberrypi,CNN-fog-1,ESP32->RPi,deserialize,123,0.138,19,esp32_edge_simulator_1,0,normal
20:18:24.202,1082.8,gateway,gateway_fog_leader,raspberrypi,CNN-fog-1,ESP32->RPi,deserialize,113,0.135,19,esp32_edge_normal_1,0,normal
20:18:24.376,1082.9,gateway,gateway_fog_leader,raspberrypi,CNN-fog-1,ESP32->RPi,deserialize,118,0.092,19,esp32_edge_simulator_2,0,normal
20:18:24.907,1083.5,gateway,gateway_fog_leader,raspberrypi,CNN-fog-1,ESP32->RPi,deserialize,124,0.139,19,esp32_edge_simulator_1,0,normal
20:18:29.116,1087.7,gateway,gateway_fog_leader,raspberrypi,CNN-fog-1,ESP32->RPi,deserialize,119,0.069,19,esp32_edge_normal_1,0,normal
20:18:29.309,1087.9,gateway,gateway_fog_leader,raspberrypi,CNN-fog-1,ESP32->RPi,deserialize,81,0.059,19,esp32_edge_simulator_2,2,scan_A
20:18:29.904,1088.5,gateway,gateway_fog_leader,raspberrypi,CNN-fog-1,ESP32->RPi,deserialize,112,0.066,19,esp32_edge_simulator_1,1,mqtt_bruteforce
20:18:34.133,1092.7,gateway,gateway_fog_leader,raspberrypi,CNN-fog-1,ESP32->RPi,deserialize,116,0.064,19,esp32_edge_normal_1,0,normal
20:18:34.310,1092.9,gateway,gateway_fog_leader,raspberrypi,CNN-fog-1,ESP32->RPi,deserialize,108,0.064,19,esp32_edge_simulator_2,2,scan_A
20:18:34.909,1093.5,gateway,gateway_fog_leader,raspberrypi,CNN-fog-1,ESP32->RPi,deserialize,117,0.101,19,esp32_edge_simulator_1,0,normal
20:18:39.152,1097.7,gateway,gateway_fog_leader,raspberrypi,CNN-fog-1,ESP32->RPi,deserialize,117,0.136,19,esp32_edge_normal_1,0,normal
20:18:39.311,1097.9,gateway,gateway_fog_leader,raspberrypi,CNN-fog-1,ESP32->RPi,deserialize,123,0.099,19,esp32_edge_simulator_2,0,normal
20:18:40.303,1098.9,gateway,gateway_fog_leader,raspberrypi,CNN-fog-1,ESP32->RPi,deserialize,117,0.083,19,esp32_edge_simulator_1,0,normal
20:18:40.863,1099.4,gateway,gateway_fog_leader,raspberrypi,CNN-fog-1,RPi_peer->RPi_leader,deserialize,3695,0.231,19,,,
20:18:40.870,1099.4,gateway,gateway_fog_leader,raspberrypi,CNN-fog-1,RPi_leader->PC,serialize,3717,0.376,19,,,
20:18:40.915,1099.5,gateway,gateway_fog_leader,raspberrypi,CNN-fog-1,PC->RPi_leader,deserialize,3590,0.281,19,,,
20:18:40.927,1099.5,gateway,gateway_fog_leader,raspberrypi,CNN-fog-1,RPi->ESP32,serialize,3590,0.395,20,,,
20:18:40.928,1099.5,gateway,gateway_fog_leader,raspberrypi,CNN-fog-1,RPi_leader->RPi_peer,serialize,3590,0.323,20,,,
20:18:44.167,1102.7,gateway,gateway_fog_leader,raspberrypi,CNN-fog-1,ESP32->RPi,deserialize,120,0.071,20,esp32_edge_normal_1,0,normal
20:18:44.308,1102.9,gateway,gateway_fog_leader,raspberrypi,CNN-fog-1,ESP32->RPi,deserialize,81,0.061,20,esp32_edge_simulator_2,2,scan_A
20:18:44.910,1103.5,gateway,gateway_fog_leader,raspberrypi,CNN-fog-1,ESP32->RPi,deserialize,124,0.146,20,esp32_edge_simulator_1,0,normal
20:18:49.100,1107.7,gateway,gateway_fog_leader,raspberrypi,CNN-fog-1,ESP32->RPi,deserialize,118,0.067,20,esp32_edge_normal_1,0,normal
20:18:49.320,1107.9,gateway,gateway_fog_leader,raspberrypi,CNN-fog-1,ESP32->RPi,deserialize,120,0.067,20,esp32_edge_simulator_2,0,normal
20:18:49.904,1108.5,gateway,gateway_fog_leader,raspberrypi,CNN-fog-1,ESP32->RPi,deserialize,122,0.069,20,esp32_edge_simulator_1,0,normal
