timestamp,uptime_s,device_name,device_suffix,hostname,run_id,channel,operation,pt_bytes,enc_bytes,overhead_bytes,elapsed_ms,fl_round,client_id,sample_label,sample_label_name
14:25:36.417,0.8,gateway,gateway_A,raspberrypi,14,ESP32->RPi,decrypt,119,237,118,1.332,0,esp32_edge_normal_1,0,normal
14:25:38.989,3.4,gateway,gateway_A,raspberrypi,14,ESP32->RPi,decrypt,113,229,116,1.998,0,esp32_edge_normal_3,0,normal
14:25:39.337,3.7,gateway,gateway_A,raspberrypi,14,ESP32->RPi,decrypt,116,233,117,3.901,0,esp32_edge_normal_2,0,normal
14:25:39.342,3.7,gateway,gateway_A,raspberrypi,14,ESP32->RPi,decrypt,115,233,118,3.84,0,esp32_edge_normal_1,0,normal
14:25:43.953,8.3,gateway,gateway_A,raspberrypi,14,ESP32->RPi,decrypt,115,233,118,1.309,0,esp32_edge_normal_3,0,normal
14:25:44.252,8.6,gateway,gateway_A,raspberrypi,14,ESP32->RPi,decrypt,121,241,120,1.422,0,esp32_edge_normal_2,0,normal
14:25:44.300,8.7,gateway,gateway_A,raspberrypi,14,ESP32->RPi,decrypt,114,229,115,1.4,0,esp32_edge_normal_1,0,normal
14:25:48.958,13.3,gateway,gateway_A,raspberrypi,14,ESP32->RPi,decrypt,118,237,119,4.037,0,esp32_edge_normal_3,0,normal
14:25:49.251,13.6,gateway,gateway_A,raspberrypi,14,ESP32->RPi,decrypt,116,233,117,3.082,0,esp32_edge_normal_2,0,normal
14:25:49.296,13.7,gateway,gateway_A,raspberrypi,14,ESP32->RPi,decrypt,114,229,115,4.091,0,esp32_edge_normal_1,0,normal
14:25:54.000,18.4,gateway,gateway_A,raspberrypi,14,ESP32->RPi,decrypt,116,233,117,1.477,0,esp32_edge_normal_3,0,normal
14:25:54.248,18.6,gateway,gateway_A,raspberrypi,14,ESP32->RPi,decrypt,114,229,115,1.449,0,esp32_edge_normal_2,0,normal
14:25:54.290,18.7,gateway,gateway_A,raspberrypi,14,ESP32->RPi,decrypt,116,233,117,1.355,0,esp32_edge_normal_1,0,normal
14:25:59.021,23.4,gateway,gateway_A,raspberrypi,14,ESP32->RPi,decrypt,118,237,119,3.949,0,esp32_edge_normal_3,0,normal
14:25:59.249,23.6,gateway,gateway_A,raspberrypi,14,ESP32->RPi,decrypt,117,233,116,2.994,0,esp32_edge_normal_2,0,normal
14:25:59.296,23.7,gateway,gateway_A,raspberrypi,14,ESP32->RPi,decrypt,120,237,117,3.135,0,esp32_edge_normal_1,0,normal
14:26:03.956,28.3,gateway,gateway_A,raspberrypi,14,ESP32->RPi,decrypt,114,229,115,4.02,0,esp32_edge_normal_3,0,normal
14:26:04.248,28.6,gateway,gateway_A,raspberrypi,14,ESP32->RPi,decrypt,118,237,119,2.703,0,esp32_edge_normal_2,0,normal
14:26:04.296,28.7,gateway,gateway_A,raspberrypi,14,ESP32->RPi,decrypt,119,237,118,4.031,0,esp32_edge_normal_1,0,normal
14:26:08.955,33.3,gateway,gateway_A,raspberrypi,14,ESP32->RPi,decrypt,115,233,118,4.033,0,esp32_edge_normal_3,0,normal
14:26:09.254,33.6,gateway,gateway_A,raspberrypi,14,ESP32->RPi,decrypt,113,229,116,3.873,0,esp32_edge_normal_2,0,normal
14:26:09.291,33.7,gateway,gateway_A,raspberrypi,14,ESP32->RPi,decrypt,114,229,115,3.249,0,esp32_edge_normal_1,0,normal
14:26:13.955,38.3,gateway,gateway_A,raspberrypi,14,ESP32->RPi,decrypt,121,241,120,1.368,0,esp32_edge_normal_3,0,normal
14:26:14.250,38.6,gateway,gateway_A,raspberrypi,14,ESP32->RPi,decrypt,120,237,117,1.356,0,esp32_edge_normal_2,0,normal
14:26:14.292,38.7,gateway,gateway_A,raspberrypi,14,ESP32->RPi,decrypt,117,233,116,1.35,0,esp32_edge_normal_1,0,normal
14:26:18.981,43.3,gateway,gateway_A,raspberrypi,14,ESP32->RPi,decrypt,107,221,114,3.15,0,esp32_edge_normal_3,0,normal
14:26:19.252,43.6,gateway,gateway_A,raspberrypi,14,ESP32->RPi,decrypt,116,233,117,3.895,0,esp32_edge_normal_2,0,normal
14:26:19.301,43.7,gateway,gateway_A,raspberrypi,14,ESP32->RPi,decrypt,121,241,120,4.681,0,esp32_edge_normal_1,0,normal
14:26:23.958,48.3,gateway,gateway_A,raspberrypi,14,ESP32->RPi,decrypt,119,237,118,4.323,0,esp32_edge_normal_3,0,normal
14:26:24.247,48.6,gateway,gateway_A,raspberrypi,14,ESP32->RPi,decrypt,116,233,117,1.46,0,esp32_edge_normal_2,0,normal
14:26:31.118,55.5,gateway,gateway_A,raspberrypi,14,RPi->PC,encrypt,3634,4930,1296,33.067,0,,,
14:26:31.359,55.7,gateway,gateway_A,raspberrypi,14,PC->RPi,decrypt,3545,4810,1265,33.192,0,,,
14:26:31.399,55.8,gateway,gateway_A,raspberrypi,14,RPi->ESP32,encrypt,3545,4810,1265,32.864,1,,,
14:26:31.418,55.8,gateway,gateway_A,raspberrypi,14,ESP32->RPi,decrypt,117,233,116,2.411,1,esp32_edge_normal_1,0,normal
14:26:31.421,55.8,gateway,gateway_A,raspberrypi,14,ESP32->RPi,decrypt,118,237,119,1.903,1,esp32_edge_normal_3,0,normal
14:26:31.423,55.8,gateway,gateway_A,raspberrypi,14,ESP32->RPi,decrypt,118,237,119,1.378,1,esp32_edge_normal_2,0,normal
14:26:31.425,55.8,gateway,gateway_A,raspberrypi,14,ESP32->RPi,decrypt,118,237,119,1.461,1,esp32_edge_normal_1,0,normal
14:26:43.316,67.7,gateway,gateway_A,raspberrypi,14,ESP32->RPi,decrypt,121,241,120,4.29,1,esp32_edge_normal_2,0,normal
14:26:43.337,67.7,gateway,gateway_A,raspberrypi,14,ESP32->RPi,decrypt,117,233,116,3.993,1,esp32_edge_normal_1,0,normal
14:26:43.848,68.2,gateway,gateway_A,raspberrypi,14,ESP32->RPi,decrypt,119,237,118,1.431,1,esp32_edge_normal_3,0,normal
14:26:48.317,72.7,gateway,gateway_A,raspberrypi,14,ESP32->RPi,decrypt,116,233,117,1.402,1,esp32_edge_normal_2,0,normal
14:26:48.345,72.7,gateway,gateway_A,raspberrypi,14,ESP32->RPi,decrypt,118,237,119,1.542,1,esp32_edge_normal_1,0,normal
14:26:48.858,73.2,gateway,gateway_A,raspberrypi,14,ESP32->RPi,decrypt,116,233,117,4.061,1,esp32_edge_normal_3,0,normal
14:26:53.394,77.8,gateway,gateway_A,raspberrypi,14,ESP32->RPi,decrypt,116,233,117,4.057,1,esp32_edge_normal_2,0,normal
14:26:53.399,77.8,gateway,gateway_A,raspberrypi,14,ESP32->RPi,decrypt,113,229,116,3.845,1,esp32_edge_normal_1,0,normal
14:26:53.853,78.2,gateway,gateway_A,raspberrypi,14,ESP32->RPi,decrypt,120,237,117,4.168,1,esp32_edge_normal_3,0,normal
14:26:58.407,82.8,gateway,gateway_A,raspberrypi,14,ESP32->RPi,decrypt,120,237,117,4.398,1,esp32_edge_normal_2,0,normal
14:26:58.413,82.8,gateway,gateway_A,raspberrypi,14,ESP32->RPi,decrypt,116,233,117,4.028,1,esp32_edge_normal_1,0,normal
14:26:58.853,83.2,gateway,gateway_A,raspberrypi,14,ESP32->RPi,decrypt,114,229,115,4.211,1,esp32_edge_normal_3,0,normal
14:27:03.312,87.7,gateway,gateway_A,raspberrypi,14,ESP32->RPi,decrypt,119,237,118,1.39,1,esp32_edge_normal_2,0,normal
14:27:03.329,87.7,gateway,gateway_A,raspberrypi,14,ESP32->RPi,decrypt,113,229,116,1.305,1,esp32_edge_normal_1,0,normal
14:27:03.850,88.2,gateway,gateway_A,raspberrypi,14,ESP32->RPi,decrypt,113,229,116,1.259,1,esp32_edge_normal_3,0,normal
14:27:08.324,92.7,gateway,gateway_A,raspberrypi,14,ESP32->RPi,decrypt,114,229,115,3.863,1,esp32_edge_normal_2,0,normal
14:27:08.332,92.7,gateway,gateway_A,raspberrypi,14,ESP32->RPi,decrypt,114,229,115,3.826,1,esp32_edge_normal_1,0,normal
14:27:08.851,93.2,gateway,gateway_A,raspberrypi,14,ESP32->RPi,decrypt,116,233,117,3.896,1,esp32_edge_normal_3,0,normal
14:27:13.312,97.7,gateway,gateway_A,raspberrypi,14,ESP32->RPi,decrypt,120,237,117,3.99,1,esp32_edge_normal_2,0,normal
14:27:13.330,97.7,gateway,gateway_A,raspberrypi,14,ESP32->RPi,decrypt,113,229,116,3.872,1,esp32_edge_normal_1,0,normal
14:27:13.854,98.2,gateway,gateway_A,raspberrypi,14,ESP32->RPi,decrypt,120,237,117,4.302,1,esp32_edge_normal_3,0,normal
14:27:18.376,102.7,gateway,gateway_A,raspberrypi,14,ESP32->RPi,decrypt,115,233,118,4.112,1,esp32_edge_normal_2,0,normal
14:27:18.381,102.7,gateway,gateway_A,raspberrypi,14,ESP32->RPi,decrypt,117,233,116,4.072,1,esp32_edge_normal_1,0,normal
14:27:18.851,103.2,gateway,gateway_A,raspberrypi,14,ESP32->RPi,decrypt,115,233,118,4.227,1,esp32_edge_normal_3,0,normal
14:27:23.393,107.8,gateway,gateway_A,raspberrypi,14,ESP32->RPi,decrypt,118,237,119,4.155,1,esp32_edge_normal_2,0,normal
14:27:23.399,107.8,gateway,gateway_A,raspberrypi,14,ESP32->RPi,decrypt,120,237,117,4.002,1,esp32_edge_normal_1,0,normal
14:27:24.411,108.8,gateway,gateway_A,raspberrypi,14,RPi->PC,encrypt,3652,4954,1302,37.238,1,,,
14:27:24.663,109.0,gateway,gateway_A,raspberrypi,14,PC->RPi,decrypt,3540,4802,1262,32.382,1,,,
14:27:24.705,109.1,gateway,gateway_A,raspberrypi,14,RPi->ESP32,encrypt,3540,4802,1262,34.359,2,,,
14:27:25.032,109.4,gateway,gateway_A,raspberrypi,14,ESP32->RPi,decrypt,112,229,117,1.381,2,esp32_edge_normal_3,0,normal
14:27:36.939,121.3,gateway,gateway_A,raspberrypi,14,ESP32->RPi,decrypt,121,241,120,4.041,2,esp32_edge_normal_2,0,normal
14:27:36.989,121.4,gateway,gateway_A,raspberrypi,14,ESP32->RPi,decrypt,117,233,116,3.916,2,esp32_edge_normal_3,0,normal
14:27:37.007,121.4,gateway,gateway_A,raspberrypi,14,ESP32->RPi,decrypt,116,233,117,4.107,2,esp32_edge_normal_1,0,normal
14:27:41.939,126.3,gateway,gateway_A,raspberrypi,14,ESP32->RPi,decrypt,116,233,117,4.138,2,esp32_edge_normal_2,0,normal
14:27:41.972,126.3,gateway,gateway_A,raspberrypi,14,ESP32->RPi,decrypt,117,233,116,4.082,2,esp32_edge_normal_3,0,normal
14:27:42.004,126.4,gateway,gateway_A,raspberrypi,14,ESP32->RPi,decrypt,115,233,118,4.169,2,esp32_edge_normal_1,0,normal
14:27:46.936,131.3,gateway,gateway_A,raspberrypi,14,ESP32->RPi,decrypt,117,233,116,1.437,2,esp32_edge_normal_2,0,normal
14:27:46.967,131.3,gateway,gateway_A,raspberrypi,14,ESP32->RPi,decrypt,113,229,116,1.352,2,esp32_edge_normal_3,0,normal
14:27:47.007,131.4,gateway,gateway_A,raspberrypi,14,ESP32->RPi,decrypt,120,237,117,1.476,2,esp32_edge_normal_1,0,normal
14:27:51.963,136.3,gateway,gateway_A,raspberrypi,14,ESP32->RPi,decrypt,120,237,117,4.329,2,esp32_edge_normal_2,0,normal
14:27:51.972,136.3,gateway,gateway_A,raspberrypi,14,ESP32->RPi,decrypt,117,233,116,4.107,2,esp32_edge_normal_3,0,normal
14:27:52.009,136.4,gateway,gateway_A,raspberrypi,14,ESP32->RPi,decrypt,116,233,117,4.16,2,esp32_edge_normal_1,0,normal
14:27:56.981,141.3,gateway,gateway_A,raspberrypi,14,ESP32->RPi,decrypt,121,241,120,4.409,2,esp32_edge_normal_2,0,normal
14:27:56.987,141.4,gateway,gateway_A,raspberrypi,14,ESP32->RPi,decrypt,118,237,119,4.096,2,esp32_edge_normal_3,0,normal
14:27:57.012,141.4,gateway,gateway_A,raspberrypi,14,ESP32->RPi,decrypt,120,237,117,4.336,2,esp32_edge_normal_1,0,normal
14:28:01.994,146.4,gateway,gateway_A,raspberrypi,14,ESP32->RPi,decrypt,117,233,116,1.406,2,esp32_edge_normal_2,0,normal
14:28:01.997,146.4,gateway,gateway_A,raspberrypi,14,ESP32->RPi,decrypt,117,233,116,1.416,2,esp32_edge_normal_3,0,normal
14:28:02.008,146.4,gateway,gateway_A,raspberrypi,14,ESP32->RPi,decrypt,106,221,115,1.417,2,esp32_edge_normal_1,0,normal
14:28:07.017,151.4,gateway,gateway_A,raspberrypi,14,ESP32->RPi,decrypt,119,237,118,4.936,2,esp32_edge_normal_2,0,normal
14:28:07.022,151.4,gateway,gateway_A,raspberrypi,14,ESP32->RPi,decrypt,117,233,116,4.386,2,esp32_edge_normal_3,0,normal
14:28:07.028,151.4,gateway,gateway_A,raspberrypi,14,ESP32->RPi,decrypt,118,237,119,4.17,2,esp32_edge_normal_1,0,normal
14:28:12.034,156.4,gateway,gateway_A,raspberrypi,14,ESP32->RPi,decrypt,117,233,116,4.081,2,esp32_edge_normal_2,0,normal
14:28:12.039,156.4,gateway,gateway_A,raspberrypi,14,ESP32->RPi,decrypt,116,233,117,4.064,2,esp32_edge_normal_3,0,normal
14:28:12.044,156.4,gateway,gateway_A,raspberrypi,14,ESP32->RPi,decrypt,114,229,115,3.91,2,esp32_edge_normal_1,0,normal
14:28:16.945,161.3,gateway,gateway_A,raspberrypi,14,ESP32->RPi,decrypt,120,237,117,4.129,2,esp32_edge_normal_2,0,normal
14:28:16.972,161.3,gateway,gateway_A,raspberrypi,14,ESP32->RPi,decrypt,116,233,117,7.556,2,esp32_edge_normal_3,0,normal
14:28:17.005,161.4,gateway,gateway_A,raspberrypi,14,ESP32->RPi,decrypt,117,233,116,3.938,2,esp32_edge_normal_1,0,normal
14:28:21.962,166.3,gateway,gateway_A,raspberrypi,14,ESP32->RPi,decrypt,115,233,118,1.282,2,esp32_edge_normal_2,0,normal
14:28:21.966,166.3,gateway,gateway_A,raspberrypi,14,ESP32->RPi,decrypt,114,229,115,1.242,2,esp32_edge_normal_3,0,normal
14:28:22.960,167.3,gateway,gateway_A,raspberrypi,14,RPi->PC,encrypt,3628,4922,1294,37.077,2,,,
14:28:23.184,167.5,gateway,gateway_A,raspberrypi,14,PC->RPi,decrypt,3536,4798,1262,32.083,2,,,
14:28:23.227,167.6,gateway,gateway_A,raspberrypi,14,RPi->ESP32,encrypt,3536,4798,1262,35.479,3,,,
14:28:23.250,167.6,gateway,gateway_A,raspberrypi,14,ESP32->RPi,decrypt,117,233,116,1.525,3,esp32_edge_normal_1,0,normal
14:28:35.179,179.5,gateway,gateway_A,raspberrypi,14,ESP32->RPi,decrypt,117,233,116,3.681,3,esp32_edge_normal_2,0,normal
14:28:35.643,180.0,gateway,gateway_A,raspberrypi,14,ESP32->RPi,decrypt,118,237,119,4.453,3,esp32_edge_normal_3,0,normal
14:28:35.651,180.0,gateway,gateway_A,raspberrypi,14,ESP32->RPi,decrypt,118,237,119,4.125,3,esp32_edge_normal_1,0,normal
14:28:40.205,184.6,gateway,gateway_A,raspberrypi,14,ESP32->RPi,decrypt,119,237,118,4.225,3,esp32_edge_normal_2,0,normal
14:28:40.721,185.1,gateway,gateway_A,raspberrypi,14,ESP32->RPi,decrypt,119,237,118,4.273,3,esp32_edge_normal_3,0,normal
14:28:40.727,185.1,gateway,gateway_A,raspberrypi,14,ESP32->RPi,decrypt,116,233,117,3.929,3,esp32_edge_normal_1,0,normal
14:28:45.124,189.5,gateway,gateway_A,raspberrypi,14,ESP32->RPi,decrypt,114,229,115,1.336,3,esp32_edge_normal_2,0,normal
14:28:45.638,190.0,gateway,gateway_A,raspberrypi,14,ESP32->RPi,decrypt,121,241,120,1.355,3,esp32_edge_normal_3,0,normal
14:28:45.654,190.0,gateway,gateway_A,raspberrypi,14,ESP32->RPi,decrypt,116,233,117,1.265,3,esp32_edge_normal_1,0,normal
14:28:50.233,194.6,gateway,gateway_A,raspberrypi,14,ESP32->RPi,decrypt,120,237,117,3.984,3,esp32_edge_normal_2,0,normal
14:28:50.646,195.0,gateway,gateway_A,raspberrypi,14,ESP32->RPi,decrypt,115,233,118,4.418,3,esp32_edge_normal_3,0,normal
14:28:50.651,195.0,gateway,gateway_A,raspberrypi,14,ESP32->RPi,decrypt,117,233,116,3.777,3,esp32_edge_normal_1,0,normal
14:28:55.148,199.5,gateway,gateway_A,raspberrypi,14,ESP32->RPi,decrypt,116,233,117,4.174,3,esp32_edge_normal_2,0,normal
14:28:55.647,200.0,gateway,gateway_A,raspberrypi,14,ESP32->RPi,decrypt,115,233,118,4.622,3,esp32_edge_normal_3,0,normal
14:28:55.653,200.0,gateway,gateway_A,raspberrypi,14,ESP32->RPi,decrypt,121,241,120,4.314,3,esp32_edge_normal_1,0,normal
14:29:00.113,204.5,gateway,gateway_A,raspberrypi,14,ESP32->RPi,decrypt,118,237,119,1.439,3,esp32_edge_normal_2,0,normal
14:29:00.637,205.0,gateway,gateway_A,raspberrypi,14,ESP32->RPi,decrypt,114,229,115,1.296,3,esp32_edge_normal_3,0,normal
14:29:00.643,205.0,gateway,gateway_A,raspberrypi,14,ESP32->RPi,decrypt,118,237,119,1.277,3,esp32_edge_normal_1,0,normal
14:29:05.184,209.5,gateway,gateway_A,raspberrypi,14,ESP32->RPi,decrypt,120,237,117,4.235,3,esp32_edge_normal_2,0,normal
14:29:05.640,210.0,gateway,gateway_A,raspberrypi,14,ESP32->RPi,decrypt,117,233,116,4.082,3,esp32_edge_normal_3,0,normal
14:29:05.647,210.0,gateway,gateway_A,raspberrypi,14,ESP32->RPi,decrypt,117,233,116,4.121,3,esp32_edge_normal_1,0,normal
14:29:10.114,214.5,gateway,gateway_A,raspberrypi,14,ESP32->RPi,decrypt,120,237,117,4.369,3,esp32_edge_normal_2,0,normal
14:29:10.641,215.0,gateway,gateway_A,raspberrypi,14,ESP32->RPi,decrypt,120,237,117,4.289,3,esp32_edge_normal_3,0,normal
14:29:10.649,215.0,gateway,gateway_A,raspberrypi,14,ESP32->RPi,decrypt,116,233,117,4.063,3,esp32_edge_normal_1,0,normal
14:29:15.219,219.6,gateway,gateway_A,raspberrypi,14,ESP32->RPi,decrypt,115,233,118,4.161,3,esp32_edge_normal_2,0,normal
14:29:15.636,220.0,gateway,gateway_A,raspberrypi,14,ESP32->RPi,decrypt,115,233,118,1.462,3,esp32_edge_normal_3,0,normal
14:29:15.645,220.0,gateway,gateway_A,raspberrypi,14,ESP32->RPi,decrypt,113,229,116,1.398,3,esp32_edge_normal_1,0,normal
14:29:20.109,224.5,gateway,gateway_A,raspberrypi,14,ESP32->RPi,decrypt,114,229,115,1.39,3,esp32_edge_normal_2,0,normal
14:29:20.642,225.0,gateway,gateway_A,raspberrypi,14,ESP32->RPi,decrypt,112,229,117,3.997,3,esp32_edge_normal_3,0,normal
14:29:21.612,226.0,gateway,gateway_A,raspberrypi,14,RPi->PC,encrypt,3618,4906,1288,36.224,3,,,
14:29:21.842,226.2,gateway,gateway_A,raspberrypi,14,PC->RPi,decrypt,3524,4782,1258,33.992,3,,,
14:29:21.885,226.2,gateway,gateway_A,raspberrypi,14,RPi->ESP32,encrypt,3524,4782,1258,36.152,4,,,
14:29:21.905,226.3,gateway,gateway_A,raspberrypi,14,ESP32->RPi,decrypt,113,229,116,1.527,4,esp32_edge_normal_1,0,normal
14:29:33.810,238.2,gateway,gateway_A,raspberrypi,14,ESP32->RPi,decrypt,111,225,114,4.335,4,esp32_edge_normal_2,0,normal
14:29:33.816,238.2,gateway,gateway_A,raspberrypi,14,ESP32->RPi,decrypt,114,229,115,3.9,4,esp32_edge_normal_3,0,normal
14:29:33.857,238.2,gateway,gateway_A,raspberrypi,14,ESP32->RPi,decrypt,119,237,118,4.124,4,esp32_edge_normal_1,0,normal
14:29:38.900,243.3,gateway,gateway_A,raspberrypi,14,ESP32->RPi,decrypt,114,229,115,4.322,4,esp32_edge_normal_2,0,normal
14:29:38.905,243.3,gateway,gateway_A,raspberrypi,14,ESP32->RPi,decrypt,120,237,117,4.483,4,esp32_edge_normal_3,0,normal
14:29:38.910,243.3,gateway,gateway_A,raspberrypi,14,ESP32->RPi,decrypt,113,229,116,4.325,4,esp32_edge_normal_1,0,normal
14:29:43.811,248.2,gateway,gateway_A,raspberrypi,14,ESP32->RPi,decrypt,121,241,120,4.93,4,esp32_edge_normal_2,0,normal
14:29:43.816,248.2,gateway,gateway_A,raspberrypi,14,ESP32->RPi,decrypt,116,233,117,3.898,4,esp32_edge_normal_3,0,normal
14:29:43.849,248.2,gateway,gateway_A,raspberrypi,14,ESP32->RPi,decrypt,116,233,117,3.971,4,esp32_edge_normal_1,0,normal
14:29:48.806,253.2,gateway,gateway_A,raspberrypi,14,ESP32->RPi,decrypt,118,237,119,1.293,4,esp32_edge_normal_3,0,normal
14:29:48.813,253.2,gateway,gateway_A,raspberrypi,14,ESP32->RPi,decrypt,114,229,115,1.253,4,esp32_edge_normal_2,0,normal
14:29:48.857,253.2,gateway,gateway_A,raspberrypi,14,ESP32->RPi,decrypt,116,233,117,1.433,4,esp32_edge_normal_1,0,normal
14:29:53.809,258.2,gateway,gateway_A,raspberrypi,14,ESP32->RPi,decrypt,117,233,116,3.975,4,esp32_edge_normal_2,0,normal
14:29:53.815,258.2,gateway,gateway_A,raspberrypi,14,ESP32->RPi,decrypt,121,241,120,4.155,4,esp32_edge_normal_3,0,normal
14:29:53.875,258.2,gateway,gateway_A,raspberrypi,14,ESP32->RPi,decrypt,120,237,117,3.126,4,esp32_edge_normal_1,0,normal
14:29:58.838,263.2,gateway,gateway_A,raspberrypi,14,ESP32->RPi,decrypt,120,237,117,4.414,4,esp32_edge_normal_2,0,normal
14:29:58.843,263.2,gateway,gateway_A,raspberrypi,14,ESP32->RPi,decrypt,120,237,117,4.208,4,esp32_edge_normal_3,0,normal
14:29:58.853,263.2,gateway,gateway_A,raspberrypi,14,ESP32->RPi,decrypt,113,229,116,4.121,4,esp32_edge_normal_1,0,normal
14:30:03.859,268.2,gateway,gateway_A,raspberrypi,14,ESP32->RPi,decrypt,113,229,116,3.972,4,esp32_edge_normal_2,0,normal
14:30:03.864,268.2,gateway,gateway_A,raspberrypi,14,ESP32->RPi,decrypt,118,237,119,3.904,4,esp32_edge_normal_3,0,normal
14:30:03.869,268.2,gateway,gateway_A,raspberrypi,14,ESP32->RPi,decrypt,116,233,117,4.052,4,esp32_edge_normal_1,0,normal
14:30:08.800,273.2,gateway,gateway_A,raspberrypi,14,ESP32->RPi,decrypt,114,229,115,1.454,4,esp32_edge_normal_2,0,normal
14:30:08.807,273.2,gateway,gateway_A,raspberrypi,14,ESP32->RPi,decrypt,120,237,117,1.416,4,esp32_edge_normal_3,0,normal
14:30:08.847,273.2,gateway,gateway_A,raspberrypi,14,ESP32->RPi,decrypt,116,233,117,1.434,4,esp32_edge_normal_1,0,normal
14:30:13.804,278.2,gateway,gateway_A,raspberrypi,14,ESP32->RPi,decrypt,117,233,116,4.122,4,esp32_edge_normal_2,0,normal
14:30:13.812,278.2,gateway,gateway_A,raspberrypi,14,ESP32->RPi,decrypt,117,233,116,4.006,4,esp32_edge_normal_3,0,normal
14:30:13.847,278.2,gateway,gateway_A,raspberrypi,14,ESP32->RPi,decrypt,117,233,116,4.207,4,esp32_edge_normal_1,0,normal
14:30:18.912,283.3,gateway,gateway_A,raspberrypi,14,ESP32->RPi,decrypt,113,229,116,4.037,4,esp32_edge_normal_2,0,normal
14:30:18.918,283.3,gateway,gateway_A,raspberrypi,14,ESP32->RPi,decrypt,121,241,120,4.003,4,esp32_edge_normal_3,0,normal
14:30:20.041,284.4,gateway,gateway_A,raspberrypi,14,RPi->PC,encrypt,3614,4902,1288,35.575,4,,,
14:30:20.244,284.6,gateway,gateway_A,raspberrypi,14,PC->RPi,decrypt,3539,4802,1263,31.839,4,,,
14:30:20.283,284.6,gateway,gateway_A,raspberrypi,14,RPi->ESP32,encrypt,3539,4802,1263,32.535,5,,,
14:30:20.297,284.7,gateway,gateway_A,raspberrypi,14,ESP32->RPi,decrypt,120,237,117,1.517,5,esp32_edge_normal_1,0,normal
14:31:53.386,377.8,gateway,gateway_A,raspberrypi,14,ESP32->RPi,decrypt,123,241,118,4.624,5,esp32_edge_simulator_1,0,normal
14:33:23.234,467.6,gateway,gateway_A,raspberrypi,14,ESP32->RPi,decrypt,105,217,112,4.162,5,esp32_edge_simulator_1,1,mqtt_bruteforce
14:33:25.894,470.3,gateway,gateway_A,raspberrypi,14,ESP32->RPi,decrypt,118,237,119,1.415,5,esp32_edge_normal_1,0,normal
14:33:28.226,472.6,gateway,gateway_A,raspberrypi,14,ESP32->RPi,decrypt,107,221,114,1.338,5,esp32_edge_simulator_1,1,mqtt_bruteforce
14:33:28.377,472.7,gateway,gateway_A,raspberrypi,14,ESP32->RPi,decrypt,116,233,117,1.403,5,esp32_edge_normal_2,0,normal
14:33:30.881,475.2,gateway,gateway_A,raspberrypi,14,ESP32->RPi,decrypt,117,233,116,3.66,5,esp32_edge_normal_1,0,normal
14:33:33.270,477.6,gateway,gateway_A,raspberrypi,14,ESP32->RPi,decrypt,119,237,118,4.083,5,esp32_edge_simulator_1,0,normal
14:33:33.381,477.7,gateway,gateway_A,raspberrypi,14,ESP32->RPi,decrypt,116,233,117,3.552,5,esp32_edge_normal_2,0,normal
14:33:35.867,480.2,gateway,gateway_A,raspberrypi,14,ESP32->RPi,decrypt,121,241,120,3.502,5,esp32_edge_normal_1,0,normal
14:33:38.216,482.6,gateway,gateway_A,raspberrypi,14,ESP32->RPi,decrypt,107,221,114,3.624,5,esp32_edge_simulator_1,1,mqtt_bruteforce
14:33:38.377,482.7,gateway,gateway_A,raspberrypi,14,ESP32->RPi,decrypt,114,229,115,2.342,5,esp32_edge_normal_2,0,normal
14:33:40.927,485.3,gateway,gateway_A,raspberrypi,14,ESP32->RPi,decrypt,117,233,116,4.129,5,esp32_edge_normal_1,0,normal
14:33:43.211,487.6,gateway,gateway_A,raspberrypi,14,ESP32->RPi,decrypt,81,185,104,3.185,5,esp32_edge_simulator_1,2,scan_A
14:33:43.378,487.7,gateway,gateway_A,raspberrypi,14,ESP32->RPi,decrypt,119,237,118,2.429,5,esp32_edge_normal_2,0,normal
14:33:45.868,490.2,gateway,gateway_A,raspberrypi,14,ESP32->RPi,decrypt,121,241,120,3.571,5,esp32_edge_normal_1,0,normal
14:33:48.212,492.6,gateway,gateway_A,raspberrypi,14,ESP32->RPi,decrypt,108,221,113,3.756,5,esp32_edge_simulator_1,2,scan_A
14:33:48.378,492.7,gateway,gateway_A,raspberrypi,14,ESP32->RPi,decrypt,116,233,117,3.465,5,esp32_edge_normal_2,0,normal
14:33:50.891,495.3,gateway,gateway_A,raspberrypi,14,ESP32->RPi,decrypt,117,233,116,4.179,5,esp32_edge_normal_1,0,normal
14:33:53.212,497.6,gateway,gateway_A,raspberrypi,14,ESP32->RPi,decrypt,108,221,113,3.862,5,esp32_edge_simulator_1,1,mqtt_bruteforce
14:33:53.377,497.7,gateway,gateway_A,raspberrypi,14,ESP32->RPi,decrypt,117,233,116,2.728,5,esp32_edge_normal_2,0,normal
14:33:55.869,500.2,gateway,gateway_A,raspberrypi,14,ESP32->RPi,decrypt,117,233,116,3.302,5,esp32_edge_normal_1,0,normal
14:33:58.204,502.6,gateway,gateway_A,raspberrypi,14,ESP32->RPi,decrypt,120,237,117,4.163,5,esp32_edge_simulator_1,0,normal
14:33:58.378,502.7,gateway,gateway_A,raspberrypi,14,ESP32->RPi,decrypt,120,237,117,3.424,5,esp32_edge_normal_2,0,normal
14:34:00.868,505.2,gateway,gateway_A,raspberrypi,14,ESP32->RPi,decrypt,119,237,118,3.799,5,esp32_edge_normal_1,0,normal
14:34:03.211,507.6,gateway,gateway_A,raspberrypi,14,ESP32->RPi,decrypt,113,229,116,3.722,5,esp32_edge_simulator_1,1,mqtt_bruteforce
14:34:03.384,507.7,gateway,gateway_A,raspberrypi,14,ESP32->RPi,decrypt,117,233,116,3.274,5,esp32_edge_normal_2,0,normal
14:34:05.936,510.3,gateway,gateway_A,raspberrypi,14,ESP32->RPi,decrypt,121,241,120,4.193,5,esp32_edge_normal_1,0,normal
14:34:08.291,512.7,gateway,gateway_A,raspberrypi,14,ESP32->RPi,decrypt,112,229,117,4.021,5,esp32_edge_simulator_1,1,mqtt_bruteforce
14:34:08.408,512.8,gateway,gateway_A,raspberrypi,14,ESP32->RPi,decrypt,121,241,120,3.265,5,esp32_edge_normal_2,0,normal
14:34:09.436,513.8,gateway,gateway_A,raspberrypi,14,RPi->PC,encrypt,3645,4942,1297,37.726,5,,,
14:34:09.666,514.0,gateway,gateway_A,raspberrypi,14,PC->RPi,decrypt,3546,4810,1264,30.668,5,,,
14:34:09.707,514.1,gateway,gateway_A,raspberrypi,14,RPi->ESP32,encrypt,3546,4810,1264,33.851,6,,,
14:34:21.707,526.1,gateway,gateway_A,raspberrypi,14,ESP32->RPi,decrypt,123,241,118,4.551,6,esp32_edge_simulator_1,0,normal
14:34:21.713,526.1,gateway,gateway_A,raspberrypi,14,ESP32->RPi,decrypt,117,233,116,4.308,6,esp32_edge_normal_2,0,normal
14:34:21.718,526.1,gateway,gateway_A,raspberrypi,14,ESP32->RPi,decrypt,121,241,120,4.427,6,esp32_edge_normal_1,0,normal
14:34:26.720,531.1,gateway,gateway_A,raspberrypi,14,ESP32->RPi,decrypt,119,237,118,1.374,6,esp32_edge_normal_2,0,normal
14:34:26.723,531.1,gateway,gateway_A,raspberrypi,14,ESP32->RPi,decrypt,81,185,104,1.053,6,esp32_edge_simulator_1,2,scan_A
14:34:26.724,531.1,gateway,gateway_A,raspberrypi,14,ESP32->RPi,decrypt,117,233,116,1.295,6,esp32_edge_normal_1,0,normal
14:34:31.742,536.1,gateway,gateway_A,raspberrypi,14,ESP32->RPi,decrypt,123,241,118,4.87,6,esp32_edge_simulator_1,0,normal
14:34:31.747,536.1,gateway,gateway_A,raspberrypi,14,ESP32->RPi,decrypt,119,237,118,3.671,6,esp32_edge_normal_2,0,normal
14:34:31.752,536.1,gateway,gateway_A,raspberrypi,14,ESP32->RPi,decrypt,116,233,117,3.801,6,esp32_edge_normal_1,0,normal
14:34:36.658,541.0,gateway,gateway_A,raspberrypi,14,ESP32->RPi,decrypt,116,233,117,3.884,6,esp32_edge_normal_2,0,normal
14:34:36.663,541.0,gateway,gateway_A,raspberrypi,14,ESP32->RPi,decrypt,102,213,111,3.549,6,esp32_edge_simulator_1,2,scan_A
14:34:36.703,541.1,gateway,gateway_A,raspberrypi,14,ESP32->RPi,decrypt,120,237,117,4.398,6,esp32_edge_normal_1,0,normal
14:34:41.657,546.0,gateway,gateway_A,raspberrypi,14,ESP32->RPi,decrypt,121,241,120,4.634,6,esp32_edge_simulator_1,0,normal
14:34:41.663,546.0,gateway,gateway_A,raspberrypi,14,ESP32->RPi,decrypt,118,237,119,4.144,6,esp32_edge_normal_2,0,normal
14:34:41.707,546.1,gateway,gateway_A,raspberrypi,14,ESP32->RPi,decrypt,118,237,119,4.243,6,esp32_edge_normal_1,0,normal
14:34:46.656,551.0,gateway,gateway_A,raspberrypi,14,ESP32->RPi,decrypt,116,233,117,1.415,6,esp32_edge_normal_2,0,normal
14:34:46.660,551.0,gateway,gateway_A,raspberrypi,14,ESP32->RPi,decrypt,107,221,114,1.313,6,esp32_edge_simulator_1,1,mqtt_bruteforce
14:34:46.701,551.1,gateway,gateway_A,raspberrypi,14,ESP32->RPi,decrypt,120,237,117,1.504,6,esp32_edge_normal_1,0,normal
14:34:51.712,556.1,gateway,gateway_A,raspberrypi,14,ESP32->RPi,decrypt,117,233,116,4.103,6,esp32_edge_simulator_1,0,normal
14:34:51.717,556.1,gateway,gateway_A,raspberrypi,14,ESP32->RPi,decrypt,118,237,119,3.917,6,esp32_edge_normal_2,0,normal
14:34:51.722,556.1,gateway,gateway_A,raspberrypi,14,ESP32->RPi,decrypt,119,237,118,3.777,6,esp32_edge_normal_1,0,normal
14:34:56.724,561.1,gateway,gateway_A,raspberrypi,14,ESP32->RPi,decrypt,115,233,118,1.374,6,esp32_edge_normal_2,0,normal
14:34:56.726,561.1,gateway,gateway_A,raspberrypi,14,ESP32->RPi,decrypt,109,225,116,1.292,6,esp32_edge_simulator_1,1,mqtt_bruteforce
14:34:56.728,561.1,gateway,gateway_A,raspberrypi,14,ESP32->RPi,decrypt,112,229,117,1.383,6,esp32_edge_normal_1,0,normal
14:35:01.654,566.0,gateway,gateway_A,raspberrypi,14,ESP32->RPi,decrypt,113,229,116,4.221,6,esp32_edge_normal_2,0,normal
14:35:01.661,566.0,gateway,gateway_A,raspberrypi,14,ESP32->RPi,decrypt,113,229,116,4.169,6,esp32_edge_simulator_1,1,mqtt_bruteforce
14:35:01.705,566.1,gateway,gateway_A,raspberrypi,14,ESP32->RPi,decrypt,120,237,117,4.57,6,esp32_edge_normal_1,0,normal
14:35:06.763,571.1,gateway,gateway_A,raspberrypi,14,ESP32->RPi,decrypt,115,233,118,4.255,6,esp32_edge_normal_2,0,normal
14:35:06.768,571.1,gateway,gateway_A,raspberrypi,14,ESP32->RPi,decrypt,81,185,104,3.124,6,esp32_edge_simulator_1,2,scan_A
14:35:06.773,571.1,gateway,gateway_A,raspberrypi,14,ESP32->RPi,decrypt,121,241,120,3.99,6,esp32_edge_normal_1,0,normal
14:35:07.909,572.3,gateway,gateway_A,raspberrypi,14,RPi->PC,encrypt,3646,4946,1300,40.398,6,,,
14:35:08.154,572.5,gateway,gateway_A,raspberrypi,14,PC->RPi,decrypt,3531,4790,1259,34.091,6,,,
14:35:08.198,572.6,gateway,gateway_A,raspberrypi,14,RPi->ESP32,encrypt,3531,4790,1259,37.043,7,,,
14:35:20.124,584.5,gateway,gateway_A,raspberrypi,14,ESP32->RPi,decrypt,124,245,121,4.51,7,esp32_edge_simulator_1,0,normal
14:35:20.130,584.5,gateway,gateway_A,raspberrypi,14,ESP32->RPi,decrypt,120,237,117,4.365,7,esp32_edge_normal_2,0,normal
14:35:20.176,584.5,gateway,gateway_A,raspberrypi,14,ESP32->RPi,decrypt,121,241,120,4.38,7,esp32_edge_normal_1,0,normal
14:35:25.128,589.5,gateway,gateway_A,raspberrypi,14,ESP32->RPi,decrypt,117,233,116,4.48,7,esp32_edge_normal_2,0,normal
14:35:25.133,589.5,gateway,gateway_A,raspberrypi,14,ESP32->RPi,decrypt,81,185,104,3.443,7,esp32_edge_simulator_1,2,scan_A
14:35:25.174,589.5,gateway,gateway_A,raspberrypi,14,ESP32->RPi,decrypt,121,241,120,4.916,7,esp32_edge_normal_1,0,normal
14:35:30.127,594.5,gateway,gateway_A,raspberrypi,14,ESP32->RPi,decrypt,119,237,118,4.106,7,esp32_edge_normal_2,0,normal
14:35:30.133,594.5,gateway,gateway_A,raspberrypi,14,ESP32->RPi,decrypt,106,221,115,3.973,7,esp32_edge_simulator_1,2,scan_A
14:35:30.168,594.5,gateway,gateway_A,raspberrypi,14,ESP32->RPi,decrypt,121,241,120,4.073,7,esp32_edge_normal_1,0,normal
14:35:35.129,599.5,gateway,gateway_A,raspberrypi,14,ESP32->RPi,decrypt,120,237,117,4.399,7,esp32_edge_simulator_1,0,normal
14:35:35.134,599.5,gateway,gateway_A,raspberrypi,14,ESP32->RPi,decrypt,116,233,117,3.822,7,esp32_edge_normal_2,0,normal
14:35:35.170,599.5,gateway,gateway_A,raspberrypi,14,ESP32->RPi,decrypt,116,233,117,4.328,7,esp32_edge_normal_1,0,normal
14:35:40.146,604.5,gateway,gateway_A,raspberrypi,14,ESP32->RPi,decrypt,115,233,118,1.48,7,esp32_edge_normal_2,0,normal
14:35:40.190,604.6,gateway,gateway_A,raspberrypi,14,ESP32->RPi,decrypt,108,221,113,1.446,7,esp32_edge_simulator_1,1,mqtt_bruteforce
14:35:40.192,604.6,gateway,gateway_A,raspberrypi,14,ESP32->RPi,decrypt,120,237,117,1.502,7,esp32_edge_normal_1,0,normal
14:35:45.163,609.5,gateway,gateway_A,raspberrypi,14,ESP32->RPi,decrypt,124,245,121,5.068,7,esp32_edge_simulator_1,0,normal
14:35:45.168,609.5,gateway,gateway_A,raspberrypi,14,ESP32->RPi,decrypt,116,233,117,3.793,7,esp32_edge_normal_2,0,normal
14:35:45.173,609.5,gateway,gateway_A,raspberrypi,14,ESP32->RPi,decrypt,117,233,116,3.719,7,esp32_edge_normal_1,0,normal
14:35:50.125,614.5,gateway,gateway_A,raspberrypi,14,ESP32->RPi,decrypt,121,241,120,4.252,7,esp32_edge_simulator_1,0,normal
14:35:50.135,614.5,gateway,gateway_A,raspberrypi,14,ESP32->RPi,decrypt,117,233,116,3.99,7,esp32_edge_normal_2,0,normal
14:35:50.168,614.5,gateway,gateway_A,raspberrypi,14,ESP32->RPi,decrypt,113,229,116,4.272,7,esp32_edge_normal_1,0,normal
14:35:55.130,619.5,gateway,gateway_A,raspberrypi,14,ESP32->RPi,decrypt,114,229,115,4.836,7,esp32_edge_normal_2,0,normal
14:35:55.135,619.5,gateway,gateway_A,raspberrypi,14,ESP32->RPi,decrypt,109,225,116,3.92,7,esp32_edge_simulator_1,1,mqtt_bruteforce
14:35:55.165,619.5,gateway,gateway_A,raspberrypi,14,ESP32->RPi,decrypt,116,233,117,4.126,7,esp32_edge_normal_1,0,normal
14:36:00.124,624.5,gateway,gateway_A,raspberrypi,14,ESP32->RPi,decrypt,118,237,119,3.499,7,esp32_edge_normal_2,0,normal
14:36:00.129,624.5,gateway,gateway_A,raspberrypi,14,ESP32->RPi,decrypt,113,229,116,3.426,7,esp32_edge_simulator_1,1,mqtt_bruteforce
14:36:00.164,624.5,gateway,gateway_A,raspberrypi,14,ESP32->RPi,decrypt,116,233,117,3.324,7,esp32_edge_normal_1,0,normal
14:36:05.122,629.5,gateway,gateway_A,raspberrypi,14,ESP32->RPi,decrypt,122,241,119,4.185,7,esp32_edge_simulator_1,0,normal
14:36:05.130,629.5,gateway,gateway_A,raspberrypi,14,ESP32->RPi,decrypt,117,233,116,4.13,7,esp32_edge_normal_2,0,normal
14:36:05.163,629.5,gateway,gateway_A,raspberrypi,14,ESP32->RPi,decrypt,113,229,116,4.363,7,esp32_edge_normal_1,0,normal
14:36:06.130,630.5,gateway,gateway_A,raspberrypi,14,RPi->PC,encrypt,3629,4922,1293,32.525,7,,,
14:36:06.387,630.8,gateway,gateway_A,raspberrypi,14,PC->RPi,decrypt,3548,4814,1266,30.442,7,,,
14:36:06.428,630.8,gateway,gateway_A,raspberrypi,14,RPi->ESP32,encrypt,3548,4814,1266,33.912,8,,,
14:36:18.385,642.8,gateway,gateway_A,raspberrypi,14,ESP32->RPi,decrypt,120,237,117,4.518,8,esp32_edge_normal_2,0,normal
14:36:18.394,642.8,gateway,gateway_A,raspberrypi,14,ESP32->RPi,decrypt,113,229,116,4.077,8,esp32_edge_simulator_1,1,mqtt_bruteforce
14:36:18.452,642.8,gateway,gateway_A,raspberrypi,14,ESP32->RPi,decrypt,117,233,116,4.182,8,esp32_edge_normal_1,0,normal
14:36:23.460,647.8,gateway,gateway_A,raspberrypi,14,ESP32->RPi,decrypt,116,233,117,3.979,8,esp32_edge_normal_2,0,normal
14:36:23.465,647.8,gateway,gateway_A,raspberrypi,14,ESP32->RPi,decrypt,119,237,118,3.771,8,esp32_edge_simulator_1,0,normal
14:36:23.470,647.8,gateway,gateway_A,raspberrypi,14,ESP32->RPi,decrypt,115,233,118,3.756,8,esp32_edge_normal_1,0,normal
14:36:28.474,652.8,gateway,gateway_A,raspberrypi,14,ESP32->RPi,decrypt,115,233,118,1.315,8,esp32_edge_normal_2,0,normal
14:36:28.477,652.8,gateway,gateway_A,raspberrypi,14,ESP32->RPi,decrypt,123,241,118,1.408,8,esp32_edge_simulator_1,0,normal
14:36:28.479,652.8,gateway,gateway_A,raspberrypi,14,ESP32->RPi,decrypt,115,233,118,1.338,8,esp32_edge_normal_1,0,normal
14:36:33.496,657.9,gateway,gateway_A,raspberrypi,14,ESP32->RPi,decrypt,105,217,112,3.966,8,esp32_edge_normal_2,0,normal
14:36:33.500,657.9,gateway,gateway_A,raspberrypi,14,ESP32->RPi,decrypt,81,185,104,3.167,8,esp32_edge_simulator_1,2,scan_A
14:36:33.505,657.9,gateway,gateway_A,raspberrypi,14,ESP32->RPi,decrypt,115,233,118,3.822,8,esp32_edge_normal_1,0,normal
14:36:38.382,662.7,gateway,gateway_A,raspberrypi,14,ESP32->RPi,decrypt,114,229,115,3.891,8,esp32_edge_normal_2,0,normal
14:36:38.396,662.8,gateway,gateway_A,raspberrypi,14,ESP32->RPi,decrypt,110,225,115,3.566,8,esp32_edge_simulator_1,1,mqtt_bruteforce
14:36:38.502,662.9,gateway,gateway_A,raspberrypi,14,ESP32->RPi,decrypt,116,233,117,4.044,8,esp32_edge_normal_1,0,normal
14:36:43.380,667.7,gateway,gateway_A,raspberrypi,14,ESP32->RPi,decrypt,121,241,120,1.424,8,esp32_edge_normal_2,0,normal
14:36:43.392,667.8,gateway,gateway_A,raspberrypi,14,ESP32->RPi,decrypt,112,229,117,1.386,8,esp32_edge_simulator_1,1,mqtt_bruteforce
14:36:43.452,667.8,gateway,gateway_A,raspberrypi,14,ESP32->RPi,decrypt,116,233,117,1.37,8,esp32_edge_normal_1,0,normal
14:36:48.446,672.8,gateway,gateway_A,raspberrypi,14,ESP32->RPi,decrypt,107,221,114,3.888,8,esp32_edge_normal_2,0,normal
14:36:48.451,672.8,gateway,gateway_A,raspberrypi,14,ESP32->RPi,decrypt,111,225,114,3.98,8,esp32_edge_simulator_1,1,mqtt_bruteforce
14:36:48.456,672.8,gateway,gateway_A,raspberrypi,14,ESP32->RPi,decrypt,115,233,118,4.103,8,esp32_edge_normal_1,0,normal
14:36:53.465,677.8,gateway,gateway_A,raspberrypi,14,ESP32->RPi,decrypt,120,237,117,5.096,8,esp32_edge_normal_2,0,normal
14:36:53.470,677.8,gateway,gateway_A,raspberrypi,14,ESP32->RPi,decrypt,119,237,118,4.071,8,esp32_edge_simulator_1,0,normal
14:36:53.475,677.8,gateway,gateway_A,raspberrypi,14,ESP32->RPi,decrypt,116,233,117,3.708,8,esp32_edge_normal_1,0,normal
14:36:58.478,682.8,gateway,gateway_A,raspberrypi,14,ESP32->RPi,decrypt,116,233,117,1.321,8,esp32_edge_normal_2,0,normal
14:36:58.480,682.8,gateway,gateway_A,raspberrypi,14,ESP32->RPi,decrypt,81,185,104,1.042,8,esp32_edge_simulator_1,2,scan_A
14:36:58.482,682.8,gateway,gateway_A,raspberrypi,14,ESP32->RPi,decrypt,113,229,116,1.218,8,esp32_edge_normal_1,0,normal
14:37:03.382,687.7,gateway,gateway_A,raspberrypi,14,ESP32->RPi,decrypt,114,229,115,3.901,8,esp32_edge_normal_2,0,normal
14:37:03.387,687.8,gateway,gateway_A,raspberrypi,14,ESP32->RPi,decrypt,119,237,118,3.806,8,esp32_edge_simulator_1,0,normal
14:37:03.454,687.8,gateway,gateway_A,raspberrypi,14,ESP32->RPi,decrypt,117,233,116,4.385,8,esp32_edge_normal_1,0,normal
14:37:04.418,688.8,gateway,gateway_A,raspberrypi,14,RPi->PC,encrypt,3648,4946,1298,35.275,8,,,
14:37:04.675,689.0,gateway,gateway_A,raspberrypi,14,PC->RPi,decrypt,3520,4778,1258,31.63,8,,,
14:37:04.717,689.1,gateway,gateway_A,raspberrypi,14,RPi->ESP32,encrypt,3520,4778,1258,35.039,9,,,
14:37:16.661,701.0,gateway,gateway_A,raspberrypi,14,ESP32->RPi,decrypt,123,241,118,4.599,9,esp32_edge_simulator_1,0,normal
14:37:16.694,701.1,gateway,gateway_A,raspberrypi,14,ESP32->RPi,decrypt,117,233,116,4.18,9,esp32_edge_normal_1,0,normal
14:37:17.169,701.5,gateway,gateway_A,raspberrypi,14,ESP32->RPi,decrypt,121,241,120,4.315,9,esp32_edge_normal_2,0,normal
14:37:21.665,706.0,gateway,gateway_A,raspberrypi,14,ESP32->RPi,decrypt,81,185,104,3.058,9,esp32_edge_simulator_1,2,scan_A
14:37:21.696,706.1,gateway,gateway_A,raspberrypi,14,ESP32->RPi,decrypt,116,233,117,3.895,9,esp32_edge_normal_1,0,normal
14:37:22.166,706.5,gateway,gateway_A,raspberrypi,14,ESP32->RPi,decrypt,120,237,117,1.405,9,esp32_edge_normal_2,0,normal
14:37:26.741,711.1,gateway,gateway_A,raspberrypi,14,ESP32->RPi,decrypt,120,237,117,1.486,9,esp32_edge_simulator_1,0,normal
14:37:26.743,711.1,gateway,gateway_A,raspberrypi,14,ESP32->RPi,decrypt,114,229,115,1.361,9,esp32_edge_normal_1,0,normal
14:37:27.169,711.5,gateway,gateway_A,raspberrypi,14,ESP32->RPi,decrypt,116,233,117,4.259,9,esp32_edge_normal_2,0,normal
14:37:31.763,716.1,gateway,gateway_A,raspberrypi,14,ESP32->RPi,decrypt,113,229,116,4.3,9,esp32_edge_simulator_1,1,mqtt_bruteforce
14:37:31.768,716.1,gateway,gateway_A,raspberrypi,14,ESP32->RPi,decrypt,119,237,118,4.108,9,esp32_edge_normal_1,0,normal
14:37:32.171,716.5,gateway,gateway_A,raspberrypi,14,ESP32->RPi,decrypt,120,237,117,4.304,9,esp32_edge_normal_2,0,normal
14:37:36.659,721.0,gateway,gateway_A,raspberrypi,14,ESP32->RPi,decrypt,124,245,121,4.599,9,esp32_edge_simulator_1,0,normal
14:37:36.696,721.1,gateway,gateway_A,raspberrypi,14,ESP32->RPi,decrypt,114,229,115,4.255,9,esp32_edge_normal_1,0,normal
14:37:37.169,721.5,gateway,gateway_A,raspberrypi,14,ESP32->RPi,decrypt,121,241,120,4.387,9,esp32_edge_normal_2,0,normal
14:37:41.665,726.0,gateway,gateway_A,raspberrypi,14,ESP32->RPi,decrypt,108,221,113,3.381,9,esp32_edge_simulator_1,1,mqtt_bruteforce
14:37:41.694,726.1,gateway,gateway_A,raspberrypi,14,ESP32->RPi,decrypt,116,233,117,2.622,9,esp32_edge_normal_1,0,normal
14:37:42.171,726.5,gateway,gateway_A,raspberrypi,14,ESP32->RPi,decrypt,115,233,118,1.318,9,esp32_edge_normal_2,0,normal
14:37:46.654,731.0,gateway,gateway_A,raspberrypi,14,ESP32->RPi,decrypt,123,241,118,1.363,9,esp32_edge_simulator_1,0,normal
14:37:46.693,731.1,gateway,gateway_A,raspberrypi,14,ESP32->RPi,decrypt,115,233,118,1.291,9,esp32_edge_normal_1,0,normal
14:37:47.169,731.5,gateway,gateway_A,raspberrypi,14,ESP32->RPi,decrypt,116,233,117,4.05,9,esp32_edge_normal_2,0,normal
14:37:51.657,736.0,gateway,gateway_A,raspberrypi,14,ESP32->RPi,decrypt,119,237,118,4.181,9,esp32_edge_simulator_1,0,normal
14:37:51.698,736.1,gateway,gateway_A,raspberrypi,14,ESP32->RPi,decrypt,114,229,115,3.74,9,esp32_edge_normal_1,0,normal
14:37:52.164,736.5,gateway,gateway_A,raspberrypi,14,ESP32->RPi,decrypt,116,233,117,1.394,9,esp32_edge_normal_2,0,normal
14:37:56.663,741.0,gateway,gateway_A,raspberrypi,14,ESP32->RPi,decrypt,111,225,114,1.273,9,esp32_edge_simulator_1,1,mqtt_bruteforce
14:37:56.694,741.1,gateway,gateway_A,raspberrypi,14,ESP32->RPi,decrypt,120,237,117,1.336,9,esp32_edge_normal_1,0,normal
14:37:57.170,741.5,gateway,gateway_A,raspberrypi,14,ESP32->RPi,decrypt,118,237,119,3.891,9,esp32_edge_normal_2,0,normal
14:38:01.663,746.0,gateway,gateway_A,raspberrypi,14,ESP32->RPi,decrypt,119,237,118,4.153,9,esp32_edge_simulator_1,0,normal
14:38:01.697,746.1,gateway,gateway_A,raspberrypi,14,ESP32->RPi,decrypt,116,233,117,4.079,9,esp32_edge_normal_1,0,normal
14:38:02.185,746.5,gateway,gateway_A,raspberrypi,14,ESP32->RPi,decrypt,115,233,118,4.167,9,esp32_edge_normal_2,0,normal
14:38:03.168,747.5,gateway,gateway_A,raspberrypi,14,RPi->PC,encrypt,3649,4950,1301,36.373,9,,,
14:38:03.368,747.7,gateway,gateway_A,raspberrypi,14,PC->RPi,decrypt,3548,4814,1266,31.297,9,,,
14:38:03.409,747.8,gateway,gateway_A,raspberrypi,14,RPi->ESP32,encrypt,3548,4814,1266,33.91,10,,,
14:38:15.325,759.7,gateway,gateway_A,raspberrypi,14,ESP32->RPi,decrypt,121,241,120,4.416,10,esp32_edge_normal_2,0,normal
14:38:15.354,759.7,gateway,gateway_A,raspberrypi,14,ESP32->RPi,decrypt,119,237,118,4.27,10,esp32_edge_simulator_1,0,normal
14:38:15.859,760.2,gateway,gateway_A,raspberrypi,14,ESP32->RPi,decrypt,120,237,117,4.346,10,esp32_edge_normal_1,0,normal
14:38:20.401,764.8,gateway,gateway_A,raspberrypi,14,ESP32->RPi,decrypt,113,229,116,1.345,10,esp32_edge_normal_2,0,normal
14:38:20.404,764.8,gateway,gateway_A,raspberrypi,14,ESP32->RPi,decrypt,119,237,118,1.29,10,esp32_edge_simulator_1,0,normal
14:38:20.855,765.2,gateway,gateway_A,raspberrypi,14,ESP32->RPi,decrypt,119,237,118,1.324,10,esp32_edge_normal_1,0,normal
14:38:25.423,769.8,gateway,gateway_A,raspberrypi,14,ESP32->RPi,decrypt,117,233,116,4.234,10,esp32_edge_normal_2,0,normal
14:38:25.429,769.8,gateway,gateway_A,raspberrypi,14,ESP32->RPi,decrypt,121,241,120,4.353,10,esp32_edge_simulator_1,0,normal
14:38:25.858,770.2,gateway,gateway_A,raspberrypi,14,ESP32->RPi,decrypt,119,237,118,4.287,10,esp32_edge_normal_1,0,normal
14:38:30.540,774.9,gateway,gateway_A,raspberrypi,14,ESP32->RPi,decrypt,116,233,117,4.071,10,esp32_edge_normal_2,0,normal
14:38:30.546,774.9,gateway,gateway_A,raspberrypi,14,ESP32->RPi,decrypt,115,233,118,4.228,10,esp32_edge_simulator_1,0,normal
14:38:30.858,775.2,gateway,gateway_A,raspberrypi,14,ESP32->RPi,decrypt,116,233,117,4.215,10,esp32_edge_normal_1,0,normal
14:38:35.457,779.8,gateway,gateway_A,raspberrypi,14,ESP32->RPi,decrypt,111,225,114,4.077,10,esp32_edge_normal_2,0,normal
14:38:35.463,779.8,gateway,gateway_A,raspberrypi,14,ESP32->RPi,decrypt,110,225,115,3.861,10,esp32_edge_simulator_1,0,normal
14:38:35.860,780.2,gateway,gateway_A,raspberrypi,14,ESP32->RPi,decrypt,115,233,118,4.142,10,esp32_edge_normal_1,0,normal
14:38:40.338,784.7,gateway,gateway_A,raspberrypi,14,ESP32->RPi,decrypt,117,233,116,1.5,10,esp32_edge_normal_2,0,normal
14:38:40.362,784.7,gateway,gateway_A,raspberrypi,14,ESP32->RPi,decrypt,107,221,114,1.515,10,esp32_edge_simulator_1,2,scan_A
14:38:40.858,785.2,gateway,gateway_A,raspberrypi,14,ESP32->RPi,decrypt,118,237,119,1.475,10,esp32_edge_normal_1,0,normal
14:38:45.335,789.7,gateway,gateway_A,raspberrypi,14,ESP32->RPi,decrypt,119,237,118,4.416,10,esp32_edge_normal_2,0,normal
14:38:45.352,789.7,gateway,gateway_A,raspberrypi,14,ESP32->RPi,decrypt,117,233,116,4.259,10,esp32_edge_simulator_1,0,normal
14:38:45.866,790.2,gateway,gateway_A,raspberrypi,14,ESP32->RPi,decrypt,119,237,118,4.21,10,esp32_edge_normal_1,0,normal
14:38:50.404,794.8,gateway,gateway_A,raspberrypi,14,ESP32->RPi,decrypt,121,241,120,4.489,10,esp32_edge_normal_2,0,normal
14:38:50.410,794.8,gateway,gateway_A,raspberrypi,14,ESP32->RPi,decrypt,120,237,117,4.148,10,esp32_edge_simulator_1,0,normal
14:38:50.856,795.2,gateway,gateway_A,raspberrypi,14,ESP32->RPi,decrypt,117,233,116,4.148,10,esp32_edge_normal_1,0,normal
14:38:55.525,799.9,gateway,gateway_A,raspberrypi,14,ESP32->RPi,decrypt,117,233,116,4.128,10,esp32_edge_normal_2,0,normal
14:38:55.530,799.9,gateway,gateway_A,raspberrypi,14,ESP32->RPi,decrypt,112,229,117,3.812,10,esp32_edge_simulator_1,1,mqtt_bruteforce
14:38:55.857,800.2,gateway,gateway_A,raspberrypi,14,ESP32->RPi,decrypt,117,233,116,4.122,10,esp32_edge_normal_1,0,normal
14:39:00.440,804.8,gateway,gateway_A,raspberrypi,14,ESP32->RPi,decrypt,118,237,119,3.604,10,esp32_edge_normal_2,0,normal
14:39:00.445,804.8,gateway,gateway_A,raspberrypi,14,ESP32->RPi,decrypt,111,225,114,3.588,10,esp32_edge_simulator_1,1,mqtt_bruteforce
14:39:00.863,805.2,gateway,gateway_A,raspberrypi,14,ESP32->RPi,decrypt,117,233,116,4.276,10,esp32_edge_normal_1,0,normal
14:39:01.849,806.2,gateway,gateway_A,raspberrypi,14,RPi->PC,encrypt,3638,4934,1296,37.211,10,,,
14:39:02.112,806.5,gateway,gateway_A,raspberrypi,14,PC->RPi,decrypt,3547,4814,1267,33.559,10,,,
14:39:02.152,806.5,gateway,gateway_A,raspberrypi,14,RPi->ESP32,encrypt,3547,4814,1267,33.958,11,,,
14:39:14.165,818.5,gateway,gateway_A,raspberrypi,14,ESP32->RPi,decrypt,118,237,119,4.634,11,esp32_edge_normal_2,0,normal
14:39:14.170,818.5,gateway,gateway_A,raspberrypi,14,ESP32->RPi,decrypt,106,221,115,4.081,11,esp32_edge_simulator_1,2,scan_A
14:39:14.176,818.5,gateway,gateway_A,raspberrypi,14,ESP32->RPi,decrypt,120,237,117,3.952,11,esp32_edge_normal_1,0,normal
14:39:19.112,823.5,gateway,gateway_A,raspberrypi,14,ESP32->RPi,decrypt,116,233,117,1.439,11,esp32_edge_normal_2,0,normal
14:39:19.120,823.5,gateway,gateway_A,raspberrypi,14,ESP32->RPi,decrypt,113,229,116,1.414,11,esp32_edge_simulator_1,1,mqtt_bruteforce
14:39:19.158,823.5,gateway,gateway_A,raspberrypi,14,ESP32->RPi,decrypt,115,233,118,1.471,11,esp32_edge_normal_1,0,normal
14:39:24.112,828.5,gateway,gateway_A,raspberrypi,14,ESP32->RPi,decrypt,116,233,117,1.471,11,esp32_edge_normal_2,0,normal
14:39:24.122,828.5,gateway,gateway_A,raspberrypi,14,ESP32->RPi,decrypt,108,221,113,1.316,11,esp32_edge_simulator_1,1,mqtt_bruteforce
14:39:24.155,828.5,gateway,gateway_A,raspberrypi,14,ESP32->RPi,decrypt,116,233,117,1.492,11,esp32_edge_normal_1,0,normal
14:39:29.115,833.5,gateway,gateway_A,raspberrypi,14,ESP32->RPi,decrypt,112,229,117,4.248,11,esp32_edge_normal_2,0,normal
14:39:29.120,833.5,gateway,gateway_A,raspberrypi,14,ESP32->RPi,decrypt,117,233,116,4.244,11,esp32_edge_simulator_1,0,normal
14:39:29.159,833.5,gateway,gateway_A,raspberrypi,14,ESP32->RPi,decrypt,115,233,118,4.605,11,esp32_edge_normal_1,0,normal
14:39:34.117,838.5,gateway,gateway_A,raspberrypi,14,ESP32->RPi,decrypt,120,237,117,4.809,11,esp32_edge_simulator_1,0,normal
14:39:34.122,838.5,gateway,gateway_A,raspberrypi,14,ESP32->RPi,decrypt,117,233,116,3.975,11,esp32_edge_normal_2,0,normal
14:39:34.164,838.5,gateway,gateway_A,raspberrypi,14,ESP32->RPi,decrypt,118,237,119,4.389,11,esp32_edge_normal_1,0,normal
14:39:39.153,843.5,gateway,gateway_A,raspberrypi,14,ESP32->RPi,decrypt,118,237,119,5.1,11,esp32_edge_normal_2,0,normal
14:39:39.159,843.5,gateway,gateway_A,raspberrypi,14,ESP32->RPi,decrypt,121,241,120,4.346,11,esp32_edge_simulator_1,0,normal
14:39:39.164,843.5,gateway,gateway_A,raspberrypi,14,ESP32->RPi,decrypt,115,233,118,3.886,11,esp32_edge_normal_1,0,normal
14:39:44.114,848.5,gateway,gateway_A,raspberrypi,14,ESP32->RPi,decrypt,120,237,117,4.646,11,esp32_edge_simulator_1,0,normal
14:39:44.120,848.5,gateway,gateway_A,raspberrypi,14,ESP32->RPi,decrypt,112,229,117,4.398,11,esp32_edge_normal_2,0,normal
14:39:44.167,848.5,gateway,gateway_A,raspberrypi,14,ESP32->RPi,decrypt,121,241,120,4.718,11,esp32_edge_normal_1,0,normal
14:39:49.115,853.5,gateway,gateway_A,raspberrypi,14,ESP32->RPi,decrypt,120,237,117,4.693,11,esp32_edge_normal_2,0,normal
14:39:49.123,853.5,gateway,gateway_A,raspberrypi,14,ESP32->RPi,decrypt,108,221,113,4.501,11,esp32_edge_simulator_1,2,scan_A
14:39:49.160,853.5,gateway,gateway_A,raspberrypi,14,ESP32->RPi,decrypt,118,237,119,4.875,11,esp32_edge_normal_1,0,normal
14:39:54.117,858.5,gateway,gateway_A,raspberrypi,14,ESP32->RPi,decrypt,121,241,120,4.7,11,esp32_edge_normal_2,0,normal
14:39:54.124,858.5,gateway,gateway_A,raspberrypi,14,ESP32->RPi,decrypt,124,245,121,4.589,11,esp32_edge_simulator_1,0,normal
14:39:54.171,858.5,gateway,gateway_A,raspberrypi,14,ESP32->RPi,decrypt,114,229,115,3.769,11,esp32_edge_normal_1,0,normal
14:39:59.219,863.6,gateway,gateway_A,raspberrypi,14,ESP32->RPi,decrypt,117,233,116,4.322,11,esp32_edge_normal_2,0,normal
14:39:59.224,863.6,gateway,gateway_A,raspberrypi,14,ESP32->RPi,decrypt,113,229,116,4.237,11,esp32_edge_simulator_1,1,mqtt_bruteforce
14:39:59.229,863.6,gateway,gateway_A,raspberrypi,14,ESP32->RPi,decrypt,115,233,118,4.154,11,esp32_edge_normal_1,0,normal
14:40:00.230,864.6,gateway,gateway_A,raspberrypi,14,RPi->PC,encrypt,3648,4946,1298,41.688,11,,,
14:40:00.471,864.8,gateway,gateway_A,raspberrypi,14,PC->RPi,decrypt,3525,4782,1257,32.82,11,,,
14:40:00.512,864.9,gateway,gateway_A,raspberrypi,14,RPi->ESP32,encrypt,3525,4782,1257,34.352,12,,,
14:40:13.043,877.4,gateway,gateway_A,raspberrypi,14,ESP32->RPi,decrypt,118,237,119,4.89,12,esp32_edge_simulator_1,0,normal
14:40:13.050,877.4,gateway,gateway_A,raspberrypi,14,ESP32->RPi,decrypt,121,241,120,5.065,12,esp32_edge_normal_2,0,normal
14:40:13.056,877.4,gateway,gateway_A,raspberrypi,14,ESP32->RPi,decrypt,119,237,118,4.201,12,esp32_edge_normal_1,0,normal
14:40:17.953,882.3,gateway,gateway_A,raspberrypi,14,ESP32->RPi,decrypt,102,213,111,1.341,12,esp32_edge_simulator_1,2,scan_A
14:40:17.968,882.3,gateway,gateway_A,raspberrypi,14,ESP32->RPi,decrypt,115,233,118,1.471,12,esp32_edge_normal_2,0,normal
14:40:17.989,882.4,gateway,gateway_A,raspberrypi,14,ESP32->RPi,decrypt,116,233,117,1.616,12,esp32_edge_normal_1,0,normal
14:40:22.972,887.3,gateway,gateway_A,raspberrypi,14,ESP32->RPi,decrypt,109,225,116,1.405,12,esp32_edge_simulator_1,1,mqtt_bruteforce
14:40:22.976,887.3,gateway,gateway_A,raspberrypi,14,ESP32->RPi,decrypt,118,237,119,1.37,12,esp32_edge_normal_2,0,normal
14:40:22.993,887.4,gateway,gateway_A,raspberrypi,14,ESP32->RPi,decrypt,119,237,118,1.451,12,esp32_edge_normal_1,0,normal
14:40:27.890,892.3,gateway,gateway_A,raspberrypi,14,ESP32->RPi,decrypt,116,233,117,4.275,12,esp32_edge_simulator_1,0,normal
14:40:27.962,892.3,gateway,gateway_A,raspberrypi,14,ESP32->RPi,decrypt,117,233,116,4.349,12,esp32_edge_normal_2,0,normal
14:40:27.994,892.4,gateway,gateway_A,raspberrypi,14,ESP32->RPi,decrypt,114,229,115,1.442,12,esp32_edge_normal_1,0,normal
14:40:32.870,897.2,gateway,gateway_A,raspberrypi,14,ESP32->RPi,decrypt,116,233,117,1.397,12,esp32_edge_simulator_1,0,normal
14:40:32.957,897.3,gateway,gateway_A,raspberrypi,14,ESP32->RPi,decrypt,119,237,118,1.501,12,esp32_edge_normal_2,0,normal
14:40:32.997,897.4,gateway,gateway_A,raspberrypi,14,ESP32->RPi,decrypt,114,229,115,4.545,12,esp32_edge_normal_1,0,normal
14:40:37.955,902.3,gateway,gateway_A,raspberrypi,14,ESP32->RPi,decrypt,107,221,114,1.295,12,esp32_edge_simulator_1,2,scan_A
14:40:37.961,902.3,gateway,gateway_A,raspberrypi,14,ESP32->RPi,decrypt,107,221,114,1.314,12,esp32_edge_normal_2,0,normal
14:40:37.994,902.4,gateway,gateway_A,raspberrypi,14,ESP32->RPi,decrypt,121,241,120,1.411,12,esp32_edge_normal_1,0,normal
14:40:42.887,907.3,gateway,gateway_A,raspberrypi,14,ESP32->RPi,decrypt,119,237,118,3.306,12,esp32_edge_simulator_1,0,normal
14:40:42.967,907.3,gateway,gateway_A,raspberrypi,14,ESP32->RPi,decrypt,118,237,119,2.904,12,esp32_edge_normal_2,0,normal
14:40:42.989,907.4,gateway,gateway_A,raspberrypi,14,ESP32->RPi,decrypt,117,233,116,3.079,12,esp32_edge_normal_1,0,normal
14:40:47.880,912.2,gateway,gateway_A,raspberrypi,14,ESP32->RPi,decrypt,104,217,113,3.611,12,esp32_edge_simulator_1,2,scan_A
14:40:47.963,912.3,gateway,gateway_A,raspberrypi,14,ESP32->RPi,decrypt,118,237,119,3.383,12,esp32_edge_normal_2,0,normal
14:40:47.990,912.4,gateway,gateway_A,raspberrypi,14,ESP32->RPi,decrypt,116,233,117,3.315,12,esp32_edge_normal_1,0,normal
14:40:53.184,917.5,gateway,gateway_A,raspberrypi,14,ESP32->RPi,decrypt,119,237,118,4.62,12,esp32_edge_simulator_1,0,normal
14:40:53.189,917.6,gateway,gateway_A,raspberrypi,14,ESP32->RPi,decrypt,107,221,114,3.735,12,esp32_edge_normal_2,0,normal
14:40:53.194,917.6,gateway,gateway_A,raspberrypi,14,ESP32->RPi,decrypt,112,229,117,4.002,12,esp32_edge_normal_1,0,normal
14:40:57.894,922.3,gateway,gateway_A,raspberrypi,14,ESP32->RPi,decrypt,124,245,121,4.474,12,esp32_edge_simulator_1,0,normal
14:40:57.963,922.3,gateway,gateway_A,raspberrypi,14,ESP32->RPi,decrypt,115,233,118,2.776,12,esp32_edge_normal_2,0,normal
14:40:57.999,922.4,gateway,gateway_A,raspberrypi,14,ESP32->RPi,decrypt,113,229,116,2.77,12,esp32_edge_normal_1,0,normal
14:40:59.158,923.5,gateway,gateway_A,raspberrypi,14,RPi->PC,encrypt,3639,4934,1295,33.834,12,,,
14:40:59.467,923.8,gateway,gateway_A,raspberrypi,14,PC->RPi,decrypt,3528,4786,1258,32.03,12,,,
14:40:59.510,923.9,gateway,gateway_A,raspberrypi,14,RPi->ESP32,encrypt,3528,4786,1258,35.83,13,,,
14:41:11.618,936.0,gateway,gateway_A,raspberrypi,14,ESP32->RPi,decrypt,119,237,118,5.108,13,esp32_edge_normal_2,0,normal
14:41:11.623,936.0,gateway,gateway_A,raspberrypi,14,ESP32->RPi,decrypt,120,237,117,4.574,13,esp32_edge_simulator_1,0,normal
14:41:11.629,936.0,gateway,gateway_A,raspberrypi,14,ESP32->RPi,decrypt,116,233,117,4.318,13,esp32_edge_normal_1,0,normal
14:41:16.526,940.9,gateway,gateway_A,raspberrypi,14,ESP32->RPi,decrypt,116,233,117,1.481,13,esp32_edge_normal_2,0,normal
14:41:16.529,940.9,gateway,gateway_A,raspberrypi,14,ESP32->RPi,decrypt,112,229,117,1.42,13,esp32_edge_simulator_1,1,mqtt_bruteforce
14:41:16.531,940.9,gateway,gateway_A,raspberrypi,14,ESP32->RPi,decrypt,117,233,116,1.376,13,esp32_edge_normal_1,0,normal
14:41:21.457,945.8,gateway,gateway_A,raspberrypi,14,ESP32->RPi,decrypt,116,233,117,4.339,13,esp32_edge_normal_2,0,normal
14:41:21.467,945.8,gateway,gateway_A,raspberrypi,14,ESP32->RPi,decrypt,123,241,118,4.551,13,esp32_edge_simulator_1,0,normal
14:41:21.517,945.9,gateway,gateway_A,raspberrypi,14,ESP32->RPi,decrypt,115,233,118,5.295,13,esp32_edge_normal_1,0,normal
14:41:26.463,950.8,gateway,gateway_A,raspberrypi,14,ESP32->RPi,decrypt,120,237,117,4.579,13,esp32_edge_normal_2,0,normal
14:41:26.469,950.8,gateway,gateway_A,raspberrypi,14,ESP32->RPi,decrypt,120,237,117,4.478,13,esp32_edge_simulator_1,0,normal
14:41:26.519,950.9,gateway,gateway_A,raspberrypi,14,ESP32->RPi,decrypt,114,229,115,4.529,13,esp32_edge_normal_1,0,normal
14:41:31.481,955.8,gateway,gateway_A,raspberrypi,14,ESP32->RPi,decrypt,120,237,117,4.501,13,esp32_edge_normal_2,0,normal
14:41:31.486,955.9,gateway,gateway_A,raspberrypi,14,ESP32->RPi,decrypt,101,213,112,3.8,13,esp32_edge_simulator_1,2,scan_A
14:41:31.529,955.9,gateway,gateway_A,raspberrypi,14,ESP32->RPi,decrypt,116,233,117,3.611,13,esp32_edge_normal_1,0,normal
14:41:36.462,960.8,gateway,gateway_A,raspberrypi,14,ESP32->RPi,decrypt,107,221,114,3.916,13,esp32_edge_normal_2,0,normal
14:41:36.472,960.8,gateway,gateway_A,raspberrypi,14,ESP32->RPi,decrypt,108,221,113,3.912,13,esp32_edge_simulator_1,2,scan_A
14:41:36.521,960.9,gateway,gateway_A,raspberrypi,14,ESP32->RPi,decrypt,120,237,117,5.002,13,esp32_edge_normal_1,0,normal
14:41:41.503,965.9,gateway,gateway_A,raspberrypi,14,ESP32->RPi,decrypt,117,233,116,4.17,13,esp32_edge_normal_2,0,normal
14:41:41.508,965.9,gateway,gateway_A,raspberrypi,14,ESP32->RPi,decrypt,119,237,118,4.108,13,esp32_edge_simulator_1,0,normal
14:41:41.523,965.9,gateway,gateway_A,raspberrypi,14,ESP32->RPi,decrypt,116,233,117,4.676,13,esp32_edge_normal_1,0,normal
14:41:46.462,970.8,gateway,gateway_A,raspberrypi,14,ESP32->RPi,decrypt,114,229,115,4.193,13,esp32_edge_normal_2,0,normal
14:41:46.467,970.8,gateway,gateway_A,raspberrypi,14,ESP32->RPi,decrypt,123,241,118,4.008,13,esp32_edge_simulator_1,0,normal
14:41:46.518,970.9,gateway,gateway_A,raspberrypi,14,ESP32->RPi,decrypt,121,241,120,4.159,13,esp32_edge_normal_1,0,normal
14:41:51.465,975.8,gateway,gateway_A,raspberrypi,14,ESP32->RPi,decrypt,120,237,117,4.072,13,esp32_edge_normal_2,0,normal
14:41:51.472,975.8,gateway,gateway_A,raspberrypi,14,ESP32->RPi,decrypt,107,221,114,3.517,13,esp32_edge_simulator_1,1,mqtt_bruteforce
14:41:51.523,975.9,gateway,gateway_A,raspberrypi,14,ESP32->RPi,decrypt,115,233,118,4.404,13,esp32_edge_normal_1,0,normal
14:41:56.456,980.8,gateway,gateway_A,raspberrypi,14,ESP32->RPi,decrypt,115,233,118,4.319,13,esp32_edge_normal_2,0,normal
14:41:56.469,980.8,gateway,gateway_A,raspberrypi,14,ESP32->RPi,decrypt,121,241,120,4.363,13,esp32_edge_simulator_1,0,normal
14:41:56.521,980.9,gateway,gateway_A,raspberrypi,14,ESP32->RPi,decrypt,117,233,116,4.172,13,esp32_edge_normal_1,0,normal
14:41:57.480,981.8,gateway,gateway_A,raspberrypi,14,RPi->PC,encrypt,3653,4954,1301,35.158,13,,,
14:41:57.734,982.1,gateway,gateway_A,raspberrypi,14,PC->RPi,decrypt,3546,4810,1264,31.917,13,,,
14:41:57.778,982.1,gateway,gateway_A,raspberrypi,14,RPi->ESP32,encrypt,3546,4810,1264,36.192,14,,,
14:42:09.731,994.1,gateway,gateway_A,raspberrypi,14,ESP32->RPi,decrypt,108,221,113,1.404,14,esp32_edge_simulator_1,1,mqtt_bruteforce
14:42:09.736,994.1,gateway,gateway_A,raspberrypi,14,ESP32->RPi,decrypt,114,229,115,1.542,14,esp32_edge_normal_2,0,normal
14:42:09.779,994.1,gateway,gateway_A,raspberrypi,14,ESP32->RPi,decrypt,116,233,117,1.466,14,esp32_edge_normal_1,0,normal
14:42:14.799,999.2,gateway,gateway_A,raspberrypi,14,ESP32->RPi,decrypt,118,237,119,4.908,14,esp32_edge_simulator_1,0,normal
14:42:14.804,999.2,gateway,gateway_A,raspberrypi,14,ESP32->RPi,decrypt,118,237,119,3.973,14,esp32_edge_normal_2,0,normal
14:42:14.810,999.2,gateway,gateway_A,raspberrypi,14,ESP32->RPi,decrypt,115,233,118,4.085,14,esp32_edge_normal_1,0,normal
14:42:19.815,1004.2,gateway,gateway_A,raspberrypi,14,ESP32->RPi,decrypt,120,237,117,5.042,14,esp32_edge_simulator_1,0,normal
14:42:19.820,1004.2,gateway,gateway_A,raspberrypi,14,ESP32->RPi,decrypt,119,237,118,4.138,14,esp32_edge_normal_2,0,normal
14:42:19.825,1004.2,gateway,gateway_A,raspberrypi,14,ESP32->RPi,decrypt,119,237,118,4.038,14,esp32_edge_normal_1,0,normal
14:42:24.732,1009.1,gateway,gateway_A,raspberrypi,14,ESP32->RPi,decrypt,119,237,118,4.079,14,esp32_edge_simulator_1,0,normal
14:42:24.738,1009.1,gateway,gateway_A,raspberrypi,14,ESP32->RPi,decrypt,118,237,119,3.797,14,esp32_edge_normal_2,0,normal
14:42:24.772,1009.1,gateway,gateway_A,raspberrypi,14,ESP32->RPi,decrypt,121,241,120,3.821,14,esp32_edge_normal_1,0,normal
14:42:29.732,1014.1,gateway,gateway_A,raspberrypi,14,ESP32->RPi,decrypt,117,233,116,4.516,14,esp32_edge_normal_2,0,normal
14:42:29.736,1014.1,gateway,gateway_A,raspberrypi,14,ESP32->RPi,decrypt,81,185,104,3.521,14,esp32_edge_simulator_1,2,scan_A
14:42:29.777,1014.1,gateway,gateway_A,raspberrypi,14,ESP32->RPi,decrypt,120,237,117,4.904,14,esp32_edge_normal_1,0,normal
14:42:34.765,1019.1,gateway,gateway_A,raspberrypi,14,ESP32->RPi,decrypt,117,233,116,4.568,14,esp32_edge_simulator_1,0,normal
14:42:34.771,1019.1,gateway,gateway_A,raspberrypi,14,ESP32->RPi,decrypt,120,237,117,4.565,14,esp32_edge_normal_2,0,normal
14:42:34.776,1019.1,gateway,gateway_A,raspberrypi,14,ESP32->RPi,decrypt,119,237,118,4.05,14,esp32_edge_normal_1,0,normal
14:42:39.721,1024.1,gateway,gateway_A,raspberrypi,14,ESP32->RPi,decrypt,121,241,120,1.399,14,esp32_edge_simulator_1,0,normal
14:42:39.727,1024.1,gateway,gateway_A,raspberrypi,14,ESP32->RPi,decrypt,116,233,117,1.253,14,esp32_edge_normal_2,0,normal
14:42:39.859,1024.2,gateway,gateway_A,raspberrypi,14,ESP32->RPi,decrypt,117,233,116,1.306,14,esp32_edge_normal_1,0,normal
14:42:44.727,1029.1,gateway,gateway_A,raspberrypi,14,ESP32->RPi,decrypt,123,241,118,4.483,14,esp32_edge_simulator_1,0,normal
14:42:44.732,1029.1,gateway,gateway_A,raspberrypi,14,ESP32->RPi,decrypt,116,233,117,4.367,14,esp32_edge_normal_2,0,normal
14:42:44.774,1029.1,gateway,gateway_A,raspberrypi,14,ESP32->RPi,decrypt,120,237,117,3.796,14,esp32_edge_normal_1,0,normal
14:42:49.814,1034.2,gateway,gateway_A,raspberrypi,14,ESP32->RPi,decrypt,121,241,120,1.525,14,esp32_edge_normal_2,0,normal
14:42:49.816,1034.2,gateway,gateway_A,raspberrypi,14,ESP32->RPi,decrypt,108,221,113,1.282,14,esp32_edge_simulator_1,1,mqtt_bruteforce
14:42:49.818,1034.2,gateway,gateway_A,raspberrypi,14,ESP32->RPi,decrypt,117,233,116,1.264,14,esp32_edge_normal_1,0,normal
14:42:54.834,1039.2,gateway,gateway_A,raspberrypi,14,ESP32->RPi,decrypt,112,229,117,3.852,14,esp32_edge_normal_2,0,normal
14:42:54.839,1039.2,gateway,gateway_A,raspberrypi,14,ESP32->RPi,decrypt,105,217,112,3.571,14,esp32_edge_simulator_1,2,scan_A
14:42:54.844,1039.2,gateway,gateway_A,raspberrypi,14,ESP32->RPi,decrypt,119,237,118,4.076,14,esp32_edge_normal_1,0,normal
14:42:55.833,1040.2,gateway,gateway_A,raspberrypi,14,RPi->PC,encrypt,3649,4950,1301,34.568,14,,,
14:43:00.854,1045.2,gateway,gateway_A,raspberrypi,14,ESP32->RPi,decrypt,119,237,118,4.206,14,esp32_edge_simulator_1,0,normal
14:43:00.859,1045.2,gateway,gateway_A,raspberrypi,14,ESP32->RPi,decrypt,117,233,116,4.233,14,esp32_edge_normal_2,0,normal
14:43:00.867,1045.2,gateway,gateway_A,raspberrypi,14,ESP32->RPi,decrypt,120,237,117,5.879,14,esp32_edge_normal_1,0,normal
14:43:04.730,1049.1,gateway,gateway_A,raspberrypi,14,ESP32->RPi,decrypt,116,233,117,4.135,14,esp32_edge_normal_2,0,normal
14:43:04.735,1049.1,gateway,gateway_A,raspberrypi,14,ESP32->RPi,decrypt,111,225,114,3.627,14,esp32_edge_simulator_1,1,mqtt_bruteforce
14:43:04.771,1049.1,gateway,gateway_A,raspberrypi,14,ESP32->RPi,decrypt,117,233,116,4.066,14,esp32_edge_normal_1,0,normal
14:43:09.785,1054.2,gateway,gateway_A,raspberrypi,14,ESP32->RPi,decrypt,114,229,115,4.448,14,esp32_edge_simulator_1,1,mqtt_bruteforce
14:43:09.791,1054.2,gateway,gateway_A,raspberrypi,14,ESP32->RPi,decrypt,116,233,117,4.366,14,esp32_edge_normal_2,0,normal
14:43:09.796,1054.2,gateway,gateway_A,raspberrypi,14,ESP32->RPi,decrypt,118,237,119,4.186,14,esp32_edge_normal_1,0,normal
14:43:14.803,1059.2,gateway,gateway_A,raspberrypi,14,ESP32->RPi,decrypt,119,237,118,4.327,14,esp32_edge_simulator_1,0,normal
14:43:14.809,1059.2,gateway,gateway_A,raspberrypi,14,ESP32->RPi,decrypt,116,233,117,4.294,14,esp32_edge_normal_2,0,normal
14:43:14.815,1059.2,gateway,gateway_A,raspberrypi,14,ESP32->RPi,decrypt,120,237,117,4.686,14,esp32_edge_normal_1,0,normal
14:43:19.724,1064.1,gateway,gateway_A,raspberrypi,14,ESP32->RPi,decrypt,117,233,116,1.564,14,esp32_edge_normal_2,0,normal
14:43:19.729,1064.1,gateway,gateway_A,raspberrypi,14,ESP32->RPi,decrypt,81,185,104,1.17,14,esp32_edge_simulator_1,2,scan_A
14:43:19.770,1064.1,gateway,gateway_A,raspberrypi,14,ESP32->RPi,decrypt,120,237,117,1.438,14,esp32_edge_normal_1,0,normal
14:43:24.735,1069.1,gateway,gateway_A,raspberrypi,14,ESP32->RPi,decrypt,113,229,116,4.32,14,esp32_edge_simulator_1,1,mqtt_bruteforce
14:43:24.741,1069.1,gateway,gateway_A,raspberrypi,14,ESP32->RPi,decrypt,120,237,117,4.454,14,esp32_edge_normal_2,0,normal
14:43:24.770,1069.1,gateway,gateway_A,raspberrypi,14,ESP32->RPi,decrypt,112,229,117,3.271,14,esp32_edge_normal_1,0,normal
14:43:29.750,1074.1,gateway,gateway_A,raspberrypi,14,ESP32->RPi,decrypt,120,237,117,1.491,14,esp32_edge_simulator_1,0,normal
14:43:29.752,1074.1,gateway,gateway_A,raspberrypi,14,ESP32->RPi,decrypt,117,233,116,1.464,14,esp32_edge_normal_2,0,normal
14:43:29.771,1074.1,gateway,gateway_A,raspberrypi,14,ESP32->RPi,decrypt,116,233,117,1.429,14,esp32_edge_normal_1,0,normal
14:43:34.771,1079.1,gateway,gateway_A,raspberrypi,14,ESP32->RPi,decrypt,107,221,114,4.451,14,esp32_edge_normal_2,0,normal
14:43:34.777,1079.1,gateway,gateway_A,raspberrypi,14,ESP32->RPi,decrypt,111,225,114,4.416,14,esp32_edge_simulator_1,1,mqtt_bruteforce
14:43:34.783,1079.1,gateway,gateway_A,raspberrypi,14,ESP32->RPi,decrypt,120,237,117,4.389,14,esp32_edge_normal_1,0,normal
14:43:39.726,1084.1,gateway,gateway_A,raspberrypi,14,ESP32->RPi,decrypt,123,241,118,4.45,14,esp32_edge_simulator_1,0,normal
14:43:39.731,1084.1,gateway,gateway_A,raspberrypi,14,ESP32->RPi,decrypt,116,233,117,3.833,14,esp32_edge_normal_2,0,normal
14:43:39.870,1084.2,gateway,gateway_A,raspberrypi,14,ESP32->RPi,decrypt,121,241,120,2.451,14,esp32_edge_normal_1,0,normal
14:43:44.728,1089.1,gateway,gateway_A,raspberrypi,14,ESP32->RPi,decrypt,120,237,117,4.452,14,esp32_edge_normal_2,0,normal
14:43:44.733,1089.1,gateway,gateway_A,raspberrypi,14,ESP32->RPi,decrypt,108,221,113,3.675,14,esp32_edge_simulator_1,2,scan_A
14:43:44.774,1089.1,gateway,gateway_A,raspberrypi,14,ESP32->RPi,decrypt,119,237,118,4.025,14,esp32_edge_normal_1,0,normal
14:43:45.780,1090.1,gateway,gateway_A,raspberrypi,14,RPi->PC,encrypt,3650,4950,1300,34.981,14,,,
14:43:49.726,1094.1,gateway,gateway_A,raspberrypi,14,ESP32->RPi,decrypt,121,241,120,1.357,14,esp32_edge_normal_2,0,normal
14:43:49.728,1094.1,gateway,gateway_A,raspberrypi,14,ESP32->RPi,decrypt,108,221,113,1.241,14,esp32_edge_simulator_1,2,scan_A
14:43:49.768,1094.1,gateway,gateway_A,raspberrypi,14,ESP32->RPi,decrypt,116,233,117,1.636,14,esp32_edge_normal_1,0,normal
14:43:54.726,1099.1,gateway,gateway_A,raspberrypi,14,ESP32->RPi,decrypt,113,229,116,3.894,14,esp32_edge_normal_2,0,normal
14:43:54.737,1099.1,gateway,gateway_A,raspberrypi,14,ESP32->RPi,decrypt,108,221,113,3.795,14,esp32_edge_simulator_1,1,mqtt_bruteforce
14:43:54.778,1099.1,gateway,gateway_A,raspberrypi,14,ESP32->RPi,decrypt,115,233,118,4.333,14,esp32_edge_normal_1,0,normal
14:43:59.727,1104.1,gateway,gateway_A,raspberrypi,14,ESP32->RPi,decrypt,106,221,115,4.023,14,esp32_edge_normal_2,0,normal
14:43:59.733,1104.1,gateway,gateway_A,raspberrypi,14,ESP32->RPi,decrypt,112,229,117,4.132,14,esp32_edge_simulator_1,1,mqtt_bruteforce
14:43:59.770,1104.1,gateway,gateway_A,raspberrypi,14,ESP32->RPi,decrypt,120,237,117,4.261,14,esp32_edge_normal_1,0,normal
14:44:04.727,1109.1,gateway,gateway_A,raspberrypi,14,ESP32->RPi,decrypt,114,229,115,3.856,14,esp32_edge_normal_2,0,normal
14:44:04.732,1109.1,gateway,gateway_A,raspberrypi,14,ESP32->RPi,decrypt,111,225,114,3.589,14,esp32_edge_simulator_1,1,mqtt_bruteforce
14:44:04.778,1109.1,gateway,gateway_A,raspberrypi,14,ESP32->RPi,decrypt,120,237,117,4.091,14,esp32_edge_normal_1,0,normal
14:44:09.728,1114.1,gateway,gateway_A,raspberrypi,14,ESP32->RPi,decrypt,120,237,117,4.0,14,esp32_edge_normal_2,0,normal
14:44:09.733,1114.1,gateway,gateway_A,raspberrypi,14,ESP32->RPi,decrypt,104,217,113,3.483,14,esp32_edge_simulator_1,2,scan_A
14:44:09.774,1114.1,gateway,gateway_A,raspberrypi,14,ESP32->RPi,decrypt,119,237,118,4.033,14,esp32_edge_normal_1,0,normal
14:44:14.726,1119.1,gateway,gateway_A,raspberrypi,14,ESP32->RPi,decrypt,119,237,118,4.282,14,esp32_edge_simulator_1,0,normal
14:44:14.731,1119.1,gateway,gateway_A,raspberrypi,14,ESP32->RPi,decrypt,116,233,117,3.816,14,esp32_edge_normal_2,0,normal
14:44:14.770,1119.1,gateway,gateway_A,raspberrypi,14,ESP32->RPi,decrypt,116,233,117,4.036,14,esp32_edge_normal_1,0,normal
14:44:19.724,1124.1,gateway,gateway_A,raspberrypi,14,ESP32->RPi,decrypt,119,237,118,3.83,14,esp32_edge_simulator_1,0,normal
14:44:19.730,1124.1,gateway,gateway_A,raspberrypi,14,ESP32->RPi,decrypt,115,233,118,3.919,14,esp32_edge_normal_2,0,normal
14:44:19.771,1124.1,gateway,gateway_A,raspberrypi,14,ESP32->RPi,decrypt,116,233,117,4.185,14,esp32_edge_normal_1,0,normal
14:44:24.723,1129.1,gateway,gateway_A,raspberrypi,14,ESP32->RPi,decrypt,118,237,119,1.38,14,esp32_edge_normal_2,0,normal
14:44:24.726,1129.1,gateway,gateway_A,raspberrypi,14,ESP32->RPi,decrypt,106,221,115,1.257,14,esp32_edge_simulator_1,2,scan_A
14:44:24.774,1129.1,gateway,gateway_A,raspberrypi,14,ESP32->RPi,decrypt,120,237,117,1.507,14,esp32_edge_normal_1,0,normal
14:44:29.760,1134.1,gateway,gateway_A,raspberrypi,14,ESP32->RPi,decrypt,117,233,116,3.91,14,esp32_edge_normal_2,0,normal
14:44:29.765,1134.1,gateway,gateway_A,raspberrypi,14,ESP32->RPi,decrypt,107,221,114,3.556,14,esp32_edge_simulator_1,2,scan_A
14:44:29.770,1134.1,gateway,gateway_A,raspberrypi,14,ESP32->RPi,decrypt,114,229,115,3.821,14,esp32_edge_normal_1,0,normal
14:44:34.779,1139.1,gateway,gateway_A,raspberrypi,14,ESP32->RPi,decrypt,114,229,115,4.633,14,esp32_edge_normal_2,0,normal
14:44:34.784,1139.1,gateway,gateway_A,raspberrypi,14,ESP32->RPi,decrypt,111,225,114,3.705,14,esp32_edge_simulator_1,1,mqtt_bruteforce
14:44:34.790,1139.2,gateway,gateway_A,raspberrypi,14,ESP32->RPi,decrypt,117,233,116,3.9,14,esp32_edge_normal_1,0,normal
14:44:35.834,1140.2,gateway,gateway_A,raspberrypi,14,RPi->PC,encrypt,3641,4938,1297,33.845,14,,,
14:44:39.718,1144.1,gateway,gateway_A,raspberrypi,14,ESP32->RPi,decrypt,120,237,117,1.539,14,esp32_edge_simulator_1,0,normal
14:44:39.721,1144.1,gateway,gateway_A,raspberrypi,14,ESP32->RPi,decrypt,115,233,118,1.376,14,esp32_edge_normal_2,0,normal
14:44:39.876,1144.2,gateway,gateway_A,raspberrypi,14,ESP32->RPi,decrypt,116,233,117,1.387,14,esp32_edge_normal_1,0,normal
14:44:44.722,1149.1,gateway,gateway_A,raspberrypi,14,ESP32->RPi,decrypt,115,233,118,3.966,14,esp32_edge_simulator_1,0,normal
14:44:44.727,1149.1,gateway,gateway_A,raspberrypi,14,ESP32->RPi,decrypt,118,237,119,3.857,14,esp32_edge_normal_2,0,normal
14:44:44.770,1149.1,gateway,gateway_A,raspberrypi,14,ESP32->RPi,decrypt,115,233,118,3.914,14,esp32_edge_normal_1,0,normal
14:44:49.829,1154.2,gateway,gateway_A,raspberrypi,14,ESP32->RPi,decrypt,121,241,120,2.604,14,esp32_edge_simulator_1,0,normal
14:44:49.835,1154.2,gateway,gateway_A,raspberrypi,14,ESP32->RPi,decrypt,113,229,116,3.818,14,esp32_edge_normal_2,0,normal
14:44:49.840,1154.2,gateway,gateway_A,raspberrypi,14,ESP32->RPi,decrypt,120,237,117,4.061,14,esp32_edge_normal_1,0,normal
14:44:54.743,1159.1,gateway,gateway_A,raspberrypi,14,ESP32->RPi,decrypt,116,233,117,1.329,14,esp32_edge_normal_2,0,normal
14:44:54.746,1159.1,gateway,gateway_A,raspberrypi,14,ESP32->RPi,decrypt,108,221,113,1.197,14,esp32_edge_simulator_1,2,scan_A
14:44:54.771,1159.1,gateway,gateway_A,raspberrypi,14,ESP32->RPi,decrypt,117,233,116,1.295,14,esp32_edge_normal_1,0,normal
14:44:59.767,1164.1,gateway,gateway_A,raspberrypi,14,ESP32->RPi,decrypt,121,241,120,4.133,14,esp32_edge_simulator_1,0,normal
14:44:59.773,1164.1,gateway,gateway_A,raspberrypi,14,ESP32->RPi,decrypt,114,229,115,3.826,14,esp32_edge_normal_2,0,normal
14:44:59.778,1164.1,gateway,gateway_A,raspberrypi,14,ESP32->RPi,decrypt,118,237,119,3.802,14,esp32_edge_normal_1,0,normal
14:45:04.722,1169.1,gateway,gateway_A,raspberrypi,14,ESP32->RPi,decrypt,122,241,119,4.087,14,esp32_edge_simulator_1,0,normal
14:45:04.727,1169.1,gateway,gateway_A,raspberrypi,14,ESP32->RPi,decrypt,118,237,119,3.781,14,esp32_edge_normal_2,0,normal
14:45:04.771,1169.1,gateway,gateway_A,raspberrypi,14,ESP32->RPi,decrypt,112,229,117,4.381,14,esp32_edge_normal_1,0,normal
14:45:09.803,1174.2,gateway,gateway_A,raspberrypi,14,ESP32->RPi,decrypt,120,237,117,4.78,14,esp32_edge_simulator_1,0,normal
14:45:09.808,1174.2,gateway,gateway_A,raspberrypi,14,ESP32->RPi,decrypt,116,233,117,4.274,14,esp32_edge_normal_2,0,normal
14:45:09.813,1174.2,gateway,gateway_A,raspberrypi,14,ESP32->RPi,decrypt,111,225,114,3.966,14,esp32_edge_normal_1,0,normal
14:45:14.820,1179.2,gateway,gateway_A,raspberrypi,14,ESP32->RPi,decrypt,120,237,117,4.222,14,esp32_edge_normal_2,0,normal
14:45:14.825,1179.2,gateway,gateway_A,raspberrypi,14,ESP32->RPi,decrypt,118,237,119,3.836,14,esp32_edge_simulator_1,0,normal
14:45:14.830,1179.2,gateway,gateway_A,raspberrypi,14,ESP32->RPi,decrypt,118,237,119,3.78,14,esp32_edge_normal_1,0,normal
14:45:19.733,1184.1,gateway,gateway_A,raspberrypi,14,ESP32->RPi,decrypt,123,241,118,4.105,14,esp32_edge_simulator_1,0,normal
14:45:19.739,1184.1,gateway,gateway_A,raspberrypi,14,ESP32->RPi,decrypt,117,233,116,3.928,14,esp32_edge_normal_2,0,normal
14:45:19.769,1184.1,gateway,gateway_A,raspberrypi,14,ESP32->RPi,decrypt,118,237,119,4.315,14,esp32_edge_normal_1,0,normal
14:45:24.746,1189.1,gateway,gateway_A,raspberrypi,14,ESP32->RPi,decrypt,123,241,118,1.458,14,esp32_edge_simulator_1,0,normal
14:45:24.749,1189.1,gateway,gateway_A,raspberrypi,14,ESP32->RPi,decrypt,114,229,115,1.33,14,esp32_edge_normal_2,0,normal
14:45:24.765,1189.1,gateway,gateway_A,raspberrypi,14,ESP32->RPi,decrypt,116,233,117,1.361,14,esp32_edge_normal_1,0,normal
14:45:25.876,1190.2,gateway,gateway_A,raspberrypi,14,RPi->PC,encrypt,3638,4934,1296,41.594,14,,,
14:45:29.717,1194.1,gateway,gateway_A,raspberrypi,14,ESP32->RPi,decrypt,121,241,120,1.354,14,esp32_edge_simulator_1,0,normal
14:45:29.723,1194.1,gateway,gateway_A,raspberrypi,14,ESP32->RPi,decrypt,117,233,116,1.26,14,esp32_edge_normal_2,0,normal
14:45:29.766,1194.1,gateway,gateway_A,raspberrypi,14,ESP32->RPi,decrypt,121,241,120,1.44,14,esp32_edge_normal_1,0,normal
14:45:34.786,1199.2,gateway,gateway_A,raspberrypi,14,ESP32->RPi,decrypt,115,233,118,4.067,14,esp32_edge_normal_2,0,normal
14:45:34.791,1199.2,gateway,gateway_A,raspberrypi,14,ESP32->RPi,decrypt,112,229,117,3.851,14,esp32_edge_simulator_1,1,mqtt_bruteforce
14:45:34.795,1199.2,gateway,gateway_A,raspberrypi,14,ESP32->RPi,decrypt,119,237,118,3.817,14,esp32_edge_normal_1,0,normal
14:45:39.723,1204.1,gateway,gateway_A,raspberrypi,14,ESP32->RPi,decrypt,113,229,116,3.952,14,esp32_edge_normal_2,0,normal
14:45:39.728,1204.1,gateway,gateway_A,raspberrypi,14,ESP32->RPi,decrypt,108,221,113,3.728,14,esp32_edge_simulator_1,2,scan_A
14:45:39.878,1204.2,gateway,gateway_A,raspberrypi,14,ESP32->RPi,decrypt,116,233,117,1.29,14,esp32_edge_normal_1,0,normal
14:45:44.819,1209.2,gateway,gateway_A,raspberrypi,14,ESP32->RPi,decrypt,120,237,117,1.433,14,esp32_edge_normal_2,0,normal
14:45:44.821,1209.2,gateway,gateway_A,raspberrypi,14,ESP32->RPi,decrypt,81,185,104,1.057,14,esp32_edge_simulator_1,2,scan_A
14:45:44.823,1209.2,gateway,gateway_A,raspberrypi,14,ESP32->RPi,decrypt,117,233,116,1.322,14,esp32_edge_normal_1,0,normal
14:45:49.721,1214.1,gateway,gateway_A,raspberrypi,14,ESP32->RPi,decrypt,120,237,117,1.496,14,esp32_edge_normal_2,0,normal
14:45:49.733,1214.1,gateway,gateway_A,raspberrypi,14,ESP32->RPi,decrypt,108,221,113,1.313,14,esp32_edge_simulator_1,2,scan_A
14:45:49.766,1214.1,gateway,gateway_A,raspberrypi,14,ESP32->RPi,decrypt,120,237,117,1.437,14,esp32_edge_normal_1,0,normal
14:45:54.755,1219.1,gateway,gateway_A,raspberrypi,14,ESP32->RPi,decrypt,116,233,117,4.382,14,esp32_edge_normal_2,0,normal
14:45:54.759,1219.1,gateway,gateway_A,raspberrypi,14,ESP32->RPi,decrypt,81,185,104,2.915,14,esp32_edge_simulator_1,2,scan_A
14:45:54.768,1219.1,gateway,gateway_A,raspberrypi,14,ESP32->RPi,decrypt,115,233,118,3.781,14,esp32_edge_normal_1,0,normal
14:45:59.724,1224.1,gateway,gateway_A,raspberrypi,14,ESP32->RPi,decrypt,118,237,119,4.996,14,esp32_edge_normal_2,0,normal
14:45:59.729,1224.1,gateway,gateway_A,raspberrypi,14,ESP32->RPi,decrypt,110,225,115,3.794,14,esp32_edge_simulator_1,1,mqtt_bruteforce
14:45:59.780,1224.1,gateway,gateway_A,raspberrypi,14,ESP32->RPi,decrypt,118,237,119,3.408,14,esp32_edge_normal_1,0,normal
14:46:04.723,1229.1,gateway,gateway_A,raspberrypi,14,ESP32->RPi,decrypt,107,221,114,4.021,14,esp32_edge_normal_2,0,normal
14:46:04.728,1229.1,gateway,gateway_A,raspberrypi,14,ESP32->RPi,decrypt,81,185,104,3.243,14,esp32_edge_simulator_1,2,scan_A
14:46:04.767,1229.1,gateway,gateway_A,raspberrypi,14,ESP32->RPi,decrypt,107,221,114,3.959,14,esp32_edge_normal_1,0,normal
14:46:09.721,1234.1,gateway,gateway_A,raspberrypi,14,ESP32->RPi,decrypt,117,233,116,4.009,14,esp32_edge_simulator_1,0,normal
14:46:09.726,1234.1,gateway,gateway_A,raspberrypi,14,ESP32->RPi,decrypt,113,229,116,3.878,14,esp32_edge_normal_2,0,normal
14:46:09.768,1234.1,gateway,gateway_A,raspberrypi,14,ESP32->RPi,decrypt,118,237,119,4.359,14,esp32_edge_normal_1,0,normal
14:46:14.820,1239.2,gateway,gateway_A,raspberrypi,14,ESP32->RPi,decrypt,117,233,116,1.415,14,esp32_edge_normal_2,0,normal
14:46:14.823,1239.2,gateway,gateway_A,raspberrypi,14,ESP32->RPi,decrypt,117,233,116,1.387,14,esp32_edge_simulator_1,0,normal
14:46:14.825,1239.2,gateway,gateway_A,raspberrypi,14,ESP32->RPi,decrypt,114,229,115,1.331,14,esp32_edge_normal_1,0,normal
14:46:15.819,1240.2,gateway,gateway_A,raspberrypi,14,RPi->PC,encrypt,3655,4958,1303,36.545,14,,,
14:46:19.717,1244.1,gateway,gateway_A,raspberrypi,14,ESP32->RPi,decrypt,117,233,116,1.354,14,esp32_edge_simulator_1,0,normal
14:46:19.721,1244.1,gateway,gateway_A,raspberrypi,14,ESP32->RPi,decrypt,117,233,116,1.293,14,esp32_edge_normal_2,0,normal
14:46:19.765,1244.1,gateway,gateway_A,raspberrypi,14,ESP32->RPi,decrypt,119,237,118,1.4,14,esp32_edge_normal_1,0,normal
14:46:24.723,1249.1,gateway,gateway_A,raspberrypi,14,ESP32->RPi,decrypt,115,233,118,4.079,14,esp32_edge_normal_2,0,normal
14:46:24.728,1249.1,gateway,gateway_A,raspberrypi,14,ESP32->RPi,decrypt,112,229,117,4.023,14,esp32_edge_simulator_1,1,mqtt_bruteforce
14:46:24.770,1249.1,gateway,gateway_A,raspberrypi,14,ESP32->RPi,decrypt,115,233,118,4.15,14,esp32_edge_normal_1,0,normal
14:46:29.722,1254.1,gateway,gateway_A,raspberrypi,14,ESP32->RPi,decrypt,117,233,116,3.973,14,esp32_edge_normal_2,0,normal
14:46:29.727,1254.1,gateway,gateway_A,raspberrypi,14,ESP32->RPi,decrypt,113,229,116,3.854,14,esp32_edge_simulator_1,1,mqtt_bruteforce
14:46:29.769,1254.1,gateway,gateway_A,raspberrypi,14,ESP32->RPi,decrypt,115,233,118,3.931,14,esp32_edge_normal_1,0,normal
14:46:34.723,1259.1,gateway,gateway_A,raspberrypi,14,ESP32->RPi,decrypt,112,229,117,3.928,14,esp32_edge_normal_2,0,normal
14:46:34.731,1259.1,gateway,gateway_A,raspberrypi,14,ESP32->RPi,decrypt,106,221,115,3.78,14,esp32_edge_simulator_1,2,scan_A
14:46:34.769,1259.1,gateway,gateway_A,raspberrypi,14,ESP32->RPi,decrypt,119,237,118,4.317,14,esp32_edge_normal_1,0,normal
14:46:39.721,1264.1,gateway,gateway_A,raspberrypi,14,ESP32->RPi,decrypt,111,225,114,3.946,14,esp32_edge_normal_2,0,normal
14:46:39.731,1264.1,gateway,gateway_A,raspberrypi,14,ESP32->RPi,decrypt,113,229,116,3.993,14,esp32_edge_simulator_1,1,mqtt_bruteforce
14:46:39.889,1264.3,gateway,gateway_A,raspberrypi,14,ESP32->RPi,decrypt,117,233,116,2.869,14,esp32_edge_normal_1,0,normal
14:46:44.726,1269.1,gateway,gateway_A,raspberrypi,14,ESP32->RPi,decrypt,117,233,116,3.874,14,esp32_edge_normal_2,0,normal
14:46:44.731,1269.1,gateway,gateway_A,raspberrypi,14,ESP32->RPi,decrypt,112,229,117,3.827,14,esp32_edge_simulator_1,1,mqtt_bruteforce
14:46:44.767,1269.1,gateway,gateway_A,raspberrypi,14,ESP32->RPi,decrypt,114,229,115,4.088,14,esp32_edge_normal_1,0,normal
14:46:49.726,1274.1,gateway,gateway_A,raspberrypi,14,ESP32->RPi,decrypt,116,233,117,4.175,14,esp32_edge_normal_2,0,normal
14:46:49.736,1274.1,gateway,gateway_A,raspberrypi,14,ESP32->RPi,decrypt,81,185,104,3.304,14,esp32_edge_simulator_1,2,scan_A
14:46:49.768,1274.1,gateway,gateway_A,raspberrypi,14,ESP32->RPi,decrypt,119,237,118,3.997,14,esp32_edge_normal_1,0,normal
14:46:54.764,1279.1,gateway,gateway_A,raspberrypi,14,ESP32->RPi,decrypt,116,233,117,3.837,14,esp32_edge_normal_2,0,normal
14:46:54.768,1279.1,gateway,gateway_A,raspberrypi,14,ESP32->RPi,decrypt,81,185,104,3.008,14,esp32_edge_simulator_1,2,scan_A
14:46:54.773,1279.1,gateway,gateway_A,raspberrypi,14,ESP32->RPi,decrypt,120,237,117,3.989,14,esp32_edge_normal_1,0,normal
14:46:59.778,1284.1,gateway,gateway_A,raspberrypi,14,ESP32->RPi,decrypt,115,233,118,3.995,14,esp32_edge_normal_2,0,normal
14:46:59.783,1284.1,gateway,gateway_A,raspberrypi,14,ESP32->RPi,decrypt,102,213,111,3.458,14,esp32_edge_simulator_1,2,scan_A
14:46:59.788,1284.2,gateway,gateway_A,raspberrypi,14,ESP32->RPi,decrypt,114,229,115,3.957,14,esp32_edge_normal_1,0,normal
14:47:04.718,1289.1,gateway,gateway_A,raspberrypi,14,ESP32->RPi,decrypt,116,233,117,4.823,14,esp32_edge_simulator_1,0,normal
14:47:04.723,1289.1,gateway,gateway_A,raspberrypi,14,ESP32->RPi,decrypt,119,237,118,4.122,14,esp32_edge_normal_2,0,normal
14:47:04.768,1289.1,gateway,gateway_A,raspberrypi,14,ESP32->RPi,decrypt,118,237,119,4.086,14,esp32_edge_normal_1,0,normal
14:47:06.053,1290.4,gateway,gateway_A,raspberrypi,14,RPi->PC,encrypt,3644,4942,1298,37.341,14,,,
14:47:09.722,1294.1,gateway,gateway_A,raspberrypi,14,ESP32->RPi,decrypt,111,225,114,1.379,14,esp32_edge_normal_2,0,normal
14:47:09.724,1294.1,gateway,gateway_A,raspberrypi,14,ESP32->RPi,decrypt,122,241,119,1.385,14,esp32_edge_simulator_1,0,normal
14:47:09.766,1294.1,gateway,gateway_A,raspberrypi,14,ESP32->RPi,decrypt,119,237,118,1.383,14,esp32_edge_normal_1,0,normal
14:47:14.835,1299.2,gateway,gateway_A,raspberrypi,14,ESP32->RPi,decrypt,117,233,116,4.862,14,esp32_edge_normal_2,0,normal
14:47:14.841,1299.2,gateway,gateway_A,raspberrypi,14,ESP32->RPi,decrypt,111,225,114,3.893,14,esp32_edge_simulator_1,1,mqtt_bruteforce
14:47:14.846,1299.2,gateway,gateway_A,raspberrypi,14,ESP32->RPi,decrypt,115,233,118,3.993,14,esp32_edge_normal_1,0,normal
14:47:19.748,1304.1,gateway,gateway_A,raspberrypi,14,ESP32->RPi,decrypt,120,237,117,4.553,14,esp32_edge_normal_2,0,normal
14:47:19.753,1304.1,gateway,gateway_A,raspberrypi,14,ESP32->RPi,decrypt,102,213,111,3.498,14,esp32_edge_simulator_1,2,scan_A
14:47:19.766,1304.1,gateway,gateway_A,raspberrypi,14,ESP32->RPi,decrypt,119,237,118,4.039,14,esp32_edge_normal_1,0,normal
14:47:24.721,1309.1,gateway,gateway_A,raspberrypi,14,ESP32->RPi,decrypt,115,233,118,4.102,14,esp32_edge_normal_2,0,normal
14:47:24.734,1309.1,gateway,gateway_A,raspberrypi,14,ESP32->RPi,decrypt,108,221,113,3.94,14,esp32_edge_simulator_1,2,scan_A
14:47:24.766,1309.1,gateway,gateway_A,raspberrypi,14,ESP32->RPi,decrypt,120,237,117,4.737,14,esp32_edge_normal_1,0,normal
14:47:29.725,1314.1,gateway,gateway_A,raspberrypi,14,ESP32->RPi,decrypt,115,233,118,4.545,14,esp32_edge_normal_2,0,normal
14:47:29.733,1314.1,gateway,gateway_A,raspberrypi,14,ESP32->RPi,decrypt,81,185,104,3.504,14,esp32_edge_simulator_1,2,scan_A
14:47:29.767,1314.1,gateway,gateway_A,raspberrypi,14,ESP32->RPi,decrypt,106,221,115,4.168,14,esp32_edge_normal_1,0,normal
14:47:34.801,1319.2,gateway,gateway_A,raspberrypi,14,ESP32->RPi,decrypt,110,225,115,5.539,14,esp32_edge_simulator_1,0,normal
14:47:34.807,1319.2,gateway,gateway_A,raspberrypi,14,ESP32->RPi,decrypt,121,241,120,4.713,14,esp32_edge_normal_2,0,normal
14:47:34.814,1319.2,gateway,gateway_A,raspberrypi,14,ESP32->RPi,decrypt,121,241,120,5.464,14,esp32_edge_normal_1,0,normal
14:47:39.726,1324.1,gateway,gateway_A,raspberrypi,14,ESP32->RPi,decrypt,117,233,116,4.277,14,esp32_edge_normal_2,0,normal
14:47:39.746,1324.1,gateway,gateway_A,raspberrypi,14,ESP32->RPi,decrypt,113,229,116,3.729,14,esp32_edge_simulator_1,1,mqtt_bruteforce
14:47:39.767,1324.1,gateway,gateway_A,raspberrypi,14,ESP32->RPi,decrypt,119,237,118,3.69,14,esp32_edge_normal_1,0,normal
14:47:44.720,1329.1,gateway,gateway_A,raspberrypi,14,ESP32->RPi,decrypt,116,233,117,4.07,14,esp32_edge_normal_2,0,normal
14:47:44.769,1329.1,gateway,gateway_A,raspberrypi,14,ESP32->RPi,decrypt,118,237,119,4.184,14,esp32_edge_simulator_1,0,normal
14:47:44.775,1329.1,gateway,gateway_A,raspberrypi,14,ESP32->RPi,decrypt,116,233,117,4.511,14,esp32_edge_normal_1,0,normal
14:47:49.717,1334.1,gateway,gateway_A,raspberrypi,14,ESP32->RPi,decrypt,118,237,119,1.321,14,esp32_edge_simulator_1,0,normal
14:47:49.719,1334.1,gateway,gateway_A,raspberrypi,14,ESP32->RPi,decrypt,119,237,118,1.254,14,esp32_edge_normal_2,0,normal
14:47:49.764,1334.1,gateway,gateway_A,raspberrypi,14,ESP32->RPi,decrypt,120,237,117,1.418,14,esp32_edge_normal_1,0,normal
14:47:54.722,1339.1,gateway,gateway_A,raspberrypi,14,ESP32->RPi,decrypt,120,237,117,4.02,14,esp32_edge_normal_2,0,normal
14:47:54.733,1339.1,gateway,gateway_A,raspberrypi,14,ESP32->RPi,decrypt,108,221,113,3.424,14,esp32_edge_simulator_1,1,mqtt_bruteforce
14:47:54.776,1339.1,gateway,gateway_A,raspberrypi,14,ESP32->RPi,decrypt,118,237,119,3.749,14,esp32_edge_normal_1,0,normal
14:47:55.811,1340.2,gateway,gateway_A,raspberrypi,14,RPi->PC,encrypt,3637,4934,1297,36.345,14,,,
14:47:59.785,1344.2,gateway,gateway_A,raspberrypi,14,ESP32->RPi,decrypt,116,233,117,1.36,14,esp32_edge_normal_2,0,normal
14:47:59.788,1344.2,gateway,gateway_A,raspberrypi,14,ESP32->RPi,decrypt,111,225,114,1.323,14,esp32_edge_simulator_1,1,mqtt_bruteforce
14:47:59.790,1344.2,gateway,gateway_A,raspberrypi,14,ESP32->RPi,decrypt,120,237,117,1.411,14,esp32_edge_normal_1,0,normal
14:48:04.716,1349.1,gateway,gateway_A,raspberrypi,14,ESP32->RPi,decrypt,118,237,119,1.409,14,esp32_edge_normal_2,0,normal
14:48:04.724,1349.1,gateway,gateway_A,raspberrypi,14,ESP32->RPi,decrypt,115,233,118,1.339,14,esp32_edge_simulator_1,1,mqtt_bruteforce
14:48:04.764,1349.1,gateway,gateway_A,raspberrypi,14,ESP32->RPi,decrypt,121,241,120,1.457,14,esp32_edge_normal_1,0,normal
14:48:09.722,1354.1,gateway,gateway_A,raspberrypi,14,ESP32->RPi,decrypt,117,233,116,4.513,14,esp32_edge_normal_2,0,normal
14:48:09.727,1354.1,gateway,gateway_A,raspberrypi,14,ESP32->RPi,decrypt,111,225,114,3.915,14,esp32_edge_simulator_1,1,mqtt_bruteforce
14:48:09.767,1354.1,gateway,gateway_A,raspberrypi,14,ESP32->RPi,decrypt,118,237,119,4.414,14,esp32_edge_normal_1,0,normal
14:48:14.719,1359.1,gateway,gateway_A,raspberrypi,14,ESP32->RPi,decrypt,117,233,116,4.213,14,esp32_edge_normal_2,0,normal
14:48:14.740,1359.1,gateway,gateway_A,raspberrypi,14,ESP32->RPi,decrypt,116,233,117,5.0,14,esp32_edge_simulator_1,1,mqtt_bruteforce
14:48:14.768,1359.1,gateway,gateway_A,raspberrypi,14,ESP32->RPi,decrypt,113,229,116,4.349,14,esp32_edge_normal_1,0,normal
14:48:19.754,1364.1,gateway,gateway_A,raspberrypi,14,ESP32->RPi,decrypt,115,233,118,4.22,14,esp32_edge_normal_2,0,normal
14:48:19.760,1364.1,gateway,gateway_A,raspberrypi,14,ESP32->RPi,decrypt,111,225,114,4.051,14,esp32_edge_simulator_1,1,mqtt_bruteforce
14:48:19.766,1364.1,gateway,gateway_A,raspberrypi,14,ESP32->RPi,decrypt,121,241,120,4.274,14,esp32_edge_normal_1,0,normal
14:48:24.772,1369.1,gateway,gateway_A,raspberrypi,14,ESP32->RPi,decrypt,120,237,117,4.445,14,esp32_edge_normal_2,0,normal
14:48:24.777,1369.1,gateway,gateway_A,raspberrypi,14,ESP32->RPi,decrypt,104,217,113,3.967,14,esp32_edge_simulator_1,2,scan_A
14:48:24.782,1369.1,gateway,gateway_A,raspberrypi,14,ESP32->RPi,decrypt,116,233,117,3.961,14,esp32_edge_normal_1,0,normal
14:48:29.786,1374.2,gateway,gateway_A,raspberrypi,14,ESP32->RPi,decrypt,121,241,120,1.52,14,esp32_edge_normal_2,0,normal
14:48:29.788,1374.2,gateway,gateway_A,raspberrypi,14,ESP32->RPi,decrypt,112,229,117,1.438,14,esp32_edge_simulator_1,1,mqtt_bruteforce
14:48:29.790,1374.2,gateway,gateway_A,raspberrypi,14,ESP32->RPi,decrypt,114,229,115,1.334,14,esp32_edge_normal_1,0,normal
14:48:34.720,1379.1,gateway,gateway_A,raspberrypi,14,ESP32->RPi,decrypt,121,241,120,4.542,14,esp32_edge_normal_2,0,normal
14:48:34.735,1379.1,gateway,gateway_A,raspberrypi,14,ESP32->RPi,decrypt,107,221,114,3.955,14,esp32_edge_simulator_1,2,scan_A
14:48:34.766,1379.1,gateway,gateway_A,raspberrypi,14,ESP32->RPi,decrypt,120,237,117,4.838,14,esp32_edge_normal_1,0,normal
14:48:39.734,1384.1,gateway,gateway_A,raspberrypi,14,ESP32->RPi,decrypt,120,237,117,4.37,14,esp32_edge_simulator_1,0,normal
14:48:39.740,1384.1,gateway,gateway_A,raspberrypi,14,ESP32->RPi,decrypt,113,229,116,4.117,14,esp32_edge_normal_2,0,normal
14:48:39.765,1384.1,gateway,gateway_A,raspberrypi,14,ESP32->RPi,decrypt,118,237,119,4.285,14,esp32_edge_normal_1,0,normal
14:48:44.739,1389.1,gateway,gateway_A,raspberrypi,14,ESP32->RPi,decrypt,119,237,118,4.3,14,esp32_edge_simulator_1,0,normal
14:48:44.745,1389.1,gateway,gateway_A,raspberrypi,14,ESP32->RPi,decrypt,120,237,117,4.171,14,esp32_edge_normal_2,0,normal
14:48:44.795,1389.2,gateway,gateway_A,raspberrypi,14,ESP32->RPi,decrypt,113,229,116,2.99,14,esp32_edge_normal_1,0,normal
14:48:45.771,1390.1,gateway,gateway_A,raspberrypi,14,RPi->PC,encrypt,3620,4910,1290,36.571,14,,,
14:48:49.718,1394.1,gateway,gateway_A,raspberrypi,14,ESP32->RPi,decrypt,120,237,117,1.459,14,esp32_edge_normal_2,0,normal
14:48:49.721,1394.1,gateway,gateway_A,raspberrypi,14,ESP32->RPi,decrypt,107,221,114,1.259,14,esp32_edge_simulator_1,2,scan_A
14:48:49.763,1394.1,gateway,gateway_A,raspberrypi,14,ESP32->RPi,decrypt,118,237,119,1.658,14,esp32_edge_normal_1,0,normal
14:48:54.775,1399.1,gateway,gateway_A,raspberrypi,14,ESP32->RPi,decrypt,118,237,119,4.018,14,esp32_edge_simulator_1,0,normal
14:48:54.781,1399.1,gateway,gateway_A,raspberrypi,14,ESP32->RPi,decrypt,116,233,117,3.615,14,esp32_edge_normal_2,0,normal
14:48:54.785,1399.2,gateway,gateway_A,raspberrypi,14,ESP32->RPi,decrypt,116,233,117,3.219,14,esp32_edge_normal_1,0,normal
14:48:59.789,1404.2,gateway,gateway_A,raspberrypi,14,ESP32->RPi,decrypt,120,237,117,1.466,14,esp32_edge_normal_2,0,normal
14:48:59.792,1404.2,gateway,gateway_A,raspberrypi,14,ESP32->RPi,decrypt,81,185,104,1.103,14,esp32_edge_simulator_1,2,scan_A
14:48:59.793,1404.2,gateway,gateway_A,raspberrypi,14,ESP32->RPi,decrypt,115,233,118,1.354,14,esp32_edge_normal_1,0,normal
14:49:04.814,1409.2,gateway,gateway_A,raspberrypi,14,ESP32->RPi,decrypt,124,245,121,4.443,14,esp32_edge_simulator_1,0,normal
14:49:04.820,1409.2,gateway,gateway_A,raspberrypi,14,ESP32->RPi,decrypt,116,233,117,4.086,14,esp32_edge_normal_2,0,normal
14:49:04.824,1409.2,gateway,gateway_A,raspberrypi,14,ESP32->RPi,decrypt,114,229,115,3.742,14,esp32_edge_normal_1,0,normal
14:49:09.828,1414.2,gateway,gateway_A,raspberrypi,14,ESP32->RPi,decrypt,112,229,117,3.939,14,esp32_edge_normal_2,0,normal
14:49:09.833,1414.2,gateway,gateway_A,raspberrypi,14,ESP32->RPi,decrypt,81,185,104,3.383,14,esp32_edge_simulator_1,2,scan_A
14:49:09.838,1414.2,gateway,gateway_A,raspberrypi,14,ESP32->RPi,decrypt,120,237,117,4.252,14,esp32_edge_normal_1,0,normal
14:49:14.743,1419.1,gateway,gateway_A,raspberrypi,14,ESP32->RPi,decrypt,108,221,113,4.345,14,esp32_edge_simulator_1,0,normal
14:49:14.748,1419.1,gateway,gateway_A,raspberrypi,14,ESP32->RPi,decrypt,117,233,116,4.433,14,esp32_edge_normal_2,0,normal
14:49:14.765,1419.1,gateway,gateway_A,raspberrypi,14,ESP32->RPi,decrypt,120,237,117,4.443,14,esp32_edge_normal_1,0,normal
14:49:19.714,1424.1,gateway,gateway_A,raspberrypi,14,ESP32->RPi,decrypt,121,241,120,1.495,14,esp32_edge_simulator_1,0,normal
14:49:19.722,1424.1,gateway,gateway_A,raspberrypi,14,ESP32->RPi,decrypt,118,237,119,1.409,14,esp32_edge_normal_2,0,normal
14:49:19.760,1424.1,gateway,gateway_A,raspberrypi,14,ESP32->RPi,decrypt,121,241,120,1.636,14,esp32_edge_normal_1,0,normal
14:49:24.717,1429.1,gateway,gateway_A,raspberrypi,14,ESP32->RPi,decrypt,120,237,117,4.435,14,esp32_edge_simulator_1,0,normal
14:49:24.722,1429.1,gateway,gateway_A,raspberrypi,14,ESP32->RPi,decrypt,114,229,115,3.888,14,esp32_edge_normal_2,0,normal
14:49:24.763,1429.1,gateway,gateway_A,raspberrypi,14,ESP32->RPi,decrypt,119,237,118,3.929,14,esp32_edge_normal_1,0,normal
14:49:29.797,1434.2,gateway,gateway_A,raspberrypi,14,ESP32->RPi,decrypt,119,237,118,4.735,14,esp32_edge_simulator_1,0,normal
14:49:29.802,1434.2,gateway,gateway_A,raspberrypi,14,ESP32->RPi,decrypt,121,241,120,4.249,14,esp32_edge_normal_2,0,normal
14:49:29.808,1434.2,gateway,gateway_A,raspberrypi,14,ESP32->RPi,decrypt,115,233,118,4.058,14,esp32_edge_normal_1,0,normal
14:49:34.814,1439.2,gateway,gateway_A,raspberrypi,14,ESP32->RPi,decrypt,122,241,119,4.367,14,esp32_edge_simulator_1,0,normal
14:49:34.820,1439.2,gateway,gateway_A,raspberrypi,14,ESP32->RPi,decrypt,121,241,120,4.403,14,esp32_edge_normal_2,0,normal
14:49:34.825,1439.2,gateway,gateway_A,raspberrypi,14,ESP32->RPi,decrypt,117,233,116,4.0,14,esp32_edge_normal_1,0,normal
14:49:35.990,1440.4,gateway,gateway_A,raspberrypi,14,RPi->PC,encrypt,3636,4930,1294,38.782,14,,,
14:49:39.733,1444.1,gateway,gateway_A,raspberrypi,14,ESP32->RPi,decrypt,117,233,116,1.413,14,esp32_edge_normal_2,0,normal
14:49:39.736,1444.1,gateway,gateway_A,raspberrypi,14,ESP32->RPi,decrypt,113,229,116,1.379,14,esp32_edge_simulator_1,1,mqtt_bruteforce
14:49:39.757,1444.1,gateway,gateway_A,raspberrypi,14,ESP32->RPi,decrypt,117,233,116,1.43,14,esp32_edge_normal_1,0,normal
14:49:44.746,1449.1,gateway,gateway_A,raspberrypi,14,ESP32->RPi,decrypt,120,237,117,4.014,14,esp32_edge_simulator_1,0,normal
14:49:44.752,1449.1,gateway,gateway_A,raspberrypi,14,ESP32->RPi,decrypt,115,233,118,3.842,14,esp32_edge_normal_2,0,normal
14:49:44.800,1449.2,gateway,gateway_A,raspberrypi,14,ESP32->RPi,decrypt,117,233,116,3.566,14,esp32_edge_normal_1,0,normal
14:49:49.711,1454.1,gateway,gateway_A,raspberrypi,14,ESP32->RPi,decrypt,120,237,117,1.438,14,esp32_edge_simulator_1,0,normal
14:49:49.715,1454.1,gateway,gateway_A,raspberrypi,14,ESP32->RPi,decrypt,121,241,120,1.398,14,esp32_edge_normal_2,0,normal
14:49:49.761,1454.1,gateway,gateway_A,raspberrypi,14,ESP32->RPi,decrypt,113,229,116,1.523,14,esp32_edge_normal_1,0,normal
14:49:54.714,1459.1,gateway,gateway_A,raspberrypi,14,ESP32->RPi,decrypt,120,237,117,4.329,14,esp32_edge_simulator_1,0,normal
14:49:54.720,1459.1,gateway,gateway_A,raspberrypi,14,ESP32->RPi,decrypt,113,229,116,4.154,14,esp32_edge_normal_2,0,normal
14:49:54.765,1459.1,gateway,gateway_A,raspberrypi,14,ESP32->RPi,decrypt,120,237,117,4.014,14,esp32_edge_normal_1,0,normal
14:49:59.713,1464.1,gateway,gateway_A,raspberrypi,14,ESP32->RPi,decrypt,116,233,117,1.439,14,esp32_edge_simulator_1,0,normal
14:49:59.715,1464.1,gateway,gateway_A,raspberrypi,14,ESP32->RPi,decrypt,121,241,120,1.375,14,esp32_edge_normal_2,0,normal
14:49:59.764,1464.1,gateway,gateway_A,raspberrypi,14,ESP32->RPi,decrypt,107,221,114,1.345,14,esp32_edge_normal_1,0,normal
14:50:04.715,1469.1,gateway,gateway_A,raspberrypi,14,ESP32->RPi,decrypt,110,225,115,4.155,14,esp32_edge_simulator_1,0,normal
14:50:04.721,1469.1,gateway,gateway_A,raspberrypi,14,ESP32->RPi,decrypt,115,233,118,4.272,14,esp32_edge_normal_2,0,normal
14:50:04.765,1469.1,gateway,gateway_A,raspberrypi,14,ESP32->RPi,decrypt,116,233,117,4.408,14,esp32_edge_normal_1,0,normal
14:50:09.717,1474.1,gateway,gateway_A,raspberrypi,14,ESP32->RPi,decrypt,119,237,118,4.461,14,esp32_edge_normal_2,0,normal
14:50:09.726,1474.1,gateway,gateway_A,raspberrypi,14,ESP32->RPi,decrypt,105,217,112,4.058,14,esp32_edge_simulator_1,1,mqtt_bruteforce
14:50:09.765,1474.1,gateway,gateway_A,raspberrypi,14,ESP32->RPi,decrypt,120,237,117,3.781,14,esp32_edge_normal_1,0,normal
14:50:14.713,1479.1,gateway,gateway_A,raspberrypi,14,ESP32->RPi,decrypt,119,237,118,1.383,14,esp32_edge_simulator_1,0,normal
14:50:14.716,1479.1,gateway,gateway_A,raspberrypi,14,ESP32->RPi,decrypt,119,237,118,1.393,14,esp32_edge_normal_2,0,normal
14:50:14.758,1479.1,gateway,gateway_A,raspberrypi,14,ESP32->RPi,decrypt,116,233,117,1.382,14,esp32_edge_normal_1,0,normal
14:50:19.719,1484.1,gateway,gateway_A,raspberrypi,14,ESP32->RPi,decrypt,114,229,115,4.014,14,esp32_edge_normal_2,0,normal
14:50:19.724,1484.1,gateway,gateway_A,raspberrypi,14,ESP32->RPi,decrypt,81,185,104,3.02,14,esp32_edge_simulator_1,2,scan_A
14:50:19.768,1484.1,gateway,gateway_A,raspberrypi,14,ESP32->RPi,decrypt,120,237,117,4.28,14,esp32_edge_normal_1,0,normal
14:50:24.781,1489.1,gateway,gateway_A,raspberrypi,14,ESP32->RPi,decrypt,116,233,117,1.321,14,esp32_edge_normal_2,0,normal
14:50:24.785,1489.1,gateway,gateway_A,raspberrypi,14,ESP32->RPi,decrypt,111,225,114,1.33,14,esp32_edge_simulator_1,1,mqtt_bruteforce
14:50:24.786,1489.2,gateway,gateway_A,raspberrypi,14,ESP32->RPi,decrypt,120,237,117,1.389,14,esp32_edge_normal_1,0,normal
14:50:25.806,1490.2,gateway,gateway_A,raspberrypi,14,RPi->PC,encrypt,3634,4930,1296,32.806,14,,,
14:50:29.713,1494.1,gateway,gateway_A,raspberrypi,14,ESP32->RPi,decrypt,115,233,118,1.273,14,esp32_edge_normal_2,0,normal
14:50:29.721,1494.1,gateway,gateway_A,raspberrypi,14,ESP32->RPi,decrypt,114,229,115,1.275,14,esp32_edge_simulator_1,1,mqtt_bruteforce
14:50:29.764,1494.1,gateway,gateway_A,raspberrypi,14,ESP32->RPi,decrypt,117,233,116,1.582,14,esp32_edge_normal_1,0,normal
14:50:34.720,1499.1,gateway,gateway_A,raspberrypi,14,ESP32->RPi,decrypt,118,237,119,3.576,14,esp32_edge_normal_2,0,normal
14:50:34.727,1499.1,gateway,gateway_A,raspberrypi,14,ESP32->RPi,decrypt,112,229,117,3.318,14,esp32_edge_simulator_1,1,mqtt_bruteforce
14:50:34.760,1499.1,gateway,gateway_A,raspberrypi,14,ESP32->RPi,decrypt,117,233,116,3.357,14,esp32_edge_normal_1,0,normal
14:50:39.745,1504.1,gateway,gateway_A,raspberrypi,14,ESP32->RPi,decrypt,120,237,117,4.076,14,esp32_edge_normal_2,0,normal
14:50:39.750,1504.1,gateway,gateway_A,raspberrypi,14,ESP32->RPi,decrypt,112,229,117,3.979,14,esp32_edge_simulator_1,1,mqtt_bruteforce
14:50:39.760,1504.1,gateway,gateway_A,raspberrypi,14,ESP32->RPi,decrypt,115,233,118,3.423,14,esp32_edge_normal_1,0,normal
14:50:44.708,1509.1,gateway,gateway_A,raspberrypi,14,ESP32->RPi,decrypt,118,237,119,1.34,14,esp32_edge_simulator_1,0,normal
14:50:44.713,1509.1,gateway,gateway_A,raspberrypi,14,ESP32->RPi,decrypt,120,237,117,1.318,14,esp32_edge_normal_2,0,normal
14:50:44.761,1509.1,gateway,gateway_A,raspberrypi,14,ESP32->RPi,decrypt,117,233,116,1.392,14,esp32_edge_normal_1,0,normal
14:50:49.720,1514.1,gateway,gateway_A,raspberrypi,14,ESP32->RPi,decrypt,118,237,119,3.38,14,esp32_edge_normal_2,0,normal
14:50:49.725,1514.1,gateway,gateway_A,raspberrypi,14,ESP32->RPi,decrypt,104,217,113,3.066,14,esp32_edge_simulator_1,2,scan_A
14:50:49.762,1514.1,gateway,gateway_A,raspberrypi,14,ESP32->RPi,decrypt,111,225,114,3.183,14,esp32_edge_normal_1,0,normal
14:50:54.718,1519.1,gateway,gateway_A,raspberrypi,14,ESP32->RPi,decrypt,116,233,117,3.957,14,esp32_edge_normal_2,0,normal
14:50:54.722,1519.1,gateway,gateway_A,raspberrypi,14,ESP32->RPi,decrypt,106,221,115,3.627,14,esp32_edge_simulator_1,1,mqtt_bruteforce
14:50:54.767,1519.1,gateway,gateway_A,raspberrypi,14,ESP32->RPi,decrypt,116,233,117,2.586,14,esp32_edge_normal_1,0,normal
14:50:59.807,1524.2,gateway,gateway_A,raspberrypi,14,ESP32->RPi,decrypt,116,233,117,4.604,14,esp32_edge_normal_2,0,normal
14:50:59.811,1524.2,gateway,gateway_A,raspberrypi,14,ESP32->RPi,decrypt,81,185,104,3.096,14,esp32_edge_simulator_1,2,scan_A
14:50:59.816,1524.2,gateway,gateway_A,raspberrypi,14,ESP32->RPi,decrypt,119,237,118,4.108,14,esp32_edge_normal_1,0,normal
14:51:04.826,1529.2,gateway,gateway_A,raspberrypi,14,ESP32->RPi,decrypt,115,233,118,4.289,14,esp32_edge_normal_2,0,normal
14:51:04.830,1529.2,gateway,gateway_A,raspberrypi,14,ESP32->RPi,decrypt,107,221,114,3.326,14,esp32_edge_simulator_1,2,scan_A
14:51:04.834,1529.2,gateway,gateway_A,raspberrypi,14,ESP32->RPi,decrypt,118,237,119,3.316,14,esp32_edge_normal_1,0,normal
14:51:09.710,1534.1,gateway,gateway_A,raspberrypi,14,ESP32->RPi,decrypt,116,233,117,1.275,14,esp32_edge_normal_2,0,normal
14:51:09.716,1534.1,gateway,gateway_A,raspberrypi,14,ESP32->RPi,decrypt,119,237,118,1.334,14,esp32_edge_simulator_1,0,normal
14:51:09.755,1534.1,gateway,gateway_A,raspberrypi,14,ESP32->RPi,decrypt,117,233,116,1.352,14,esp32_edge_normal_1,0,normal
14:51:14.758,1539.1,gateway,gateway_A,raspberrypi,14,ESP32->RPi,decrypt,124,245,121,4.524,14,esp32_edge_simulator_1,0,normal
14:51:14.764,1539.1,gateway,gateway_A,raspberrypi,14,ESP32->RPi,decrypt,119,237,118,4.195,14,esp32_edge_normal_2,0,normal
14:51:14.769,1539.1,gateway,gateway_A,raspberrypi,14,ESP32->RPi,decrypt,118,237,119,3.952,14,esp32_edge_normal_1,0,normal
14:51:15.940,1540.3,gateway,gateway_A,raspberrypi,14,RPi->PC,encrypt,3632,4926,1294,34.958,14,,,
15:28:58.162,0.8,gateway,gateway_A,raspberrypi,15,ESP32->RPi,decrypt,114,229,115,1.441,0,esp32_edge_normal_1,0,normal
15:28:59.650,2.3,gateway,gateway_A,raspberrypi,15,ESP32->RPi,decrypt,81,185,104,1.056,0,esp32_edge_simulator_1,2,scan_A
15:28:59.652,2.3,gateway,gateway_A,raspberrypi,15,ESP32->RPi,decrypt,118,237,119,1.354,0,esp32_edge_normal_2,0,normal
15:28:59.704,2.3,gateway,gateway_A,raspberrypi,15,ESP32->RPi,decrypt,120,237,117,1.425,0,esp32_edge_normal_1,0,normal
15:29:04.649,7.3,gateway,gateway_A,raspberrypi,15,ESP32->RPi,decrypt,122,241,119,4.105,0,esp32_edge_simulator_1,0,normal
15:29:04.656,7.3,gateway,gateway_A,raspberrypi,15,ESP32->RPi,decrypt,120,237,117,4.339,0,esp32_edge_normal_2,0,normal
15:29:04.711,7.3,gateway,gateway_A,raspberrypi,15,ESP32->RPi,decrypt,117,233,116,4.27,0,esp32_edge_normal_1,0,normal
15:29:09.702,12.3,gateway,gateway_A,raspberrypi,15,ESP32->RPi,decrypt,114,229,115,1.348,0,esp32_edge_normal_2,0,normal
15:29:09.705,12.3,gateway,gateway_A,raspberrypi,15,ESP32->RPi,decrypt,112,229,117,1.535,0,esp32_edge_simulator_1,1,mqtt_bruteforce
15:29:09.707,12.3,gateway,gateway_A,raspberrypi,15,ESP32->RPi,decrypt,116,233,117,1.36,0,esp32_edge_normal_1,0,normal
15:29:14.656,17.3,gateway,gateway_A,raspberrypi,15,ESP32->RPi,decrypt,120,237,117,4.333,0,esp32_edge_normal_2,0,normal
15:29:14.661,17.3,gateway,gateway_A,raspberrypi,15,ESP32->RPi,decrypt,107,221,114,3.931,0,esp32_edge_simulator_1,2,scan_A
15:29:14.710,17.3,gateway,gateway_A,raspberrypi,15,ESP32->RPi,decrypt,114,229,115,4.356,0,esp32_edge_normal_1,0,normal
15:29:19.742,22.4,gateway,gateway_A,raspberrypi,15,ESP32->RPi,decrypt,115,233,118,4.73,0,esp32_edge_normal_2,0,normal
15:29:19.747,22.4,gateway,gateway_A,raspberrypi,15,ESP32->RPi,decrypt,110,225,115,3.694,0,esp32_edge_simulator_1,1,mqtt_bruteforce
15:29:19.752,22.4,gateway,gateway_A,raspberrypi,15,ESP32->RPi,decrypt,107,221,114,3.757,0,esp32_edge_normal_1,0,normal
15:29:24.656,27.3,gateway,gateway_A,raspberrypi,15,ESP32->RPi,decrypt,81,185,104,3.166,0,esp32_edge_simulator_1,2,scan_A
15:29:24.661,27.3,gateway,gateway_A,raspberrypi,15,ESP32->RPi,decrypt,115,233,118,3.837,0,esp32_edge_normal_2,0,normal
15:29:24.715,27.3,gateway,gateway_A,raspberrypi,15,ESP32->RPi,decrypt,120,237,117,4.188,0,esp32_edge_normal_1,0,normal
15:29:29.647,32.3,gateway,gateway_A,raspberrypi,15,ESP32->RPi,decrypt,116,233,117,1.319,0,esp32_edge_normal_2,0,normal
15:29:29.652,32.3,gateway,gateway_A,raspberrypi,15,ESP32->RPi,decrypt,108,221,113,1.244,0,esp32_edge_simulator_1,2,scan_A
15:29:29.700,32.3,gateway,gateway_A,raspberrypi,15,ESP32->RPi,decrypt,117,233,116,1.482,0,esp32_edge_normal_1,0,normal
15:29:34.650,37.3,gateway,gateway_A,raspberrypi,15,ESP32->RPi,decrypt,123,241,118,3.631,0,esp32_edge_simulator_1,0,normal
15:29:34.655,37.3,gateway,gateway_A,raspberrypi,15,ESP32->RPi,decrypt,119,237,118,3.35,0,esp32_edge_normal_2,0,normal
15:29:34.704,37.3,gateway,gateway_A,raspberrypi,15,ESP32->RPi,decrypt,117,233,116,3.655,0,esp32_edge_normal_1,0,normal
15:29:39.702,42.3,gateway,gateway_A,raspberrypi,15,ESP32->RPi,decrypt,119,237,118,4.055,0,esp32_edge_normal_2,0,normal
15:29:39.708,42.3,gateway,gateway_A,raspberrypi,15,ESP32->RPi,decrypt,107,221,114,3.742,0,esp32_edge_simulator_1,2,scan_A
15:29:39.719,42.3,gateway,gateway_A,raspberrypi,15,ESP32->RPi,decrypt,115,233,118,4.204,0,esp32_edge_normal_1,0,normal
15:29:44.647,47.3,gateway,gateway_A,raspberrypi,15,ESP32->RPi,decrypt,119,237,118,4.21,0,esp32_edge_simulator_1,0,normal
15:29:44.658,47.3,gateway,gateway_A,raspberrypi,15,ESP32->RPi,decrypt,114,229,115,3.735,0,esp32_edge_normal_2,0,normal
15:29:51.479,54.1,gateway,gateway_A,raspberrypi,15,RPi->PC,encrypt,3641,4938,1297,35.674,0,,,
15:29:52.213,54.8,gateway,gateway_A,raspberrypi,15,PC->RPi,decrypt,3546,4810,1264,32.532,0,,,
15:29:52.251,54.9,gateway,gateway_A,raspberrypi,15,RPi->ESP32,encrypt,3546,4810,1264,31.23,15,,,
15:29:52.313,54.9,gateway,gateway_A,raspberrypi,15,ESP32->RPi,decrypt,116,233,117,1.316,15,esp32_edge_normal_1,0,normal
15:29:52.315,54.9,gateway,gateway_A,raspberrypi,15,ESP32->RPi,decrypt,119,237,118,1.345,15,esp32_edge_simulator_1,0,normal
15:29:52.317,54.9,gateway,gateway_A,raspberrypi,15,ESP32->RPi,decrypt,118,237,119,1.337,15,esp32_edge_normal_2,0,normal
15:29:52.319,54.9,gateway,gateway_A,raspberrypi,15,ESP32->RPi,decrypt,112,229,117,1.319,15,esp32_edge_normal_1,0,normal
15:30:04.257,66.9,gateway,gateway_A,raspberrypi,15,ESP32->RPi,decrypt,118,237,119,4.273,15,esp32_edge_normal_1,0,normal
15:30:04.740,67.4,gateway,gateway_A,raspberrypi,15,ESP32->RPi,decrypt,116,233,117,4.232,15,esp32_edge_normal_2,0,normal
15:30:04.756,67.4,gateway,gateway_A,raspberrypi,15,ESP32->RPi,decrypt,107,221,114,4.107,15,esp32_edge_simulator_1,2,scan_A
15:30:09.258,71.9,gateway,gateway_A,raspberrypi,15,ESP32->RPi,decrypt,119,237,118,1.424,15,esp32_edge_normal_1,0,normal
15:30:09.735,72.4,gateway,gateway_A,raspberrypi,15,ESP32->RPi,decrypt,120,237,117,1.473,15,esp32_edge_simulator_1,0,normal
15:30:09.737,72.4,gateway,gateway_A,raspberrypi,15,ESP32->RPi,decrypt,116,233,117,1.346,15,esp32_edge_normal_2,0,normal
15:30:14.254,76.9,gateway,gateway_A,raspberrypi,15,ESP32->RPi,decrypt,111,225,114,3.972,15,esp32_edge_normal_1,0,normal
15:30:14.742,77.4,gateway,gateway_A,raspberrypi,15,ESP32->RPi,decrypt,120,237,117,4.282,15,esp32_edge_normal_2,0,normal
15:30:14.747,77.4,gateway,gateway_A,raspberrypi,15,ESP32->RPi,decrypt,112,229,117,3.875,15,esp32_edge_simulator_1,1,mqtt_bruteforce
15:30:19.260,81.9,gateway,gateway_A,raspberrypi,15,ESP32->RPi,decrypt,119,237,118,4.337,15,esp32_edge_normal_1,0,normal
15:30:19.747,82.4,gateway,gateway_A,raspberrypi,15,ESP32->RPi,decrypt,116,233,117,4.272,15,esp32_edge_normal_2,0,normal
15:30:19.752,82.4,gateway,gateway_A,raspberrypi,15,ESP32->RPi,decrypt,81,185,104,3.361,15,esp32_edge_simulator_1,2,scan_A
15:30:24.357,87.0,gateway,gateway_A,raspberrypi,15,ESP32->RPi,decrypt,117,233,116,4.186,15,esp32_edge_normal_1,0,normal
15:30:24.741,87.4,gateway,gateway_A,raspberrypi,15,ESP32->RPi,decrypt,115,233,118,3.971,15,esp32_edge_normal_2,0,normal
15:30:24.746,87.4,gateway,gateway_A,raspberrypi,15,ESP32->RPi,decrypt,95,205,110,3.197,15,esp32_edge_simulator_1,2,scan_A
15:30:29.259,91.9,gateway,gateway_A,raspberrypi,15,ESP32->RPi,decrypt,116,233,117,3.934,15,esp32_edge_normal_1,0,normal
15:30:29.740,92.4,gateway,gateway_A,raspberrypi,15,ESP32->RPi,decrypt,116,233,117,3.932,15,esp32_edge_normal_2,0,normal
15:30:29.746,92.4,gateway,gateway_A,raspberrypi,15,ESP32->RPi,decrypt,115,233,118,3.874,15,esp32_edge_simulator_1,1,mqtt_bruteforce
15:30:34.288,96.9,gateway,gateway_A,raspberrypi,15,ESP32->RPi,decrypt,117,233,116,3.974,15,esp32_edge_normal_1,0,normal
15:30:34.742,97.4,gateway,gateway_A,raspberrypi,15,ESP32->RPi,decrypt,119,237,118,3.972,15,esp32_edge_simulator_1,0,normal
15:30:34.747,97.4,gateway,gateway_A,raspberrypi,15,ESP32->RPi,decrypt,117,233,116,3.828,15,esp32_edge_normal_2,0,normal
15:30:39.362,102.0,gateway,gateway_A,raspberrypi,15,ESP32->RPi,decrypt,116,233,117,4.096,15,esp32_edge_normal_1,0,normal
15:30:39.739,102.4,gateway,gateway_A,raspberrypi,15,ESP32->RPi,decrypt,116,233,117,4.274,15,esp32_edge_normal_2,0,normal
15:30:39.746,102.4,gateway,gateway_A,raspberrypi,15,ESP32->RPi,decrypt,81,185,104,3.371,15,esp32_edge_simulator_1,2,scan_A
15:30:44.326,106.9,gateway,gateway_A,raspberrypi,15,ESP32->RPi,decrypt,120,237,117,4.404,15,esp32_edge_normal_1,0,normal
15:30:44.738,107.4,gateway,gateway_A,raspberrypi,15,ESP32->RPi,decrypt,115,233,118,1.381,15,esp32_edge_normal_2,0,normal
15:30:45.657,108.3,gateway,gateway_A,raspberrypi,15,RPi->PC,encrypt,3641,4938,1297,51.592,15,,,
15:30:45.682,108.3,gateway,gateway_A,raspberrypi,15,PC->RPi,decrypt,3540,4802,1262,52.393,15,,,
15:30:45.725,108.3,gateway,gateway_A,raspberrypi,15,RPi->ESP32,encrypt,3540,4802,1262,33.899,16,,,
15:30:45.780,108.4,gateway,gateway_A,raspberrypi,15,ESP32->RPi,decrypt,113,229,116,1.492,16,esp32_edge_simulator_1,1,mqtt_bruteforce
15:30:57.706,120.3,gateway,gateway_A,raspberrypi,15,ESP32->RPi,decrypt,115,233,118,4.466,16,esp32_edge_simulator_1,0,normal
15:30:57.711,120.3,gateway,gateway_A,raspberrypi,15,ESP32->RPi,decrypt,115,233,118,4.122,16,esp32_edge_normal_1,0,normal
15:30:58.198,120.8,gateway,gateway_A,raspberrypi,15,ESP32->RPi,decrypt,115,233,118,4.34,16,esp32_edge_normal_2,0,normal
15:31:02.706,125.3,gateway,gateway_A,raspberrypi,15,ESP32->RPi,decrypt,110,225,115,4.039,16,esp32_edge_simulator_1,1,mqtt_bruteforce
15:31:02.711,125.3,gateway,gateway_A,raspberrypi,15,ESP32->RPi,decrypt,111,225,114,3.63,16,esp32_edge_normal_1,0,normal
15:31:03.205,125.8,gateway,gateway_A,raspberrypi,15,ESP32->RPi,decrypt,118,237,119,3.963,16,esp32_edge_normal_2,0,normal
15:31:07.769,130.4,gateway,gateway_A,raspberrypi,15,ESP32->RPi,decrypt,119,237,118,1.359,16,esp32_edge_normal_1,0,normal
15:31:07.772,130.4,gateway,gateway_A,raspberrypi,15,ESP32->RPi,decrypt,107,221,114,1.333,16,esp32_edge_simulator_1,2,scan_A
15:31:08.195,130.8,gateway,gateway_A,raspberrypi,15,ESP32->RPi,decrypt,116,233,117,1.392,16,esp32_edge_normal_2,0,normal
15:31:12.791,135.4,gateway,gateway_A,raspberrypi,15,ESP32->RPi,decrypt,118,237,119,4.232,16,esp32_edge_simulator_1,0,normal
15:31:12.796,135.4,gateway,gateway_A,raspberrypi,15,ESP32->RPi,decrypt,117,233,116,4.072,16,esp32_edge_normal_1,0,normal
15:31:13.204,135.8,gateway,gateway_A,raspberrypi,15,ESP32->RPi,decrypt,117,233,116,4.025,16,esp32_edge_normal_2,0,normal
15:31:17.805,140.4,gateway,gateway_A,raspberrypi,15,ESP32->RPi,decrypt,110,225,115,1.219,16,esp32_edge_simulator_1,1,mqtt_bruteforce
15:31:17.808,140.4,gateway,gateway_A,raspberrypi,15,ESP32->RPi,decrypt,116,233,117,1.326,16,esp32_edge_normal_1,0,normal
15:31:18.197,140.8,gateway,gateway_A,raspberrypi,15,ESP32->RPi,decrypt,117,233,116,1.353,16,esp32_edge_normal_2,0,normal
15:31:22.724,145.3,gateway,gateway_A,raspberrypi,15,ESP32->RPi,decrypt,117,233,116,3.954,16,esp32_edge_normal_1,0,normal
15:31:22.730,145.3,gateway,gateway_A,raspberrypi,15,ESP32->RPi,decrypt,111,225,114,3.873,16,esp32_edge_simulator_1,1,mqtt_bruteforce
15:31:23.204,145.8,gateway,gateway_A,raspberrypi,15,ESP32->RPi,decrypt,120,237,117,4.302,16,esp32_edge_normal_2,0,normal
15:31:27.743,150.4,gateway,gateway_A,raspberrypi,15,ESP32->RPi,decrypt,120,237,117,4.626,16,esp32_edge_normal_1,0,normal
15:31:27.749,150.4,gateway,gateway_A,raspberrypi,15,ESP32->RPi,decrypt,112,229,117,4.409,16,esp32_edge_simulator_1,1,mqtt_bruteforce
15:31:28.201,150.8,gateway,gateway_A,raspberrypi,15,ESP32->RPi,decrypt,119,237,118,4.373,16,esp32_edge_normal_2,0,normal
15:31:32.761,155.4,gateway,gateway_A,raspberrypi,15,ESP32->RPi,decrypt,112,229,117,4.376,16,esp32_edge_simulator_1,1,mqtt_bruteforce
15:31:32.768,155.4,gateway,gateway_A,raspberrypi,15,ESP32->RPi,decrypt,115,233,118,4.235,16,esp32_edge_normal_1,0,normal
15:31:33.200,155.8,gateway,gateway_A,raspberrypi,15,ESP32->RPi,decrypt,120,237,117,4.386,16,esp32_edge_normal_2,0,normal
15:31:37.738,160.4,gateway,gateway_A,raspberrypi,15,ESP32->RPi,decrypt,121,241,120,4.304,16,esp32_edge_simulator_1,0,normal
15:31:37.744,160.4,gateway,gateway_A,raspberrypi,15,ESP32->RPi,decrypt,121,241,120,4.05,16,esp32_edge_normal_1,0,normal
15:31:38.263,160.9,gateway,gateway_A,raspberrypi,15,ESP32->RPi,decrypt,116,233,117,3.928,16,esp32_edge_normal_2,0,normal
15:31:42.702,165.3,gateway,gateway_A,raspberrypi,15,ESP32->RPi,decrypt,119,237,118,4.293,16,esp32_edge_normal_1,0,normal
15:31:42.707,165.3,gateway,gateway_A,raspberrypi,15,ESP32->RPi,decrypt,113,229,116,3.721,16,esp32_edge_simulator_1,1,mqtt_bruteforce
15:31:43.728,166.3,gateway,gateway_A,raspberrypi,15,RPi->PC,encrypt,3617,4906,1289,33.202,16,,,
15:31:43.950,166.6,gateway,gateway_A,raspberrypi,15,PC->RPi,decrypt,3533,4794,1261,31.991,16,,,
15:31:43.988,166.6,gateway,gateway_A,raspberrypi,15,RPi->ESP32,encrypt,3533,4794,1261,31.34,17,,,
15:31:44.007,166.6,gateway,gateway_A,raspberrypi,15,ESP32->RPi,decrypt,116,233,117,1.305,17,esp32_edge_normal_2,0,normal
15:31:55.968,178.6,gateway,gateway_A,raspberrypi,15,ESP32->RPi,decrypt,112,229,117,3.91,17,esp32_edge_simulator_1,1,mqtt_bruteforce
15:31:55.995,178.6,gateway,gateway_A,raspberrypi,15,ESP32->RPi,decrypt,116,233,117,3.916,17,esp32_edge_normal_1,0,normal
15:31:56.457,179.1,gateway,gateway_A,raspberrypi,15,ESP32->RPi,decrypt,104,217,113,3.728,17,esp32_edge_normal_2,0,normal
15:32:00.977,183.6,gateway,gateway_A,raspberrypi,15,ESP32->RPi,decrypt,110,225,115,3.273,17,esp32_edge_simulator_1,1,mqtt_bruteforce
15:32:00.995,183.6,gateway,gateway_A,raspberrypi,15,ESP32->RPi,decrypt,121,241,120,3.637,17,esp32_edge_normal_1,0,normal
15:32:01.456,184.1,gateway,gateway_A,raspberrypi,15,ESP32->RPi,decrypt,118,237,119,1.464,17,esp32_edge_normal_2,0,normal
15:32:06.037,188.7,gateway,gateway_A,raspberrypi,15,ESP32->RPi,decrypt,123,241,118,1.567,17,esp32_edge_simulator_1,0,normal
15:32:06.039,188.7,gateway,gateway_A,raspberrypi,15,ESP32->RPi,decrypt,115,233,118,1.397,17,esp32_edge_normal_1,0,normal
15:32:06.462,189.1,gateway,gateway_A,raspberrypi,15,ESP32->RPi,decrypt,120,237,117,4.313,17,esp32_edge_normal_2,0,normal
15:32:10.965,193.6,gateway,gateway_A,raspberrypi,15,ESP32->RPi,decrypt,81,185,104,2.742,17,esp32_edge_simulator_1,2,scan_A
15:32:10.998,193.6,gateway,gateway_A,raspberrypi,15,ESP32->RPi,decrypt,115,233,118,3.499,17,esp32_edge_normal_1,0,normal
15:32:11.461,194.1,gateway,gateway_A,raspberrypi,15,ESP32->RPi,decrypt,118,237,119,4.3,17,esp32_edge_normal_2,0,normal
15:32:15.959,198.6,gateway,gateway_A,raspberrypi,15,ESP32->RPi,decrypt,117,233,116,4.306,17,esp32_edge_simulator_1,0,normal
15:32:16.000,198.6,gateway,gateway_A,raspberrypi,15,ESP32->RPi,decrypt,119,237,118,3.667,17,esp32_edge_normal_1,0,normal
15:32:16.458,199.1,gateway,gateway_A,raspberrypi,15,ESP32->RPi,decrypt,116,233,117,4.209,17,esp32_edge_normal_2,0,normal
15:32:20.987,203.6,gateway,gateway_A,raspberrypi,15,ESP32->RPi,decrypt,118,237,119,1.343,17,esp32_edge_simulator_1,0,normal
15:32:20.996,203.6,gateway,gateway_A,raspberrypi,15,ESP32->RPi,decrypt,115,233,118,1.385,17,esp32_edge_normal_1,0,normal
15:32:21.455,204.1,gateway,gateway_A,raspberrypi,15,ESP32->RPi,decrypt,119,237,118,1.388,17,esp32_edge_normal_2,0,normal
15:32:26.007,208.6,gateway,gateway_A,raspberrypi,15,ESP32->RPi,decrypt,81,185,104,3.439,17,esp32_edge_simulator_1,2,scan_A
15:32:26.012,208.6,gateway,gateway_A,raspberrypi,15,ESP32->RPi,decrypt,116,233,117,4.124,17,esp32_edge_normal_1,0,normal
15:32:26.460,209.1,gateway,gateway_A,raspberrypi,15,ESP32->RPi,decrypt,119,237,118,4.168,17,esp32_edge_normal_2,0,normal
15:32:30.966,213.6,gateway,gateway_A,raspberrypi,15,ESP32->RPi,decrypt,101,213,112,3.498,17,esp32_edge_simulator_1,2,scan_A
15:32:30.996,213.6,gateway,gateway_A,raspberrypi,15,ESP32->RPi,decrypt,117,233,116,3.483,17,esp32_edge_normal_1,0,normal
15:32:31.461,214.1,gateway,gateway_A,raspberrypi,15,ESP32->RPi,decrypt,120,237,117,4.35,17,esp32_edge_normal_2,0,normal
15:32:35.967,218.6,gateway,gateway_A,raspberrypi,15,ESP32->RPi,decrypt,107,221,114,4.082,17,esp32_edge_simulator_1,1,mqtt_bruteforce
15:32:35.992,218.6,gateway,gateway_A,raspberrypi,15,ESP32->RPi,decrypt,118,237,119,3.704,17,esp32_edge_normal_1,0,normal
15:32:36.459,219.1,gateway,gateway_A,raspberrypi,15,ESP32->RPi,decrypt,107,221,114,4.149,17,esp32_edge_normal_2,0,normal
15:32:41.085,223.7,gateway,gateway_A,raspberrypi,15,ESP32->RPi,decrypt,120,237,117,4.495,17,esp32_edge_simulator_1,0,normal
15:32:41.090,223.7,gateway,gateway_A,raspberrypi,15,ESP32->RPi,decrypt,113,229,116,4.189,17,esp32_edge_normal_1,0,normal
15:32:42.050,224.7,gateway,gateway_A,raspberrypi,15,RPi->PC,encrypt,3651,4950,1299,34.847,17,,,
15:32:42.257,224.9,gateway,gateway_A,raspberrypi,15,PC->RPi,decrypt,3543,4806,1263,32.626,17,,,
15:32:42.296,224.9,gateway,gateway_A,raspberrypi,15,RPi->ESP32,encrypt,3543,4806,1263,32.203,18,,,
15:32:42.318,224.9,gateway,gateway_A,raspberrypi,15,ESP32->RPi,decrypt,115,233,118,1.44,18,esp32_edge_normal_2,0,normal
15:32:54.272,236.9,gateway,gateway_A,raspberrypi,15,ESP32->RPi,decrypt,123,241,118,4.712,18,esp32_edge_simulator_1,0,normal
15:32:54.730,237.3,gateway,gateway_A,raspberrypi,15,ESP32->RPi,decrypt,120,237,117,1.513,18,esp32_edge_normal_2,0,normal
15:32:54.769,237.4,gateway,gateway_A,raspberrypi,15,ESP32->RPi,decrypt,116,233,117,1.519,18,esp32_edge_normal_1,0,normal
15:32:59.285,241.9,gateway,gateway_A,raspberrypi,15,ESP32->RPi,decrypt,110,225,115,1.328,18,esp32_edge_simulator_1,1,mqtt_bruteforce
15:32:59.734,242.3,gateway,gateway_A,raspberrypi,15,ESP32->RPi,decrypt,120,237,117,4.302,18,esp32_edge_normal_2,0,normal
15:32:59.779,242.4,gateway,gateway_A,raspberrypi,15,ESP32->RPi,decrypt,116,233,117,2.726,18,esp32_edge_normal_1,0,normal
15:33:04.239,246.9,gateway,gateway_A,raspberrypi,15,ESP32->RPi,decrypt,119,237,118,1.318,18,esp32_edge_simulator_1,0,normal
15:33:04.728,247.3,gateway,gateway_A,raspberrypi,15,ESP32->RPi,decrypt,113,229,116,1.363,18,esp32_edge_normal_2,0,normal
15:33:04.772,247.4,gateway,gateway_A,raspberrypi,15,ESP32->RPi,decrypt,117,233,116,1.427,18,esp32_edge_normal_1,0,normal
15:33:09.328,251.9,gateway,gateway_A,raspberrypi,15,ESP32->RPi,decrypt,104,217,113,3.677,18,esp32_edge_simulator_1,2,scan_A
15:33:09.734,252.4,gateway,gateway_A,raspberrypi,15,ESP32->RPi,decrypt,121,241,120,4.149,18,esp32_edge_normal_2,0,normal
15:33:09.767,252.4,gateway,gateway_A,raspberrypi,15,ESP32->RPi,decrypt,116,233,117,4.039,18,esp32_edge_normal_1,0,normal
15:33:14.342,257.0,gateway,gateway_A,raspberrypi,15,ESP32->RPi,decrypt,123,241,118,1.463,18,esp32_edge_simulator_1,0,normal
15:33:14.727,257.3,gateway,gateway_A,raspberrypi,15,ESP32->RPi,decrypt,114,229,115,1.395,18,esp32_edge_normal_2,0,normal
15:33:14.771,257.4,gateway,gateway_A,raspberrypi,15,ESP32->RPi,decrypt,116,233,117,1.464,18,esp32_edge_normal_1,0,normal
15:33:19.359,262.0,gateway,gateway_A,raspberrypi,15,ESP32->RPi,decrypt,108,221,113,1.311,18,esp32_edge_simulator_1,2,scan_A
15:33:19.727,262.3,gateway,gateway_A,raspberrypi,15,ESP32->RPi,decrypt,115,233,118,1.333,18,esp32_edge_normal_2,0,normal
15:33:19.765,262.4,gateway,gateway_A,raspberrypi,15,ESP32->RPi,decrypt,114,229,115,1.502,18,esp32_edge_normal_1,0,normal
15:33:24.246,266.9,gateway,gateway_A,raspberrypi,15,ESP32->RPi,decrypt,121,241,120,4.451,18,esp32_edge_simulator_1,0,normal
15:33:24.733,267.3,gateway,gateway_A,raspberrypi,15,ESP32->RPi,decrypt,116,233,117,4.205,18,esp32_edge_normal_2,0,normal
15:33:24.770,267.4,gateway,gateway_A,raspberrypi,15,ESP32->RPi,decrypt,121,241,120,3.994,18,esp32_edge_normal_1,0,normal
15:33:29.248,271.9,gateway,gateway_A,raspberrypi,15,ESP32->RPi,decrypt,103,217,114,3.678,18,esp32_edge_simulator_1,2,scan_A
15:33:29.737,272.4,gateway,gateway_A,raspberrypi,15,ESP32->RPi,decrypt,114,229,115,3.975,18,esp32_edge_normal_2,0,normal
15:33:29.777,272.4,gateway,gateway_A,raspberrypi,15,ESP32->RPi,decrypt,119,237,118,4.186,18,esp32_edge_normal_1,0,normal
15:33:34.249,276.9,gateway,gateway_A,raspberrypi,15,ESP32->RPi,decrypt,113,229,116,3.91,18,esp32_edge_simulator_1,1,mqtt_bruteforce
15:33:34.733,277.3,gateway,gateway_A,raspberrypi,15,ESP32->RPi,decrypt,116,233,117,3.937,18,esp32_edge_normal_2,0,normal
15:33:34.766,277.4,gateway,gateway_A,raspberrypi,15,ESP32->RPi,decrypt,104,217,113,4.951,18,esp32_edge_normal_1,0,normal
15:33:39.248,281.9,gateway,gateway_A,raspberrypi,15,ESP32->RPi,decrypt,108,221,113,3.342,18,esp32_edge_simulator_1,2,scan_A
15:33:39.738,282.4,gateway,gateway_A,raspberrypi,15,ESP32->RPi,decrypt,117,233,116,4.231,18,esp32_edge_normal_2,0,normal
15:33:40.715,283.3,gateway,gateway_A,raspberrypi,15,RPi->PC,encrypt,3651,4950,1299,34.499,18,,,
15:33:40.949,283.6,gateway,gateway_A,raspberrypi,15,PC->RPi,decrypt,3542,4806,1264,32.206,18,,,
15:33:40.989,283.6,gateway,gateway_A,raspberrypi,15,RPi->ESP32,encrypt,3542,4806,1264,33.728,19,,,
15:33:42.380,285.0,gateway,gateway_A,raspberrypi,15,ESP32->RPi,decrypt,121,241,120,1.542,19,esp32_edge_normal_1,0,normal
15:33:54.334,297.0,gateway,gateway_A,raspberrypi,15,ESP32->RPi,decrypt,117,233,116,4.177,19,esp32_edge_normal_2,0,normal
15:33:54.348,297.0,gateway,gateway_A,raspberrypi,15,ESP32->RPi,decrypt,117,233,116,4.069,19,esp32_edge_simulator_1,0,normal
15:33:54.383,297.0,gateway,gateway_A,raspberrypi,15,ESP32->RPi,decrypt,116,233,117,4.395,19,esp32_edge_normal_1,0,normal
15:33:59.328,301.9,gateway,gateway_A,raspberrypi,15,ESP32->RPi,decrypt,116,233,117,3.591,19,esp32_edge_normal_2,0,normal
15:33:59.355,302.0,gateway,gateway_A,raspberrypi,15,ESP32->RPi,decrypt,117,233,116,3.566,19,esp32_edge_simulator_1,0,normal
15:33:59.379,302.0,gateway,gateway_A,raspberrypi,15,ESP32->RPi,decrypt,116,233,117,3.685,19,esp32_edge_normal_1,0,normal
15:34:04.420,307.0,gateway,gateway_A,raspberrypi,15,ESP32->RPi,decrypt,116,233,117,4.103,19,esp32_edge_normal_2,0,normal
15:34:04.425,307.0,gateway,gateway_A,raspberrypi,15,ESP32->RPi,decrypt,102,213,111,3.51,19,esp32_edge_simulator_1,2,scan_A
15:34:04.430,307.0,gateway,gateway_A,raspberrypi,15,ESP32->RPi,decrypt,121,241,120,4.131,19,esp32_edge_normal_1,0,normal
15:34:09.433,312.0,gateway,gateway_A,raspberrypi,15,ESP32->RPi,decrypt,118,237,119,4.208,19,esp32_edge_normal_2,0,normal
15:34:09.438,312.1,gateway,gateway_A,raspberrypi,15,ESP32->RPi,decrypt,121,241,120,4.367,19,esp32_edge_simulator_1,0,normal
15:34:09.444,312.1,gateway,gateway_A,raspberrypi,15,ESP32->RPi,decrypt,117,233,116,4.226,19,esp32_edge_normal_1,0,normal
15:34:14.328,316.9,gateway,gateway_A,raspberrypi,15,ESP32->RPi,decrypt,117,233,116,4.535,19,esp32_edge_normal_2,0,normal
15:34:14.360,317.0,gateway,gateway_A,raspberrypi,15,ESP32->RPi,decrypt,109,225,116,4.793,19,esp32_edge_simulator_1,1,mqtt_bruteforce
15:34:14.381,317.0,gateway,gateway_A,raspberrypi,15,ESP32->RPi,decrypt,118,237,119,3.955,19,esp32_edge_normal_1,0,normal
15:34:19.324,321.9,gateway,gateway_A,raspberrypi,15,ESP32->RPi,decrypt,112,229,117,1.472,19,esp32_edge_normal_2,0,normal
15:34:19.351,322.0,gateway,gateway_A,raspberrypi,15,ESP32->RPi,decrypt,99,209,110,1.172,19,esp32_edge_simulator_1,2,scan_A
15:34:19.377,322.0,gateway,gateway_A,raspberrypi,15,ESP32->RPi,decrypt,119,237,118,1.401,19,esp32_edge_normal_1,0,normal
15:34:24.325,326.9,gateway,gateway_A,raspberrypi,15,ESP32->RPi,decrypt,118,237,119,1.316,19,esp32_edge_normal_2,0,normal
15:34:24.353,327.0,gateway,gateway_A,raspberrypi,15,ESP32->RPi,decrypt,108,221,113,1.306,19,esp32_edge_simulator_1,1,mqtt_bruteforce
15:34:24.374,327.0,gateway,gateway_A,raspberrypi,15,ESP32->RPi,decrypt,112,229,117,1.486,19,esp32_edge_normal_1,0,normal
15:34:29.402,332.0,gateway,gateway_A,raspberrypi,15,ESP32->RPi,decrypt,119,237,118,4.906,19,esp32_edge_normal_2,0,normal
15:34:29.408,332.0,gateway,gateway_A,raspberrypi,15,ESP32->RPi,decrypt,107,221,114,3.932,19,esp32_edge_simulator_1,2,scan_A
15:34:29.413,332.0,gateway,gateway_A,raspberrypi,15,ESP32->RPi,decrypt,114,229,115,4.134,19,esp32_edge_normal_1,0,normal
15:34:34.420,337.0,gateway,gateway_A,raspberrypi,15,ESP32->RPi,decrypt,119,237,118,4.842,19,esp32_edge_normal_2,0,normal
15:34:34.425,337.0,gateway,gateway_A,raspberrypi,15,ESP32->RPi,decrypt,113,229,116,3.916,19,esp32_edge_simulator_1,1,mqtt_bruteforce
15:34:34.430,337.0,gateway,gateway_A,raspberrypi,15,ESP32->RPi,decrypt,115,233,118,3.885,19,esp32_edge_normal_1,0,normal
15:34:39.389,342.0,gateway,gateway_A,raspberrypi,15,ESP32->RPi,decrypt,104,217,113,4.213,19,esp32_edge_normal_2,0,normal
15:34:39.395,342.0,gateway,gateway_A,raspberrypi,15,ESP32->RPi,decrypt,122,241,119,4.154,19,esp32_edge_simulator_1,0,normal
15:34:40.372,343.0,gateway,gateway_A,raspberrypi,15,RPi->PC,encrypt,3652,4954,1302,33.217,19,,,
15:34:40.781,343.4,gateway,gateway_A,raspberrypi,15,PC->RPi,decrypt,3539,4802,1263,30.408,19,,,
15:34:40.825,343.4,gateway,gateway_A,raspberrypi,15,RPi->ESP32,encrypt,3539,4802,1263,35.936,20,,,
15:34:41.307,343.9,gateway,gateway_A,raspberrypi,15,ESP32->RPi,decrypt,118,237,119,1.444,20,esp32_edge_normal_1,0,normal
15:34:53.262,355.9,gateway,gateway_A,raspberrypi,15,ESP32->RPi,decrypt,117,233,116,4.328,20,esp32_edge_normal_2,0,normal
15:34:53.267,355.9,gateway,gateway_A,raspberrypi,15,ESP32->RPi,decrypt,111,225,114,3.826,20,esp32_edge_simulator_1,1,mqtt_bruteforce
15:34:53.272,355.9,gateway,gateway_A,raspberrypi,15,ESP32->RPi,decrypt,119,237,118,3.777,20,esp32_edge_normal_1,0,normal
15:34:58.275,360.9,gateway,gateway_A,raspberrypi,15,ESP32->RPi,decrypt,117,233,116,1.36,20,esp32_edge_normal_2,0,normal
15:34:58.278,360.9,gateway,gateway_A,raspberrypi,15,ESP32->RPi,decrypt,109,225,116,1.238,20,esp32_edge_simulator_1,1,mqtt_bruteforce
15:34:58.280,360.9,gateway,gateway_A,raspberrypi,15,ESP32->RPi,decrypt,112,229,117,1.44,20,esp32_edge_normal_1,0,normal
15:35:03.298,365.9,gateway,gateway_A,raspberrypi,15,ESP32->RPi,decrypt,120,237,117,4.861,20,esp32_edge_simulator_1,0,normal
15:35:03.302,365.9,gateway,gateway_A,raspberrypi,15,ESP32->RPi,decrypt,115,233,118,3.515,20,esp32_edge_normal_2,0,normal
15:35:03.306,365.9,gateway,gateway_A,raspberrypi,15,ESP32->RPi,decrypt,117,233,116,3.628,20,esp32_edge_normal_1,0,normal
15:35:08.314,370.9,gateway,gateway_A,raspberrypi,15,ESP32->RPi,decrypt,123,241,118,4.667,20,esp32_edge_simulator_1,0,normal
15:35:08.320,370.9,gateway,gateway_A,raspberrypi,15,ESP32->RPi,decrypt,118,237,119,4.252,20,esp32_edge_normal_2,0,normal
15:35:08.325,370.9,gateway,gateway_A,raspberrypi,15,ESP32->RPi,decrypt,121,241,120,4.443,20,esp32_edge_normal_1,0,normal
15:35:13.230,375.8,gateway,gateway_A,raspberrypi,15,ESP32->RPi,decrypt,120,237,117,4.496,20,esp32_edge_normal_2,0,normal
15:35:13.236,375.9,gateway,gateway_A,raspberrypi,15,ESP32->RPi,decrypt,121,241,120,4.074,20,esp32_edge_simulator_1,0,normal
15:35:13.269,375.9,gateway,gateway_A,raspberrypi,15,ESP32->RPi,decrypt,116,233,117,4.017,20,esp32_edge_normal_1,0,normal
15:35:18.243,380.9,gateway,gateway_A,raspberrypi,15,ESP32->RPi,decrypt,120,237,117,1.428,20,esp32_edge_normal_2,0,normal
15:35:18.245,380.9,gateway,gateway_A,raspberrypi,15,ESP32->RPi,decrypt,105,217,112,1.301,20,esp32_edge_simulator_1,2,scan_A
15:35:18.265,380.9,gateway,gateway_A,raspberrypi,15,ESP32->RPi,decrypt,119,237,118,1.461,20,esp32_edge_normal_1,0,normal
15:35:23.214,385.8,gateway,gateway_A,raspberrypi,15,ESP32->RPi,decrypt,119,237,118,1.44,20,esp32_edge_normal_2,0,normal
15:35:23.216,385.8,gateway,gateway_A,raspberrypi,15,ESP32->RPi,decrypt,116,233,117,1.398,20,esp32_edge_simulator_1,0,normal
15:35:23.263,385.9,gateway,gateway_A,raspberrypi,15,ESP32->RPi,decrypt,117,233,116,1.352,20,esp32_edge_normal_1,0,normal
15:35:28.283,390.9,gateway,gateway_A,raspberrypi,15,ESP32->RPi,decrypt,120,237,117,4.815,20,esp32_edge_simulator_1,0,normal
15:35:28.288,390.9,gateway,gateway_A,raspberrypi,15,ESP32->RPi,decrypt,117,233,116,4.128,20,esp32_edge_normal_2,0,normal
15:35:28.293,390.9,gateway,gateway_A,raspberrypi,15,ESP32->RPi,decrypt,116,233,117,4.151,20,esp32_edge_normal_1,0,normal
15:35:33.301,395.9,gateway,gateway_A,raspberrypi,15,ESP32->RPi,decrypt,120,237,117,4.987,20,esp32_edge_normal_2,0,normal
15:35:33.306,395.9,gateway,gateway_A,raspberrypi,15,ESP32->RPi,decrypt,109,225,116,3.804,20,esp32_edge_simulator_1,1,mqtt_bruteforce
15:35:33.311,395.9,gateway,gateway_A,raspberrypi,15,ESP32->RPi,decrypt,119,237,118,3.785,20,esp32_edge_normal_1,0,normal
15:35:38.283,400.9,gateway,gateway_A,raspberrypi,15,ESP32->RPi,decrypt,115,233,118,3.928,20,esp32_edge_normal_2,0,normal
15:35:38.288,400.9,gateway,gateway_A,raspberrypi,15,ESP32->RPi,decrypt,119,237,118,3.802,20,esp32_edge_simulator_1,0,normal
15:35:39.277,401.9,gateway,gateway_A,raspberrypi,15,PC->RPi,decrypt,3538,4802,1264,37.592,20,,,
15:35:39.349,402.0,gateway,gateway_A,raspberrypi,15,RPi->ESP32,encrypt,3538,4802,1264,65.194,21,,,
15:35:39.367,402.0,gateway,gateway_A,raspberrypi,15,RPi->PC,encrypt,3645,4942,1297,50.925,21,,,
15:35:39.613,402.2,gateway,gateway_A,raspberrypi,15,ESP32->RPi,decrypt,117,233,116,1.437,21,esp32_edge_normal_1,0,normal
15:35:53.269,415.9,gateway,gateway_A,raspberrypi,15,ESP32->RPi,decrypt,123,241,118,4.536,21,esp32_edge_simulator_1,0,normal
15:35:53.674,416.3,gateway,gateway_A,raspberrypi,15,ESP32->RPi,decrypt,117,233,116,1.404,21,esp32_edge_normal_2,0,normal
15:35:53.743,416.4,gateway,gateway_A,raspberrypi,15,ESP32->RPi,decrypt,114,229,115,1.4,21,esp32_edge_normal_1,0,normal
15:35:58.211,420.8,gateway,gateway_A,raspberrypi,15,ESP32->RPi,decrypt,81,185,104,1.061,21,esp32_edge_simulator_1,2,scan_A
15:35:58.678,421.3,gateway,gateway_A,raspberrypi,15,ESP32->RPi,decrypt,117,233,116,3.911,21,esp32_edge_normal_2,0,normal
15:35:58.748,421.4,gateway,gateway_A,raspberrypi,15,ESP32->RPi,decrypt,116,233,117,2.73,21,esp32_edge_normal_1,0,normal
15:36:03.205,425.8,gateway,gateway_A,raspberrypi,15,ESP32->RPi,decrypt,104,217,113,3.913,21,esp32_edge_simulator_1,2,scan_A
15:36:03.684,426.3,gateway,gateway_A,raspberrypi,15,ESP32->RPi,decrypt,121,241,120,4.405,21,esp32_edge_normal_2,0,normal
15:36:03.753,426.4,gateway,gateway_A,raspberrypi,15,ESP32->RPi,decrypt,116,233,117,4.858,21,esp32_edge_normal_1,0,normal
15:36:08.206,430.8,gateway,gateway_A,raspberrypi,15,ESP32->RPi,decrypt,104,217,113,3.754,21,esp32_edge_simulator_1,2,scan_A
15:36:08.688,431.3,gateway,gateway_A,raspberrypi,15,ESP32->RPi,decrypt,113,229,116,3.847,21,esp32_edge_normal_2,0,normal
15:36:08.753,431.4,gateway,gateway_A,raspberrypi,15,ESP32->RPi,decrypt,118,237,119,3.577,21,esp32_edge_normal_1,0,normal
15:36:13.206,435.8,gateway,gateway_A,raspberrypi,15,ESP32->RPi,decrypt,124,245,121,3.852,21,esp32_edge_simulator_1,0,normal
15:36:13.674,436.3,gateway,gateway_A,raspberrypi,15,ESP32->RPi,decrypt,118,237,119,4.193,21,esp32_edge_normal_2,0,normal
15:36:13.756,436.4,gateway,gateway_A,raspberrypi,15,ESP32->RPi,decrypt,116,233,117,3.895,21,esp32_edge_normal_1,0,normal
15:36:18.193,440.8,gateway,gateway_A,raspberrypi,15,ESP32->RPi,decrypt,121,241,120,1.492,21,esp32_edge_simulator_1,0,normal
15:36:18.669,441.3,gateway,gateway_A,raspberrypi,15,ESP32->RPi,decrypt,113,229,116,1.403,21,esp32_edge_normal_2,0,normal
15:36:18.749,441.4,gateway,gateway_A,raspberrypi,15,ESP32->RPi,decrypt,116,233,117,1.434,21,esp32_edge_normal_1,0,normal
15:36:23.196,445.8,gateway,gateway_A,raspberrypi,15,ESP32->RPi,decrypt,120,237,117,4.543,21,esp32_edge_simulator_1,0,normal
15:36:23.672,446.3,gateway,gateway_A,raspberrypi,15,ESP32->RPi,decrypt,115,233,118,4.219,21,esp32_edge_normal_2,0,normal
15:36:23.759,446.4,gateway,gateway_A,raspberrypi,15,ESP32->RPi,decrypt,118,237,119,5.069,21,esp32_edge_normal_1,0,normal
15:36:28.290,450.9,gateway,gateway_A,raspberrypi,15,ESP32->RPi,decrypt,117,233,116,4.436,21,esp32_edge_simulator_1,0,normal
15:36:28.673,451.3,gateway,gateway_A,raspberrypi,15,ESP32->RPi,decrypt,117,233,116,4.28,21,esp32_edge_normal_2,0,normal
15:36:28.754,451.4,gateway,gateway_A,raspberrypi,15,ESP32->RPi,decrypt,117,233,116,3.588,21,esp32_edge_normal_1,0,normal
15:36:33.307,455.9,gateway,gateway_A,raspberrypi,15,ESP32->RPi,decrypt,111,225,114,3.962,21,esp32_edge_simulator_1,1,mqtt_bruteforce
15:36:33.676,456.3,gateway,gateway_A,raspberrypi,15,ESP32->RPi,decrypt,115,233,118,4.01,21,esp32_edge_normal_2,0,normal
15:36:33.750,456.4,gateway,gateway_A,raspberrypi,15,ESP32->RPi,decrypt,116,233,117,3.738,21,esp32_edge_normal_1,0,normal
15:36:37.822,460.4,gateway,gateway_A,raspberrypi,15,PC->RPi,decrypt,3542,4806,1264,71.042,21,,,
15:36:37.864,460.5,gateway,gateway_A,raspberrypi,15,RPi->ESP32,encrypt,3542,4806,1264,34.7,22,,,
15:36:49.747,472.4,gateway,gateway_A,raspberrypi,15,ESP32->RPi,decrypt,115,233,118,3.942,22,esp32_edge_normal_2,0,normal
15:36:49.775,472.4,gateway,gateway_A,raspberrypi,15,ESP32->RPi,decrypt,112,229,117,4.025,22,esp32_edge_simulator_1,1,mqtt_bruteforce
15:36:50.757,473.4,gateway,gateway_A,raspberrypi,15,RPi->PC,encrypt,3622,4914,1292,32.627,22,,,
15:36:50.885,473.5,gateway,gateway_A,raspberrypi,15,ESP32->RPi,decrypt,120,237,117,1.506,22,esp32_edge_normal_1,0,normal
15:36:54.808,477.4,gateway,gateway_A,raspberrypi,15,ESP32->RPi,decrypt,120,237,117,1.496,22,esp32_edge_normal_2,0,normal
15:36:54.810,477.4,gateway,gateway_A,raspberrypi,15,ESP32->RPi,decrypt,113,229,116,1.371,22,esp32_edge_simulator_1,1,mqtt_bruteforce
15:36:55.276,477.9,gateway,gateway_A,raspberrypi,15,ESP32->RPi,decrypt,119,237,118,3.542,22,esp32_edge_normal_1,0,normal
15:36:59.735,482.4,gateway,gateway_A,raspberrypi,15,ESP32->RPi,decrypt,118,237,119,3.957,22,esp32_edge_normal_2,0,normal
15:36:59.773,482.4,gateway,gateway_A,raspberrypi,15,ESP32->RPi,decrypt,122,241,119,4.247,22,esp32_edge_simulator_1,0,normal
15:37:00.270,482.9,gateway,gateway_A,raspberrypi,15,ESP32->RPi,decrypt,119,237,118,1.335,22,esp32_edge_normal_1,0,normal
15:37:04.730,487.3,gateway,gateway_A,raspberrypi,15,ESP32->RPi,decrypt,118,237,119,1.335,22,esp32_edge_normal_2,0,normal
15:37:04.771,487.4,gateway,gateway_A,raspberrypi,15,ESP32->RPi,decrypt,107,221,114,1.258,22,esp32_edge_simulator_1,2,scan_A
15:37:05.271,487.9,gateway,gateway_A,raspberrypi,15,ESP32->RPi,decrypt,117,233,116,4.036,22,esp32_edge_normal_1,0,normal
15:37:09.762,492.4,gateway,gateway_A,raspberrypi,15,ESP32->RPi,decrypt,116,233,117,4.394,22,esp32_edge_normal_2,0,normal
15:37:09.777,492.4,gateway,gateway_A,raspberrypi,15,ESP32->RPi,decrypt,110,225,115,4.734,22,esp32_edge_simulator_1,1,mqtt_bruteforce
15:37:10.274,492.9,gateway,gateway_A,raspberrypi,15,ESP32->RPi,decrypt,117,233,116,1.531,22,esp32_edge_normal_1,0,normal
15:37:14.776,497.4,gateway,gateway_A,raspberrypi,15,ESP32->RPi,decrypt,117,233,116,1.579,22,esp32_edge_normal_2,0,normal
15:37:14.779,497.4,gateway,gateway_A,raspberrypi,15,ESP32->RPi,decrypt,120,237,117,1.516,22,esp32_edge_simulator_1,0,normal
15:37:15.269,497.9,gateway,gateway_A,raspberrypi,15,ESP32->RPi,decrypt,104,217,113,3.694,22,esp32_edge_normal_1,0,normal
15:37:19.737,502.4,gateway,gateway_A,raspberrypi,15,ESP32->RPi,decrypt,119,237,118,3.985,22,esp32_edge_normal_2,0,normal
15:37:19.774,502.4,gateway,gateway_A,raspberrypi,15,ESP32->RPi,decrypt,107,221,114,3.826,22,esp32_edge_simulator_1,2,scan_A
15:37:20.268,502.9,gateway,gateway_A,raspberrypi,15,ESP32->RPi,decrypt,115,233,118,3.994,22,esp32_edge_normal_1,0,normal
15:37:24.734,507.4,gateway,gateway_A,raspberrypi,15,ESP32->RPi,decrypt,119,237,118,4.031,22,esp32_edge_normal_2,0,normal
15:37:24.770,507.4,gateway,gateway_A,raspberrypi,15,ESP32->RPi,decrypt,118,237,119,4.094,22,esp32_edge_simulator_1,0,normal
15:37:25.276,507.9,gateway,gateway_A,raspberrypi,15,ESP32->RPi,decrypt,115,233,118,3.912,22,esp32_edge_normal_1,0,normal
15:37:29.734,512.4,gateway,gateway_A,raspberrypi,15,ESP32->RPi,decrypt,114,229,115,3.998,22,esp32_edge_normal_2,0,normal
15:37:29.781,512.4,gateway,gateway_A,raspberrypi,15,ESP32->RPi,decrypt,81,185,104,3.36,22,esp32_edge_simulator_1,2,scan_A
15:37:30.273,512.9,gateway,gateway_A,raspberrypi,15,ESP32->RPi,decrypt,113,229,116,4.287,22,esp32_edge_normal_1,0,normal
15:37:34.748,517.4,gateway,gateway_A,raspberrypi,15,ESP32->RPi,decrypt,115,233,118,4.417,22,esp32_edge_normal_2,0,normal
15:37:34.774,517.4,gateway,gateway_A,raspberrypi,15,ESP32->RPi,decrypt,113,229,116,4.255,22,esp32_edge_simulator_1,1,mqtt_bruteforce
15:37:35.270,517.9,gateway,gateway_A,raspberrypi,15,ESP32->RPi,decrypt,107,221,114,3.796,22,esp32_edge_normal_1,0,normal
15:37:36.678,519.3,gateway,gateway_A,raspberrypi,15,PC->RPi,decrypt,3538,4802,1264,82.919,22,,,
15:37:36.717,519.3,gateway,gateway_A,raspberrypi,15,RPi->ESP32,encrypt,3538,4802,1264,31.729,23,,,
15:37:48.674,531.3,gateway,gateway_A,raspberrypi,15,ESP32->RPi,decrypt,116,233,117,3.98,23,esp32_edge_normal_2,0,normal
15:37:48.679,531.3,gateway,gateway_A,raspberrypi,15,ESP32->RPi,decrypt,106,221,115,3.638,23,esp32_edge_simulator_1,2,scan_A
15:37:49.722,532.3,gateway,gateway_A,raspberrypi,15,RPi->PC,encrypt,3649,4950,1301,36.78,23,,,
15:37:49.871,532.5,gateway,gateway_A,raspberrypi,15,ESP32->RPi,decrypt,117,233,116,2.108,23,esp32_edge_normal_1,0,normal
15:37:53.602,536.2,gateway,gateway_A,raspberrypi,15,ESP32->RPi,decrypt,120,237,117,1.564,23,esp32_edge_normal_2,0,normal
15:37:53.641,536.3,gateway,gateway_A,raspberrypi,15,ESP32->RPi,decrypt,81,185,104,1.398,23,esp32_edge_simulator_1,2,scan_A
15:37:53.657,536.3,gateway,gateway_A,raspberrypi,15,ESP32->RPi,decrypt,116,233,117,1.399,23,esp32_edge_normal_1,0,normal
15:37:58.603,541.2,gateway,gateway_A,raspberrypi,15,ESP32->RPi,decrypt,120,237,117,1.424,23,esp32_edge_normal_2,0,normal
15:37:58.634,541.3,gateway,gateway_A,raspberrypi,15,ESP32->RPi,decrypt,117,233,116,1.415,23,esp32_edge_simulator_1,0,normal
15:37:58.659,541.3,gateway,gateway_A,raspberrypi,15,ESP32->RPi,decrypt,118,237,119,1.326,23,esp32_edge_normal_1,0,normal
15:38:03.611,546.2,gateway,gateway_A,raspberrypi,15,ESP32->RPi,decrypt,114,229,115,4.056,23,esp32_edge_normal_2,0,normal
15:38:03.648,546.3,gateway,gateway_A,raspberrypi,15,ESP32->RPi,decrypt,111,225,114,4.059,23,esp32_edge_simulator_1,1,mqtt_bruteforce
15:38:03.661,546.3,gateway,gateway_A,raspberrypi,15,ESP32->RPi,decrypt,120,237,117,4.396,23,esp32_edge_normal_1,0,normal
15:38:08.608,551.2,gateway,gateway_A,raspberrypi,15,ESP32->RPi,decrypt,118,237,119,4.21,23,esp32_edge_normal_2,0,normal
15:38:08.645,551.3,gateway,gateway_A,raspberrypi,15,ESP32->RPi,decrypt,108,221,113,4.0,23,esp32_edge_simulator_1,1,mqtt_bruteforce
15:38:08.656,551.3,gateway,gateway_A,raspberrypi,15,ESP32->RPi,decrypt,121,241,120,4.211,23,esp32_edge_normal_1,0,normal
15:38:13.603,556.2,gateway,gateway_A,raspberrypi,15,ESP32->RPi,decrypt,113,229,116,3.944,23,esp32_edge_normal_2,0,normal
15:38:13.636,556.3,gateway,gateway_A,raspberrypi,15,ESP32->RPi,decrypt,120,237,117,4.044,23,esp32_edge_simulator_1,0,normal
15:38:13.660,556.3,gateway,gateway_A,raspberrypi,15,ESP32->RPi,decrypt,121,241,120,4.203,23,esp32_edge_normal_1,0,normal
