timestamp,uptime_s,device_name,device_suffix,hostname,run_id,channel,operation,pt_bytes,enc_bytes,overhead_bytes,elapsed_ms,fl_round,client_id,sample_label,sample_label_name
14:25:36.107,0.8,gateway,gateway_B,gatewayB,14,ESP32->RPi,decrypt,114,229,115,1.432,0,esp32_edge_normal_1,0,normal
14:25:38.177,2.8,gateway,gateway_B,gatewayB,14,ESP32->RPi,decrypt,113,229,116,1.37,0,esp32_edge_normal_3,0,normal
14:25:38.614,3.3,gateway,gateway_B,gatewayB,14,ESP32->RPi,decrypt,121,241,120,1.445,0,esp32_edge_normal_2,0,normal
14:25:38.650,3.3,gateway,gateway_B,gatewayB,14,ESP32->RPi,decrypt,117,233,116,1.464,0,esp32_edge_normal_1,0,normal
14:25:43.187,7.9,gateway,gateway_B,gatewayB,14,ESP32->RPi,decrypt,119,237,118,3.954,0,esp32_edge_normal_3,0,normal
14:25:43.624,8.3,gateway,gateway_B,gatewayB,14,ESP32->RPi,decrypt,119,237,118,4.171,0,esp32_edge_normal_2,0,normal
14:25:43.656,8.3,gateway,gateway_B,gatewayB,14,ESP32->RPi,decrypt,115,233,118,4.012,0,esp32_edge_normal_1,0,normal
14:25:48.189,12.9,gateway,gateway_B,gatewayB,14,ESP32->RPi,decrypt,121,241,120,4.233,0,esp32_edge_normal_3,0,normal
14:25:48.655,13.3,gateway,gateway_B,gatewayB,14,ESP32->RPi,decrypt,118,237,119,4.003,0,esp32_edge_normal_2,0,normal
14:25:48.661,13.3,gateway,gateway_B,gatewayB,14,ESP32->RPi,decrypt,121,241,120,4.046,0,esp32_edge_normal_1,0,normal
14:25:53.185,17.9,gateway,gateway_B,gatewayB,14,ESP32->RPi,decrypt,113,229,116,1.316,0,esp32_edge_normal_3,0,normal
14:25:53.617,18.3,gateway,gateway_B,gatewayB,14,ESP32->RPi,decrypt,118,237,119,1.322,0,esp32_edge_normal_2,0,normal
14:25:53.638,18.3,gateway,gateway_B,gatewayB,14,ESP32->RPi,decrypt,118,237,119,1.343,0,esp32_edge_normal_1,0,normal
14:25:58.181,22.9,gateway,gateway_B,gatewayB,14,ESP32->RPi,decrypt,119,237,118,3.999,0,esp32_edge_normal_3,0,normal
14:25:58.618,23.3,gateway,gateway_B,gatewayB,14,ESP32->RPi,decrypt,108,221,113,3.907,0,esp32_edge_normal_2,0,normal
14:25:58.643,23.3,gateway,gateway_B,gatewayB,14,ESP32->RPi,decrypt,108,221,113,4.07,0,esp32_edge_normal_1,0,normal
14:26:03.175,27.8,gateway,gateway_B,gatewayB,14,ESP32->RPi,decrypt,117,233,116,1.444,0,esp32_edge_normal_3,0,normal
14:26:03.623,28.3,gateway,gateway_B,gatewayB,14,ESP32->RPi,decrypt,117,233,116,1.53,0,esp32_edge_normal_2,0,normal
14:26:03.649,28.3,gateway,gateway_B,gatewayB,14,ESP32->RPi,decrypt,114,229,115,1.501,0,esp32_edge_normal_1,0,normal
14:26:08.199,32.9,gateway,gateway_B,gatewayB,14,ESP32->RPi,decrypt,115,233,118,3.95,0,esp32_edge_normal_3,0,normal
14:26:08.616,33.3,gateway,gateway_B,gatewayB,14,ESP32->RPi,decrypt,117,233,116,3.946,0,esp32_edge_normal_2,0,normal
14:26:08.642,33.3,gateway,gateway_B,gatewayB,14,ESP32->RPi,decrypt,114,229,115,4.05,0,esp32_edge_normal_1,0,normal
14:26:13.177,37.8,gateway,gateway_B,gatewayB,14,ESP32->RPi,decrypt,115,233,118,3.957,0,esp32_edge_normal_3,0,normal
14:26:13.616,38.3,gateway,gateway_B,gatewayB,14,ESP32->RPi,decrypt,114,229,115,4.006,0,esp32_edge_normal_2,0,normal
14:26:13.647,38.3,gateway,gateway_B,gatewayB,14,ESP32->RPi,decrypt,117,233,116,4.335,0,esp32_edge_normal_1,0,normal
14:26:18.173,42.8,gateway,gateway_B,gatewayB,14,ESP32->RPi,decrypt,120,237,117,1.386,0,esp32_edge_normal_3,0,normal
14:26:18.617,43.3,gateway,gateway_B,gatewayB,14,ESP32->RPi,decrypt,118,237,119,1.312,0,esp32_edge_normal_2,0,normal
14:26:18.644,43.3,gateway,gateway_B,gatewayB,14,ESP32->RPi,decrypt,112,229,117,1.318,0,esp32_edge_normal_1,0,normal
14:26:23.180,47.9,gateway,gateway_B,gatewayB,14,ESP32->RPi,decrypt,118,237,119,2.599,0,esp32_edge_normal_3,0,normal
14:26:23.623,48.3,gateway,gateway_B,gatewayB,14,ESP32->RPi,decrypt,121,241,120,4.124,0,esp32_edge_normal_2,0,normal
14:26:30.688,55.4,gateway,gateway_B,gatewayB,14,RPi->PC,encrypt,3642,4938,1296,37.055,0,,,
14:26:30.738,55.4,gateway,gateway_B,gatewayB,14,ESP32->RPi,decrypt,120,237,117,1.631,0,esp32_edge_normal_1,0,normal
14:26:30.740,55.4,gateway,gateway_B,gatewayB,14,ESP32->RPi,decrypt,120,237,117,1.485,0,esp32_edge_normal_3,0,normal
14:26:30.742,55.4,gateway,gateway_B,gatewayB,14,ESP32->RPi,decrypt,117,233,116,1.378,0,esp32_edge_normal_2,0,normal
14:26:30.743,55.4,gateway,gateway_B,gatewayB,14,ESP32->RPi,decrypt,120,237,117,1.475,0,esp32_edge_normal_1,0,normal
14:26:31.239,55.9,gateway,gateway_B,gatewayB,14,PC->RPi,decrypt,3545,4810,1265,34.599,0,,,
14:26:31.282,56.0,gateway,gateway_B,gatewayB,14,RPi->ESP32,encrypt,3545,4810,1265,35.941,1,,,
14:26:43.206,67.9,gateway,gateway_B,gatewayB,14,ESP32->RPi,decrypt,120,237,117,4.67,1,esp32_edge_normal_3,0,normal
14:26:43.257,67.9,gateway,gateway_B,gatewayB,14,ESP32->RPi,decrypt,121,241,120,4.645,1,esp32_edge_normal_1,0,normal
14:26:43.700,68.4,gateway,gateway_B,gatewayB,14,ESP32->RPi,decrypt,118,237,119,4.321,1,esp32_edge_normal_2,0,normal
14:26:48.312,73.0,gateway,gateway_B,gatewayB,14,ESP32->RPi,decrypt,117,233,116,4.336,1,esp32_edge_normal_3,0,normal
14:26:48.317,73.0,gateway,gateway_B,gatewayB,14,ESP32->RPi,decrypt,121,241,120,4.28,1,esp32_edge_normal_1,0,normal
14:26:48.821,73.5,gateway,gateway_B,gatewayB,14,ESP32->RPi,decrypt,116,233,117,3.896,1,esp32_edge_normal_2,0,normal
14:26:53.199,77.9,gateway,gateway_B,gatewayB,14,ESP32->RPi,decrypt,116,233,117,1.43,1,esp32_edge_normal_3,0,normal
14:26:53.231,77.9,gateway,gateway_B,gatewayB,14,ESP32->RPi,decrypt,117,233,116,1.574,1,esp32_edge_normal_1,0,normal
14:26:53.702,78.4,gateway,gateway_B,gatewayB,14,ESP32->RPi,decrypt,120,237,117,1.512,1,esp32_edge_normal_2,0,normal
14:26:58.208,82.9,gateway,gateway_B,gatewayB,14,ESP32->RPi,decrypt,116,233,117,4.246,1,esp32_edge_normal_3,0,normal
14:26:58.235,82.9,gateway,gateway_B,gatewayB,14,ESP32->RPi,decrypt,114,229,115,4.094,1,esp32_edge_normal_1,0,normal
14:27:00.249,84.9,gateway,gateway_B,gatewayB,14,ESP32->RPi,decrypt,119,237,118,4.107,1,esp32_edge_normal_2,0,normal
14:27:03.203,87.9,gateway,gateway_B,gatewayB,14,ESP32->RPi,decrypt,121,241,120,4.124,1,esp32_edge_normal_3,0,normal
14:27:03.241,87.9,gateway,gateway_B,gatewayB,14,ESP32->RPi,decrypt,118,237,119,4.012,1,esp32_edge_normal_1,0,normal
14:27:03.703,88.4,gateway,gateway_B,gatewayB,14,ESP32->RPi,decrypt,118,237,119,4.062,1,esp32_edge_normal_2,0,normal
14:27:08.198,92.9,gateway,gateway_B,gatewayB,14,ESP32->RPi,decrypt,120,237,117,1.496,1,esp32_edge_normal_3,0,normal
14:27:08.236,92.9,gateway,gateway_B,gatewayB,14,ESP32->RPi,decrypt,121,241,120,1.546,1,esp32_edge_normal_1,0,normal
14:27:08.703,93.4,gateway,gateway_B,gatewayB,14,ESP32->RPi,decrypt,120,237,117,1.539,1,esp32_edge_normal_2,0,normal
14:27:13.201,97.9,gateway,gateway_B,gatewayB,14,ESP32->RPi,decrypt,118,237,119,4.238,1,esp32_edge_normal_3,0,normal
14:27:13.237,97.9,gateway,gateway_B,gatewayB,14,ESP32->RPi,decrypt,119,237,118,4.503,1,esp32_edge_normal_1,0,normal
14:27:13.698,98.4,gateway,gateway_B,gatewayB,14,ESP32->RPi,decrypt,116,233,117,4.377,1,esp32_edge_normal_2,0,normal
14:27:18.200,102.9,gateway,gateway_B,gatewayB,14,ESP32->RPi,decrypt,114,229,115,4.276,1,esp32_edge_normal_3,0,normal
14:27:18.252,102.9,gateway,gateway_B,gatewayB,14,ESP32->RPi,decrypt,116,233,117,3.859,1,esp32_edge_normal_1,0,normal
14:27:18.699,103.4,gateway,gateway_B,gatewayB,14,ESP32->RPi,decrypt,116,233,117,1.469,1,esp32_edge_normal_2,0,normal
14:27:23.197,107.9,gateway,gateway_B,gatewayB,14,ESP32->RPi,decrypt,119,237,118,1.412,1,esp32_edge_normal_3,0,normal
14:27:23.236,107.9,gateway,gateway_B,gatewayB,14,ESP32->RPi,decrypt,116,233,117,1.385,1,esp32_edge_normal_1,0,normal
14:27:24.208,108.9,gateway,gateway_B,gatewayB,14,RPi->PC,encrypt,3645,4942,1297,35.823,1,,,
14:27:24.253,108.9,gateway,gateway_B,gatewayB,14,ESP32->RPi,decrypt,120,237,117,1.492,1,esp32_edge_normal_2,0,normal
14:27:24.551,109.2,gateway,gateway_B,gatewayB,14,PC->RPi,decrypt,3540,4802,1262,33.481,1,,,
14:27:24.592,109.3,gateway,gateway_B,gatewayB,14,RPi->ESP32,encrypt,3540,4802,1262,34.341,2,,,
14:27:36.513,121.2,gateway,gateway_B,gatewayB,14,ESP32->RPi,decrypt,114,229,115,3.309,2,esp32_edge_normal_2,0,normal
14:27:36.562,121.2,gateway,gateway_B,gatewayB,14,ESP32->RPi,decrypt,115,233,118,2.931,2,esp32_edge_normal_1,0,normal
14:27:36.596,121.3,gateway,gateway_B,gatewayB,14,ESP32->RPi,decrypt,106,221,115,3.083,2,esp32_edge_normal_3,0,normal
14:27:41.516,126.2,gateway,gateway_B,gatewayB,14,ESP32->RPi,decrypt,120,237,117,1.5,2,esp32_edge_normal_2,0,normal
14:27:41.568,126.2,gateway,gateway_B,gatewayB,14,ESP32->RPi,decrypt,115,233,118,1.417,2,esp32_edge_normal_1,0,normal
14:27:41.589,126.3,gateway,gateway_B,gatewayB,14,ESP32->RPi,decrypt,114,229,115,1.558,2,esp32_edge_normal_3,0,normal
14:27:46.592,131.3,gateway,gateway_B,gatewayB,14,ESP32->RPi,decrypt,115,233,118,4.623,2,esp32_edge_normal_2,0,normal
14:27:46.597,131.3,gateway,gateway_B,gatewayB,14,ESP32->RPi,decrypt,117,233,116,4.102,2,esp32_edge_normal_1,0,normal
14:27:46.605,131.3,gateway,gateway_B,gatewayB,14,ESP32->RPi,decrypt,116,233,117,3.689,2,esp32_edge_normal_3,0,normal
14:27:51.517,136.2,gateway,gateway_B,gatewayB,14,ESP32->RPi,decrypt,106,221,115,1.386,2,esp32_edge_normal_2,0,normal
14:27:51.565,136.2,gateway,gateway_B,gatewayB,14,ESP32->RPi,decrypt,116,233,117,1.519,2,esp32_edge_normal_1,0,normal
14:27:51.592,136.3,gateway,gateway_B,gatewayB,14,ESP32->RPi,decrypt,120,237,117,1.513,2,esp32_edge_normal_3,0,normal
14:27:56.516,141.2,gateway,gateway_B,gatewayB,14,ESP32->RPi,decrypt,118,237,119,3.638,2,esp32_edge_normal_2,0,normal
14:27:56.555,141.2,gateway,gateway_B,gatewayB,14,ESP32->RPi,decrypt,120,237,117,4.002,2,esp32_edge_normal_1,0,normal
14:27:56.591,141.3,gateway,gateway_B,gatewayB,14,ESP32->RPi,decrypt,121,241,120,4.431,2,esp32_edge_normal_3,0,normal
14:28:01.520,146.2,gateway,gateway_B,gatewayB,14,ESP32->RPi,decrypt,113,229,116,1.317,2,esp32_edge_normal_2,0,normal
14:28:01.571,146.2,gateway,gateway_B,gatewayB,14,ESP32->RPi,decrypt,115,233,118,1.414,2,esp32_edge_normal_1,0,normal
14:28:01.597,146.3,gateway,gateway_B,gatewayB,14,ESP32->RPi,decrypt,116,233,117,1.467,2,esp32_edge_normal_3,0,normal
14:28:06.524,151.2,gateway,gateway_B,gatewayB,14,ESP32->RPi,decrypt,115,233,118,4.32,2,esp32_edge_normal_2,0,normal
14:28:06.562,151.2,gateway,gateway_B,gatewayB,14,ESP32->RPi,decrypt,120,237,117,4.436,2,esp32_edge_normal_1,0,normal
14:28:06.589,151.3,gateway,gateway_B,gatewayB,14,ESP32->RPi,decrypt,117,233,116,2.742,2,esp32_edge_normal_3,0,normal
14:28:11.517,156.2,gateway,gateway_B,gatewayB,14,ESP32->RPi,decrypt,121,241,120,4.333,2,esp32_edge_normal_2,0,normal
14:28:11.564,156.2,gateway,gateway_B,gatewayB,14,ESP32->RPi,decrypt,120,237,117,4.834,2,esp32_edge_normal_1,0,normal
14:28:11.595,156.3,gateway,gateway_B,gatewayB,14,ESP32->RPi,decrypt,121,241,120,4.429,2,esp32_edge_normal_3,0,normal
14:28:16.523,161.2,gateway,gateway_B,gatewayB,14,ESP32->RPi,decrypt,121,241,120,3.592,2,esp32_edge_normal_2,0,normal
14:28:16.563,161.2,gateway,gateway_B,gatewayB,14,ESP32->RPi,decrypt,118,237,119,3.479,2,esp32_edge_normal_1,0,normal
14:28:16.596,161.3,gateway,gateway_B,gatewayB,14,ESP32->RPi,decrypt,117,233,116,8.771,2,esp32_edge_normal_3,0,normal
14:28:21.528,166.2,gateway,gateway_B,gatewayB,14,ESP32->RPi,decrypt,116,233,117,1.438,2,esp32_edge_normal_2,0,normal
14:28:21.554,166.2,gateway,gateway_B,gatewayB,14,ESP32->RPi,decrypt,118,237,119,1.524,2,esp32_edge_normal_1,0,normal
14:28:22.477,167.1,gateway,gateway_B,gatewayB,14,RPi->PC,encrypt,3637,4934,1297,38.093,2,,,
14:28:22.533,167.2,gateway,gateway_B,gatewayB,14,ESP32->RPi,decrypt,116,233,117,1.573,2,esp32_edge_normal_3,0,normal
14:28:23.082,167.8,gateway,gateway_B,gatewayB,14,PC->RPi,decrypt,3536,4798,1262,38.012,2,,,
14:28:23.125,167.8,gateway,gateway_B,gatewayB,14,RPi->ESP32,encrypt,3536,4798,1262,36.366,3,,,
14:28:34.986,179.7,gateway,gateway_B,gatewayB,14,ESP32->RPi,decrypt,116,233,117,4.659,3,esp32_edge_normal_2,0,normal
14:28:35.031,179.7,gateway,gateway_B,gatewayB,14,ESP32->RPi,decrypt,114,229,115,3.949,3,esp32_edge_normal_1,0,normal
14:28:35.045,179.7,gateway,gateway_B,gatewayB,14,ESP32->RPi,decrypt,116,233,117,4.714,3,esp32_edge_normal_3,0,normal
14:28:40.004,184.7,gateway,gateway_B,gatewayB,14,ESP32->RPi,decrypt,116,233,117,1.377,3,esp32_edge_normal_2,0,normal
14:28:40.033,184.7,gateway,gateway_B,gatewayB,14,ESP32->RPi,decrypt,117,233,116,1.495,3,esp32_edge_normal_1,0,normal
14:28:40.058,184.7,gateway,gateway_B,gatewayB,14,ESP32->RPi,decrypt,120,237,117,1.571,3,esp32_edge_normal_3,0,normal
14:28:45.010,189.7,gateway,gateway_B,gatewayB,14,ESP32->RPi,decrypt,115,233,118,4.307,3,esp32_edge_normal_2,0,normal
14:28:45.036,189.7,gateway,gateway_B,gatewayB,14,ESP32->RPi,decrypt,111,225,114,4.02,3,esp32_edge_normal_1,0,normal
14:28:45.048,189.7,gateway,gateway_B,gatewayB,14,ESP32->RPi,decrypt,115,233,118,4.148,3,esp32_edge_normal_3,0,normal
14:28:50.040,194.7,gateway,gateway_B,gatewayB,14,ESP32->RPi,decrypt,115,233,118,3.963,3,esp32_edge_normal_2,0,normal
14:28:50.046,194.7,gateway,gateway_B,gatewayB,14,ESP32->RPi,decrypt,119,237,118,3.814,3,esp32_edge_normal_1,0,normal
14:28:50.054,194.7,gateway,gateway_B,gatewayB,14,ESP32->RPi,decrypt,114,229,115,4.431,3,esp32_edge_normal_3,0,normal
14:28:54.986,199.7,gateway,gateway_B,gatewayB,14,ESP32->RPi,decrypt,118,237,119,1.471,3,esp32_edge_normal_2,0,normal
14:28:55.026,199.7,gateway,gateway_B,gatewayB,14,ESP32->RPi,decrypt,121,241,120,1.7,3,esp32_edge_normal_1,0,normal
14:28:55.055,199.7,gateway,gateway_B,gatewayB,14,ESP32->RPi,decrypt,120,237,117,1.541,3,esp32_edge_normal_3,0,normal
14:28:59.997,204.7,gateway,gateway_B,gatewayB,14,ESP32->RPi,decrypt,117,233,116,4.31,3,esp32_edge_normal_2,0,normal
14:29:00.033,204.7,gateway,gateway_B,gatewayB,14,ESP32->RPi,decrypt,121,241,120,4.461,3,esp32_edge_normal_1,0,normal
14:29:00.062,204.7,gateway,gateway_B,gatewayB,14,ESP32->RPi,decrypt,121,241,120,4.685,3,esp32_edge_normal_3,0,normal
14:29:04.988,209.7,gateway,gateway_B,gatewayB,14,ESP32->RPi,decrypt,117,233,116,4.029,3,esp32_edge_normal_2,0,normal
14:29:05.020,209.7,gateway,gateway_B,gatewayB,14,ESP32->RPi,decrypt,119,237,118,4.105,3,esp32_edge_normal_1,0,normal
14:29:05.046,209.7,gateway,gateway_B,gatewayB,14,ESP32->RPi,decrypt,114,229,115,2.533,3,esp32_edge_normal_3,0,normal
14:29:09.992,214.7,gateway,gateway_B,gatewayB,14,ESP32->RPi,decrypt,115,233,118,4.276,3,esp32_edge_normal_2,0,normal
14:29:10.022,214.7,gateway,gateway_B,gatewayB,14,ESP32->RPi,decrypt,119,237,118,4.375,3,esp32_edge_normal_1,0,normal
14:29:10.052,214.7,gateway,gateway_B,gatewayB,14,ESP32->RPi,decrypt,119,237,118,8.041,3,esp32_edge_normal_3,0,normal
14:29:14.981,219.7,gateway,gateway_B,gatewayB,14,ESP32->RPi,decrypt,114,229,115,4.578,3,esp32_edge_normal_2,0,normal
14:29:15.021,219.7,gateway,gateway_B,gatewayB,14,ESP32->RPi,decrypt,111,225,114,4.284,3,esp32_edge_normal_1,0,normal
14:29:15.047,219.7,gateway,gateway_B,gatewayB,14,ESP32->RPi,decrypt,117,233,116,4.458,3,esp32_edge_normal_3,0,normal
14:29:19.979,224.7,gateway,gateway_B,gatewayB,14,ESP32->RPi,decrypt,114,229,115,4.283,3,esp32_edge_normal_2,0,normal
14:29:20.018,224.7,gateway,gateway_B,gatewayB,14,ESP32->RPi,decrypt,108,221,113,3.855,3,esp32_edge_normal_1,0,normal
14:29:20.994,225.7,gateway,gateway_B,gatewayB,14,RPi->PC,encrypt,3617,4906,1289,34.392,3,,,
14:29:21.048,225.7,gateway,gateway_B,gatewayB,14,ESP32->RPi,decrypt,119,237,118,1.411,3,esp32_edge_normal_3,0,normal
14:29:21.729,226.4,gateway,gateway_B,gatewayB,14,PC->RPi,decrypt,3524,4782,1258,35.092,3,,,
14:29:21.767,226.4,gateway,gateway_B,gatewayB,14,RPi->ESP32,encrypt,3524,4782,1258,31.833,4,,,
14:29:33.659,238.3,gateway,gateway_B,gatewayB,14,ESP32->RPi,decrypt,115,233,118,4.122,4,esp32_edge_normal_2,0,normal
14:29:33.706,238.4,gateway,gateway_B,gatewayB,14,ESP32->RPi,decrypt,114,229,115,3.229,4,esp32_edge_normal_3,0,normal
14:29:33.726,238.4,gateway,gateway_B,gatewayB,14,ESP32->RPi,decrypt,118,237,119,3.191,4,esp32_edge_normal_1,0,normal
14:29:38.675,243.3,gateway,gateway_B,gatewayB,14,ESP32->RPi,decrypt,119,237,118,1.426,4,esp32_edge_normal_2,0,normal
14:29:38.710,243.4,gateway,gateway_B,gatewayB,14,ESP32->RPi,decrypt,116,233,117,1.631,4,esp32_edge_normal_3,0,normal
14:29:38.713,243.4,gateway,gateway_B,gatewayB,14,ESP32->RPi,decrypt,116,233,117,1.524,4,esp32_edge_normal_1,0,normal
14:29:43.662,248.3,gateway,gateway_B,gatewayB,14,ESP32->RPi,decrypt,117,233,116,4.391,4,esp32_edge_normal_2,0,normal
14:29:43.711,248.4,gateway,gateway_B,gatewayB,14,ESP32->RPi,decrypt,119,237,118,4.422,4,esp32_edge_normal_3,0,normal
14:29:43.718,248.4,gateway,gateway_B,gatewayB,14,ESP32->RPi,decrypt,118,237,119,4.232,4,esp32_edge_normal_1,0,normal
14:29:48.683,253.4,gateway,gateway_B,gatewayB,14,ESP32->RPi,decrypt,115,233,118,4.192,4,esp32_edge_normal_2,0,normal
14:29:48.708,253.4,gateway,gateway_B,gatewayB,14,ESP32->RPi,decrypt,117,233,116,4.024,4,esp32_edge_normal_1,0,normal
14:29:48.715,253.4,gateway,gateway_B,gatewayB,14,ESP32->RPi,decrypt,119,237,118,3.704,4,esp32_edge_normal_3,0,normal
14:29:53.657,258.3,gateway,gateway_B,gatewayB,14,ESP32->RPi,decrypt,114,229,115,1.402,4,esp32_edge_normal_2,0,normal
14:29:53.714,258.4,gateway,gateway_B,gatewayB,14,ESP32->RPi,decrypt,121,241,120,1.53,4,esp32_edge_normal_3,0,normal
14:29:53.719,258.4,gateway,gateway_B,gatewayB,14,ESP32->RPi,decrypt,117,233,116,1.395,4,esp32_edge_normal_1,0,normal
14:29:58.666,263.3,gateway,gateway_B,gatewayB,14,ESP32->RPi,decrypt,120,237,117,4.615,4,esp32_edge_normal_2,0,normal
14:29:58.704,263.4,gateway,gateway_B,gatewayB,14,ESP32->RPi,decrypt,120,237,117,4.583,4,esp32_edge_normal_3,0,normal
14:29:58.712,263.4,gateway,gateway_B,gatewayB,14,ESP32->RPi,decrypt,120,237,117,4.439,4,esp32_edge_normal_1,0,normal
14:30:03.669,268.3,gateway,gateway_B,gatewayB,14,ESP32->RPi,decrypt,120,237,117,4.505,4,esp32_edge_normal_2,0,normal
14:30:03.698,268.4,gateway,gateway_B,gatewayB,14,ESP32->RPi,decrypt,107,221,114,4.068,4,esp32_edge_normal_1,0,normal
14:30:03.707,268.4,gateway,gateway_B,gatewayB,14,ESP32->RPi,decrypt,117,233,116,4.126,4,esp32_edge_normal_3,0,normal
14:30:08.668,273.3,gateway,gateway_B,gatewayB,14,ESP32->RPi,decrypt,115,233,118,4.318,4,esp32_edge_normal_2,0,normal
14:30:08.696,273.4,gateway,gateway_B,gatewayB,14,ESP32->RPi,decrypt,114,229,115,4.27,4,esp32_edge_normal_1,0,normal
14:30:08.704,273.4,gateway,gateway_B,gatewayB,14,ESP32->RPi,decrypt,116,233,117,4.603,4,esp32_edge_normal_3,0,normal
14:30:13.661,278.3,gateway,gateway_B,gatewayB,14,ESP32->RPi,decrypt,106,221,115,4.111,4,esp32_edge_normal_2,0,normal
14:30:13.702,278.4,gateway,gateway_B,gatewayB,14,ESP32->RPi,decrypt,116,233,117,4.374,4,esp32_edge_normal_1,0,normal
14:30:13.708,278.4,gateway,gateway_B,gatewayB,14,ESP32->RPi,decrypt,118,237,119,4.253,4,esp32_edge_normal_3,0,normal
14:30:18.655,283.3,gateway,gateway_B,gatewayB,14,ESP32->RPi,decrypt,118,237,119,1.342,4,esp32_edge_normal_2,0,normal
14:30:18.699,283.4,gateway,gateway_B,gatewayB,14,ESP32->RPi,decrypt,114,229,115,1.413,4,esp32_edge_normal_1,0,normal
14:30:19.652,284.3,gateway,gateway_B,gatewayB,14,RPi->PC,encrypt,3623,4914,1291,34.259,4,,,
14:30:19.702,284.4,gateway,gateway_B,gatewayB,14,ESP32->RPi,decrypt,116,233,117,1.492,4,esp32_edge_normal_3,0,normal
14:30:20.146,284.8,gateway,gateway_B,gatewayB,14,PC->RPi,decrypt,3539,4802,1263,34.182,4,,,
14:30:20.186,284.9,gateway,gateway_B,gatewayB,14,RPi->ESP32,encrypt,3539,4802,1263,33.445,5,,,
14:33:18.570,463.2,gateway,gateway_B,gatewayB,14,ESP32->RPi,decrypt,114,229,115,4.394,5,esp32_edge_normal_1,0,normal
14:33:21.041,465.7,gateway,gateway_B,gatewayB,14,ESP32->RPi,decrypt,119,237,118,4.263,5,esp32_edge_normal_2,0,normal
14:33:21.201,465.9,gateway,gateway_B,gatewayB,14,ESP32->RPi,decrypt,109,225,116,2.339,5,esp32_edge_simulator_1,1,mqtt_bruteforce
14:33:23.579,468.3,gateway,gateway_B,gatewayB,14,ESP32->RPi,decrypt,120,237,117,4.311,5,esp32_edge_normal_1,0,normal
14:33:26.046,470.7,gateway,gateway_B,gatewayB,14,ESP32->RPi,decrypt,115,233,118,4.184,5,esp32_edge_normal_2,0,normal
14:33:26.213,470.9,gateway,gateway_B,gatewayB,14,ESP32->RPi,decrypt,81,185,104,2.511,5,esp32_edge_simulator_1,2,scan_A
14:33:28.571,473.2,gateway,gateway_B,gatewayB,14,ESP32->RPi,decrypt,115,233,118,4.315,5,esp32_edge_normal_1,0,normal
14:33:31.054,475.7,gateway,gateway_B,gatewayB,14,ESP32->RPi,decrypt,117,233,116,4.153,5,esp32_edge_normal_2,0,normal
14:33:31.206,475.9,gateway,gateway_B,gatewayB,14,ESP32->RPi,decrypt,108,221,113,2.188,5,esp32_edge_simulator_1,2,scan_A
14:33:33.578,478.3,gateway,gateway_B,gatewayB,14,ESP32->RPi,decrypt,119,237,118,4.133,5,esp32_edge_normal_1,0,normal
14:33:36.034,480.7,gateway,gateway_B,gatewayB,14,ESP32->RPi,decrypt,116,233,117,4.247,5,esp32_edge_normal_2,0,normal
14:33:36.189,480.9,gateway,gateway_B,gatewayB,14,ESP32->RPi,decrypt,114,229,115,2.877,5,esp32_edge_simulator_1,1,mqtt_bruteforce
14:33:38.565,483.2,gateway,gateway_B,gatewayB,14,ESP32->RPi,decrypt,119,237,118,4.134,5,esp32_edge_normal_1,0,normal
14:33:41.022,485.7,gateway,gateway_B,gatewayB,14,ESP32->RPi,decrypt,117,233,116,1.49,5,esp32_edge_normal_2,0,normal
14:33:41.190,485.9,gateway,gateway_B,gatewayB,14,ESP32->RPi,decrypt,111,225,114,1.366,5,esp32_edge_simulator_1,1,mqtt_bruteforce
14:33:43.565,488.2,gateway,gateway_B,gatewayB,14,ESP32->RPi,decrypt,117,233,116,1.437,5,esp32_edge_normal_1,0,normal
14:33:46.068,490.7,gateway,gateway_B,gatewayB,14,ESP32->RPi,decrypt,120,237,117,4.275,5,esp32_edge_normal_2,0,normal
14:33:46.198,490.9,gateway,gateway_B,gatewayB,14,ESP32->RPi,decrypt,122,241,119,2.284,5,esp32_edge_simulator_1,0,normal
14:33:48.603,493.3,gateway,gateway_B,gatewayB,14,ESP32->RPi,decrypt,114,229,115,4.011,5,esp32_edge_normal_1,0,normal
14:33:51.028,495.7,gateway,gateway_B,gatewayB,14,ESP32->RPi,decrypt,119,237,118,1.307,5,esp32_edge_normal_2,0,normal
14:33:51.183,495.9,gateway,gateway_B,gatewayB,14,ESP32->RPi,decrypt,123,241,118,1.44,5,esp32_edge_simulator_1,0,normal
14:33:53.557,498.2,gateway,gateway_B,gatewayB,14,ESP32->RPi,decrypt,115,233,118,1.374,5,esp32_edge_normal_1,0,normal
14:33:56.027,500.7,gateway,gateway_B,gatewayB,14,ESP32->RPi,decrypt,116,233,117,3.966,5,esp32_edge_normal_2,0,normal
14:33:56.191,500.9,gateway,gateway_B,gatewayB,14,ESP32->RPi,decrypt,113,229,116,3.133,5,esp32_edge_simulator_1,1,mqtt_bruteforce
14:33:58.564,503.2,gateway,gateway_B,gatewayB,14,ESP32->RPi,decrypt,114,229,115,4.335,5,esp32_edge_normal_1,0,normal
14:34:01.020,505.7,gateway,gateway_B,gatewayB,14,ESP32->RPi,decrypt,117,233,116,4.658,5,esp32_edge_normal_2,0,normal
14:34:01.188,505.9,gateway,gateway_B,gatewayB,14,ESP32->RPi,decrypt,123,241,118,3.745,5,esp32_edge_simulator_1,0,normal
14:34:03.566,508.2,gateway,gateway_B,gatewayB,14,ESP32->RPi,decrypt,120,237,117,3.615,5,esp32_edge_normal_1,0,normal
14:34:06.019,510.7,gateway,gateway_B,gatewayB,14,ESP32->RPi,decrypt,116,233,117,3.927,5,esp32_edge_normal_2,0,normal
14:34:06.970,511.6,gateway,gateway_B,gatewayB,14,RPi->PC,encrypt,3643,4942,1299,34.712,5,,,
14:34:07.016,511.7,gateway,gateway_B,gatewayB,14,ESP32->RPi,decrypt,108,221,113,1.343,5,esp32_edge_simulator_1,2,scan_A
14:34:08.559,513.2,gateway,gateway_B,gatewayB,14,ESP32->RPi,decrypt,113,229,116,1.483,5,esp32_edge_normal_1,0,normal
14:34:09.562,514.2,gateway,gateway_B,gatewayB,14,PC->RPi,decrypt,3546,4810,1264,34.314,5,,,
14:34:09.607,514.3,gateway,gateway_B,gatewayB,14,RPi->ESP32,encrypt,3546,4810,1264,38.211,6,,,
14:34:21.535,526.2,gateway,gateway_B,gatewayB,14,ESP32->RPi,decrypt,120,237,117,1.433,6,esp32_edge_normal_2,0,normal
14:34:21.555,526.2,gateway,gateway_B,gatewayB,14,ESP32->RPi,decrypt,119,237,118,1.437,6,esp32_edge_normal_1,0,normal
14:34:21.584,526.3,gateway,gateway_B,gatewayB,14,ESP32->RPi,decrypt,113,229,116,1.596,6,esp32_edge_simulator_1,1,mqtt_bruteforce
14:34:26.536,531.2,gateway,gateway_B,gatewayB,14,ESP32->RPi,decrypt,119,237,118,1.343,6,esp32_edge_normal_2,0,normal
14:34:26.552,531.2,gateway,gateway_B,gatewayB,14,ESP32->RPi,decrypt,119,237,118,1.292,6,esp32_edge_normal_1,0,normal
14:34:26.583,531.3,gateway,gateway_B,gatewayB,14,ESP32->RPi,decrypt,81,185,104,1.258,6,esp32_edge_simulator_1,2,scan_A
14:34:31.551,536.2,gateway,gateway_B,gatewayB,14,ESP32->RPi,decrypt,117,233,116,4.183,6,esp32_edge_normal_2,0,normal
14:34:31.559,536.2,gateway,gateway_B,gatewayB,14,ESP32->RPi,decrypt,116,233,117,4.135,6,esp32_edge_normal_1,0,normal
14:34:31.586,536.3,gateway,gateway_B,gatewayB,14,ESP32->RPi,decrypt,81,185,104,3.295,6,esp32_edge_simulator_1,2,scan_A
14:34:36.526,541.2,gateway,gateway_B,gatewayB,14,ESP32->RPi,decrypt,114,229,115,3.822,6,esp32_edge_normal_2,0,normal
14:34:36.552,541.2,gateway,gateway_B,gatewayB,14,ESP32->RPi,decrypt,120,237,117,4.174,6,esp32_edge_normal_1,0,normal
14:34:36.580,541.3,gateway,gateway_B,gatewayB,14,ESP32->RPi,decrypt,118,237,119,4.139,6,esp32_edge_simulator_1,0,normal
14:34:41.541,546.2,gateway,gateway_B,gatewayB,14,ESP32->RPi,decrypt,117,233,116,3.925,6,esp32_edge_normal_2,0,normal
14:34:41.550,546.2,gateway,gateway_B,gatewayB,14,ESP32->RPi,decrypt,119,237,118,3.936,6,esp32_edge_normal_1,0,normal
14:34:41.578,546.3,gateway,gateway_B,gatewayB,14,ESP32->RPi,decrypt,123,241,118,4.268,6,esp32_edge_simulator_1,0,normal
14:34:46.599,551.3,gateway,gateway_B,gatewayB,14,ESP32->RPi,decrypt,113,229,116,4.177,6,esp32_edge_normal_2,0,normal
14:34:46.605,551.3,gateway,gateway_B,gatewayB,14,ESP32->RPi,decrypt,114,229,115,4.302,6,esp32_edge_normal_1,0,normal
14:34:46.610,551.3,gateway,gateway_B,gatewayB,14,ESP32->RPi,decrypt,108,221,113,3.901,6,esp32_edge_simulator_1,2,scan_A
14:34:51.535,556.2,gateway,gateway_B,gatewayB,14,ESP32->RPi,decrypt,115,233,118,1.445,6,esp32_edge_normal_2,0,normal
14:34:51.551,556.2,gateway,gateway_B,gatewayB,14,ESP32->RPi,decrypt,119,237,118,1.426,6,esp32_edge_normal_1,0,normal
14:34:51.582,556.3,gateway,gateway_B,gatewayB,14,ESP32->RPi,decrypt,81,185,104,1.199,6,esp32_edge_simulator_1,2,scan_A
14:34:56.526,561.2,gateway,gateway_B,gatewayB,14,ESP32->RPi,decrypt,119,237,118,3.893,6,esp32_edge_normal_2,0,normal
14:34:56.549,561.2,gateway,gateway_B,gatewayB,14,ESP32->RPi,decrypt,116,233,117,5.124,6,esp32_edge_normal_1,0,normal
14:34:56.579,561.3,gateway,gateway_B,gatewayB,14,ESP32->RPi,decrypt,123,241,118,4.609,6,esp32_edge_simulator_1,0,normal
14:35:01.525,566.2,gateway,gateway_B,gatewayB,14,ESP32->RPi,decrypt,115,233,118,4.392,6,esp32_edge_normal_2,0,normal
14:35:01.551,566.2,gateway,gateway_B,gatewayB,14,ESP32->RPi,decrypt,116,233,117,4.496,6,esp32_edge_normal_1,0,normal
14:35:01.587,566.3,gateway,gateway_B,gatewayB,14,ESP32->RPi,decrypt,112,229,117,3.468,6,esp32_edge_simulator_1,1,mqtt_bruteforce
14:35:06.524,571.2,gateway,gateway_B,gatewayB,14,ESP32->RPi,decrypt,116,233,117,4.348,6,esp32_edge_normal_2,0,normal
14:35:07.536,572.2,gateway,gateway_B,gatewayB,14,RPi->PC,encrypt,3638,4934,1296,51.957,6,,,
14:35:07.585,572.3,gateway,gateway_B,gatewayB,14,ESP32->RPi,decrypt,114,229,115,1.62,6,esp32_edge_normal_1,0,normal
14:35:07.587,572.3,gateway,gateway_B,gatewayB,14,ESP32->RPi,decrypt,122,241,119,1.566,6,esp32_edge_simulator_1,0,normal
14:35:08.054,572.7,gateway,gateway_B,gatewayB,14,PC->RPi,decrypt,3531,4790,1259,34.403,6,,,
14:35:08.095,572.8,gateway,gateway_B,gatewayB,14,RPi->ESP32,encrypt,3531,4790,1259,33.946,7,,,
14:35:20.000,584.7,gateway,gateway_B,gatewayB,14,ESP32->RPi,decrypt,116,233,117,1.33,7,esp32_edge_normal_2,0,normal
14:35:20.038,584.7,gateway,gateway_B,gatewayB,14,ESP32->RPi,decrypt,118,237,119,1.348,7,esp32_edge_normal_1,0,normal
14:35:20.066,584.7,gateway,gateway_B,gatewayB,14,ESP32->RPi,decrypt,111,225,114,1.406,7,esp32_edge_simulator_1,1,mqtt_bruteforce
14:35:25.010,589.7,gateway,gateway_B,gatewayB,14,ESP32->RPi,decrypt,118,237,119,4.036,7,esp32_edge_normal_2,0,normal
14:35:25.036,589.7,gateway,gateway_B,gatewayB,14,ESP32->RPi,decrypt,117,233,116,4.238,7,esp32_edge_normal_1,0,normal
14:35:25.064,589.7,gateway,gateway_B,gatewayB,14,ESP32->RPi,decrypt,104,217,113,4.122,7,esp32_edge_simulator_1,2,scan_A
14:35:30.016,594.7,gateway,gateway_B,gatewayB,14,ESP32->RPi,decrypt,121,241,120,4.715,7,esp32_edge_normal_2,0,normal
14:35:30.029,594.7,gateway,gateway_B,gatewayB,14,ESP32->RPi,decrypt,116,233,117,4.252,7,esp32_edge_normal_1,0,normal
14:35:30.064,594.7,gateway,gateway_B,gatewayB,14,ESP32->RPi,decrypt,113,229,116,4.416,7,esp32_edge_simulator_1,1,mqtt_bruteforce
14:35:34.996,599.7,gateway,gateway_B,gatewayB,14,ESP32->RPi,decrypt,114,229,115,4.181,7,esp32_edge_normal_2,0,normal
14:35:35.024,599.7,gateway,gateway_B,gatewayB,14,ESP32->RPi,decrypt,121,241,120,3.955,7,esp32_edge_normal_1,0,normal
14:35:35.061,599.7,gateway,gateway_B,gatewayB,14,ESP32->RPi,decrypt,81,185,104,2.301,7,esp32_edge_simulator_1,2,scan_A
14:35:40.004,604.7,gateway,gateway_B,gatewayB,14,ESP32->RPi,decrypt,115,233,118,1.338,7,esp32_edge_normal_2,0,normal
14:35:40.020,604.7,gateway,gateway_B,gatewayB,14,ESP32->RPi,decrypt,120,237,117,1.338,7,esp32_edge_normal_1,0,normal
14:35:40.059,604.7,gateway,gateway_B,gatewayB,14,ESP32->RPi,decrypt,107,221,114,1.253,7,esp32_edge_simulator_1,2,scan_A
14:35:44.995,609.7,gateway,gateway_B,gatewayB,14,ESP32->RPi,decrypt,112,229,117,4.124,7,esp32_edge_normal_2,0,normal
14:35:45.023,609.7,gateway,gateway_B,gatewayB,14,ESP32->RPi,decrypt,120,237,117,4.398,7,esp32_edge_normal_1,0,normal
14:35:45.065,609.7,gateway,gateway_B,gatewayB,14,ESP32->RPi,decrypt,111,225,114,4.549,7,esp32_edge_simulator_1,1,mqtt_bruteforce
14:35:50.000,614.7,gateway,gateway_B,gatewayB,14,ESP32->RPi,decrypt,116,233,117,1.467,7,esp32_edge_normal_2,0,normal
14:35:50.021,614.7,gateway,gateway_B,gatewayB,14,ESP32->RPi,decrypt,114,229,115,1.436,7,esp32_edge_normal_1,0,normal
14:35:50.059,614.7,gateway,gateway_B,gatewayB,14,ESP32->RPi,decrypt,109,225,116,1.312,7,esp32_edge_simulator_1,1,mqtt_bruteforce
14:35:55.294,620.0,gateway,gateway_B,gatewayB,14,ESP32->RPi,decrypt,119,237,118,4.708,7,esp32_edge_normal_2,0,normal
14:35:55.299,620.0,gateway,gateway_B,gatewayB,14,ESP32->RPi,decrypt,117,233,116,3.933,7,esp32_edge_normal_1,0,normal
14:35:55.304,620.0,gateway,gateway_B,gatewayB,14,ESP32->RPi,decrypt,119,237,118,3.996,7,esp32_edge_simulator_1,0,normal
14:35:59.991,624.7,gateway,gateway_B,gatewayB,14,ESP32->RPi,decrypt,113,229,116,4.21,7,esp32_edge_normal_2,0,normal
14:36:00.023,624.7,gateway,gateway_B,gatewayB,14,ESP32->RPi,decrypt,116,233,117,3.686,7,esp32_edge_normal_1,0,normal
14:36:00.066,624.7,gateway,gateway_B,gatewayB,14,ESP32->RPi,decrypt,106,221,115,3.369,7,esp32_edge_simulator_1,2,scan_A
14:36:04.994,629.7,gateway,gateway_B,gatewayB,14,ESP32->RPi,decrypt,120,237,117,4.307,7,esp32_edge_normal_2,0,normal
14:36:05.962,630.6,gateway,gateway_B,gatewayB,14,RPi->PC,encrypt,3654,4954,1300,36.325,7,,,
14:36:06.013,630.7,gateway,gateway_B,gatewayB,14,ESP32->RPi,decrypt,116,233,117,1.566,7,esp32_edge_normal_1,0,normal
14:36:06.015,630.7,gateway,gateway_B,gatewayB,14,ESP32->RPi,decrypt,122,241,119,1.545,7,esp32_edge_simulator_1,0,normal
14:36:06.251,630.9,gateway,gateway_B,gatewayB,14,PC->RPi,decrypt,3548,4814,1266,34.18,7,,,
14:36:06.293,631.0,gateway,gateway_B,gatewayB,14,RPi->ESP32,encrypt,3548,4814,1266,35.228,8,,,
14:36:18.163,642.8,gateway,gateway_B,gatewayB,14,ESP32->RPi,decrypt,115,233,118,4.237,8,esp32_edge_normal_2,0,normal
14:36:18.204,642.9,gateway,gateway_B,gatewayB,14,ESP32->RPi,decrypt,112,229,117,3.321,8,esp32_edge_simulator_1,1,mqtt_bruteforce
14:36:18.225,642.9,gateway,gateway_B,gatewayB,14,ESP32->RPi,decrypt,121,241,120,3.712,8,esp32_edge_normal_1,0,normal
14:36:23.160,647.8,gateway,gateway_B,gatewayB,14,ESP32->RPi,decrypt,117,233,116,1.339,8,esp32_edge_normal_2,0,normal
14:36:23.197,647.9,gateway,gateway_B,gatewayB,14,ESP32->RPi,decrypt,118,237,119,1.326,8,esp32_edge_simulator_1,0,normal
14:36:23.222,647.9,gateway,gateway_B,gatewayB,14,ESP32->RPi,decrypt,120,237,117,1.481,8,esp32_edge_normal_1,0,normal
14:36:28.158,652.8,gateway,gateway_B,gatewayB,14,ESP32->RPi,decrypt,115,233,118,3.926,8,esp32_edge_normal_2,0,normal
14:36:28.205,652.9,gateway,gateway_B,gatewayB,14,ESP32->RPi,decrypt,111,225,114,4.108,8,esp32_edge_simulator_1,1,mqtt_bruteforce
14:36:28.228,652.9,gateway,gateway_B,gatewayB,14,ESP32->RPi,decrypt,121,241,120,4.436,8,esp32_edge_normal_1,0,normal
14:36:33.167,657.8,gateway,gateway_B,gatewayB,14,ESP32->RPi,decrypt,116,233,117,4.281,8,esp32_edge_normal_2,0,normal
14:36:33.195,657.9,gateway,gateway_B,gatewayB,14,ESP32->RPi,decrypt,120,237,117,4.36,8,esp32_edge_simulator_1,0,normal
14:36:33.222,657.9,gateway,gateway_B,gatewayB,14,ESP32->RPi,decrypt,117,233,116,3.558,8,esp32_edge_normal_1,0,normal
14:36:38.176,662.8,gateway,gateway_B,gatewayB,14,ESP32->RPi,decrypt,116,233,117,4.046,8,esp32_edge_normal_2,0,normal
14:36:38.202,662.9,gateway,gateway_B,gatewayB,14,ESP32->RPi,decrypt,110,225,115,3.7,8,esp32_edge_simulator_1,0,normal
14:36:38.226,662.9,gateway,gateway_B,gatewayB,14,ESP32->RPi,decrypt,120,237,117,4.085,8,esp32_edge_normal_1,0,normal
14:36:43.154,667.8,gateway,gateway_B,gatewayB,14,ESP32->RPi,decrypt,115,233,118,3.875,8,esp32_edge_normal_2,0,normal
14:36:43.199,667.9,gateway,gateway_B,gatewayB,14,ESP32->RPi,decrypt,118,237,119,3.971,8,esp32_edge_simulator_1,0,normal
14:36:43.225,667.9,gateway,gateway_B,gatewayB,14,ESP32->RPi,decrypt,114,229,115,3.956,8,esp32_edge_normal_1,0,normal
14:36:48.150,672.8,gateway,gateway_B,gatewayB,14,ESP32->RPi,decrypt,116,233,117,4.025,8,esp32_edge_normal_2,0,normal
14:36:48.279,673.0,gateway,gateway_B,gatewayB,14,ESP32->RPi,decrypt,101,213,112,2.367,8,esp32_edge_simulator_1,2,scan_A
14:36:48.282,673.0,gateway,gateway_B,gatewayB,14,ESP32->RPi,decrypt,120,237,117,2.616,8,esp32_edge_normal_1,0,normal
14:36:53.159,677.8,gateway,gateway_B,gatewayB,14,ESP32->RPi,decrypt,119,237,118,1.377,8,esp32_edge_normal_2,0,normal
14:36:53.193,677.9,gateway,gateway_B,gatewayB,14,ESP32->RPi,decrypt,117,233,116,1.391,8,esp32_edge_simulator_1,0,normal
14:36:53.221,677.9,gateway,gateway_B,gatewayB,14,ESP32->RPi,decrypt,113,229,116,1.303,8,esp32_edge_normal_1,0,normal
14:36:58.152,682.8,gateway,gateway_B,gatewayB,14,ESP32->RPi,decrypt,120,237,117,4.178,8,esp32_edge_normal_2,0,normal
14:36:58.207,682.9,gateway,gateway_B,gatewayB,14,ESP32->RPi,decrypt,108,221,113,4.093,8,esp32_edge_simulator_1,1,mqtt_bruteforce
14:36:58.225,682.9,gateway,gateway_B,gatewayB,14,ESP32->RPi,decrypt,114,229,115,4.234,8,esp32_edge_normal_1,0,normal
14:37:03.163,687.8,gateway,gateway_B,gatewayB,14,ESP32->RPi,decrypt,121,241,120,4.355,8,esp32_edge_normal_2,0,normal
14:37:04.153,688.8,gateway,gateway_B,gatewayB,14,RPi->PC,encrypt,3648,4946,1298,36.889,8,,,
14:37:04.237,688.9,gateway,gateway_B,gatewayB,14,ESP32->RPi,decrypt,81,185,104,1.109,8,esp32_edge_simulator_1,2,scan_A
14:37:04.239,688.9,gateway,gateway_B,gatewayB,14,ESP32->RPi,decrypt,117,233,116,1.315,8,esp32_edge_normal_1,0,normal
14:37:04.580,689.3,gateway,gateway_B,gatewayB,14,PC->RPi,decrypt,3520,4778,1258,35.302,8,,,
14:37:04.618,689.3,gateway,gateway_B,gatewayB,14,RPi->ESP32,encrypt,3520,4778,1258,31.23,9,,,
14:37:16.526,701.2,gateway,gateway_B,gatewayB,14,ESP32->RPi,decrypt,114,229,115,3.951,9,esp32_edge_normal_2,0,normal
14:37:16.561,701.2,gateway,gateway_B,gatewayB,14,ESP32->RPi,decrypt,117,233,116,3.569,9,esp32_edge_normal_1,0,normal
14:37:16.584,701.3,gateway,gateway_B,gatewayB,14,ESP32->RPi,decrypt,112,229,117,3.786,9,esp32_edge_simulator_1,1,mqtt_bruteforce
14:37:21.528,706.2,gateway,gateway_B,gatewayB,14,ESP32->RPi,decrypt,117,233,116,1.509,9,esp32_edge_normal_2,0,normal
14:37:21.553,706.2,gateway,gateway_B,gatewayB,14,ESP32->RPi,decrypt,116,233,117,1.705,9,esp32_edge_normal_1,0,normal
14:37:21.574,706.2,gateway,gateway_B,gatewayB,14,ESP32->RPi,decrypt,122,241,119,1.608,9,esp32_edge_simulator_1,0,normal
14:37:26.521,711.2,gateway,gateway_B,gatewayB,14,ESP32->RPi,decrypt,121,241,120,4.402,9,esp32_edge_normal_2,0,normal
14:37:26.560,711.2,gateway,gateway_B,gatewayB,14,ESP32->RPi,decrypt,119,237,118,4.109,9,esp32_edge_normal_1,0,normal
14:37:26.585,711.3,gateway,gateway_B,gatewayB,14,ESP32->RPi,decrypt,81,185,104,3.819,9,esp32_edge_simulator_1,2,scan_A
14:37:31.534,716.2,gateway,gateway_B,gatewayB,14,ESP32->RPi,decrypt,117,233,116,4.096,9,esp32_edge_normal_2,0,normal
14:37:31.557,716.2,gateway,gateway_B,gatewayB,14,ESP32->RPi,decrypt,121,241,120,3.716,9,esp32_edge_normal_1,0,normal
14:37:31.584,716.3,gateway,gateway_B,gatewayB,14,ESP32->RPi,decrypt,95,205,110,3.077,9,esp32_edge_simulator_1,2,scan_A
14:37:36.518,721.2,gateway,gateway_B,gatewayB,14,ESP32->RPi,decrypt,118,237,119,4.204,9,esp32_edge_normal_2,0,normal
14:37:36.555,721.2,gateway,gateway_B,gatewayB,14,ESP32->RPi,decrypt,113,229,116,4.217,9,esp32_edge_normal_1,0,normal
14:37:36.586,721.3,gateway,gateway_B,gatewayB,14,ESP32->RPi,decrypt,81,185,104,3.586,9,esp32_edge_simulator_1,2,scan_A
14:37:41.521,726.2,gateway,gateway_B,gatewayB,14,ESP32->RPi,decrypt,117,233,116,4.337,9,esp32_edge_normal_2,0,normal
14:37:41.557,726.2,gateway,gateway_B,gatewayB,14,ESP32->RPi,decrypt,120,237,117,4.428,9,esp32_edge_normal_1,0,normal
14:37:41.593,726.3,gateway,gateway_B,gatewayB,14,ESP32->RPi,decrypt,112,229,117,4.373,9,esp32_edge_simulator_1,1,mqtt_bruteforce
14:37:46.514,731.2,gateway,gateway_B,gatewayB,14,ESP32->RPi,decrypt,121,241,120,4.372,9,esp32_edge_normal_2,0,normal
14:37:46.605,731.3,gateway,gateway_B,gatewayB,14,ESP32->RPi,decrypt,120,237,117,3.426,9,esp32_edge_normal_1,0,normal
14:37:46.609,731.3,gateway,gateway_B,gatewayB,14,ESP32->RPi,decrypt,112,229,117,2.85,9,esp32_edge_simulator_1,1,mqtt_bruteforce
14:37:51.507,736.2,gateway,gateway_B,gatewayB,14,ESP32->RPi,decrypt,108,221,113,1.28,9,esp32_edge_normal_2,0,normal
14:37:51.557,736.2,gateway,gateway_B,gatewayB,14,ESP32->RPi,decrypt,117,233,116,1.418,9,esp32_edge_normal_1,0,normal
14:37:51.575,736.2,gateway,gateway_B,gatewayB,14,ESP32->RPi,decrypt,121,241,120,1.542,9,esp32_edge_simulator_1,0,normal
14:37:56.512,741.2,gateway,gateway_B,gatewayB,14,ESP32->RPi,decrypt,119,237,118,4.241,9,esp32_edge_normal_2,0,normal
14:37:56.551,741.2,gateway,gateway_B,gatewayB,14,ESP32->RPi,decrypt,116,233,117,4.314,9,esp32_edge_normal_1,0,normal
14:37:56.587,741.3,gateway,gateway_B,gatewayB,14,ESP32->RPi,decrypt,117,233,116,2.309,9,esp32_edge_simulator_1,0,normal
14:38:01.513,746.2,gateway,gateway_B,gatewayB,14,ESP32->RPi,decrypt,120,237,117,4.09,9,esp32_edge_normal_2,0,normal
14:38:02.637,747.3,gateway,gateway_B,gatewayB,14,RPi->PC,encrypt,3650,4950,1300,36.517,9,,,
14:38:02.746,747.4,gateway,gateway_B,gatewayB,14,ESP32->RPi,decrypt,118,237,119,1.506,9,esp32_edge_normal_1,0,normal
14:38:02.748,747.4,gateway,gateway_B,gatewayB,14,ESP32->RPi,decrypt,107,221,114,1.326,9,esp32_edge_simulator_1,2,scan_A
14:38:03.275,747.9,gateway,gateway_B,gatewayB,14,PC->RPi,decrypt,3548,4814,1266,33.612,9,,,
14:38:03.315,748.0,gateway,gateway_B,gatewayB,14,RPi->ESP32,encrypt,3548,4814,1266,33.839,10,,,
14:38:15.196,759.9,gateway,gateway_B,gatewayB,14,ESP32->RPi,decrypt,121,241,120,4.652,10,esp32_edge_normal_2,0,normal
14:38:15.236,759.9,gateway,gateway_B,gatewayB,14,ESP32->RPi,decrypt,124,245,121,4.764,10,esp32_edge_simulator_1,0,normal
14:38:15.250,759.9,gateway,gateway_B,gatewayB,14,ESP32->RPi,decrypt,117,233,116,3.99,10,esp32_edge_normal_1,0,normal
14:38:20.208,764.9,gateway,gateway_B,gatewayB,14,ESP32->RPi,decrypt,114,229,115,1.373,10,esp32_edge_normal_2,0,normal
14:38:20.229,764.9,gateway,gateway_B,gatewayB,14,ESP32->RPi,decrypt,117,233,116,1.444,10,esp32_edge_normal_1,0,normal
14:38:20.241,764.9,gateway,gateway_B,gatewayB,14,ESP32->RPi,decrypt,107,221,114,1.4,10,esp32_edge_simulator_1,1,mqtt_bruteforce
14:38:25.197,769.9,gateway,gateway_B,gatewayB,14,ESP32->RPi,decrypt,114,229,115,4.243,10,esp32_edge_normal_2,0,normal
14:38:25.240,769.9,gateway,gateway_B,gatewayB,14,ESP32->RPi,decrypt,120,237,117,5.011,10,esp32_edge_normal_1,0,normal
14:38:25.245,769.9,gateway,gateway_B,gatewayB,14,ESP32->RPi,decrypt,108,221,113,3.8,10,esp32_edge_simulator_1,2,scan_A
14:38:30.199,774.9,gateway,gateway_B,gatewayB,14,ESP32->RPi,decrypt,121,241,120,4.445,10,esp32_edge_normal_2,0,normal
14:38:30.236,774.9,gateway,gateway_B,gatewayB,14,ESP32->RPi,decrypt,124,245,121,4.867,10,esp32_edge_simulator_1,0,normal
14:38:30.243,774.9,gateway,gateway_B,gatewayB,14,ESP32->RPi,decrypt,113,229,116,4.526,10,esp32_edge_normal_1,0,normal
14:38:35.197,779.9,gateway,gateway_B,gatewayB,14,ESP32->RPi,decrypt,120,237,117,4.613,10,esp32_edge_normal_2,0,normal
14:38:35.232,779.9,gateway,gateway_B,gatewayB,14,ESP32->RPi,decrypt,115,233,118,4.152,10,esp32_edge_normal_1,0,normal
14:38:35.241,779.9,gateway,gateway_B,gatewayB,14,ESP32->RPi,decrypt,81,185,104,3.057,10,esp32_edge_simulator_1,2,scan_A
14:38:40.201,784.9,gateway,gateway_B,gatewayB,14,ESP32->RPi,decrypt,119,237,118,3.999,10,esp32_edge_normal_2,0,normal
14:38:40.251,784.9,gateway,gateway_B,gatewayB,14,ESP32->RPi,decrypt,120,237,117,4.15,10,esp32_edge_normal_1,0,normal
14:38:40.255,784.9,gateway,gateway_B,gatewayB,14,ESP32->RPi,decrypt,109,225,116,3.07,10,esp32_edge_simulator_1,1,mqtt_bruteforce
14:38:45.228,789.9,gateway,gateway_B,gatewayB,14,ESP32->RPi,decrypt,117,233,116,4.193,10,esp32_edge_normal_2,0,normal
14:38:45.233,789.9,gateway,gateway_B,gatewayB,14,ESP32->RPi,decrypt,120,237,117,4.251,10,esp32_edge_simulator_1,0,normal
14:38:45.238,789.9,gateway,gateway_B,gatewayB,14,ESP32->RPi,decrypt,117,233,116,4.113,10,esp32_edge_normal_1,0,normal
14:38:50.195,794.9,gateway,gateway_B,gatewayB,14,ESP32->RPi,decrypt,117,233,116,2.874,10,esp32_edge_normal_2,0,normal
14:38:50.230,794.9,gateway,gateway_B,gatewayB,14,ESP32->RPi,decrypt,119,237,118,2.904,10,esp32_edge_simulator_1,0,normal
14:38:50.234,794.9,gateway,gateway_B,gatewayB,14,ESP32->RPi,decrypt,114,229,115,3.115,10,esp32_edge_normal_1,0,normal
14:38:55.183,799.9,gateway,gateway_B,gatewayB,14,ESP32->RPi,decrypt,114,229,115,1.444,10,esp32_edge_normal_2,0,normal
14:38:55.228,799.9,gateway,gateway_B,gatewayB,14,ESP32->RPi,decrypt,119,237,118,1.437,10,esp32_edge_normal_1,0,normal
14:38:55.235,799.9,gateway,gateway_B,gatewayB,14,ESP32->RPi,decrypt,104,217,113,1.353,10,esp32_edge_simulator_1,2,scan_A
14:39:00.196,804.9,gateway,gateway_B,gatewayB,14,ESP32->RPi,decrypt,115,233,118,3.946,10,esp32_edge_normal_2,0,normal
14:39:01.157,805.8,gateway,gateway_B,gatewayB,14,RPi->PC,encrypt,3648,4946,1298,37.733,10,,,
14:39:01.223,805.9,gateway,gateway_B,gatewayB,14,ESP32->RPi,decrypt,117,233,116,1.53,10,esp32_edge_simulator_1,0,normal
14:39:01.225,805.9,gateway,gateway_B,gatewayB,14,ESP32->RPi,decrypt,113,229,116,1.363,10,esp32_edge_normal_1,0,normal
14:39:01.995,806.7,gateway,gateway_B,gatewayB,14,PC->RPi,decrypt,3547,4814,1267,36.02,10,,,
14:39:02.037,806.7,gateway,gateway_B,gatewayB,14,RPi->ESP32,encrypt,3547,4814,1267,35.236,11,,,
14:39:13.890,818.6,gateway,gateway_B,gatewayB,14,ESP32->RPi,decrypt,121,241,120,4.535,11,esp32_edge_normal_2,0,normal
14:39:13.920,818.6,gateway,gateway_B,gatewayB,14,ESP32->RPi,decrypt,117,233,116,3.686,11,esp32_edge_normal_1,0,normal
14:39:13.938,818.6,gateway,gateway_B,gatewayB,14,ESP32->RPi,decrypt,116,233,117,3.487,11,esp32_edge_simulator_1,0,normal
14:39:18.891,823.6,gateway,gateway_B,gatewayB,14,ESP32->RPi,decrypt,116,233,117,1.312,11,esp32_edge_normal_2,0,normal
14:39:18.908,823.6,gateway,gateway_B,gatewayB,14,ESP32->RPi,decrypt,121,241,120,1.431,11,esp32_edge_normal_1,0,normal
14:39:18.938,823.6,gateway,gateway_B,gatewayB,14,ESP32->RPi,decrypt,107,221,114,1.639,11,esp32_edge_simulator_1,2,scan_A
14:39:23.874,828.5,gateway,gateway_B,gatewayB,14,ESP32->RPi,decrypt,121,241,120,1.576,11,esp32_edge_normal_2,0,normal
14:39:23.904,828.6,gateway,gateway_B,gatewayB,14,ESP32->RPi,decrypt,116,233,117,1.446,11,esp32_edge_normal_1,0,normal
14:39:23.939,828.6,gateway,gateway_B,gatewayB,14,ESP32->RPi,decrypt,111,225,114,1.423,11,esp32_edge_simulator_1,1,mqtt_bruteforce
14:39:28.877,833.5,gateway,gateway_B,gatewayB,14,ESP32->RPi,decrypt,118,237,119,4.166,11,esp32_edge_normal_2,0,normal
14:39:28.907,833.6,gateway,gateway_B,gatewayB,14,ESP32->RPi,decrypt,120,237,117,3.833,11,esp32_edge_normal_1,0,normal
14:39:28.941,833.6,gateway,gateway_B,gatewayB,14,ESP32->RPi,decrypt,111,225,114,2.837,11,esp32_edge_simulator_1,1,mqtt_bruteforce
14:39:33.873,838.5,gateway,gateway_B,gatewayB,14,ESP32->RPi,decrypt,119,237,118,1.488,11,esp32_edge_normal_2,0,normal
14:39:33.909,838.6,gateway,gateway_B,gatewayB,14,ESP32->RPi,decrypt,107,221,114,1.447,11,esp32_edge_normal_1,0,normal
14:39:33.940,838.6,gateway,gateway_B,gatewayB,14,ESP32->RPi,decrypt,106,221,115,1.452,11,esp32_edge_simulator_1,2,scan_A
14:39:38.888,843.6,gateway,gateway_B,gatewayB,14,ESP32->RPi,decrypt,121,241,120,4.441,11,esp32_edge_normal_2,0,normal
14:39:38.910,843.6,gateway,gateway_B,gatewayB,14,ESP32->RPi,decrypt,114,229,115,4.169,11,esp32_edge_normal_1,0,normal
14:39:38.931,843.6,gateway,gateway_B,gatewayB,14,ESP32->RPi,decrypt,123,241,118,4.268,11,esp32_edge_simulator_1,0,normal
14:39:43.864,848.5,gateway,gateway_B,gatewayB,14,ESP32->RPi,decrypt,118,237,119,3.985,11,esp32_edge_normal_2,0,normal
14:39:43.904,848.6,gateway,gateway_B,gatewayB,14,ESP32->RPi,decrypt,121,241,120,4.749,11,esp32_edge_normal_1,0,normal
14:39:43.931,848.6,gateway,gateway_B,gatewayB,14,ESP32->RPi,decrypt,120,237,117,4.608,11,esp32_edge_simulator_1,0,normal
14:39:48.978,853.7,gateway,gateway_B,gatewayB,14,ESP32->RPi,decrypt,117,233,116,4.946,11,esp32_edge_normal_2,0,normal
14:39:48.983,853.7,gateway,gateway_B,gatewayB,14,ESP32->RPi,decrypt,120,237,117,4.2,11,esp32_edge_normal_1,0,normal
14:39:48.988,853.7,gateway,gateway_B,gatewayB,14,ESP32->RPi,decrypt,105,217,112,3.666,11,esp32_edge_simulator_1,2,scan_A
14:39:53.858,858.5,gateway,gateway_B,gatewayB,14,ESP32->RPi,decrypt,113,229,116,1.344,11,esp32_edge_normal_2,0,normal
14:39:53.902,858.6,gateway,gateway_B,gatewayB,14,ESP32->RPi,decrypt,116,233,117,1.431,11,esp32_edge_normal_1,0,normal
14:39:53.934,858.6,gateway,gateway_B,gatewayB,14,ESP32->RPi,decrypt,108,221,113,1.37,11,esp32_edge_simulator_1,1,mqtt_bruteforce
14:39:58.876,863.5,gateway,gateway_B,gatewayB,14,ESP32->RPi,decrypt,115,233,118,4.051,11,esp32_edge_normal_2,0,normal
14:40:00.016,864.7,gateway,gateway_B,gatewayB,14,RPi->PC,encrypt,3651,4950,1299,32.41,11,,,
14:40:00.092,864.8,gateway,gateway_B,gatewayB,14,ESP32->RPi,decrypt,115,233,118,1.335,11,esp32_edge_normal_1,0,normal
14:40:00.094,864.8,gateway,gateway_B,gatewayB,14,ESP32->RPi,decrypt,120,237,117,1.412,11,esp32_edge_simulator_1,0,normal
14:40:00.373,865.0,gateway,gateway_B,gatewayB,14,PC->RPi,decrypt,3525,4782,1257,31.224,11,,,
14:40:00.414,865.1,gateway,gateway_B,gatewayB,14,RPi->ESP32,encrypt,3525,4782,1257,33.654,12,,,
14:40:12.256,876.9,gateway,gateway_B,gatewayB,14,ESP32->RPi,decrypt,117,233,116,4.342,12,esp32_edge_normal_2,0,normal
14:40:12.279,877.0,gateway,gateway_B,gatewayB,14,ESP32->RPi,decrypt,120,237,117,4.184,12,esp32_edge_normal_1,0,normal
14:40:12.789,877.5,gateway,gateway_B,gatewayB,14,ESP32->RPi,decrypt,108,221,113,3.737,12,esp32_edge_simulator_1,2,scan_A
14:40:17.249,881.9,gateway,gateway_B,gatewayB,14,ESP32->RPi,decrypt,114,229,115,3.969,12,esp32_edge_normal_2,0,normal
14:40:17.279,882.0,gateway,gateway_B,gatewayB,14,ESP32->RPi,decrypt,120,237,117,4.16,12,esp32_edge_normal_1,0,normal
14:40:17.787,882.5,gateway,gateway_B,gatewayB,14,ESP32->RPi,decrypt,112,229,117,3.882,12,esp32_edge_simulator_1,1,mqtt_bruteforce
14:40:22.241,886.9,gateway,gateway_B,gatewayB,14,ESP32->RPi,decrypt,113,229,116,1.304,12,esp32_edge_normal_2,0,normal
14:40:22.276,886.9,gateway,gateway_B,gatewayB,14,ESP32->RPi,decrypt,113,229,116,1.383,12,esp32_edge_normal_1,0,normal
14:40:22.785,887.5,gateway,gateway_B,gatewayB,14,ESP32->RPi,decrypt,106,221,115,1.286,12,esp32_edge_simulator_1,2,scan_A
14:40:27.239,891.9,gateway,gateway_B,gatewayB,14,ESP32->RPi,decrypt,107,221,114,3.968,12,esp32_edge_normal_2,0,normal
14:40:27.279,892.0,gateway,gateway_B,gatewayB,14,ESP32->RPi,decrypt,119,237,118,3.697,12,esp32_edge_normal_1,0,normal
14:40:27.788,892.5,gateway,gateway_B,gatewayB,14,ESP32->RPi,decrypt,112,229,117,4.163,12,esp32_edge_simulator_1,1,mqtt_bruteforce
14:40:32.238,896.9,gateway,gateway_B,gatewayB,14,ESP32->RPi,decrypt,120,237,117,4.18,12,esp32_edge_normal_2,0,normal
14:40:32.281,897.0,gateway,gateway_B,gatewayB,14,ESP32->RPi,decrypt,119,237,118,4.173,12,esp32_edge_normal_1,0,normal
14:40:32.787,897.5,gateway,gateway_B,gatewayB,14,ESP32->RPi,decrypt,104,217,113,3.674,12,esp32_edge_simulator_1,2,scan_A
14:40:37.238,901.9,gateway,gateway_B,gatewayB,14,ESP32->RPi,decrypt,116,233,117,3.858,12,esp32_edge_normal_2,0,normal
14:40:37.279,902.0,gateway,gateway_B,gatewayB,14,ESP32->RPi,decrypt,121,241,120,4.5,12,esp32_edge_normal_1,0,normal
14:40:37.787,902.5,gateway,gateway_B,gatewayB,14,ESP32->RPi,decrypt,108,221,113,3.641,12,esp32_edge_simulator_1,2,scan_A
14:40:42.247,906.9,gateway,gateway_B,gatewayB,14,ESP32->RPi,decrypt,119,237,118,4.115,12,esp32_edge_normal_2,0,normal
14:40:42.280,907.0,gateway,gateway_B,gatewayB,14,ESP32->RPi,decrypt,117,233,116,4.126,12,esp32_edge_normal_1,0,normal
14:40:42.785,907.5,gateway,gateway_B,gatewayB,14,ESP32->RPi,decrypt,119,237,118,4.36,12,esp32_edge_simulator_1,0,normal
14:40:47.283,912.0,gateway,gateway_B,gatewayB,14,ESP32->RPi,decrypt,119,237,118,4.63,12,esp32_edge_normal_2,0,normal
14:40:47.288,912.0,gateway,gateway_B,gatewayB,14,ESP32->RPi,decrypt,121,241,120,4.168,12,esp32_edge_normal_1,0,normal
14:40:47.789,912.5,gateway,gateway_B,gatewayB,14,ESP32->RPi,decrypt,119,237,118,3.946,12,esp32_edge_simulator_1,0,normal
14:40:52.225,916.9,gateway,gateway_B,gatewayB,14,ESP32->RPi,decrypt,115,233,118,1.3,12,esp32_edge_normal_2,0,normal
14:40:52.268,916.9,gateway,gateway_B,gatewayB,14,ESP32->RPi,decrypt,115,233,118,1.331,12,esp32_edge_normal_1,0,normal
14:40:52.795,917.5,gateway,gateway_B,gatewayB,14,ESP32->RPi,decrypt,108,221,113,1.218,12,esp32_edge_simulator_1,2,scan_A
14:40:57.246,921.9,gateway,gateway_B,gatewayB,14,ESP32->RPi,decrypt,116,233,117,4.011,12,esp32_edge_normal_2,0,normal
14:40:58.208,922.9,gateway,gateway_B,gatewayB,14,RPi->PC,encrypt,3646,4946,1300,33.081,12,,,
14:40:58.366,923.0,gateway,gateway_B,gatewayB,14,ESP32->RPi,decrypt,114,229,115,1.407,12,esp32_edge_normal_1,0,normal
14:40:58.368,923.0,gateway,gateway_B,gatewayB,14,ESP32->RPi,decrypt,109,225,116,1.267,12,esp32_edge_simulator_1,1,mqtt_bruteforce
14:40:59.355,924.0,gateway,gateway_B,gatewayB,14,PC->RPi,decrypt,3528,4786,1258,32.12,12,,,
14:40:59.396,924.1,gateway,gateway_B,gatewayB,14,RPi->ESP32,encrypt,3528,4786,1258,34.791,13,,,
14:41:11.215,935.9,gateway,gateway_B,gatewayB,14,ESP32->RPi,decrypt,116,233,117,4.124,13,esp32_edge_normal_2,0,normal
14:41:11.261,935.9,gateway,gateway_B,gatewayB,14,ESP32->RPi,decrypt,119,237,118,3.449,13,esp32_edge_normal_1,0,normal
14:41:11.290,936.0,gateway,gateway_B,gatewayB,14,ESP32->RPi,decrypt,112,229,117,3.598,13,esp32_edge_simulator_1,1,mqtt_bruteforce
14:41:16.242,940.9,gateway,gateway_B,gatewayB,14,ESP32->RPi,decrypt,114,229,115,1.365,13,esp32_edge_normal_2,0,normal
14:41:16.258,940.9,gateway,gateway_B,gatewayB,14,ESP32->RPi,decrypt,115,233,118,1.305,13,esp32_edge_normal_1,0,normal
14:41:16.279,941.0,gateway,gateway_B,gatewayB,14,ESP32->RPi,decrypt,123,241,118,1.518,13,esp32_edge_simulator_1,0,normal
14:41:21.210,945.9,gateway,gateway_B,gatewayB,14,ESP32->RPi,decrypt,115,233,118,1.458,13,esp32_edge_normal_2,0,normal
14:41:21.263,945.9,gateway,gateway_B,gatewayB,14,ESP32->RPi,decrypt,121,241,120,1.54,13,esp32_edge_normal_1,0,normal
14:41:21.286,946.0,gateway,gateway_B,gatewayB,14,ESP32->RPi,decrypt,106,221,115,1.359,13,esp32_edge_simulator_1,2,scan_A
14:41:26.215,950.9,gateway,gateway_B,gatewayB,14,ESP32->RPi,decrypt,119,237,118,3.705,13,esp32_edge_normal_2,0,normal
14:41:26.258,950.9,gateway,gateway_B,gatewayB,14,ESP32->RPi,decrypt,115,233,118,3.869,13,esp32_edge_normal_1,0,normal
14:41:26.280,951.0,gateway,gateway_B,gatewayB,14,ESP32->RPi,decrypt,124,245,121,3.876,13,esp32_edge_simulator_1,0,normal
14:41:31.211,955.9,gateway,gateway_B,gatewayB,14,ESP32->RPi,decrypt,120,237,117,4.477,13,esp32_edge_normal_2,0,normal
14:41:31.262,955.9,gateway,gateway_B,gatewayB,14,ESP32->RPi,decrypt,113,229,116,4.518,13,esp32_edge_normal_1,0,normal
14:41:31.288,956.0,gateway,gateway_B,gatewayB,14,ESP32->RPi,decrypt,113,229,116,2.43,13,esp32_edge_simulator_1,1,mqtt_bruteforce
14:41:36.209,960.9,gateway,gateway_B,gatewayB,14,ESP32->RPi,decrypt,115,233,118,3.991,13,esp32_edge_normal_2,0,normal
14:41:36.261,960.9,gateway,gateway_B,gatewayB,14,ESP32->RPi,decrypt,119,237,118,4.632,13,esp32_edge_normal_1,0,normal
14:41:36.288,961.0,gateway,gateway_B,gatewayB,14,ESP32->RPi,decrypt,81,185,104,3.087,13,esp32_edge_simulator_1,2,scan_A
14:41:41.206,965.9,gateway,gateway_B,gatewayB,14,ESP32->RPi,decrypt,113,229,116,1.34,13,esp32_edge_normal_2,0,normal
14:41:41.258,965.9,gateway,gateway_B,gatewayB,14,ESP32->RPi,decrypt,121,241,120,1.414,13,esp32_edge_normal_1,0,normal
14:41:41.285,966.0,gateway,gateway_B,gatewayB,14,ESP32->RPi,decrypt,81,185,104,1.035,13,esp32_edge_simulator_1,2,scan_A
14:41:46.212,970.9,gateway,gateway_B,gatewayB,14,ESP32->RPi,decrypt,118,237,119,3.365,13,esp32_edge_normal_2,0,normal
14:41:46.340,971.0,gateway,gateway_B,gatewayB,14,ESP32->RPi,decrypt,119,237,118,2.101,13,esp32_edge_normal_1,0,normal
14:41:46.343,971.0,gateway,gateway_B,gatewayB,14,ESP32->RPi,decrypt,81,185,104,1.707,13,esp32_edge_simulator_1,2,scan_A
14:41:51.205,975.9,gateway,gateway_B,gatewayB,14,ESP32->RPi,decrypt,115,233,118,1.416,13,esp32_edge_normal_2,0,normal
14:41:51.253,975.9,gateway,gateway_B,gatewayB,14,ESP32->RPi,decrypt,117,233,116,1.396,13,esp32_edge_normal_1,0,normal
14:41:51.277,975.9,gateway,gateway_B,gatewayB,14,ESP32->RPi,decrypt,124,245,121,1.631,13,esp32_edge_simulator_1,0,normal
14:41:56.206,980.9,gateway,gateway_B,gatewayB,14,ESP32->RPi,decrypt,120,237,117,4.32,13,esp32_edge_normal_2,0,normal
14:41:57.155,981.8,gateway,gateway_B,gatewayB,14,RPi->PC,encrypt,3652,4954,1302,36.263,13,,,
14:41:57.247,981.9,gateway,gateway_B,gatewayB,14,ESP32->RPi,decrypt,118,237,119,1.529,13,esp32_edge_normal_1,0,normal
14:41:57.249,981.9,gateway,gateway_B,gatewayB,14,ESP32->RPi,decrypt,120,237,117,1.598,13,esp32_edge_simulator_1,0,normal
14:41:57.620,982.3,gateway,gateway_B,gatewayB,14,PC->RPi,decrypt,3546,4810,1264,37.208,13,,,
14:41:57.665,982.3,gateway,gateway_B,gatewayB,14,RPi->ESP32,encrypt,3546,4810,1264,37.721,14,,,
14:42:09.496,994.2,gateway,gateway_B,gatewayB,14,ESP32->RPi,decrypt,117,233,116,4.423,14,esp32_edge_normal_2,0,normal
14:42:09.530,994.2,gateway,gateway_B,gatewayB,14,ESP32->RPi,decrypt,116,233,117,4.353,14,esp32_edge_normal_1,0,normal
14:42:09.557,994.2,gateway,gateway_B,gatewayB,14,ESP32->RPi,decrypt,106,221,115,4.068,14,esp32_edge_simulator_1,1,mqtt_bruteforce
14:42:14.506,999.2,gateway,gateway_B,gatewayB,14,ESP32->RPi,decrypt,116,233,117,4.037,14,esp32_edge_normal_2,0,normal
14:42:14.531,999.2,gateway,gateway_B,gatewayB,14,ESP32->RPi,decrypt,117,233,116,4.027,14,esp32_edge_normal_1,0,normal
14:42:14.563,999.2,gateway,gateway_B,gatewayB,14,ESP32->RPi,decrypt,81,185,104,3.191,14,esp32_edge_simulator_1,2,scan_A
14:42:19.504,1004.2,gateway,gateway_B,gatewayB,14,ESP32->RPi,decrypt,107,221,114,3.978,14,esp32_edge_normal_2,0,normal
14:42:19.535,1004.2,gateway,gateway_B,gatewayB,14,ESP32->RPi,decrypt,115,233,118,4.481,14,esp32_edge_normal_1,0,normal
14:42:19.557,1004.2,gateway,gateway_B,gatewayB,14,ESP32->RPi,decrypt,104,217,113,3.917,14,esp32_edge_simulator_1,1,mqtt_bruteforce
14:42:24.489,1009.2,gateway,gateway_B,gatewayB,14,ESP32->RPi,decrypt,119,237,118,4.149,14,esp32_edge_normal_2,0,normal
14:42:24.523,1009.2,gateway,gateway_B,gatewayB,14,ESP32->RPi,decrypt,116,233,117,3.527,14,esp32_edge_normal_1,0,normal
14:42:24.555,1009.2,gateway,gateway_B,gatewayB,14,ESP32->RPi,decrypt,81,185,104,2.737,14,esp32_edge_simulator_1,2,scan_A
14:42:29.487,1014.2,gateway,gateway_B,gatewayB,14,ESP32->RPi,decrypt,119,237,118,1.38,14,esp32_edge_normal_2,0,normal
14:42:29.517,1014.2,gateway,gateway_B,gatewayB,14,ESP32->RPi,decrypt,121,241,120,1.488,14,esp32_edge_normal_1,0,normal
14:42:29.547,1014.2,gateway,gateway_B,gatewayB,14,ESP32->RPi,decrypt,118,237,119,1.538,14,esp32_edge_simulator_1,0,normal
14:42:34.482,1019.2,gateway,gateway_B,gatewayB,14,ESP32->RPi,decrypt,118,237,119,4.164,14,esp32_edge_normal_2,0,normal
14:42:34.522,1019.2,gateway,gateway_B,gatewayB,14,ESP32->RPi,decrypt,119,237,118,4.476,14,esp32_edge_normal_1,0,normal
14:42:34.559,1019.2,gateway,gateway_B,gatewayB,14,ESP32->RPi,decrypt,105,217,112,4.175,14,esp32_edge_simulator_1,2,scan_A
14:42:39.480,1024.2,gateway,gateway_B,gatewayB,14,ESP32->RPi,decrypt,115,233,118,3.282,14,esp32_edge_normal_2,0,normal
14:42:39.524,1024.2,gateway,gateway_B,gatewayB,14,ESP32->RPi,decrypt,115,233,118,3.028,14,esp32_edge_normal_1,0,normal
14:42:39.547,1024.2,gateway,gateway_B,gatewayB,14,ESP32->RPi,decrypt,124,245,121,3.067,14,esp32_edge_simulator_1,0,normal
14:42:44.489,1029.2,gateway,gateway_B,gatewayB,14,ESP32->RPi,decrypt,115,233,118,4.259,14,esp32_edge_normal_2,0,normal
14:42:44.522,1029.2,gateway,gateway_B,gatewayB,14,ESP32->RPi,decrypt,117,233,116,4.08,14,esp32_edge_normal_1,0,normal
14:42:44.560,1029.2,gateway,gateway_B,gatewayB,14,ESP32->RPi,decrypt,112,229,117,3.29,14,esp32_edge_simulator_1,1,mqtt_bruteforce
14:42:49.513,1034.2,gateway,gateway_B,gatewayB,14,ESP32->RPi,decrypt,121,241,120,4.185,14,esp32_edge_normal_2,0,normal
14:42:49.522,1034.2,gateway,gateway_B,gatewayB,14,ESP32->RPi,decrypt,120,237,117,4.087,14,esp32_edge_normal_1,0,normal
14:42:49.559,1034.2,gateway,gateway_B,gatewayB,14,ESP32->RPi,decrypt,81,185,104,3.193,14,esp32_edge_simulator_1,2,scan_A
14:42:54.475,1039.1,gateway,gateway_B,gatewayB,14,ESP32->RPi,decrypt,121,241,120,1.523,14,esp32_edge_normal_2,0,normal
14:42:55.491,1040.2,gateway,gateway_B,gatewayB,14,RPi->PC,encrypt,3646,4946,1300,33.647,14,,,
14:43:00.511,1045.2,gateway,gateway_B,gatewayB,14,ESP32->RPi,decrypt,115,233,118,4.048,14,esp32_edge_normal_1,0,normal
14:43:00.517,1045.2,gateway,gateway_B,gatewayB,14,ESP32->RPi,decrypt,107,221,114,4.393,14,esp32_edge_simulator_1,2,scan_A
14:43:00.522,1045.2,gateway,gateway_B,gatewayB,14,ESP32->RPi,decrypt,119,237,118,4.119,14,esp32_edge_normal_2,0,normal
14:43:00.527,1045.2,gateway,gateway_B,gatewayB,14,ESP32->RPi,decrypt,113,229,116,4.074,14,esp32_edge_normal_1,0,normal
14:43:00.533,1045.2,gateway,gateway_B,gatewayB,14,ESP32->RPi,decrypt,117,233,116,4.567,14,esp32_edge_simulator_1,0,normal
14:43:04.484,1049.2,gateway,gateway_B,gatewayB,14,ESP32->RPi,decrypt,117,233,116,4.142,14,esp32_edge_normal_2,0,normal
14:43:04.526,1049.2,gateway,gateway_B,gatewayB,14,ESP32->RPi,decrypt,117,233,116,4.004,14,esp32_edge_normal_1,0,normal
14:43:04.559,1049.2,gateway,gateway_B,gatewayB,14,ESP32->RPi,decrypt,112,229,117,4.007,14,esp32_edge_simulator_1,1,mqtt_bruteforce
14:43:09.478,1054.2,gateway,gateway_B,gatewayB,14,ESP32->RPi,decrypt,115,233,118,3.898,14,esp32_edge_normal_2,0,normal
14:43:09.520,1054.2,gateway,gateway_B,gatewayB,14,ESP32->RPi,decrypt,119,237,118,4.547,14,esp32_edge_normal_1,0,normal
14:43:09.546,1054.2,gateway,gateway_B,gatewayB,14,ESP32->RPi,decrypt,119,237,118,3.152,14,esp32_edge_simulator_1,0,normal
14:43:14.478,1059.2,gateway,gateway_B,gatewayB,14,ESP32->RPi,decrypt,114,229,115,4.186,14,esp32_edge_normal_2,0,normal
14:43:14.551,1059.2,gateway,gateway_B,gatewayB,14,ESP32->RPi,decrypt,119,237,118,4.743,14,esp32_edge_normal_1,0,normal
14:43:14.557,1059.2,gateway,gateway_B,gatewayB,14,ESP32->RPi,decrypt,113,229,116,2.472,14,esp32_edge_simulator_1,1,mqtt_bruteforce
14:43:19.480,1064.2,gateway,gateway_B,gatewayB,14,ESP32->RPi,decrypt,115,233,118,4.391,14,esp32_edge_normal_2,0,normal
14:43:19.526,1064.2,gateway,gateway_B,gatewayB,14,ESP32->RPi,decrypt,119,237,118,5.093,14,esp32_edge_normal_1,0,normal
14:43:19.562,1064.2,gateway,gateway_B,gatewayB,14,ESP32->RPi,decrypt,101,213,112,3.493,14,esp32_edge_simulator_1,2,scan_A
14:43:24.477,1069.1,gateway,gateway_B,gatewayB,14,ESP32->RPi,decrypt,116,233,117,4.091,14,esp32_edge_normal_2,0,normal
14:43:24.533,1069.2,gateway,gateway_B,gatewayB,14,ESP32->RPi,decrypt,118,237,119,4.238,14,esp32_edge_normal_1,0,normal
14:43:24.556,1069.2,gateway,gateway_B,gatewayB,14,ESP32->RPi,decrypt,120,237,117,2.614,14,esp32_edge_simulator_1,0,normal
14:43:29.480,1074.2,gateway,gateway_B,gatewayB,14,ESP32->RPi,decrypt,117,233,116,4.393,14,esp32_edge_normal_2,0,normal
14:43:29.523,1074.2,gateway,gateway_B,gatewayB,14,ESP32->RPi,decrypt,119,237,118,4.753,14,esp32_edge_normal_1,0,normal
14:43:29.549,1074.2,gateway,gateway_B,gatewayB,14,ESP32->RPi,decrypt,123,241,118,4.796,14,esp32_edge_simulator_1,0,normal
14:43:34.475,1079.1,gateway,gateway_B,gatewayB,14,ESP32->RPi,decrypt,116,233,117,3.76,14,esp32_edge_normal_2,0,normal
14:43:34.522,1079.2,gateway,gateway_B,gatewayB,14,ESP32->RPi,decrypt,119,237,118,3.859,14,esp32_edge_normal_1,0,normal
14:43:34.561,1079.2,gateway,gateway_B,gatewayB,14,ESP32->RPi,decrypt,107,221,114,2.293,14,esp32_edge_simulator_1,2,scan_A
14:43:39.480,1084.2,gateway,gateway_B,gatewayB,14,ESP32->RPi,decrypt,114,229,115,4.224,14,esp32_edge_normal_2,0,normal
14:43:39.517,1084.2,gateway,gateway_B,gatewayB,14,ESP32->RPi,decrypt,117,233,116,4.413,14,esp32_edge_normal_1,0,normal
14:43:39.548,1084.2,gateway,gateway_B,gatewayB,14,ESP32->RPi,decrypt,123,241,118,4.858,14,esp32_edge_simulator_1,0,normal
14:43:44.479,1089.2,gateway,gateway_B,gatewayB,14,ESP32->RPi,decrypt,114,229,115,4.238,14,esp32_edge_normal_2,0,normal
14:43:45.469,1090.1,gateway,gateway_B,gatewayB,14,RPi->PC,encrypt,3637,4934,1297,36.752,14,,,
14:43:48.554,1093.2,gateway,gateway_B,gatewayB,14,ESP32->RPi,decrypt,116,233,117,1.477,14,esp32_edge_normal_1,0,normal
14:43:48.555,1093.2,gateway,gateway_B,gatewayB,14,ESP32->RPi,decrypt,109,225,116,1.258,14,esp32_edge_simulator_1,1,mqtt_bruteforce
14:43:49.518,1094.2,gateway,gateway_B,gatewayB,14,ESP32->RPi,decrypt,116,233,117,1.352,14,esp32_edge_normal_2,0,normal
14:43:49.522,1094.2,gateway,gateway_B,gatewayB,14,ESP32->RPi,decrypt,116,233,117,1.387,14,esp32_edge_normal_1,0,normal
14:43:49.543,1094.2,gateway,gateway_B,gatewayB,14,ESP32->RPi,decrypt,119,237,118,1.423,14,esp32_edge_simulator_1,0,normal
14:43:54.510,1099.2,gateway,gateway_B,gatewayB,14,ESP32->RPi,decrypt,119,237,118,1.457,14,esp32_edge_normal_2,0,normal
14:43:54.523,1099.2,gateway,gateway_B,gatewayB,14,ESP32->RPi,decrypt,120,237,117,1.483,14,esp32_edge_normal_1,0,normal
14:43:54.552,1099.2,gateway,gateway_B,gatewayB,14,ESP32->RPi,decrypt,112,229,117,1.392,14,esp32_edge_simulator_1,1,mqtt_bruteforce
14:43:59.479,1104.2,gateway,gateway_B,gatewayB,14,ESP32->RPi,decrypt,116,233,117,4.015,14,esp32_edge_normal_2,0,normal
14:43:59.521,1104.2,gateway,gateway_B,gatewayB,14,ESP32->RPi,decrypt,120,237,117,4.12,14,esp32_edge_normal_1,0,normal
14:43:59.553,1104.2,gateway,gateway_B,gatewayB,14,ESP32->RPi,decrypt,123,241,118,4.426,14,esp32_edge_simulator_1,0,normal
14:44:04.476,1109.1,gateway,gateway_B,gatewayB,14,ESP32->RPi,decrypt,113,229,116,4.295,14,esp32_edge_normal_2,0,normal
14:44:04.521,1109.2,gateway,gateway_B,gatewayB,14,ESP32->RPi,decrypt,117,233,116,4.329,14,esp32_edge_normal_1,0,normal
14:44:04.555,1109.2,gateway,gateway_B,gatewayB,14,ESP32->RPi,decrypt,105,217,112,4.124,14,esp32_edge_simulator_1,2,scan_A
14:44:09.488,1114.2,gateway,gateway_B,gatewayB,14,ESP32->RPi,decrypt,120,237,117,4.41,14,esp32_edge_normal_2,0,normal
14:44:09.527,1114.2,gateway,gateway_B,gatewayB,14,ESP32->RPi,decrypt,116,233,117,4.284,14,esp32_edge_normal_1,0,normal
14:44:09.557,1114.2,gateway,gateway_B,gatewayB,14,ESP32->RPi,decrypt,123,241,118,4.69,14,esp32_edge_simulator_1,0,normal
14:44:14.477,1119.1,gateway,gateway_B,gatewayB,14,ESP32->RPi,decrypt,116,233,117,4.575,14,esp32_edge_normal_2,0,normal
14:44:14.520,1119.2,gateway,gateway_B,gatewayB,14,ESP32->RPi,decrypt,116,233,117,4.405,14,esp32_edge_normal_1,0,normal
14:44:14.556,1119.2,gateway,gateway_B,gatewayB,14,ESP32->RPi,decrypt,81,185,104,3.405,14,esp32_edge_simulator_1,2,scan_A
14:44:19.483,1124.2,gateway,gateway_B,gatewayB,14,ESP32->RPi,decrypt,117,233,116,3.301,14,esp32_edge_normal_2,0,normal
14:44:19.518,1124.2,gateway,gateway_B,gatewayB,14,ESP32->RPi,decrypt,115,233,118,3.482,14,esp32_edge_normal_1,0,normal
14:44:19.547,1124.2,gateway,gateway_B,gatewayB,14,ESP32->RPi,decrypt,123,241,118,3.744,14,esp32_edge_simulator_1,0,normal
14:44:24.470,1129.1,gateway,gateway_B,gatewayB,14,ESP32->RPi,decrypt,118,237,119,1.545,14,esp32_edge_normal_2,0,normal
14:44:24.522,1129.2,gateway,gateway_B,gatewayB,14,ESP32->RPi,decrypt,116,233,117,1.636,14,esp32_edge_normal_1,0,normal
14:44:24.549,1129.2,gateway,gateway_B,gatewayB,14,ESP32->RPi,decrypt,81,185,104,1.299,14,esp32_edge_simulator_1,2,scan_A
14:44:29.478,1134.1,gateway,gateway_B,gatewayB,14,ESP32->RPi,decrypt,121,241,120,4.366,14,esp32_edge_normal_2,0,normal
14:44:29.520,1134.2,gateway,gateway_B,gatewayB,14,ESP32->RPi,decrypt,118,237,119,4.189,14,esp32_edge_normal_1,0,normal
14:44:29.557,1134.2,gateway,gateway_B,gatewayB,14,ESP32->RPi,decrypt,112,229,117,4.362,14,esp32_edge_simulator_1,1,mqtt_bruteforce
14:44:34.478,1139.1,gateway,gateway_B,gatewayB,14,ESP32->RPi,decrypt,120,237,117,4.067,14,esp32_edge_normal_2,0,normal
14:44:35.627,1140.3,gateway,gateway_B,gatewayB,14,RPi->PC,encrypt,3648,4946,1298,36.588,14,,,
14:44:38.698,1143.4,gateway,gateway_B,gatewayB,14,ESP32->RPi,decrypt,115,233,118,1.511,14,esp32_edge_normal_1,0,normal
14:44:38.700,1143.4,gateway,gateway_B,gatewayB,14,ESP32->RPi,decrypt,81,185,104,1.066,14,esp32_edge_simulator_1,2,scan_A
14:44:39.470,1144.1,gateway,gateway_B,gatewayB,14,ESP32->RPi,decrypt,113,229,116,1.44,14,esp32_edge_normal_2,0,normal
14:44:39.517,1144.2,gateway,gateway_B,gatewayB,14,ESP32->RPi,decrypt,118,237,119,1.332,14,esp32_edge_normal_1,0,normal
14:44:39.550,1144.2,gateway,gateway_B,gatewayB,14,ESP32->RPi,decrypt,95,205,110,1.224,14,esp32_edge_simulator_1,2,scan_A
14:44:44.478,1149.2,gateway,gateway_B,gatewayB,14,ESP32->RPi,decrypt,119,237,118,3.888,14,esp32_edge_normal_2,0,normal
14:44:44.525,1149.2,gateway,gateway_B,gatewayB,14,ESP32->RPi,decrypt,114,229,115,3.902,14,esp32_edge_normal_1,0,normal
14:44:44.555,1149.2,gateway,gateway_B,gatewayB,14,ESP32->RPi,decrypt,111,225,114,4.205,14,esp32_edge_simulator_1,1,mqtt_bruteforce
14:44:49.529,1154.2,gateway,gateway_B,gatewayB,14,ESP32->RPi,decrypt,117,233,116,4.355,14,esp32_edge_normal_2,0,normal
14:44:49.535,1154.2,gateway,gateway_B,gatewayB,14,ESP32->RPi,decrypt,114,229,115,3.851,14,esp32_edge_normal_1,0,normal
14:44:49.555,1154.2,gateway,gateway_B,gatewayB,14,ESP32->RPi,decrypt,113,229,116,3.972,14,esp32_edge_simulator_1,1,mqtt_bruteforce
14:44:54.472,1159.1,gateway,gateway_B,gatewayB,14,ESP32->RPi,decrypt,120,237,117,1.428,14,esp32_edge_normal_2,0,normal
14:44:54.515,1159.2,gateway,gateway_B,gatewayB,14,ESP32->RPi,decrypt,116,233,117,1.377,14,esp32_edge_normal_1,0,normal
14:44:54.543,1159.2,gateway,gateway_B,gatewayB,14,ESP32->RPi,decrypt,109,225,116,1.402,14,esp32_edge_simulator_1,0,normal
14:44:59.479,1164.2,gateway,gateway_B,gatewayB,14,ESP32->RPi,decrypt,113,229,116,4.172,14,esp32_edge_normal_2,0,normal
14:44:59.525,1164.2,gateway,gateway_B,gatewayB,14,ESP32->RPi,decrypt,120,237,117,4.657,14,esp32_edge_normal_1,0,normal
14:44:59.552,1164.2,gateway,gateway_B,gatewayB,14,ESP32->RPi,decrypt,116,233,117,4.101,14,esp32_edge_simulator_1,0,normal
14:45:04.477,1169.1,gateway,gateway_B,gatewayB,14,ESP32->RPi,decrypt,116,233,117,3.905,14,esp32_edge_normal_2,0,normal
14:45:04.517,1169.2,gateway,gateway_B,gatewayB,14,ESP32->RPi,decrypt,119,237,118,4.068,14,esp32_edge_normal_1,0,normal
14:45:04.545,1169.2,gateway,gateway_B,gatewayB,14,ESP32->RPi,decrypt,120,237,117,4.381,14,esp32_edge_simulator_1,0,normal
14:45:09.483,1174.2,gateway,gateway_B,gatewayB,14,ESP32->RPi,decrypt,121,241,120,4.359,14,esp32_edge_normal_2,0,normal
14:45:09.518,1174.2,gateway,gateway_B,gatewayB,14,ESP32->RPi,decrypt,116,233,117,3.558,14,esp32_edge_normal_1,0,normal
14:45:09.554,1174.2,gateway,gateway_B,gatewayB,14,ESP32->RPi,decrypt,81,185,104,3.035,14,esp32_edge_simulator_1,2,scan_A
14:45:14.472,1179.1,gateway,gateway_B,gatewayB,14,ESP32->RPi,decrypt,118,237,119,1.391,14,esp32_edge_normal_2,0,normal
14:45:14.519,1179.2,gateway,gateway_B,gatewayB,14,ESP32->RPi,decrypt,120,237,117,1.43,14,esp32_edge_normal_1,0,normal
14:45:14.545,1179.2,gateway,gateway_B,gatewayB,14,ESP32->RPi,decrypt,119,237,118,1.868,14,esp32_edge_simulator_1,0,normal
14:45:19.478,1184.2,gateway,gateway_B,gatewayB,14,ESP32->RPi,decrypt,120,237,117,4.489,14,esp32_edge_normal_2,0,normal
14:45:19.520,1184.2,gateway,gateway_B,gatewayB,14,ESP32->RPi,decrypt,119,237,118,4.79,14,esp32_edge_normal_1,0,normal
14:45:19.553,1184.2,gateway,gateway_B,gatewayB,14,ESP32->RPi,decrypt,110,225,115,4.277,14,esp32_edge_simulator_1,1,mqtt_bruteforce
14:45:24.474,1189.1,gateway,gateway_B,gatewayB,14,ESP32->RPi,decrypt,120,237,117,4.804,14,esp32_edge_normal_2,0,normal
14:45:25.439,1190.1,gateway,gateway_B,gatewayB,14,RPi->PC,encrypt,3653,4954,1301,35.75,14,,,
14:45:28.522,1193.2,gateway,gateway_B,gatewayB,14,ESP32->RPi,decrypt,116,233,117,1.48,14,esp32_edge_normal_1,0,normal
14:45:28.523,1193.2,gateway,gateway_B,gatewayB,14,ESP32->RPi,decrypt,108,221,113,1.253,14,esp32_edge_simulator_1,1,mqtt_bruteforce
14:45:29.471,1194.1,gateway,gateway_B,gatewayB,14,ESP32->RPi,decrypt,120,237,117,1.418,14,esp32_edge_normal_2,0,normal
14:45:29.515,1194.2,gateway,gateway_B,gatewayB,14,ESP32->RPi,decrypt,116,233,117,1.366,14,esp32_edge_normal_1,0,normal
14:45:29.551,1194.2,gateway,gateway_B,gatewayB,14,ESP32->RPi,decrypt,105,217,112,1.218,14,esp32_edge_simulator_1,1,mqtt_bruteforce
14:45:34.480,1199.2,gateway,gateway_B,gatewayB,14,ESP32->RPi,decrypt,120,237,117,4.061,14,esp32_edge_normal_2,0,normal
14:45:34.519,1199.2,gateway,gateway_B,gatewayB,14,ESP32->RPi,decrypt,121,241,120,4.181,14,esp32_edge_normal_1,0,normal
14:45:34.554,1199.2,gateway,gateway_B,gatewayB,14,ESP32->RPi,decrypt,81,185,104,3.168,14,esp32_edge_simulator_1,2,scan_A
14:45:39.474,1204.1,gateway,gateway_B,gatewayB,14,ESP32->RPi,decrypt,116,233,117,4.002,14,esp32_edge_normal_2,0,normal
14:45:39.519,1204.2,gateway,gateway_B,gatewayB,14,ESP32->RPi,decrypt,108,221,113,4.257,14,esp32_edge_normal_1,0,normal
14:45:39.550,1204.2,gateway,gateway_B,gatewayB,14,ESP32->RPi,decrypt,107,221,114,2.942,14,esp32_edge_simulator_1,2,scan_A
14:45:44.479,1209.2,gateway,gateway_B,gatewayB,14,ESP32->RPi,decrypt,121,241,120,4.668,14,esp32_edge_normal_2,0,normal
14:45:44.521,1209.2,gateway,gateway_B,gatewayB,14,ESP32->RPi,decrypt,117,233,116,4.568,14,esp32_edge_normal_1,0,normal
14:45:44.546,1209.2,gateway,gateway_B,gatewayB,14,ESP32->RPi,decrypt,121,241,120,5.333,14,esp32_edge_simulator_1,0,normal
14:45:49.539,1214.2,gateway,gateway_B,gatewayB,14,ESP32->RPi,decrypt,112,229,117,4.235,14,esp32_edge_normal_2,0,normal
14:45:49.544,1214.2,gateway,gateway_B,gatewayB,14,ESP32->RPi,decrypt,112,229,117,4.057,14,esp32_edge_normal_1,0,normal
14:45:49.558,1214.2,gateway,gateway_B,gatewayB,14,ESP32->RPi,decrypt,107,221,114,3.569,14,esp32_edge_simulator_1,2,scan_A
14:45:54.468,1219.1,gateway,gateway_B,gatewayB,14,ESP32->RPi,decrypt,116,233,117,1.367,14,esp32_edge_normal_2,0,normal
14:45:54.513,1219.2,gateway,gateway_B,gatewayB,14,ESP32->RPi,decrypt,118,237,119,1.414,14,esp32_edge_normal_1,0,normal
14:45:54.550,1219.2,gateway,gateway_B,gatewayB,14,ESP32->RPi,decrypt,107,221,114,1.304,14,esp32_edge_simulator_1,2,scan_A
14:45:59.476,1224.1,gateway,gateway_B,gatewayB,14,ESP32->RPi,decrypt,117,233,116,4.235,14,esp32_edge_normal_2,0,normal
14:45:59.518,1224.2,gateway,gateway_B,gatewayB,14,ESP32->RPi,decrypt,118,237,119,5.103,14,esp32_edge_normal_1,0,normal
14:45:59.553,1224.2,gateway,gateway_B,gatewayB,14,ESP32->RPi,decrypt,114,229,115,4.842,14,esp32_edge_simulator_1,1,mqtt_bruteforce
14:46:04.479,1229.2,gateway,gateway_B,gatewayB,14,ESP32->RPi,decrypt,105,217,112,4.422,14,esp32_edge_normal_2,0,normal
14:46:04.520,1229.2,gateway,gateway_B,gatewayB,14,ESP32->RPi,decrypt,120,237,117,4.535,14,esp32_edge_normal_1,0,normal
14:46:04.545,1229.2,gateway,gateway_B,gatewayB,14,ESP32->RPi,decrypt,124,245,121,4.508,14,esp32_edge_simulator_1,0,normal
14:46:09.479,1234.2,gateway,gateway_B,gatewayB,14,ESP32->RPi,decrypt,117,233,116,1.351,14,esp32_edge_normal_2,0,normal
14:46:09.513,1234.2,gateway,gateway_B,gatewayB,14,ESP32->RPi,decrypt,113,229,116,1.302,14,esp32_edge_normal_1,0,normal
14:46:09.554,1234.2,gateway,gateway_B,gatewayB,14,ESP32->RPi,decrypt,112,229,117,1.577,14,esp32_edge_simulator_1,1,mqtt_bruteforce
14:46:14.472,1239.1,gateway,gateway_B,gatewayB,14,ESP32->RPi,decrypt,120,237,117,4.156,14,esp32_edge_normal_2,0,normal
14:46:15.606,1240.3,gateway,gateway_B,gatewayB,14,RPi->PC,encrypt,3631,4926,1295,37.805,14,,,
14:46:18.666,1243.3,gateway,gateway_B,gatewayB,14,ESP32->RPi,decrypt,119,237,118,1.453,14,esp32_edge_normal_1,0,normal
14:46:18.667,1243.3,gateway,gateway_B,gatewayB,14,ESP32->RPi,decrypt,81,185,104,1.056,14,esp32_edge_simulator_1,2,scan_A
14:46:19.471,1244.1,gateway,gateway_B,gatewayB,14,ESP32->RPi,decrypt,120,237,117,1.46,14,esp32_edge_normal_2,0,normal
14:46:19.515,1244.2,gateway,gateway_B,gatewayB,14,ESP32->RPi,decrypt,115,233,118,1.388,14,esp32_edge_normal_1,0,normal
14:46:19.548,1244.2,gateway,gateway_B,gatewayB,14,ESP32->RPi,decrypt,113,229,116,1.316,14,esp32_edge_simulator_1,1,mqtt_bruteforce
14:46:24.475,1249.1,gateway,gateway_B,gatewayB,14,ESP32->RPi,decrypt,115,233,118,1.33,14,esp32_edge_normal_2,0,normal
14:46:24.518,1249.2,gateway,gateway_B,gatewayB,14,ESP32->RPi,decrypt,114,229,115,1.457,14,esp32_edge_normal_1,0,normal
14:46:24.547,1249.2,gateway,gateway_B,gatewayB,14,ESP32->RPi,decrypt,119,237,118,1.624,14,esp32_edge_simulator_1,0,normal
14:46:29.475,1254.1,gateway,gateway_B,gatewayB,14,ESP32->RPi,decrypt,113,229,116,4.165,14,esp32_edge_normal_2,0,normal
14:46:29.519,1254.2,gateway,gateway_B,gatewayB,14,ESP32->RPi,decrypt,116,233,117,4.406,14,esp32_edge_normal_1,0,normal
14:46:29.554,1254.2,gateway,gateway_B,gatewayB,14,ESP32->RPi,decrypt,113,229,116,4.214,14,esp32_edge_simulator_1,1,mqtt_bruteforce
14:46:34.481,1259.2,gateway,gateway_B,gatewayB,14,ESP32->RPi,decrypt,116,233,117,4.09,14,esp32_edge_normal_2,0,normal
14:46:34.518,1259.2,gateway,gateway_B,gatewayB,14,ESP32->RPi,decrypt,116,233,117,4.285,14,esp32_edge_normal_1,0,normal
14:46:34.554,1259.2,gateway,gateway_B,gatewayB,14,ESP32->RPi,decrypt,108,221,113,4.131,14,esp32_edge_simulator_1,2,scan_A
14:46:39.470,1264.1,gateway,gateway_B,gatewayB,14,ESP32->RPi,decrypt,112,229,117,4.176,14,esp32_edge_normal_2,0,normal
14:46:39.519,1264.2,gateway,gateway_B,gatewayB,14,ESP32->RPi,decrypt,120,237,117,5.305,14,esp32_edge_normal_1,0,normal
14:46:39.552,1264.2,gateway,gateway_B,gatewayB,14,ESP32->RPi,decrypt,124,245,121,4.756,14,esp32_edge_simulator_1,0,normal
14:46:44.483,1269.2,gateway,gateway_B,gatewayB,14,ESP32->RPi,decrypt,120,237,117,4.199,14,esp32_edge_normal_2,0,normal
14:46:44.516,1269.2,gateway,gateway_B,gatewayB,14,ESP32->RPi,decrypt,115,233,118,3.966,14,esp32_edge_normal_1,0,normal
14:46:44.546,1269.2,gateway,gateway_B,gatewayB,14,ESP32->RPi,decrypt,119,237,118,4.512,14,esp32_edge_simulator_1,0,normal
14:46:49.542,1274.2,gateway,gateway_B,gatewayB,14,ESP32->RPi,decrypt,114,229,115,3.977,14,esp32_edge_normal_2,0,normal
14:46:49.547,1274.2,gateway,gateway_B,gatewayB,14,ESP32->RPi,decrypt,119,237,118,3.826,14,esp32_edge_normal_1,0,normal
14:46:49.553,1274.2,gateway,gateway_B,gatewayB,14,ESP32->RPi,decrypt,118,237,119,3.971,14,esp32_edge_simulator_1,0,normal
14:46:54.474,1279.1,gateway,gateway_B,gatewayB,14,ESP32->RPi,decrypt,115,233,118,3.873,14,esp32_edge_normal_2,0,normal
14:46:54.524,1279.2,gateway,gateway_B,gatewayB,14,ESP32->RPi,decrypt,115,233,118,4.304,14,esp32_edge_normal_1,0,normal
14:46:54.557,1279.2,gateway,gateway_B,gatewayB,14,ESP32->RPi,decrypt,119,237,118,4.199,14,esp32_edge_simulator_1,0,normal
14:46:59.471,1284.1,gateway,gateway_B,gatewayB,14,ESP32->RPi,decrypt,116,233,117,4.319,14,esp32_edge_normal_2,0,normal
14:46:59.518,1284.2,gateway,gateway_B,gatewayB,14,ESP32->RPi,decrypt,120,237,117,5.044,14,esp32_edge_normal_1,0,normal
14:46:59.556,1284.2,gateway,gateway_B,gatewayB,14,ESP32->RPi,decrypt,112,229,117,4.715,14,esp32_edge_simulator_1,1,mqtt_bruteforce
14:47:04.472,1289.1,gateway,gateway_B,gatewayB,14,ESP32->RPi,decrypt,112,229,117,4.287,14,esp32_edge_normal_2,0,normal
14:47:05.467,1290.1,gateway,gateway_B,gatewayB,14,RPi->PC,encrypt,3641,4938,1297,33.832,14,,,
14:47:08.554,1293.2,gateway,gateway_B,gatewayB,14,ESP32->RPi,decrypt,114,229,115,1.489,14,esp32_edge_normal_1,0,normal
14:47:08.556,1293.2,gateway,gateway_B,gatewayB,14,ESP32->RPi,decrypt,113,229,116,1.368,14,esp32_edge_simulator_1,1,mqtt_bruteforce
14:47:09.466,1294.1,gateway,gateway_B,gatewayB,14,ESP32->RPi,decrypt,120,237,117,1.516,14,esp32_edge_normal_2,0,normal
14:47:09.516,1294.2,gateway,gateway_B,gatewayB,14,ESP32->RPi,decrypt,107,221,114,1.262,14,esp32_edge_normal_1,0,normal
14:47:09.549,1294.2,gateway,gateway_B,gatewayB,14,ESP32->RPi,decrypt,108,221,113,1.293,14,esp32_edge_simulator_1,2,scan_A
14:47:14.473,1299.1,gateway,gateway_B,gatewayB,14,ESP32->RPi,decrypt,117,233,116,3.956,14,esp32_edge_normal_2,0,normal
14:47:14.524,1299.2,gateway,gateway_B,gatewayB,14,ESP32->RPi,decrypt,116,233,117,4.114,14,esp32_edge_normal_1,0,normal
14:47:14.542,1299.2,gateway,gateway_B,gatewayB,14,ESP32->RPi,decrypt,115,233,118,4.139,14,esp32_edge_simulator_1,0,normal
14:47:19.484,1304.2,gateway,gateway_B,gatewayB,14,ESP32->RPi,decrypt,115,233,118,3.963,14,esp32_edge_normal_2,0,normal
14:47:19.519,1304.2,gateway,gateway_B,gatewayB,14,ESP32->RPi,decrypt,117,233,116,4.067,14,esp32_edge_normal_1,0,normal
14:47:19.543,1304.2,gateway,gateway_B,gatewayB,14,ESP32->RPi,decrypt,122,241,119,4.246,14,esp32_edge_simulator_1,0,normal
14:47:24.469,1309.1,gateway,gateway_B,gatewayB,14,ESP32->RPi,decrypt,118,237,119,4.004,14,esp32_edge_normal_2,0,normal
14:47:24.512,1309.2,gateway,gateway_B,gatewayB,14,ESP32->RPi,decrypt,117,233,116,4.009,14,esp32_edge_normal_1,0,normal
14:47:24.542,1309.2,gateway,gateway_B,gatewayB,14,ESP32->RPi,decrypt,110,225,115,3.368,14,esp32_edge_simulator_1,0,normal
14:47:29.476,1314.1,gateway,gateway_B,gatewayB,14,ESP32->RPi,decrypt,119,237,118,4.23,14,esp32_edge_normal_2,0,normal
14:47:29.519,1314.2,gateway,gateway_B,gatewayB,14,ESP32->RPi,decrypt,117,233,116,4.263,14,esp32_edge_normal_1,0,normal
14:47:29.551,1314.2,gateway,gateway_B,gatewayB,14,ESP32->RPi,decrypt,107,221,114,4.482,14,esp32_edge_simulator_1,2,scan_A
14:47:34.476,1319.1,gateway,gateway_B,gatewayB,14,ESP32->RPi,decrypt,119,237,118,4.295,14,esp32_edge_normal_2,0,normal
14:47:34.519,1319.2,gateway,gateway_B,gatewayB,14,ESP32->RPi,decrypt,116,233,117,4.148,14,esp32_edge_normal_1,0,normal
14:47:34.542,1319.2,gateway,gateway_B,gatewayB,14,ESP32->RPi,decrypt,122,241,119,4.198,14,esp32_edge_simulator_1,0,normal
14:47:39.474,1324.1,gateway,gateway_B,gatewayB,14,ESP32->RPi,decrypt,117,233,116,3.962,14,esp32_edge_normal_2,0,normal
14:47:39.512,1324.2,gateway,gateway_B,gatewayB,14,ESP32->RPi,decrypt,117,233,116,3.654,14,esp32_edge_normal_1,0,normal
14:47:39.551,1324.2,gateway,gateway_B,gatewayB,14,ESP32->RPi,decrypt,107,221,114,3.889,14,esp32_edge_simulator_1,2,scan_A
14:47:44.467,1329.1,gateway,gateway_B,gatewayB,14,ESP32->RPi,decrypt,117,233,116,1.294,14,esp32_edge_normal_2,0,normal
14:47:44.508,1329.2,gateway,gateway_B,gatewayB,14,ESP32->RPi,decrypt,116,233,117,1.327,14,esp32_edge_normal_1,0,normal
14:47:44.549,1329.2,gateway,gateway_B,gatewayB,14,ESP32->RPi,decrypt,106,221,115,1.325,14,esp32_edge_simulator_1,2,scan_A
14:47:49.551,1334.2,gateway,gateway_B,gatewayB,14,ESP32->RPi,decrypt,118,237,119,5.106,14,esp32_edge_normal_2,0,normal
14:47:49.558,1334.2,gateway,gateway_B,gatewayB,14,ESP32->RPi,decrypt,118,237,119,4.295,14,esp32_edge_normal_1,0,normal
14:47:49.563,1334.2,gateway,gateway_B,gatewayB,14,ESP32->RPi,decrypt,122,241,119,3.843,14,esp32_edge_simulator_1,0,normal
14:47:54.469,1339.1,gateway,gateway_B,gatewayB,14,ESP32->RPi,decrypt,119,237,118,1.404,14,esp32_edge_normal_2,0,normal
14:47:55.553,1340.2,gateway,gateway_B,gatewayB,14,RPi->PC,encrypt,3644,4942,1298,38.332,14,,,
14:47:58.634,1343.3,gateway,gateway_B,gatewayB,14,ESP32->RPi,decrypt,117,233,116,1.617,14,esp32_edge_normal_1,0,normal
14:47:58.636,1343.3,gateway,gateway_B,gatewayB,14,ESP32->RPi,decrypt,123,241,118,1.476,14,esp32_edge_simulator_1,0,normal
14:47:59.471,1344.1,gateway,gateway_B,gatewayB,14,ESP32->RPi,decrypt,120,237,117,1.456,14,esp32_edge_normal_2,0,normal
14:47:59.512,1344.2,gateway,gateway_B,gatewayB,14,ESP32->RPi,decrypt,121,241,120,1.395,14,esp32_edge_normal_1,0,normal
14:47:59.538,1344.2,gateway,gateway_B,gatewayB,14,ESP32->RPi,decrypt,124,245,121,1.52,14,esp32_edge_simulator_1,0,normal
14:48:04.476,1349.1,gateway,gateway_B,gatewayB,14,ESP32->RPi,decrypt,118,237,119,4.02,14,esp32_edge_normal_2,0,normal
14:48:04.512,1349.2,gateway,gateway_B,gatewayB,14,ESP32->RPi,decrypt,119,237,118,3.995,14,esp32_edge_normal_1,0,normal
14:48:04.555,1349.2,gateway,gateway_B,gatewayB,14,ESP32->RPi,decrypt,107,221,114,1.989,14,esp32_edge_simulator_1,2,scan_A
14:48:09.475,1354.1,gateway,gateway_B,gatewayB,14,ESP32->RPi,decrypt,108,221,113,3.738,14,esp32_edge_normal_2,0,normal
14:48:09.516,1354.2,gateway,gateway_B,gatewayB,14,ESP32->RPi,decrypt,121,241,120,3.11,14,esp32_edge_normal_1,0,normal
14:48:09.540,1354.2,gateway,gateway_B,gatewayB,14,ESP32->RPi,decrypt,124,245,121,3.395,14,esp32_edge_simulator_1,0,normal
14:48:14.468,1359.1,gateway,gateway_B,gatewayB,14,ESP32->RPi,decrypt,118,237,119,1.393,14,esp32_edge_normal_2,0,normal
14:48:14.512,1359.2,gateway,gateway_B,gatewayB,14,ESP32->RPi,decrypt,117,233,116,1.406,14,esp32_edge_normal_1,0,normal
14:48:14.545,1359.2,gateway,gateway_B,gatewayB,14,ESP32->RPi,decrypt,120,237,117,1.458,14,esp32_edge_simulator_1,0,normal
14:48:19.470,1364.1,gateway,gateway_B,gatewayB,14,ESP32->RPi,decrypt,121,241,120,4.476,14,esp32_edge_normal_2,0,normal
14:48:19.511,1364.2,gateway,gateway_B,gatewayB,14,ESP32->RPi,decrypt,117,233,116,4.475,14,esp32_edge_normal_1,0,normal
14:48:19.549,1364.2,gateway,gateway_B,gatewayB,14,ESP32->RPi,decrypt,100,213,113,3.596,14,esp32_edge_simulator_1,1,mqtt_bruteforce
14:48:24.469,1369.1,gateway,gateway_B,gatewayB,14,ESP32->RPi,decrypt,116,233,117,1.343,14,esp32_edge_normal_2,0,normal
14:48:24.509,1369.2,gateway,gateway_B,gatewayB,14,ESP32->RPi,decrypt,120,237,117,1.367,14,esp32_edge_normal_1,0,normal
14:48:24.552,1369.2,gateway,gateway_B,gatewayB,14,ESP32->RPi,decrypt,107,221,114,1.297,14,esp32_edge_simulator_1,1,mqtt_bruteforce
14:48:29.474,1374.1,gateway,gateway_B,gatewayB,14,ESP32->RPi,decrypt,119,237,118,4.167,14,esp32_edge_normal_2,0,normal
14:48:29.522,1374.2,gateway,gateway_B,gatewayB,14,ESP32->RPi,decrypt,119,237,118,4.813,14,esp32_edge_normal_1,0,normal
14:48:29.558,1374.2,gateway,gateway_B,gatewayB,14,ESP32->RPi,decrypt,110,225,115,4.392,14,esp32_edge_simulator_1,1,mqtt_bruteforce
14:48:34.474,1379.1,gateway,gateway_B,gatewayB,14,ESP32->RPi,decrypt,114,229,115,4.17,14,esp32_edge_normal_2,0,normal
14:48:34.512,1379.2,gateway,gateway_B,gatewayB,14,ESP32->RPi,decrypt,119,237,118,4.194,14,esp32_edge_normal_1,0,normal
14:48:34.548,1379.2,gateway,gateway_B,gatewayB,14,ESP32->RPi,decrypt,111,225,114,3.751,14,esp32_edge_simulator_1,1,mqtt_bruteforce
14:48:39.467,1384.1,gateway,gateway_B,gatewayB,14,ESP32->RPi,decrypt,106,221,115,3.742,14,esp32_edge_normal_2,0,normal
14:48:39.535,1384.2,gateway,gateway_B,gatewayB,14,ESP32->RPi,decrypt,116,233,117,4.237,14,esp32_edge_normal_1,0,normal
14:48:39.550,1384.2,gateway,gateway_B,gatewayB,14,ESP32->RPi,decrypt,112,229,117,4.901,14,esp32_edge_simulator_1,1,mqtt_bruteforce
14:48:44.475,1389.1,gateway,gateway_B,gatewayB,14,ESP32->RPi,decrypt,119,237,118,4.272,14,esp32_edge_normal_2,0,normal
14:48:45.473,1390.1,gateway,gateway_B,gatewayB,14,RPi->PC,encrypt,3640,4938,1298,38.721,14,,,
14:48:48.554,1393.2,gateway,gateway_B,gatewayB,14,ESP32->RPi,decrypt,116,233,117,1.46,14,esp32_edge_normal_1,0,normal
14:48:48.556,1393.2,gateway,gateway_B,gatewayB,14,ESP32->RPi,decrypt,119,237,118,1.382,14,esp32_edge_simulator_1,0,normal
14:48:49.551,1394.2,gateway,gateway_B,gatewayB,14,ESP32->RPi,decrypt,119,237,118,1.373,14,esp32_edge_normal_2,0,normal
14:48:49.554,1394.2,gateway,gateway_B,gatewayB,14,ESP32->RPi,decrypt,116,233,117,1.354,14,esp32_edge_normal_1,0,normal
14:48:49.556,1394.2,gateway,gateway_B,gatewayB,14,ESP32->RPi,decrypt,119,237,118,1.977,14,esp32_edge_simulator_1,0,normal
14:48:54.468,1399.1,gateway,gateway_B,gatewayB,14,ESP32->RPi,decrypt,112,229,117,1.301,14,esp32_edge_normal_2,0,normal
14:48:54.513,1399.2,gateway,gateway_B,gatewayB,14,ESP32->RPi,decrypt,121,241,120,1.539,14,esp32_edge_normal_1,0,normal
14:48:54.547,1399.2,gateway,gateway_B,gatewayB,14,ESP32->RPi,decrypt,103,217,114,1.44,14,esp32_edge_simulator_1,2,scan_A
14:48:59.475,1404.1,gateway,gateway_B,gatewayB,14,ESP32->RPi,decrypt,116,233,117,4.233,14,esp32_edge_normal_2,0,normal
14:48:59.511,1404.2,gateway,gateway_B,gatewayB,14,ESP32->RPi,decrypt,106,221,115,4.096,14,esp32_edge_normal_1,0,normal
14:48:59.547,1404.2,gateway,gateway_B,gatewayB,14,ESP32->RPi,decrypt,81,185,104,3.307,14,esp32_edge_simulator_1,2,scan_A
14:49:04.475,1409.1,gateway,gateway_B,gatewayB,14,ESP32->RPi,decrypt,116,233,117,4.362,14,esp32_edge_normal_2,0,normal
14:49:04.511,1409.2,gateway,gateway_B,gatewayB,14,ESP32->RPi,decrypt,120,237,117,4.423,14,esp32_edge_normal_1,0,normal
14:49:04.548,1409.2,gateway,gateway_B,gatewayB,14,ESP32->RPi,decrypt,113,229,116,4.965,14,esp32_edge_simulator_1,1,mqtt_bruteforce
14:49:09.465,1414.1,gateway,gateway_B,gatewayB,14,ESP32->RPi,decrypt,117,233,116,1.479,14,esp32_edge_normal_2,0,normal
14:49:09.516,1414.2,gateway,gateway_B,gatewayB,14,ESP32->RPi,decrypt,119,237,118,1.425,14,esp32_edge_normal_1,0,normal
14:49:09.542,1414.2,gateway,gateway_B,gatewayB,14,ESP32->RPi,decrypt,109,225,116,1.373,14,esp32_edge_simulator_1,1,mqtt_bruteforce
14:49:14.463,1419.1,gateway,gateway_B,gatewayB,14,ESP32->RPi,decrypt,116,233,117,1.357,14,esp32_edge_normal_2,0,normal
14:49:14.506,1419.2,gateway,gateway_B,gatewayB,14,ESP32->RPi,decrypt,113,229,116,1.454,14,esp32_edge_normal_1,0,normal
14:49:14.546,1419.2,gateway,gateway_B,gatewayB,14,ESP32->RPi,decrypt,108,221,113,1.363,14,esp32_edge_simulator_1,1,mqtt_bruteforce
14:49:19.471,1424.1,gateway,gateway_B,gatewayB,14,ESP32->RPi,decrypt,116,233,117,1.436,14,esp32_edge_normal_2,0,normal
14:49:19.505,1424.2,gateway,gateway_B,gatewayB,14,ESP32->RPi,decrypt,114,229,115,1.732,14,esp32_edge_normal_1,0,normal
14:49:19.553,1424.2,gateway,gateway_B,gatewayB,14,ESP32->RPi,decrypt,124,245,121,1.669,14,esp32_edge_simulator_1,0,normal
14:49:24.469,1429.1,gateway,gateway_B,gatewayB,14,ESP32->RPi,decrypt,116,233,117,1.704,14,esp32_edge_normal_2,0,normal
14:49:24.511,1429.2,gateway,gateway_B,gatewayB,14,ESP32->RPi,decrypt,121,241,120,1.896,14,esp32_edge_normal_1,0,normal
14:49:24.541,1429.2,gateway,gateway_B,gatewayB,14,ESP32->RPi,decrypt,122,241,119,1.779,14,esp32_edge_simulator_1,0,normal
14:49:29.475,1434.1,gateway,gateway_B,gatewayB,14,ESP32->RPi,decrypt,117,233,116,1.419,14,esp32_edge_normal_2,0,normal
14:49:29.514,1434.2,gateway,gateway_B,gatewayB,14,ESP32->RPi,decrypt,117,233,116,1.557,14,esp32_edge_normal_1,0,normal
14:49:29.537,1434.2,gateway,gateway_B,gatewayB,14,ESP32->RPi,decrypt,124,245,121,1.478,14,esp32_edge_simulator_1,0,normal
14:49:34.464,1439.1,gateway,gateway_B,gatewayB,14,ESP32->RPi,decrypt,116,233,117,1.42,14,esp32_edge_normal_2,0,normal
14:49:35.584,1440.3,gateway,gateway_B,gatewayB,14,RPi->PC,encrypt,3653,4954,1301,36.671,14,,,
14:49:38.666,1443.3,gateway,gateway_B,gatewayB,14,ESP32->RPi,decrypt,116,233,117,1.636,14,esp32_edge_normal_1,0,normal
14:49:38.668,1443.3,gateway,gateway_B,gatewayB,14,ESP32->RPi,decrypt,123,241,118,1.446,14,esp32_edge_simulator_1,0,normal
14:49:39.473,1444.1,gateway,gateway_B,gatewayB,14,ESP32->RPi,decrypt,120,237,117,4.295,14,esp32_edge_normal_2,0,normal
14:49:39.514,1444.2,gateway,gateway_B,gatewayB,14,ESP32->RPi,decrypt,120,237,117,3.513,14,esp32_edge_normal_1,0,normal
14:49:39.536,1444.2,gateway,gateway_B,gatewayB,14,ESP32->RPi,decrypt,110,225,115,3.057,14,esp32_edge_simulator_1,0,normal
14:49:44.469,1449.1,gateway,gateway_B,gatewayB,14,ESP32->RPi,decrypt,117,233,116,1.373,14,esp32_edge_normal_2,0,normal
14:49:44.507,1449.2,gateway,gateway_B,gatewayB,14,ESP32->RPi,decrypt,116,233,117,1.797,14,esp32_edge_normal_1,0,normal
14:49:44.536,1449.2,gateway,gateway_B,gatewayB,14,ESP32->RPi,decrypt,122,241,119,1.521,14,esp32_edge_simulator_1,0,normal
14:49:49.469,1454.1,gateway,gateway_B,gatewayB,14,ESP32->RPi,decrypt,121,241,120,4.48,14,esp32_edge_normal_2,0,normal
14:49:49.631,1454.3,gateway,gateway_B,gatewayB,14,ESP32->RPi,decrypt,120,237,117,2.907,14,esp32_edge_normal_1,0,normal
14:49:49.634,1454.3,gateway,gateway_B,gatewayB,14,ESP32->RPi,decrypt,108,221,113,2.589,14,esp32_edge_simulator_1,2,scan_A
14:49:54.484,1459.2,gateway,gateway_B,gatewayB,14,ESP32->RPi,decrypt,121,241,120,4.405,14,esp32_edge_normal_2,0,normal
14:49:54.508,1459.2,gateway,gateway_B,gatewayB,14,ESP32->RPi,decrypt,114,229,115,3.928,14,esp32_edge_normal_1,0,normal
14:49:54.539,1459.2,gateway,gateway_B,gatewayB,14,ESP32->RPi,decrypt,120,237,117,7.381,14,esp32_edge_simulator_1,0,normal
14:49:59.469,1464.1,gateway,gateway_B,gatewayB,14,ESP32->RPi,decrypt,121,241,120,1.371,14,esp32_edge_normal_2,0,normal
14:49:59.507,1464.2,gateway,gateway_B,gatewayB,14,ESP32->RPi,decrypt,117,233,116,1.436,14,esp32_edge_normal_1,0,normal
14:49:59.535,1464.2,gateway,gateway_B,gatewayB,14,ESP32->RPi,decrypt,123,241,118,1.479,14,esp32_edge_simulator_1,0,normal
14:50:04.475,1469.1,gateway,gateway_B,gatewayB,14,ESP32->RPi,decrypt,107,221,114,4.024,14,esp32_edge_normal_2,0,normal
14:50:04.520,1469.2,gateway,gateway_B,gatewayB,14,ESP32->RPi,decrypt,118,237,119,4.198,14,esp32_edge_normal_1,0,normal
14:50:04.537,1469.2,gateway,gateway_B,gatewayB,14,ESP32->RPi,decrypt,119,237,118,4.583,14,esp32_edge_simulator_1,0,normal
14:50:09.468,1474.1,gateway,gateway_B,gatewayB,14,ESP32->RPi,decrypt,121,241,120,4.502,14,esp32_edge_normal_2,0,normal
14:50:09.511,1474.2,gateway,gateway_B,gatewayB,14,ESP32->RPi,decrypt,120,237,117,4.412,14,esp32_edge_normal_1,0,normal
14:50:09.547,1474.2,gateway,gateway_B,gatewayB,14,ESP32->RPi,decrypt,112,229,117,3.217,14,esp32_edge_simulator_1,1,mqtt_bruteforce
14:50:14.470,1479.1,gateway,gateway_B,gatewayB,14,ESP32->RPi,decrypt,114,229,115,4.346,14,esp32_edge_normal_2,0,normal
14:50:14.519,1479.2,gateway,gateway_B,gatewayB,14,ESP32->RPi,decrypt,115,233,118,4.26,14,esp32_edge_normal_1,0,normal
14:50:14.544,1479.2,gateway,gateway_B,gatewayB,14,ESP32->RPi,decrypt,122,241,119,4.581,14,esp32_edge_simulator_1,0,normal
14:50:19.466,1484.1,gateway,gateway_B,gatewayB,14,ESP32->RPi,decrypt,119,237,118,4.157,14,esp32_edge_normal_2,0,normal
14:50:19.515,1484.2,gateway,gateway_B,gatewayB,14,ESP32->RPi,decrypt,117,233,116,4.757,14,esp32_edge_normal_1,0,normal
14:50:19.553,1484.2,gateway,gateway_B,gatewayB,14,ESP32->RPi,decrypt,107,221,114,3.646,14,esp32_edge_simulator_1,2,scan_A
14:50:24.467,1489.1,gateway,gateway_B,gatewayB,14,ESP32->RPi,decrypt,120,237,117,1.645,14,esp32_edge_normal_2,0,normal
14:50:25.827,1490.5,gateway,gateway_B,gatewayB,14,RPi->PC,encrypt,3628,4922,1294,38.456,14,,,
14:50:28.906,1493.6,gateway,gateway_B,gatewayB,14,ESP32->RPi,decrypt,113,229,116,1.458,14,esp32_edge_normal_1,0,normal
14:50:28.908,1493.6,gateway,gateway_B,gatewayB,14,ESP32->RPi,decrypt,108,221,113,1.248,14,esp32_edge_simulator_1,2,scan_A
14:50:29.483,1494.2,gateway,gateway_B,gatewayB,14,ESP32->RPi,decrypt,114,229,115,1.424,14,esp32_edge_normal_2,0,normal
14:50:29.512,1494.2,gateway,gateway_B,gatewayB,14,ESP32->RPi,decrypt,116,233,117,1.399,14,esp32_edge_normal_1,0,normal
14:50:29.544,1494.2,gateway,gateway_B,gatewayB,14,ESP32->RPi,decrypt,112,229,117,1.323,14,esp32_edge_simulator_1,1,mqtt_bruteforce
14:50:34.466,1499.1,gateway,gateway_B,gatewayB,14,ESP32->RPi,decrypt,115,233,118,3.852,14,esp32_edge_normal_2,0,normal
14:50:34.518,1499.2,gateway,gateway_B,gatewayB,14,ESP32->RPi,decrypt,114,229,115,4.328,14,esp32_edge_normal_1,0,normal
14:50:34.545,1499.2,gateway,gateway_B,gatewayB,14,ESP32->RPi,decrypt,81,185,104,3.625,14,esp32_edge_simulator_1,2,scan_A
14:50:39.474,1504.1,gateway,gateway_B,gatewayB,14,ESP32->RPi,decrypt,115,233,118,4.389,14,esp32_edge_normal_2,0,normal
14:50:39.511,1504.2,gateway,gateway_B,gatewayB,14,ESP32->RPi,decrypt,116,233,117,4.308,14,esp32_edge_normal_1,0,normal
14:50:39.545,1504.2,gateway,gateway_B,gatewayB,14,ESP32->RPi,decrypt,107,221,114,3.958,14,esp32_edge_simulator_1,2,scan_A
14:50:44.471,1509.1,gateway,gateway_B,gatewayB,14,ESP32->RPi,decrypt,115,233,118,4.385,14,esp32_edge_normal_2,0,normal
14:50:44.516,1509.2,gateway,gateway_B,gatewayB,14,ESP32->RPi,decrypt,111,225,114,4.063,14,esp32_edge_normal_1,0,normal
14:50:44.548,1509.2,gateway,gateway_B,gatewayB,14,ESP32->RPi,decrypt,112,229,117,4.421,14,esp32_edge_simulator_1,1,mqtt_bruteforce
14:50:49.473,1514.1,gateway,gateway_B,gatewayB,14,ESP32->RPi,decrypt,114,229,115,4.284,14,esp32_edge_normal_2,0,normal
14:50:49.523,1514.2,gateway,gateway_B,gatewayB,14,ESP32->RPi,decrypt,108,221,113,4.07,14,esp32_edge_normal_1,0,normal
14:50:49.638,1514.3,gateway,gateway_B,gatewayB,14,ESP32->RPi,decrypt,103,217,114,1.841,14,esp32_edge_simulator_1,2,scan_A
14:50:54.472,1519.1,gateway,gateway_B,gatewayB,14,ESP32->RPi,decrypt,120,237,117,4.376,14,esp32_edge_normal_2,0,normal
14:50:54.515,1519.2,gateway,gateway_B,gatewayB,14,ESP32->RPi,decrypt,118,237,119,4.111,14,esp32_edge_normal_1,0,normal
14:50:54.547,1519.2,gateway,gateway_B,gatewayB,14,ESP32->RPi,decrypt,112,229,117,4.671,14,esp32_edge_simulator_1,1,mqtt_bruteforce
14:50:59.467,1524.1,gateway,gateway_B,gatewayB,14,ESP32->RPi,decrypt,115,233,118,4.248,14,esp32_edge_normal_2,0,normal
14:50:59.510,1524.2,gateway,gateway_B,gatewayB,14,ESP32->RPi,decrypt,117,233,116,4.558,14,esp32_edge_normal_1,0,normal
14:50:59.543,1524.2,gateway,gateway_B,gatewayB,14,ESP32->RPi,decrypt,81,185,104,3.441,14,esp32_edge_simulator_1,2,scan_A
14:51:04.479,1529.2,gateway,gateway_B,gatewayB,14,ESP32->RPi,decrypt,115,233,118,4.178,14,esp32_edge_normal_2,0,normal
14:51:04.521,1529.2,gateway,gateway_B,gatewayB,14,ESP32->RPi,decrypt,120,237,117,4.443,14,esp32_edge_normal_1,0,normal
14:51:04.537,1529.2,gateway,gateway_B,gatewayB,14,ESP32->RPi,decrypt,120,237,117,4.782,14,esp32_edge_simulator_1,0,normal
14:51:09.471,1534.1,gateway,gateway_B,gatewayB,14,ESP32->RPi,decrypt,117,233,116,4.226,14,esp32_edge_normal_2,0,normal
14:51:09.509,1534.2,gateway,gateway_B,gatewayB,14,ESP32->RPi,decrypt,120,237,117,4.234,14,esp32_edge_normal_1,0,normal
14:51:09.544,1534.2,gateway,gateway_B,gatewayB,14,ESP32->RPi,decrypt,113,229,116,4.596,14,esp32_edge_simulator_1,1,mqtt_bruteforce
14:51:14.467,1539.1,gateway,gateway_B,gatewayB,14,ESP32->RPi,decrypt,117,233,116,1.553,14,esp32_edge_normal_2,0,normal
14:51:15.500,1540.2,gateway,gateway_B,gatewayB,14,RPi->PC,encrypt,3644,4942,1298,38.554,14,,,
15:28:55.995,0.8,gateway,gateway_B,gatewayB,15,ESP32->RPi,decrypt,112,229,117,1.411,0,esp32_edge_simulator_1,1,mqtt_bruteforce
15:28:59.432,4.2,gateway,gateway_B,gatewayB,15,ESP32->RPi,decrypt,114,229,115,3.947,0,esp32_edge_normal_2,0,normal
15:28:59.456,4.2,gateway,gateway_B,gatewayB,15,ESP32->RPi,decrypt,118,237,119,3.957,0,esp32_edge_normal_1,0,normal
15:28:59.485,4.3,gateway,gateway_B,gatewayB,15,ESP32->RPi,decrypt,81,185,104,2.735,0,esp32_edge_simulator_1,2,scan_A
15:29:04.408,9.2,gateway,gateway_B,gatewayB,15,ESP32->RPi,decrypt,108,221,113,3.265,0,esp32_edge_normal_2,0,normal
15:29:04.452,9.2,gateway,gateway_B,gatewayB,15,ESP32->RPi,decrypt,120,237,117,3.669,0,esp32_edge_normal_1,0,normal
15:29:04.487,9.3,gateway,gateway_B,gatewayB,15,ESP32->RPi,decrypt,109,225,116,3.641,0,esp32_edge_simulator_1,0,normal
15:29:09.409,14.2,gateway,gateway_B,gatewayB,15,ESP32->RPi,decrypt,114,229,115,3.97,0,esp32_edge_normal_2,0,normal
15:29:09.454,14.2,gateway,gateway_B,gatewayB,15,ESP32->RPi,decrypt,115,233,118,3.522,0,esp32_edge_normal_1,0,normal
15:29:09.488,14.3,gateway,gateway_B,gatewayB,15,ESP32->RPi,decrypt,113,229,116,2.798,0,esp32_edge_simulator_1,1,mqtt_bruteforce
15:29:14.415,19.2,gateway,gateway_B,gatewayB,15,ESP32->RPi,decrypt,114,229,115,3.989,0,esp32_edge_normal_2,0,normal
15:29:14.444,19.2,gateway,gateway_B,gatewayB,15,ESP32->RPi,decrypt,117,233,116,4.032,0,esp32_edge_normal_1,0,normal
15:29:14.498,19.3,gateway,gateway_B,gatewayB,15,ESP32->RPi,decrypt,119,237,118,2.58,0,esp32_edge_simulator_1,0,normal
15:29:19.416,24.2,gateway,gateway_B,gatewayB,15,ESP32->RPi,decrypt,115,233,118,3.926,0,esp32_edge_normal_2,0,normal
15:29:19.446,24.2,gateway,gateway_B,gatewayB,15,ESP32->RPi,decrypt,117,233,116,4.121,0,esp32_edge_normal_1,0,normal
15:29:19.495,24.3,gateway,gateway_B,gatewayB,15,ESP32->RPi,decrypt,119,237,118,4.612,0,esp32_edge_simulator_1,0,normal
15:29:24.419,29.2,gateway,gateway_B,gatewayB,15,ESP32->RPi,decrypt,120,237,117,4.575,0,esp32_edge_normal_2,0,normal
15:29:24.441,29.2,gateway,gateway_B,gatewayB,15,ESP32->RPi,decrypt,108,221,113,4.158,0,esp32_edge_normal_1,0,normal
15:29:24.481,29.3,gateway,gateway_B,gatewayB,15,ESP32->RPi,decrypt,123,241,118,2.568,0,esp32_edge_simulator_1,0,normal
15:29:29.415,34.2,gateway,gateway_B,gatewayB,15,ESP32->RPi,decrypt,120,237,117,4.211,0,esp32_edge_normal_2,0,normal
15:29:29.442,34.2,gateway,gateway_B,gatewayB,15,ESP32->RPi,decrypt,115,233,118,3.953,0,esp32_edge_normal_1,0,normal
15:29:29.484,34.3,gateway,gateway_B,gatewayB,15,ESP32->RPi,decrypt,112,229,117,2.643,0,esp32_edge_simulator_1,1,mqtt_bruteforce
15:29:34.408,39.2,gateway,gateway_B,gatewayB,15,ESP32->RPi,decrypt,113,229,116,3.964,0,esp32_edge_normal_2,0,normal
15:29:34.448,39.2,gateway,gateway_B,gatewayB,15,ESP32->RPi,decrypt,120,237,117,4.171,0,esp32_edge_normal_1,0,normal
15:29:34.485,39.3,gateway,gateway_B,gatewayB,15,ESP32->RPi,decrypt,81,185,104,3.116,0,esp32_edge_simulator_1,2,scan_A
15:29:39.407,44.2,gateway,gateway_B,gatewayB,15,ESP32->RPi,decrypt,113,229,116,4.043,0,esp32_edge_normal_2,0,normal
15:29:39.443,44.2,gateway,gateway_B,gatewayB,15,ESP32->RPi,decrypt,116,233,117,3.949,0,esp32_edge_normal_1,0,normal
15:29:39.478,44.3,gateway,gateway_B,gatewayB,15,ESP32->RPi,decrypt,124,245,121,4.99,0,esp32_edge_simulator_1,0,normal
15:29:44.410,49.2,gateway,gateway_B,gatewayB,15,ESP32->RPi,decrypt,117,233,116,4.031,0,esp32_edge_normal_2,0,normal
15:29:44.443,49.2,gateway,gateway_B,gatewayB,15,ESP32->RPi,decrypt,120,237,117,4.274,0,esp32_edge_normal_1,0,normal
15:29:51.430,56.2,gateway,gateway_B,gatewayB,15,RPi->PC,encrypt,3644,4942,1298,35.674,0,,,
15:29:52.121,56.9,gateway,gateway_B,gatewayB,15,PC->RPi,decrypt,3546,4810,1264,30.333,0,,,
15:29:52.162,56.9,gateway,gateway_B,gatewayB,15,RPi->ESP32,encrypt,3546,4810,1264,33.959,15,,,
15:29:52.265,57.1,gateway,gateway_B,gatewayB,15,ESP32->RPi,decrypt,101,213,112,1.28,15,esp32_edge_simulator_1,2,scan_A
15:29:52.267,57.1,gateway,gateway_B,gatewayB,15,ESP32->RPi,decrypt,116,233,117,1.413,15,esp32_edge_normal_2,0,normal
15:29:52.269,57.1,gateway,gateway_B,gatewayB,15,ESP32->RPi,decrypt,118,237,119,1.349,15,esp32_edge_normal_1,0,normal
15:29:52.270,57.1,gateway,gateway_B,gatewayB,15,ESP32->RPi,decrypt,107,221,114,1.246,15,esp32_edge_simulator_1,2,scan_A
15:30:04.100,68.9,gateway,gateway_B,gatewayB,15,ESP32->RPi,decrypt,116,233,117,4.091,15,esp32_edge_normal_2,0,normal
15:30:04.151,68.9,gateway,gateway_B,gatewayB,15,ESP32->RPi,decrypt,121,241,120,3.382,15,esp32_edge_simulator_1,0,normal
15:30:04.653,69.4,gateway,gateway_B,gatewayB,15,ESP32->RPi,decrypt,117,233,116,3.851,15,esp32_edge_normal_1,0,normal
15:30:09.146,73.9,gateway,gateway_B,gatewayB,15,ESP32->RPi,decrypt,118,237,119,3.972,15,esp32_edge_normal_2,0,normal
15:30:09.168,74.0,gateway,gateway_B,gatewayB,15,ESP32->RPi,decrypt,115,233,118,3.372,15,esp32_edge_simulator_1,1,mqtt_bruteforce
15:30:09.640,74.4,gateway,gateway_B,gatewayB,15,ESP32->RPi,decrypt,119,237,118,3.797,15,esp32_edge_normal_1,0,normal
15:30:14.103,78.9,gateway,gateway_B,gatewayB,15,ESP32->RPi,decrypt,116,233,117,4.091,15,esp32_edge_normal_2,0,normal
15:30:14.150,78.9,gateway,gateway_B,gatewayB,15,ESP32->RPi,decrypt,113,229,116,3.999,15,esp32_edge_simulator_1,1,mqtt_bruteforce
15:30:14.639,79.4,gateway,gateway_B,gatewayB,15,ESP32->RPi,decrypt,117,233,116,4.149,15,esp32_edge_normal_1,0,normal
15:30:19.101,83.9,gateway,gateway_B,gatewayB,15,ESP32->RPi,decrypt,117,233,116,4.136,15,esp32_edge_normal_2,0,normal
15:30:19.156,83.9,gateway,gateway_B,gatewayB,15,ESP32->RPi,decrypt,113,229,116,2.665,15,esp32_edge_simulator_1,1,mqtt_bruteforce
15:30:19.652,84.4,gateway,gateway_B,gatewayB,15,ESP32->RPi,decrypt,121,241,120,4.005,15,esp32_edge_normal_1,0,normal
15:30:24.108,88.9,gateway,gateway_B,gatewayB,15,ESP32->RPi,decrypt,119,237,118,4.24,15,esp32_edge_normal_2,0,normal
15:30:24.149,88.9,gateway,gateway_B,gatewayB,15,ESP32->RPi,decrypt,108,221,113,4.2,15,esp32_edge_simulator_1,1,mqtt_bruteforce
15:30:24.652,89.4,gateway,gateway_B,gatewayB,15,ESP32->RPi,decrypt,121,241,120,3.817,15,esp32_edge_normal_1,0,normal
15:30:29.106,93.9,gateway,gateway_B,gatewayB,15,ESP32->RPi,decrypt,120,237,117,1.459,15,esp32_edge_normal_2,0,normal
15:30:29.148,93.9,gateway,gateway_B,gatewayB,15,ESP32->RPi,decrypt,102,213,111,1.278,15,esp32_edge_simulator_1,2,scan_A
15:30:29.646,94.4,gateway,gateway_B,gatewayB,15,ESP32->RPi,decrypt,117,233,116,1.456,15,esp32_edge_normal_1,0,normal
15:30:34.088,98.9,gateway,gateway_B,gatewayB,15,ESP32->RPi,decrypt,116,233,117,4.24,15,esp32_edge_normal_2,0,normal
15:30:34.148,98.9,gateway,gateway_B,gatewayB,15,ESP32->RPi,decrypt,107,221,114,4.328,15,esp32_edge_simulator_1,2,scan_A
15:30:34.651,99.4,gateway,gateway_B,gatewayB,15,ESP32->RPi,decrypt,113,229,116,4.286,15,esp32_edge_normal_1,0,normal
15:30:39.087,103.9,gateway,gateway_B,gatewayB,15,ESP32->RPi,decrypt,117,233,116,3.961,15,esp32_edge_normal_2,0,normal
15:30:39.143,103.9,gateway,gateway_B,gatewayB,15,ESP32->RPi,decrypt,101,213,112,3.661,15,esp32_edge_simulator_1,2,scan_A
15:30:39.640,104.4,gateway,gateway_B,gatewayB,15,ESP32->RPi,decrypt,115,233,118,3.884,15,esp32_edge_normal_1,0,normal
15:30:44.087,108.9,gateway,gateway_B,gatewayB,15,ESP32->RPi,decrypt,115,233,118,3.924,15,esp32_edge_normal_2,0,normal
15:30:44.139,108.9,gateway,gateway_B,gatewayB,15,ESP32->RPi,decrypt,124,245,121,4.343,15,esp32_edge_simulator_1,0,normal
15:30:45.404,110.2,gateway,gateway_B,gatewayB,15,RPi->PC,encrypt,3648,4946,1298,35.773,15,,,
15:30:45.557,110.3,gateway,gateway_B,gatewayB,15,PC->RPi,decrypt,3540,4802,1262,30.591,15,,,
15:30:45.598,110.4,gateway,gateway_B,gatewayB,15,RPi->ESP32,encrypt,3540,4802,1262,34.473,16,,,
15:30:45.738,110.5,gateway,gateway_B,gatewayB,15,ESP32->RPi,decrypt,112,229,117,1.537,16,esp32_edge_normal_1,0,normal
15:30:57.681,122.5,gateway,gateway_B,gatewayB,15,ESP32->RPi,decrypt,118,237,119,4.731,16,esp32_edge_normal_2,0,normal
15:30:58.202,123.0,gateway,gateway_B,gatewayB,15,ESP32->RPi,decrypt,123,241,118,4.539,16,esp32_edge_simulator_1,0,normal
15:30:58.237,123.0,gateway,gateway_B,gatewayB,15,ESP32->RPi,decrypt,114,229,115,4.392,16,esp32_edge_normal_1,0,normal
15:31:02.697,127.5,gateway,gateway_B,gatewayB,15,ESP32->RPi,decrypt,114,229,115,4.444,16,esp32_edge_normal_2,0,normal
15:31:03.198,128.0,gateway,gateway_B,gatewayB,15,ESP32->RPi,decrypt,123,241,118,4.416,16,esp32_edge_simulator_1,0,normal
15:31:03.254,128.0,gateway,gateway_B,gatewayB,15,ESP32->RPi,decrypt,117,233,116,3.857,16,esp32_edge_normal_1,0,normal
15:31:07.685,132.5,gateway,gateway_B,gatewayB,15,ESP32->RPi,decrypt,117,233,116,4.199,16,esp32_edge_normal_2,0,normal
15:31:08.206,133.0,gateway,gateway_B,gatewayB,15,ESP32->RPi,decrypt,108,221,113,3.892,16,esp32_edge_simulator_1,1,mqtt_bruteforce
15:31:08.239,133.0,gateway,gateway_B,gatewayB,15,ESP32->RPi,decrypt,115,233,118,5.137,16,esp32_edge_normal_1,0,normal
15:31:12.680,137.5,gateway,gateway_B,gatewayB,15,ESP32->RPi,decrypt,112,229,117,4.461,16,esp32_edge_normal_2,0,normal
15:31:13.205,138.0,gateway,gateway_B,gatewayB,15,ESP32->RPi,decrypt,117,233,116,4.455,16,esp32_edge_simulator_1,0,normal
15:31:13.231,138.0,gateway,gateway_B,gatewayB,15,ESP32->RPi,decrypt,117,233,116,4.649,16,esp32_edge_normal_1,0,normal
15:31:17.672,142.5,gateway,gateway_B,gatewayB,15,ESP32->RPi,decrypt,119,237,118,4.308,16,esp32_edge_normal_2,0,normal
15:31:18.204,143.0,gateway,gateway_B,gatewayB,15,ESP32->RPi,decrypt,108,221,113,3.931,16,esp32_edge_simulator_1,2,scan_A
15:31:18.231,143.0,gateway,gateway_B,gatewayB,15,ESP32->RPi,decrypt,119,237,118,4.584,16,esp32_edge_normal_1,0,normal
15:31:22.680,147.5,gateway,gateway_B,gatewayB,15,ESP32->RPi,decrypt,115,233,118,4.081,16,esp32_edge_normal_2,0,normal
15:31:23.206,148.0,gateway,gateway_B,gatewayB,15,ESP32->RPi,decrypt,107,221,114,3.784,16,esp32_edge_simulator_1,2,scan_A
15:31:23.235,148.0,gateway,gateway_B,gatewayB,15,ESP32->RPi,decrypt,119,237,118,5.139,16,esp32_edge_normal_1,0,normal
15:31:27.666,152.5,gateway,gateway_B,gatewayB,15,ESP32->RPi,decrypt,113,229,116,4.182,16,esp32_edge_normal_2,0,normal
15:31:28.208,153.0,gateway,gateway_B,gatewayB,15,ESP32->RPi,decrypt,109,225,116,4.037,16,esp32_edge_simulator_1,1,mqtt_bruteforce
15:31:28.232,153.0,gateway,gateway_B,gatewayB,15,ESP32->RPi,decrypt,114,229,115,4.04,16,esp32_edge_normal_1,0,normal
15:31:32.676,157.5,gateway,gateway_B,gatewayB,15,ESP32->RPi,decrypt,106,221,115,3.804,16,esp32_edge_normal_2,0,normal
15:31:33.203,158.0,gateway,gateway_B,gatewayB,15,ESP32->RPi,decrypt,81,185,104,3.263,16,esp32_edge_simulator_1,2,scan_A
15:31:33.229,158.0,gateway,gateway_B,gatewayB,15,ESP32->RPi,decrypt,115,233,118,4.308,16,esp32_edge_normal_1,0,normal
15:31:37.664,162.5,gateway,gateway_B,gatewayB,15,ESP32->RPi,decrypt,117,233,116,3.611,16,esp32_edge_normal_2,0,normal
15:31:38.196,163.0,gateway,gateway_B,gatewayB,15,ESP32->RPi,decrypt,118,237,119,4.18,16,esp32_edge_simulator_1,0,normal
15:31:38.229,163.0,gateway,gateway_B,gatewayB,15,ESP32->RPi,decrypt,116,233,117,4.783,16,esp32_edge_normal_1,0,normal
15:31:42.662,167.4,gateway,gateway_B,gatewayB,15,ESP32->RPi,decrypt,119,237,118,4.258,16,esp32_edge_normal_2,0,normal
15:31:43.204,168.0,gateway,gateway_B,gatewayB,15,ESP32->RPi,decrypt,109,225,116,3.697,16,esp32_edge_simulator_1,1,mqtt_bruteforce
15:31:43.846,168.6,gateway,gateway_B,gatewayB,15,PC->RPi,decrypt,3533,4794,1261,38.573,16,,,
15:31:43.895,168.7,gateway,gateway_B,gatewayB,15,RPi->ESP32,encrypt,3533,4794,1261,39.298,17,,,
15:31:44.180,169.0,gateway,gateway_B,gatewayB,15,RPi->PC,encrypt,3650,4950,1300,35.69,17,,,
15:31:44.227,169.0,gateway,gateway_B,gatewayB,15,ESP32->RPi,decrypt,114,229,115,1.589,17,esp32_edge_normal_1,0,normal
15:31:56.134,180.9,gateway,gateway_B,gatewayB,15,ESP32->RPi,decrypt,116,233,117,4.625,17,esp32_edge_normal_2,0,normal
15:31:56.177,181.0,gateway,gateway_B,gatewayB,15,ESP32->RPi,decrypt,102,213,111,3.443,17,esp32_edge_simulator_1,2,scan_A
15:31:56.199,181.0,gateway,gateway_B,gatewayB,15,ESP32->RPi,decrypt,114,229,115,4.025,17,esp32_edge_normal_1,0,normal
15:32:01.133,185.9,gateway,gateway_B,gatewayB,15,ESP32->RPi,decrypt,120,237,117,3.108,17,esp32_edge_normal_2,0,normal
15:32:01.160,185.9,gateway,gateway_B,gatewayB,15,ESP32->RPi,decrypt,122,241,119,3.334,17,esp32_edge_simulator_1,0,normal
15:32:01.186,186.0,gateway,gateway_B,gatewayB,15,ESP32->RPi,decrypt,115,233,118,3.168,17,esp32_edge_normal_1,0,normal
15:32:06.129,190.9,gateway,gateway_B,gatewayB,15,ESP32->RPi,decrypt,116,233,117,4.041,17,esp32_edge_normal_2,0,normal
15:32:06.161,190.9,gateway,gateway_B,gatewayB,15,ESP32->RPi,decrypt,118,237,119,4.129,17,esp32_edge_simulator_1,0,normal
15:32:06.197,191.0,gateway,gateway_B,gatewayB,15,ESP32->RPi,decrypt,119,237,118,4.559,17,esp32_edge_normal_1,0,normal
15:32:11.117,195.9,gateway,gateway_B,gatewayB,15,ESP32->RPi,decrypt,119,237,118,3.941,17,esp32_edge_normal_2,0,normal
15:32:11.167,196.0,gateway,gateway_B,gatewayB,15,ESP32->RPi,decrypt,109,225,116,3.207,17,esp32_edge_simulator_1,1,mqtt_bruteforce
15:32:11.187,196.0,gateway,gateway_B,gatewayB,15,ESP32->RPi,decrypt,118,237,119,3.69,17,esp32_edge_normal_1,0,normal
15:32:16.123,200.9,gateway,gateway_B,gatewayB,15,ESP32->RPi,decrypt,116,233,117,1.346,17,esp32_edge_normal_2,0,normal
15:32:16.160,200.9,gateway,gateway_B,gatewayB,15,ESP32->RPi,decrypt,119,237,118,1.339,17,esp32_edge_simulator_1,0,normal
15:32:16.183,201.0,gateway,gateway_B,gatewayB,15,ESP32->RPi,decrypt,117,233,116,1.356,17,esp32_edge_normal_1,0,normal
15:32:21.119,205.9,gateway,gateway_B,gatewayB,15,ESP32->RPi,decrypt,107,221,114,3.768,17,esp32_edge_normal_2,0,normal
15:32:21.168,206.0,gateway,gateway_B,gatewayB,15,ESP32->RPi,decrypt,113,229,116,4.161,17,esp32_edge_simulator_1,1,mqtt_bruteforce
15:32:21.186,206.0,gateway,gateway_B,gatewayB,15,ESP32->RPi,decrypt,113,229,116,4.211,17,esp32_edge_normal_1,0,normal
15:32:26.128,210.9,gateway,gateway_B,gatewayB,15,ESP32->RPi,decrypt,121,241,120,3.342,17,esp32_edge_normal_2,0,normal
15:32:26.169,211.0,gateway,gateway_B,gatewayB,15,ESP32->RPi,decrypt,109,225,116,2.945,17,esp32_edge_simulator_1,1,mqtt_bruteforce
15:32:26.185,211.0,gateway,gateway_B,gatewayB,15,ESP32->RPi,decrypt,120,237,117,3.158,17,esp32_edge_normal_1,0,normal
15:32:31.112,215.9,gateway,gateway_B,gatewayB,15,ESP32->RPi,decrypt,118,237,119,4.271,17,esp32_edge_normal_2,0,normal
15:32:31.167,216.0,gateway,gateway_B,gatewayB,15,ESP32->RPi,decrypt,100,213,113,3.84,17,esp32_edge_simulator_1,2,scan_A
15:32:31.188,216.0,gateway,gateway_B,gatewayB,15,ESP32->RPi,decrypt,115,233,118,4.549,17,esp32_edge_normal_1,0,normal
15:32:36.120,220.9,gateway,gateway_B,gatewayB,15,ESP32->RPi,decrypt,115,233,118,4.285,17,esp32_edge_normal_2,0,normal
15:32:36.169,221.0,gateway,gateway_B,gatewayB,15,ESP32->RPi,decrypt,112,229,117,4.74,17,esp32_edge_simulator_1,1,mqtt_bruteforce
15:32:36.187,221.0,gateway,gateway_B,gatewayB,15,ESP32->RPi,decrypt,117,233,116,4.43,17,esp32_edge_normal_1,0,normal
15:32:41.115,225.9,gateway,gateway_B,gatewayB,15,ESP32->RPi,decrypt,120,237,117,4.494,17,esp32_edge_normal_2,0,normal
15:32:41.167,226.0,gateway,gateway_B,gatewayB,15,ESP32->RPi,decrypt,108,221,113,4.431,17,esp32_edge_simulator_1,2,scan_A
15:32:42.088,226.9,gateway,gateway_B,gatewayB,15,RPi->PC,encrypt,3639,4934,1295,34.823,17,,,
15:32:42.166,227.0,gateway,gateway_B,gatewayB,15,PC->RPi,decrypt,3543,4806,1263,33.479,17,,,
15:32:42.205,227.0,gateway,gateway_B,gatewayB,15,RPi->ESP32,encrypt,3543,4806,1263,32.548,18,,,
15:32:42.359,227.1,gateway,gateway_B,gatewayB,15,ESP32->RPi,decrypt,121,241,120,1.52,18,esp32_edge_normal_1,0,normal
15:32:54.250,239.0,gateway,gateway_B,gatewayB,15,ESP32->RPi,decrypt,118,237,119,1.512,18,esp32_edge_normal_2,0,normal
15:32:54.724,239.5,gateway,gateway_B,gatewayB,15,ESP32->RPi,decrypt,112,229,117,1.41,18,esp32_edge_normal_1,0,normal
15:32:54.773,239.6,gateway,gateway_B,gatewayB,15,ESP32->RPi,decrypt,107,221,114,1.466,18,esp32_edge_simulator_1,2,scan_A
15:32:59.253,244.0,gateway,gateway_B,gatewayB,15,ESP32->RPi,decrypt,120,237,117,4.208,18,esp32_edge_normal_2,0,normal
15:32:59.727,244.5,gateway,gateway_B,gatewayB,15,ESP32->RPi,decrypt,117,233,116,4.039,18,esp32_edge_normal_1,0,normal
15:32:59.769,244.6,gateway,gateway_B,gatewayB,15,ESP32->RPi,decrypt,118,237,119,2.825,18,esp32_edge_simulator_1,0,normal
15:33:04.247,249.0,gateway,gateway_B,gatewayB,15,ESP32->RPi,decrypt,115,233,118,4.198,18,esp32_edge_normal_2,0,normal
15:33:04.729,249.5,gateway,gateway_B,gatewayB,15,ESP32->RPi,decrypt,118,237,119,4.2,18,esp32_edge_normal_1,0,normal
15:33:04.771,249.6,gateway,gateway_B,gatewayB,15,ESP32->RPi,decrypt,95,205,110,3.078,18,esp32_edge_simulator_1,2,scan_A
15:33:09.242,254.0,gateway,gateway_B,gatewayB,15,ESP32->RPi,decrypt,117,233,116,4.177,18,esp32_edge_normal_2,0,normal
15:33:09.733,254.5,gateway,gateway_B,gatewayB,15,ESP32->RPi,decrypt,116,233,117,3.849,18,esp32_edge_normal_1,0,normal
15:33:09.774,254.6,gateway,gateway_B,gatewayB,15,ESP32->RPi,decrypt,81,185,104,2.947,18,esp32_edge_simulator_1,2,scan_A
15:33:14.247,259.0,gateway,gateway_B,gatewayB,15,ESP32->RPi,decrypt,121,241,120,4.504,18,esp32_edge_normal_2,0,normal
15:33:14.730,259.5,gateway,gateway_B,gatewayB,15,ESP32->RPi,decrypt,118,237,119,4.173,18,esp32_edge_normal_1,0,normal
15:33:14.771,259.6,gateway,gateway_B,gatewayB,15,ESP32->RPi,decrypt,81,185,104,3.382,18,esp32_edge_simulator_1,2,scan_A
15:33:19.240,264.0,gateway,gateway_B,gatewayB,15,ESP32->RPi,decrypt,117,233,116,4.296,18,esp32_edge_normal_2,0,normal
15:33:19.727,264.5,gateway,gateway_B,gatewayB,15,ESP32->RPi,decrypt,117,233,116,4.181,18,esp32_edge_normal_1,0,normal
15:33:19.771,264.6,gateway,gateway_B,gatewayB,15,ESP32->RPi,decrypt,112,229,117,3.651,18,esp32_edge_simulator_1,1,mqtt_bruteforce
15:33:24.230,269.0,gateway,gateway_B,gatewayB,15,ESP32->RPi,decrypt,121,241,120,4.256,18,esp32_edge_normal_2,0,normal
15:33:24.726,269.5,gateway,gateway_B,gatewayB,15,ESP32->RPi,decrypt,118,237,119,3.955,18,esp32_edge_normal_1,0,normal
15:33:24.761,269.5,gateway,gateway_B,gatewayB,15,ESP32->RPi,decrypt,120,237,117,4.353,18,esp32_edge_simulator_1,0,normal
15:33:29.229,274.0,gateway,gateway_B,gatewayB,15,ESP32->RPi,decrypt,117,233,116,3.969,18,esp32_edge_normal_2,0,normal
15:33:29.733,274.5,gateway,gateway_B,gatewayB,15,ESP32->RPi,decrypt,119,237,118,4.212,18,esp32_edge_normal_1,0,normal
15:33:29.771,274.6,gateway,gateway_B,gatewayB,15,ESP32->RPi,decrypt,122,241,119,4.68,18,esp32_edge_simulator_1,0,normal
15:33:34.222,279.0,gateway,gateway_B,gatewayB,15,ESP32->RPi,decrypt,107,221,114,3.872,18,esp32_edge_normal_2,0,normal
15:33:34.729,279.5,gateway,gateway_B,gatewayB,15,ESP32->RPi,decrypt,114,229,115,4.026,18,esp32_edge_normal_1,0,normal
15:33:34.762,279.5,gateway,gateway_B,gatewayB,15,ESP32->RPi,decrypt,119,237,118,4.509,18,esp32_edge_simulator_1,0,normal
15:33:39.219,284.0,gateway,gateway_B,gatewayB,15,ESP32->RPi,decrypt,113,229,116,4.104,18,esp32_edge_normal_2,0,normal
15:33:39.727,284.5,gateway,gateway_B,gatewayB,15,ESP32->RPi,decrypt,121,241,120,4.368,18,esp32_edge_normal_1,0,normal
15:33:40.685,285.5,gateway,gateway_B,gatewayB,15,RPi->PC,encrypt,3657,4958,1301,35.337,18,,,
15:33:40.798,285.6,gateway,gateway_B,gatewayB,15,PC->RPi,decrypt,3542,4806,1264,32.345,18,,,
15:33:40.840,285.6,gateway,gateway_B,gatewayB,15,RPi->ESP32,encrypt,3542,4806,1264,35.727,19,,,
15:33:42.336,287.1,gateway,gateway_B,gatewayB,15,ESP32->RPi,decrypt,112,229,117,1.445,19,esp32_edge_simulator_1,1,mqtt_bruteforce
15:33:54.193,299.0,gateway,gateway_B,gatewayB,15,ESP32->RPi,decrypt,120,237,117,1.451,19,esp32_edge_normal_2,0,normal
15:33:54.227,299.0,gateway,gateway_B,gatewayB,15,ESP32->RPi,decrypt,115,233,118,1.486,19,esp32_edge_normal_1,0,normal
15:33:54.246,299.0,gateway,gateway_B,gatewayB,15,ESP32->RPi,decrypt,109,225,116,1.434,19,esp32_edge_simulator_1,1,mqtt_bruteforce
15:33:59.224,304.0,gateway,gateway_B,gatewayB,15,ESP32->RPi,decrypt,118,237,119,4.317,19,esp32_edge_normal_2,0,normal
15:33:59.232,304.0,gateway,gateway_B,gatewayB,15,ESP32->RPi,decrypt,117,233,116,4.513,19,esp32_edge_normal_1,0,normal
15:33:59.250,304.0,gateway,gateway_B,gatewayB,15,ESP32->RPi,decrypt,111,225,114,4.324,19,esp32_edge_simulator_1,1,mqtt_bruteforce
15:34:04.201,309.0,gateway,gateway_B,gatewayB,15,ESP32->RPi,decrypt,116,233,117,4.486,19,esp32_edge_normal_2,0,normal
15:34:04.229,309.0,gateway,gateway_B,gatewayB,15,ESP32->RPi,decrypt,117,233,116,4.299,19,esp32_edge_normal_1,0,normal
15:34:04.250,309.0,gateway,gateway_B,gatewayB,15,ESP32->RPi,decrypt,109,225,116,4.117,19,esp32_edge_simulator_1,1,mqtt_bruteforce
15:34:09.206,314.0,gateway,gateway_B,gatewayB,15,ESP32->RPi,decrypt,115,233,118,3.79,19,esp32_edge_normal_2,0,normal
15:34:09.226,314.0,gateway,gateway_B,gatewayB,15,ESP32->RPi,decrypt,117,233,116,3.537,19,esp32_edge_normal_1,0,normal
15:34:09.244,314.0,gateway,gateway_B,gatewayB,15,ESP32->RPi,decrypt,119,237,118,3.873,19,esp32_edge_simulator_1,0,normal
15:34:14.207,319.0,gateway,gateway_B,gatewayB,15,ESP32->RPi,decrypt,116,233,117,4.324,19,esp32_edge_normal_2,0,normal
15:34:14.229,319.0,gateway,gateway_B,gatewayB,15,ESP32->RPi,decrypt,121,241,120,4.456,19,esp32_edge_normal_1,0,normal
15:34:14.244,319.0,gateway,gateway_B,gatewayB,15,ESP32->RPi,decrypt,120,237,117,4.525,19,esp32_edge_simulator_1,0,normal
15:34:19.198,324.0,gateway,gateway_B,gatewayB,15,ESP32->RPi,decrypt,118,237,119,4.389,19,esp32_edge_normal_2,0,normal
15:34:19.230,324.0,gateway,gateway_B,gatewayB,15,ESP32->RPi,decrypt,120,237,117,4.835,19,esp32_edge_normal_1,0,normal
15:34:19.243,324.0,gateway,gateway_B,gatewayB,15,ESP32->RPi,decrypt,122,241,119,5.119,19,esp32_edge_simulator_1,0,normal
15:34:24.192,329.0,gateway,gateway_B,gatewayB,15,ESP32->RPi,decrypt,107,221,114,4.278,19,esp32_edge_normal_2,0,normal
15:34:24.232,329.0,gateway,gateway_B,gatewayB,15,ESP32->RPi,decrypt,117,233,116,3.285,19,esp32_edge_normal_1,0,normal
15:34:24.245,329.0,gateway,gateway_B,gatewayB,15,ESP32->RPi,decrypt,122,241,119,3.345,19,esp32_edge_simulator_1,0,normal
15:34:29.191,334.0,gateway,gateway_B,gatewayB,15,ESP32->RPi,decrypt,113,229,116,1.351,19,esp32_edge_normal_2,0,normal
15:34:29.223,334.0,gateway,gateway_B,gatewayB,15,ESP32->RPi,decrypt,114,229,115,1.523,19,esp32_edge_normal_1,0,normal
15:34:29.245,334.0,gateway,gateway_B,gatewayB,15,ESP32->RPi,decrypt,81,185,104,1.154,19,esp32_edge_simulator_1,2,scan_A
15:34:34.191,339.0,gateway,gateway_B,gatewayB,15,ESP32->RPi,decrypt,118,237,119,4.21,19,esp32_edge_normal_2,0,normal
15:34:34.226,339.0,gateway,gateway_B,gatewayB,15,ESP32->RPi,decrypt,116,233,117,4.197,19,esp32_edge_normal_1,0,normal
15:34:34.243,339.0,gateway,gateway_B,gatewayB,15,ESP32->RPi,decrypt,117,233,116,4.463,19,esp32_edge_simulator_1,0,normal
15:34:39.198,344.0,gateway,gateway_B,gatewayB,15,ESP32->RPi,decrypt,113,229,116,3.781,19,esp32_edge_normal_2,0,normal
15:34:39.230,344.0,gateway,gateway_B,gatewayB,15,ESP32->RPi,decrypt,121,241,120,4.268,19,esp32_edge_normal_1,0,normal
15:34:40.351,345.1,gateway,gateway_B,gatewayB,15,RPi->PC,encrypt,3635,4930,1295,34.215,19,,,
15:34:40.477,345.3,gateway,gateway_B,gatewayB,15,PC->RPi,decrypt,3539,4802,1263,32.628,19,,,
15:34:40.514,345.3,gateway,gateway_B,gatewayB,15,RPi->ESP32,encrypt,3539,4802,1263,30.569,20,,,
15:34:41.105,345.9,gateway,gateway_B,gatewayB,15,ESP32->RPi,decrypt,81,185,104,1.168,20,esp32_edge_simulator_1,2,scan_A
15:34:52.987,357.8,gateway,gateway_B,gatewayB,15,ESP32->RPi,decrypt,120,237,117,1.605,20,esp32_edge_normal_2,0,normal
15:34:53.008,357.8,gateway,gateway_B,gatewayB,15,ESP32->RPi,decrypt,120,237,117,1.483,20,esp32_edge_normal_1,0,normal
15:34:53.017,357.8,gateway,gateway_B,gatewayB,15,ESP32->RPi,decrypt,113,229,116,1.499,20,esp32_edge_simulator_1,1,mqtt_bruteforce
15:34:57.995,362.8,gateway,gateway_B,gatewayB,15,ESP32->RPi,decrypt,116,233,117,4.278,20,esp32_edge_normal_2,0,normal
15:34:58.012,362.8,gateway,gateway_B,gatewayB,15,ESP32->RPi,decrypt,115,233,118,4.295,20,esp32_edge_normal_1,0,normal
15:34:58.028,362.8,gateway,gateway_B,gatewayB,15,ESP32->RPi,decrypt,106,221,115,3.985,20,esp32_edge_simulator_1,2,scan_A
15:35:03.002,367.8,gateway,gateway_B,gatewayB,15,ESP32->RPi,decrypt,120,237,117,4.201,20,esp32_edge_normal_2,0,normal
15:35:03.011,367.8,gateway,gateway_B,gatewayB,15,ESP32->RPi,decrypt,119,237,118,3.869,20,esp32_edge_normal_1,0,normal
15:35:03.021,367.8,gateway,gateway_B,gatewayB,15,ESP32->RPi,decrypt,113,229,116,3.875,20,esp32_edge_simulator_1,1,mqtt_bruteforce
15:35:07.987,372.8,gateway,gateway_B,gatewayB,15,ESP32->RPi,decrypt,117,233,116,3.874,20,esp32_edge_normal_2,0,normal
15:35:08.007,372.8,gateway,gateway_B,gatewayB,15,ESP32->RPi,decrypt,116,233,117,3.805,20,esp32_edge_normal_1,0,normal
15:35:08.021,372.8,gateway,gateway_B,gatewayB,15,ESP32->RPi,decrypt,104,217,113,3.954,20,esp32_edge_simulator_1,2,scan_A
15:35:12.980,377.8,gateway,gateway_B,gatewayB,15,ESP32->RPi,decrypt,116,233,117,1.368,20,esp32_edge_normal_2,0,normal
15:35:13.007,377.8,gateway,gateway_B,gatewayB,15,ESP32->RPi,decrypt,121,241,120,1.512,20,esp32_edge_normal_1,0,normal
15:35:13.009,377.8,gateway,gateway_B,gatewayB,15,ESP32->RPi,decrypt,117,233,116,1.307,20,esp32_edge_simulator_1,0,normal
15:35:17.975,382.8,gateway,gateway_B,gatewayB,15,ESP32->RPi,decrypt,114,229,115,3.821,20,esp32_edge_normal_2,0,normal
15:35:18.010,382.8,gateway,gateway_B,gatewayB,15,ESP32->RPi,decrypt,119,237,118,3.945,20,esp32_edge_normal_1,0,normal
15:35:18.027,382.8,gateway,gateway_B,gatewayB,15,ESP32->RPi,decrypt,107,221,114,2.427,20,esp32_edge_simulator_1,2,scan_A
15:35:22.978,387.8,gateway,gateway_B,gatewayB,15,ESP32->RPi,decrypt,116,233,117,4.121,20,esp32_edge_normal_2,0,normal
15:35:23.011,387.8,gateway,gateway_B,gatewayB,15,ESP32->RPi,decrypt,107,221,114,4.131,20,esp32_edge_normal_1,0,normal
15:35:23.028,387.8,gateway,gateway_B,gatewayB,15,ESP32->RPi,decrypt,104,217,113,4.161,20,esp32_edge_simulator_1,2,scan_A
15:35:27.971,392.8,gateway,gateway_B,gatewayB,15,ESP32->RPi,decrypt,117,233,116,1.468,20,esp32_edge_normal_2,0,normal
15:35:28.004,392.8,gateway,gateway_B,gatewayB,15,ESP32->RPi,decrypt,117,233,116,1.331,20,esp32_edge_normal_1,0,normal
15:35:28.010,392.8,gateway,gateway_B,gatewayB,15,ESP32->RPi,decrypt,122,241,119,1.37,20,esp32_edge_simulator_1,0,normal
15:35:32.979,397.8,gateway,gateway_B,gatewayB,15,ESP32->RPi,decrypt,117,233,116,3.852,20,esp32_edge_normal_2,0,normal
15:35:33.013,397.8,gateway,gateway_B,gatewayB,15,ESP32->RPi,decrypt,120,237,117,4.207,20,esp32_edge_normal_1,0,normal
15:35:33.020,397.8,gateway,gateway_B,gatewayB,15,ESP32->RPi,decrypt,100,213,113,3.579,20,esp32_edge_simulator_1,2,scan_A
15:35:37.976,402.8,gateway,gateway_B,gatewayB,15,ESP32->RPi,decrypt,115,233,118,4.075,20,esp32_edge_normal_2,0,normal
15:35:38.008,402.8,gateway,gateway_B,gatewayB,15,ESP32->RPi,decrypt,106,221,115,3.36,20,esp32_edge_normal_1,0,normal
15:35:38.961,403.7,gateway,gateway_B,gatewayB,15,RPi->PC,encrypt,3645,4942,1297,34.552,20,,,
15:35:39.176,404.0,gateway,gateway_B,gatewayB,15,PC->RPi,decrypt,3538,4802,1264,31.34,20,,,
15:35:39.215,404.0,gateway,gateway_B,gatewayB,15,RPi->ESP32,encrypt,3538,4802,1264,33.479,21,,,
15:35:39.477,404.3,gateway,gateway_B,gatewayB,15,ESP32->RPi,decrypt,118,237,119,1.405,21,esp32_edge_simulator_1,0,normal
15:35:51.337,416.1,gateway,gateway_B,gatewayB,15,ESP32->RPi,decrypt,116,233,117,1.384,21,esp32_edge_normal_2,0,normal
15:35:51.365,416.2,gateway,gateway_B,gatewayB,15,ESP32->RPi,decrypt,121,241,120,1.487,21,esp32_edge_normal_1,0,normal
15:35:51.376,416.2,gateway,gateway_B,gatewayB,15,ESP32->RPi,decrypt,119,237,118,1.367,21,esp32_edge_simulator_1,0,normal
15:35:56.339,421.1,gateway,gateway_B,gatewayB,15,ESP32->RPi,decrypt,116,233,117,4.252,21,esp32_edge_normal_2,0,normal
15:35:56.369,421.2,gateway,gateway_B,gatewayB,15,ESP32->RPi,decrypt,114,229,115,4.269,21,esp32_edge_normal_1,0,normal
15:35:56.391,421.2,gateway,gateway_B,gatewayB,15,ESP32->RPi,decrypt,81,185,104,2.556,21,esp32_edge_simulator_1,2,scan_A
15:36:01.339,426.1,gateway,gateway_B,gatewayB,15,ESP32->RPi,decrypt,117,233,116,4.206,21,esp32_edge_normal_2,0,normal
15:36:01.372,426.2,gateway,gateway_B,gatewayB,15,ESP32->RPi,decrypt,121,241,120,4.739,21,esp32_edge_normal_1,0,normal
15:36:01.388,426.2,gateway,gateway_B,gatewayB,15,ESP32->RPi,decrypt,108,221,113,4.239,21,esp32_edge_simulator_1,1,mqtt_bruteforce
15:36:06.343,431.1,gateway,gateway_B,gatewayB,15,ESP32->RPi,decrypt,115,233,118,3.94,21,esp32_edge_normal_2,0,normal
15:36:06.374,431.2,gateway,gateway_B,gatewayB,15,ESP32->RPi,decrypt,121,241,120,4.096,21,esp32_edge_simulator_1,0,normal
15:36:06.385,431.2,gateway,gateway_B,gatewayB,15,ESP32->RPi,decrypt,116,233,117,4.582,21,esp32_edge_normal_1,0,normal
15:36:11.342,436.1,gateway,gateway_B,gatewayB,15,ESP32->RPi,decrypt,115,233,118,3.195,21,esp32_edge_normal_2,0,normal
15:36:11.379,436.2,gateway,gateway_B,gatewayB,15,ESP32->RPi,decrypt,117,233,116,4.051,21,esp32_edge_normal_1,0,normal
15:36:11.384,436.2,gateway,gateway_B,gatewayB,15,ESP32->RPi,decrypt,112,229,117,3.241,21,esp32_edge_simulator_1,1,mqtt_bruteforce
15:36:16.337,441.1,gateway,gateway_B,gatewayB,15,ESP32->RPi,decrypt,120,237,117,4.191,21,esp32_edge_normal_2,0,normal
15:36:16.370,441.2,gateway,gateway_B,gatewayB,15,ESP32->RPi,decrypt,120,237,117,4.084,21,esp32_edge_normal_1,0,normal
15:36:16.383,441.2,gateway,gateway_B,gatewayB,15,ESP32->RPi,decrypt,111,225,114,3.76,21,esp32_edge_simulator_1,1,mqtt_bruteforce
15:36:21.330,446.1,gateway,gateway_B,gatewayB,15,ESP32->RPi,decrypt,121,241,120,4.159,21,esp32_edge_normal_2,0,normal
15:36:21.377,446.2,gateway,gateway_B,gatewayB,15,ESP32->RPi,decrypt,115,233,118,4.24,21,esp32_edge_normal_1,0,normal
15:36:21.396,446.2,gateway,gateway_B,gatewayB,15,ESP32->RPi,decrypt,108,221,113,4.207,21,esp32_edge_simulator_1,1,mqtt_bruteforce
15:36:26.323,451.1,gateway,gateway_B,gatewayB,15,ESP32->RPi,decrypt,116,233,117,3.714,21,esp32_edge_normal_2,0,normal
15:36:26.370,451.2,gateway,gateway_B,gatewayB,15,ESP32->RPi,decrypt,116,233,117,3.534,21,esp32_edge_normal_1,0,normal
15:36:26.385,451.2,gateway,gateway_B,gatewayB,15,ESP32->RPi,decrypt,107,221,114,3.985,21,esp32_edge_simulator_1,2,scan_A
15:36:31.329,456.1,gateway,gateway_B,gatewayB,15,ESP32->RPi,decrypt,117,233,116,4.111,21,esp32_edge_normal_2,0,normal
15:36:31.370,456.2,gateway,gateway_B,gatewayB,15,ESP32->RPi,decrypt,120,237,117,4.123,21,esp32_edge_normal_1,0,normal
15:36:31.395,456.2,gateway,gateway_B,gatewayB,15,ESP32->RPi,decrypt,108,221,113,3.662,21,esp32_edge_simulator_1,2,scan_A
15:36:36.331,461.1,gateway,gateway_B,gatewayB,15,ESP32->RPi,decrypt,121,241,120,4.002,21,esp32_edge_normal_2,0,normal
15:36:36.367,461.2,gateway,gateway_B,gatewayB,15,ESP32->RPi,decrypt,113,229,116,3.358,21,esp32_edge_normal_1,0,normal
15:36:37.495,462.3,gateway,gateway_B,gatewayB,15,RPi->PC,encrypt,3635,4930,1295,38.844,21,,,
15:36:37.651,462.4,gateway,gateway_B,gatewayB,15,PC->RPi,decrypt,3542,4806,1264,32.243,21,,,
15:36:37.689,462.5,gateway,gateway_B,gatewayB,15,RPi->ESP32,encrypt,3542,4806,1264,31.161,22,,,
15:36:38.457,463.2,gateway,gateway_B,gatewayB,15,ESP32->RPi,decrypt,107,221,114,1.444,22,esp32_edge_simulator_1,2,scan_A
15:36:50.327,475.1,gateway,gateway_B,gatewayB,15,ESP32->RPi,decrypt,113,229,116,2.646,22,esp32_edge_normal_2,0,normal
15:36:50.356,475.1,gateway,gateway_B,gatewayB,15,ESP32->RPi,decrypt,115,233,118,4.212,22,esp32_edge_normal_1,0,normal
15:36:50.375,475.2,gateway,gateway_B,gatewayB,15,ESP32->RPi,decrypt,124,245,121,4.432,22,esp32_edge_simulator_1,0,normal
15:36:55.324,480.1,gateway,gateway_B,gatewayB,15,ESP32->RPi,decrypt,117,233,116,4.266,22,esp32_edge_normal_2,0,normal
15:36:55.355,480.1,gateway,gateway_B,gatewayB,15,ESP32->RPi,decrypt,107,221,114,3.886,22,esp32_edge_normal_1,0,normal
15:36:55.381,480.2,gateway,gateway_B,gatewayB,15,ESP32->RPi,decrypt,81,185,104,4.409,22,esp32_edge_simulator_1,2,scan_A
15:37:00.339,485.1,gateway,gateway_B,gatewayB,15,ESP32->RPi,decrypt,117,233,116,4.375,22,esp32_edge_normal_2,0,normal
15:37:00.388,485.2,gateway,gateway_B,gatewayB,15,ESP32->RPi,decrypt,116,233,117,5.082,22,esp32_edge_normal_1,0,normal
15:37:00.392,485.2,gateway,gateway_B,gatewayB,15,ESP32->RPi,decrypt,107,221,114,2.575,22,esp32_edge_simulator_1,2,scan_A
15:37:05.323,490.1,gateway,gateway_B,gatewayB,15,ESP32->RPi,decrypt,117,233,116,4.177,22,esp32_edge_normal_2,0,normal
15:37:05.358,490.1,gateway,gateway_B,gatewayB,15,ESP32->RPi,decrypt,117,233,116,4.156,22,esp32_edge_normal_1,0,normal
15:37:05.381,490.2,gateway,gateway_B,gatewayB,15,ESP32->RPi,decrypt,112,229,117,3.152,22,esp32_edge_simulator_1,1,mqtt_bruteforce
15:37:10.314,495.1,gateway,gateway_B,gatewayB,15,ESP32->RPi,decrypt,115,233,118,4.324,22,esp32_edge_normal_2,0,normal
15:37:10.360,495.1,gateway,gateway_B,gatewayB,15,ESP32->RPi,decrypt,115,233,118,4.498,22,esp32_edge_normal_1,0,normal
15:37:10.384,495.2,gateway,gateway_B,gatewayB,15,ESP32->RPi,decrypt,81,185,104,3.871,22,esp32_edge_simulator_1,2,scan_A
15:37:15.324,500.1,gateway,gateway_B,gatewayB,15,ESP32->RPi,decrypt,120,237,117,4.039,22,esp32_edge_normal_2,0,normal
15:37:15.358,500.1,gateway,gateway_B,gatewayB,15,ESP32->RPi,decrypt,114,229,115,3.843,22,esp32_edge_normal_1,0,normal
15:37:15.380,500.2,gateway,gateway_B,gatewayB,15,ESP32->RPi,decrypt,108,221,113,3.786,22,esp32_edge_simulator_1,2,scan_A
15:37:20.333,505.1,gateway,gateway_B,gatewayB,15,ESP32->RPi,decrypt,117,233,116,4.309,22,esp32_edge_normal_2,0,normal
15:37:20.358,505.1,gateway,gateway_B,gatewayB,15,ESP32->RPi,decrypt,119,237,118,5.648,22,esp32_edge_normal_1,0,normal
15:37:20.409,505.2,gateway,gateway_B,gatewayB,15,ESP32->RPi,decrypt,113,229,116,3.008,22,esp32_edge_simulator_1,1,mqtt_bruteforce
15:37:25.326,510.1,gateway,gateway_B,gatewayB,15,ESP32->RPi,decrypt,117,233,116,4.239,22,esp32_edge_normal_2,0,normal
15:37:25.358,510.1,gateway,gateway_B,gatewayB,15,ESP32->RPi,decrypt,116,233,117,4.324,22,esp32_edge_normal_1,0,normal
15:37:25.373,510.2,gateway,gateway_B,gatewayB,15,ESP32->RPi,decrypt,120,237,117,4.686,22,esp32_edge_simulator_1,0,normal
15:37:30.316,515.1,gateway,gateway_B,gatewayB,15,ESP32->RPi,decrypt,116,233,117,4.449,22,esp32_edge_normal_2,0,normal
15:37:30.356,515.1,gateway,gateway_B,gatewayB,15,ESP32->RPi,decrypt,115,233,118,4.4,22,esp32_edge_normal_1,0,normal
15:37:30.379,515.2,gateway,gateway_B,gatewayB,15,ESP32->RPi,decrypt,81,185,104,3.484,22,esp32_edge_simulator_1,2,scan_A
15:37:35.317,520.1,gateway,gateway_B,gatewayB,15,ESP32->RPi,decrypt,114,229,115,4.171,22,esp32_edge_normal_2,0,normal
15:37:35.361,520.1,gateway,gateway_B,gatewayB,15,ESP32->RPi,decrypt,119,237,118,4.435,22,esp32_edge_normal_1,0,normal
15:37:36.331,521.1,gateway,gateway_B,gatewayB,15,RPi->PC,encrypt,3645,4942,1297,35.997,22,,,
15:37:36.533,521.3,gateway,gateway_B,gatewayB,15,PC->RPi,decrypt,3538,4802,1264,32.707,22,,,
15:37:36.571,521.4,gateway,gateway_B,gatewayB,15,RPi->ESP32,encrypt,3538,4802,1264,31.293,23,,,
15:37:36.834,521.6,gateway,gateway_B,gatewayB,15,ESP32->RPi,decrypt,119,237,118,1.48,23,esp32_edge_simulator_1,0,normal
15:37:48.740,533.5,gateway,gateway_B,gatewayB,15,ESP32->RPi,decrypt,117,233,116,4.313,23,esp32_edge_normal_1,0,normal
15:37:48.762,533.5,gateway,gateway_B,gatewayB,15,ESP32->RPi,decrypt,116,233,117,3.461,23,esp32_edge_normal_2,0,normal
15:37:48.879,533.7,gateway,gateway_B,gatewayB,15,ESP32->RPi,decrypt,112,229,117,2.344,23,esp32_edge_simulator_1,1,mqtt_bruteforce
15:37:53.728,538.5,gateway,gateway_B,gatewayB,15,ESP32->RPi,decrypt,121,241,120,1.519,23,esp32_edge_normal_2,0,normal
15:37:53.735,538.5,gateway,gateway_B,gatewayB,15,ESP32->RPi,decrypt,118,237,119,1.41,23,esp32_edge_normal_1,0,normal
15:37:53.774,538.6,gateway,gateway_B,gatewayB,15,ESP32->RPi,decrypt,108,221,113,1.366,23,esp32_edge_simulator_1,2,scan_A
15:37:58.727,543.5,gateway,gateway_B,gatewayB,15,ESP32->RPi,decrypt,120,237,117,4.349,23,esp32_edge_normal_2,0,normal
15:37:58.739,543.5,gateway,gateway_B,gatewayB,15,ESP32->RPi,decrypt,120,237,117,4.166,23,esp32_edge_normal_1,0,normal
15:37:58.777,543.6,gateway,gateway_B,gatewayB,15,ESP32->RPi,decrypt,107,221,114,4.279,23,esp32_edge_simulator_1,2,scan_A
15:38:03.728,548.5,gateway,gateway_B,gatewayB,15,ESP32->RPi,decrypt,119,237,118,4.328,23,esp32_edge_normal_2,0,normal
15:38:03.739,548.5,gateway,gateway_B,gatewayB,15,ESP32->RPi,decrypt,119,237,118,4.277,23,esp32_edge_normal_1,0,normal
15:38:03.770,548.6,gateway,gateway_B,gatewayB,15,ESP32->RPi,decrypt,124,245,121,4.538,23,esp32_edge_simulator_1,0,normal
15:38:08.728,553.5,gateway,gateway_B,gatewayB,15,ESP32->RPi,decrypt,120,237,117,4.745,23,esp32_edge_normal_2,0,normal
15:38:08.747,553.5,gateway,gateway_B,gatewayB,15,ESP32->RPi,decrypt,117,233,116,4.323,23,esp32_edge_normal_1,0,normal
15:38:08.776,553.6,gateway,gateway_B,gatewayB,15,ESP32->RPi,decrypt,81,185,104,3.673,23,esp32_edge_simulator_1,2,scan_A
