experiment,architecture,security,topology,mode,attempt_id,attempt_key,round_ref,global_accuracy,global_loss,round_duration_sec,local_gateway_count,local_train_events,local_accuracy_avg,local_loss_avg,local_samples_total,fog_fedavg_events,fog_accuracy_avg,fog_loss_avg,edge_rpi_events,edge_rpi_p95_ms,edge_rpi_avg_wire_bytes,rpi_pc_events,rpi_pc_p95_ms,rpi_pc_avg_wire_bytes,pc_rpi_events,pc_rpi_p95_ms,pc_rpi_avg_wire_bytes,total_transport_events,total_transport_p95_ms
CNN_ASCON,CNN,ASCON,standard,ascon,1,CNN_ASCON#1,1,0.833333,0.560312,,2.0,2.0,0.8333333134651184,0.5603121817111969,60.0,,,,79.0,4.4024,231.53164556962025,2,42.968399999999995,4992.0,1,14.202,4834.0,86,28.814749999999997
CNN_ASCON,CNN,ASCON,standard,ascon,1,CNN_ASCON#1,2,0.9,0.334868,69.0,2.0,2.0,0.9000000059604645,0.33486805111169815,60.0,,,,66.0,4.8605,232.75757575757575,2,35.597300000000004,4986.0,1,16.349,4850.0,75,33.88
CNN_ASCON,CNN,ASCON,standard,ascon,1,CNN_ASCON#1,3,0.95,0.236378,58.0,2.0,2.0,0.949999988079071,0.23637763224542138,60.0,,,,60.0,4.435,231.8,2,14.178199999999999,4962.0,1,12.044,4818.0,69,33.91199999999999
CNN_ASCON,CNN,ASCON,standard,ascon,1,CNN_ASCON#1,4,0.916667,0.244712,59.0,2.0,2.0,0.9166666567325592,0.24471170268952844,60.0,,,,60.0,4.60035,230.66666666666666,2,18.095299999999998,4962.0,1,11.771,4842.0,69,33.791599999999995
CNN_ASCON,CNN,ASCON,standard,ascon,1,CNN_ASCON#1,5,0.95,0.165856,60.0,2.0,2.0,0.949999988079071,0.1658560894429683,60.0,,,,60.0,4.7311,232.6,2,17.309549999999998,4982.0,1,10.227,4834.0,69,35.901999999999994
CNN_ASCON,CNN,ASCON,standard,ascon,1,CNN_ASCON#1,6,0.933333,0.126774,61.0,2.0,2.0,0.9333333373069763,0.12677437113597984,60.0,,,,60.0,4.501899999999999,228.93333333333334,2,15.80405,4974.0,1,21.878,4814.0,69,35.644999999999996
CNN_ASCON,CNN,ASCON,standard,ascon,1,CNN_ASCON#1,7,0.95,0.141069,59.0,2.0,2.0,0.949999988079071,0.14106948976404965,60.0,,,,60.0,4.653849999999999,230.86666666666667,2,17.7769,4974.0,1,25.641,4810.0,69,30.907799999999995
CNN_ASCON,CNN,ASCON,standard,ascon,1,CNN_ASCON#1,8,0.983333,0.072004,59.0,2.0,2.0,0.9833333194255829,0.0720035424456,60.0,,,,60.0,4.5925,232.86666666666667,2,15.59625,4984.0,1,12.349,4798.0,69,34.079599999999985
CNN_ASCON,CNN,ASCON,standard,ascon,1,CNN_ASCON#1,9,0.983333,0.062773,58.0,2.0,2.0,0.9833333194255829,0.06277252384461454,60.0,,,,60.0,4.4736,230.6,2,12.16695,4960.0,1,10.57,4818.0,69,32.4148
CNN_ASCON,CNN,ASCON,standard,ascon,1,CNN_ASCON#1,10,0.966667,0.096664,59.0,2.0,2.0,0.9666666686534882,0.09666421648580581,60.0,,,,60.0,4.4282,231.26666666666668,2,30.1248,4962.0,1,10.589,4810.0,69,32.464999999999996
CNN_ASCON,CNN,ASCON,standard,ascon,1,CNN_ASCON#1,11,0.95,0.083759,59.0,2.0,2.0,0.949999988079071,0.08375869347946716,60.0,,,,60.0,4.61635,230.86666666666667,2,13.26475,4968.0,1,16.18,4814.0,69,33.85319999999999
CNN_ASCON,CNN,ASCON,standard,ascon,1,CNN_ASCON#1,12,0.983333,0.069683,59.0,2.0,2.0,0.9833333194255829,0.06968287413474165,60.0,,,,60.0,4.35025,229.6,2,13.39355,4966.0,1,12.573,4802.0,69,34.313799999999986
CNN_ASCON,CNN,ASCON,standard,ascon,1,CNN_ASCON#1,13,0.916667,0.178444,59.0,2.0,2.0,0.9166666567325592,0.1784435940207913,60.0,,,,60.0,4.44195,229.8,2,12.88,4980.0,1,14.807,4834.0,69,36.10779999999998
CNN_ASCON,CNN,ASCON,standard,ascon,1,CNN_ASCON#1,14,0.966667,0.101387,59.0,2.0,2.0,0.9666666686534882,0.10138652694877234,60.0,,,,60.0,4.57785,230.46666666666667,2,11.736650000000001,4960.0,1,10.311,4814.0,69,35.62899999999999
CNN_ASCON,CNN,ASCON,standard,ascon,1,CNN_ASCON#1,15,1.0,0.046373,59.0,2.0,2.0,1.0,0.04637299902969965,60.0,,,,60.0,4.4945,228.46666666666667,2,17.80495,4952.0,1,10.814,4810.0,69,37.184199999999976
CNN_ASCON,CNN,ASCON,standard,ascon,1,CNN_ASCON#1,16,0.933333,0.211619,59.0,2.0,2.0,0.9333333373069763,0.211618919391185,60.0,,,,60.0,4.57105,232.06666666666666,2,11.09525,4952.0,1,12.52,4826.0,69,32.2174
CNN_ASCON,CNN,ASCON,standard,ascon,1,CNN_ASCON#1,17,1.0,0.059405,59.0,2.0,2.0,1.0,0.05940493819070975,60.0,,,,60.0,4.65835,231.13333333333333,2,12.2005,4962.0,1,13.283,4830.0,69,31.22839999999999
CNN_ASCON,CNN,ASCON,standard,ascon,1,CNN_ASCON#1,18,0.966667,0.109322,59.0,2.0,2.0,0.9666666686534882,0.10932217972003849,60.0,,,,60.0,4.607,233.53333333333333,2,11.82615,4966.0,1,10.71,4810.0,69,32.68479999999999
CNN_ASCON,CNN,ASCON,standard,ascon,1,CNN_ASCON#1,19,0.933333,0.105516,58.0,2.0,2.0,0.9333333373069763,0.1055155076028313,60.0,,,,60.0,4.3543,231.06666666666666,2,14.904349999999999,4968.0,1,10.65,4806.0,69,31.515799999999995
CNN_ASCON,CNN,ASCON,standard,ascon,1,CNN_ASCON#1,20,0.983333,0.062082,59.0,2.0,2.0,0.9833333194255829,0.0620817261515185,60.0,,,,60.0,4.512099999999999,231.13333333333333,2,28.357100000000003,4970.0,1,17.251,4798.0,69,33.215799999999994
CNN_ASCON,CNN,ASCON,standard,ascon,2,CNN_ASCON#2,1,0.966667,0.434208,,2.0,2.0,0.9666666388511658,0.43420775234699244,60.0,,,,65.0,4.4323999999999995,234.47692307692307,2,12.95265,4998.0,1,21.806,4838.0,72,25.811900000000026
CNN_ASCON,CNN,ASCON,standard,ascon,2,CNN_ASCON#2,2,1.0,0.14287,55.0,2.0,2.0,1.0,0.14286974072456354,60.0,,,,57.0,4.542,233.98245614035088,2,46.29465,4976.0,1,11.244,4834.0,66,33.67325
CNN_ASCON,CNN,ASCON,standard,ascon,2,CNN_ASCON#2,3,1.0,0.041273,63.0,2.0,2.0,1.0,0.041273392736911746,60.0,,,,63.0,4.4269,234.0793650793651,2,27.735599999999998,4980.0,1,13.408,4846.0,72,34.00595
CNN_ASCON,CNN,ASCON,standard,ascon,2,CNN_ASCON#2,4,0.866667,0.443251,59.0,2.0,2.0,0.8666666448116302,0.44325073808431625,60.0,,,,56.0,4.407,232.85714285714286,2,14.9037,4992.0,1,12.006,4846.0,65,33.461999999999996
CNN_ASCON,CNN,ASCON,standard,ascon,2,CNN_ASCON#2,5,0.816667,0.534879,58.0,2.0,2.0,0.8166666626930237,0.5348785370588303,60.0,,,,60.0,4.492649999999999,232.33333333333334,2,13.99845,4984.0,1,12.689,4854.0,69,34.0034
CNN_ASCON,CNN,ASCON,standard,ascon,2,CNN_ASCON#2,6,0.866667,0.291697,58.0,2.0,2.0,0.8666666746139526,0.2916973605751991,60.0,,,,60.0,4.6591,232.6,2,11.18,4988.0,1,12.324,4838.0,69,32.28199999999999
CNN_ASCON,CNN,ASCON,standard,ascon,2,CNN_ASCON#2,7,0.9,0.266643,59.0,2.0,2.0,0.9000000059604645,0.26664305478334427,60.0,,,,60.0,4.6553499999999985,231.86666666666667,2,10.83255,4976.0,1,10.256,4834.0,69,33.465399999999995
CNN_ASCON,CNN,ASCON,standard,ascon,2,CNN_ASCON#2,8,0.966667,0.15158,58.0,2.0,2.0,0.9666666686534882,0.15158002078533164,60.0,,,,60.0,4.75605,231.93333333333334,2,11.60375,4976.0,1,10.539,4810.0,69,33.2474
CNN_ASCON,CNN,ASCON,standard,ascon,2,CNN_ASCON#2,9,0.95,0.195135,59.0,2.0,2.0,0.949999988079071,0.19513528048992154,60.0,,,,60.0,4.423749999999999,232.06666666666666,2,11.71355,4980.0,1,11.818,4810.0,69,31.589999999999996
CNN_ASCON,CNN,ASCON,standard,ascon,2,CNN_ASCON#2,10,0.95,0.148529,59.0,2.0,2.0,0.949999988079071,0.1485289148986339,60.0,,,,60.0,4.8474,233.13333333333333,2,13.91865,4962.0,1,13.138,4798.0,69,32.004
CNN_ASCON,CNN,ASCON,standard,ascon,2,CNN_ASCON#2,11,0.966667,0.13287,58.0,2.0,2.0,0.9666666388511658,0.1328698694705963,60.0,,,,60.0,4.2669,230.93333333333334,2,14.42025,4976.0,1,14.761,4814.0,69,33.7724
CNN_ASCON,CNN,ASCON,standard,ascon,2,CNN_ASCON#2,12,0.966667,0.132414,59.0,2.0,2.0,0.9666666388511658,0.1324138864874839,60.0,,,,60.0,4.53515,228.86666666666667,2,11.3065,4980.0,1,10.265,4806.0,69,33.44759999999999
CNN_ASCON,CNN,ASCON,standard,ascon,2,CNN_ASCON#2,13,0.933333,0.190563,58.0,2.0,2.0,0.9333333373069764,0.19056282937526695,60.0,,,,60.0,4.46185,231.0,2,17.53625,4976.0,1,21.015,4806.0,69,32.72579999999999
CNN_ASCON,CNN,ASCON,standard,ascon,2,CNN_ASCON#2,14,0.966667,0.105907,59.0,2.0,2.0,0.9666666686534882,0.10590690746903415,60.0,,,,60.0,4.6205,229.6,2,11.71875,4956.0,1,13.549,4806.0,69,33.808799999999984
CNN_ASCON,CNN,ASCON,standard,ascon,2,CNN_ASCON#2,15,0.95,0.158688,58.0,2.0,2.0,0.949999988079071,0.15868840552866456,60.0,,,,60.0,4.397099999999998,230.86666666666667,2,43.413250000000005,4952.0,1,11.652,4802.0,69,35.14919999999999
CNN_ASCON,CNN,ASCON,standard,ascon,2,CNN_ASCON#2,16,0.966667,0.063126,59.0,2.0,2.0,0.9666666686534882,0.0631263116374611,60.0,,,,60.0,4.66885,231.93333333333334,2,16.262099999999997,4966.0,1,13.784,4806.0,69,33.688399999999994
CNN_ASCON,CNN,ASCON,standard,ascon,2,CNN_ASCON#2,17,0.95,0.143368,59.0,2.0,2.0,0.949999988079071,0.14336821064352986,60.0,,,,60.0,4.44445,231.66666666666666,2,14.20325,4962.0,1,12.867,4822.0,69,34.75699999999999
CNN_ASCON,CNN,ASCON,standard,ascon,2,CNN_ASCON#2,18,0.95,0.105174,59.0,2.0,2.0,0.949999988079071,0.10517359152436251,60.0,,,,60.0,4.50375,229.73333333333332,2,20.82445,4978.0,1,11.416,4822.0,69,33.878999999999984
CNN_ASCON,CNN,ASCON,standard,ascon,2,CNN_ASCON#2,19,0.966667,0.100995,59.0,2.0,2.0,0.9666666388511658,0.1009954251348972,60.0,,,,60.0,4.6255,230.4,2,14.67435,4968.0,1,14.569,4798.0,69,33.43099999999998
CNN_ASCON,CNN,ASCON,standard,ascon,2,CNN_ASCON#2,20,0.983333,0.034544,58.0,2.0,2.0,0.9833333194255829,0.03454355802386995,60.0,,,,60.0,4.9232,230.46666666666667,2,12.952350000000001,4958.0,1,21.572,4806.0,69,34.2758
CNN_ASCON,CNN,ASCON,standard,ascon,3,CNN_ASCON#3,1,0.966667,0.519715,,2.0,2.0,0.9666666686534882,0.5197153389453888,60.0,,,,65.0,4.3191999999999995,233.30769230769232,2,15.319,4994.0,1,18.587,4862.0,72,24.162050000000036
CNN_ASCON,CNN,ASCON,standard,ascon,3,CNN_ASCON#3,2,1.0,0.158193,53.0,2.0,2.0,1.0,0.1581934094429016,60.0,,,,57.0,4.5806,233.6315789473684,2,15.17,4972.0,1,14.882,4842.0,66,33.486000000000004
CNN_ASCON,CNN,ASCON,standard,ascon,3,CNN_ASCON#3,3,1.0,0.035118,64.0,2.0,2.0,1.0,0.035118034109473145,60.0,,,,59.0,4.5291999999999994,234.76271186440678,2,10.98145,4964.0,1,14.105,4846.0,68,32.28485
CNN_ASCON,CNN,ASCON,standard,ascon,3,CNN_ASCON#3,4,0.8,0.706719,58.0,2.0,2.0,0.7999999821186066,0.7067188620567322,60.0,,,,60.0,4.4030499999999995,229.53333333333333,2,10.82475,4998.0,1,11.358,4838.0,69,33.25819999999999
CNN_ASCON,CNN,ASCON,standard,ascon,3,CNN_ASCON#3,5,0.866667,0.333385,60.0,2.0,2.0,0.8666666746139526,0.33338462561368937,60.0,,,,61.0,4.483,232.80327868852459,2,11.48055,4980.0,1,10.769,4842.0,70,34.769949999999994
CNN_ASCON,CNN,ASCON,standard,ascon,3,CNN_ASCON#3,6,0.866667,0.39406,59.0,2.0,2.0,0.8666666448116302,0.3940598666667938,60.0,,,,60.0,4.41865,231.46666666666667,2,13.7196,5000.0,1,10.22,4834.0,69,34.54399999999999
CNN_ASCON,CNN,ASCON,standard,ascon,3,CNN_ASCON#3,7,0.9,0.335682,59.0,2.0,2.0,0.8999999761581421,0.33568239212036133,60.0,,,,60.0,4.443499999999999,231.4,2,11.753649999999999,4982.0,1,9.948,4830.0,69,32.732
CNN_ASCON,CNN,ASCON,standard,ascon,3,CNN_ASCON#3,8,0.983333,0.126509,59.0,2.0,2.0,0.9833333194255829,0.1265089027583599,60.0,,,,60.0,4.6712,231.13333333333333,2,10.95665,4976.0,1,10.523,4818.0,69,31.863999999999997
CNN_ASCON,CNN,ASCON,standard,ascon,3,CNN_ASCON#3,9,0.966667,0.089279,59.0,2.0,2.0,0.9666666388511658,0.08927891775965685,60.0,,,,60.0,4.41285,230.33333333333334,2,10.6964,4978.0,1,10.617,4826.0,69,31.3438
CNN_ASCON,CNN,ASCON,standard,ascon,3,CNN_ASCON#3,10,0.983333,0.077219,59.0,2.0,2.0,0.9833333194255829,0.07721946015954015,60.0,,,,60.0,4.358549999999999,231.66666666666666,2,12.521700000000001,4956.0,1,13.794,4826.0,69,32.07579999999998
CNN_ASCON,CNN,ASCON,standard,ascon,3,CNN_ASCON#3,11,0.983333,0.070275,59.0,2.0,2.0,0.9833333194255829,0.07027490995824334,60.0,,,,60.0,4.3603,231.66666666666666,2,12.41075,4968.0,1,14.066,4830.0,69,33.91759999999999
CNN_ASCON,CNN,ASCON,standard,ascon,3,CNN_ASCON#3,12,1.0,0.047353,58.0,2.0,2.0,1.0,0.04735298268496985,60.0,,,,60.0,4.50815,233.4,2,12.14195,4962.0,1,10.792,4826.0,69,32.397200000000005
CNN_ASCON,CNN,ASCON,standard,ascon,3,CNN_ASCON#3,13,0.933333,0.158672,59.0,2.0,2.0,0.9333333075046539,0.15867164731025696,60.0,,,,60.0,4.4791,230.2,2,12.3187,4978.0,1,11.796,4822.0,69,33.062999999999995
CNN_ASCON,CNN,ASCON,standard,ascon,3,CNN_ASCON#3,14,0.933333,0.144061,58.0,2.0,2.0,0.9333333373069764,0.1440612599253654,60.0,,,,59.0,4.3923,231.3050847457627,2,17.28345,4988.0,1,10.791,4818.0,68,33.21205
CNN_ASCON,CNN,ASCON,standard,ascon,3,CNN_ASCON#3,15,0.983333,0.105892,58.0,2.0,2.0,0.9833333194255829,0.10589172504842274,60.0,,,,60.0,4.5225,230.13333333333333,2,13.9315,4960.0,1,13.839,4810.0,69,32.29219999999999
CNN_ASCON,CNN,ASCON,standard,ascon,3,CNN_ASCON#3,16,1.0,0.045777,58.0,2.0,2.0,1.0,0.0457773189991712,60.0,,,,60.0,4.72545,230.33333333333334,2,17.81115,4936.0,1,14.902,4806.0,69,33.711400000000005
CNN_ASCON,CNN,ASCON,standard,ascon,3,CNN_ASCON#3,17,0.983333,0.077754,60.0,2.0,2.0,0.9833333194255829,0.07775386236608026,60.0,,,,60.0,4.3732999999999995,230.4,2,15.71015,4962.0,1,12.92,4818.0,69,33.321
CNN_ASCON,CNN,ASCON,standard,ascon,3,CNN_ASCON#3,18,0.95,0.127046,59.0,2.0,2.0,0.949999988079071,0.1270459406077861,60.0,,,,61.0,4.471,230.70491803278688,2,11.80645,4966.0,1,10.73,4818.0,70,34.14335
CNN_ASCON,CNN,ASCON,standard,ascon,3,CNN_ASCON#3,19,0.966667,0.055178,58.0,2.0,2.0,0.9666666388511658,0.0551778320223093,60.0,,,,60.0,4.906999999999999,229.93333333333334,2,11.46405,4974.0,1,17.122,4826.0,69,32.0954
CNN_ASCON,CNN,ASCON,standard,ascon,3,CNN_ASCON#3,20,0.95,0.12126,59.0,2.0,2.0,0.949999988079071,0.1212598457932472,60.0,,,,60.0,4.586749999999999,231.06666666666666,2,12.5692,4978.0,1,12.404,4798.0,69,32.1274
CNN_ASCON,CNN,ASCON,standard,ascon,4,CNN_ASCON#4,1,0.85,0.525682,,2.0,2.0,0.8499999940395355,0.5256815254688263,60.0,,,,64.0,4.27185,232.75,2,12.7626,4990.0,1,12.777,4842.0,71,22.6905
CNN_ASCON,CNN,ASCON,standard,ascon,4,CNN_ASCON#4,2,1.0,0.14128,53.0,2.0,2.0,1.0,0.14127978682518,60.0,,,,57.0,4.324,233.8421052631579,2,12.03065,4990.0,1,12.571,4830.0,66,33.4195
CNN_ASCON,CNN,ASCON,standard,ascon,4,CNN_ASCON#4,3,1.0,0.048077,59.0,2.0,2.0,1.0,0.0480765607208013,60.0,,,,60.0,4.56065,234.33333333333334,2,32.2551,4980.0,1,19.05,4838.0,69,32.9872
CNN_ASCON,CNN,ASCON,standard,ascon,4,CNN_ASCON#4,4,0.933333,0.137553,64.0,2.0,2.0,0.9333333373069763,0.13755291793495414,60.0,,,,63.0,4.4287,232.17460317460316,2,14.80505,4976.0,1,13.225,4826.0,72,33.351600000000005
CNN_ASCON,CNN,ASCON,standard,ascon,4,CNN_ASCON#4,5,0.916667,0.211046,59.0,2.0,2.0,0.9166666567325592,0.21104602236300699,60.0,,,,60.0,4.44515,233.0,2,10.648249999999999,4980.0,1,13.722,4826.0,69,33.44819999999999
CNN_ASCON,CNN,ASCON,standard,ascon,4,CNN_ASCON#4,6,0.966667,0.091823,59.0,2.0,2.0,0.9666666686534882,0.09182323655113575,60.0,,,,60.0,4.564449999999999,235.2,2,11.32715,4974.0,1,12.037,4818.0,69,33.68519999999999
CNN_ASCON,CNN,ASCON,standard,ascon,4,CNN_ASCON#4,7,0.95,0.126559,59.0,2.0,2.0,0.949999988079071,0.12655944470316166,60.0,,,,60.0,4.5785,232.73333333333332,2,14.208749999999998,4980.0,1,12.411,4822.0,69,31.759799999999995
CNN_ASCON,CNN,ASCON,standard,ascon,4,CNN_ASCON#4,8,0.983333,0.067401,58.0,2.0,2.0,0.9833333194255829,0.06740094581618901,60.0,,,,60.0,4.4723,233.0,2,10.831050000000001,4970.0,1,13.211,4826.0,69,34.5838
CNN_ASCON,CNN,ASCON,standard,ascon,4,CNN_ASCON#4,9,1.0,0.069642,59.0,2.0,2.0,1.0,0.06964236171916124,60.0,,,,60.0,4.544949999999999,233.26666666666668,2,12.75845,4952.0,1,12.148,4818.0,69,33.235399999999984
CNN_ASCON,CNN,ASCON,standard,ascon,4,CNN_ASCON#4,10,0.933333,0.137112,59.0,2.0,2.0,0.9333333373069763,0.137112335069105,60.0,,,,60.0,4.485,232.33333333333334,2,13.48625,4966.0,1,10.798,4798.0,69,33.79519999999998
CNN_ASCON,CNN,ASCON,standard,ascon,4,CNN_ASCON#4,11,1.0,0.047108,59.0,2.0,2.0,1.0,0.04710814543068405,60.0,,,,60.0,4.292599999999999,232.53333333333333,2,10.929450000000001,4948.0,1,11.641,4818.0,69,33.3144
CNN_ASCON,CNN,ASCON,standard,ascon,4,CNN_ASCON#4,12,0.983333,0.041482,59.0,2.0,2.0,0.9833333194255829,0.04148189688567065,60.0,,,,60.0,4.4879,232.53333333333333,2,18.312,4972.0,1,14.616,4822.0,69,33.892399999999995
CNN_ASCON,CNN,ASCON,standard,ascon,4,CNN_ASCON#4,13,1.0,0.01963,59.0,2.0,2.0,1.0,0.019629792775958752,60.0,,,,60.0,4.510400000000001,232.6,2,17.71205,4956.0,1,12.812,4814.0,69,33.1198
CNN_ASCON,CNN,ASCON,standard,ascon,4,CNN_ASCON#4,14,0.966667,0.062421,61.0,2.0,2.0,0.9666666686534882,0.062421353883109945,60.0,,,,60.0,4.545,233.2,2,21.6571,4972.0,1,28.891,4818.0,69,32.541799999999995
CNN_ASCON,CNN,ASCON,standard,ascon,4,CNN_ASCON#4,15,0.983333,0.064158,58.0,2.0,2.0,0.9833333194255829,0.06415762030519541,60.0,,,,60.0,4.78415,233.26666666666668,2,10.7898,4952.0,1,11.605,4810.0,69,34.63939999999999
CNN_ASCON,CNN,ASCON,standard,ascon,4,CNN_ASCON#4,16,0.983333,0.057022,59.0,2.0,2.0,0.9833333194255829,0.05702240930986585,60.0,,,,60.0,4.69355,232.06666666666666,2,17.95125,4958.0,1,13.935,4814.0,69,34.160599999999974
CNN_ASCON,CNN,ASCON,standard,ascon,4,CNN_ASCON#4,17,0.983333,0.052292,59.0,2.0,2.0,0.9833333194255829,0.0522920137736946,60.0,,,,60.0,4.5745499999999995,233.2,2,11.15185,4968.0,1,15.424,4818.0,69,34.458999999999975
CNN_ASCON,CNN,ASCON,standard,ascon,4,CNN_ASCON#4,18,0.966667,0.056289,59.0,2.0,2.0,0.9666666686534882,0.0562889784050639,60.0,,,,60.0,4.455749999999999,233.4,2,11.31735,4958.0,1,11.535,4810.0,69,32.66559999999998
CNN_ASCON,CNN,ASCON,standard,ascon,4,CNN_ASCON#4,19,1.0,0.013726,59.0,2.0,2.0,1.0,0.0137263261713087,60.0,,,,60.0,4.667649999999999,232.0,2,11.66845,4962.0,1,10.19,4818.0,69,31.5294
CNN_ASCON,CNN,ASCON,standard,ascon,4,CNN_ASCON#4,20,1.0,0.034302,59.0,2.0,2.0,1.0,0.0343023684399668,60.0,,,,60.0,4.4994,232.66666666666666,2,11.44905,4958.0,1,14.179,4814.0,69,31.371599999999994
CNN_ASCON,CNN,ASCON,standard,ascon,5,CNN_ASCON#5,1,0.916667,0.529727,,2.0,2.0,0.9166666567325592,0.5297265499830246,60.0,,,,63.0,4.6566,234.0793650793651,2,12.6183,4994.0,1,11.304,4854.0,70,22.896049999999946
CNN_ASCON,CNN,ASCON,standard,ascon,5,CNN_ASCON#5,2,0.983333,0.143371,53.0,2.0,2.0,0.9833333194255829,0.1433712616562843,60.0,,,,58.0,4.53575,233.06896551724137,2,10.646799999999999,4980.0,1,10.791,4830.0,67,34.5348
CNN_ASCON,CNN,ASCON,standard,ascon,5,CNN_ASCON#5,3,1.0,0.044974,63.0,2.0,2.0,1.0,0.0449739377945661,60.0,,,,62.0,4.7017,234.16129032258064,2,12.2271,4982.0,1,14.259,4826.0,71,33.7585
CNN_ASCON,CNN,ASCON,standard,ascon,5,CNN_ASCON#5,4,0.916667,0.188442,60.0,2.0,2.0,0.9166666567325592,0.18844220833852884,60.0,,,,60.0,4.40625,233.2,2,11.95135,4982.0,1,12.395,4842.0,69,35.23659999999998
CNN_ASCON,CNN,ASCON,standard,ascon,5,CNN_ASCON#5,5,0.916667,0.256825,59.0,2.0,2.0,0.9166666567325592,0.2568250955082476,60.0,,,,60.0,4.25605,229.13333333333333,2,11.2454,4966.0,1,12.778,4854.0,69,35.27979999999998
CNN_ASCON,CNN,ASCON,standard,ascon,5,CNN_ASCON#5,6,0.966667,0.11266,59.0,2.0,2.0,0.9666666686534882,0.1126596955582499,60.0,,,,60.0,4.5279,231.06666666666666,2,12.415949999999999,4978.0,1,12.795,4846.0,69,32.48839999999999
CNN_ASCON,CNN,ASCON,standard,ascon,5,CNN_ASCON#5,7,0.933333,0.158134,59.0,2.0,2.0,0.9333333373069763,0.15813398594036696,60.0,,,,60.0,4.33075,232.0,2,11.1118,4970.0,1,12.339,4826.0,69,34.30119999999999
CNN_ASCON,CNN,ASCON,standard,ascon,5,CNN_ASCON#5,8,0.966667,0.12786,59.0,2.0,2.0,0.9666666686534882,0.12785970931872725,60.0,,,,60.0,4.4992,233.8,2,11.5951,4970.0,1,13.457,4838.0,69,33.08519999999999
CNN_ASCON,CNN,ASCON,standard,ascon,5,CNN_ASCON#5,9,0.95,0.110965,59.0,2.0,2.0,0.949999988079071,0.110964888241142,60.0,,,,60.0,4.3607499999999995,232.8,2,12.3314,4976.0,1,12.686,4810.0,69,33.052
CNN_ASCON,CNN,ASCON,standard,ascon,5,CNN_ASCON#5,10,1.0,0.046176,59.0,2.0,2.0,1.0,0.04617614531889555,60.0,,,,60.0,4.53345,232.53333333333333,2,10.434000000000001,4950.0,1,13.894,4822.0,69,33.7268
CNN_ASCON,CNN,ASCON,standard,ascon,5,CNN_ASCON#5,11,0.966667,0.078161,59.0,2.0,2.0,0.9666666686534882,0.0781613576691597,60.0,,,,60.0,4.396749999999999,231.73333333333332,2,11.283199999999999,4960.0,1,12.229,4830.0,69,34.50539999999999
CNN_ASCON,CNN,ASCON,standard,ascon,5,CNN_ASCON#5,12,0.966667,0.128868,59.0,2.0,2.0,0.9666666686534882,0.12886772572528565,60.0,,,,60.0,4.5687,233.6,2,12.554599999999999,4962.0,1,14.271,4786.0,69,32.943799999999996
CNN_ASCON,CNN,ASCON,standard,ascon,5,CNN_ASCON#5,13,1.0,0.054345,58.0,2.0,2.0,1.0,0.05434454826172435,60.0,,,,60.0,4.34655,234.6,2,14.63875,4952.0,1,11.503,4818.0,69,34.6014
CNN_ASCON,CNN,ASCON,standard,ascon,5,CNN_ASCON#5,14,0.966667,0.095676,59.0,2.0,2.0,0.9666666686534882,0.0956757107051089,60.0,,,,60.0,4.5107,232.4,2,10.92155,4964.0,1,13.088,4810.0,69,31.4362
CNN_ASCON,CNN,ASCON,standard,ascon,5,CNN_ASCON#5,15,0.983333,0.061896,59.0,2.0,2.0,0.9833333194255829,0.06189581315265965,60.0,,,,60.0,4.5359,233.8,2,35.4275,4970.0,1,12.156,4802.0,69,35.65119999999999
CNN_ASCON,CNN,ASCON,standard,ascon,5,CNN_ASCON#5,16,0.983333,0.059687,59.0,2.0,2.0,0.9833333194255829,0.059687379223760204,60.0,,,,60.0,4.561,232.66666666666666,2,11.261949999999999,4960.0,1,10.927,4810.0,69,34.961999999999996
CNN_ASCON,CNN,ASCON,standard,ascon,5,CNN_ASCON#5,17,1.0,0.017622,59.0,2.0,2.0,1.0,0.01762241334654385,60.0,,,,60.0,4.5001500000000005,233.4,2,11.32315,4948.0,1,11.171,4798.0,69,34.7072
CNN_ASCON,CNN,ASCON,standard,ascon,5,CNN_ASCON#5,18,1.0,0.026454,58.0,2.0,2.0,1.0,0.026453523343661748,60.0,,,,60.0,4.425299999999999,232.66666666666666,2,12.511399999999998,4958.0,1,9.926,4810.0,69,35.58699999999997
CNN_ASCON,CNN,ASCON,standard,ascon,5,CNN_ASCON#5,19,0.966667,0.074411,59.0,2.0,2.0,0.9666666686534882,0.07441113280947315,60.0,,,,60.0,4.48115,232.66666666666666,2,13.4455,4962.0,1,10.545,4790.0,69,35.02059999999997
CNN_ASCON,CNN,ASCON,standard,ascon,5,CNN_ASCON#5,20,0.983333,0.025146,60.0,2.0,2.0,0.9833333194255829,0.0251463645836338,60.0,,,,60.0,4.61015,229.86666666666667,2,26.01125,4962.0,1,10.982,4810.0,68,31.78915
CNN_ASCON,CNN,ASCON,standard,ascon,6,CNN_ASCON#6,1,0.933333,0.452949,,2.0,2.0,0.9333333373069764,0.45294860005378723,60.0,,,,64.0,4.3542499999999995,234.5625,2,11.036399999999999,4982.0,1,14.833,4842.0,71,22.4295
CNN_ASCON,CNN,ASCON,standard,ascon,6,CNN_ASCON#6,2,1.0,0.147667,53.0,2.0,2.0,1.0,0.14766725897788996,60.0,,,,57.0,4.1766,234.12280701754386,2,24.0099,4974.0,1,10.762,4838.0,66,33.062999999999995
CNN_ASCON,CNN,ASCON,standard,ascon,6,CNN_ASCON#6,3,1.0,0.048005,64.0,2.0,2.0,1.0,0.04800517484545705,60.0,,,,63.0,4.576199999999999,233.76190476190476,2,20.2658,4974.0,1,11.922,4838.0,72,34.994350000000004
CNN_ASCON,CNN,ASCON,standard,ascon,6,CNN_ASCON#6,4,0.9,0.283325,61.0,2.0,2.0,0.9000000059604645,0.28332526283338666,60.0,,,,60.0,4.41955,232.0,2,11.39345,4986.0,1,10.322,4838.0,69,34.041399999999996
CNN_ASCON,CNN,ASCON,standard,ascon,6,CNN_ASCON#6,5,0.933333,0.171943,61.0,2.0,2.0,0.9333333373069763,0.1719431364908814,60.0,,,,60.0,4.231800000000001,232.73333333333332,2,11.5668,4972.0,1,14.698,4842.0,69,34.325199999999995
CNN_ASCON,CNN,ASCON,standard,ascon,6,CNN_ASCON#6,6,0.966667,0.076614,59.0,2.0,2.0,0.9666666686534882,0.07661447580903764,60.0,,,,60.0,4.41815,234.86666666666667,2,11.43425,4976.0,1,12.433,4826.0,69,33.090199999999996
CNN_ASCON,CNN,ASCON,standard,ascon,6,CNN_ASCON#6,7,0.966667,0.092314,58.0,2.0,2.0,0.9666666686534882,0.09231355460360645,60.0,,,,60.0,4.432600000000001,232.06666666666666,2,13.3071,4972.0,1,14.859,4818.0,69,33.147
CNN_ASCON,CNN,ASCON,standard,ascon,6,CNN_ASCON#6,8,0.966667,0.079211,59.0,2.0,2.0,0.9666666686534882,0.0792113100178539,60.0,,,,60.0,4.39805,234.0,2,11.88675,4968.0,1,14.53,4834.0,69,33.34759999999999
CNN_ASCON,CNN,ASCON,standard,ascon,6,CNN_ASCON#6,9,0.966667,0.102865,59.0,2.0,2.0,0.9666666686534882,0.10286453529261044,60.0,,,,60.0,4.3445,232.2,2,11.24875,4978.0,1,13.065,4818.0,69,33.6782
CNN_ASCON,CNN,ASCON,standard,ascon,6,CNN_ASCON#6,10,0.916667,0.150482,59.0,2.0,2.0,0.9166666567325592,0.15048234432470048,60.0,,,,60.0,4.48595,233.46666666666667,2,12.92325,4960.0,1,14.09,4810.0,69,31.8174
CNN_ASCON,CNN,ASCON,standard,ascon,6,CNN_ASCON#6,11,0.933333,0.242119,59.0,2.0,2.0,0.9333333373069763,0.24211876885965464,60.0,,,,60.0,4.4399,232.46666666666667,2,10.756549999999999,4958.0,1,10.562,4842.0,69,34.3608
CNN_ASCON,CNN,ASCON,standard,ascon,6,CNN_ASCON#6,12,0.966667,0.139013,60.0,2.0,2.0,0.9666666686534882,0.13901279494166371,60.0,,,,56.0,4.45475,233.42857142857142,2,17.085449999999998,4962.0,1,10.79,4826.0,65,33.2122
CNN_ASCON,CNN,ASCON,standard,ascon,6,CNN_ASCON#6,13,0.966667,0.188177,68.0,2.0,2.0,0.9666666388511658,0.18817686289548868,60.0,,,,66.0,4.78475,232.45454545454547,2,11.37655,4972.0,1,10.489,4826.0,75,34.6348
CNN_ASCON,CNN,ASCON,standard,ascon,6,CNN_ASCON#6,14,0.933333,0.176648,59.0,2.0,2.0,0.9333333075046539,0.17664792388677597,60.0,,,,60.0,4.58015,230.13333333333333,2,21.78225,4978.0,1,11.763,4822.0,69,32.6394
CNN_ASCON,CNN,ASCON,standard,ascon,6,CNN_ASCON#6,15,0.95,0.123563,59.0,2.0,2.0,0.949999988079071,0.12356312759220595,60.0,,,,60.0,4.38825,230.86666666666667,2,11.074300000000001,4970.0,1,10.12,4810.0,69,33.956
CNN_ASCON,CNN,ASCON,standard,ascon,6,CNN_ASCON#6,16,0.966667,0.105877,58.0,2.0,2.0,0.9666666686534882,0.1058765836060047,60.0,,,,60.0,4.5366,231.33333333333334,2,11.1437,4960.0,1,12.033,4814.0,69,33.81739999999997
CNN_ASCON,CNN,ASCON,standard,ascon,6,CNN_ASCON#6,17,0.95,0.188309,59.0,2.0,2.0,0.949999988079071,0.18830858543515205,60.0,,,,60.0,4.5637,232.2,2,37.06995,4962.0,1,33.468,4806.0,69,33.9846
CNN_ASCON,CNN,ASCON,standard,ascon,6,CNN_ASCON#6,18,0.933333,0.165833,63.0,2.0,2.0,0.9333333075046539,0.16583326086401934,60.0,,,,63.0,4.5401,230.65079365079364,2,11.82165,4958.0,1,12.328,4818.0,72,31.81415
CNN_ASCON,CNN,ASCON,standard,ascon,6,CNN_ASCON#6,19,0.933333,0.144881,59.0,2.0,2.0,0.9333333075046539,0.14488135837018484,60.0,,,,60.0,4.64655,232.8,2,13.774199999999999,4980.0,1,12.811,4810.0,69,32.62819999999999
CNN_ASCON,CNN,ASCON,standard,ascon,6,CNN_ASCON#6,20,0.883333,0.288282,59.0,2.0,2.0,0.8833333253860474,0.28828244656324387,60.0,,,,60.0,4.4917,230.93333333333334,2,18.50555,4968.0,1,23.529,4814.0,69,32.2698
CNN_ASCON,CNN,ASCON,standard,ascon,7,CNN_ASCON#7,1,0.883333,0.32279,,2.0,2.0,0.8833333253860474,0.32278964668512344,60.0,,,,64.0,4.3279499999999995,230.0625,2,11.2274,4990.0,1,19.21,4826.0,71,25.6865
CNN_ASCON,CNN,ASCON,standard,ascon,7,CNN_ASCON#7,2,0.75,0.482662,53.0,2.0,2.0,0.75,0.4826616942882538,60.0,,,,57.0,4.5032,231.10526315789474,2,10.831249999999999,4986.0,1,12.578,4814.0,66,33.41675
CNN_ASCON,CNN,ASCON,standard,ascon,7,CNN_ASCON#7,3,0.8,0.484568,59.0,2.0,2.0,0.7999999821186066,0.4845680892467499,60.0,,,,60.0,4.57435,228.0,2,10.83475,4988.0,1,13.288,4842.0,69,32.724399999999996
CNN_ASCON,CNN,ASCON,standard,ascon,7,CNN_ASCON#7,4,0.8,0.419767,58.0,2.0,2.0,0.7999999821186066,0.4197665750980377,60.0,,,,60.0,4.61505,228.0,2,10.781,4978.0,1,15.248,4834.0,69,34.267799999999994
CNN_ASCON,CNN,ASCON,standard,ascon,7,CNN_ASCON#7,5,0.9,0.293691,59.0,2.0,2.0,0.8999999761581421,0.29369087517261505,60.0,,,,60.0,4.6408,231.4,2,12.372649999999998,4982.0,1,11.036,4826.0,69,34.066999999999986
CNN_ASCON,CNN,ASCON,standard,ascon,7,CNN_ASCON#7,6,0.833333,0.320707,58.0,2.0,2.0,0.8333333432674408,0.3207071125507355,60.0,,,,60.0,4.514349999999999,228.0,2,12.39875,4988.0,1,10.842,4814.0,69,32.1476
CNN_ASCON,CNN,ASCON,standard,ascon,7,CNN_ASCON#7,7,0.916667,0.242132,62.0,2.0,2.0,0.9166666567325592,0.2421317920088768,60.0,,,,60.0,4.72105,228.13333333333333,2,10.81325,4984.0,1,13.813,4822.0,69,33.2832
CNN_ASCON,CNN,ASCON,standard,ascon,7,CNN_ASCON#7,8,0.883333,0.301887,59.0,2.0,2.0,0.8833333253860474,0.30188740789890284,60.0,,,,60.0,4.617999999999999,230.2,2,11.52735,4984.0,1,16.512,4814.0,69,32.09019999999998
CNN_ASCON,CNN,ASCON,standard,ascon,7,CNN_ASCON#7,9,0.916667,0.256059,58.0,2.0,2.0,0.9166666567325592,0.2560587748885154,60.0,,,,60.0,4.5417499999999995,228.6,2,11.54995,4986.0,1,12.589,4814.0,69,31.438799999999993
CNN_ASCON,CNN,ASCON,standard,ascon,7,CNN_ASCON#7,10,0.883333,0.236086,59.0,2.0,2.0,0.8833333253860474,0.236085869371891,60.0,,,,60.0,4.36295,228.6,2,13.7157,4986.0,1,10.715,4826.0,69,31.267599999999995
CNN_ASCON,CNN,ASCON,standard,ascon,7,CNN_ASCON#7,11,0.95,0.197282,60.0,2.0,2.0,0.949999988079071,0.1972822025418281,60.0,,,,60.0,4.3685,227.8,2,10.80265,4968.0,1,10.909,4826.0,69,33.974799999999995
CNN_ASCON,CNN,ASCON,standard,ascon,7,CNN_ASCON#7,12,0.933333,0.13732,59.0,2.0,2.0,0.9333333373069764,0.13732021301984784,60.0,,,,60.0,4.553699999999999,229.0,2,12.37145,4988.0,1,11.173,4830.0,69,34.294
CNN_ASCON,CNN,ASCON,standard,ascon,7,CNN_ASCON#7,13,0.933333,0.165133,60.0,2.0,2.0,0.9333333373069764,0.1651333644986152,60.0,,,,60.0,4.538899999999999,227.73333333333332,2,20.183549999999997,4970.0,1,17.266,4814.0,69,32.318400000000004
CNN_ASCON,CNN,ASCON,standard,ascon,7,CNN_ASCON#7,14,0.916667,0.202366,59.0,2.0,2.0,0.9166666567325592,0.20236641168594355,60.0,,,,60.0,4.5042,230.4,2,33.16205,4972.0,1,18.476,4826.0,69,33.9402
CNN_ASCON,CNN,ASCON,standard,ascon,7,CNN_ASCON#7,15,0.866667,0.260998,59.0,2.0,2.0,0.8666666746139526,0.26099755614995956,60.0,,,,60.0,4.632549999999999,229.06666666666666,2,12.3414,4982.0,1,10.386,4814.0,69,35.0072
CNN_ASCON,CNN,ASCON,standard,ascon,7,CNN_ASCON#7,16,0.9,0.203011,58.0,2.0,2.0,0.9000000059604645,0.2030105665326118,60.0,,,,60.0,4.6006,229.8,2,12.438600000000001,4980.0,1,13.196,4838.0,69,36.19739999999999
CNN_ASCON,CNN,ASCON,standard,ascon,7,CNN_ASCON#7,17,0.933333,0.163695,58.0,2.0,2.0,0.9333333373069764,0.163695216178894,60.0,,,,60.0,4.6358999999999995,229.06666666666666,2,18.6751,4958.0,1,16.417,4814.0,69,33.0222
CNN_ASCON,CNN,ASCON,standard,ascon,7,CNN_ASCON#7,18,0.933333,0.161022,59.0,2.0,2.0,0.9333333373069764,0.16102185100317,60.0,,,,60.0,4.5662,226.33333333333334,2,14.4121,4972.0,1,10.224,4814.0,69,31.676799999999997
CNN_ASCON,CNN,ASCON,standard,ascon,7,CNN_ASCON#7,19,0.916667,0.187685,59.0,2.0,2.0,0.9166666567325592,0.18768462538719174,60.0,,,,60.0,4.9516,227.53333333333333,2,13.79945,4974.0,1,10.939,4794.0,69,30.906999999999996
CNN_ASCON,CNN,ASCON,standard,ascon,7,CNN_ASCON#7,20,0.966667,0.118696,59.0,2.0,2.0,0.9666666388511658,0.11869558319449419,60.0,,,,60.0,4.55725,227.2,2,10.8175,4970.0,1,11.377,4814.0,69,32.5316
CNN_ASCON,CNN,ASCON,standard,ascon,8,CNN_ASCON#8,1,0.716667,0.596609,,2.0,2.0,0.7166666686534882,0.5966091752052307,60.0,,,,64.0,4.554149999999999,228.5,2,12.456349999999999,4976.0,1,13.83,4830.0,71,21.751
CNN_ASCON,CNN,ASCON,standard,ascon,8,CNN_ASCON#8,2,0.75,0.554596,53.0,2.0,2.0,0.75,0.5545961558818817,60.0,,,,57.0,4.5344,227.31578947368422,2,10.8755,4986.0,1,15.196,4838.0,66,32.57225
CNN_ASCON,CNN,ASCON,standard,ascon,8,CNN_ASCON#8,3,0.816667,0.41064,58.0,2.0,2.0,0.8166666626930237,0.4106395542621612,60.0,,,,60.0,4.4848,229.06666666666666,2,10.801499999999999,4984.0,1,12.784,4830.0,69,34.6824
CNN_ASCON,CNN,ASCON,standard,ascon,8,CNN_ASCON#8,4,0.916667,0.306469,59.0,2.0,2.0,0.9166666567325592,0.30646868795156473,60.0,,,,60.0,4.39195,229.73333333333332,2,20.1054,4960.0,1,18.234,4826.0,69,32.459999999999994
CNN_ASCON,CNN,ASCON,standard,ascon,8,CNN_ASCON#8,5,0.866667,0.32952,59.0,2.0,2.0,0.8666666746139526,0.32952021062374115,60.0,,,,60.0,4.77445,228.73333333333332,2,26.601599999999998,4984.0,1,20.03,4814.0,69,33.266
CNN_ASCON,CNN,ASCON,standard,ascon,8,CNN_ASCON#8,6,0.733333,0.451074,58.0,2.0,2.0,0.7333333492279053,0.4510735273361206,60.0,,,,60.0,4.25225,225.46666666666667,2,31.063200000000002,4974.0,1,22.008,4822.0,69,32.379
CNN_ASCON,CNN,ASCON,standard,ascon,8,CNN_ASCON#8,7,0.833333,0.308003,58.0,2.0,2.0,0.8333333134651184,0.3080032616853714,60.0,,,,60.0,4.75475,229.86666666666667,2,26.30965,4976.0,1,14.17,4818.0,69,34.602399999999996
CNN_ASCON,CNN,ASCON,standard,ascon,8,CNN_ASCON#8,8,0.883333,0.315552,59.0,2.0,2.0,0.8833333253860474,0.31555163115262985,60.0,,,,60.0,4.409949999999999,228.86666666666667,2,19.2049,4976.0,1,17.746,4814.0,69,34.3882
CNN_ASCON,CNN,ASCON,standard,ascon,8,CNN_ASCON#8,9,0.883333,0.301356,58.0,2.0,2.0,0.8833333253860474,0.3013556599617004,60.0,,,,60.0,4.722449999999999,228.0,2,12.951649999999999,4964.0,1,18.71,4818.0,69,33.11039999999999
CNN_ASCON,CNN,ASCON,standard,ascon,8,CNN_ASCON#8,10,0.8,0.447084,59.0,2.0,2.0,0.800000011920929,0.44708408415317535,60.0,,,,60.0,4.434699999999999,228.26666666666668,2,105.79585,4968.0,1,318.303,4826.0,69,68.35619999999972
CNN_ASCON,CNN,ASCON,standard,ascon,8,CNN_ASCON#8,11,0.95,0.21605,60.0,2.0,2.0,0.949999988079071,0.2160500399768352,60.0,,,,60.0,4.453,229.06666666666666,2,20.92675,4958.0,1,17.357,4822.0,69,34.1046
CNN_ASCON,CNN,ASCON,standard,ascon,8,CNN_ASCON#8,12,0.866667,0.262349,59.0,2.0,2.0,0.8666666746139526,0.2623490393161773,60.0,,,,60.0,5.0104,228.53333333333333,2,11.715349999999999,4982.0,1,12.946,4814.0,69,34.20239999999999
CNN_ASCON,CNN,ASCON,standard,ascon,8,CNN_ASCON#8,13,0.933333,0.130251,58.0,2.0,2.0,0.9333333373069764,0.13025099039077753,60.0,,,,60.0,4.72155,229.93333333333334,2,10.7348,4972.0,1,15.204,4814.0,69,32.7294
CNN_ASCON,CNN,ASCON,standard,ascon,8,CNN_ASCON#8,14,1.0,0.05204,58.0,2.0,2.0,1.0,0.05204007215797895,60.0,,,,60.0,4.430549999999999,228.33333333333334,2,23.13575,4944.0,1,24.613,4822.0,69,32.321000000000005
CNN_ASCON,CNN,ASCON,standard,ascon,8,CNN_ASCON#8,15,0.866667,0.279331,59.0,2.0,2.0,0.8666666746139526,0.27933061122894287,60.0,,,,60.0,4.794899999999999,230.0,2,40.920700000000004,4972.0,1,27.882,4814.0,69,35.528
CNN_ASCON,CNN,ASCON,standard,ascon,8,CNN_ASCON#8,16,0.95,0.152457,59.0,2.0,2.0,0.949999988079071,0.1524572819471359,60.0,,,,60.0,4.87545,229.73333333333332,2,18.9812,4978.0,1,23.277,4818.0,69,34.90159999999999
CNN_ASCON,CNN,ASCON,standard,ascon,8,CNN_ASCON#8,17,0.966667,0.141447,58.0,2.0,2.0,0.9666666686534882,0.1414474546909332,60.0,,,,60.0,4.531599999999999,227.0,2,29.32055,4972.0,1,23.744,4810.0,69,34.833999999999996
CNN_ASCON,CNN,ASCON,standard,ascon,8,CNN_ASCON#8,18,0.9,0.226095,59.0,2.0,2.0,0.9000000059604645,0.22609502077102658,60.0,,,,60.0,4.813899999999999,227.2,2,35.66,4978.0,1,34.047,4830.0,69,35.11399999999999
CNN_ASCON,CNN,ASCON,standard,ascon,8,CNN_ASCON#8,19,0.933333,0.18083,62.0,2.0,2.0,0.9333333075046539,0.18082974106073374,60.0,,,,63.0,4.6987000000000005,228.3015873015873,2,22.6314,4984.0,1,16.373,4822.0,72,32.822750000000006
CNN_ASCON,CNN,ASCON,standard,ascon,8,CNN_ASCON#8,20,0.933333,0.147536,59.0,2.0,2.0,0.9333333373069764,0.14753557741641996,60.0,,,,57.0,4.5302,227.59649122807016,2,35.53435,4976.0,1,41.988,4822.0,65,36.2272
CNN_FOG_ASCON,CNN,ASCON,fog,ascon,2,CNN_FOG_ASCON#2,1,1.0,0.422428,,2.0,2.0,1.0,0.4224279969930649,60.0,1.0,1.0,0.4224279969930649,67.0,4.3049,233.17910447761193,1,11.481,5062.0,1,10.379,4910.0,74,34.0303
CNN_FOG_ASCON,CNN,ASCON,fog,ascon,2,CNN_FOG_ASCON#2,2,1.0,0.291192,49.0,2.0,2.0,1.0,0.29119192808866495,60.0,1.0,1.0,0.291191928088665,55.0,4.153899999999999,234.45454545454547,1,10.576,5042.0,1,13.53,4890.0,65,35.0618
CNN_FOG_ASCON,CNN,ASCON,fog,ascon,2,CNN_FOG_ASCON#2,3,1.0,0.035616,64.0,2.0,2.0,1.0,0.0356158539652824,60.0,1.0,1.0,0.0356158539652824,60.0,4.338749999999998,234.86666666666667,1,10.565,5026.0,1,12.142,4870.0,70,37.3378
CNN_FOG_ASCON,CNN,ASCON,fog,ascon,2,CNN_FOG_ASCON#2,4,0.8,0.475499,60.0,2.0,2.0,0.800000011920929,0.47549864649772644,60.0,1.0,0.800000011920929,0.4754986464977264,61.0,4.295,231.2295081967213,1,10.701,5022.0,1,13.825,4846.0,71,34.14149999999999
CNN_FOG_ASCON,CNN,ASCON,fog,ascon,2,CNN_FOG_ASCON#2,5,0.783333,0.390731,59.0,2.0,2.0,0.7833333313465118,0.3907306343317032,60.0,1.0,0.7833333313465118,0.3907306343317032,60.0,4.536499999999999,230.06666666666666,1,52.143,5026.0,1,70.955,4854.0,70,37.12434999999999
CNN_FOG_ASCON,CNN,ASCON,fog,ascon,2,CNN_FOG_ASCON#2,6,0.883333,0.301763,58.0,2.0,2.0,0.8833333253860474,0.3017632067203522,60.0,1.0,0.8833333253860474,0.3017632067203522,60.0,4.4754499999999995,232.66666666666666,1,66.525,5038.0,1,51.165,4866.0,70,35.8386
CNN_FOG_ASCON,CNN,ASCON,fog,ascon,2,CNN_FOG_ASCON#2,7,0.966667,0.165824,59.0,2.0,2.0,0.9666666388511658,0.16582433134317395,60.0,1.0,0.9666666388511658,0.1658243313431739,60.0,4.322249999999999,231.86666666666667,1,16.819,5030.0,1,12.402,4854.0,70,34.26005
CNN_FOG_ASCON,CNN,ASCON,fog,ascon,2,CNN_FOG_ASCON#2,8,0.9,0.234383,59.0,2.0,2.0,0.8999999761581421,0.23438332229852676,60.0,1.0,0.8999999761581421,0.2343833222985267,60.0,4.6572,231.46666666666667,1,11.866,5030.0,1,12.807,4854.0,70,34.28145
CNN_FOG_ASCON,CNN,ASCON,fog,ascon,2,CNN_FOG_ASCON#2,9,0.916667,0.245843,59.0,2.0,2.0,0.9166666567325592,0.24584296345710752,60.0,1.0,0.9166666567325592,0.2458429634571075,60.0,4.0858,230.2,1,33.058,5022.0,1,12.359,4846.0,70,36.8114
CNN_FOG_ASCON,CNN,ASCON,fog,ascon,2,CNN_FOG_ASCON#2,10,0.966667,0.162729,58.0,2.0,2.0,0.9666666686534882,0.16272876411676404,60.0,1.0,0.9666666686534882,0.162728764116764,60.0,4.515699999999999,231.73333333333332,1,20.227,5034.0,1,13.006,4862.0,70,35.668549999999996
CNN_FOG_ASCON,CNN,ASCON,fog,ascon,2,CNN_FOG_ASCON#2,11,0.983333,0.126262,59.0,2.0,2.0,0.9833333194255829,0.12626178935170168,60.0,1.0,0.9833333194255828,0.1262617893517017,60.0,4.5607,230.73333333333332,1,11.221,5002.0,1,11.943,4826.0,70,34.3953
CNN_FOG_ASCON,CNN,ASCON,fog,ascon,2,CNN_FOG_ASCON#2,12,0.916667,0.17469,60.0,2.0,2.0,0.9166666567325592,0.1746897771954536,60.0,1.0,0.9166666567325592,0.1746897771954536,58.0,4.31215,229.9655172413793,1,10.446,4990.0,1,10.215,4814.0,68,36.9869
CNN_FOG_ASCON,CNN,ASCON,fog,ascon,2,CNN_FOG_ASCON#2,13,0.933333,0.121522,58.0,2.0,2.0,0.9333333075046539,0.12152183614671225,60.0,1.0,0.933333307504654,0.1215218361467123,60.0,4.3357,231.0,1,23.919,5006.0,1,23.261,4834.0,70,33.45945
CNN_FOG_ASCON,CNN,ASCON,fog,ascon,2,CNN_FOG_ASCON#2,14,0.983333,0.077948,59.0,2.0,2.0,0.9833333194255829,0.07794794091023499,60.0,1.0,0.9833333194255828,0.077947940910235,62.0,4.38695,232.2258064516129,1,10.515,5018.0,1,11.099,4846.0,72,35.6432
CNN_FOG_ASCON,CNN,ASCON,fog,ascon,2,CNN_FOG_ASCON#2,15,0.933333,0.101683,58.0,2.0,2.0,0.9333333075046539,0.10168306156992905,60.0,1.0,0.933333307504654,0.1016830615699291,58.0,4.452299999999999,231.75862068965517,1,20.73,5018.0,1,21.019,4842.0,68,35.27975
CNN_FOG_ASCON,CNN,ASCON,fog,ascon,2,CNN_FOG_ASCON#2,16,1.0,0.049663,59.0,2.0,2.0,1.0,0.04966321960091585,60.0,1.0,1.0,0.0496632196009159,60.0,4.3507,231.33333333333334,1,11.343,4978.0,1,11.683,4826.0,70,33.555
CNN_FOG_ASCON,CNN,ASCON,fog,ascon,2,CNN_FOG_ASCON#2,17,0.966667,0.086216,59.0,2.0,2.0,0.9666666686534882,0.0862161740660667,60.0,1.0,0.9666666686534882,0.0862161740660667,60.0,4.424600000000001,229.4,1,11.006,5010.0,1,10.359,4834.0,70,32.87975
CNN_FOG_ASCON,CNN,ASCON,fog,ascon,2,CNN_FOG_ASCON#2,18,0.983333,0.104786,59.0,2.0,2.0,0.9833333194255829,0.10478565003722905,60.0,1.0,0.9833333194255828,0.104785650037229,62.0,4.3707,231.6451612903226,1,10.976,5006.0,1,17.756,4834.0,72,35.7772
CNN_FOG_ASCON,CNN,ASCON,fog,ascon,2,CNN_FOG_ASCON#2,19,1.0,0.050418,59.0,2.0,2.0,1.0,0.05041846819221965,60.0,1.0,1.0,0.0504184681922197,60.0,4.39375,230.2,1,12.413,4998.0,1,13.969,4842.0,70,36.2085
CNN_FOG_ASCON,CNN,ASCON,fog,ascon,2,CNN_FOG_ASCON#2,20,0.95,0.127952,59.0,2.0,2.0,0.949999988079071,0.12795209838077426,60.0,1.0,0.949999988079071,0.1279520983807742,60.0,4.4115,230.26666666666668,1,10.636,5006.0,1,10.43,4834.0,70,35.96529999999999
CNN_FOG_ASCON,CNN,ASCON,fog,ascon,3,CNN_FOG_ASCON#3,1,1.0,0.335318,,2.0,2.0,1.0,0.33531804382801056,60.0,1.0,1.0,0.3353180438280105,66.0,4.638249999999999,234.63636363636363,1,12.056,5038.0,1,12.127,4882.0,73,33.63199999999996
CNN_FOG_ASCON,CNN,ASCON,fog,ascon,3,CNN_FOG_ASCON#3,2,1.0,0.243989,53.0,2.0,2.0,1.0,0.2439894452691078,60.0,1.0,1.0,0.2439894452691078,57.0,4.2672,233.42105263157896,1,12.33,4998.0,1,12.126,4842.0,67,33.608200000000004
CNN_FOG_ASCON,CNN,ASCON,fog,ascon,3,CNN_FOG_ASCON#3,3,0.983333,0.105656,64.0,2.0,2.0,0.9833333194255829,0.1056564338505268,60.0,1.0,0.9833333194255828,0.1056564338505268,59.0,4.4682,234.08474576271186,1,12.285,5038.0,1,10.884,4866.0,69,34.727599999999974
CNN_FOG_ASCON,CNN,ASCON,fog,ascon,3,CNN_FOG_ASCON#3,4,0.833333,0.483682,58.0,2.0,2.0,0.8333333432674408,0.4836815446615219,60.0,1.0,0.8333333432674408,0.4836815446615219,60.0,4.164549999999999,231.46666666666667,1,11.782,5038.0,1,20.499,4862.0,70,35.89555
CNN_FOG_ASCON,CNN,ASCON,fog,ascon,3,CNN_FOG_ASCON#3,5,0.733333,0.67002,59.0,2.0,2.0,0.7333333492279053,0.6700199544429779,60.0,1.0,0.7333333492279053,0.6700199544429779,60.0,4.7284999999999995,230.93333333333334,1,14.455,5026.0,1,10.775,4854.0,70,35.22915
CNN_FOG_ASCON,CNN,ASCON,fog,ascon,3,CNN_FOG_ASCON#3,6,0.9,0.374191,59.0,2.0,2.0,0.9000000059604645,0.37419071793556213,60.0,1.0,0.9000000059604645,0.3741907179355621,60.0,4.7463,230.53333333333333,1,12.239,5030.0,1,14.87,4854.0,70,37.4839
CNN_FOG_ASCON,CNN,ASCON,fog,ascon,3,CNN_FOG_ASCON#3,7,0.933333,0.270059,59.0,2.0,2.0,0.9333333075046539,0.27005942165851593,60.0,1.0,0.933333307504654,0.2700594216585159,61.0,4.416,232.21311475409837,1,10.456,5014.0,1,10.081,4842.0,71,36.751000000000005
CNN_FOG_ASCON,CNN,ASCON,fog,ascon,3,CNN_FOG_ASCON#3,8,0.933333,0.224632,59.0,2.0,2.0,0.9333333373069764,0.22463197261095041,60.0,1.0,0.9333333373069764,0.2246319726109504,59.0,4.3847999999999985,231.3728813559322,1,10.743,5030.0,1,14.837,4854.0,69,34.31479999999999
CNN_FOG_ASCON,CNN,ASCON,fog,ascon,3,CNN_FOG_ASCON#3,9,0.833333,0.461774,58.0,2.0,2.0,0.8333333432674408,0.4617736041545868,60.0,1.0,0.8333333432674408,0.4617736041545868,60.0,4.2299999999999995,230.2,1,11.133,4990.0,1,10.235,4814.0,70,35.0014
CNN_FOG_ASCON,CNN,ASCON,fog,ascon,3,CNN_FOG_ASCON#3,10,0.916667,0.297539,59.0,2.0,2.0,0.9166666567325592,0.29753920435905457,60.0,1.0,0.9166666567325592,0.2975392043590545,60.0,4.2284,231.26666666666668,1,11.076,5030.0,1,14.67,4858.0,70,35.7466
CNN_FOG_ASCON,CNN,ASCON,fog,ascon,3,CNN_FOG_ASCON#3,11,0.933333,0.140273,58.0,2.0,2.0,0.9333333373069764,0.14027283713221544,60.0,1.0,0.9333333373069764,0.1402728371322155,60.0,4.3712,232.13333333333333,1,16.988,5018.0,1,11.225,4846.0,70,35.81225
CNN_FOG_ASCON,CNN,ASCON,fog,ascon,3,CNN_FOG_ASCON#3,12,0.95,0.245804,59.0,2.0,2.0,0.949999988079071,0.2458038255572319,60.0,1.0,0.949999988079071,0.2458038255572319,61.0,4.802,231.4262295081967,1,13.593,5002.0,1,10.467,4830.0,71,35.5345
CNN_FOG_ASCON,CNN,ASCON,fog,ascon,3,CNN_FOG_ASCON#3,13,0.9,0.225899,59.0,2.0,2.0,0.9000000059604645,0.2258989512920379,60.0,1.0,0.9000000059604645,0.2258989512920379,60.0,4.550400000000001,230.66666666666666,1,19.135,4998.0,1,15.304,4826.0,70,34.58225
CNN_FOG_ASCON,CNN,ASCON,fog,ascon,3,CNN_FOG_ASCON#3,14,0.983333,0.094782,58.0,2.0,2.0,0.9833333194255829,0.09478155151009554,60.0,1.0,0.9833333194255828,0.0947815515100956,59.0,4.1656,230.28813559322035,1,11.942,5010.0,1,10.09,4834.0,69,36.973199999999984
CNN_FOG_ASCON,CNN,ASCON,fog,ascon,3,CNN_FOG_ASCON#3,15,0.95,0.117661,59.0,2.0,2.0,0.949999988079071,0.11766145378351206,60.0,1.0,0.949999988079071,0.1176614537835121,60.0,4.3911,232.73333333333332,1,24.021,5002.0,1,20.514,4830.0,70,33.72
CNN_FOG_ASCON,CNN,ASCON,fog,ascon,3,CNN_FOG_ASCON#3,16,0.9,0.223285,58.0,2.0,2.0,0.9000000059604645,0.2232853546738624,60.0,1.0,0.9000000059604645,0.2232853546738624,61.0,4.52,232.60655737704917,1,10.297,4974.0,1,9.974,4802.0,71,36.454
CNN_FOG_ASCON,CNN,ASCON,fog,ascon,3,CNN_FOG_ASCON#3,17,0.966667,0.119751,59.0,2.0,2.0,0.9666666686534882,0.11975129134953015,60.0,1.0,0.9666666686534882,0.1197512913495302,60.0,4.675599999999998,231.0,1,11.098,4994.0,1,10.827,4818.0,70,32.962849999999996
CNN_FOG_ASCON,CNN,ASCON,fog,ascon,3,CNN_FOG_ASCON#3,18,0.966667,0.148781,58.0,2.0,2.0,0.9666666686534882,0.14878120273351664,60.0,1.0,0.9666666686534882,0.1487812027335167,59.0,4.6643,229.40677966101694,1,11.461,4982.0,1,10.639,4810.0,69,34.65859999999999
CNN_FOG_ASCON,CNN,ASCON,fog,ascon,3,CNN_FOG_ASCON#3,19,0.933333,0.152997,59.0,2.0,2.0,0.9333333075046539,0.152997076511383,60.0,1.0,0.933333307504654,0.152997076511383,61.0,4.427,230.11475409836066,1,27.589,4990.0,1,11.462,4814.0,71,34.977000000000004
CNN_FOG_ASCON,CNN,ASCON,fog,ascon,3,CNN_FOG_ASCON#3,20,0.95,0.140719,65.0,2.0,2.0,0.949999988079071,0.1407193578779697,60.0,1.0,0.949999988079071,0.1407193578779697,59.0,4.6659,231.3050847457627,1,13.979,4998.0,1,9.98,4826.0,69,37.2206
CNN_FOG_ASCON,CNN,ASCON,fog,ascon,4,CNN_FOG_ASCON#4,1,1.0,0.269986,,2.0,2.0,1.0,0.2699859142303467,60.0,1.0,1.0,0.2699859142303467,64.0,4.57815,235.0625,1,17.98,5038.0,1,16.666,4886.0,71,34.135999999999996
CNN_FOG_ASCON,CNN,ASCON,fog,ascon,4,CNN_FOG_ASCON#4,2,1.0,0.078949,54.0,2.0,2.0,1.0,0.07894905656576151,60.0,1.0,1.0,0.0789490565657615,58.0,4.38865,234.51724137931035,1,11.374,5026.0,1,17.436,4870.0,68,33.932199999999995
CNN_FOG_ASCON,CNN,ASCON,fog,ascon,4,CNN_FOG_ASCON#4,3,1.0,0.014089,64.0,2.0,2.0,1.0,0.014088757336139651,60.0,1.0,1.0,0.0140887573361396,62.0,4.58685,233.70967741935485,1,31.065,5026.0,1,32.998,4870.0,72,36.4834
CNN_FOG_ASCON,CNN,ASCON,fog,ascon,4,CNN_FOG_ASCON#4,4,0.933333,0.105478,58.0,2.0,2.0,0.9333333373069763,0.1054775309748947,60.0,1.0,0.9333333373069764,0.1054775309748947,60.0,4.75245,233.53333333333333,1,10.757,5030.0,1,10.436,4858.0,70,37.42594999999999
CNN_FOG_ASCON,CNN,ASCON,fog,ascon,4,CNN_FOG_ASCON#4,5,0.9,0.213647,58.0,2.0,2.0,0.9000000059604645,0.21364728407934305,60.0,1.0,0.9000000059604645,0.213647284079343,60.0,4.4928,232.73333333333332,1,10.702,5042.0,1,13.267,4866.0,70,36.511799999999994
CNN_FOG_ASCON,CNN,ASCON,fog,ascon,4,CNN_FOG_ASCON#4,6,0.933333,0.153371,59.0,2.0,2.0,0.9333333373069763,0.15337091195397076,60.0,1.0,0.9333333373069764,0.1533709119539708,60.0,4.7613,233.8,1,30.748,5018.0,1,17.672,4846.0,70,36.50509999999999
CNN_FOG_ASCON,CNN,ASCON,fog,ascon,4,CNN_FOG_ASCON#4,7,0.883333,0.222659,60.0,2.0,2.0,0.8833333253860474,0.22265928192064163,60.0,1.0,0.8833333253860474,0.2226592819206416,60.0,4.5046,231.0,1,11.564,5030.0,1,11.271,4858.0,70,48.23739999999997
CNN_FOG_ASCON,CNN,ASCON,fog,ascon,4,CNN_FOG_ASCON#4,8,0.916667,0.164992,58.0,2.0,2.0,0.9166666567325592,0.16499204188585276,60.0,1.0,0.9166666567325592,0.1649920418858528,60.0,4.30265,233.2,1,18.117,5018.0,1,18.244,4842.0,70,36.36854999999999
CNN_FOG_ASCON,CNN,ASCON,fog,ascon,4,CNN_FOG_ASCON#4,9,0.9,0.167079,58.0,2.0,2.0,0.9000000059604645,0.1670793733792379,60.0,1.0,0.9000000059604645,0.1670793733792379,60.0,4.5655,232.66666666666666,1,11.322,5022.0,1,10.935,4850.0,70,37.886849999999995
CNN_FOG_ASCON,CNN,ASCON,fog,ascon,4,CNN_FOG_ASCON#4,10,0.883333,0.17487,59.0,2.0,2.0,0.8833333253860474,0.17486985679715866,60.0,1.0,0.8833333253860474,0.1748698567971587,60.0,4.57515,231.4,1,10.797,5018.0,1,14.184,4842.0,70,36.93414999999999
CNN_FOG_ASCON,CNN,ASCON,fog,ascon,4,CNN_FOG_ASCON#4,11,0.866667,0.184899,58.0,2.0,2.0,0.8666666746139526,0.18489898549159983,60.0,1.0,0.8666666746139526,0.1848989854915999,60.0,4.4227,232.06666666666666,1,11.456,5046.0,1,11.516,4874.0,70,36.01969999999999
CNN_FOG_ASCON,CNN,ASCON,fog,ascon,4,CNN_FOG_ASCON#4,12,0.85,0.240692,59.0,2.0,2.0,0.8499999940395355,0.24069220910314465,60.0,1.0,0.8499999940395355,0.2406922091031447,60.0,4.4239,230.13333333333333,1,10.691,5014.0,1,13.093,4842.0,70,36.260850000000005
CNN_FOG_ASCON,CNN,ASCON,fog,ascon,4,CNN_FOG_ASCON#4,13,0.883333,0.182128,58.0,2.0,2.0,0.8833333253860474,0.18212848919210953,60.0,1.0,0.8833333253860474,0.1821284891921095,60.0,4.29915,231.2,1,13.084,5014.0,1,15.061,4842.0,70,34.486
CNN_FOG_ASCON,CNN,ASCON,fog,ascon,4,CNN_FOG_ASCON#4,14,0.916667,0.137493,58.0,2.0,2.0,0.9166666567325592,0.1374929250159766,60.0,1.0,0.9166666567325592,0.1374929250159766,60.0,4.293,231.86666666666667,1,11.873,5014.0,1,14.793,4842.0,70,35.943599999999996
CNN_FOG_ASCON,CNN,ASCON,fog,ascon,4,CNN_FOG_ASCON#4,15,0.983333,0.049182,59.0,2.0,2.0,0.9833333194255829,0.0491823844495229,60.0,1.0,0.9833333194255828,0.0491823844495229,60.0,4.3850999999999996,234.06666666666666,1,11.206,5030.0,1,12.458,4858.0,70,36.44265
CNN_FOG_ASCON,CNN,ASCON,fog,ascon,4,CNN_FOG_ASCON#4,16,0.966667,0.058826,59.0,2.0,2.0,0.9666666686534882,0.058825900865485795,60.0,1.0,0.9666666686534882,0.0588259008654858,60.0,4.42725,233.8,1,10.402,5026.0,1,10.091,4850.0,70,47.292049999999946
CNN_FOG_ASCON,CNN,ASCON,fog,ascon,4,CNN_FOG_ASCON#4,17,0.95,0.092705,58.0,2.0,2.0,0.949999988079071,0.09270529990317296,60.0,1.0,0.949999988079071,0.092705299903173,60.0,4.496600000000001,231.46666666666667,1,14.593,5026.0,1,10.255,4854.0,70,36.012
CNN_FOG_ASCON,CNN,ASCON,fog,ascon,4,CNN_FOG_ASCON#4,18,0.966667,0.059955,59.0,2.0,2.0,0.9666666686534882,0.05995504371821875,60.0,1.0,0.9666666686534882,0.0599550437182188,60.0,4.4003000000000005,231.13333333333333,1,11.58,5002.0,1,12.542,4830.0,70,38.337399999999995
CNN_FOG_ASCON,CNN,ASCON,fog,ascon,4,CNN_FOG_ASCON#4,19,1.0,0.071495,58.0,2.0,2.0,1.0,0.07149539965030265,60.0,1.0,1.0,0.0714953996503027,60.0,4.29225,231.26666666666668,1,14.539,4986.0,1,13.383,4834.0,70,34.3128
CNN_FOG_ASCON,CNN,ASCON,fog,ascon,4,CNN_FOG_ASCON#4,20,1.0,0.071088,59.0,2.0,2.0,1.0,0.0710878331738058,60.0,1.0,1.0,0.0710878331738058,60.0,4.4251499999999995,230.86666666666667,1,11.07,4966.0,1,15.413,4814.0,70,35.22005
CNN_FOG_ASCON,CNN,ASCON,fog,ascon,5,CNN_FOG_ASCON#5,1,1.0,0.529764,,2.0,2.0,1.0,0.5297635719180107,60.0,1.0,1.0,0.5297635719180107,67.0,4.3809000000000005,234.73134328358208,1,11.406,5038.0,1,19.074,4882.0,74,33.174499999999995
CNN_FOG_ASCON,CNN,ASCON,fog,ascon,5,CNN_FOG_ASCON#5,2,1.0,0.272002,54.0,2.0,2.0,1.0,0.272001601755619,60.0,1.0,1.0,0.272001601755619,57.0,4.4638,233.91228070175438,1,13.407,5030.0,1,11.983,4874.0,67,37.90389999999999
CNN_FOG_ASCON,CNN,ASCON,fog,ascon,5,CNN_FOG_ASCON#5,3,1.0,0.038066,63.0,2.0,2.0,1.0,0.0380661636590957,60.0,1.0,1.0,0.0380661636590957,63.0,4.682,234.52380952380952,1,12.769,5006.0,1,12.534,4850.0,73,33.60179999999999
CNN_FOG_ASCON,CNN,ASCON,fog,ascon,5,CNN_FOG_ASCON#5,4,0.9,0.258716,58.0,2.0,2.0,0.9000000059604645,0.25871624704450363,60.0,1.0,0.9000000059604645,0.2587162470445037,60.0,4.60455,230.93333333333334,1,16.329,5006.0,1,19.948,4834.0,70,36.84095
CNN_FOG_ASCON,CNN,ASCON,fog,ascon,5,CNN_FOG_ASCON#5,5,0.916667,0.25247,59.0,2.0,2.0,0.9166666567325592,0.2524699782952666,60.0,1.0,0.9166666567325592,0.2524699782952666,60.0,4.3456,231.73333333333332,1,26.989,5006.0,1,27.389,4834.0,70,34.4783
CNN_FOG_ASCON,CNN,ASCON,fog,ascon,5,CNN_FOG_ASCON#5,6,0.983333,0.100882,58.0,2.0,2.0,0.9833333194255829,0.10088220890611406,60.0,1.0,0.9833333194255828,0.1008822089061141,60.0,4.546799999999999,233.33333333333334,1,11.054,5002.0,1,10.456,4830.0,70,36.80855
CNN_FOG_ASCON,CNN,ASCON,fog,ascon,5,CNN_FOG_ASCON#5,7,0.916667,0.213776,60.0,2.0,2.0,0.9166666567325592,0.2137762105558067,60.0,1.0,0.9166666567325592,0.2137762105558067,60.0,4.7524,231.53333333333333,1,11.37,4990.0,1,13.572,4818.0,70,34.82854999999999
CNN_FOG_ASCON,CNN,ASCON,fog,ascon,5,CNN_FOG_ASCON#5,8,0.983333,0.055784,58.0,2.0,2.0,0.9833333194255829,0.05578428669832645,60.0,1.0,0.9833333194255828,0.0557842866983264,60.0,4.8296,233.6,1,77.712,5002.0,1,107.268,4826.0,70,37.675299999999986
CNN_FOG_ASCON,CNN,ASCON,fog,ascon,5,CNN_FOG_ASCON#5,9,0.95,0.14006,59.0,2.0,2.0,0.949999988079071,0.1400600058259442,60.0,1.0,0.949999988079071,0.1400600058259442,60.0,4.4796000000000005,232.8,1,10.826,4994.0,1,12.603,4818.0,70,32.7563
CNN_FOG_ASCON,CNN,ASCON,fog,ascon,5,CNN_FOG_ASCON#5,10,0.95,0.098733,61.0,2.0,2.0,0.949999988079071,0.0987333370139822,60.0,1.0,0.949999988079071,0.0987333370139822,60.0,4.56055,230.46666666666667,1,33.438,4990.0,1,37.301,4818.0,70,36.773849999999996
CNN_FOG_ASCON,CNN,ASCON,fog,ascon,5,CNN_FOG_ASCON#5,11,0.983333,0.052221,59.0,2.0,2.0,0.9833333194255829,0.0522214460652321,60.0,1.0,0.9833333194255828,0.0522214460652321,60.0,4.495399999999999,234.6,1,12.12,4998.0,1,16.821,4822.0,70,33.86095
CNN_FOG_ASCON,CNN,ASCON,fog,ascon,5,CNN_FOG_ASCON#5,12,0.966667,0.104798,60.0,2.0,2.0,0.9666666686534882,0.10479766392381855,60.0,1.0,0.9666666686534882,0.1047976639238186,60.0,4.3976999999999995,232.93333333333334,1,124.802,4998.0,1,167.45,4822.0,70,64.36084999999986
CNN_FOG_ASCON,CNN,ASCON,fog,ascon,5,CNN_FOG_ASCON#5,13,0.933333,0.109743,59.0,2.0,2.0,0.9333333373069763,0.1097425891202874,60.0,1.0,0.9333333373069764,0.1097425891202874,60.0,4.5511,231.86666666666667,1,20.189,4986.0,1,20.508,4810.0,70,33.27475
CNN_FOG_ASCON,CNN,ASCON,fog,ascon,5,CNN_FOG_ASCON#5,14,0.966667,0.076122,58.0,2.0,2.0,0.9666666686534882,0.07612160517601295,60.0,1.0,0.9666666686534882,0.0761216051760129,60.0,4.6190999999999995,233.26666666666668,1,13.705,4982.0,1,13.76,4810.0,70,34.3484
CNN_FOG_ASCON,CNN,ASCON,fog,ascon,5,CNN_FOG_ASCON#5,15,0.95,0.083507,58.0,2.0,2.0,0.949999988079071,0.0835070144385099,60.0,1.0,0.949999988079071,0.0835070144385099,58.0,4.3405499999999995,230.58620689655172,1,21.472,4986.0,1,35.174,4814.0,68,35.38265
CNN_FOG_ASCON,CNN,ASCON,fog,ascon,5,CNN_FOG_ASCON#5,16,0.983333,0.069239,59.0,2.0,2.0,0.9833333194255829,0.06923867182922545,60.0,1.0,0.9833333194255828,0.0692386718292255,60.0,4.755649999999999,232.26666666666668,1,12.235,4966.0,1,11.681,4794.0,70,38.92409999999999
CNN_FOG_ASCON,CNN,ASCON,fog,ascon,5,CNN_FOG_ASCON#5,17,0.966667,0.069735,59.0,2.0,2.0,0.9666666686534882,0.06973542046034706,60.0,1.0,0.9666666686534882,0.069735420460347,60.0,4.7894499999999995,232.4,1,14.026,4962.0,1,15.25,4790.0,70,33.95175
CNN_FOG_ASCON,CNN,ASCON,fog,ascon,5,CNN_FOG_ASCON#5,18,1.0,0.027807,59.0,2.0,2.0,1.0,0.027807181497337248,60.0,1.0,1.0,0.0278071814973372,60.0,4.5062,232.93333333333334,1,11.235,4922.0,1,11.838,4766.0,70,35.694799999999994
CNN_FOG_ASCON,CNN,ASCON,fog,ascon,5,CNN_FOG_ASCON#5,19,1.0,0.016806,58.0,2.0,2.0,1.0,0.01680623460561035,60.0,1.0,1.0,0.0168062346056103,60.0,4.53505,233.2,1,13.758,4958.0,1,10.794,4802.0,70,36.87504999999999
CNN_FOG_ASCON,CNN,ASCON,fog,ascon,5,CNN_FOG_ASCON#5,20,1.0,0.024727,58.0,2.0,2.0,1.0,0.02472691930597645,60.0,1.0,1.0,0.0247269193059764,60.0,4.52575,233.06666666666666,1,11.449,4982.0,1,14.042,4826.0,70,35.07379999999999
CNN_FOG_ASCON,CNN,ASCON,fog,ascon,6,CNN_FOG_ASCON#6,1,0.766667,0.775224,,2.0,2.0,0.7666666805744171,0.7752238512039185,60.0,1.0,0.7666666805744171,0.7752238512039185,69.0,4.612599999999999,227.95652173913044,1,10.792,5070.0,1,11.552,4894.0,76,32.4
CNN_FOG_ASCON,CNN,ASCON,fog,ascon,6,CNN_FOG_ASCON#6,2,0.75,0.776284,54.0,2.0,2.0,0.75,0.7762842774391174,60.0,1.0,0.75,0.7762842774391174,54.0,4.4287,226.40740740740742,1,11.732,5022.0,1,11.651,4870.0,64,33.72495
CNN_FOG_ASCON,CNN,ASCON,fog,ascon,6,CNN_FOG_ASCON#6,3,0.8,0.551996,58.0,2.0,2.0,0.800000011920929,0.551995649933815,60.0,1.0,0.800000011920929,0.551995649933815,60.0,4.46655,228.86666666666667,1,22.299,5026.0,1,27.946,4854.0,70,35.71804999999999
CNN_FOG_ASCON,CNN,ASCON,fog,ascon,6,CNN_FOG_ASCON#6,4,0.85,0.344656,59.0,2.0,2.0,0.8499999940395355,0.34465597569942474,60.0,1.0,0.8499999940395355,0.3446559756994247,60.0,4.482399999999999,229.93333333333334,1,10.414,5038.0,1,10.294,4866.0,70,34.3749
CNN_FOG_ASCON,CNN,ASCON,fog,ascon,6,CNN_FOG_ASCON#6,5,0.85,0.412659,58.0,2.0,2.0,0.8499999940395355,0.41265885531902313,60.0,1.0,0.8499999940395355,0.4126588553190231,60.0,4.57775,228.46666666666667,1,10.563,5026.0,1,14.688,4850.0,70,35.3789
CNN_FOG_ASCON,CNN,ASCON,fog,ascon,6,CNN_FOG_ASCON#6,6,0.9,0.246133,58.0,2.0,2.0,0.9000000059604645,0.24613348394632334,60.0,1.0,0.9000000059604645,0.2461334839463234,60.0,4.3826,229.86666666666667,1,10.832,5002.0,1,10.663,4826.0,70,34.599849999999996
CNN_FOG_ASCON,CNN,ASCON,fog,ascon,6,CNN_FOG_ASCON#6,7,0.9,0.297541,59.0,2.0,2.0,0.9000000059604645,0.2975414246320724,60.0,1.0,0.9000000059604645,0.2975414246320724,60.0,4.26965,224.73333333333332,1,11.583,5014.0,1,16.27,4838.0,70,33.26015
CNN_FOG_ASCON,CNN,ASCON,fog,ascon,6,CNN_FOG_ASCON#6,8,0.916667,0.211839,58.0,2.0,2.0,0.9166666567325592,0.21183892339468,60.0,1.0,0.9166666567325592,0.21183892339468,60.0,4.5985,231.26666666666668,1,16.295,5026.0,1,14.828,4850.0,70,34.663399999999996
CNN_FOG_ASCON,CNN,ASCON,fog,ascon,6,CNN_FOG_ASCON#6,9,0.95,0.153268,59.0,2.0,2.0,0.949999988079071,0.15326784551143646,60.0,1.0,0.949999988079071,0.1532678455114364,60.0,4.5778,229.93333333333334,1,20.947,5002.0,1,14.102,4826.0,70,35.899899999999995
CNN_FOG_ASCON,CNN,ASCON,fog,ascon,6,CNN_FOG_ASCON#6,10,0.883333,0.288559,58.0,2.0,2.0,0.8833333253860474,0.28855930268764496,60.0,1.0,0.8833333253860474,0.2885593026876449,60.0,4.860499999999999,231.66666666666666,1,17.729,5026.0,1,14.24,4854.0,70,35.1596
CNN_FOG_ASCON,CNN,ASCON,fog,ascon,6,CNN_FOG_ASCON#6,11,0.883333,0.237062,58.0,2.0,2.0,0.8833333253860474,0.23706202954053873,60.0,1.0,0.8833333253860474,0.2370620295405388,60.0,4.66285,228.13333333333333,1,12.268,5002.0,1,12.309,4830.0,70,35.368449999999996
CNN_FOG_ASCON,CNN,ASCON,fog,ascon,6,CNN_FOG_ASCON#6,12,0.966667,0.118967,59.0,2.0,2.0,0.9666666388511658,0.1189673729240894,60.0,1.0,0.9666666388511658,0.1189673729240894,60.0,4.8971,231.46666666666667,1,10.44,5002.0,1,13.083,4826.0,70,36.56115
CNN_FOG_ASCON,CNN,ASCON,fog,ascon,6,CNN_FOG_ASCON#6,13,0.95,0.135209,59.0,2.0,2.0,0.949999988079071,0.13520860299468035,60.0,1.0,0.949999988079071,0.1352086029946804,60.0,4.61585,228.26666666666668,1,10.168,5018.0,1,12.668,4846.0,70,34.8035
CNN_FOG_ASCON,CNN,ASCON,fog,ascon,6,CNN_FOG_ASCON#6,14,0.983333,0.143291,59.0,2.0,2.0,0.9833333194255829,0.14329099282622335,60.0,1.0,0.9833333194255828,0.1432909928262233,59.0,4.4057,227.91525423728814,1,10.683,5002.0,1,11.341,4826.0,69,35.5036
CNN_FOG_ASCON,CNN,ASCON,fog,ascon,6,CNN_FOG_ASCON#6,15,0.783333,0.451678,58.0,2.0,2.0,0.7833333313465118,0.4516778662800789,60.0,1.0,0.7833333313465118,0.4516778662800789,61.0,4.377,228.01639344262296,1,10.46,4990.0,1,13.269,4814.0,71,35.41
CNN_FOG_ASCON,CNN,ASCON,fog,ascon,6,CNN_FOG_ASCON#6,16,0.9,0.195909,60.0,2.0,2.0,0.9000000059604645,0.19590891152620316,60.0,1.0,0.9000000059604645,0.1959089115262031,60.0,4.321249999999999,230.53333333333333,1,11.283,4998.0,1,13.553,4822.0,70,37.18495
CNN_FOG_ASCON,CNN,ASCON,fog,ascon,6,CNN_FOG_ASCON#6,17,0.933333,0.175158,59.0,2.0,2.0,0.9333333075046539,0.17515848949551574,60.0,1.0,0.933333307504654,0.1751584894955158,59.0,4.105899999999999,228.79661016949152,1,13.998,5002.0,1,12.733,4826.0,69,39.661799999999985
CNN_FOG_ASCON,CNN,ASCON,fog,ascon,6,CNN_FOG_ASCON#6,18,0.933333,0.153363,58.0,2.0,2.0,0.9333333373069763,0.15336273983120913,60.0,1.0,0.9333333373069764,0.1533627398312091,61.0,4.569,228.86885245901638,1,10.494,4994.0,1,10.271,4818.0,71,35.393
CNN_FOG_ASCON,CNN,ASCON,fog,ascon,6,CNN_FOG_ASCON#6,19,0.916667,0.134416,58.0,2.0,2.0,0.9166666567325592,0.1344164386391639,60.0,1.0,0.9166666567325592,0.1344164386391639,60.0,4.6575500000000005,226.8,1,15.219,4994.0,1,11.463,4822.0,70,36.08055
CNN_FOG_ASCON,CNN,ASCON,fog,ascon,6,CNN_FOG_ASCON#6,20,0.95,0.150578,59.0,2.0,2.0,0.949999988079071,0.1505782604217529,60.0,1.0,0.949999988079071,0.1505782604217529,60.0,4.674099999999999,229.0,1,11.038,4994.0,1,13.891,4822.0,70,37.384499999999996
CNN_FOG_ASCON,CNN,ASCON,fog,ascon,7,CNN_FOG_ASCON#7,1,0.8,0.742458,,2.0,2.0,0.7999999821186066,0.7424582540988922,60.0,1.0,0.7999999821186066,0.7424582540988922,68.0,4.2786,228.35294117647058,1,15.498,5038.0,1,10.315,4866.0,75,32.404799999999994
CNN_FOG_ASCON,CNN,ASCON,fog,ascon,7,CNN_FOG_ASCON#7,2,0.866667,0.615341,53.0,2.0,2.0,0.8666666448116302,0.6153407990932465,60.0,1.0,0.8666666448116302,0.6153407990932465,54.0,4.639199999999998,226.33333333333334,1,10.738,5030.0,1,12.328,4858.0,64,36.1709
CNN_FOG_ASCON,CNN,ASCON,fog,ascon,7,CNN_FOG_ASCON#7,3,0.8,0.508413,59.0,2.0,2.0,0.800000011920929,0.5084129571914673,60.0,1.0,0.800000011920929,0.5084129571914673,60.0,4.54805,232.0,1,10.622,5026.0,1,11.346,4854.0,70,38.2701
CNN_FOG_ASCON,CNN,ASCON,fog,ascon,7,CNN_FOG_ASCON#7,4,0.8,0.532685,58.0,2.0,2.0,0.800000011920929,0.5326851904392242,60.0,1.0,0.800000011920929,0.5326851904392242,60.0,4.1815500000000005,228.06666666666666,1,12.687,5042.0,1,11.597,4870.0,70,35.902699999999996
CNN_FOG_ASCON,CNN,ASCON,fog,ascon,7,CNN_FOG_ASCON#7,5,0.866667,0.474147,59.0,2.0,2.0,0.8666666746139526,0.47414733469486237,60.0,1.0,0.8666666746139526,0.4741473346948623,60.0,4.38325,225.26666666666668,1,11.946,5026.0,1,10.562,4850.0,70,35.3382
CNN_FOG_ASCON,CNN,ASCON,fog,ascon,7,CNN_FOG_ASCON#7,6,0.866667,0.361383,59.0,2.0,2.0,0.8666666448116302,0.3613828867673874,60.0,1.0,0.8666666448116302,0.3613828867673874,59.0,4.479399999999999,225.74576271186442,1,11.609,5022.0,1,11.916,4846.0,69,35.0286
CNN_FOG_ASCON,CNN,ASCON,fog,ascon,7,CNN_FOG_ASCON#7,7,0.966667,0.271493,58.0,2.0,2.0,0.9666666388511658,0.27149319648742676,60.0,1.0,0.9666666388511658,0.2714931964874267,60.0,4.54465,226.53333333333333,1,10.658,5022.0,1,14.806,4846.0,70,35.1933
CNN_FOG_ASCON,CNN,ASCON,fog,ascon,7,CNN_FOG_ASCON#7,8,0.916667,0.268619,58.0,2.0,2.0,0.9166666567325592,0.2686189264059067,60.0,1.0,0.9166666567325592,0.2686189264059067,61.0,4.212,224.672131147541,1,21.81,5014.0,1,21.434,4842.0,71,33.805
CNN_FOG_ASCON,CNN,ASCON,fog,ascon,7,CNN_FOG_ASCON#7,9,0.933333,0.168416,60.0,2.0,2.0,0.9333333373069763,0.1684159524738788,60.0,1.0,0.9333333373069764,0.1684159524738788,60.0,4.403299999999999,224.46666666666667,1,10.925,4998.0,1,15.191,4822.0,70,33.82435
CNN_FOG_ASCON,CNN,ASCON,fog,ascon,7,CNN_FOG_ASCON#7,10,0.95,0.1932,58.0,2.0,2.0,0.949999988079071,0.19320031628012654,60.0,1.0,0.949999988079071,0.1932003162801265,60.0,4.33925,228.73333333333332,1,13.962,5018.0,1,14.143,4846.0,70,35.963049999999996
CNN_FOG_ASCON,CNN,ASCON,fog,ascon,7,CNN_FOG_ASCON#7,11,0.966667,0.175207,60.0,2.0,2.0,0.9666666388511658,0.1752068474888801,60.0,1.0,0.9666666388511658,0.1752068474888801,60.0,4.440849999999999,228.2,1,11.276,4994.0,1,16.641,4818.0,70,34.99175
CNN_FOG_ASCON,CNN,ASCON,fog,ascon,7,CNN_FOG_ASCON#7,12,0.95,0.162837,58.0,2.0,2.0,0.949999988079071,0.16283746808767313,60.0,1.0,0.949999988079071,0.1628374680876732,59.0,4.801499999999999,229.61016949152543,1,11.147,5010.0,1,10.531,4838.0,69,34.775999999999996
CNN_FOG_ASCON,CNN,ASCON,fog,ascon,7,CNN_FOG_ASCON#7,13,1.0,0.077206,59.0,2.0,2.0,1.0,0.07720597088336939,60.0,1.0,1.0,0.0772059708833694,61.0,4.627,229.85245901639345,1,15.544,4966.0,1,10.635,4814.0,71,33.290499999999994
CNN_FOG_ASCON,CNN,ASCON,fog,ascon,7,CNN_FOG_ASCON#7,14,0.95,0.162631,58.0,2.0,2.0,0.949999988079071,0.16263133287429804,60.0,1.0,0.949999988079071,0.1626313328742981,60.0,4.447550000000001,230.33333333333334,1,13.774,4994.0,1,13.136,4822.0,70,34.866049999999994
CNN_FOG_ASCON,CNN,ASCON,fog,ascon,7,CNN_FOG_ASCON#7,15,0.883333,0.285904,59.0,2.0,2.0,0.8833333253860474,0.2859037257730961,60.0,1.0,0.8833333253860474,0.2859037257730961,60.0,4.294849999999999,227.6,1,12.982,4998.0,1,11.171,4826.0,70,34.2358
CNN_FOG_ASCON,CNN,ASCON,fog,ascon,7,CNN_FOG_ASCON#7,16,0.9,0.157886,58.0,2.0,2.0,0.9000000059604645,0.15788590162992475,60.0,1.0,0.9000000059604645,0.1578859016299247,60.0,4.38315,228.93333333333334,1,21.796,4994.0,1,10.739,4818.0,70,34.32145
CNN_FOG_ASCON,CNN,ASCON,fog,ascon,7,CNN_FOG_ASCON#7,17,0.983333,0.074558,58.0,2.0,2.0,0.9833333194255829,0.07455807644873855,60.0,1.0,0.9833333194255828,0.0745580764487385,60.0,4.66005,227.93333333333334,1,10.499,5002.0,1,11.427,4826.0,70,35.2588
CNN_FOG_ASCON,CNN,ASCON,fog,ascon,7,CNN_FOG_ASCON#7,18,0.966667,0.09389,59.0,2.0,2.0,0.9666666686534882,0.0938895642757415,60.0,1.0,0.9666666686534882,0.0938895642757415,60.0,4.4596,227.66666666666666,1,17.922,5002.0,1,21.117,4830.0,70,35.1258
CNN_FOG_ASCON,CNN,ASCON,fog,ascon,7,CNN_FOG_ASCON#7,19,0.983333,0.053251,59.0,2.0,2.0,0.9833333194255829,0.0532511863857507,60.0,1.0,0.9833333194255828,0.0532511863857507,60.0,4.95855,227.93333333333334,1,12.384,4990.0,1,11.036,4814.0,70,35.3147
CNN_FOG_ASCON,CNN,ASCON,fog,ascon,7,CNN_FOG_ASCON#7,20,1.0,0.03105,59.0,2.0,2.0,1.0,0.031049950048327397,60.0,1.0,1.0,0.0310499500483274,60.0,4.583499999999999,230.86666666666667,1,12.233,4990.0,1,10.304,4834.0,70,34.7073
CNN_FOG_NO_ASCON,CNN,NO_ASCON,fog,plain,2,CNN_FOG_NO_ASCON#2,1,1.0,0.71673,,2.0,2.0,1.0,0.7167302370071411,60.0,1.0,1.0,0.7167302370071411,64.0,0.17984999999999998,117.421875,1,0.0,3694.0,1,0.359,3582.0,71,0.262
CNN_FOG_NO_ASCON,CNN,NO_ASCON,fog,plain,2,CNN_FOG_NO_ASCON#2,2,1.0,0.345879,43.0,2.0,2.0,1.0,0.3458787649869919,60.0,1.0,1.0,0.3458787649869919,57.0,0.14459999999999992,116.75438596491227,1,0.0,3704.0,1,0.386,3592.0,67,0.3836
CNN_FOG_NO_ASCON,CNN,NO_ASCON,fog,plain,2,CNN_FOG_NO_ASCON#2,3,1.0,0.056204,50.0,2.0,2.0,1.0,0.056204399093985544,60.0,1.0,1.0,0.0562043990939855,60.0,0.1472999999999999,116.48333333333333,1,0.0,3674.0,1,0.4,3561.0,70,0.42724999999999996
CNN_FOG_NO_ASCON,CNN,NO_ASCON,fog,plain,2,CNN_FOG_NO_ASCON#2,4,0.85,0.490737,239.0,2.0,2.0,0.8499999940395355,0.49073731899261475,60.0,1.0,0.8499999940395355,0.4907373189926147,62.0,0.148,115.35483870967742,1,0.0,3691.0,1,0.407,3563.0,72,0.36945
CNN_FOG_NO_ASCON,CNN,NO_ASCON,fog,plain,2,CNN_FOG_NO_ASCON#2,5,0.783333,0.597727,51.0,2.0,2.0,0.7833333313465118,0.5977269411087036,60.0,1.0,0.7833333313465118,0.5977269411087036,60.0,0.18399999999999994,112.75,1,0.0,3705.0,1,0.414,3578.0,70,0.5024499999999998
CNN_FOG_NO_ASCON,CNN,NO_ASCON,fog,plain,2,CNN_FOG_NO_ASCON#2,6,0.9,0.352813,50.0,2.0,2.0,0.9000000059604645,0.35281334817409515,60.0,1.0,0.9000000059604645,0.3528133481740951,60.0,0.14544999999999997,115.63333333333334,1,0.0,3685.0,1,0.422,3557.0,70,0.4125499999999999
CNN_FOG_NO_ASCON,CNN,NO_ASCON,fog,plain,2,CNN_FOG_NO_ASCON#2,7,0.916667,0.302124,50.0,2.0,2.0,0.9166666567325592,0.30212385207414627,60.0,1.0,0.9166666567325592,0.3021238520741462,60.0,0.1513,115.81666666666666,1,0.0,3687.0,1,0.434,3559.0,70,0.3917
CNN_FOG_NO_ASCON,CNN,NO_ASCON,fog,plain,2,CNN_FOG_NO_ASCON#2,8,0.883333,0.350867,50.0,2.0,2.0,0.8833333253860474,0.3508666604757309,60.0,1.0,0.8833333253860474,0.3508666604757309,60.0,0.14304999999999998,114.41666666666667,1,0.0,3686.0,1,0.403,3559.0,70,0.3597499999999999
CNN_FOG_NO_ASCON,CNN,NO_ASCON,fog,plain,2,CNN_FOG_NO_ASCON#2,9,0.883333,0.332973,49.0,2.0,2.0,0.8833333253860474,0.3329732269048691,60.0,1.0,0.8833333253860474,0.3329732269048691,60.0,0.19284999999999997,114.86666666666666,1,0.0,3692.0,1,0.426,3565.0,70,0.38669999999999993
CNN_FOG_NO_ASCON,CNN,NO_ASCON,fog,plain,2,CNN_FOG_NO_ASCON#2,10,0.883333,0.341152,51.0,2.0,2.0,0.8833333253860474,0.3411522805690765,60.0,1.0,0.8833333253860474,0.3411522805690765,60.0,0.17759999999999995,114.03333333333333,1,0.0,3692.0,1,0.386,3565.0,70,0.39699999999999996
CNN_FOG_NO_ASCON,CNN,NO_ASCON,fog,plain,2,CNN_FOG_NO_ASCON#2,11,0.75,0.418025,50.0,2.0,2.0,0.75,0.4180254191160202,60.0,1.0,0.75,0.4180254191160202,60.0,0.15279999999999988,112.3,1,0.0,3665.0,1,0.381,3552.0,70,0.3966
CNN_FOG_NO_ASCON,CNN,NO_ASCON,fog,plain,2,CNN_FOG_NO_ASCON#2,12,0.9,0.228112,50.0,2.0,2.0,0.8999999761581421,0.22811217606067657,60.0,1.0,0.8999999761581421,0.2281121760606765,60.0,0.1473,114.35,1,0.0,3680.0,1,0.368,3552.0,70,0.38609999999999994
CNN_FOG_NO_ASCON,CNN,NO_ASCON,fog,plain,2,CNN_FOG_NO_ASCON#2,13,0.866667,0.268154,50.0,2.0,2.0,0.8666666746139526,0.26815401017665863,60.0,1.0,0.8666666746139526,0.2681540101766586,60.0,0.1401,113.28333333333333,1,0.0,3681.0,1,0.36,3553.0,70,0.37575
CNN_FOG_NO_ASCON,CNN,NO_ASCON,fog,plain,2,CNN_FOG_NO_ASCON#2,14,0.933333,0.139245,50.0,2.0,2.0,0.9333333373069763,0.1392452232539653,60.0,1.0,0.9333333373069764,0.1392452232539653,60.0,0.14374999999999988,115.08333333333333,1,0.0,3696.0,1,0.628,3568.0,70,0.376
CNN_FOG_NO_ASCON,CNN,NO_ASCON,fog,plain,2,CNN_FOG_NO_ASCON#2,15,0.95,0.156583,50.0,2.0,2.0,0.949999988079071,0.1565834805369377,60.0,1.0,0.949999988079071,0.1565834805369377,60.0,0.18669999999999995,115.15,1,0.0,3662.0,1,0.329,3536.0,70,0.3453
CNN_FOG_NO_ASCON,CNN,NO_ASCON,fog,plain,2,CNN_FOG_NO_ASCON#2,16,0.883333,0.182881,50.0,2.0,2.0,0.8833333253860474,0.1828808709979057,60.0,1.0,0.8833333253860474,0.1828808709979057,60.0,0.148,113.46666666666667,1,0.0,3673.0,1,0.407,3545.0,70,0.3841
CNN_FOG_NO_ASCON,CNN,NO_ASCON,fog,plain,2,CNN_FOG_NO_ASCON#2,17,0.9,0.136429,50.0,2.0,2.0,0.8999999761581421,0.13642871379852295,60.0,1.0,0.8999999761581421,0.1364287137985229,60.0,0.15819999999999998,114.61666666666666,1,0.0,3688.0,1,0.387,3560.0,70,0.5869999999999995
CNN_FOG_NO_ASCON,CNN,NO_ASCON,fog,plain,2,CNN_FOG_NO_ASCON#2,18,0.916667,0.194724,50.0,2.0,2.0,0.9166666567325592,0.1947244331240654,60.0,1.0,0.9166666567325592,0.1947244331240654,60.0,0.14599999999999994,114.55,1,0.0,3689.0,1,0.436,3562.0,70,0.41079999999999983
CNN_FOG_NO_ASCON,CNN,NO_ASCON,fog,plain,2,CNN_FOG_NO_ASCON#2,19,0.95,0.144956,50.0,2.0,2.0,0.949999988079071,0.14495580643415445,60.0,1.0,0.949999988079071,0.1449558064341545,60.0,0.1702,116.23333333333333,1,0.0,3676.0,1,0.387,3550.0,70,0.3707999999999999
CNN_FOG_NO_ASCON,CNN,NO_ASCON,fog,plain,2,CNN_FOG_NO_ASCON#2,20,0.95,0.137464,50.0,2.0,2.0,0.949999988079071,0.1374636776745319,60.0,1.0,0.949999988079071,0.1374636776745319,60.0,0.1661,115.93333333333334,1,0.0,3675.0,1,0.418,3548.0,70,0.4134999999999999
CNN_FOG_NO_ASCON,CNN,NO_ASCON,fog,plain,4,CNN_FOG_NO_ASCON#4,1,1.0,0.577967,,2.0,2.0,0.8666666746139526,0.4818701893091202,60.0,1.0,0.8499999940395355,0.5605573058128357,70.0,0.18824999999999995,116.4,1,0.0,3719.0,1,0.339,3607.0,77,0.30220000000000014
CNN_FOG_NO_ASCON,CNN,NO_ASCON,fog,plain,4,CNN_FOG_NO_ASCON#4,2,1.0,0.334988,44.0,2.0,2.0,0.949999988079071,0.4100000113248825,60.0,1.0,0.7999999821186066,0.669905424118042,53.0,0.18039999999999998,116.67924528301887,1,0.0,3726.0,1,0.452,3614.0,63,0.3927
CNN_FOG_NO_ASCON,CNN,NO_ASCON,fog,plain,4,CNN_FOG_NO_ASCON#4,3,1.0,0.049561,50.0,2.0,2.0,0.9166666567325592,0.26793242245912546,60.0,1.0,0.7333333194255829,0.6447579860687256,59.0,0.15849999999999997,116.7457627118644,1,0.0,3709.0,1,0.393,3595.0,69,0.3954
CNN_FOG_NO_ASCON,CNN,NO_ASCON,fog,plain,4,CNN_FOG_NO_ASCON#4,4,0.933333,0.175413,56.0,2.0,2.0,0.9666666686534882,0.11768098687753076,60.0,1.0,0.8833333253860474,0.2983053103089332,59.0,0.15109999999999998,116.11864406779661,1,0.0,3722.0,1,0.348,3594.0,69,0.34479999999999994
CNN_FOG_NO_ASCON,CNN,NO_ASCON,fog,plain,4,CNN_FOG_NO_ASCON#4,5,0.9,0.339156,50.0,2.0,2.0,0.8333333432674408,0.3597526827361434,60.0,1.0,0.7000000178813934,0.6404588520526886,60.0,0.144,115.55,1,0.0,3715.0,1,0.289,3587.0,70,0.36965
CNN_FOG_NO_ASCON,CNN,NO_ASCON,fog,plain,4,CNN_FOG_NO_ASCON#4,6,0.916667,0.206295,50.0,2.0,2.0,0.9333333373069763,0.23020259244367475,60.0,1.0,0.8499999940395355,0.4708421528339386,60.0,0.14404999999999998,115.45,1,0.0,3722.0,1,0.351,3594.0,70,0.3465
CNN_FOG_NO_ASCON,CNN,NO_ASCON,fog,plain,4,CNN_FOG_NO_ASCON#4,7,0.916667,0.231918,50.0,2.0,2.0,0.9333333373069763,0.1535261757671833,60.0,1.0,0.8499999940395355,0.3108400553464889,60.0,0.13905,117.03333333333333,1,0.0,3722.0,1,0.411,3594.0,70,0.3581999999999999
CNN_FOG_NO_ASCON,CNN,NO_ASCON,fog,plain,4,CNN_FOG_NO_ASCON#4,8,0.916667,0.216054,50.0,2.0,2.0,0.949999988079071,0.1682358293328434,60.0,1.0,0.933333307504654,0.2704514637589454,60.0,0.14539999999999992,116.01666666666667,1,0.0,3717.0,1,0.45,3589.0,70,0.3869499999999999
CNN_FOG_NO_ASCON,CNN,NO_ASCON,fog,plain,4,CNN_FOG_NO_ASCON#4,9,0.916667,0.19496,50.0,2.0,2.0,0.9166666567325592,0.19782405253499744,60.0,1.0,0.8166666626930237,0.3773082047700882,60.0,0.141,115.86666666666666,1,0.0,3719.0,1,0.435,3592.0,70,0.38975
CNN_FOG_NO_ASCON,CNN,NO_ASCON,fog,plain,4,CNN_FOG_NO_ASCON#4,10,0.966667,0.163158,50.0,2.0,2.0,0.949999988079071,0.1452515278942883,60.0,1.0,0.933333307504654,0.1891939118504524,60.0,0.14304999999999998,115.81666666666666,1,0.0,3707.0,1,0.406,3580.0,70,0.39114999999999994
CNN_FOG_NO_ASCON,CNN,NO_ASCON,fog,plain,4,CNN_FOG_NO_ASCON#4,11,0.9,0.232163,50.0,2.0,2.0,0.9833333194255829,0.11343591043259944,60.0,1.0,0.75,0.4195860028266907,60.0,0.16735,115.18333333333334,1,0.0,3720.0,1,0.361,3592.0,70,0.37429999999999997
CNN_FOG_NO_ASCON,CNN,NO_ASCON,fog,plain,4,CNN_FOG_NO_ASCON#4,12,0.983333,0.102288,50.0,2.0,2.0,0.949999988079071,0.14904849999584255,60.0,1.0,0.9166666567325592,0.2799160182476043,60.0,0.1518999999999999,115.93333333333334,1,0.0,3711.0,1,0.441,3583.0,70,0.40294999999999986
CNN_FOG_NO_ASCON,CNN,NO_ASCON,fog,plain,4,CNN_FOG_NO_ASCON#4,13,0.916667,0.202048,50.0,2.0,2.0,0.949999988079071,0.1336164328968152,60.0,1.0,0.8666666448116302,0.2895011156797409,60.0,0.14314999999999997,114.88333333333334,1,0.0,3709.0,1,0.391,3582.0,70,0.36019999999999996
CNN_FOG_NO_ASCON,CNN,NO_ASCON,fog,plain,4,CNN_FOG_NO_ASCON#4,14,0.9,0.193581,50.0,2.0,4.0,0.8583333343267441,0.37350178550696,120.0,3.0,0.8666666646798452,0.34759887556235,60.0,0.14799999999999988,114.95,1,0.0,3713.0,1,0.386,3585.0,70,0.38149999999999995
CNN_FOG_NO_ASCON,CNN,NO_ASCON,fog,plain,4,CNN_FOG_NO_ASCON#4,15,0.916667,0.158631,50.0,2.0,2.0,0.9333333373069763,0.1378899813862517,60.0,1.0,0.9000000059604645,0.2218387648463249,60.0,0.14459999999999995,116.1,1,0.0,3708.0,1,0.442,3580.0,70,0.3662999999999999
CNN_FOG_NO_ASCON,CNN,NO_ASCON,fog,plain,4,CNN_FOG_NO_ASCON#4,16,0.9,0.171549,50.0,2.0,2.0,0.9666666686534882,0.11230849078856406,60.0,1.0,0.9333333373069764,0.1952716782689094,60.0,0.14024999999999999,115.15,1,0.0,3701.0,1,0.501,3573.0,70,0.46575
CNN_FOG_NO_ASCON,CNN,NO_ASCON,fog,plain,4,CNN_FOG_NO_ASCON#4,17,0.933333,0.162017,50.0,2.0,2.0,0.9666666686534882,0.11550709599396211,60.0,1.0,0.8833333253860474,0.2496358081698417,60.0,0.1671,116.33333333333333,1,0.0,3693.0,1,0.412,3566.0,70,0.37705
CNN_FOG_NO_ASCON,CNN,NO_ASCON,fog,plain,4,CNN_FOG_NO_ASCON#4,18,0.916667,0.137833,50.0,2.0,2.0,0.949999988079071,0.0860766623518429,60.0,1.0,0.8666666448116302,0.3012623116374016,60.0,0.14619999999999997,116.0,1,0.0,3689.0,1,0.462,3561.0,70,0.36124999999999996
CNN_FOG_NO_ASCON,CNN,NO_ASCON,fog,plain,4,CNN_FOG_NO_ASCON#4,19,0.966667,0.099221,50.0,2.0,2.0,0.949999988079071,0.08707322221016504,60.0,1.0,0.9166666567325592,0.1714213192462921,60.0,0.18084999999999996,115.08333333333333,1,0.0,3709.0,1,0.404,3581.0,70,0.37575
CNN_FOG_NO_ASCON,CNN,NO_ASCON,fog,plain,4,CNN_FOG_NO_ASCON#4,20,0.966667,0.070961,50.0,2.0,2.0,0.949999988079071,0.08819802908692505,60.0,1.0,0.9166666567325592,0.1484946459531784,60.0,0.14404999999999998,117.2,1,0.0,3681.0,1,0.43,3553.0,70,0.38969999999999994
CNN_FOG_NO_ASCON,CNN,NO_ASCON,fog,plain,6,CNN_FOG_NO_ASCON#6,1,0.85,0.560557,,2.0,2.0,0.8499999940395355,0.5605573058128357,60.0,1.0,0.8499999940395355,0.5605573058128357,68.0,0.19215,112.54411764705883,1,0.0,3735.0,1,0.539,3608.0,75,0.24359999999999987
CNN_FOG_NO_ASCON,CNN,NO_ASCON,fog,plain,6,CNN_FOG_NO_ASCON#6,2,0.8,0.669905,44.0,2.0,2.0,0.7999999821186066,0.669905424118042,60.0,1.0,0.7999999821186066,0.669905424118042,53.0,0.20279999999999995,113.81132075471699,1,0.0,3733.0,1,0.275,3607.0,63,0.36719999999999997
CNN_FOG_NO_ASCON,CNN,NO_ASCON,fog,plain,6,CNN_FOG_NO_ASCON#6,3,0.733333,0.644758,50.0,2.0,2.0,0.7333333194255829,0.6447579860687256,60.0,1.0,0.7333333194255829,0.6447579860687256,59.0,0.14769999999999994,114.23728813559322,1,0.0,3734.0,1,0.316,3607.0,69,0.3979999999999997
CNN_FOG_NO_ASCON,CNN,NO_ASCON,fog,plain,6,CNN_FOG_NO_ASCON#6,4,0.883333,0.298305,50.0,2.0,2.0,0.8833333253860474,0.2983053103089332,60.0,1.0,0.8833333253860474,0.2983053103089332,61.0,0.147,114.54098360655738,1,0.0,3724.0,1,0.439,3596.0,71,0.431
CNN_FOG_NO_ASCON,CNN,NO_ASCON,fog,plain,6,CNN_FOG_NO_ASCON#6,5,0.7,0.640459,50.0,2.0,2.0,0.7000000178813934,0.6404588520526886,60.0,1.0,0.7000000178813934,0.6404588520526886,60.0,0.148,112.08333333333333,1,0.0,3727.0,1,0.275,3600.0,70,0.36934999999999996
CNN_FOG_NO_ASCON,CNN,NO_ASCON,fog,plain,6,CNN_FOG_NO_ASCON#6,6,0.85,0.470842,50.0,2.0,2.0,0.8499999940395355,0.47084215283393854,60.0,1.0,0.8499999940395355,0.4708421528339386,60.0,0.14705,112.51666666666667,1,0.0,3717.0,1,0.548,3590.0,70,0.3874499999999998
CNN_FOG_NO_ASCON,CNN,NO_ASCON,fog,plain,6,CNN_FOG_NO_ASCON#6,7,0.85,0.31084,50.0,2.0,2.0,0.8499999940395355,0.31084005534648895,60.0,1.0,0.8499999940395355,0.3108400553464889,59.0,0.1751999999999998,112.61016949152543,1,0.0,3716.0,1,0.398,3588.0,69,0.4053999999999999
CNN_FOG_NO_ASCON,CNN,NO_ASCON,fog,plain,6,CNN_FOG_NO_ASCON#6,8,0.933333,0.270451,50.0,2.0,2.0,0.9333333075046539,0.27045146375894547,60.0,1.0,0.933333307504654,0.2704514637589454,61.0,0.145,110.78688524590164,1,0.0,3716.0,1,0.422,3588.0,71,0.375
CNN_FOG_NO_ASCON,CNN,NO_ASCON,fog,plain,6,CNN_FOG_NO_ASCON#6,9,0.816667,0.377308,50.0,2.0,2.0,0.8166666626930237,0.3773082047700882,60.0,1.0,0.8166666626930237,0.3773082047700882,59.0,0.18569999999999995,111.45762711864407,1,0.0,3719.0,1,0.438,3592.0,69,0.4079999999999996
CNN_FOG_NO_ASCON,CNN,NO_ASCON,fog,plain,6,CNN_FOG_NO_ASCON#6,10,0.933333,0.189194,50.0,2.0,2.0,0.9333333075046539,0.1891939118504524,60.0,1.0,0.933333307504654,0.1891939118504524,61.0,0.15,113.93442622950819,1,0.0,3706.0,1,0.365,3579.0,71,0.3725
CNN_FOG_NO_ASCON,CNN,NO_ASCON,fog,plain,6,CNN_FOG_NO_ASCON#6,11,0.75,0.419586,50.0,2.0,2.0,0.75,0.4195860028266907,60.0,1.0,0.75,0.4195860028266907,60.0,0.145,113.98333333333333,1,0.0,3702.0,1,0.425,3589.0,70,0.37859999999999994
CNN_FOG_NO_ASCON,CNN,NO_ASCON,fog,plain,6,CNN_FOG_NO_ASCON#6,12,0.916667,0.279916,50.0,2.0,2.0,0.9166666567325592,0.27991601824760437,60.0,1.0,0.9166666567325592,0.2799160182476043,59.0,0.14409999999999998,114.88135593220339,1,0.0,3698.0,1,0.389,3570.0,69,0.3882
CNN_FOG_NO_ASCON,CNN,NO_ASCON,fog,plain,6,CNN_FOG_NO_ASCON#6,13,0.866667,0.289501,50.0,2.0,2.0,0.8666666448116302,0.2895011156797409,60.0,1.0,0.8666666448116302,0.2895011156797409,61.0,0.148,112.60655737704919,1,0.0,3719.0,1,0.38,3592.0,71,0.3795
CNN_FOG_NO_ASCON,CNN,NO_ASCON,fog,plain,6,CNN_FOG_NO_ASCON#6,14,0.916667,0.190453,150.0,2.0,6.0,0.8666666646798452,0.34759887556235,180.0,3.0,0.8666666646798452,0.34759887556235,180.0,0.14809999999999995,112.79444444444445,1,0.0,3704.0,1,0.335,3576.0,196,0.29674999999999996
CNN_FOG_NO_ASCON,CNN,NO_ASCON,fog,plain,6,CNN_FOG_NO_ASCON#6,15,0.9,0.221839,50.0,2.0,2.0,0.9000000059604645,0.2218387648463249,60.0,1.0,0.9000000059604645,0.2218387648463249,60.0,0.1498999999999999,113.4,1,0.0,3705.0,1,0.427,3577.0,70,0.3752999999999999
CNN_FOG_NO_ASCON,CNN,NO_ASCON,fog,plain,6,CNN_FOG_NO_ASCON#6,16,0.933333,0.195272,50.0,2.0,2.0,0.9333333373069764,0.1952716782689094,60.0,1.0,0.9333333373069764,0.1952716782689094,59.0,0.14439999999999997,111.08474576271186,1,0.0,3711.0,1,0.452,3583.0,69,0.4199999999999999
CNN_FOG_NO_ASCON,CNN,NO_ASCON,fog,plain,6,CNN_FOG_NO_ASCON#6,17,0.883333,0.249636,50.0,2.0,2.0,0.8833333253860474,0.24963580816984177,60.0,1.0,0.8833333253860474,0.2496358081698417,61.0,0.187,112.8688524590164,1,0.0,3708.0,1,0.301,3580.0,71,0.3865
CNN_FOG_NO_ASCON,CNN,NO_ASCON,fog,plain,6,CNN_FOG_NO_ASCON#6,18,0.866667,0.301262,50.0,2.0,2.0,0.8666666448116302,0.3012623116374016,60.0,1.0,0.8666666448116302,0.3012623116374016,60.0,0.17759999999999995,112.1,1,0.0,3706.0,1,0.268,3579.0,70,0.378
CNN_FOG_NO_ASCON,CNN,NO_ASCON,fog,plain,6,CNN_FOG_NO_ASCON#6,19,0.916667,0.171421,50.0,2.0,2.0,0.9166666567325592,0.17142131924629206,60.0,1.0,0.9166666567325592,0.1714213192462921,60.0,0.15189999999999979,115.11666666666666,1,0.0,3711.0,1,0.399,3583.0,70,0.3791
CNN_FOG_NO_ASCON,CNN,NO_ASCON,fog,plain,6,CNN_FOG_NO_ASCON#6,20,0.916667,0.148495,50.0,2.0,2.0,0.9166666567325592,0.1484946459531784,60.0,1.0,0.9166666567325592,0.1484946459531784,60.0,0.1513,114.36666666666666,1,0.0,3717.0,1,0.242,3590.0,70,0.37329999999999997
CNN_NO_ASCON,CNN,NO_ASCON,standard,plain,2,CNN_NO_ASCON#2,1,0.983333,0.68938,,2.0,2.0,0.9833333194255829,0.6893803179264069,60.0,,,,64.0,0.17394999999999983,116.390625,2,0.0,3666.0,1,0.374,3611.0,71,0.259
CNN_NO_ASCON,CNN,NO_ASCON,standard,plain,2,CNN_NO_ASCON#2,2,1.0,0.473207,44.0,2.0,2.0,1.0,0.47320716083049774,60.0,,,,57.0,0.143,117.33333333333333,2,0.0,3696.5,1,0.342,3601.0,66,0.36675
CNN_NO_ASCON,CNN,NO_ASCON,standard,plain,2,CNN_NO_ASCON#2,3,1.0,0.105905,49.0,2.0,2.0,1.0,0.10590478777885434,60.0,,,,60.0,0.22749999999999992,116.68333333333334,2,0.0,3683.0,1,0.424,3578.0,69,0.3845999999999999
CNN_NO_ASCON,CNN,NO_ASCON,standard,plain,2,CNN_NO_ASCON#2,4,0.85,0.422569,176.0,2.0,2.0,0.8499999940395355,0.42256940901279444,60.0,,,,60.0,0.14705,115.91666666666667,2,0.0,3703.0,1,0.309,3583.0,69,0.3781999999999999
CNN_NO_ASCON,CNN,NO_ASCON,standard,plain,2,CNN_NO_ASCON#2,5,0.866667,0.353141,50.0,2.0,2.0,0.8666666448116302,0.3531409949064255,60.0,,,,60.0,0.14919999999999986,115.36666666666666,2,0.0,3696.0,1,0.406,3601.0,69,0.41859999999999986
CNN_NO_ASCON,CNN,NO_ASCON,standard,plain,2,CNN_NO_ASCON#2,6,0.816667,0.416387,51.0,2.0,2.0,0.8166666626930237,0.41638748347759247,60.0,,,,60.0,0.18514999999999998,115.81666666666666,2,0.0,3691.5,1,0.449,3584.0,69,0.4075999999999997
CNN_NO_ASCON,CNN,NO_ASCON,standard,plain,2,CNN_NO_ASCON#2,7,0.816667,0.489368,49.0,2.0,2.0,0.8166666626930237,0.48936785757541656,60.0,,,,60.0,0.15024999999999997,114.63333333333334,2,0.0,3687.0,1,0.343,3588.0,69,0.343
CNN_NO_ASCON,CNN,NO_ASCON,standard,plain,2,CNN_NO_ASCON#2,8,0.866667,0.353398,51.0,2.0,2.0,0.8666666746139526,0.35339784622192383,60.0,,,,60.0,0.147,113.13333333333334,2,0.0,3692.5,1,0.422,3580.0,69,0.40119999999999967
CNN_NO_ASCON,CNN,NO_ASCON,standard,plain,2,CNN_NO_ASCON#2,9,0.9,0.288509,50.0,2.0,2.0,0.9000000059604645,0.2885086312890053,60.0,,,,60.0,0.14314999999999997,116.35,2,0.0,3686.5,1,0.402,3577.0,69,0.3743999999999998
CNN_NO_ASCON,CNN,NO_ASCON,standard,plain,2,CNN_NO_ASCON#2,10,0.966667,0.107518,49.0,2.0,2.0,0.9666666388511658,0.1075175888836383,60.0,,,,60.0,0.1881,116.03333333333333,2,0.0,3683.5,1,0.399,3569.0,69,0.4199999999999998
CNN_NO_ASCON,CNN,NO_ASCON,standard,plain,2,CNN_NO_ASCON#2,11,0.933333,0.172438,50.0,2.0,2.0,0.9333333373069764,0.17243788391351694,60.0,,,,60.0,0.14464999999999995,114.73333333333333,2,0.0,3671.0,1,0.694,3571.0,69,0.44139999999999996
CNN_NO_ASCON,CNN,NO_ASCON,standard,plain,2,CNN_NO_ASCON#2,12,0.933333,0.213209,50.0,2.0,2.0,0.9333333075046539,0.21320898085832596,60.0,,,,60.0,0.1529499999999999,114.03333333333333,2,0.0,3671.0,1,0.351,3565.0,69,0.39359999999999956
CNN_NO_ASCON,CNN,NO_ASCON,standard,plain,2,CNN_NO_ASCON#2,13,0.983333,0.117021,50.0,2.0,2.0,0.9833333194255829,0.11702132970094675,60.0,,,,60.0,0.14774999999999994,115.56666666666666,2,0.0,3664.5,1,0.394,3566.0,69,0.3795999999999998
CNN_NO_ASCON,CNN,NO_ASCON,standard,plain,2,CNN_NO_ASCON#2,14,0.966667,0.090753,50.0,2.0,2.0,0.9666666686534882,0.09075279533863059,60.0,,,,60.0,0.14679999999999996,114.55,2,0.0,3655.5,1,0.446,3571.0,69,0.42039999999999966
CNN_NO_ASCON,CNN,NO_ASCON,standard,plain,2,CNN_NO_ASCON#2,15,0.9,0.250703,50.0,2.0,2.0,0.8999999761581421,0.25070329010486603,60.0,,,,60.0,0.15459999999999996,115.81666666666666,2,0.0,3672.5,1,0.385,3562.0,69,0.37339999999999984
CNN_NO_ASCON,CNN,NO_ASCON,standard,plain,2,CNN_NO_ASCON#2,16,0.933333,0.204283,50.0,2.0,2.0,0.9333333373069764,0.20428311824798578,60.0,,,,59.0,0.14619999999999997,113.45762711864407,2,0.0,3670.0,1,0.402,3547.0,68,0.41109999999999997
CNN_NO_ASCON,CNN,NO_ASCON,standard,plain,2,CNN_NO_ASCON#2,17,0.95,0.122166,50.0,2.0,2.0,0.949999988079071,0.12216595932841295,60.0,,,,61.0,0.148,114.81967213114754,2,0.0,3658.5,1,0.415,3551.0,70,0.37584999999999974
CNN_NO_ASCON,CNN,NO_ASCON,standard,plain,2,CNN_NO_ASCON#2,18,0.933333,0.201484,50.0,2.0,2.0,0.9333333075046539,0.2014839425683021,60.0,,,,60.0,0.17774999999999988,112.71666666666667,2,0.0,3657.5,1,0.451,3544.0,69,0.4013999999999997
CNN_NO_ASCON,CNN,NO_ASCON,standard,plain,2,CNN_NO_ASCON#2,19,0.9,0.38125,50.0,2.0,2.0,0.9000000059604645,0.38125029951334,60.0,,,,59.0,0.14719999999999997,114.76271186440678,2,0.0,3650.5,1,0.394,3545.0,68,0.37759999999999994
CNN_NO_ASCON,CNN,NO_ASCON,standard,plain,2,CNN_NO_ASCON#2,20,0.983333,0.061129,51.0,2.0,2.0,0.9833333194255829,0.0611288081854581,60.0,,,,61.0,0.146,115.14754098360656,2,0.0,3646.5,1,0.399,3553.0,70,0.35289999999999994
CNN_NO_ASCON,CNN,NO_ASCON,standard,plain,4,CNN_NO_ASCON#4,1,0.983333,0.57683,,2.0,43.0,0.9643410804659821,0.14592226913897993,1290.0,,,,1324.0,0.163,116.03021148036254,2,0.0,3671.5,1,0.449,3615.0,1370,0.20254999999999998
CNN_NO_ASCON,CNN,NO_ASCON,standard,plain,4,CNN_NO_ASCON#4,2,1.0,0.15177,44.0,,,,,,,,,,,,2,0.0,3655.0,1,0.406,3603.0,3,0.3654
CNN_NO_ASCON,CNN,NO_ASCON,standard,plain,4,CNN_NO_ASCON#4,3,1.0,0.020879,55.0,,,,,,,,,,,,2,0.0,3662.0,1,0.403,3594.0,3,0.36269999999999997
CNN_NO_ASCON,CNN,NO_ASCON,standard,plain,4,CNN_NO_ASCON#4,4,0.9,0.410648,52.0,,,,,,,,,,,,2,0.0,3675.5,1,1.132,3594.0,3,1.0187999999999997
CNN_NO_ASCON,CNN,NO_ASCON,standard,plain,4,CNN_NO_ASCON#4,5,0.916667,0.28444,50.0,,,,,,,,,,,,2,0.0,3666.5,1,0.259,3605.0,3,0.23309999999999997
CNN_NO_ASCON,CNN,NO_ASCON,standard,plain,4,CNN_NO_ASCON#4,6,0.95,0.211556,50.0,,,,,,,,,,,,2,0.0,3674.0,1,0.396,3596.0,3,0.3564
CNN_NO_ASCON,CNN,NO_ASCON,standard,plain,4,CNN_NO_ASCON#4,7,0.983333,0.10481,50.0,,,,,,,,,,,,2,0.0,3666.0,1,0.384,3602.0,3,0.34559999999999996
CNN_NO_ASCON,CNN,NO_ASCON,standard,plain,4,CNN_NO_ASCON#4,8,0.933333,0.19824,50.0,,,,,,,,,,,,2,0.0,3653.5,1,0.339,3593.0,3,0.3051
CNN_NO_ASCON,CNN,NO_ASCON,standard,plain,4,CNN_NO_ASCON#4,9,0.95,0.168906,50.0,,,,,,,,,,,,2,0.0,3665.0,1,0.353,3583.0,3,0.3176999999999999
CNN_NO_ASCON,CNN,NO_ASCON,standard,plain,4,CNN_NO_ASCON#4,10,0.966667,0.131026,50.0,,,,,,,,,,,,2,0.0,3654.5,1,0.436,3596.0,3,0.39239999999999997
CNN_NO_ASCON,CNN,NO_ASCON,standard,plain,4,CNN_NO_ASCON#4,11,0.966667,0.096001,50.0,,,,,,,,,,,,2,0.0,3643.5,1,0.267,3585.0,3,0.24029999999999999
CNN_NO_ASCON,CNN,NO_ASCON,standard,plain,4,CNN_NO_ASCON#4,12,0.95,0.1301,49.0,,,,,,,,,,,,2,0.0,3652.5,1,0.394,3585.0,3,0.35459999999999997
CNN_NO_ASCON,CNN,NO_ASCON,standard,plain,4,CNN_NO_ASCON#4,13,0.966667,0.096665,51.0,,,,,,,,,,,,2,0.0,3647.5,1,0.291,3562.0,3,0.26189999999999997
CNN_NO_ASCON,CNN,NO_ASCON,standard,plain,4,CNN_NO_ASCON#4,14,0.95,0.095941,50.0,,,,,,,,,,,,2,0.0,3650.5,1,0.342,3595.0,3,0.30779999999999996
CNN_NO_ASCON,CNN,NO_ASCON,standard,plain,4,CNN_NO_ASCON#4,15,0.966667,0.058803,50.0,,,,,,,,,,,,2,0.0,3655.5,1,0.301,3584.0,3,0.2709
CNN_NO_ASCON,CNN,NO_ASCON,standard,plain,4,CNN_NO_ASCON#4,16,0.983333,0.051804,50.0,,,,,,,,,,,,2,0.0,3652.5,1,0.356,3585.0,3,0.32039999999999996
CNN_NO_ASCON,CNN,NO_ASCON,standard,plain,4,CNN_NO_ASCON#4,17,1.0,0.032936,50.0,,,,,,,,,,,,2,0.0,3639.0,1,0.385,3573.0,3,0.3465
CNN_NO_ASCON,CNN,NO_ASCON,standard,plain,4,CNN_NO_ASCON#4,18,0.95,0.106714,50.0,,,,,,,,,,,,2,0.0,3650.5,1,0.905,3567.0,3,0.8145
CNN_NO_ASCON,CNN,NO_ASCON,standard,plain,4,CNN_NO_ASCON#4,19,0.95,0.100058,50.0,,,,,,,,,,,,2,0.0,3642.5,1,0.225,3566.0,3,0.20249999999999999
CNN_NO_ASCON,CNN,NO_ASCON,standard,plain,4,CNN_NO_ASCON#4,20,1.0,0.033554,50.0,,,,,,,,,,,,2,0.0,3643.5,1,0.322,3577.0,3,0.2898
CNN_NO_ASCON,CNN,NO_ASCON,standard,plain,6,CNN_NO_ASCON#6,1,0.783333,0.769437,,2.0,2.0,0.7833333313465118,0.7694365978240967,60.0,,,,67.0,0.1857,114.23880597014926,2,0.0,3675.5,1,0.666,3599.0,74,0.39239999999999897
CNN_NO_ASCON,CNN,NO_ASCON,standard,plain,6,CNN_NO_ASCON#6,2,0.75,0.744229,44.0,2.0,2.0,0.75,0.7442286610603333,60.0,,,,56.0,0.15425,110.89285714285714,2,0.0,3692.0,1,0.445,3594.0,65,0.4466
CNN_NO_ASCON,CNN,NO_ASCON,standard,plain,6,CNN_NO_ASCON#6,3,0.683333,0.735258,49.0,2.0,2.0,0.6833333373069763,0.7352577149868011,60.0,,,,59.0,0.18739999999999998,112.20338983050847,2,0.0,3693.5,1,0.275,3582.0,68,0.34194999999999987
CNN_NO_ASCON,CNN,NO_ASCON,standard,plain,6,CNN_NO_ASCON#6,4,0.75,0.618457,50.0,2.0,2.0,0.75,0.6184574961662292,60.0,,,,60.0,0.14504999999999998,113.6,2,0.0,3694.5,1,0.437,3584.0,69,0.41659999999999986
CNN_NO_ASCON,CNN,NO_ASCON,standard,plain,6,CNN_NO_ASCON#6,5,0.783333,0.567405,50.0,2.0,2.0,0.7833333313465118,0.567405104637146,60.0,,,,60.0,0.16529999999999992,114.7,2,0.0,3686.5,1,0.438,3577.0,69,0.41139999999999965
CNN_NO_ASCON,CNN,NO_ASCON,standard,plain,6,CNN_NO_ASCON#6,6,0.816667,0.491991,51.0,2.0,2.0,0.8166666626930237,0.49199073016643524,60.0,,,,60.0,0.14504999999999993,112.0,2,0.0,3688.5,1,0.428,3571.0,69,0.3767999999999997
CNN_NO_ASCON,CNN,NO_ASCON,standard,plain,6,CNN_NO_ASCON#6,7,0.766667,0.519496,50.0,2.0,2.0,0.7666666507720947,0.519496351480484,60.0,,,,60.0,0.14819999999999997,113.48333333333333,2,0.0,3681.0,1,0.27,3582.0,69,0.3607999999999999
CNN_NO_ASCON,CNN,NO_ASCON,standard,plain,6,CNN_NO_ASCON#6,8,0.783333,0.53677,50.0,2.0,2.0,0.7833333313465118,0.5367698669433594,60.0,,,,61.0,0.147,114.75409836065573,2,0.0,3682.0,1,0.339,3587.0,70,0.35164999999999996
CNN_NO_ASCON,CNN,NO_ASCON,standard,plain,6,CNN_NO_ASCON#6,9,0.783333,0.446357,49.0,2.0,2.0,0.7833333313465118,0.4463571459054947,60.0,,,,59.0,0.144,112.20338983050847,2,0.0,3685.0,1,0.365,3566.0,68,0.3689
CNN_NO_ASCON,CNN,NO_ASCON,standard,plain,6,CNN_NO_ASCON#6,10,0.716667,0.579481,51.0,2.0,2.0,0.7166666686534882,0.5794811844825745,60.0,,,,61.0,0.171,113.59016393442623,2,0.0,3675.0,1,0.422,3581.0,70,0.3949999999999998
CNN_NO_ASCON,CNN,NO_ASCON,standard,plain,6,CNN_NO_ASCON#6,11,0.766667,0.504064,50.0,2.0,2.0,0.7666666507720947,0.5040643513202667,60.0,,,,59.0,0.14799999999999994,112.05084745762711,2,0.0,3673.0,1,0.455,3582.0,68,0.43174999999999997
CNN_NO_ASCON,CNN,NO_ASCON,standard,plain,6,CNN_NO_ASCON#6,12,0.816667,0.396949,50.0,2.0,2.0,0.8166666626930237,0.3969492763280868,60.0,,,,60.0,0.14859999999999984,113.85,2,0.0,3678.0,1,0.423,3569.0,69,0.4157999999999999
CNN_NO_ASCON,CNN,NO_ASCON,standard,plain,6,CNN_NO_ASCON#6,13,0.866667,0.35842,50.0,2.0,2.0,0.8666666448116302,0.35841992497444153,60.0,,,,60.0,0.14504999999999998,111.6,2,0.0,3682.0,1,0.476,3566.0,69,0.3655999999999999
CNN_NO_ASCON,CNN,NO_ASCON,standard,plain,6,CNN_NO_ASCON#6,14,0.8,0.42635,50.0,2.0,2.0,0.800000011920929,0.42634955048561096,60.0,,,,60.0,0.1804999999999999,111.35,2,0.0,3673.5,1,0.389,3571.0,69,0.39859999999999995
CNN_NO_ASCON,CNN,NO_ASCON,standard,plain,6,CNN_NO_ASCON#6,15,0.883333,0.344077,50.0,2.0,2.0,0.8833333253860474,0.34407739341259,60.0,,,,60.0,0.15094999999999995,112.28333333333333,2,0.0,3667.0,1,0.423,3573.0,69,0.3933999999999996
CNN_NO_ASCON,CNN,NO_ASCON,standard,plain,6,CNN_NO_ASCON#6,16,0.783333,0.403012,49.0,2.0,2.0,0.7833333313465118,0.40301238000392914,60.0,,,,60.0,0.15009999999999998,112.33333333333333,2,0.0,3664.5,1,0.309,3557.0,69,0.3299999999999998
CNN_NO_ASCON,CNN,NO_ASCON,standard,plain,6,CNN_NO_ASCON#6,17,0.833333,0.360211,51.0,2.0,2.0,0.8333333134651184,0.36021082103252405,60.0,,,,60.0,0.14209999999999998,112.88333333333334,2,0.0,3674.5,1,0.376,3561.0,69,0.3448
CNN_NO_ASCON,CNN,NO_ASCON,standard,plain,6,CNN_NO_ASCON#6,18,0.933333,0.188042,50.0,2.0,2.0,0.9333333075046539,0.1880423203110695,60.0,,,,60.0,0.14764999999999995,113.46666666666667,2,0.0,3666.5,1,0.421,3556.0,69,0.3625999999999998
CNN_NO_ASCON,CNN,NO_ASCON,standard,plain,6,CNN_NO_ASCON#6,19,0.866667,0.314678,50.0,2.0,2.0,0.8666666746139526,0.31467838585376734,60.0,,,,60.0,0.15109999999999987,113.66666666666667,2,0.0,3672.5,1,0.412,3578.0,69,0.3989999999999999
CNN_NO_ASCON,CNN,NO_ASCON,standard,plain,6,CNN_NO_ASCON#6,20,0.833333,0.314242,50.0,2.0,2.0,0.8333333432674408,0.314242348074913,60.0,,,,60.0,0.1813,112.81666666666666,2,0.0,3669.0,1,0.389,3566.0,69,0.40819999999999984
RN_ASCON,RN,ASCON,standard,ascon,2,RN_ASCON#2,1,0.7,0.777873,,,,,,,,,,64.0,4.31335,228.6875,2,12.27355,4954.0,1,13.048,4798.0,71,21.885
RN_ASCON,RN,ASCON,standard,ascon,2,RN_ASCON#2,2,0.8,0.54423,55.0,,,,,,,,,58.0,4.685099999999999,228.24137931034483,2,10.84625,4954.0,1,11.941,4786.0,67,33.452299999999994
RN_ASCON,RN,ASCON,standard,ascon,2,RN_ASCON#2,3,0.883333,0.245084,59.0,,,,,,,,,60.0,4.7547999999999995,225.93333333333334,2,11.1822,4940.0,1,12.986,4794.0,69,35.6966
RN_ASCON,RN,ASCON,standard,ascon,2,RN_ASCON#2,4,0.933333,0.142698,58.0,,,,,,,,,60.0,4.5832,229.4,2,13.56015,4928.0,1,12.088,4794.0,69,34.85199999999999
RN_ASCON,RN,ASCON,standard,ascon,3,RN_ASCON#3,1,0.75,0.794337,,2.0,2.0,0.75,0.7943368256092072,60.0,,,,65.0,4.497999999999999,235.09230769230768,2,10.68295,4944.0,1,10.38,4786.0,72,19.98795000000006
RN_ASCON,RN,ASCON,standard,ascon,3,RN_ASCON#3,2,1.0,0.093062,53.0,2.0,2.0,1.0,0.09306167066097254,60.0,,,,57.0,4.3816,234.5438596491228,2,10.25565,4940.0,1,9.737,4814.0,66,33.81275
RN_ASCON,RN,ASCON,standard,ascon,3,RN_ASCON#3,3,0.966667,0.076524,61.0,2.0,2.0,0.9666666388511658,0.0765243731439113,60.0,,,,60.0,4.55345,234.33333333333334,2,10.6042,4954.0,1,9.893,4802.0,69,33.01439999999999
RN_ASCON,RN,ASCON,standard,ascon,3,RN_ASCON#3,4,0.983333,0.029888,59.0,2.0,2.0,0.9833333194255829,0.02988831792026755,60.0,,,,60.0,4.4719,234.13333333333333,2,12.58585,4946.0,1,10.102,4802.0,69,33.39499999999998
RN_ASCON,RN,ASCON,standard,ascon,3,RN_ASCON#3,5,1.0,0.015347,59.0,2.0,2.0,1.0,0.01534677203744645,60.0,,,,60.0,4.776000000000001,234.46666666666667,2,15.91055,4936.0,1,12.292,4798.0,69,33.50399999999999
RN_ASCON,RN,ASCON,standard,ascon,3,RN_ASCON#3,6,0.85,0.458896,243.0,2.0,2.0,0.8499999940395355,0.4588957130908966,60.0,,,,61.0,4.598,232.08196721311475,2,11.57135,4966.0,1,12.227,4798.0,70,34.7384
RN_ASCON,RN,ASCON,standard,ascon,3,RN_ASCON#3,7,0.85,0.413023,59.0,2.0,2.0,0.8499999940395355,0.41302280128002167,60.0,,,,60.0,4.397349999999999,230.93333333333334,2,13.21415,4964.0,1,11.51,4802.0,69,31.9648
RN_ASCON,RN,ASCON,standard,ascon,3,RN_ASCON#3,8,0.9,0.263188,59.0,2.0,2.0,0.9000000059604645,0.2631884589791298,60.0,,,,60.0,4.63885,231.73333333333332,2,11.72985,4960.0,1,14.402,4790.0,69,33.312
RN_ASCON,RN,ASCON,standard,ascon,3,RN_ASCON#3,9,0.85,0.274526,59.0,2.0,2.0,0.8499999940395355,0.2745256647467613,60.0,,,,60.0,4.50995,230.26666666666668,2,28.0898,4966.0,1,23.262,4798.0,69,34.024
RN_ASCON,RN,ASCON,standard,ascon,3,RN_ASCON#3,10,0.866667,0.305087,59.0,2.0,2.0,0.8666666746139526,0.30508737266063685,60.0,,,,60.0,4.5827,230.33333333333334,2,16.2973,4956.0,1,16.515,4790.0,69,33.309799999999996
RN_ASCON,RN,ASCON,standard,ascon,3,RN_ASCON#3,11,0.866667,0.314123,59.0,2.0,2.0,0.8666666746139526,0.3141234517097473,60.0,,,,60.0,4.618499999999999,231.73333333333332,2,12.414349999999999,4952.0,1,21.937,4802.0,69,34.7314
RN_ASCON,RN,ASCON,standard,ascon,3,RN_ASCON#3,12,0.916667,0.28475,59.0,2.0,2.0,0.9166666567325592,0.28474984411150217,60.0,,,,60.0,4.99795,230.86666666666667,2,24.3773,4944.0,1,36.342,4814.0,69,36.5802
RN_ASCON,RN,ASCON,standard,ascon,3,RN_ASCON#3,13,0.866667,0.338932,59.0,2.0,2.0,0.8666666448116302,0.33893221616744995,60.0,,,,60.0,4.40445,231.93333333333334,2,15.541,4944.0,1,9.764,4794.0,69,35.46899999999999
RN_ASCON,RN,ASCON,standard,ascon,3,RN_ASCON#3,14,0.883333,0.210639,59.0,2.0,2.0,0.8833333253860474,0.21063861995935435,60.0,,,,60.0,4.37915,231.0,2,19.519849999999998,4958.0,1,15.796,4798.0,69,33.74519999999999
RN_ASCON,RN,ASCON,standard,ascon,3,RN_ASCON#3,15,0.833333,0.305248,59.0,2.0,2.0,0.8333333134651184,0.3052475526928901,60.0,,,,60.0,4.5432999999999995,228.53333333333333,2,22.41935,4958.0,1,31.258,4798.0,69,35.10819999999998
RN_ASCON,RN,ASCON,standard,ascon,3,RN_ASCON#3,16,0.866667,0.284815,59.0,2.0,2.0,0.8666666448116302,0.2848154231905937,60.0,,,,60.0,4.6457999999999995,232.6,2,10.986450000000001,4954.0,1,11.734,4798.0,69,35.2442
RN_ASCON,RN,ASCON,standard,ascon,3,RN_ASCON#3,17,0.933333,0.237325,59.0,2.0,2.0,0.9333333373069764,0.2373253628611564,60.0,,,,60.0,4.7291,233.46666666666667,2,28.6708,4948.0,1,10.385,4786.0,69,32.2842
RN_ASCON,RN,ASCON,standard,ascon,3,RN_ASCON#3,18,0.883333,0.242934,58.0,2.0,2.0,0.8833333253860474,0.24293421953916544,60.0,,,,60.0,4.58195,231.2,2,12.2708,4952.0,1,10.237,4802.0,69,33.0048
RN_ASCON,RN,ASCON,standard,ascon,3,RN_ASCON#3,19,0.866667,0.313103,59.0,2.0,2.0,0.8666666448116302,0.31310300529003143,60.0,,,,60.0,4.4642,231.4,2,14.66145,4960.0,1,13.338,4786.0,69,31.916199999999993
RN_ASCON,RN,ASCON,standard,ascon,3,RN_ASCON#3,20,0.816667,0.286049,59.0,2.0,2.0,0.8166666626930237,0.2860489264130592,60.0,,,,60.0,4.5169,231.66666666666666,2,11.36685,4942.0,1,9.987,4802.0,69,32.8078
RN_ASCON,RN,ASCON,standard,ascon,3,RN_ASCON#3,21,0.9,0.183971,60.0,2.0,2.0,0.8999999761581421,0.18397068232297892,60.0,,,,60.0,4.3567,231.46666666666667,2,21.506500000000003,4952.0,1,22.264,4782.0,69,36.06719999999998
RN_ASCON,RN,ASCON,standard,ascon,3,RN_ASCON#3,22,0.883333,0.233325,59.0,2.0,2.0,0.8833333253860474,0.23332487046718595,60.0,,,,60.0,4.425199999999999,231.6,2,10.52065,4952.0,1,11.488,4806.0,69,34.18339999999999
RN_ASCON,RN,ASCON,standard,ascon,3,RN_ASCON#3,23,0.9,0.164653,59.0,2.0,2.0,0.9000000059604645,0.16465302556753156,60.0,,,,60.0,4.669949999999999,232.33333333333334,2,13.69195,4952.0,1,14.424,4814.0,69,33.9478
RN_ASCON,RN,ASCON,standard,ascon,3,RN_ASCON#3,24,0.883333,0.25946,58.0,2.0,2.0,0.8833333253860474,0.25946048647165293,60.0,,,,60.0,4.6209,232.06666666666666,2,14.127849999999999,4938.0,1,15.814,4802.0,69,35.159
RN_ASCON,RN,ASCON,standard,ascon,3,RN_ASCON#3,25,0.933333,0.152145,60.0,2.0,2.0,0.9333333075046539,0.15214489400386805,60.0,,,,60.0,4.807600000000001,230.13333333333333,2,11.78465,4952.0,1,11.641,4806.0,69,33.922799999999995
RN_ASCON,RN,ASCON,standard,ascon,3,RN_ASCON#3,26,0.983333,0.129977,58.0,2.0,2.0,0.9833333194255829,0.12997738644480705,60.0,,,,60.0,5.060899999999999,231.86666666666667,2,14.05265,4940.0,1,11.257,4790.0,69,34.494199999999985
RN_ASCON,RN,ASCON,standard,ascon,3,RN_ASCON#3,27,0.95,0.169296,59.0,2.0,2.0,0.949999988079071,0.16929642856121058,60.0,,,,60.0,4.77675,232.0,2,25.533599999999996,4942.0,1,13.422,4802.0,69,34.1898
RN_ASCON,RN,ASCON,standard,ascon,3,RN_ASCON#3,28,0.95,0.124062,60.0,2.0,2.0,0.949999988079071,0.1240617781877517,60.0,,,,60.0,4.7076,233.13333333333333,2,18.3379,4952.0,1,20.956,4794.0,69,36.206799999999994
RN_ASCON,RN,ASCON,standard,ascon,3,RN_ASCON#3,29,0.916667,0.198217,58.0,2.0,2.0,0.9166666567325592,0.198217075318098,60.0,,,,60.0,4.69865,229.73333333333332,2,27.545299999999997,4940.0,1,35.96,4782.0,69,35.30159999999999
RN_ASCON,RN,ASCON,standard,ascon,3,RN_ASCON#3,30,0.916667,0.214765,61.0,2.0,2.0,0.9166666567325592,0.21476476639509198,60.0,,,,60.0,4.86435,230.13333333333333,2,33.9926,4942.0,1,28.37,4806.0,69,37.6688
RN_ASCON,RN,ASCON,standard,ascon,4,RN_ASCON#4,1,0.666667,0.864842,,2.0,2.0,0.6666666865348816,0.8648417294025421,60.0,,,,64.0,4.433649999999999,234.25,2,11.38445,4958.0,1,13.679,4786.0,71,22.5125
RN_ASCON,RN,ASCON,standard,ascon,4,RN_ASCON#4,2,0.933333,0.157192,54.0,2.0,2.0,0.9333333373069764,0.1571921408176422,60.0,,,,57.0,4.5296,233.98245614035088,2,10.6973,4956.0,1,10.27,4818.0,66,34.46625
RN_ASCON,RN,ASCON,standard,ascon,4,RN_ASCON#4,3,1.0,0.048108,58.0,2.0,2.0,1.0,0.04810825735330575,60.0,,,,59.0,4.5724,233.67796610169492,2,11.5525,4928.0,1,11.904,4786.0,68,35.3638
RN_ASCON,RN,ASCON,standard,ascon,4,RN_ASCON#4,4,0.983333,0.112293,60.0,2.0,2.0,0.9833333194255829,0.11229258123785255,60.0,,,,61.0,4.677,233.19672131147541,2,10.3579,4946.0,1,10.925,4794.0,70,34.7128
RN_ASCON,RN,ASCON,standard,ascon,4,RN_ASCON#4,5,0.983333,0.050266,59.0,2.0,2.0,0.9833333194255829,0.050265693105757146,60.0,,,,59.0,4.547499999999999,233.94915254237287,2,12.120849999999999,4936.0,1,11.469,4790.0,68,34.05185
RN_ASCON,RN,ASCON,standard,ascon,4,RN_ASCON#4,6,0.933333,0.259205,141.0,2.0,2.0,0.9333333373069763,0.2592049250379204,60.0,,,,61.0,4.646,233.59016393442624,2,14.381,4944.0,1,11.998,4778.0,70,34.06699999999999
RN_ASCON,RN,ASCON,standard,ascon,4,RN_ASCON#4,7,0.95,0.099225,61.0,2.0,2.0,0.949999988079071,0.09922513784840699,60.0,,,,60.0,4.5619499999999995,231.86666666666667,2,18.0454,4952.0,1,11.21,4806.0,69,33.4006
RN_ASCON,RN,ASCON,standard,ascon,4,RN_ASCON#4,8,0.933333,0.23476,59.0,2.0,2.0,0.9333333373069763,0.23476038128137586,60.0,,,,59.0,4.757099999999999,233.27118644067798,2,20.945649999999997,4934.0,1,10.239,4806.0,68,34.4604
RN_ASCON,RN,ASCON,standard,ascon,4,RN_ASCON#4,9,0.916667,0.2334,61.0,2.0,2.0,0.9166666567325592,0.23339962400496,60.0,,,,60.0,4.87285,232.6,2,12.7655,4942.0,1,10.667,4814.0,69,34.26959999999999
RN_ASCON,RN,ASCON,standard,ascon,4,RN_ASCON#4,10,0.95,0.122719,60.0,2.0,2.0,0.949999988079071,0.12271909322589629,60.0,,,,60.0,4.71905,232.8,2,10.25305,4940.0,1,14.767,4786.0,69,33.84679999999999
RN_ASCON,RN,ASCON,standard,ascon,4,RN_ASCON#4,11,1.0,0.054139,63.0,2.0,2.0,1.0,0.054139420390129055,60.0,,,,61.0,4.647,233.2622950819672,2,13.15505,4934.0,1,14.306,4802.0,70,34.513549999999995
RN_ASCON,RN,ASCON,standard,ascon,4,RN_ASCON#4,12,0.916667,0.198009,59.0,2.0,2.0,0.9166666567325592,0.19800882646813983,60.0,,,,60.0,4.68075,232.8,2,10.96795,4952.0,1,12.896,4798.0,69,33.1932
RN_ASCON,RN,ASCON,standard,ascon,4,RN_ASCON#4,13,0.95,0.094147,58.0,2.0,2.0,0.949999988079071,0.0941474391147494,60.0,,,,60.0,4.8184,232.93333333333334,2,13.82255,4946.0,1,13.387,4802.0,69,33.28339999999999
RN_ASCON,RN,ASCON,standard,ascon,4,RN_ASCON#4,14,0.933333,0.106184,59.0,2.0,2.0,0.9333333373069763,0.10618428420275446,60.0,,,,60.0,4.9460999999999995,231.26666666666668,2,11.252799999999999,4950.0,1,11.459,4798.0,69,33.622
RN_ASCON,RN,ASCON,standard,ascon,4,RN_ASCON#4,15,0.933333,0.181214,60.0,2.0,2.0,0.9333333373069763,0.18121416075155136,60.0,,,,60.0,4.70165,232.93333333333334,2,15.14495,4940.0,1,9.869,4790.0,69,32.9488
RN_ASCON,RN,ASCON,standard,ascon,4,RN_ASCON#4,16,0.933333,0.228008,59.0,2.0,2.0,0.9333333373069763,0.22800759738311166,60.0,,,,60.0,4.816949999999999,233.0,2,21.6818,4934.0,1,11.425,4770.0,69,34.16659999999998
RN_ASCON,RN,ASCON,standard,ascon,4,RN_ASCON#4,17,0.983333,0.058851,58.0,2.0,2.0,0.9833333194255829,0.05885092145763335,60.0,,,,60.0,4.69305,230.93333333333334,2,13.52185,4926.0,1,9.942,4786.0,69,33.363400000000006
RN_ASCON,RN,ASCON,standard,ascon,4,RN_ASCON#4,18,0.9,0.168915,59.0,2.0,2.0,0.9000000059604645,0.16891493089497087,60.0,,,,60.0,4.5402,230.6,2,15.3399,4930.0,1,10.557,4786.0,69,34.2352
RN_ASCON,RN,ASCON,standard,ascon,4,RN_ASCON#4,19,1.0,0.047993,60.0,2.0,2.0,1.0,0.0479931235313415,60.0,,,,60.0,4.55145,234.73333333333332,2,10.5826,4932.0,1,10.407,4790.0,69,33.6666
RN_ASCON,RN,ASCON,standard,ascon,4,RN_ASCON#4,20,0.983333,0.037074,58.0,2.0,2.0,0.9833333194255829,0.03707440663129085,60.0,,,,60.0,4.7893,233.2,2,16.630100000000002,4936.0,1,13.13,4770.0,69,34.22559999999999
RN_ASCON,RN,ASCON,standard,ascon,5,RN_ASCON#5,1,0.75,0.842587,,2.0,2.0,0.75,0.8425867259502411,60.0,,,,64.0,4.38435,234.3125,2,10.99615,4954.0,1,13.433,4798.0,71,23.671499999999998
RN_ASCON,RN,ASCON,standard,ascon,5,RN_ASCON#5,2,0.983333,0.104869,54.0,2.0,2.0,0.9833333194255829,0.10486903414130205,60.0,,,,57.0,4.5588,233.56140350877192,2,12.173,4942.0,1,11.823,4806.0,66,36.21225
RN_ASCON,RN,ASCON,standard,ascon,5,RN_ASCON#5,3,1.0,0.033653,59.0,2.0,2.0,1.0,0.033652510493993704,60.0,,,,60.0,4.5038,233.86666666666667,2,11.47205,4938.0,1,10.907,4810.0,69,33.03719999999999
RN_ASCON,RN,ASCON,standard,ascon,5,RN_ASCON#5,4,1.0,0.016286,59.0,2.0,2.0,1.0,0.016286061611026498,60.0,,,,60.0,4.452799999999999,233.73333333333332,2,11.04705,4936.0,1,11.906,4782.0,69,34.35779999999999
RN_ASCON,RN,ASCON,standard,ascon,5,RN_ASCON#5,5,1.0,0.015779,59.0,2.0,2.0,1.0,0.015778798609972,60.0,,,,60.0,4.4049499999999995,233.46666666666667,2,10.5917,4930.0,1,10.217,4814.0,69,33.416799999999995
RN_ASCON,RN,ASCON,standard,ascon,5,RN_ASCON#5,6,0.933333,0.18023,170.0,2.0,2.0,0.9333333373069763,0.18023000750690693,60.0,,,,60.0,4.394,234.0,2,27.17675,4946.0,1,10.901,4802.0,69,32.77499999999999
RN_ASCON,RN,ASCON,standard,ascon,5,RN_ASCON#5,7,0.9,0.356315,59.0,2.0,2.0,0.9000000059604645,0.3563145045191049,60.0,,,,60.0,4.58565,233.46666666666667,2,10.7921,4940.0,1,13.548,4786.0,69,32.7728
RN_ASCON,RN,ASCON,standard,ascon,5,RN_ASCON#5,8,0.966667,0.130994,59.0,2.0,2.0,0.9666666686534882,0.13099432457238436,60.0,,,,60.0,4.5276000000000005,234.4,2,11.4178,4952.0,1,39.748,4798.0,69,36.413799999999995
RN_ASCON,RN,ASCON,standard,ascon,5,RN_ASCON#5,9,0.933333,0.167941,59.0,2.0,2.0,0.9333333373069763,0.16794094443321225,60.0,,,,60.0,4.555899999999999,232.33333333333334,2,11.487200000000001,4944.0,1,10.991,4798.0,69,33.10119999999999
RN_ASCON,RN,ASCON,standard,ascon,5,RN_ASCON#5,10,0.933333,0.187718,59.0,2.0,2.0,0.9333333373069763,0.187718185596168,60.0,,,,60.0,4.701499999999999,232.33333333333334,2,10.9176,4938.0,1,11.069,4810.0,69,33.1382
RN_ASCON,RN,ASCON,standard,ascon,5,RN_ASCON#5,11,0.933333,0.208866,59.0,2.0,2.0,0.9333333373069763,0.20886560762301087,60.0,,,,60.0,4.4585,233.33333333333334,2,11.462150000000001,4946.0,1,13.869,4802.0,69,34.181599999999996
RN_ASCON,RN,ASCON,standard,ascon,5,RN_ASCON#5,12,0.95,0.125099,59.0,2.0,2.0,0.949999988079071,0.12509906128980217,60.0,,,,60.0,4.2730999999999995,232.53333333333333,2,12.82015,4954.0,1,10.743,4806.0,69,32.26959999999999
RN_ASCON,RN,ASCON,standard,ascon,5,RN_ASCON#5,13,0.933333,0.223421,59.0,2.0,2.0,0.9333333373069763,0.22342145326547322,60.0,,,,60.0,4.8145,233.0,2,19.1326,4944.0,1,15.82,4802.0,69,32.46639999999999
RN_ASCON,RN,ASCON,standard,ascon,5,RN_ASCON#5,14,0.9,0.22891,59.0,2.0,2.0,0.9000000059604645,0.22891017887741325,60.0,,,,60.0,4.311599999999999,231.2,2,10.934050000000001,4952.0,1,11.304,4814.0,69,33.938399999999994
RN_ASCON,RN,ASCON,standard,ascon,5,RN_ASCON#5,15,0.916667,0.18418,60.0,2.0,2.0,0.9166666567325592,0.1841798971872776,60.0,,,,60.0,4.484249999999999,231.33333333333334,2,11.0431,4962.0,1,12.951,4798.0,69,35.2002
RN_ASCON,RN,ASCON,standard,ascon,5,RN_ASCON#5,16,0.9,0.183416,59.0,2.0,2.0,0.9000000059604645,0.18341610860079527,60.0,,,,60.0,4.708099999999999,232.46666666666667,2,13.57895,4942.0,1,11.967,4814.0,69,32.68759999999999
RN_ASCON,RN,ASCON,standard,ascon,5,RN_ASCON#5,17,0.983333,0.119328,59.0,2.0,2.0,0.9833333194255829,0.11932807345874605,60.0,,,,60.0,4.632649999999999,232.33333333333334,2,16.17955,4954.0,1,14.546,4782.0,69,32.8014
RN_ASCON,RN,ASCON,standard,ascon,5,RN_ASCON#5,18,0.983333,0.03503,59.0,2.0,2.0,0.9833333194255829,0.035029762890189844,60.0,,,,60.0,4.58155,233.0,2,10.75525,4936.0,1,13.005,4814.0,69,31.156399999999998
RN_ASCON,RN,ASCON,standard,ascon,5,RN_ASCON#5,19,0.966667,0.126519,59.0,2.0,2.0,0.9666666686534882,0.12651855312287805,60.0,,,,60.0,4.5085999999999995,232.8,2,10.645750000000001,4934.0,1,10.246,4782.0,69,32.959999999999994
RN_ASCON,RN,ASCON,standard,ascon,5,RN_ASCON#5,20,0.983333,0.038647,59.0,2.0,2.0,0.9833333194255829,0.03864654025528575,60.0,,,,60.0,4.3542,231.53333333333333,2,22.307750000000002,4948.0,1,15.238,4786.0,69,33.387
RN_ASCON,RN,ASCON,standard,ascon,6,RN_ASCON#6,1,0.75,1.017591,,2.0,2.0,0.75,1.0175913572311401,60.0,,,,80.0,4.2722,233.55,2,11.245049999999999,4952.0,1,12.671,4802.0,87,12.248000000000003
RN_ASCON,RN,ASCON,standard,ascon,6,RN_ASCON#6,2,0.95,0.135244,79.0,1.0,2.0,0.949999988079071,0.1352439653128385,60.0,,,,69.0,4.3486,234.33333333333334,2,12.31555,4946.0,1,18.056,4798.0,78,34.29005
RN_ASCON,RN,ASCON,standard,ascon,6,RN_ASCON#6,3,1.0,0.034946,60.0,2.0,2.0,1.0,0.0349458968266844,60.0,,,,50.0,4.947749999999999,233.48,2,11.21015,4928.0,1,11.677,4794.0,59,35.5321
RN_ASCON,RN,ASCON,standard,ascon,6,RN_ASCON#6,4,1.0,0.024912,59.0,2.0,2.0,1.0,0.02491209190338845,60.0,,,,50.0,4.4981,233.08,2,10.63155,4920.0,1,12.433,4786.0,59,35.10799999999999
RN_ASCON,RN,ASCON,standard,ascon,6,RN_ASCON#6,5,1.0,0.010663,63.0,2.0,2.0,1.0,0.01066302787512535,60.0,,,,55.0,4.5442,233.29090909090908,2,13.6077,4936.0,1,14.739,4794.0,64,34.59579999999999
RN_ASCON,RN,ASCON,standard,ascon,6,RN_ASCON#6,6,0.916667,0.296874,64.0,2.0,2.0,0.9166666567325592,0.2968741136137396,60.0,,,,63.0,4.8698,233.57142857142858,2,18.6728,4944.0,1,10.16,4786.0,72,35.33485000000001
RN_ASCON,RN,ASCON,standard,ascon,6,RN_ASCON#6,7,0.95,0.213609,60.0,2.0,2.0,0.949999988079071,0.21360883954912419,60.0,,,,60.0,4.54415,233.33333333333334,2,11.04035,4932.0,1,9.99,4802.0,69,36.27779999999996
RN_ASCON,RN,ASCON,standard,ascon,6,RN_ASCON#6,8,0.983333,0.061959,61.0,2.0,2.0,0.9833333194255829,0.06195918470621105,60.0,,,,60.0,4.51615,232.8,2,11.84415,4938.0,1,12.226,4786.0,69,33.19579999999999
RN_ASCON,RN,ASCON,standard,ascon,6,RN_ASCON#6,9,0.916667,0.178716,60.0,2.0,2.0,0.9166666567325592,0.178715692833066,60.0,,,,60.0,4.572299999999999,232.4,2,11.1336,4954.0,1,10.372,4810.0,69,31.417599999999993
RN_ASCON,RN,ASCON,standard,ascon,6,RN_ASCON#6,10,0.983333,0.133821,58.0,2.0,2.0,0.9833333194255829,0.13382121501490468,60.0,,,,60.0,4.597849999999999,232.53333333333333,2,13.70895,4946.0,1,10.642,4806.0,69,34.285399999999996
RN_ASCON,RN,ASCON,standard,ascon,6,RN_ASCON#6,11,0.916667,0.227894,59.0,2.0,2.0,0.9166666567325592,0.22789393877610564,60.0,,,,60.0,4.5234000000000005,233.26666666666668,2,10.788799999999998,4942.0,1,10.557,4814.0,69,33.611
RN_ASCON,RN,ASCON,standard,ascon,6,RN_ASCON#6,12,0.983333,0.055132,59.0,2.0,2.0,0.9833333194255829,0.0551315224729478,60.0,,,,60.0,4.563999999999999,232.4,2,10.3927,4950.0,1,10.353,4818.0,69,34.7538
RN_ASCON,RN,ASCON,standard,ascon,6,RN_ASCON#6,13,0.966667,0.069748,58.0,2.0,2.0,0.9666666686534882,0.0697477695066481,60.0,,,,60.0,4.655349999999999,232.8,2,11.8157,4948.0,1,15.683,4782.0,69,34.492199999999976
RN_ASCON,RN,ASCON,standard,ascon,6,RN_ASCON#6,14,0.983333,0.059501,59.0,2.0,2.0,0.9833333194255829,0.0595012218691408,60.0,,,,60.0,4.6690000000000005,234.13333333333333,2,10.8002,4946.0,1,10.969,4810.0,69,33.514999999999986
RN_ASCON,RN,ASCON,standard,ascon,6,RN_ASCON#6,15,0.966667,0.112095,59.0,2.0,2.0,0.9666666686534882,0.11209541442804034,60.0,,,,60.0,5.0806000000000004,232.53333333333333,2,11.77735,4938.0,1,10.626,4802.0,69,33.3084
RN_ASCON,RN,ASCON,standard,ascon,6,RN_ASCON#6,16,0.966667,0.131776,59.0,2.0,2.0,0.9666666686534882,0.1317763815168291,60.0,,,,60.0,4.68835,231.46666666666667,2,13.68235,4948.0,1,13.241,4802.0,69,34.86719999999999
RN_ASCON,RN,ASCON,standard,ascon,6,RN_ASCON#6,17,0.95,0.176198,59.0,2.0,2.0,0.949999988079071,0.17619846947491166,60.0,,,,60.0,4.724,233.33333333333334,2,11.2685,4940.0,1,9.976,4782.0,69,33.38639999999997
RN_ASCON,RN,ASCON,standard,ascon,6,RN_ASCON#6,18,0.983333,0.07476,59.0,2.0,2.0,0.9833333194255829,0.07476014574058344,60.0,,,,60.0,4.425,233.66666666666666,2,11.245750000000001,4940.0,1,13.262,4786.0,69,35.13539999999997
RN_ASCON,RN,ASCON,standard,ascon,6,RN_ASCON#6,19,0.966667,0.18198,59.0,2.0,2.0,0.9666666686534882,0.18197984690777955,60.0,,,,60.0,4.762549999999999,232.8,2,11.368,4964.0,1,10.784,4794.0,69,32.05119999999999
RN_ASCON,RN,ASCON,standard,ascon,6,RN_ASCON#6,20,0.916667,0.237888,58.0,2.0,2.0,0.9166666567325592,0.23788794944994152,60.0,,,,56.0,4.59375,231.57142857142858,2,10.7615,4950.0,1,9.908,4782.0,64,32.122749999999996
RN_ASCON,RN,ASCON,standard,ascon,7,RN_ASCON#7,1,0.8,0.684,,2.0,2.0,0.7999999821186066,0.6839996874332428,60.0,,,,65.0,4.3472,233.86153846153846,2,11.4441,4958.0,1,11.348,4802.0,72,21.097150000000063
RN_ASCON,RN,ASCON,standard,ascon,7,RN_ASCON#7,2,0.933333,0.247279,54.0,2.0,2.0,0.9333333373069764,0.24727907031774515,60.0,,,,58.0,4.4719,234.51724137931035,2,10.84,4972.0,1,11.689,4802.0,67,33.4203
RN_ASCON,RN,ASCON,standard,ascon,7,RN_ASCON#7,3,0.95,0.130688,60.0,2.0,2.0,0.949999988079071,0.13068785145878792,60.0,,,,60.0,5.0348999999999995,233.53333333333333,2,10.85275,4956.0,1,17.499,4790.0,69,34.002799999999986
RN_ASCON,RN,ASCON,standard,ascon,7,RN_ASCON#7,4,1.0,0.05397,59.0,2.0,2.0,1.0,0.053969541564583695,60.0,,,,60.0,4.904749999999999,234.26666666666668,2,12.6621,4938.0,1,11.782,4794.0,69,36.3662
RN_ASCON,RN,ASCON,standard,ascon,7,RN_ASCON#7,5,1.0,0.022362,60.0,2.0,2.0,1.0,0.0223616119474172,60.0,,,,60.0,4.8183,234.53333333333333,2,23.02855,4928.0,1,10.068,4806.0,69,34.711
RN_ASCON,RN,ASCON,standard,ascon,7,RN_ASCON#7,6,0.983333,0.071513,65.0,2.0,2.0,0.9833333194255829,0.0715128546580672,60.0,,,,63.0,4.6533999999999995,234.015873015873,2,12.01215,4952.0,1,10.602,4786.0,72,35.636
RN_ASCON,RN,ASCON,standard,ascon,7,RN_ASCON#7,7,0.916667,0.213857,58.0,2.0,2.0,0.9166666567325592,0.2138574616983533,60.0,,,,60.0,4.6139,232.73333333333332,2,11.075199999999999,4952.0,1,11.496,4794.0,69,34.308999999999976
RN_ASCON,RN,ASCON,standard,ascon,7,RN_ASCON#7,8,0.916667,0.150267,59.0,2.0,2.0,0.9166666567325592,0.15026749949902296,60.0,,,,60.0,4.548099999999999,233.66666666666666,2,12.2041,4944.0,1,13.49,4798.0,69,34.47559999999999
RN_ASCON,RN,ASCON,standard,ascon,7,RN_ASCON#7,9,0.933333,0.155353,59.0,2.0,2.0,0.9333333373069763,0.15535301622003309,60.0,,,,60.0,4.7392,232.46666666666667,2,10.4693,4948.0,1,11.045,4806.0,69,34.07599999999997
RN_ASCON,RN,ASCON,standard,ascon,7,RN_ASCON#7,10,0.916667,0.140416,59.0,2.0,2.0,0.9166666567325592,0.1404155669733882,60.0,,,,60.0,4.62675,232.2,2,11.1776,4958.0,1,11.381,4810.0,69,34.88319999999998
RN_ASCON,RN,ASCON,standard,ascon,7,RN_ASCON#7,11,0.983333,0.097937,60.0,2.0,2.0,0.9833333194255829,0.09793671965599055,60.0,,,,60.0,4.93445,233.73333333333332,2,12.727649999999999,4962.0,1,10.871,4794.0,69,33.001999999999995
RN_ASCON,RN,ASCON,standard,ascon,7,RN_ASCON#7,12,1.0,0.023597,59.0,2.0,2.0,1.0,0.02359719900414345,60.0,,,,60.0,4.58885,233.13333333333333,2,17.99935,4938.0,1,16.741,4810.0,69,32.8688
RN_ASCON,RN,ASCON,standard,ascon,7,RN_ASCON#7,13,0.95,0.115079,58.0,2.0,2.0,0.949999988079071,0.11507894052192565,60.0,,,,60.0,4.86505,232.13333333333333,2,11.046949999999999,4956.0,1,17.269,4802.0,69,34.00339999999999
RN_ASCON,RN,ASCON,standard,ascon,7,RN_ASCON#7,14,1.0,0.02345,60.0,2.0,2.0,1.0,0.023449894040822948,60.0,,,,60.0,4.56435,233.06666666666666,2,10.4534,4936.0,1,10.704,4794.0,69,35.76299999999997
RN_ASCON,RN,ASCON,standard,ascon,7,RN_ASCON#7,15,0.95,0.113255,59.0,2.0,2.0,0.949999988079071,0.11325535969808696,60.0,,,,60.0,4.60405,233.86666666666667,2,11.1722,4952.0,1,10.767,4798.0,69,34.171799999999976
RN_ASCON,RN,ASCON,standard,ascon,7,RN_ASCON#7,16,0.983333,0.075394,60.0,2.0,2.0,0.9833333194255829,0.07539414125494655,60.0,,,,60.0,4.735499999999999,232.6,2,14.66255,4940.0,1,24.154,4798.0,69,34.555599999999984
RN_ASCON,RN,ASCON,standard,ascon,7,RN_ASCON#7,17,0.966667,0.119421,61.0,2.0,2.0,0.9666666686534882,0.11942063912283625,60.0,,,,60.0,4.5801,231.93333333333334,2,19.1754,4948.0,1,15.697,4802.0,69,33.4946
RN_ASCON,RN,ASCON,standard,ascon,7,RN_ASCON#7,18,0.966667,0.104582,59.0,2.0,2.0,0.9666666686534882,0.1045822743326425,60.0,,,,60.0,5.0865,233.4,2,21.762,4936.0,1,11.931,4786.0,69,32.18839999999999
RN_ASCON,RN,ASCON,standard,ascon,7,RN_ASCON#7,19,0.95,0.113864,61.0,2.0,2.0,0.949999988079071,0.1138643601443618,60.0,,,,60.0,4.89885,232.66666666666666,2,23.22325,4940.0,1,29.721,4802.0,69,31.8536
RN_ASCON,RN,ASCON,standard,ascon,7,RN_ASCON#7,20,0.966667,0.151863,60.0,2.0,2.0,0.9666666686534882,0.15186330024152989,60.0,,,,60.0,5.0484,233.6,2,10.7294,4928.0,1,14.702,4786.0,69,34.49819999999998
RN_ASCON,RN,ASCON,standard,ascon,8,RN_ASCON#8,1,0.783333,0.801066,,2.0,2.0,0.7833333313465118,0.8010662794113159,60.0,,,,64.0,4.45095,234.0625,2,10.65175,4956.0,1,11.642,4790.0,71,21.6715
RN_ASCON,RN,ASCON,standard,ascon,8,RN_ASCON#8,2,0.966667,0.132952,54.0,2.0,2.0,0.9666666388511658,0.13295227661728853,60.0,,,,57.0,4.662599999999999,234.40350877192984,2,11.4064,4968.0,1,11.559,4790.0,66,35.80825
RN_ASCON,RN,ASCON,standard,ascon,8,RN_ASCON#8,3,1.0,0.047946,60.0,2.0,2.0,1.0,0.04794580489397045,60.0,,,,60.0,4.5353,234.06666666666666,2,11.94775,4936.0,1,11.157,4806.0,69,33.91199999999999
RN_ASCON,RN,ASCON,standard,ascon,8,RN_ASCON#8,4,1.0,0.028006,59.0,2.0,2.0,1.0,0.02800612337887285,60.0,,,,60.0,4.856249999999999,234.33333333333334,2,24.97695,4942.0,1,10.942,4798.0,69,33.5254
RN_ASCON,RN,ASCON,standard,ascon,8,RN_ASCON#8,5,1.0,0.012422,63.0,2.0,2.0,1.0,0.012421800289302998,60.0,,,,63.0,4.6924,232.68253968253967,2,25.37525,4938.0,1,14.328,4794.0,72,33.91635
RN_ASCON,RN,ASCON,standard,ascon,8,RN_ASCON#8,6,0.883333,0.375871,59.0,2.0,2.0,0.8833333253860474,0.37587065761908883,60.0,,,,60.0,4.4333,232.26666666666668,2,10.28125,4944.0,1,10.053,4802.0,69,32.82319999999998
RN_ASCON,RN,ASCON,standard,ascon,8,RN_ASCON#8,7,0.983333,0.093956,59.0,2.0,2.0,0.9833333194255829,0.0939563242718577,60.0,,,,60.0,4.7212499999999995,234.93333333333334,2,12.004,4940.0,1,10.128,4778.0,69,34.08999999999999
RN_ASCON,RN,ASCON,standard,ascon,8,RN_ASCON#8,8,0.95,0.10189,59.0,2.0,2.0,0.949999988079071,0.10188996838405724,60.0,,,,60.0,4.7533,232.4,2,12.370750000000001,4950.0,1,11.784,4798.0,69,33.688399999999994
RN_ASCON,RN,ASCON,standard,ascon,8,RN_ASCON#8,9,0.95,0.141639,59.0,2.0,2.0,0.949999988079071,0.14163897745311257,60.0,,,,60.0,4.9609,233.46666666666667,2,16.52255,4950.0,1,11.413,4794.0,69,33.930799999999984
RN_ASCON,RN,ASCON,standard,ascon,8,RN_ASCON#8,10,0.916667,0.243116,65.0,2.0,2.0,0.9166666567325592,0.24311636947095389,60.0,,,,60.0,4.5119,231.33333333333334,2,11.41605,4954.0,1,10.061,4814.0,69,35.49939999999997
RN_ASCON,RN,ASCON,standard,ascon,8,RN_ASCON#8,11,0.933333,0.153539,60.0,2.0,2.0,0.9333333373069763,0.1535392212681472,60.0,,,,59.0,4.4121999999999995,231.23728813559322,2,11.454500000000001,4960.0,1,10.241,4806.0,68,35.6391
RN_ASCON,RN,ASCON,standard,ascon,8,RN_ASCON#8,12,0.966667,0.114245,61.0,2.0,2.0,0.9666666686534882,0.11424498446285719,60.0,,,,60.0,4.7698,232.73333333333332,2,11.4383,4946.0,1,11.58,4798.0,69,34.708199999999984
RN_ASCON,RN,ASCON,standard,ascon,8,RN_ASCON#8,13,0.9,0.167055,61.0,2.0,2.0,0.9000000059604645,0.16705460567027325,60.0,,,,60.0,4.9681,233.4,2,17.389100000000003,4952.0,1,19.116,4806.0,69,34.11479999999999
RN_ASCON,RN,ASCON,standard,ascon,8,RN_ASCON#8,14,0.983333,0.062423,62.0,2.0,2.0,0.9833333194255829,0.062423095107078504,60.0,,,,59.0,4.734699999999999,233.0,2,11.7657,4946.0,1,9.859,4786.0,68,35.25445
RN_ASCON,RN,ASCON,standard,ascon,8,RN_ASCON#8,15,0.966667,0.094135,59.0,2.0,2.0,0.9666666686534882,0.09413470933213824,60.0,,,,60.0,4.6863,232.53333333333333,2,10.88725,4940.0,1,11.264,4794.0,69,34.255199999999995
RN_ASCON,RN,ASCON,standard,ascon,8,RN_ASCON#8,16,0.983333,0.052529,59.0,2.0,2.0,0.9833333194255829,0.05252884968649595,60.0,,,,60.0,5.21265,233.2,2,12.5002,4948.0,1,15.324,4794.0,69,32.1082
RN_ASCON,RN,ASCON,standard,ascon,8,RN_ASCON#8,17,1.0,0.013581,58.0,2.0,2.0,1.0,0.013581026345491399,60.0,,,,60.0,4.813249999999999,234.6,2,23.60085,4932.0,1,9.91,4790.0,69,35.008199999999995
RN_ASCON,RN,ASCON,standard,ascon,8,RN_ASCON#8,18,0.933333,0.123744,59.0,2.0,2.0,0.9333333373069763,0.12374365958385164,60.0,,,,60.0,4.62575,231.53333333333333,2,20.761400000000002,4934.0,1,21.578,4802.0,69,31.9286
RN_ASCON,RN,ASCON,standard,ascon,8,RN_ASCON#8,19,0.966667,0.107467,59.0,2.0,2.0,0.9666666686534882,0.10746720200404519,60.0,,,,60.0,5.0544,233.06666666666666,2,23.993499999999997,4944.0,1,12.206,4802.0,69,32.333
RN_ASCON,RN,ASCON,standard,ascon,8,RN_ASCON#8,20,0.95,0.151913,59.0,2.0,2.0,0.949999988079071,0.15191291482187805,60.0,,,,60.0,4.67195,233.2,2,10.48065,4948.0,1,10.2,4802.0,69,32.6272
RN_ASCON,RN,ASCON,standard,ascon,9,RN_ASCON#9,1,0.8,0.558471,,2.0,2.0,0.800000011920929,0.5584709942340851,60.0,,,,65.0,4.4354,235.4,2,11.3075,4950.0,1,11.661,4798.0,72,20.68800000000006
RN_ASCON,RN,ASCON,standard,ascon,9,RN_ASCON#9,2,0.966667,0.140777,53.0,2.0,2.0,0.9666666686534882,0.1407765969634056,60.0,,,,56.0,4.564,233.78571428571428,2,12.01,4948.0,1,12.61,4786.0,65,34.397
RN_ASCON,RN,ASCON,standard,ascon,9,RN_ASCON#9,3,1.0,0.039211,60.0,2.0,2.0,1.0,0.039210679940879296,60.0,,,,60.0,5.3723,234.0,2,13.2615,4936.0,1,11.15,4810.0,69,32.594999999999985
RN_ASCON,RN,ASCON,standard,ascon,9,RN_ASCON#9,4,1.0,0.024904,59.0,2.0,2.0,1.0,0.0249036317691206,60.0,,,,61.0,4.421,234.63934426229508,2,10.691550000000001,4930.0,1,11.102,4802.0,70,33.5503
RN_ASCON,RN,ASCON,standard,ascon,9,RN_ASCON#9,5,0.983333,0.135768,66.0,2.0,2.0,0.9833333194255829,0.1357679925858974,60.0,,,,59.0,4.5564,233.135593220339,2,10.8564,4936.0,1,10.979,4798.0,68,35.25359999999999
RN_ASCON,RN,ASCON,standard,ascon,9,RN_ASCON#9,6,0.8,0.492693,58.0,2.0,2.0,0.800000011920929,0.49269290268421173,60.0,,,,59.0,4.7516,230.89830508474577,2,19.306150000000002,4958.0,1,11.646,4798.0,68,33.1446
RN_ASCON,RN,ASCON,standard,ascon,9,RN_ASCON#9,7,0.883333,0.287913,60.0,2.0,2.0,0.8833333253860474,0.2879134938120842,60.0,,,,60.0,4.66145,233.73333333333332,2,10.872649999999998,4956.0,1,11.159,4802.0,69,33.493599999999994
RN_ASCON,RN,ASCON,standard,ascon,9,RN_ASCON#9,8,0.9,0.256608,61.0,2.0,2.0,0.9000000059604645,0.25660815089941025,60.0,,,,60.0,4.7158,230.93333333333334,2,14.472249999999999,4966.0,1,17.903,4782.0,69,32.58039999999999
RN_ASCON,RN,ASCON,standard,ascon,9,RN_ASCON#9,9,0.85,0.295224,59.0,2.0,2.0,0.8499999940395355,0.29522421211004257,60.0,,,,60.0,5.1936,231.53333333333333,2,10.790049999999999,4952.0,1,10.396,4786.0,69,33.18959999999999
RN_ASCON,RN,ASCON,standard,ascon,9,RN_ASCON#9,10,0.866667,0.353417,60.0,2.0,2.0,0.8666666448116302,0.3534167297184467,60.0,,,,60.0,4.63225,230.0,2,20.5749,4962.0,1,14.973,4798.0,69,33.090599999999995
RN_ASCON,RN,ASCON,standard,ascon,9,RN_ASCON#9,11,0.833333,0.335582,59.0,2.0,2.0,0.8333333134651184,0.3355815261602402,60.0,,,,60.0,4.6278,232.26666666666668,2,10.99775,4960.0,1,9.968,4794.0,69,34.547799999999974
RN_ASCON,RN,ASCON,standard,ascon,9,RN_ASCON#9,12,0.866667,0.269349,59.0,2.0,2.0,0.8666666746139526,0.26934901624917984,60.0,,,,60.0,4.7838,231.4,2,10.376249999999999,4942.0,1,10.583,4798.0,69,31.40239999999999
RN_ASCON,RN,ASCON,standard,ascon,9,RN_ASCON#9,13,0.966667,0.116645,60.0,2.0,2.0,0.9666666388511658,0.11664502695202825,60.0,,,,60.0,4.5069,231.6,2,16.567700000000002,4954.0,1,13.868,4814.0,69,33.34379999999998
RN_ASCON,RN,ASCON,standard,ascon,9,RN_ASCON#9,14,0.95,0.206365,59.0,2.0,2.0,0.949999988079071,0.2063646428287029,60.0,,,,60.0,4.714300000000001,231.66666666666666,2,10.741900000000001,4958.0,1,11.798,4790.0,69,34.733
RN_ASCON,RN,ASCON,standard,ascon,9,RN_ASCON#9,15,0.966667,0.134026,59.0,2.0,2.0,0.9666666686534882,0.13402569293975825,60.0,,,,60.0,4.7797,234.33333333333334,2,10.5681,4946.0,1,13.166,4806.0,69,32.154399999999995
RN_ASCON,RN,ASCON,standard,ascon,9,RN_ASCON#9,16,0.933333,0.176438,59.0,2.0,2.0,0.9333333373069764,0.17643845826387405,60.0,,,,60.0,5.0094,230.26666666666668,2,11.10215,4954.0,1,10.521,4794.0,69,32.7514
RN_ASCON,RN,ASCON,standard,ascon,9,RN_ASCON#9,17,0.8,0.413783,59.0,2.0,2.0,0.800000011920929,0.4137833788990974,60.0,,,,60.0,4.5111,230.13333333333333,2,16.12295,4962.0,1,13.292,4818.0,69,33.26939999999999
RN_ASCON,RN,ASCON,standard,ascon,9,RN_ASCON#9,18,0.95,0.180033,59.0,2.0,2.0,0.949999988079071,0.18003327399492258,60.0,,,,60.0,4.73135,231.8,2,12.3254,4958.0,1,11.69,4802.0,69,32.563799999999986
RN_ASCON,RN,ASCON,standard,ascon,9,RN_ASCON#9,19,0.933333,0.196686,60.0,2.0,2.0,0.9333333075046539,0.1966858729720115,60.0,,,,60.0,4.60375,232.33333333333334,2,13.61985,4960.0,1,13.193,4790.0,69,34.28179999999999
RN_ASCON,RN,ASCON,standard,ascon,9,RN_ASCON#9,20,0.933333,0.178108,59.0,2.0,2.0,0.9333333373069763,0.17810761556029314,60.0,,,,60.0,4.669499999999999,229.46666666666667,2,10.50685,4940.0,1,10.975,4790.0,69,33.47939999999999
RN_ASCON,RN,ASCON,standard,ascon,10,RN_ASCON#10,1,0.766667,0.716873,,2.0,2.0,0.7666666805744171,0.7168729603290558,60.0,,,,64.0,4.769449999999999,233.8125,2,12.01705,4952.0,1,13.541,4798.0,71,22.3995
RN_ASCON,RN,ASCON,standard,ascon,10,RN_ASCON#10,2,0.966667,0.140104,54.0,2.0,2.0,0.9666666686534882,0.14010350033640856,60.0,,,,57.0,4.5416,234.05263157894737,2,11.9404,4950.0,1,15.455,4802.0,66,35.32825
RN_ASCON,RN,ASCON,standard,ascon,10,RN_ASCON#10,3,1.0,0.037189,60.0,2.0,2.0,1.0,0.0371888913214206,60.0,,,,60.0,4.671449999999999,234.33333333333334,2,11.4376,4936.0,1,11.23,4798.0,69,34.689399999999985
RN_ASCON,RN,ASCON,standard,ascon,10,RN_ASCON#10,4,1.0,0.016519,58.0,2.0,2.0,1.0,0.0165187353268265,60.0,,,,60.0,4.7811,234.66666666666666,2,12.647499999999999,4920.0,1,11.207,4794.0,69,31.539999999999996
RN_ASCON,RN,ASCON,standard,ascon,10,RN_ASCON#10,5,1.0,0.015542,59.0,2.0,2.0,1.0,0.015541839879006099,60.0,,,,60.0,5.050549999999999,233.86666666666667,2,12.68975,4942.0,1,10.148,4786.0,69,33.5028
RN_ASCON,RN,ASCON,standard,ascon,10,RN_ASCON#10,6,1.0,0.009494,59.0,2.0,2.0,1.0,0.00949447671882805,60.0,,,,60.0,4.792,234.66666666666666,2,11.636800000000001,4928.0,1,10.984,4790.0,69,33.937199999999976
RN_ASCON,RN,ASCON,standard,ascon,10,RN_ASCON#10,7,0.983333,0.111128,65.0,2.0,2.0,0.9833333194255829,0.11112794931977986,60.0,,,,60.0,4.872450000000001,234.4,2,11.1961,4932.0,1,11.43,4802.0,69,34.13079999999998
RN_ASCON,RN,ASCON,standard,ascon,10,RN_ASCON#10,8,0.85,0.433231,59.0,2.0,2.0,0.8499999940395355,0.43323059380054474,60.0,,,,60.0,5.076499999999999,232.26666666666668,2,11.28345,4970.0,1,11.156,4806.0,69,32.60379999999999
RN_ASCON,RN,ASCON,standard,ascon,10,RN_ASCON#10,9,0.883333,0.37669,59.0,2.0,2.0,0.8833333253860474,0.37669019401073456,60.0,,,,59.0,4.612,231.03389830508473,2,12.022749999999998,4966.0,1,14.692,4802.0,68,32.73645
RN_ASCON,RN,ASCON,standard,ascon,10,RN_ASCON#10,10,0.866667,0.425706,59.0,2.0,2.0,0.8666666448116302,0.4257057458162308,60.0,,,,61.0,4.731,232.54098360655738,2,19.466900000000003,4962.0,1,10.908,4802.0,70,33.487049999999996
RN_ASCON,RN,ASCON,standard,ascon,10,RN_ASCON#10,11,0.85,0.323838,59.0,2.0,2.0,0.8499999940395355,0.32383754104375834,60.0,,,,60.0,4.647099999999999,230.53333333333333,2,11.2228,4968.0,1,12.528,4822.0,69,33.3446
RN_ASCON,RN,ASCON,standard,ascon,10,RN_ASCON#10,12,0.933333,0.186699,59.0,2.0,2.0,0.9333333075046539,0.18669947236776346,60.0,,,,60.0,4.80495,233.86666666666667,2,10.75775,4974.0,1,12.402,4806.0,69,33.46659999999998
RN_ASCON,RN,ASCON,standard,ascon,10,RN_ASCON#10,13,0.85,0.288288,59.0,2.0,2.0,0.8499999940395355,0.28828839957714075,60.0,,,,60.0,5.10605,230.46666666666667,2,11.9859,4956.0,1,15.916,4814.0,69,32.5282
RN_ASCON,RN,ASCON,standard,ascon,10,RN_ASCON#10,14,0.916667,0.21706,61.0,2.0,2.0,0.9166666567325592,0.21705961227416987,60.0,,,,60.0,4.791300000000001,233.0,2,10.98475,4964.0,1,9.815,4798.0,69,34.890599999999985
RN_ASCON,RN,ASCON,standard,ascon,10,RN_ASCON#10,15,0.883333,0.224941,59.0,2.0,2.0,0.8833333253860474,0.2249408066272735,60.0,,,,60.0,4.9491,229.26666666666668,2,10.962,4952.0,1,12.486,4786.0,69,36.999199999999995
RN_ASCON,RN,ASCON,standard,ascon,10,RN_ASCON#10,16,0.916667,0.278612,61.0,2.0,2.0,0.9166666567325592,0.27861213684082026,60.0,,,,60.0,4.7620499999999995,231.53333333333333,2,12.578000000000001,4952.0,1,10.913,4802.0,69,36.02279999999998
RN_ASCON,RN,ASCON,standard,ascon,10,RN_ASCON#10,17,0.933333,0.260793,62.0,2.0,2.0,0.9333333373069764,0.2607926726341247,60.0,,,,59.0,4.9468000000000005,230.5593220338983,2,15.979299999999999,4964.0,1,16.818,4798.0,68,35.416149999999995
RN_ASCON,RN,ASCON,standard,ascon,10,RN_ASCON#10,18,0.883333,0.238404,60.0,2.0,2.0,0.8833333253860474,0.23840432614088053,60.0,,,,61.0,4.608,232.08196721311475,2,11.062899999999999,4966.0,1,10.86,4802.0,70,33.83155
RN_ASCON,RN,ASCON,standard,ascon,10,RN_ASCON#10,19,0.9,0.210023,59.0,2.0,2.0,0.9000000059604645,0.21002274006605143,60.0,,,,60.0,4.77405,230.2,2,21.85475,4972.0,1,27.547,4806.0,69,33.14219999999998
RN_ASCON,RN,ASCON,standard,ascon,10,RN_ASCON#10,20,0.933333,0.139853,59.0,2.0,2.0,0.9333333075046539,0.13985311612486834,60.0,,,,60.0,4.5981499999999995,233.2,2,11.211,4968.0,1,11.824,4814.0,69,32.1768
RN_ASCON,RN,ASCON,standard,ascon,11,RN_ASCON#11,1,0.75,0.906604,,2.0,2.0,0.75,0.9066036939620973,60.0,,,,64.0,4.28625,234.625,2,20.58205,4954.0,1,17.758,4794.0,71,27.304499999999997
RN_ASCON,RN,ASCON,standard,ascon,11,RN_ASCON#11,2,0.95,0.158162,53.0,2.0,2.0,0.949999988079071,0.1581619530916214,60.0,,,,57.0,4.5920000000000005,234.47368421052633,2,12.15945,4950.0,1,12.443,4798.0,66,35.719
RN_ASCON,RN,ASCON,standard,ascon,11,RN_ASCON#11,3,0.983333,0.062502,62.0,2.0,2.0,0.9833333194255829,0.06250179745256895,60.0,,,,59.0,4.618199999999999,234.22033898305085,2,14.243,4952.0,1,12.168,4774.0,68,35.5041
RN_ASCON,RN,ASCON,standard,ascon,11,RN_ASCON#11,4,1.0,0.022675,59.0,2.0,2.0,1.0,0.02267539687454695,60.0,,,,60.0,4.609549999999999,234.2,2,12.204149999999998,4932.0,1,13.543,4786.0,69,34.230199999999996
RN_ASCON,RN,ASCON,standard,ascon,11,RN_ASCON#11,5,1.0,0.012399,68.0,2.0,2.0,1.0,0.0123986084945499,60.0,,,,63.0,5.0804,234.26984126984127,2,10.96495,4912.0,1,9.986,4794.0,72,33.48130000000001
RN_ASCON,RN,ASCON,standard,ascon,11,RN_ASCON#11,6,0.9,0.242563,59.0,2.0,2.0,0.9000000059604645,0.242562799481675,60.0,,,,60.0,4.503799999999999,232.33333333333334,2,11.4782,4950.0,1,10.855,4810.0,69,34.06239999999999
RN_ASCON,RN,ASCON,standard,ascon,11,RN_ASCON#11,7,0.95,0.183978,59.0,2.0,2.0,0.949999988079071,0.1839782707393169,60.0,,,,60.0,4.7061,233.13333333333333,2,10.29295,4954.0,1,10.253,4790.0,69,34.53419999999999
RN_ASCON,RN,ASCON,standard,ascon,11,RN_ASCON#11,8,0.9,0.254117,59.0,2.0,2.0,0.9000000059604645,0.2541168369352817,60.0,,,,60.0,4.5628,231.93333333333334,2,17.3537,4942.0,1,11.014,4798.0,69,34.322199999999995
RN_ASCON,RN,ASCON,standard,ascon,11,RN_ASCON#11,9,0.966667,0.118733,59.0,2.0,2.0,0.9666666686534882,0.118733225390315,60.0,,,,60.0,4.299,232.53333333333333,2,10.8003,4958.0,1,11.852,4786.0,69,35.075799999999994
RN_ASCON,RN,ASCON,standard,ascon,11,RN_ASCON#11,10,0.966667,0.122137,59.0,2.0,2.0,0.9666666686534882,0.1221369616687297,60.0,,,,60.0,4.644249999999999,233.46666666666667,2,14.754199999999999,4932.0,1,14.281,4786.0,69,34.03879999999999
RN_ASCON,RN,ASCON,standard,ascon,11,RN_ASCON#11,11,0.9,0.238231,58.0,2.0,2.0,0.8999999761581421,0.23823053576052186,60.0,,,,60.0,4.786099999999999,233.93333333333334,2,11.69115,4956.0,1,11.253,4798.0,69,34.939599999999984
RN_ASCON,RN,ASCON,standard,ascon,11,RN_ASCON#11,12,0.933333,0.184959,59.0,2.0,2.0,0.9333333373069763,0.18495853245258326,60.0,,,,60.0,4.816,230.86666666666667,2,22.0339,4946.0,1,10.246,4778.0,69,33.65519999999999
RN_ASCON,RN,ASCON,standard,ascon,11,RN_ASCON#11,13,0.883333,0.174798,60.0,2.0,2.0,0.8833333253860474,0.17479823715984819,60.0,,,,60.0,4.45495,230.46666666666667,2,13.524349999999998,4930.0,1,12.344,4810.0,69,34.9996
RN_ASCON,RN,ASCON,standard,ascon,11,RN_ASCON#11,14,0.95,0.115257,59.0,2.0,2.0,0.949999988079071,0.11525708250701425,60.0,,,,60.0,4.433000000000001,231.86666666666667,2,22.219,4940.0,1,11.476,4790.0,69,34.5892
RN_ASCON,RN,ASCON,standard,ascon,11,RN_ASCON#11,15,0.916667,0.150432,59.0,2.0,2.0,0.9166666567325592,0.15043236641213295,60.0,,,,60.0,4.64635,232.73333333333332,2,11.4635,4940.0,1,11.309,4798.0,69,35.60679999999999
RN_ASCON,RN,ASCON,standard,ascon,11,RN_ASCON#11,16,0.916667,0.15957,58.0,2.0,2.0,0.9166666567325592,0.1595698436722159,60.0,,,,60.0,4.620849999999999,231.13333333333333,2,14.7981,4948.0,1,11.646,4790.0,69,34.85119999999999
RN_ASCON,RN,ASCON,standard,ascon,11,RN_ASCON#11,17,0.916667,0.141149,59.0,2.0,2.0,0.9166666567325592,0.14114868640899655,60.0,,,,60.0,4.750249999999999,233.86666666666667,2,10.62545,4946.0,1,10.92,4782.0,69,33.679599999999986
RN_ASCON,RN,ASCON,standard,ascon,11,RN_ASCON#11,18,0.933333,0.14123,58.0,2.0,2.0,0.9333333373069763,0.1412302833050489,60.0,,,,60.0,4.3209,232.26666666666668,2,11.52985,4944.0,1,13.817,4786.0,69,33.3548
RN_ASCON,RN,ASCON,standard,ascon,11,RN_ASCON#11,19,0.866667,0.231651,61.0,2.0,2.0,0.8666666746139526,0.2316514512058347,60.0,,,,60.0,4.646099999999998,232.8,2,21.7283,4944.0,1,18.106,4782.0,69,33.3576
RN_ASCON,RN,ASCON,standard,ascon,11,RN_ASCON#11,20,0.933333,0.123043,59.0,2.0,2.0,0.9333333373069763,0.12304329150356344,60.0,,,,60.0,4.5920000000000005,232.8,2,11.23365,4946.0,1,10.999,4806.0,69,33.34419999999999
RN_ASCON,RN,ASCON,standard,ascon,12,RN_ASCON#12,1,0.683333,0.837695,,2.0,2.0,0.6833333373069763,0.8376945257186891,60.0,,,,67.0,4.3675,234.01492537313433,2,29.37615,4956.0,1,25.19,4798.0,74,30.27059999999999
RN_ASCON,RN,ASCON,standard,ascon,12,RN_ASCON#12,2,0.933333,0.210773,53.0,2.0,2.0,0.9333333373069764,0.21077299863100052,60.0,,,,57.0,4.490199999999999,233.7719298245614,2,24.7698,4950.0,1,35.847,4806.0,66,35.1005
RN_ASCON,RN,ASCON,standard,ascon,12,RN_ASCON#12,3,1.0,0.050908,58.0,2.0,2.0,1.0,0.0509079080075025,60.0,,,,60.0,4.6721,233.66666666666666,2,23.92595,4930.0,1,32.837,4806.0,69,33.259
RN_ASCON,RN,ASCON,standard,ascon,12,RN_ASCON#12,4,1.0,0.01315,59.0,2.0,2.0,1.0,0.01314972294494505,60.0,,,,60.0,4.50395,233.93333333333334,2,33.142900000000004,4930.0,1,29.055,4798.0,69,34.059599999999996
RN_ASCON,RN,ASCON,standard,ascon,12,RN_ASCON#12,5,1.0,0.014095,58.0,2.0,2.0,1.0,0.0140954656526446,60.0,,,,60.0,4.394699999999999,233.8,2,34.40725,4924.0,1,25.368,4798.0,69,34.3136
RN_ASCON,RN,ASCON,standard,ascon,12,RN_ASCON#12,6,0.85,0.462281,265.0,2.0,2.0,0.8499999940395355,0.4622810035943985,60.0,,,,58.0,4.49145,232.31034482758622,2,24.214699999999997,4962.0,1,25.622,4778.0,67,33.449999999999996
RN_ASCON,RN,ASCON,standard,ascon,12,RN_ASCON#12,7,0.816667,0.447032,58.0,2.0,2.0,0.8166666626930237,0.44703173637390137,60.0,,,,60.0,4.364599999999999,233.6,2,39.7098,4954.0,1,40.68,4802.0,69,35.15899999999999
RN_ASCON,RN,ASCON,standard,ascon,12,RN_ASCON#12,8,0.816667,0.566732,59.0,2.0,2.0,0.8166666626930237,0.5667321085929871,60.0,,,,59.0,4.440799999999999,231.23728813559322,2,35.45985,4950.0,1,21.447,4806.0,68,33.3889
RN_ASCON,RN,ASCON,standard,ascon,12,RN_ASCON#12,9,0.933333,0.232826,59.0,2.0,2.0,0.9333333373069764,0.23282565176486963,60.0,,,,60.0,4.4327000000000005,234.26666666666668,2,25.1874,4964.0,1,27.276,4810.0,69,31.884
RN_ASCON,RN,ASCON,standard,ascon,12,RN_ASCON#12,10,0.85,0.402367,58.0,2.0,2.0,0.8499999940395355,0.4023668169975281,60.0,,,,60.0,4.508249999999999,232.0,2,35.770799999999994,4962.0,1,30.696,4802.0,69,33.23399999999999
RN_ASCON,RN,ASCON,standard,ascon,12,RN_ASCON#12,11,0.933333,0.166896,59.0,2.0,2.0,0.9333333075046539,0.16689613088965416,60.0,,,,60.0,4.3344,230.8,2,44.4658,4946.0,1,22.451,4822.0,69,34.532199999999996
RN_ASCON,RN,ASCON,standard,ascon,12,RN_ASCON#12,12,0.95,0.176159,58.0,2.0,2.0,0.949999988079071,0.176159493625164,60.0,,,,60.0,4.42675,232.8,2,24.976950000000002,4946.0,1,22.527,4814.0,69,32.349399999999996
RN_ASCON,RN,ASCON,standard,ascon,12,RN_ASCON#12,13,0.95,0.133977,59.0,2.0,2.0,0.949999988079071,0.1339766606688499,60.0,,,,60.0,4.47035,233.26666666666668,2,24.7224,4960.0,1,29.407,4798.0,69,34.1532
RN_ASCON,RN,ASCON,standard,ascon,12,RN_ASCON#12,14,0.866667,0.287945,59.0,2.0,2.0,0.8666666448116302,0.2879448533058166,60.0,,,,60.0,4.55625,231.46666666666667,2,33.87815,4952.0,1,26.072,4794.0,69,33.49179999999999
RN_ASCON,RN,ASCON,standard,ascon,12,RN_ASCON#12,15,0.9,0.21656,58.0,2.0,2.0,0.9000000059604645,0.2165596559643745,60.0,,,,60.0,4.45515,230.13333333333333,2,25.409499999999998,4964.0,1,23.669,4786.0,69,32.93439999999998
RN_ASCON,RN,ASCON,standard,ascon,12,RN_ASCON#12,16,0.85,0.325548,59.0,2.0,2.0,0.8499999940395355,0.3255480527877807,60.0,,,,60.0,4.5755,231.06666666666666,2,26.3466,4954.0,1,25.225,4810.0,69,33.0564
RN_ASCON,RN,ASCON,standard,ascon,12,RN_ASCON#12,17,0.866667,0.226435,109.0,2.0,4.0,0.8916666507720947,0.21167343109846112,120.0,,,,120.0,4.47735,231.2,2,39.19155,4960.0,1,54.279,4806.0,131,32.120000000000005
RN_ASCON,RN,ASCON,standard,ascon,12,RN_ASCON#12,18,0.85,0.302748,60.0,2.0,2.0,0.8499999940395355,0.3027481660246849,60.0,,,,60.0,4.511049999999999,229.8,2,27.9462,4960.0,1,42.026,4794.0,69,34.15699999999999
RN_ASCON,RN,ASCON,standard,ascon,12,RN_ASCON#12,19,0.85,0.242026,59.0,2.0,2.0,0.8499999940395355,0.24202601611614227,60.0,,,,60.0,4.4519,231.06666666666666,2,35.81765,4958.0,1,51.597,4794.0,69,34.28359999999999
RN_ASCON,RN,ASCON,standard,ascon,12,RN_ASCON#12,20,0.866667,0.259398,58.0,2.0,2.0,0.8666666746139526,0.25939764827489853,60.0,,,,60.0,4.530349999999999,231.66666666666666,2,34.9146,4962.0,1,29.938,4790.0,69,31.2358
RN_ASCON,RN,ASCON,standard,ascon,12,RN_ASCON#12,21,0.916667,0.208888,59.0,2.0,2.0,0.9166666567325592,0.20888768881559372,60.0,,,,60.0,4.53845,230.2,2,36.10595,4964.0,1,24.18,4802.0,69,33.52059999999999
RN_ASCON,RN,ASCON,standard,ascon,12,RN_ASCON#12,22,0.9,0.157909,58.0,2.0,2.0,0.8999999761581421,0.15790876746177668,60.0,,,,60.0,4.61055,230.13333333333333,2,37.67965,4954.0,1,24.046,4810.0,69,34.10119999999999
RN_ASCON,RN,ASCON,standard,ascon,12,RN_ASCON#12,23,0.9,0.21174,58.0,2.0,2.0,0.9000000059604645,0.2117396295070648,60.0,,,,60.0,4.42935,230.33333333333334,2,26.14365,4944.0,1,34.997,4790.0,69,34.1682
RN_ASCON,RN,ASCON,standard,ascon,12,RN_ASCON#12,24,0.933333,0.156201,61.0,2.0,2.0,0.9333333373069764,0.15620062500238416,60.0,,,,60.0,4.81315,231.66666666666666,2,24.26485,4958.0,1,22.877,4790.0,69,32.68599999999999
RN_ASCON,RN,ASCON,standard,ascon,12,RN_ASCON#12,25,1.0,0.07467,59.0,2.0,2.0,1.0,0.07466981373727315,60.0,,,,60.0,4.6615,231.8,2,32.293150000000004,4940.0,1,25.068,4794.0,69,34.529
RN_ASCON,RN,ASCON,standard,ascon,12,RN_ASCON#12,26,0.933333,0.150842,60.0,2.0,2.0,0.9333333373069764,0.15084166079759595,60.0,,,,60.0,4.7416,230.2,2,39.93655,4956.0,1,36.858,4782.0,69,36.24759999999999
RN_ASCON,RN,ASCON,standard,ascon,12,RN_ASCON#12,27,0.9,0.182633,59.0,2.0,2.0,0.9000000059604645,0.1826325729489326,60.0,,,,60.0,4.71775,233.0,2,38.74485,4956.0,1,25.881,4798.0,69,35.2748
RN_ASCON,RN,ASCON,standard,ascon,13,RN_ASCON#13,1,0.816667,0.749245,,2.0,2.0,0.8166666626930237,0.7492446005344391,60.0,,,,64.0,4.5363500000000005,234.6875,2,24.83695,4950.0,1,41.268,4802.0,71,32.304500000000004
RN_ASCON,RN,ASCON,standard,ascon,13,RN_ASCON#13,2,0.95,0.196683,53.0,2.0,2.0,0.949999988079071,0.19668269157409665,60.0,,,,57.0,4.7256,234.82456140350877,2,33.663450000000005,4956.0,1,31.588,4798.0,66,34.332
RN_ASCON,RN,ASCON,standard,ascon,13,RN_ASCON#13,3,1.0,0.03935,59.0,2.0,2.0,1.0,0.039350243285298306,60.0,,,,60.0,4.5012,233.86666666666667,2,39.656,4936.0,1,32.841,4806.0,69,34.823
RN_ASCON,RN,ASCON,standard,ascon,13,RN_ASCON#13,4,1.0,0.026397,59.0,2.0,2.0,1.0,0.026397282257676097,60.0,,,,60.0,4.5205,233.8,2,50.22525,4938.0,1,25.238,4790.0,69,34.06999999999999
RN_ASCON,RN,ASCON,standard,ascon,13,RN_ASCON#13,5,1.0,0.007863,59.0,2.0,2.0,1.0,0.00786258955486115,60.0,,,,60.0,4.4917,234.2,2,44.7021,4930.0,1,28.144,4786.0,69,33.1958
RN_ASCON,RN,ASCON,standard,ascon,13,RN_ASCON#13,6,0.9,0.298229,320.0,2.0,2.0,0.9000000059604645,0.29822874069213867,60.0,,,,62.0,4.575749999999999,232.93548387096774,2,25.298000000000002,4952.0,1,25.514,4778.0,71,32.727999999999994
RN_ASCON,RN,ASCON,standard,ascon,13,RN_ASCON#13,7,0.933333,0.188335,58.0,2.0,2.0,0.9333333075046539,0.18833532184362411,60.0,,,,60.0,4.704549999999999,233.6,2,32.6392,4966.0,1,23.439,4794.0,69,32.65559999999999
RN_ASCON,RN,ASCON,standard,ascon,13,RN_ASCON#13,8,0.883333,0.317702,59.0,2.0,2.0,0.8833333253860474,0.3177020698785782,60.0,,,,60.0,4.63395,232.86666666666667,2,33.4172,4958.0,1,25.534,4814.0,69,34.2388
RN_ASCON,RN,ASCON,standard,ascon,13,RN_ASCON#13,9,0.883333,0.321683,59.0,2.0,2.0,0.8833333253860474,0.3216831907629967,60.0,,,,60.0,4.3214999999999995,232.13333333333333,2,35.4118,4958.0,1,25.043,4810.0,69,35.9176
RN_ASCON,RN,ASCON,standard,ascon,13,RN_ASCON#13,10,0.85,0.302328,59.0,2.0,2.0,0.8499999940395355,0.3023277074098587,60.0,,,,60.0,4.576099999999999,229.26666666666668,2,31.257550000000002,4970.0,1,25.852,4810.0,69,34.5608
RN_ASCON,RN,ASCON,standard,ascon,13,RN_ASCON#13,11,0.85,0.286658,59.0,2.0,2.0,0.8499999940395355,0.2866581529378891,60.0,,,,60.0,4.6537999999999995,232.6,2,43.886649999999996,4964.0,1,25.117,4818.0,69,37.06279999999998
RN_ASCON,RN,ASCON,standard,ascon,13,RN_ASCON#13,12,0.9,0.247578,58.0,2.0,2.0,0.8999999761581421,0.24757793545722961,60.0,,,,60.0,4.3671999999999995,231.46666666666667,2,27.50675,4956.0,1,25.689,4806.0,69,33.998999999999995
RN_ASCON,RN,ASCON,standard,ascon,13,RN_ASCON#13,13,0.816667,0.341611,59.0,2.0,2.0,0.8166666626930237,0.34161109477281565,60.0,,,,60.0,4.539899999999999,229.66666666666666,2,53.039249999999996,4966.0,1,29.128,4810.0,69,35.453599999999994
RN_ASCON,RN,ASCON,standard,ascon,13,RN_ASCON#13,14,0.983333,0.138784,60.0,2.0,2.0,0.9833333194255829,0.13878427818417544,60.0,,,,60.0,4.465899999999999,233.26666666666668,2,25.81955,4956.0,1,24.302,4794.0,69,34.754599999999996
RN_ASCON,RN,ASCON,standard,ascon,13,RN_ASCON#13,15,0.933333,0.226526,58.0,2.0,2.0,0.9333333075046539,0.22652636468410486,60.0,,,,60.0,4.4229,231.4,2,36.26295,4972.0,1,24.59,4822.0,69,36.18219999999999
RN_ASCON,RN,ASCON,standard,ascon,13,RN_ASCON#13,16,0.883333,0.255982,59.0,2.0,2.0,0.8833333253860474,0.25598248839378357,60.0,,,,60.0,4.583349999999999,231.66666666666666,2,24.93195,4960.0,1,31.262,4798.0,69,34.944999999999986
RN_ASCON,RN,ASCON,standard,ascon,13,RN_ASCON#13,17,0.85,0.419078,59.0,2.0,2.0,0.8499999940395355,0.4190782904624939,60.0,,,,60.0,4.4948999999999995,230.13333333333333,2,25.529799999999998,4942.0,1,23.348,4798.0,69,36.3002
RN_ASCON,RN,ASCON,standard,ascon,13,RN_ASCON#13,18,0.85,0.29296,59.0,2.0,2.0,0.8499999940395355,0.2929604724049568,60.0,,,,60.0,4.57685,231.0,2,36.123650000000005,4952.0,1,29.65,4814.0,69,34.7604
RN_ASCON,RN,ASCON,standard,ascon,13,RN_ASCON#13,19,0.9,0.190018,61.0,2.0,2.0,0.9000000059604645,0.19001765549182892,60.0,,,,60.0,4.5422,231.33333333333334,2,39.082100000000004,4964.0,1,26.855,4810.0,69,35.91139999999999
RN_ASCON,RN,ASCON,standard,ascon,13,RN_ASCON#13,20,0.933333,0.149011,208.0,2.0,8.0,0.9124999791383743,0.1808190406300127,240.0,,,,240.0,4.597999999999999,230.8,2,26.46815,4964.0,1,28.426,4790.0,255,27.20449999999997
RN_ASCON,RN,ASCON,standard,ascon,14,RN_ASCON#14,1,0.766667,0.8835,,2.0,2.0,0.7666666507720947,0.8835000693798065,60.0,,,,64.0,4.439049999999999,234.1875,2,23.8057,4956.0,1,28.054,4798.0,71,29.36
RN_ASCON,RN,ASCON,standard,ascon,14,RN_ASCON#14,2,0.966667,0.09832,54.0,2.0,2.0,0.9666666388511658,0.09832022339105605,60.0,,,,57.0,4.4802,233.6315789473684,2,88.825,4960.0,1,40.976,4786.0,66,36.616
RN_ASCON,RN,ASCON,standard,ascon,14,RN_ASCON#14,3,1.0,0.024906,58.0,2.0,2.0,1.0,0.02490649651736015,60.0,,,,60.0,4.83805,234.46666666666667,2,50.3077,4938.0,1,36.266,4794.0,69,36.2652
RN_ASCON,RN,ASCON,standard,ascon,14,RN_ASCON#14,4,1.0,0.016364,59.0,2.0,2.0,1.0,0.01636416604742405,60.0,,,,60.0,4.6631,234.2,2,32.29075,4932.0,1,33.625,4774.0,69,34.3926
RN_ASCON,RN,ASCON,standard,ascon,14,RN_ASCON#14,5,1.0,0.013924,59.0,2.0,2.0,1.0,0.01392382755875585,60.0,,,,60.0,4.7631,233.93333333333334,2,40.3495,4928.0,1,26.74,4782.0,69,35.32419999999999
RN_ASCON,RN,ASCON,standard,ascon,14,RN_ASCON#14,6,0.866667,0.343487,240.0,2.0,2.0,0.8666666746139526,0.34348660707473755,60.0,,,,59.0,4.6423,232.52542372881356,2,36.33285,4952.0,1,26.875,4822.0,68,35.672599999999996
RN_ASCON,RN,ASCON,standard,ascon,14,RN_ASCON#14,7,0.733333,0.533753,58.0,2.0,2.0,0.7333333492279053,0.5337534695863724,60.0,,,,61.0,4.434,229.85245901639345,2,30.0911,4962.0,1,24.683,4814.0,70,33.690149999999996
RN_ASCON,RN,ASCON,standard,ascon,14,RN_ASCON#14,8,0.9,0.346192,59.0,2.0,2.0,0.9000000059604645,0.3461923748254776,60.0,,,,60.0,4.3496,231.46666666666667,2,31.775449999999996,4964.0,1,28.097,4818.0,69,33.54259999999999
RN_ASCON,RN,ASCON,standard,ascon,14,RN_ASCON#14,9,0.916667,0.317337,60.0,2.0,2.0,0.9166666567325592,0.3173367008566856,60.0,,,,60.0,4.695099999999999,231.73333333333332,2,24.8036,4968.0,1,26.585,4806.0,69,33.82419999999999
RN_ASCON,RN,ASCON,standard,ascon,14,RN_ASCON#14,10,0.85,0.356728,59.0,2.0,2.0,0.8499999940395355,0.3567279130220413,60.0,,,,60.0,4.488899999999999,231.0,2,33.05655,4976.0,1,24.826,4814.0,69,33.338
RN_ASCON,RN,ASCON,standard,ascon,14,RN_ASCON#14,11,0.933333,0.222868,59.0,2.0,2.0,0.9333333075046539,0.2228678464889526,60.0,,,,60.0,4.4609499999999995,231.33333333333334,2,32.27925,4976.0,1,24.315,4790.0,69,34.06879999999999
RN_ASCON,RN,ASCON,standard,ascon,14,RN_ASCON#14,12,0.95,0.187052,59.0,2.0,2.0,0.949999988079071,0.18705202639102936,60.0,,,,60.0,4.4862,231.26666666666668,2,47.96485,4964.0,1,23.929,4802.0,69,32.02979999999999
RN_ASCON,RN,ASCON,standard,ascon,14,RN_ASCON#14,13,0.9,0.249922,58.0,2.0,2.0,0.8999999761581421,0.24992230162024495,60.0,,,,60.0,4.5549,229.93333333333334,2,30.13435,4970.0,1,31.449,4814.0,69,33.038999999999994
RN_ASCON,RN,ASCON,standard,ascon,14,RN_ASCON#14,14,0.933333,0.149882,59.0,2.0,2.0,0.9333333373069763,0.149881724268198,60.0,,,,60.0,4.4819,231.53333333333333,2,33.4524,4958.0,1,22.551,4798.0,69,33.34479999999999
RN_ASCON,RN,ASCON,standard,ascon,14,RN_ASCON#14,15,0.966667,0.21286,59.0,2.0,2.0,0.9666666388511658,0.21285978704690928,60.0,,,,60.0,4.624499999999999,231.86666666666667,2,24.70505,4956.0,1,24.695,4814.0,69,32.9016
RN_ASCON,RN,ASCON,standard,ascon,14,RN_ASCON#14,16,0.866667,0.255017,59.0,2.0,2.0,0.8666666746139526,0.25501693040132517,60.0,,,,60.0,4.55805,229.26666666666668,2,27.672349999999998,4964.0,1,25.429,4802.0,69,33.98219999999999
RN_ASCON,RN,ASCON,standard,ascon,14,RN_ASCON#14,17,0.883333,0.264651,59.0,2.0,2.0,0.8833333253860474,0.26465134322643274,60.0,,,,60.0,4.641699999999999,231.26666666666668,2,26.254250000000003,4968.0,1,27.8,4814.0,69,32.8226
RN_ASCON,RN,ASCON,standard,ascon,14,RN_ASCON#14,18,0.833333,0.394302,108.0,2.0,4.0,0.8916666507720947,0.254507103934884,120.0,,,,120.0,4.655,230.13333333333333,2,27.6495,4974.0,1,49.186,4818.0,131,32.7755
RN_ASCON,RN,ASCON,standard,ascon,14,RN_ASCON#14,19,0.966667,0.117956,59.0,2.0,2.0,0.9666666388511658,0.11795559898018834,60.0,,,,60.0,4.55765,232.66666666666666,2,29.3871,4960.0,1,24.637,4810.0,69,33.983399999999996
RN_ASCON,RN,ASCON,standard,ascon,14,RN_ASCON#14,20,0.95,0.158243,59.0,2.0,2.0,0.949999988079071,0.15824338048696515,60.0,,,,60.0,5.036849999999999,231.2,2,37.43875,4954.0,1,43.059,4798.0,69,35.032
RN_ASCON,RN,ASCON,standard,ascon,14,RN_ASCON#14,21,0.933333,0.145752,58.0,2.0,2.0,0.9333333075046539,0.14575222879648206,60.0,,,,60.0,4.8298,232.93333333333334,2,36.53315,4960.0,1,30.751,4778.0,69,33.377999999999986
RN_ASCON,RN,ASCON,standard,ascon,14,RN_ASCON#14,22,0.966667,0.132259,59.0,2.0,2.0,0.9666666686534882,0.13225933164358133,60.0,,,,60.0,4.505749999999999,230.6,2,32.80755,4956.0,1,22.729,4802.0,69,34.19959999999999
RN_ASCON,RN,ASCON,standard,ascon,15,RN_ASCON#15,1,0.683333,0.66342,,2.0,4.0,0.6500000059604645,0.8473925739526749,120.0,,,,124.0,4.3384,231.48387096774192,2,23.50375,4950.0,1,24.2,4810.0,135,30.992699999999992
RN_ASCON,RN,ASCON,standard,ascon,15,RN_ASCON#15,2,0.966667,0.169984,53.0,2.0,2.0,0.9666666388511658,0.16998429968953124,60.0,,,,57.0,4.419,234.75438596491227,2,34.491749999999996,4964.0,1,25.687,4802.0,66,34.6075
RN_ASCON,RN,ASCON,standard,ascon,15,RN_ASCON#15,3,1.0,0.020821,58.0,2.0,2.0,1.0,0.0208208495751023,60.0,,,,60.0,4.839099999999999,233.73333333333332,2,32.307449999999996,4944.0,1,24.968,4798.0,69,34.351800000000004
RN_ASCON,RN,ASCON,standard,ascon,15,RN_ASCON#15,4,1.0,0.023227,59.0,2.0,2.0,1.0,0.0232270108535885,60.0,,,,60.0,4.660299999999999,233.73333333333332,2,25.24825,4922.0,1,30.029,4782.0,69,34.812
RN_ASCON,RN,ASCON,standard,ascon,15,RN_ASCON#15,5,1.0,0.017947,59.0,2.0,2.0,1.0,0.0179473492316901,60.0,,,,60.0,4.5840000000000005,233.4,2,26.21295,4924.0,1,25.215,4802.0,69,33.24479999999999
RN_ASCON,RN,ASCON,standard,ascon,15,RN_ASCON#15,6,0.866667,0.487446,229.0,2.0,2.0,0.8666666746139526,0.48744581639766693,60.0,,,,61.0,4.335,231.0983606557377,2,23.636699999999998,4958.0,1,29.313,4810.0,70,33.0355
RN_ASCON,RN,ASCON,standard,ascon,15,RN_ASCON#15,7,0.766667,0.693779,58.0,2.0,2.0,0.7666666805744171,0.6937791705131531,60.0,,,,60.0,4.61025,229.8,2,42.29015,4956.0,1,25.848,4790.0,69,36.687799999999974
RN_ASCON,RN,ASCON,standard,ascon,15,RN_ASCON#15,8,0.816667,0.523881,59.0,2.0,2.0,0.8166666626930237,0.5238806456327438,60.0,,,,60.0,4.72105,231.46666666666667,2,31.2773,4954.0,1,24.297,4814.0,69,33.37759999999999
RN_ASCON,RN,ASCON,standard,ascon,15,RN_ASCON#15,9,0.883333,0.186438,58.0,2.0,2.0,0.8833333253860474,0.18643776327371592,60.0,,,,60.0,4.38755,230.0,2,57.648799999999994,4962.0,1,24.022,4778.0,69,35.2562
RN_ASCON,RN,ASCON,standard,ascon,15,RN_ASCON#15,10,0.816667,0.398581,59.0,2.0,2.0,0.8166666626930237,0.39858122169971466,60.0,,,,60.0,4.4033,231.2,2,24.6284,4966.0,1,29.096,4814.0,69,32.685999999999986
RN_ASCON,RN,ASCON,standard,ascon,15,RN_ASCON#15,11,0.883333,0.243561,58.0,2.0,2.0,0.8833333253860474,0.2435612045228481,60.0,,,,60.0,4.6575999999999995,232.46666666666667,2,34.7664,4956.0,1,22.424,4814.0,69,34.80219999999999
RN_ASCON,RN,ASCON,standard,ascon,15,RN_ASCON#15,12,0.816667,0.381494,59.0,2.0,2.0,0.8166666626930237,0.38149411231279373,60.0,,,,60.0,4.8123,233.0,2,33.291399999999996,4964.0,1,23.466,4782.0,69,33.404399999999995
RN_ASCON,RN,ASCON,standard,ascon,15,RN_ASCON#15,13,0.9,0.363848,59.0,2.0,2.0,0.8999999761581421,0.3638479858636856,60.0,,,,60.0,4.6205,231.53333333333333,2,28.87855,4956.0,1,26.514,4786.0,69,32.6966
RN_ASCON,RN,ASCON,standard,ascon,15,RN_ASCON#15,14,0.9,0.231235,58.0,2.0,2.0,0.9000000059604645,0.23123540729284286,60.0,,,,60.0,4.6922999999999995,231.4,2,25.26705,4970.0,1,26.211,4810.0,69,35.011199999999995
RN_ASCON,RN,ASCON,standard,ascon,15,RN_ASCON#15,15,0.783333,0.548629,2874.0,2.0,22.0,0.9166666594418612,0.23142708939584813,660.0,,,,658.0,4.7353000000000005,231.0547112462006,2,217.66005,4950.0,1,39.797,4810.0,685,5.100999999999999
RN_ASCON,RN,ASCON,standard,ascon,15,RN_ASCON#15,16,0.666667,0.82709,54.0,2.0,2.0,0.7166666686534882,0.576263815164566,60.0,,,,60.0,4.32845,230.2,2,43.992399999999996,4958.0,1,33.117,4802.0,69,35.3854
RN_ASCON,RN,ASCON,standard,ascon,15,RN_ASCON#15,17,0.716667,0.53876,58.0,1.0,1.0,0.6666666865348816,0.5422354340553284,30.0,,,,60.0,4.7336,231.2,2,36.221149999999994,4938.0,1,24.835,4794.0,68,33.655049999999996
RN_ASCON,RN,ASCON,standard,ascon,15,RN_ASCON#15,18,0.833333,0.329863,58.0,2.0,3.0,0.8444444338480631,0.33645778894424433,90.0,,,,60.0,4.5495,230.26666666666668,2,23.8291,4966.0,1,24.206,4806.0,70,34.218199999999996
RN_ASCON,RN,ASCON,standard,ascon,15,RN_ASCON#15,19,0.866667,0.341574,59.0,2.0,2.0,0.8499999940395355,0.3392161428928375,60.0,,,,60.0,4.51755,230.8,2,34.29555,4962.0,1,27.847,4806.0,69,32.4668
RN_ASCON,RN,ASCON,standard,ascon,15,RN_ASCON#15,20,0.9,0.255696,60.0,2.0,2.0,0.8999999761581421,0.28573422133922577,60.0,,,,60.0,4.83535,231.46666666666667,2,36.494299999999996,4956.0,1,22.4,4802.0,69,33.523599999999995
RN_ASCON,RN,ASCON,standard,ascon,15,RN_ASCON#15,21,0.816667,0.413811,58.0,1.0,1.0,0.800000011920929,0.4226137995719909,30.0,,,,60.0,4.6743999999999994,231.46666666666667,2,26.0092,4964.0,1,26.484,4802.0,68,31.070149999999998
RN_ASCON,RN,ASCON,standard,ascon,15,RN_ASCON#15,22,0.933333,0.178529,59.0,2.0,2.0,0.9333333373069764,0.17852862179279325,60.0,,,,58.0,4.60555,231.20689655172413,2,29.8436,4952.0,1,24.585,4806.0,67,37.234499999999976
RN_ASCON,RN,ASCON,standard,ascon,15,RN_ASCON#15,23,0.883333,0.283482,59.0,2.0,2.0,0.8833333253860474,0.2834820598363876,60.0,,,,60.0,4.6884,228.6,2,25.31375,4944.0,1,23.951,4802.0,69,32.675000000000004
RN_FOG_ASCON,RN,ASCON,fog,ascon,2,RN_FOG_ASCON#2,1,0.65,1.036337,,2.0,2.0,0.6500000059604645,1.0363373756408691,60.0,1.0,0.6500000059604645,1.0363373756408691,69.0,4.356,234.04347826086956,1,26.427,4966.0,1,35.364,4794.0,76,32.288
RN_FOG_ASCON,RN,ASCON,fog,ascon,2,RN_FOG_ASCON#2,2,0.966667,0.133381,54.0,2.0,2.0,0.9666666388511658,0.1333805695176124,60.0,1.0,0.9666666388511658,0.1333805695176124,54.0,4.6622499999999985,233.5185185185185,1,29.181,4974.0,1,25.171,4798.0,64,36.1511
RN_FOG_ASCON,RN,ASCON,fog,ascon,2,RN_FOG_ASCON#2,3,1.0,0.070304,59.0,2.0,2.0,1.0,0.0703039485961198,60.0,1.0,1.0,0.0703039485961198,60.0,4.4586500000000004,233.06666666666666,1,24.754,4950.0,1,24.448,4794.0,70,34.5523
RN_FOG_ASCON,RN,ASCON,fog,ascon,2,RN_FOG_ASCON#2,4,1.0,0.012215,59.0,2.0,2.0,1.0,0.01221537776291365,60.0,1.0,1.0,0.0122153777629137,60.0,4.25725,234.2,1,28.487,4962.0,1,27.564,4806.0,70,33.66825
RN_FOG_ASCON,RN,ASCON,fog,ascon,2,RN_FOG_ASCON#2,5,1.0,0.019583,59.0,2.0,2.0,1.0,0.01958345575258135,60.0,1.0,1.0,0.0195834557525813,60.0,4.35455,234.33333333333334,1,22.885,4946.0,1,24.935,4790.0,70,33.80185
RN_FOG_ASCON,RN,ASCON,fog,ascon,2,RN_FOG_ASCON#2,6,0.816667,0.386419,772.0,2.0,2.0,0.8166666626930237,0.38641892466694117,60.0,1.0,0.8166666626930237,0.3864189246669411,59.0,4.223799999999999,231.10169491525423,1,25.06,4990.0,1,28.125,4814.0,69,33.334599999999995
RN_FOG_ASCON,RN,ASCON,fog,ascon,2,RN_FOG_ASCON#2,7,0.95,0.154611,59.0,2.0,2.0,0.949999988079071,0.1546106860041618,60.0,1.0,0.949999988079071,0.1546106860041618,60.0,4.2136000000000005,229.93333333333334,1,48.264,4970.0,1,29.46,4798.0,70,34.863899999999994
RN_FOG_ASCON,RN,ASCON,fog,ascon,2,RN_FOG_ASCON#2,8,0.916667,0.203556,59.0,2.0,2.0,0.9166666567325592,0.2035562507808208,60.0,1.0,0.9166666567325592,0.2035562507808208,59.0,4.2989,231.91525423728814,1,27.205,4970.0,1,29.756,4798.0,69,33.849399999999996
RN_FOG_ASCON,RN,ASCON,fog,ascon,2,RN_FOG_ASCON#2,9,0.883333,0.253677,60.0,2.0,2.0,0.8833333253860474,0.2536768978461623,60.0,1.0,0.8833333253860474,0.2536768978461623,61.0,4.561,230.31147540983608,1,42.865,4970.0,1,37.356,4798.0,71,36.606
RN_FOG_ASCON,RN,ASCON,fog,ascon,2,RN_FOG_ASCON#2,10,0.966667,0.092198,60.0,2.0,2.0,0.9666666686534882,0.09219849295914169,60.0,1.0,0.9666666686534882,0.0921984929591417,60.0,4.326099999999999,231.13333333333333,1,25.224,4966.0,1,27.088,4790.0,70,34.407199999999996
RN_FOG_ASCON,RN,ASCON,fog,ascon,2,RN_FOG_ASCON#2,11,0.966667,0.105934,60.0,2.0,2.0,0.9666666686534882,0.10593363735824819,60.0,1.0,0.9666666686534882,0.1059336373582482,60.0,4.3389,228.4,1,27.897,4978.0,1,26.342,4806.0,70,33.8707
RN_FOG_ASCON,RN,ASCON,fog,ascon,2,RN_FOG_ASCON#2,12,0.966667,0.085705,59.0,2.0,2.0,0.9666666686534882,0.0857052961364388,60.0,1.0,0.9666666686534882,0.0857052961364388,60.0,4.453049999999999,227.33333333333334,1,50.898,4962.0,1,45.617,4786.0,70,37.4953
RN_FOG_ASCON,RN,ASCON,fog,ascon,2,RN_FOG_ASCON#2,13,0.9,0.281046,59.0,2.0,2.0,0.9000000059604645,0.28104574140161276,60.0,1.0,0.9000000059604645,0.2810457414016127,60.0,4.4541,230.26666666666668,1,37.817,4970.0,1,66.198,4794.0,70,35.75664999999999
RN_FOG_ASCON,RN,ASCON,fog,ascon,2,RN_FOG_ASCON#2,14,0.95,0.15832,59.0,2.0,2.0,0.949999988079071,0.1583199207670986,60.0,1.0,0.949999988079071,0.1583199207670986,60.0,4.4636,227.13333333333333,1,25.821,4946.0,1,31.992,4770.0,70,33.13654999999999
RN_FOG_ASCON,RN,ASCON,fog,ascon,2,RN_FOG_ASCON#2,15,0.95,0.110159,60.0,2.0,2.0,0.949999988079071,0.1101594045758247,60.0,1.0,0.949999988079071,0.1101594045758247,60.0,4.408449999999999,230.8,1,23.875,4958.0,1,46.473,4786.0,70,36.426199999999994
RN_FOG_ASCON,RN,ASCON,fog,ascon,2,RN_FOG_ASCON#2,16,0.983333,0.055771,59.0,2.0,2.0,0.9833333194255829,0.05577118438668545,60.0,1.0,0.9833333194255828,0.0557711843866854,60.0,4.45405,231.46666666666667,1,33.346,4954.0,1,34.619,4778.0,70,34.04615
RN_FOG_ASCON,RN,ASCON,fog,ascon,2,RN_FOG_ASCON#2,17,0.95,0.138499,60.0,2.0,2.0,0.949999988079071,0.13849870720878238,60.0,1.0,0.949999988079071,0.1384987072087824,60.0,4.612,231.6,1,75.15,4950.0,1,36.431,4778.0,70,34.42314999999999
RN_FOG_ASCON,RN,ASCON,fog,ascon,2,RN_FOG_ASCON#2,18,0.916667,0.180397,60.0,2.0,2.0,0.9166666567325592,0.18039703019894654,60.0,1.0,0.9166666567325592,0.1803970301989466,60.0,4.2139,229.93333333333334,1,31.918,4966.0,1,166.019,4794.0,70,34.93195
RN_FOG_ASCON,RN,ASCON,fog,ascon,2,RN_FOG_ASCON#2,19,0.933333,0.332832,60.0,2.0,2.0,0.9333333373069763,0.33283226657658815,60.0,1.0,0.9333333373069764,0.3328322665765881,60.0,4.4002,229.53333333333333,1,30.319,4978.0,1,32.083,4802.0,70,34.74605
RN_FOG_ASCON,RN,ASCON,fog,ascon,2,RN_FOG_ASCON#2,20,0.916667,0.137873,60.0,2.0,2.0,0.9166666567325592,0.1378725566901266,60.0,1.0,0.9166666567325592,0.1378725566901266,60.0,4.342699999999999,230.26666666666668,1,25.609,4978.0,1,35.564,4802.0,70,34.90635
RN_FOG_ASCON,RN,ASCON,fog,ascon,3,RN_FOG_ASCON#3,1,0.666667,0.980691,,2.0,2.0,0.6666666567325592,0.9806914329528809,60.0,1.0,0.6666666567325592,0.9806914329528807,64.0,4.32025,234.375,1,40.11,4974.0,1,41.483,4802.0,71,36.308
RN_FOG_ASCON,RN,ASCON,fog,ascon,3,RN_FOG_ASCON#3,2,0.933333,0.212312,53.0,2.0,2.0,0.9333333373069764,0.2123118788003921,60.0,1.0,0.9333333373069764,0.2123118788003921,58.0,4.2799,235.06896551724137,1,34.372,4970.0,1,23.715,4794.0,68,33.91735
RN_FOG_ASCON,RN,ASCON,fog,ascon,3,RN_FOG_ASCON#3,3,0.983333,0.077202,59.0,2.0,2.0,0.9833333194255829,0.07720220461487765,60.0,1.0,0.9833333194255828,0.0772022046148777,59.0,4.4829,234.6949152542373,1,26.736,4978.0,1,31.188,4806.0,69,34.736
RN_FOG_ASCON,RN,ASCON,fog,ascon,3,RN_FOG_ASCON#3,4,1.0,0.014514,59.0,2.0,2.0,1.0,0.0145138148218393,60.0,1.0,1.0,0.0145138148218393,60.0,4.470899999999999,233.73333333333332,1,25.992,4946.0,1,31.409,4790.0,70,33.5932
RN_FOG_ASCON,RN,ASCON,fog,ascon,3,RN_FOG_ASCON#3,5,1.0,0.011003,60.0,2.0,2.0,1.0,0.011002664454281299,60.0,1.0,1.0,0.0110026644542813,60.0,4.4637,234.0,1,56.346,4954.0,1,47.054,4798.0,70,34.717349999999996
RN_FOG_ASCON,RN,ASCON,fog,ascon,3,RN_FOG_ASCON#3,6,0.85,0.745828,250.0,2.0,2.0,0.8499999940395355,0.7458279728889465,60.0,1.0,0.8499999940395355,0.7458279728889465,62.0,4.37715,231.19354838709677,1,28.198,4974.0,1,32.82,4802.0,72,33.6944
RN_FOG_ASCON,RN,ASCON,fog,ascon,3,RN_FOG_ASCON#3,7,0.85,0.299323,59.0,2.0,2.0,0.8499999940395355,0.2993227392435074,60.0,1.0,0.8499999940395355,0.2993227392435074,60.0,4.435299999999999,230.13333333333333,1,30.545,4966.0,1,26.71,4794.0,70,32.4366
RN_FOG_ASCON,RN,ASCON,fog,ascon,3,RN_FOG_ASCON#3,8,0.866667,0.349915,60.0,2.0,2.0,0.8666666448116302,0.34991462528705597,60.0,1.0,0.8666666448116302,0.3499146252870559,60.0,4.14165,231.26666666666668,1,37.461,4970.0,1,34.067,4794.0,70,34.14015
RN_FOG_ASCON,RN,ASCON,fog,ascon,3,RN_FOG_ASCON#3,9,0.85,0.398243,61.0,2.0,2.0,0.8499999940395355,0.3982432633638382,60.0,1.0,0.8499999940395355,0.3982432633638382,60.0,4.37265,230.2,1,32.046,4978.0,1,33.056,4806.0,70,34.3484
RN_FOG_ASCON,RN,ASCON,fog,ascon,3,RN_FOG_ASCON#3,10,0.8,0.421882,59.0,2.0,2.0,0.800000011920929,0.4218822121620178,60.0,1.0,0.800000011920929,0.4218822121620178,60.0,4.403849999999999,231.06666666666666,1,31.891,4974.0,1,26.327,4806.0,70,34.1014
RN_FOG_ASCON,RN,ASCON,fog,ascon,3,RN_FOG_ASCON#3,11,0.883333,0.268228,60.0,2.0,2.0,0.8833333253860474,0.2682277560234069,60.0,1.0,0.8833333253860474,0.268227756023407,60.0,4.4242,232.4,1,23.415,4978.0,1,26.305,4806.0,70,34.7605
RN_FOG_ASCON,RN,ASCON,fog,ascon,3,RN_FOG_ASCON#3,12,0.95,0.227687,59.0,2.0,2.0,0.949999988079071,0.2276865690946579,60.0,1.0,0.949999988079071,0.2276865690946579,60.0,4.4763,230.73333333333332,1,27.33,4974.0,1,80.645,4802.0,70,35.81465
RN_FOG_ASCON,RN,ASCON,fog,ascon,3,RN_FOG_ASCON#3,13,0.95,0.283499,60.0,2.0,2.0,0.949999988079071,0.28349877893924713,60.0,1.0,0.949999988079071,0.2834987789392471,60.0,4.3551,230.93333333333334,1,23.147,4978.0,1,25.477,4802.0,70,33.35269999999999
RN_FOG_ASCON,RN,ASCON,fog,ascon,3,RN_FOG_ASCON#3,14,0.883333,0.356405,59.0,2.0,2.0,0.8833333253860474,0.35640509426593775,60.0,1.0,0.8833333253860474,0.3564050942659378,60.0,4.207,231.06666666666666,1,26.734,4986.0,1,27.494,4814.0,70,34.1654
RN_FOG_ASCON,RN,ASCON,fog,ascon,3,RN_FOG_ASCON#3,15,0.883333,0.231344,60.0,2.0,2.0,0.8833333253860474,0.23134407401084894,60.0,1.0,0.8833333253860474,0.231344074010849,60.0,4.44415,231.93333333333334,1,22.604,4958.0,1,28.237,4786.0,70,33.97695
RN_FOG_ASCON,RN,ASCON,fog,ascon,3,RN_FOG_ASCON#3,16,0.983333,0.080164,59.0,2.0,2.0,0.9833333194255829,0.08016378618776795,60.0,1.0,0.9833333194255828,0.0801637861877679,60.0,4.42675,232.6,1,49.998,4978.0,1,25.014,4802.0,70,34.2173
RN_FOG_ASCON,RN,ASCON,fog,ascon,3,RN_FOG_ASCON#3,17,0.983333,0.071114,60.0,2.0,2.0,0.9833333194255829,0.07111364789307115,60.0,1.0,0.9833333194255828,0.0711136478930711,60.0,4.4881,233.4,1,25.712,4954.0,1,35.588,4782.0,70,35.4503
RN_FOG_ASCON,RN,ASCON,fog,ascon,3,RN_FOG_ASCON#3,18,0.95,0.127595,59.0,2.0,2.0,0.949999988079071,0.12759464234113688,60.0,1.0,0.949999988079071,0.1275946423411369,60.0,4.65585,230.73333333333332,1,24.726,4962.0,1,28.833,4790.0,70,35.017849999999996
RN_FOG_ASCON,RN,ASCON,fog,ascon,3,RN_FOG_ASCON#3,19,0.983333,0.071734,59.0,2.0,2.0,0.9833333194255829,0.07173350080847735,60.0,1.0,0.9833333194255828,0.0717335008084774,60.0,4.217899999999999,232.66666666666666,1,48.36,4954.0,1,81.566,4782.0,70,36.3625
RN_FOG_ASCON,RN,ASCON,fog,ascon,3,RN_FOG_ASCON#3,20,1.0,0.042478,60.0,2.0,2.0,1.0,0.0424779634922742,60.0,1.0,1.0,0.0424779634922742,60.0,4.360449999999999,231.26666666666668,1,28.846,4958.0,1,35.389,4802.0,70,35.38045
RN_FOG_ASCON,RN,ASCON,fog,ascon,4,RN_FOG_ASCON#4,1,0.766667,0.627053,,2.0,2.0,0.7666666507720947,0.627053365111351,60.0,1.0,0.7666666507720947,0.627053365111351,70.0,4.326899999999999,234.0857142857143,1,30.284,4950.0,1,24.226,4778.0,77,30.897600000000004
RN_FOG_ASCON,RN,ASCON,fog,ascon,4,RN_FOG_ASCON#4,2,1.0,0.107861,56.0,2.0,2.0,1.0,0.10786087065935131,60.0,1.0,1.0,0.1078608706593513,54.0,4.26485,235.44444444444446,1,25.364,4958.0,1,31.076,4806.0,64,34.7983
RN_FOG_ASCON,RN,ASCON,fog,ascon,4,RN_FOG_ASCON#4,3,1.0,0.037812,59.0,2.0,2.0,1.0,0.03781208582222455,60.0,1.0,1.0,0.0378120858222246,60.0,4.31625,234.53333333333333,1,57.156,4938.0,1,24.772,4786.0,70,34.65125
RN_FOG_ASCON,RN,ASCON,fog,ascon,4,RN_FOG_ASCON#4,4,0.983333,0.034793,59.0,2.0,2.0,0.9833333194255829,0.0347925573587417,60.0,1.0,0.9833333194255828,0.0347925573587417,60.0,4.44285,235.06666666666666,1,26.154,4966.0,1,41.99,4790.0,70,34.68935
RN_FOG_ASCON,RN,ASCON,fog,ascon,4,RN_FOG_ASCON#4,5,1.0,0.015812,72.0,2.0,2.0,1.0,0.01581200445070855,60.0,1.0,1.0,0.0158120044507086,63.0,4.3818,234.3968253968254,1,31.003,4946.0,1,28.63,4790.0,73,35.97619999999999
RN_FOG_ASCON,RN,ASCON,fog,ascon,4,RN_FOG_ASCON#4,6,0.866667,0.337418,59.0,2.0,2.0,0.8666666746139526,0.3374176991637796,60.0,1.0,0.8666666746139526,0.3374176991637796,62.0,4.2341999999999995,231.25806451612902,1,67.022,4966.0,1,71.855,4794.0,72,34.100950000000005
RN_FOG_ASCON,RN,ASCON,fog,ascon,4,RN_FOG_ASCON#4,7,0.916667,0.149756,59.0,2.0,2.0,0.9166666567325592,0.14975563390180466,60.0,1.0,0.9166666567325592,0.1497556339018046,60.0,4.4411,231.4,1,33.932,4978.0,1,30.501,4806.0,70,33.8249
RN_FOG_ASCON,RN,ASCON,fog,ascon,4,RN_FOG_ASCON#4,8,0.933333,0.116295,59.0,2.0,2.0,0.9333333075046539,0.11629483476281165,60.0,1.0,0.933333307504654,0.1162948347628116,60.0,4.3986,232.13333333333333,1,22.125,4966.0,1,25.848,4790.0,70,34.0957
RN_FOG_ASCON,RN,ASCON,fog,ascon,4,RN_FOG_ASCON#4,9,0.9,0.201931,59.0,2.0,2.0,0.9000000059604645,0.20193095784634343,60.0,1.0,0.9000000059604645,0.2019309578463435,60.0,4.581549999999999,231.86666666666667,1,26.001,4978.0,1,38.115,4802.0,70,34.92829999999999
RN_FOG_ASCON,RN,ASCON,fog,ascon,4,RN_FOG_ASCON#4,10,0.933333,0.104356,60.0,2.0,2.0,0.9333333373069763,0.1043562577106058,60.0,1.0,0.9333333373069764,0.1043562577106058,60.0,4.61175,232.46666666666667,1,33.871,4954.0,1,23.917,4778.0,70,36.29929999999999
RN_FOG_ASCON,RN,ASCON,fog,ascon,4,RN_FOG_ASCON#4,11,0.966667,0.157546,58.0,2.0,2.0,0.9666666686534882,0.15754615655168888,60.0,1.0,0.9666666686534882,0.1575461565516889,60.0,4.549499999999999,233.66666666666666,1,24.785,4962.0,1,23.281,4790.0,70,34.1699
RN_FOG_ASCON,RN,ASCON,fog,ascon,4,RN_FOG_ASCON#4,12,0.983333,0.088048,59.0,2.0,2.0,0.9833333194255829,0.0880484641529619,60.0,1.0,0.9833333194255828,0.0880484641529619,60.0,4.30905,233.0,1,29.207,4982.0,1,32.999,4810.0,70,34.336
RN_FOG_ASCON,RN,ASCON,fog,ascon,4,RN_FOG_ASCON#4,13,1.0,0.010168,60.0,2.0,2.0,1.0,0.010167854605242551,60.0,1.0,1.0,0.0101678546052426,60.0,4.422,233.6,1,22.009,4946.0,1,26.015,4790.0,70,33.05844999999999
RN_FOG_ASCON,RN,ASCON,fog,ascon,4,RN_FOG_ASCON#4,14,0.983333,0.066891,58.0,2.0,2.0,0.9833333194255829,0.0668905386701226,60.0,1.0,0.9833333194255828,0.0668905386701226,60.0,4.3427,232.8,1,24.569,4966.0,1,25.605,4794.0,70,33.16915
RN_FOG_ASCON,RN,ASCON,fog,ascon,4,RN_FOG_ASCON#4,15,0.95,0.147252,60.0,2.0,2.0,0.949999988079071,0.14725226419977838,60.0,1.0,0.949999988079071,0.1472522641997784,60.0,4.89805,233.8,1,29.223,4978.0,1,29.754,4802.0,70,34.49764999999999
RN_FOG_ASCON,RN,ASCON,fog,ascon,4,RN_FOG_ASCON#4,16,0.966667,0.113042,58.0,2.0,2.0,0.9666666686534882,0.1130420558620244,60.0,1.0,0.9666666686534882,0.1130420558620244,60.0,4.2105500000000005,234.0,1,21.806,4966.0,1,25.078,4790.0,70,34.475449999999995
RN_FOG_ASCON,RN,ASCON,fog,ascon,4,RN_FOG_ASCON#4,17,0.95,0.079381,61.0,2.0,2.0,0.949999988079071,0.07938056765124195,60.0,1.0,0.949999988079071,0.079380567651242,60.0,4.4016,230.86666666666667,1,27.629,4958.0,1,37.968,4786.0,70,35.11814999999999
RN_FOG_ASCON,RN,ASCON,fog,ascon,4,RN_FOG_ASCON#4,18,0.95,0.087961,60.0,2.0,2.0,0.949999988079071,0.08796098036691545,60.0,1.0,0.949999988079071,0.0879609803669154,60.0,3.8403499999999995,232.53333333333333,1,33.485,4970.0,1,28.242,4798.0,70,35.513099999999994
RN_FOG_ASCON,RN,ASCON,fog,ascon,4,RN_FOG_ASCON#4,19,0.95,0.104338,60.0,2.0,2.0,0.949999988079071,0.104337548604235,60.0,1.0,0.949999988079071,0.104337548604235,60.0,4.521749999999999,232.66666666666666,1,31.239,4974.0,1,26.696,4798.0,70,35.56069999999999
RN_FOG_ASCON,RN,ASCON,fog,ascon,4,RN_FOG_ASCON#4,20,0.966667,0.104373,58.0,2.0,2.0,0.9666666686534882,0.1043729138327762,60.0,1.0,0.9666666686534882,0.1043729138327762,60.0,4.258349999999999,231.33333333333334,1,25.761,4966.0,1,24.707,4790.0,70,34.69089999999999
RN_FOG_ASCON,RN,ASCON,fog,ascon,5,RN_FOG_ASCON#5,1,0.733333,0.858126,,2.0,2.0,0.7333333492279053,0.8581259846687317,60.0,1.0,0.7333333492279053,0.8581259846687317,66.0,4.30925,234.27272727272728,1,29.551,4970.0,1,35.089,4798.0,73,35.59859999999999
RN_FOG_ASCON,RN,ASCON,fog,ascon,5,RN_FOG_ASCON#5,2,0.916667,0.205928,55.0,2.0,2.0,0.9166666567325592,0.20592778921127314,60.0,1.0,0.9166666567325592,0.2059277892112732,57.0,4.1974,234.82456140350877,1,48.668,4954.0,1,40.296,4782.0,67,39.46559999999999
RN_FOG_ASCON,RN,ASCON,fog,ascon,5,RN_FOG_ASCON#5,3,1.0,0.045253,58.0,2.0,2.0,1.0,0.04525336623191829,60.0,1.0,1.0,0.0452533662319183,57.0,4.4034,234.40350877192984,1,26.35,4950.0,1,35.372,4794.0,67,34.917899999999996
RN_FOG_ASCON,RN,ASCON,fog,ascon,5,RN_FOG_ASCON#5,4,1.0,0.021948,59.0,2.0,2.0,1.0,0.021948054432868902,60.0,1.0,1.0,0.0219480544328689,60.0,4.30905,234.66666666666666,1,27.574,4926.0,1,25.75,4770.0,70,34.7348
RN_FOG_ASCON,RN,ASCON,fog,ascon,5,RN_FOG_ASCON#5,5,1.0,0.017994,59.0,2.0,2.0,1.0,0.01799392141401765,60.0,1.0,1.0,0.0179939214140176,60.0,4.3645,234.26666666666668,1,30.295,4962.0,1,36.857,4806.0,70,33.88785
RN_FOG_ASCON,RN,ASCON,fog,ascon,5,RN_FOG_ASCON#5,6,0.933333,0.169881,88.0,2.0,2.0,0.9333333373069763,0.16988116223365066,60.0,1.0,0.9333333373069764,0.1698811622336506,62.0,4.293349999999999,233.25806451612902,1,33.209,4946.0,1,23.263,4770.0,72,34.15625000000001
RN_FOG_ASCON,RN,ASCON,fog,ascon,5,RN_FOG_ASCON#5,7,0.85,0.357606,58.0,2.0,2.0,0.8499999940395355,0.35760596860200167,60.0,1.0,0.8499999940395355,0.3576059686020016,58.0,4.5616,233.68965517241378,1,22.791,4978.0,1,25.597,4802.0,68,34.4235
RN_FOG_ASCON,RN,ASCON,fog,ascon,5,RN_FOG_ASCON#5,8,0.966667,0.124189,61.0,2.0,2.0,0.9666666686534882,0.12418851442635055,60.0,1.0,0.9666666686534882,0.1241885144263506,62.0,4.729199999999999,232.80645161290323,1,24.191,4970.0,1,49.395,4794.0,72,32.6395
RN_FOG_ASCON,RN,ASCON,fog,ascon,5,RN_FOG_ASCON#5,9,0.933333,0.130759,59.0,2.0,2.0,0.9333333373069763,0.13075861614197484,60.0,1.0,0.9333333373069764,0.1307586161419749,60.0,4.5011,232.8,1,52.536,4966.0,1,37.345,4790.0,70,36.868849999999995
RN_FOG_ASCON,RN,ASCON,fog,ascon,5,RN_FOG_ASCON#5,10,0.95,0.094415,58.0,2.0,2.0,0.949999988079071,0.0944154555909335,60.0,1.0,0.949999988079071,0.0944154555909335,60.0,4.5079,232.86666666666667,1,23.056,4954.0,1,33.793,4782.0,70,34.01285
RN_FOG_ASCON,RN,ASCON,fog,ascon,5,RN_FOG_ASCON#5,11,0.866667,0.373334,60.0,2.0,2.0,0.8666666448116302,0.3733344189822674,60.0,1.0,0.8666666448116302,0.3733344189822674,60.0,4.19605,232.0,1,22.762,4970.0,1,24.39,4794.0,70,34.11155
RN_FOG_ASCON,RN,ASCON,fog,ascon,5,RN_FOG_ASCON#5,12,1.0,0.023081,59.0,2.0,2.0,1.0,0.02308089751750225,60.0,1.0,1.0,0.0230808975175023,60.0,4.51035,233.06666666666666,1,32.224,4942.0,1,28.017,4786.0,70,34.15765
RN_FOG_ASCON,RN,ASCON,fog,ascon,5,RN_FOG_ASCON#5,13,0.966667,0.07465,59.0,2.0,2.0,0.9666666686534882,0.07465011347085235,60.0,1.0,0.9666666686534882,0.0746501134708523,60.0,4.5103,233.53333333333333,1,35.622,4974.0,1,34.467,4798.0,70,35.5563
RN_FOG_ASCON,RN,ASCON,fog,ascon,5,RN_FOG_ASCON#5,14,1.0,0.030015,59.0,2.0,2.0,1.0,0.03001549094915385,60.0,1.0,1.0,0.0300154909491539,60.0,4.59465,232.33333333333334,1,30.888,4942.0,1,48.786,4790.0,70,34.1474
RN_FOG_ASCON,RN,ASCON,fog,ascon,5,RN_FOG_ASCON#5,15,0.983333,0.066839,61.0,2.0,2.0,0.9833333194255829,0.0668393108062446,60.0,1.0,0.9833333194255828,0.0668393108062446,60.0,4.3192499999999985,233.13333333333333,1,30.114,4970.0,1,28.434,4794.0,70,33.4617
RN_FOG_ASCON,RN,ASCON,fog,ascon,5,RN_FOG_ASCON#5,16,0.966667,0.083067,59.0,2.0,2.0,0.9666666686534882,0.0830673263408243,60.0,1.0,0.9666666686534882,0.0830673263408243,60.0,4.607749999999999,233.0,1,35.884,4966.0,1,27.692,4794.0,70,34.11515
RN_FOG_ASCON,RN,ASCON,fog,ascon,5,RN_FOG_ASCON#5,17,0.95,0.229773,59.0,2.0,2.0,0.949999988079071,0.22977315133903176,60.0,1.0,0.949999988079071,0.2297731513390317,60.0,4.32335,231.2,1,28.319,4954.0,1,24.689,4782.0,70,34.2108
RN_FOG_ASCON,RN,ASCON,fog,ascon,5,RN_FOG_ASCON#5,18,0.983333,0.066328,59.0,2.0,2.0,0.9833333194255829,0.06632803007960315,60.0,1.0,0.9833333194255828,0.0663280300796032,60.0,4.35835,232.4,1,26.624,4954.0,1,30.426,4782.0,70,34.6141
RN_FOG_ASCON,RN,ASCON,fog,ascon,5,RN_FOG_ASCON#5,19,0.966667,0.083263,59.0,2.0,2.0,0.9666666686534882,0.08326270757243036,60.0,1.0,0.9666666686534882,0.0832627075724303,60.0,4.27435,232.66666666666666,1,25.191,4970.0,1,23.824,4798.0,70,34.664649999999995
RN_FOG_ASCON,RN,ASCON,fog,ascon,5,RN_FOG_ASCON#5,20,0.983333,0.047601,59.0,2.0,2.0,0.9833333194255829,0.0476013504667207,60.0,1.0,0.9833333194255828,0.0476013504667207,60.0,4.598949999999999,232.33333333333334,1,39.825,4970.0,1,29.955,4794.0,70,36.799099999999996
RN_FOG_ASCON,RN,ASCON,fog,ascon,9,RN_FOG_ASCON#9,1,0.683333,0.932951,,2.0,2.0,0.6833333373069763,0.9329513609409332,60.0,1.0,0.6833333373069763,0.9329513609409332,70.0,4.320499999999999,233.74285714285713,1,22.829,4966.0,1,37.25,4794.0,77,32.1976
RN_FOG_ASCON,RN,ASCON,fog,ascon,9,RN_FOG_ASCON#9,2,0.933333,0.16022,55.0,2.0,2.0,0.9333333075046539,0.160219844430685,60.0,1.0,0.933333307504654,0.160219844430685,54.0,4.230149999999999,233.88888888888889,1,22.958,4974.0,1,25.638,4798.0,64,34.039750000000005
RN_FOG_ASCON,RN,ASCON,fog,ascon,9,RN_FOG_ASCON#9,3,0.983333,0.06576,59.0,2.0,2.0,0.9833333194255829,0.06576044671237465,60.0,1.0,0.9833333194255828,0.0657604467123746,60.0,4.170249999999999,233.0,1,27.226,5002.0,1,25.455,4826.0,70,34.41694999999999
RN_FOG_ASCON,RN,ASCON,fog,ascon,9,RN_FOG_ASCON#9,4,1.0,0.030337,59.0,2.0,2.0,1.0,0.03033737838268275,60.0,1.0,1.0,0.0303373783826828,60.0,4.5436,234.06666666666666,1,23.344,4982.0,1,27.51,4826.0,70,33.71465
RN_FOG_ASCON,RN,ASCON,fog,ascon,9,RN_FOG_ASCON#9,5,1.0,0.02099,59.0,2.0,2.0,1.0,0.02099001780152315,60.0,1.0,1.0,0.0209900178015232,60.0,3.99795,233.86666666666667,1,40.638,4970.0,1,59.893,4818.0,70,36.640049999999995
RN_FOG_ASCON,RN,ASCON,fog,ascon,9,RN_FOG_ASCON#9,6,0.883333,0.325986,265.0,2.0,2.0,0.8833333253860474,0.32598620653152466,60.0,1.0,0.8833333253860474,0.3259862065315246,59.0,4.4735,230.76271186440678,1,24.172,4974.0,1,43.305,4798.0,69,38.55799999999998
RN_FOG_ASCON,RN,ASCON,fog,ascon,9,RN_FOG_ASCON#9,7,0.8,0.449871,60.0,2.0,2.0,0.7999999821186066,0.44987110793590546,60.0,1.0,0.7999999821186066,0.4498711079359054,60.0,4.3572500000000005,230.2,1,25.348,4966.0,1,51.301,4794.0,70,38.21814999999999
RN_FOG_ASCON,RN,ASCON,fog,ascon,9,RN_FOG_ASCON#9,8,0.816667,0.377957,59.0,2.0,2.0,0.8166666626930237,0.3779570981860161,60.0,1.0,0.8166666626930237,0.3779570981860161,60.0,4.3446,228.13333333333333,1,22.56,4974.0,1,25.813,4802.0,70,35.504949999999994
RN_FOG_ASCON,RN,ASCON,fog,ascon,9,RN_FOG_ASCON#9,9,0.85,0.302002,-86341.0,2.0,2.0,0.8499999940395355,0.30200172215700144,60.0,1.0,0.8499999940395355,0.3020017221570015,60.0,4.1892499999999995,231.66666666666666,1,43.177,4986.0,1,25.337,4814.0,70,38.21864999999999
RN_FOG_ASCON,RN,ASCON,fog,ascon,9,RN_FOG_ASCON#9,10,0.866667,0.320381,59.0,2.0,2.0,0.8666666448116302,0.3203811645507812,60.0,1.0,0.8666666448116302,0.3203811645507812,60.0,4.24625,231.06666666666666,1,48.163,4982.0,1,38.599,4810.0,70,37.09245
RN_FOG_ASCON,RN,ASCON,fog,ascon,9,RN_FOG_ASCON#9,11,0.866667,0.318337,59.0,2.0,2.0,0.8666666448116302,0.31833717972040176,60.0,1.0,0.8666666448116302,0.3183371797204017,60.0,4.38195,230.73333333333332,1,25.229,4974.0,1,30.794,4798.0,70,33.8088
RN_FOG_ASCON,RN,ASCON,fog,ascon,9,RN_FOG_ASCON#9,12,0.833333,0.380255,59.0,2.0,2.0,0.8333333432674408,0.38025471568107605,60.0,1.0,0.8333333432674408,0.380254715681076,60.0,4.1115,228.2,1,24.429,4986.0,1,34.862,4810.0,70,35.4267
RN_FOG_ASCON,RN,ASCON,fog,ascon,9,RN_FOG_ASCON#9,13,0.933333,0.166864,60.0,2.0,2.0,0.9333333075046539,0.16686432063579554,60.0,1.0,0.933333307504654,0.1668643206357956,60.0,4.6803,231.8,1,36.245,4978.0,1,32.082,4802.0,70,35.25425
RN_FOG_ASCON,RN,ASCON,fog,ascon,9,RN_FOG_ASCON#9,14,0.9,0.223837,59.0,2.0,2.0,0.9000000059604645,0.2238366641104221,60.0,1.0,0.9000000059604645,0.2238366641104221,60.0,4.299049999999999,234.2,1,28.56,4966.0,1,34.864,4794.0,70,35.9048
RN_FOG_ASCON,RN,ASCON,fog,ascon,9,RN_FOG_ASCON#9,15,0.95,0.176148,59.0,2.0,2.0,0.949999988079071,0.17614820972084996,60.0,1.0,0.949999988079071,0.17614820972085,60.0,3.7912499999999993,231.66666666666666,1,23.133,4966.0,1,31.116,4794.0,70,35.03965
RN_FOG_ASCON,RN,ASCON,fog,ascon,9,RN_FOG_ASCON#9,16,0.9,0.19553,58.0,2.0,2.0,0.8999999761581421,0.1955301314592361,60.0,1.0,0.8999999761581421,0.1955301314592361,60.0,4.369599999999999,232.13333333333333,1,31.677,4998.0,1,25.691,4822.0,70,35.526799999999994
RN_FOG_ASCON,RN,ASCON,fog,ascon,9,RN_FOG_ASCON#9,17,0.9,0.266693,59.0,2.0,2.0,0.9000000059604645,0.2666932642459869,60.0,1.0,0.9000000059604645,0.2666932642459869,60.0,4.30195,232.73333333333332,1,23.465,4982.0,1,33.537,4806.0,70,33.59365
RN_FOG_ASCON,RN,ASCON,fog,ascon,9,RN_FOG_ASCON#9,18,0.95,0.140223,59.0,2.0,2.0,0.949999988079071,0.14022298529744145,60.0,1.0,0.949999988079071,0.1402229852974414,60.0,4.1987499999999995,230.26666666666668,1,25.521,4986.0,1,32.912,4814.0,70,34.54345
RN_FOG_ASCON,RN,ASCON,fog,ascon,9,RN_FOG_ASCON#9,19,0.95,0.180919,58.0,2.0,2.0,0.949999988079071,0.180918525904417,60.0,1.0,0.949999988079071,0.180918525904417,60.0,4.2216,231.66666666666666,1,28.906,4974.0,1,25.016,4802.0,70,34.80205
RN_FOG_ASCON,RN,ASCON,fog,ascon,9,RN_FOG_ASCON#9,20,0.95,0.2298,59.0,2.0,2.0,0.949999988079071,0.2297999188303947,60.0,1.0,0.949999988079071,0.2297999188303947,60.0,4.4612,230.86666666666667,1,23.317,4966.0,1,29.339,4794.0,70,35.971199999999996
RN_FOG_NO_ASCON,RN,NO_ASCON,fog,plain,2,RN_FOG_NO_ASCON#2,1,0.716667,0.85109,,2.0,2.0,0.7166666686534882,0.8510895371437073,60.0,1.0,0.7166666686534882,0.8510895371437073,69.0,0.17199999999999988,117.28985507246377,1,0.0,3661.0,1,0.413,3543.0,76,0.2975
RN_FOG_NO_ASCON,RN,NO_ASCON,fog,plain,2,RN_FOG_NO_ASCON#2,2,0.933333,0.206252,44.0,2.0,2.0,0.9333333373069764,0.2062524706125259,60.0,1.0,0.9333333373069764,0.2062524706125259,53.0,0.16299999999999992,116.67924528301887,1,0.0,3651.0,1,0.862,3532.0,63,0.43349999999999994
RN_FOG_NO_ASCON,RN,NO_ASCON,fog,plain,2,RN_FOG_NO_ASCON#2,3,1.0,0.035134,50.0,2.0,2.0,1.0,0.0351341906934976,60.0,1.0,1.0,0.0351341906934976,59.0,0.1871,117.49152542372882,1,0.0,3649.0,1,0.376,3545.0,69,0.39319999999999994
RN_FOG_NO_ASCON,RN,NO_ASCON,fog,plain,2,RN_FOG_NO_ASCON#2,4,0.983333,0.106578,50.0,2.0,2.0,0.9833333194255829,0.10657787695527074,60.0,1.0,0.9833333194255828,0.1065778769552707,60.0,0.14424999999999985,117.3,1,0.0,3643.0,1,0.477,3524.0,70,0.4546999999999999
RN_FOG_NO_ASCON,RN,NO_ASCON,fog,plain,2,RN_FOG_NO_ASCON#2,5,1.0,0.017691,50.0,2.0,2.0,1.0,0.01769051235169165,60.0,1.0,1.0,0.0176905123516917,60.0,0.14574999999999988,116.41666666666667,1,0.0,3640.0,1,0.363,3535.0,70,0.37344999999999995
RN_FOG_NO_ASCON,RN,NO_ASCON,fog,plain,2,RN_FOG_NO_ASCON#2,6,0.766667,0.540867,477.0,2.0,2.0,0.7666666805744171,0.5408673295751214,60.0,1.0,0.7666666805744171,0.5408673295751214,61.0,0.143,114.32786885245902,1,0.0,3662.0,1,0.38,3544.0,71,0.40449999999999997
RN_FOG_NO_ASCON,RN,NO_ASCON,fog,plain,2,RN_FOG_NO_ASCON#2,7,0.95,0.142118,50.0,2.0,2.0,0.949999988079071,0.14211845770478243,60.0,1.0,0.949999988079071,0.1421184577047824,60.0,0.14234999999999998,115.0,1,0.0,3656.0,1,0.369,3538.0,70,0.44275
RN_FOG_NO_ASCON,RN,NO_ASCON,fog,plain,2,RN_FOG_NO_ASCON#2,8,0.85,0.299811,50.0,2.0,2.0,0.8499999940395355,0.29981141816824675,60.0,1.0,0.8499999940395355,0.2998114181682467,60.0,0.17924999999999996,112.33333333333333,1,0.0,3643.0,1,0.286,3524.0,70,0.4957499999999999
RN_FOG_NO_ASCON,RN,NO_ASCON,fog,plain,2,RN_FOG_NO_ASCON#2,9,0.8,0.473686,50.0,2.0,2.0,0.800000011920929,0.4736857805401087,60.0,1.0,0.800000011920929,0.4736857805401087,60.0,0.19319999999999998,113.65,1,0.0,3654.0,1,0.485,3537.0,70,0.5229499999999998
RN_FOG_NO_ASCON,RN,NO_ASCON,fog,plain,2,RN_FOG_NO_ASCON#2,10,0.866667,0.295945,50.0,2.0,2.0,0.8666666746139526,0.29594532120972866,60.0,1.0,0.8666666746139526,0.2959453212097287,60.0,0.17324999999999996,113.26666666666667,1,0.0,3647.0,1,0.421,3530.0,70,0.41469999999999996
RN_FOG_NO_ASCON,RN,NO_ASCON,fog,plain,2,RN_FOG_NO_ASCON#2,11,0.916667,0.163483,50.0,2.0,2.0,0.9166666567325592,0.16348325228318566,60.0,1.0,0.9166666567325592,0.1634832522831857,60.0,0.19909999999999994,113.13333333333334,1,0.0,3656.0,1,0.296,3537.0,70,0.4162499999999999
RN_FOG_NO_ASCON,RN,NO_ASCON,fog,plain,2,RN_FOG_NO_ASCON#2,12,0.916667,0.193255,50.0,2.0,2.0,0.9166666567325592,0.19325525313615796,60.0,1.0,0.9166666567325592,0.193255253136158,60.0,0.17,112.83333333333333,1,0.0,3648.0,1,0.394,3531.0,70,0.42684999999999995
RN_FOG_NO_ASCON,RN,NO_ASCON,fog,plain,2,RN_FOG_NO_ASCON#2,13,0.966667,0.084793,50.0,2.0,2.0,0.9666666686534882,0.0847928472794592,60.0,1.0,0.9666666686534882,0.0847928472794592,60.0,0.19949999999999987,113.5,1,0.0,3648.0,1,0.408,3529.0,70,0.43989999999999985
RN_FOG_NO_ASCON,RN,NO_ASCON,fog,plain,2,RN_FOG_NO_ASCON#2,14,0.966667,0.139615,50.0,2.0,2.0,0.9666666686534882,0.13961472082883114,60.0,1.0,0.9666666686534882,0.1396147208288312,60.0,0.19824999999999998,112.23333333333333,1,0.0,3660.0,1,0.36,3542.0,70,0.5394499999999999
RN_FOG_NO_ASCON,RN,NO_ASCON,fog,plain,2,RN_FOG_NO_ASCON#2,15,0.95,0.130975,50.0,2.0,2.0,0.949999988079071,0.13097547367215157,60.0,1.0,0.949999988079071,0.1309754736721515,60.0,0.20619999999999997,110.8,1,0.0,3654.0,1,0.387,3536.0,70,0.5349999999999999
RN_FOG_NO_ASCON,RN,NO_ASCON,fog,plain,2,RN_FOG_NO_ASCON#2,16,0.95,0.147412,50.0,2.0,2.0,0.949999988079071,0.1474120446946472,60.0,1.0,0.949999988079071,0.1474120446946472,60.0,0.18789999999999996,113.25,1,0.0,3656.0,1,0.395,3539.0,70,0.4486
RN_FOG_NO_ASCON,RN,NO_ASCON,fog,plain,2,RN_FOG_NO_ASCON#2,17,0.966667,0.083413,50.0,2.0,2.0,0.9666666686534882,0.08341262838803229,60.0,1.0,0.9666666686534882,0.0834126283880323,60.0,0.20504999999999998,113.28333333333333,1,0.0,3655.0,1,0.393,3536.0,70,0.43069999999999997
RN_FOG_NO_ASCON,RN,NO_ASCON,fog,plain,2,RN_FOG_NO_ASCON#2,18,0.966667,0.059181,50.0,2.0,2.0,0.9666666686534882,0.05918114539235825,60.0,1.0,0.9666666686534882,0.0591811453923583,60.0,0.17379999999999987,113.81666666666666,1,0.0,3633.0,1,0.379,3515.0,70,0.3985999999999999
RN_FOG_NO_ASCON,RN,NO_ASCON,fog,plain,2,RN_FOG_NO_ASCON#2,19,0.966667,0.230762,50.0,2.0,2.0,0.9666666686534882,0.2307623059023171,60.0,1.0,0.9666666686534882,0.2307623059023171,60.0,0.20354999999999998,114.86666666666666,1,0.0,3652.0,1,0.322,3533.0,70,0.34859999999999997
RN_FOG_NO_ASCON,RN,NO_ASCON,fog,plain,2,RN_FOG_NO_ASCON#2,20,0.866667,0.32798,50.0,2.0,2.0,0.8666666746139526,0.32797975488938386,60.0,1.0,0.8666666746139526,0.3279797548893839,60.0,0.20479999999999995,114.86666666666666,1,0.0,3657.0,1,0.286,3539.0,70,0.42405
RN_FOG_NO_ASCON,RN,NO_ASCON,fog,plain,3,RN_FOG_NO_ASCON#3,1,0.75,0.791782,,2.0,2.0,0.75,0.7917815446853638,60.0,1.0,0.75,0.7917815446853638,65.0,0.18119999999999997,116.96923076923076,1,0.0,3629.0,1,0.384,3525.0,72,0.30415000000000014
RN_FOG_NO_ASCON,RN,NO_ASCON,fog,plain,3,RN_FOG_NO_ASCON#3,2,0.933333,0.1985,44.0,2.0,2.0,0.9333333373069764,0.1985000148415565,60.0,1.0,0.9333333373069764,0.1985000148415565,57.0,0.1792,117.3157894736842,1,0.0,3656.0,1,0.355,3537.0,67,0.4484999999999999
RN_FOG_NO_ASCON,RN,NO_ASCON,fog,plain,3,RN_FOG_NO_ASCON#3,3,1.0,0.038842,50.0,2.0,2.0,1.0,0.03884155023843045,60.0,1.0,1.0,0.0388415502384305,60.0,0.14789999999999995,117.28333333333333,1,0.0,3639.0,1,0.363,3536.0,70,0.39454999999999996
RN_FOG_NO_ASCON,RN,NO_ASCON,fog,plain,3,RN_FOG_NO_ASCON#3,4,1.0,0.044168,50.0,2.0,2.0,1.0,0.044167932122945744,60.0,1.0,1.0,0.0441679321229457,59.0,0.14139999999999997,117.69491525423729,1,0.0,3646.0,1,0.307,3541.0,69,0.42079999999999973
RN_FOG_NO_ASCON,RN,NO_ASCON,fog,plain,3,RN_FOG_NO_ASCON#3,5,0.983333,0.032681,50.0,2.0,2.0,0.9833333194255829,0.03268148330971595,60.0,1.0,0.9833333194255828,0.0326814833097159,60.0,0.15899999999999995,116.86666666666666,1,0.0,3644.0,1,0.306,3524.0,70,0.3646499999999999
RN_FOG_NO_ASCON,RN,NO_ASCON,fog,plain,3,RN_FOG_NO_ASCON#3,6,0.766667,0.827521,512.0,2.0,2.0,0.7666666805744171,0.827521026134491,60.0,1.0,0.7666666805744171,0.827521026134491,60.0,0.14609999999999998,114.78333333333333,1,0.0,3657.0,1,0.282,3540.0,70,0.3539499999999999
RN_FOG_NO_ASCON,RN,NO_ASCON,fog,plain,3,RN_FOG_NO_ASCON#3,7,0.866667,0.402206,53.0,2.0,2.0,0.8666666448116302,0.4022056609392166,60.0,1.0,0.8666666448116302,0.4022056609392166,60.0,0.16579999999999998,115.6,1,0.0,3667.0,1,0.561,3549.0,70,0.3916999999999999
RN_FOG_NO_ASCON,RN,NO_ASCON,fog,plain,3,RN_FOG_NO_ASCON#3,8,0.833333,0.43747,50.0,2.0,2.0,0.8333333134651184,0.4374701827764511,60.0,1.0,0.8333333134651184,0.4374701827764511,60.0,0.14304999999999987,114.73333333333333,1,0.0,3664.0,1,0.269,3546.0,70,0.4292499999999998
RN_FOG_NO_ASCON,RN,NO_ASCON,fog,plain,3,RN_FOG_NO_ASCON#3,9,0.866667,0.250309,50.0,2.0,2.0,0.8666666448116302,0.2503085657954216,60.0,1.0,0.8666666448116302,0.2503085657954216,60.0,0.14514999999999997,115.41666666666667,1,0.0,3649.0,1,0.397,3531.0,70,0.42669999999999986
RN_FOG_NO_ASCON,RN,NO_ASCON,fog,plain,3,RN_FOG_NO_ASCON#3,10,0.9,0.2387,51.0,2.0,2.0,0.8999999761581421,0.2387003973126411,60.0,1.0,0.8999999761581421,0.2387003973126411,60.0,0.18794999999999995,114.71666666666667,1,0.0,3661.0,1,0.402,3543.0,70,0.37515
RN_FOG_NO_ASCON,RN,NO_ASCON,fog,plain,3,RN_FOG_NO_ASCON#3,11,0.916667,0.215249,49.0,2.0,2.0,0.9166666567325592,0.21524894237518305,60.0,1.0,0.9166666567325592,0.2152489423751831,60.0,0.141,115.68333333333334,1,0.0,3661.0,1,0.357,3543.0,70,0.35294999999999993
RN_FOG_NO_ASCON,RN,NO_ASCON,fog,plain,3,RN_FOG_NO_ASCON#3,12,0.95,0.14757,50.0,2.0,2.0,0.949999988079071,0.14756990037858486,60.0,1.0,0.949999988079071,0.1475699003785848,60.0,0.21524999999999997,115.68333333333334,1,0.0,3657.0,1,0.287,3539.0,70,0.3961
RN_FOG_NO_ASCON,RN,NO_ASCON,fog,plain,3,RN_FOG_NO_ASCON#3,13,0.9,0.257219,50.0,2.0,2.0,0.8999999761581421,0.2572187185287475,60.0,1.0,0.8999999761581421,0.2572187185287475,60.0,0.14419999999999997,115.0,1,0.0,3650.0,1,0.409,3531.0,70,0.4304499999999999
RN_FOG_NO_ASCON,RN,NO_ASCON,fog,plain,3,RN_FOG_NO_ASCON#3,14,0.883333,0.287029,50.0,2.0,2.0,0.8833333253860474,0.28702855110168457,60.0,1.0,0.8833333253860474,0.2870285511016845,60.0,0.144,114.9,1,0.0,3653.0,1,0.384,3534.0,70,0.38675
RN_FOG_NO_ASCON,RN,NO_ASCON,fog,plain,3,RN_FOG_NO_ASCON#3,15,0.883333,0.261073,50.0,2.0,2.0,0.8833333253860474,0.2610728293657303,60.0,1.0,0.8833333253860474,0.2610728293657303,60.0,0.14169999999999994,115.76666666666667,1,0.0,3643.0,1,0.489,3525.0,70,0.3727
RN_FOG_NO_ASCON,RN,NO_ASCON,fog,plain,3,RN_FOG_NO_ASCON#3,16,0.933333,0.175764,50.0,2.0,2.0,0.9333333075046539,0.17576409876346585,60.0,1.0,0.933333307504654,0.1757640987634658,60.0,0.18209999999999998,114.58333333333333,1,0.0,3658.0,1,0.406,3539.0,70,0.3997
RN_FOG_NO_ASCON,RN,NO_ASCON,fog,plain,3,RN_FOG_NO_ASCON#3,17,0.983333,0.094601,51.0,2.0,2.0,0.9833333194255829,0.09460136108100409,60.0,1.0,0.9833333194255828,0.0946013610810041,60.0,0.18224999999999997,115.48333333333333,1,0.0,3656.0,1,0.444,3537.0,70,0.41429999999999995
RN_FOG_NO_ASCON,RN,NO_ASCON,fog,plain,3,RN_FOG_NO_ASCON#3,18,0.983333,0.083535,49.0,2.0,2.0,0.9833333194255829,0.08353541046380995,60.0,1.0,0.9833333194255828,0.0835354104638099,60.0,0.14204999999999998,115.4,1,0.0,3648.0,1,0.393,3529.0,70,0.3626499999999999
RN_FOG_NO_ASCON,RN,NO_ASCON,fog,plain,3,RN_FOG_NO_ASCON#3,19,0.95,0.117114,50.0,2.0,2.0,0.949999988079071,0.11711391434073445,60.0,1.0,0.949999988079071,0.1171139143407344,60.0,0.14509999999999998,116.1,1,0.0,3667.0,1,0.407,3549.0,70,0.41139999999999993
RN_FOG_NO_ASCON,RN,NO_ASCON,fog,plain,3,RN_FOG_NO_ASCON#3,20,0.9,0.184788,50.0,2.0,2.0,0.9000000059604645,0.1847877539694309,60.0,1.0,0.9000000059604645,0.1847877539694309,60.0,0.14309999999999998,114.6,1,0.0,3653.0,1,0.781,3534.0,70,0.4412999999999997
RN_FOG_NO_ASCON,RN,NO_ASCON,fog,plain,4,RN_FOG_NO_ASCON#4,1,0.75,0.735837,,2.0,2.0,0.75,0.7358367443084717,60.0,1.0,0.75,0.7358367443084717,68.0,0.16894999999999993,116.82352941176471,1,0.0,3644.0,1,0.46,3540.0,75,0.24549999999999997
RN_FOG_NO_ASCON,RN,NO_ASCON,fog,plain,4,RN_FOG_NO_ASCON#4,2,0.983333,0.10888,44.0,2.0,2.0,0.9833333194255829,0.10887989774346346,60.0,1.0,0.9833333194255828,0.1088798977434635,52.0,0.142,116.65384615384616,1,0.0,3658.0,1,0.372,3539.0,62,0.38475
RN_FOG_NO_ASCON,RN,NO_ASCON,fog,plain,4,RN_FOG_NO_ASCON#4,3,0.983333,0.060715,50.0,2.0,2.0,0.9833333194255829,0.060714791528880555,60.0,1.0,0.9833333194255828,0.0607147915288805,60.0,0.1442999999999998,116.96666666666667,1,0.0,3666.0,1,0.337,3546.0,70,0.41829999999999995
RN_FOG_NO_ASCON,RN,NO_ASCON,fog,plain,4,RN_FOG_NO_ASCON#4,4,1.0,0.016886,50.0,2.0,2.0,1.0,0.01688575558364385,60.0,1.0,1.0,0.0168857555836439,60.0,0.19544999999999998,117.31666666666666,1,0.0,3638.0,1,0.373,3533.0,70,0.3752
RN_FOG_NO_ASCON,RN,NO_ASCON,fog,plain,4,RN_FOG_NO_ASCON#4,5,1.0,0.023264,50.0,2.0,2.0,1.0,0.02326388144865625,60.0,1.0,1.0,0.0232638814486563,60.0,0.19729999999999992,117.85,1,0.0,3633.0,1,0.397,3529.0,70,0.43494999999999984
RN_FOG_NO_ASCON,RN,NO_ASCON,fog,plain,4,RN_FOG_NO_ASCON#4,6,0.9,0.232083,153.0,2.0,2.0,0.9000000059604645,0.2320834696292877,60.0,1.0,0.9000000059604645,0.2320834696292877,62.0,0.15144999999999995,115.64516129032258,1,0.0,3653.0,1,0.42,3534.0,72,0.4189
RN_FOG_NO_ASCON,RN,NO_ASCON,fog,plain,4,RN_FOG_NO_ASCON#4,7,0.95,0.15071,50.0,2.0,2.0,0.949999988079071,0.15070955082774157,60.0,1.0,0.949999988079071,0.1507095508277416,60.0,0.14404999999999998,115.81666666666666,1,0.0,3661.0,1,0.542,3543.0,70,0.39634999999999987
RN_FOG_NO_ASCON,RN,NO_ASCON,fog,plain,4,RN_FOG_NO_ASCON#4,8,0.9,0.268364,50.0,2.0,2.0,0.9000000059604645,0.26836353447288275,60.0,1.0,0.9000000059604645,0.2683635344728827,60.0,0.14114999999999997,116.43333333333334,1,0.0,3662.0,1,0.31,3543.0,70,0.4377499999999999
RN_FOG_NO_ASCON,RN,NO_ASCON,fog,plain,4,RN_FOG_NO_ASCON#4,9,0.933333,0.114642,50.0,2.0,2.0,0.9333333373069763,0.1146418377757072,60.0,1.0,0.9333333373069764,0.1146418377757072,60.0,0.14015,116.38333333333334,1,0.0,3638.0,1,0.416,3519.0,70,0.5460999999999998
RN_FOG_NO_ASCON,RN,NO_ASCON,fog,plain,4,RN_FOG_NO_ASCON#4,10,0.85,0.239372,50.0,2.0,2.0,0.8499999940395355,0.23937243828549978,60.0,1.0,0.8499999940395355,0.2393724382854998,60.0,0.14404999999999998,115.2,1,0.0,3643.0,1,0.655,3526.0,70,0.7105499999999997
RN_FOG_NO_ASCON,RN,NO_ASCON,fog,plain,4,RN_FOG_NO_ASCON#4,11,0.9,0.193802,50.0,2.0,2.0,0.9000000059604645,0.193801692686975,60.0,1.0,0.9000000059604645,0.193801692686975,60.0,0.145,115.25,1,0.0,3658.0,1,0.84,3541.0,70,0.53665
RN_FOG_NO_ASCON,RN,NO_ASCON,fog,plain,4,RN_FOG_NO_ASCON#4,12,0.933333,0.161632,50.0,2.0,2.0,0.9333333373069763,0.16163162980228662,60.0,1.0,0.9333333373069764,0.1616316298022866,60.0,0.18539999999999998,116.43333333333334,1,0.0,3644.0,1,0.406,3525.0,70,0.37129999999999996
RN_FOG_NO_ASCON,RN,NO_ASCON,fog,plain,4,RN_FOG_NO_ASCON#4,13,0.95,0.097757,50.0,2.0,2.0,0.949999988079071,0.09775707498192786,60.0,1.0,0.949999988079071,0.0977570749819278,60.0,0.14604999999999999,116.91666666666667,1,0.0,3653.0,1,0.824,3535.0,70,0.41594999999999993
RN_FOG_NO_ASCON,RN,NO_ASCON,fog,plain,4,RN_FOG_NO_ASCON#4,14,0.933333,0.126503,50.0,2.0,2.0,0.9333333373069763,0.12650306778959924,60.0,1.0,0.9333333373069764,0.1265030677895993,60.0,0.14304999999999998,115.38333333333334,1,0.0,3645.0,1,1.059,3527.0,70,0.4291999999999998
RN_FOG_NO_ASCON,RN,NO_ASCON,fog,plain,4,RN_FOG_NO_ASCON#4,15,0.916667,0.104961,50.0,2.0,2.0,0.9166666567325592,0.1049609461333602,60.0,1.0,0.9166666567325592,0.1049609461333602,60.0,0.1908999999999999,116.3,1,0.0,3659.0,1,0.503,3540.0,70,0.4656499999999998
RN_FOG_NO_ASCON,RN,NO_ASCON,fog,plain,4,RN_FOG_NO_ASCON#4,16,0.95,0.080439,50.0,2.0,2.0,0.949999988079071,0.0804393563885241,60.0,1.0,0.949999988079071,0.0804393563885241,60.0,0.14604999999999999,115.45,1,0.0,3654.0,1,0.424,3536.0,70,0.37255
RN_FOG_NO_ASCON,RN,NO_ASCON,fog,plain,4,RN_FOG_NO_ASCON#4,17,0.95,0.12345,50.0,2.0,2.0,0.949999988079071,0.12345021124929186,60.0,1.0,0.949999988079071,0.1234502112492919,60.0,0.143,115.6,1,0.0,3661.0,1,0.477,3544.0,70,0.44154999999999994
RN_FOG_NO_ASCON,RN,NO_ASCON,fog,plain,4,RN_FOG_NO_ASCON#4,18,0.966667,0.175077,50.0,2.0,2.0,0.9666666686534882,0.1750766248442232,60.0,1.0,0.9666666686534882,0.1750766248442232,60.0,0.1448499999999999,115.75,1,0.0,3661.0,1,0.381,3542.0,70,0.38649999999999995
RN_FOG_NO_ASCON,RN,NO_ASCON,fog,plain,4,RN_FOG_NO_ASCON#4,19,1.0,0.029144,50.0,2.0,2.0,1.0,0.0291439851280301,60.0,1.0,1.0,0.0291439851280301,60.0,0.14404999999999998,116.1,1,0.0,3642.0,1,0.246,3538.0,70,0.4233499999999999
RN_FOG_NO_ASCON,RN,NO_ASCON,fog,plain,4,RN_FOG_NO_ASCON#4,20,0.933333,0.146945,50.0,2.0,2.0,0.9333333373069763,0.14694493962451816,60.0,1.0,0.9333333373069764,0.1469449396245181,60.0,0.14005,116.16666666666667,1,0.0,3641.0,1,0.675,3522.0,70,0.42869999999999997
RN_NO_ASCON,RN,NO_ASCON,standard,plain,16,RN_NO_ASCON#16,1,0.766667,0.784061,,2.0,2.0,0.7666666805744171,0.7840605974197388,60.0,,,,65.0,0.16779999999999998,116.64615384615385,2,0.0,3643.0,1,0.238,3537.0,72,0.24925000000000008
RN_NO_ASCON,RN,NO_ASCON,standard,plain,16,RN_NO_ASCON#16,2,0.983333,0.095978,45.0,2.0,2.0,0.9833333194255829,0.0959776528179645,60.0,,,,57.0,0.1522,117.03508771929825,2,0.0,3644.5,1,0.2,3532.0,66,0.40925
RN_NO_ASCON,RN,NO_ASCON,standard,plain,16,RN_NO_ASCON#16,3,1.0,0.048242,50.0,2.0,2.0,1.0,0.0482419151812791,60.0,,,,60.0,0.15239999999999998,117.0,2,0.0,3632.5,1,0.171,3543.0,69,0.37879999999999947
RN_NO_ASCON,RN,NO_ASCON,standard,plain,16,RN_NO_ASCON#16,4,1.0,0.031063,50.0,2.0,2.0,1.0,0.031062634661793653,60.0,,,,60.0,0.20369999999999996,116.68333333333334,2,0.0,3622.5,1,0.149,3535.0,69,0.4073999999999999
RN_NO_ASCON,RN,NO_ASCON,standard,plain,16,RN_NO_ASCON#16,5,1.0,0.020206,49.0,2.0,2.0,1.0,0.0202063336037099,60.0,,,,60.0,0.14909999999999998,116.85,2,0.0,3629.5,1,0.222,3529.0,69,0.3451999999999999
RN_NO_ASCON,RN,NO_ASCON,standard,plain,16,RN_NO_ASCON#16,6,0.833333,0.620936,298.0,2.0,2.0,0.8333333432674408,0.6209358405321836,60.0,,,,62.0,0.15195,113.91935483870968,2,0.0,3639.5,1,0.201,3547.0,71,0.306
RN_NO_ASCON,RN,NO_ASCON,standard,plain,16,RN_NO_ASCON#16,7,0.9,0.262829,50.0,2.0,2.0,0.8999999761581421,0.2628292925655841,60.0,,,,60.0,0.15,114.43333333333334,2,0.0,3639.0,1,0.174,3533.0,69,0.2997999999999993
RN_NO_ASCON,RN,NO_ASCON,standard,plain,16,RN_NO_ASCON#16,8,0.75,0.733788,50.0,2.0,2.0,0.75,0.733788332901895,60.0,,,,60.0,0.1571,113.15,2,0.0,3638.5,1,0.217,3532.0,69,0.3065999999999995
RN_NO_ASCON,RN,NO_ASCON,standard,plain,16,RN_NO_ASCON#16,9,0.85,0.379978,50.0,2.0,2.0,0.8499999940395355,0.37997792661190033,60.0,,,,60.0,0.15419999999999998,115.78333333333333,2,0.0,3638.0,1,0.185,3556.0,69,0.31939999999999913
RN_NO_ASCON,RN,NO_ASCON,standard,plain,16,RN_NO_ASCON#16,10,0.866667,0.204281,50.0,2.0,2.0,0.8666666746139526,0.20428085327148435,60.0,,,,60.0,0.15505,113.8,2,0.0,3631.0,1,0.245,3546.0,69,0.34279999999999927
RN_NO_ASCON,RN,NO_ASCON,standard,plain,16,RN_NO_ASCON#16,11,0.966667,0.097234,50.0,2.0,2.0,0.9666666686534882,0.09723407682031385,60.0,,,,60.0,0.18305,116.25,2,0.0,3644.0,1,0.194,3545.0,69,0.37199999999999983
RN_NO_ASCON,RN,NO_ASCON,standard,plain,16,RN_NO_ASCON#16,12,0.883333,0.192207,50.0,2.0,2.0,0.8833333253860474,0.19220661185681814,60.0,,,,60.0,0.16044999999999998,114.95,2,0.0,3641.0,1,0.179,3537.0,69,0.4213999999999999
RN_NO_ASCON,RN,NO_ASCON,standard,plain,16,RN_NO_ASCON#16,13,0.85,0.275077,50.0,2.0,2.0,0.8499999940395355,0.27507707988843316,60.0,,,,60.0,0.1813,112.66666666666667,2,0.0,3635.0,1,0.193,3542.0,69,0.3189999999999994
RN_NO_ASCON,RN,NO_ASCON,standard,plain,16,RN_NO_ASCON#16,14,0.883333,0.28154,50.0,2.0,2.0,0.8833333253860474,0.28154038870707154,60.0,,,,60.0,0.16094999999999995,115.56666666666666,2,0.0,3641.5,1,0.174,3525.0,69,0.37619999999999987
RN_NO_ASCON,RN,NO_ASCON,standard,plain,16,RN_NO_ASCON#16,15,0.833333,0.285894,50.0,2.0,2.0,0.8333333432674408,0.2858942286111414,60.0,,,,60.0,0.15414999999999998,112.98333333333333,2,0.0,3642.5,1,0.182,3551.0,69,0.3901999999999997
RN_NO_ASCON,RN,NO_ASCON,standard,plain,16,RN_NO_ASCON#16,16,0.95,0.110643,50.0,2.0,2.0,0.949999988079071,0.11064302665181455,60.0,,,,60.0,0.17479999999999996,113.6,2,0.0,3628.0,1,0.219,3531.0,69,0.3377999999999995
RN_NO_ASCON,RN,NO_ASCON,standard,plain,16,RN_NO_ASCON#16,17,0.933333,0.167332,50.0,2.0,2.0,0.9333333373069763,0.1673324790317565,60.0,,,,60.0,0.17014999999999994,110.53333333333333,2,0.0,3642.0,1,0.161,3538.0,69,0.3649999999999999
RN_NO_ASCON,RN,NO_ASCON,standard,plain,16,RN_NO_ASCON#16,18,0.983333,0.141058,50.0,2.0,2.0,0.9833333194255829,0.14105788664892316,60.0,,,,60.0,0.19079999999999997,113.43333333333334,2,0.0,3633.0,1,0.292,3527.0,69,0.34179999999999955
RN_NO_ASCON,RN,NO_ASCON,standard,plain,16,RN_NO_ASCON#16,19,1.0,0.03993,50.0,2.0,2.0,1.0,0.03993045073002575,60.0,,,,60.0,0.155,113.66666666666667,2,0.0,3635.5,1,0.241,3537.0,69,0.3681999999999999
RN_NO_ASCON,RN,NO_ASCON,standard,plain,16,RN_NO_ASCON#16,20,0.933333,0.155369,50.0,2.0,2.0,0.9333333075046539,0.15536927431821818,60.0,,,,57.0,0.18899999999999995,113.89473684210526,2,0.0,3647.5,1,0.192,3536.0,64,0.3457499999999992
RN_NO_ASCON,RN,NO_ASCON,standard,plain,17,RN_NO_ASCON#17,1,0.766667,0.75793,,2.0,2.0,0.7666666507720947,0.7579297721385956,60.0,,,,66.0,0.20174999999999998,116.9090909090909,2,0.0,3638.0,1,0.184,3538.0,73,0.24459999999999996
RN_NO_ASCON,RN,NO_ASCON,standard,plain,17,RN_NO_ASCON#17,2,0.916667,0.216451,43.0,2.0,2.0,0.9166666567325592,0.21645096689462656,60.0,,,,55.0,0.18949999999999997,117.0909090909091,2,0.0,3636.0,1,0.156,3536.0,64,0.37309999999999965
RN_NO_ASCON,RN,NO_ASCON,standard,plain,17,RN_NO_ASCON#17,3,1.0,0.034624,50.0,2.0,2.0,1.0,0.0346243809908628,60.0,,,,60.0,0.20574999999999993,116.66666666666667,2,0.0,3627.5,1,0.224,3541.0,69,0.3295999999999991
RN_NO_ASCON,RN,NO_ASCON,standard,plain,17,RN_NO_ASCON#17,4,0.983333,0.049312,50.0,2.0,2.0,0.9833333194255829,0.04931196849793195,60.0,,,,60.0,0.15319999999999998,116.11666666666666,2,0.0,3632.5,1,0.284,3536.0,69,0.3403999999999995
RN_NO_ASCON,RN,NO_ASCON,standard,plain,17,RN_NO_ASCON#17,5,1.0,0.017993,52.0,2.0,2.0,1.0,0.017993025016039547,60.0,,,,60.0,0.1558499999999999,117.26666666666667,2,0.0,3618.0,1,0.194,3528.0,69,0.36239999999999983
RN_NO_ASCON,RN,NO_ASCON,standard,plain,17,RN_NO_ASCON#17,6,0.916667,0.267355,58.0,2.0,2.0,0.9166666567325592,0.2673545554280281,60.0,,,,62.0,0.15474999999999997,115.66129032258064,2,0.0,3641.0,1,0.219,3532.0,71,0.389
RN_NO_ASCON,RN,NO_ASCON,standard,plain,17,RN_NO_ASCON#17,7,0.85,0.30032,50.0,2.0,2.0,0.8499999940395355,0.30031996965408325,60.0,,,,60.0,0.19049999999999986,115.43333333333334,2,0.0,3644.5,1,0.231,3526.0,69,0.43159999999999943
RN_NO_ASCON,RN,NO_ASCON,standard,plain,17,RN_NO_ASCON#17,8,0.916667,0.218731,50.0,2.0,2.0,0.9166666567325592,0.21873141452670095,60.0,,,,60.0,0.20115,114.96666666666667,2,0.0,3637.5,1,0.271,3536.0,69,0.42239999999999966
RN_NO_ASCON,RN,NO_ASCON,standard,plain,17,RN_NO_ASCON#17,9,0.866667,0.332709,50.0,2.0,2.0,0.8666666746139526,0.3327094614505768,60.0,,,,60.0,0.15699999999999983,114.61666666666666,2,0.0,3639.5,1,0.2,3530.0,69,0.4149999999999997
RN_NO_ASCON,RN,NO_ASCON,standard,plain,17,RN_NO_ASCON#17,10,0.883333,0.391117,50.0,2.0,2.0,0.8833333253860474,0.3911166489124298,60.0,,,,60.0,0.21419999999999997,113.91666666666667,2,0.0,3636.5,1,0.207,3531.0,69,0.42439999999999983
RN_NO_ASCON,RN,NO_ASCON,standard,plain,17,RN_NO_ASCON#17,11,0.833333,0.334581,50.0,2.0,2.0,0.8333333134651184,0.334580659866333,60.0,,,,60.0,0.15205,114.28333333333333,2,0.0,3633.0,1,0.147,3532.0,69,0.39779999999999976
RN_NO_ASCON,RN,NO_ASCON,standard,plain,17,RN_NO_ASCON#17,12,0.916667,0.177451,50.0,2.0,2.0,0.9166666567325592,0.17745091393589968,60.0,,,,60.0,0.18554999999999996,113.86666666666666,2,0.0,3639.0,1,0.242,3517.0,69,0.4307999999999995
RN_NO_ASCON,RN,NO_ASCON,standard,plain,17,RN_NO_ASCON#17,13,0.933333,0.14689,50.0,2.0,2.0,0.9333333373069763,0.14688982069492335,60.0,,,,60.0,0.19469999999999996,115.81666666666666,2,0.0,3628.0,1,0.13,3517.0,69,0.39839999999999964
RN_NO_ASCON,RN,NO_ASCON,standard,plain,17,RN_NO_ASCON#17,14,0.833333,0.374572,50.0,2.0,2.0,0.8333333432674408,0.37457190454006195,60.0,,,,60.0,0.151,114.68333333333334,2,0.0,3637.0,1,0.178,3528.0,69,0.4149999999999999
RN_NO_ASCON,RN,NO_ASCON,standard,plain,17,RN_NO_ASCON#17,15,0.9,0.259023,50.0,2.0,2.0,0.9000000059604645,0.2590225860476494,60.0,,,,60.0,0.1638999999999999,116.21666666666667,2,0.0,3632.5,1,0.202,3533.0,69,0.4004
RN_NO_ASCON,RN,NO_ASCON,standard,plain,17,RN_NO_ASCON#17,16,0.883333,0.280932,50.0,2.0,2.0,0.8833333253860474,0.28093246743082995,60.0,,,,60.0,0.2008999999999999,114.9,2,0.0,3637.5,1,0.228,3539.0,69,0.40979999999999994
RN_NO_ASCON,RN,NO_ASCON,standard,plain,17,RN_NO_ASCON#17,17,0.883333,0.300799,50.0,2.0,2.0,0.8833333253860474,0.30079884082078934,60.0,,,,60.0,0.15,114.5,2,0.0,3633.0,1,0.194,3530.0,69,0.3953999999999996
RN_NO_ASCON,RN,NO_ASCON,standard,plain,17,RN_NO_ASCON#17,18,0.85,0.346945,50.0,2.0,2.0,0.8499999940395355,0.34694455564022064,60.0,,,,60.0,0.151,113.51666666666667,2,0.0,3642.5,1,0.18,3526.0,69,0.4475999999999999
RN_NO_ASCON,RN,NO_ASCON,standard,plain,17,RN_NO_ASCON#17,19,0.866667,0.267339,50.0,2.0,2.0,0.8666666746139526,0.2673389464616775,60.0,,,,60.0,0.15414999999999987,115.11666666666666,2,0.0,3644.5,1,0.192,3525.0,69,0.4196
RN_NO_ASCON,RN,NO_ASCON,standard,plain,17,RN_NO_ASCON#17,20,0.916667,0.172423,50.0,2.0,2.0,0.9166666567325592,0.17242319881916046,60.0,,,,60.0,0.15505,115.78333333333333,2,0.0,3633.5,1,0.217,3522.0,69,0.4185999999999995
RN_NO_ASCON,RN,NO_ASCON,standard,plain,17,RN_NO_ASCON#17,21,0.983333,0.091127,50.0,2.0,2.0,0.9833333194255829,0.09112693369388575,60.0,,,,60.0,0.18594999999999995,116.05,2,0.0,3631.5,1,0.189,3527.0,69,0.43339999999999956
RN_NO_ASCON,RN,NO_ASCON,standard,plain,17,RN_NO_ASCON#17,22,0.966667,0.088333,50.0,2.0,2.0,0.9666666686534882,0.0883326828479766,60.0,,,,60.0,0.18669999999999995,116.38333333333334,2,0.0,3626.5,1,0.202,3530.0,69,0.39419999999999966
RN_NO_ASCON,RN,NO_ASCON,standard,plain,17,RN_NO_ASCON#17,23,0.9,0.282086,50.0,2.0,2.0,0.8999999761581421,0.28208584710955614,60.0,,,,60.0,0.17549999999999996,114.75,2,0.0,3633.5,1,0.187,3524.0,69,0.4247999999999998
RN_NO_ASCON,RN,NO_ASCON,standard,plain,17,RN_NO_ASCON#17,24,0.966667,0.146367,49.0,2.0,2.0,0.9666666686534882,0.14636674523353577,60.0,,,,60.0,0.1571,115.81666666666666,2,0.0,3622.0,1,0.202,3537.0,69,0.39759999999999973
RN_NO_ASCON,RN,NO_ASCON,standard,plain,17,RN_NO_ASCON#17,25,0.9,0.2324,51.0,2.0,2.0,0.8999999761581421,0.23239987343549726,60.0,,,,60.0,0.154,113.86666666666666,2,0.0,3643.0,1,0.127,3530.0,69,0.4389999999999997
RN_NO_ASCON,RN,NO_ASCON,standard,plain,17,RN_NO_ASCON#17,26,0.933333,0.106287,50.0,2.0,2.0,0.9333333373069763,0.10628670081496236,60.0,,,,60.0,0.15209999999999999,115.48333333333333,2,0.0,3636.5,1,0.203,3516.0,69,0.4391999999999998
RN_NO_ASCON,RN,NO_ASCON,standard,plain,17,RN_NO_ASCON#17,27,0.95,0.137908,50.0,2.0,2.0,0.949999988079071,0.1379075683653354,60.0,,,,60.0,0.15205,114.83333333333333,2,0.0,3623.0,1,0.2,3532.0,69,0.40699999999999975
RN_NO_ASCON,RN,NO_ASCON,standard,plain,17,RN_NO_ASCON#17,28,0.933333,0.143343,50.0,2.0,2.0,0.9333333373069763,0.14334258437156674,60.0,,,,60.0,0.18384999999999996,114.48333333333333,2,0.0,3630.0,1,0.192,3524.0,69,0.42019999999999996
RN_NO_ASCON,RN,NO_ASCON,standard,plain,17,RN_NO_ASCON#17,29,0.933333,0.221245,50.0,2.0,2.0,0.9333333075046539,0.2212452739477157,60.0,,,,60.0,0.1551,115.18333333333334,2,0.0,3631.5,1,0.19,3528.0,69,0.3937999999999996
RN_NO_ASCON,RN,NO_ASCON,standard,plain,17,RN_NO_ASCON#17,30,0.866667,0.261434,50.0,2.0,2.0,0.8666666746139526,0.261433981359005,60.0,,,,60.0,0.15,113.4,2,0.0,3641.5,1,0.126,3527.0,69,0.4457999999999993
RN_NO_ASCON,RN,NO_ASCON,standard,plain,18,RN_NO_ASCON#18,1,0.833333,0.662626,,2.0,2.0,0.8333333134651184,0.6626264750957489,60.0,,,,65.0,0.1808,116.72307692307692,2,0.0,3637.0,1,0.179,3521.0,72,0.21830000000000005
RN_NO_ASCON,RN,NO_ASCON,standard,plain,18,RN_NO_ASCON#18,2,0.983333,0.088242,44.0,2.0,2.0,0.9833333194255829,0.08824212849140164,60.0,,,,56.0,0.17825,116.96428571428571,2,0.0,3632.5,1,0.186,3530.0,65,0.3461999999999996
RN_NO_ASCON,RN,NO_ASCON,standard,plain,18,RN_NO_ASCON#18,3,1.0,0.048471,50.0,2.0,2.0,1.0,0.04847140610218045,60.0,,,,60.0,0.157,116.5,2,0.0,3619.0,1,0.223,3537.0,69,0.3351999999999996
RN_NO_ASCON,RN,NO_ASCON,standard,plain,18,RN_NO_ASCON#18,4,1.0,0.01996,52.0,2.0,2.0,1.0,0.019959663972258547,60.0,,,,60.0,0.20005,116.05,2,0.0,3615.0,1,0.26,3528.0,69,0.3315999999999997
RN_NO_ASCON,RN,NO_ASCON,standard,plain,18,RN_NO_ASCON#18,5,1.0,0.0196,54.0,2.0,2.0,1.0,0.0195995275862514,60.0,,,,63.0,0.162,117.39682539682539,2,0.0,3617.5,1,0.223,3543.0,72,0.3806000000000001
RN_NO_ASCON,RN,NO_ASCON,standard,plain,18,RN_NO_ASCON#18,6,0.933333,0.233403,52.0,2.0,2.0,0.9333333373069763,0.23340276232920584,60.0,,,,61.0,0.167,115.68852459016394,2,0.0,3647.0,1,0.347,3528.0,70,0.4528499999999998
RN_NO_ASCON,RN,NO_ASCON,standard,plain,18,RN_NO_ASCON#18,7,0.916667,0.348831,50.0,2.0,2.0,0.9166666567325592,0.34883116185665125,60.0,,,,59.0,0.1533,116.08474576271186,2,0.0,3639.5,1,0.218,3534.0,68,0.43904999999999983
RN_NO_ASCON,RN,NO_ASCON,standard,plain,18,RN_NO_ASCON#18,8,0.9,0.308938,50.0,2.0,2.0,0.9000000059604645,0.30893832119181747,60.0,,,,60.0,0.15305,116.4,2,0.0,3643.5,1,0.222,3529.0,69,0.41519999999999996
RN_NO_ASCON,RN,NO_ASCON,standard,plain,18,RN_NO_ASCON#18,9,0.966667,0.099089,50.0,2.0,2.0,0.9666666686534882,0.09908864274621006,60.0,,,,60.0,0.15705,115.9,2,0.0,3639.5,1,0.125,3539.0,69,0.40979999999999994
RN_NO_ASCON,RN,NO_ASCON,standard,plain,18,RN_NO_ASCON#18,10,0.95,0.175661,50.0,2.0,2.0,0.949999988079071,0.17566108237951988,60.0,,,,60.0,0.17059999999999992,116.33333333333333,2,0.0,3628.5,1,0.222,3530.0,69,0.4093999999999999
RN_NO_ASCON,RN,NO_ASCON,standard,plain,18,RN_NO_ASCON#18,11,0.983333,0.049506,50.0,2.0,2.0,0.9833333194255829,0.0495059289969503,60.0,,,,61.0,0.154,116.21311475409836,2,0.0,3644.0,1,0.139,3540.0,70,0.44419999999999993
RN_NO_ASCON,RN,NO_ASCON,standard,plain,18,RN_NO_ASCON#18,12,1.0,0.035382,50.0,2.0,2.0,1.0,0.0353816295973956,60.0,,,,59.0,0.1939999999999999,116.64406779661017,2,0.0,3631.0,1,0.215,3541.0,68,0.4040999999999999
RN_NO_ASCON,RN,NO_ASCON,standard,plain,18,RN_NO_ASCON#18,13,1.0,0.032181,50.0,2.0,2.0,1.0,0.03218128683511165,60.0,,,,60.0,0.1578999999999999,115.56666666666666,2,0.0,3623.5,1,0.197,3553.0,69,0.4237999999999999
RN_NO_ASCON,RN,NO_ASCON,standard,plain,18,RN_NO_ASCON#18,14,0.933333,0.303297,50.0,2.0,2.0,0.9333333373069763,0.3032973355147987,60.0,,,,60.0,0.18314999999999998,116.23333333333333,2,0.0,3636.5,1,0.132,3540.0,69,0.47439999999999954
RN_NO_ASCON,RN,NO_ASCON,standard,plain,18,RN_NO_ASCON#18,15,0.95,0.154626,51.0,2.0,2.0,0.949999988079071,0.15462604537606237,60.0,,,,61.0,0.153,116.8360655737705,2,0.0,3637.0,1,0.199,3539.0,70,0.4195499999999999
RN_NO_ASCON,RN,NO_ASCON,standard,plain,18,RN_NO_ASCON#18,16,0.95,0.118637,49.0,2.0,2.0,0.949999988079071,0.1186372163938358,60.0,,,,59.0,0.15019999999999997,116.83050847457628,2,0.0,3631.0,1,0.209,3525.0,68,0.40525
RN_NO_ASCON,RN,NO_ASCON,standard,plain,18,RN_NO_ASCON#18,17,0.95,0.165827,50.0,2.0,2.0,0.949999988079071,0.16582688014023,60.0,,,,60.0,0.16035,115.95,2,0.0,3636.0,1,0.229,3532.0,69,0.4577999999999991
RN_NO_ASCON,RN,NO_ASCON,standard,plain,18,RN_NO_ASCON#18,18,0.983333,0.081051,50.0,2.0,2.0,0.9833333194255829,0.08105117653030895,60.0,,,,60.0,0.1835499999999999,115.88333333333334,2,0.0,3628.5,1,0.252,3539.0,69,0.39839999999999964
RN_NO_ASCON,RN,NO_ASCON,standard,plain,18,RN_NO_ASCON#18,19,0.966667,0.096473,50.0,2.0,2.0,0.9666666686534882,0.09647342679090795,60.0,,,,61.0,0.222,116.63934426229508,2,0.0,3624.5,1,0.13,3526.0,70,0.43409999999999993
RN_NO_ASCON,RN,NO_ASCON,standard,plain,18,RN_NO_ASCON#18,20,0.933333,0.089868,50.0,2.0,2.0,0.9333333373069763,0.089868375333026,60.0,,,,59.0,0.1591,115.86440677966101,2,0.0,3628.5,1,0.225,3531.0,68,0.41979999999999995
RN_NO_ASCON,RN,NO_ASCON,standard,plain,19,RN_NO_ASCON#19,1,0.75,0.943313,,2.0,2.0,0.75,0.9433126151561737,60.0,,,,64.0,0.15469999999999998,116.328125,2,0.0,3636.0,1,0.22,3545.0,71,0.23049999999999998
RN_NO_ASCON,RN,NO_ASCON,standard,plain,19,RN_NO_ASCON#19,2,0.983333,0.088724,44.0,2.0,2.0,0.9833333194255829,0.0887239351868629,60.0,,,,56.0,0.15275,116.32142857142857,2,0.0,3632.0,1,0.225,3537.0,65,0.35519999999999974
RN_NO_ASCON,RN,NO_ASCON,standard,plain,19,RN_NO_ASCON#19,3,1.0,0.030921,50.0,2.0,2.0,1.0,0.0309211546555161,60.0,,,,60.0,0.15614999999999998,116.41666666666667,2,0.0,3627.5,1,0.218,3545.0,69,0.3413999999999995
RN_NO_ASCON,RN,NO_ASCON,standard,plain,19,RN_NO_ASCON#19,4,0.983333,0.029891,50.0,2.0,2.0,0.9833333194255829,0.029891340527683448,60.0,,,,60.0,0.19384999999999997,117.48333333333333,2,0.0,3633.5,1,0.179,3537.0,69,0.3157999999999992
RN_NO_ASCON,RN,NO_ASCON,standard,plain,19,RN_NO_ASCON#19,5,1.0,0.012719,57.0,2.0,2.0,1.0,0.012719383463263501,60.0,,,,64.0,0.19979999999999998,116.671875,2,0.0,3626.5,1,0.22,3538.0,73,0.37639999999999996
RN_NO_ASCON,RN,NO_ASCON,standard,plain,19,RN_NO_ASCON#19,6,0.933333,0.18337,50.0,2.0,2.0,0.9333333373069763,0.18336953921243543,60.0,,,,60.0,0.21769999999999995,116.53333333333333,2,0.0,3634.5,1,0.23,3546.0,69,0.4351999999999999
RN_NO_ASCON,RN,NO_ASCON,standard,plain,19,RN_NO_ASCON#19,7,0.9,0.212391,51.0,2.0,2.0,0.9000000059604645,0.212390654720366,60.0,,,,61.0,0.156,115.29508196721312,2,0.0,3630.0,1,0.137,3519.0,70,0.4108499999999998
RN_NO_ASCON,RN,NO_ASCON,standard,plain,19,RN_NO_ASCON#19,8,0.933333,0.154594,49.0,2.0,2.0,0.9333333373069763,0.15459384117275476,60.0,,,,59.0,0.1885999999999999,115.28813559322033,2,0.0,3629.0,1,0.212,3540.0,68,0.43474999999999997
RN_NO_ASCON,RN,NO_ASCON,standard,plain,19,RN_NO_ASCON#19,9,0.95,0.156005,50.0,2.0,2.0,0.949999988079071,0.15600514225661755,60.0,,,,60.0,0.1551,116.53333333333333,2,0.0,3623.5,1,0.182,3535.0,69,0.44099999999999984
RN_NO_ASCON,RN,NO_ASCON,standard,plain,19,RN_NO_ASCON#19,10,0.916667,0.222751,50.0,2.0,2.0,0.9166666567325592,0.22275145538151264,60.0,,,,60.0,0.15205,114.6,2,0.0,3640.5,1,0.142,3529.0,69,0.4547999999999999
RN_NO_ASCON,RN,NO_ASCON,standard,plain,19,RN_NO_ASCON#19,11,0.983333,0.085714,51.0,2.0,2.0,0.9833333194255829,0.0857142619788646,60.0,,,,61.0,0.156,115.21311475409836,2,0.0,3635.5,1,0.217,3537.0,70,0.3461499999999997
RN_NO_ASCON,RN,NO_ASCON,standard,plain,19,RN_NO_ASCON#19,12,0.933333,0.160071,50.0,2.0,2.0,0.9333333373069763,0.1600706684403121,60.0,,,,60.0,0.20769999999999994,115.66666666666667,2,0.0,3642.5,1,0.127,3524.0,69,0.35639999999999955
RN_NO_ASCON,RN,NO_ASCON,standard,plain,19,RN_NO_ASCON#19,13,0.983333,0.075121,49.0,2.0,2.0,0.9833333194255829,0.07512082438915965,60.0,,,,59.0,0.15919999999999998,115.23728813559322,2,0.0,3622.5,1,0.195,3541.0,68,0.41264999999999996
RN_NO_ASCON,RN,NO_ASCON,standard,plain,19,RN_NO_ASCON#19,14,0.916667,0.166431,50.0,2.0,2.0,0.9166666567325592,0.16643119510263205,60.0,,,,60.0,0.155,116.16666666666667,2,0.0,3637.5,1,0.182,3544.0,69,0.4549999999999999
RN_NO_ASCON,RN,NO_ASCON,standard,plain,19,RN_NO_ASCON#19,15,0.966667,0.08769,50.0,2.0,2.0,0.9666666686534882,0.08769045118242494,60.0,,,,60.0,0.20684999999999995,115.08333333333333,2,0.0,3634.0,1,0.156,3540.0,69,0.45939999999999975
RN_NO_ASCON,RN,NO_ASCON,standard,plain,19,RN_NO_ASCON#19,16,0.966667,0.090604,50.0,2.0,2.0,0.9666666686534882,0.09060442727059126,60.0,,,,61.0,0.155,116.11475409836065,2,0.0,3633.0,1,0.132,3528.0,70,0.41589999999999994
RN_NO_ASCON,RN,NO_ASCON,standard,plain,19,RN_NO_ASCON#19,17,0.883333,0.165605,50.0,2.0,2.0,0.8833333253860474,0.1656045247800648,60.0,,,,59.0,0.15519999999999998,115.79661016949153,2,0.0,3634.0,1,0.225,3521.0,68,0.41464999999999996
RN_NO_ASCON,RN,NO_ASCON,standard,plain,19,RN_NO_ASCON#19,18,0.983333,0.053225,50.0,2.0,2.0,0.9833333194255829,0.053224962670356,60.0,,,,60.0,0.18619999999999998,115.86666666666666,2,0.0,3629.5,1,0.195,3530.0,69,0.4421999999999999
RN_NO_ASCON,RN,NO_ASCON,standard,plain,19,RN_NO_ASCON#19,19,0.933333,0.117985,50.0,2.0,2.0,0.9333333373069763,0.1179846378508955,60.0,,,,61.0,0.153,114.78688524590164,2,0.0,3630.5,1,0.119,3531.0,70,0.39069999999999977
RN_NO_ASCON,RN,NO_ASCON,standard,plain,19,RN_NO_ASCON#19,20,0.933333,0.103459,50.0,2.0,2.0,0.9333333373069763,0.10345855704508715,60.0,,,,56.0,0.153,116.125,2,0.0,3634.0,1,0.118,3541.0,64,0.39569999999999905
RN_NO_ASCON,RN,NO_ASCON,standard,plain,20,RN_NO_ASCON#20,1,0.8,0.637757,,2.0,2.0,0.7999999821186066,0.6377571523189545,60.0,,,,63.0,0.18109999999999998,117.14285714285714,2,0.0,3641.5,1,0.198,3531.0,70,0.23749999999999996
RN_NO_ASCON,RN,NO_ASCON,standard,plain,20,RN_NO_ASCON#20,2,0.933333,0.26072,44.0,2.0,2.0,0.9333333373069764,0.26072023808956146,60.0,,,,57.0,0.1492,116.70175438596492,2,0.0,3642.5,1,0.358,3523.0,66,0.37825
RN_NO_ASCON,RN,NO_ASCON,standard,plain,20,RN_NO_ASCON#20,3,0.983333,0.101466,50.0,2.0,2.0,0.9833333194255829,0.1014659944921732,60.0,,,,60.0,0.14905,116.78333333333333,2,0.0,3638.0,1,0.183,3542.0,69,0.31599999999999934
RN_NO_ASCON,RN,NO_ASCON,standard,plain,20,RN_NO_ASCON#20,4,1.0,0.017869,50.0,2.0,2.0,1.0,0.0178694017231464,60.0,,,,60.0,0.1488999999999999,117.1,2,0.0,3627.5,1,0.186,3539.0,69,0.3243999999999993
RN_NO_ASCON,RN,NO_ASCON,standard,plain,20,RN_NO_ASCON#20,5,0.983333,0.03151,57.0,2.0,2.0,0.9833333194255829,0.0315099144354462,60.0,,,,64.0,0.148,117.953125,2,0.0,3627.0,1,0.208,3543.0,73,0.3189999999999995
RN_NO_ASCON,RN,NO_ASCON,standard,plain,20,RN_NO_ASCON#20,6,0.916667,0.297425,50.0,2.0,2.0,0.9166666567325592,0.29742537438869476,60.0,,,,61.0,0.152,115.9672131147541,2,0.0,3633.0,1,0.214,3542.0,70,0.3136499999999997
RN_NO_ASCON,RN,NO_ASCON,standard,plain,20,RN_NO_ASCON#20,7,0.966667,0.108739,50.0,2.0,2.0,0.9666666686534882,0.10873913764953609,60.0,,,,59.0,0.1761999999999999,116.13559322033899,2,0.0,3642.5,1,0.184,3526.0,68,0.36234999999999984
RN_NO_ASCON,RN,NO_ASCON,standard,plain,20,RN_NO_ASCON#20,8,0.95,0.129467,51.0,2.0,2.0,0.949999988079071,0.12946717999875546,60.0,,,,61.0,0.152,116.14754098360656,2,0.0,3652.0,1,0.215,3545.0,70,0.34389999999999976
RN_NO_ASCON,RN,NO_ASCON,standard,plain,20,RN_NO_ASCON#20,9,0.966667,0.170491,49.0,2.0,2.0,0.9666666686534882,0.17049126746132967,60.0,,,,59.0,0.14619999999999997,116.61016949152543,2,0.0,3642.5,1,0.207,3542.0,68,0.36004999999999987
RN_NO_ASCON,RN,NO_ASCON,standard,plain,20,RN_NO_ASCON#20,10,0.916667,0.298912,50.0,2.0,2.0,0.9166666567325592,0.2989124348387122,60.0,,,,60.0,0.17034999999999986,115.83333333333333,2,0.0,3643.5,1,0.173,3550.0,69,0.3881999999999999
RN_NO_ASCON,RN,NO_ASCON,standard,plain,20,RN_NO_ASCON#20,11,0.966667,0.096292,51.0,2.0,2.0,0.9666666686534882,0.0962916887365281,60.0,,,,61.0,0.149,116.68852459016394,2,0.0,3648.5,1,0.228,3540.0,70,0.35889999999999983
RN_NO_ASCON,RN,NO_ASCON,standard,plain,20,RN_NO_ASCON#20,12,0.966667,0.083612,49.0,2.0,2.0,0.9666666686534882,0.0836124566849321,60.0,,,,59.0,0.1573,115.77966101694915,2,0.0,3635.5,1,0.216,3539.0,68,0.32469999999999977
RN_NO_ASCON,RN,NO_ASCON,standard,plain,20,RN_NO_ASCON#20,13,0.95,0.145308,50.0,2.0,2.0,0.949999988079071,0.1453077117912471,60.0,,,,60.0,0.14719999999999997,115.88333333333334,2,0.0,3636.5,1,0.251,3545.0,69,0.3275999999999995
RN_NO_ASCON,RN,NO_ASCON,standard,plain,20,RN_NO_ASCON#20,14,0.933333,0.155222,50.0,2.0,2.0,0.9333333373069763,0.15522203198634085,60.0,,,,61.0,0.147,115.49180327868852,2,0.0,3640.5,1,0.21,3553.0,70,0.39029999999999987
RN_NO_ASCON,RN,NO_ASCON,standard,plain,20,RN_NO_ASCON#20,15,0.95,0.213786,50.0,2.0,2.0,0.949999988079071,0.21378648001700634,60.0,,,,60.0,0.14719999999999997,115.93333333333334,2,0.0,3637.5,1,0.201,3537.0,69,0.3519999999999991
RN_NO_ASCON,RN,NO_ASCON,standard,plain,20,RN_NO_ASCON#20,16,0.966667,0.114939,50.0,2.0,2.0,0.9666666686534882,0.1149387662298977,60.0,,,,59.0,0.14619999999999997,115.42372881355932,2,0.0,3641.0,1,0.208,3542.0,68,0.3987499999999999
RN_NO_ASCON,RN,NO_ASCON,standard,plain,20,RN_NO_ASCON#20,17,0.966667,0.121625,50.0,2.0,2.0,0.9666666686534882,0.12162477523088455,60.0,,,,60.0,0.15005,116.83333333333333,2,0.0,3640.0,1,0.223,3556.0,69,0.3927999999999989
RN_NO_ASCON,RN,NO_ASCON,standard,plain,20,RN_NO_ASCON#20,18,0.916667,0.134133,50.0,2.0,2.0,0.9166666567325592,0.1341327942209318,60.0,,,,60.0,0.14914999999999998,115.56666666666666,2,0.0,3628.5,1,0.127,3539.0,69,0.34499999999999936
RN_NO_ASCON,RN,NO_ASCON,standard,plain,20,RN_NO_ASCON#20,19,0.95,0.104689,50.0,2.0,2.0,0.949999988079071,0.1046890751458704,60.0,,,,60.0,0.1516999999999999,115.01666666666667,2,0.0,3631.5,1,0.146,3534.0,69,0.4085999999999999
RN_NO_ASCON,RN,NO_ASCON,standard,plain,20,RN_NO_ASCON#20,20,0.966667,0.058061,50.0,2.0,2.0,0.9666666686534882,0.05806108447723085,60.0,,,,60.0,0.1569499999999999,115.46666666666667,2,0.0,3639.5,1,0.195,3543.0,69,0.40259999999999985
RN_NO_ASCON,RN,NO_ASCON,standard,plain,21,RN_NO_ASCON#21,1,0.75,0.864637,,2.0,2.0,0.75,0.8646373450756073,60.0,,,,65.0,0.147,116.18461538461538,2,0.0,3630.0,1,0.196,3536.0,72,0.22345
RN_NO_ASCON,RN,NO_ASCON,standard,plain,21,RN_NO_ASCON#21,2,0.95,0.179307,44.0,2.0,2.0,0.949999988079071,0.1793066821992397,60.0,,,,56.0,0.15625,116.41071428571429,2,0.0,3628.0,1,0.156,3529.0,65,0.36899999999999983
RN_NO_ASCON,RN,NO_ASCON,standard,plain,21,RN_NO_ASCON#21,3,1.0,0.049309,50.0,2.0,2.0,1.0,0.0493092760443687,60.0,,,,60.0,0.18205,116.48333333333333,2,0.0,3630.5,1,0.221,3528.0,69,0.4047999999999996
RN_NO_ASCON,RN,NO_ASCON,standard,plain,21,RN_NO_ASCON#21,4,0.983333,0.04618,51.0,2.0,2.0,0.9833333194255829,0.04617967084050175,60.0,,,,61.0,0.154,116.22950819672131,2,0.0,3625.0,1,0.216,3528.0,70,0.3566999999999996
RN_NO_ASCON,RN,NO_ASCON,standard,plain,21,RN_NO_ASCON#21,5,0.983333,0.037669,56.0,2.0,2.0,0.9833333194255829,0.0376685331575572,60.0,,,,65.0,0.17359999999999992,117.1076923076923,2,0.0,3636.0,1,0.145,3530.0,74,0.27559999999999923
RN_NO_ASCON,RN,NO_ASCON,standard,plain,21,RN_NO_ASCON#21,6,0.933333,0.156889,50.0,2.0,2.0,0.9333333373069763,0.15688949497416615,60.0,,,,60.0,0.15924999999999986,115.01666666666667,2,0.0,3631.5,1,0.153,3527.0,69,0.39819999999999967
RN_NO_ASCON,RN,NO_ASCON,standard,plain,21,RN_NO_ASCON#21,7,0.966667,0.128763,50.0,2.0,2.0,0.9666666686534882,0.12876325007528064,60.0,,,,60.0,0.1591,116.96666666666667,2,0.0,3630.5,1,0.16,3538.0,69,0.42839999999999984
RN_NO_ASCON,RN,NO_ASCON,standard,plain,21,RN_NO_ASCON#21,8,0.916667,0.205543,50.0,2.0,2.0,0.9166666567325592,0.20554291224107146,60.0,,,,60.0,0.20015,115.98333333333333,2,0.0,3628.5,1,0.171,3536.0,69,0.4289999999999996
RN_NO_ASCON,RN,NO_ASCON,standard,plain,21,RN_NO_ASCON#21,9,0.9,0.210123,51.0,2.0,2.0,0.9000000059604645,0.21012268494814634,60.0,,,,60.0,0.1562999999999999,114.85,2,0.0,3641.0,1,0.141,3537.0,69,0.47999999999999976
RN_NO_ASCON,RN,NO_ASCON,standard,plain,21,RN_NO_ASCON#21,10,0.95,0.135291,49.0,2.0,2.0,0.949999988079071,0.13529124669730658,60.0,,,,60.0,0.15309999999999988,116.31666666666666,2,0.0,3624.0,1,0.124,3532.0,69,0.5077999999999998
RN_NO_ASCON,RN,NO_ASCON,standard,plain,21,RN_NO_ASCON#21,11,0.95,0.118962,50.0,2.0,2.0,0.949999988079071,0.11896233819425099,60.0,,,,60.0,0.15469999999999995,115.1,2,0.0,3626.5,1,0.162,3536.0,69,0.47879999999999956
RN_NO_ASCON,RN,NO_ASCON,standard,plain,21,RN_NO_ASCON#21,12,0.933333,0.171522,51.0,2.0,2.0,0.9333333373069763,0.17152249673381445,60.0,,,,60.0,0.15505,115.65,2,0.0,3634.0,1,0.141,3515.0,69,0.41159999999999974
RN_NO_ASCON,RN,NO_ASCON,standard,plain,21,RN_NO_ASCON#21,13,0.916667,0.174665,49.0,2.0,2.0,0.9166666567325592,0.1746646049432456,60.0,,,,60.0,0.152,116.33333333333333,2,0.0,3634.5,1,0.297,3528.0,69,0.4432
RN_NO_ASCON,RN,NO_ASCON,standard,plain,21,RN_NO_ASCON#21,14,0.916667,0.175611,51.0,2.0,2.0,0.9166666567325592,0.1756111243739724,60.0,,,,60.0,0.21089999999999995,116.11666666666666,2,0.0,3629.5,1,0.211,3536.0,69,0.4427999999999995
RN_NO_ASCON,RN,NO_ASCON,standard,plain,21,RN_NO_ASCON#21,15,0.95,0.103702,49.0,2.0,2.0,0.949999988079071,0.10370246041566131,60.0,,,,60.0,0.20934999999999998,116.06666666666666,2,0.0,3628.0,1,0.21,3541.0,69,0.40659999999999985
RN_NO_ASCON,RN,NO_ASCON,standard,plain,21,RN_NO_ASCON#21,16,0.966667,0.075962,51.0,2.0,2.0,0.9666666686534882,0.07596196723170576,60.0,,,,60.0,0.16504999999999995,116.16666666666667,2,0.0,3632.0,1,0.217,3535.0,69,0.4226
RN_NO_ASCON,RN,NO_ASCON,standard,plain,21,RN_NO_ASCON#21,17,0.983333,0.04031,50.0,2.0,2.0,0.9833333194255829,0.04031023848801845,60.0,,,,60.0,0.15405,117.26666666666667,2,0.0,3625.0,1,0.199,3538.0,69,0.4327999999999998
RN_NO_ASCON,RN,NO_ASCON,standard,plain,21,RN_NO_ASCON#21,18,0.95,0.131373,49.0,2.0,2.0,0.949999988079071,0.13137296296190465,60.0,,,,60.0,0.15919999999999992,116.21666666666667,2,0.0,3635.5,1,0.134,3528.0,69,0.43639999999999995
RN_NO_ASCON,RN,NO_ASCON,standard,plain,21,RN_NO_ASCON#21,19,0.966667,0.085369,50.0,2.0,2.0,0.9666666686534882,0.08536924724467095,60.0,,,,60.0,0.17209999999999995,115.93333333333334,2,0.0,3633.5,1,0.222,3531.0,69,0.4263999999999999
RN_NO_ASCON,RN,NO_ASCON,standard,plain,22,RN_NO_ASCON#22,1,0.75,1.005226,,2.0,2.0,0.75,1.0052257180213928,60.0,,,,64.0,0.19119999999999993,117.125,2,0.0,3643.0,1,0.191,3523.0,71,0.21200000000000002
RN_NO_ASCON,RN,NO_ASCON,standard,plain,22,RN_NO_ASCON#22,2,0.95,0.224033,43.0,2.0,2.0,0.949999988079071,0.22403286397457117,60.0,,,,57.0,0.1518,116.43859649122807,2,0.0,3644.5,1,0.186,3532.0,66,0.34675
RN_NO_ASCON,RN,NO_ASCON,standard,plain,22,RN_NO_ASCON#22,3,0.966667,0.066936,51.0,2.0,2.0,0.9666666388511658,0.06693566590547555,60.0,,,,60.0,0.18519999999999998,117.05,2,0.0,3642.0,1,0.25,3542.0,69,0.33539999999999953
RN_NO_ASCON,RN,NO_ASCON,standard,plain,22,RN_NO_ASCON#22,4,1.0,0.02965,50.0,2.0,2.0,1.0,0.02964962832629675,60.0,,,,60.0,0.15249999999999997,116.86666666666666,2,0.0,3625.5,1,0.151,3550.0,69,0.3289999999999993
RN_NO_ASCON,RN,NO_ASCON,standard,plain,22,RN_NO_ASCON#22,5,1.0,0.010939,57.0,2.0,2.0,1.0,0.01093881786800915,60.0,,,,63.0,0.18029999999999996,117.01587301587301,2,0.0,3631.5,1,0.21,3530.0,72,0.3919000000000001
RN_NO_ASCON,RN,NO_ASCON,standard,plain,22,RN_NO_ASCON#22,6,0.9,0.316661,50.0,2.0,2.0,0.9000000059604645,0.31666142796166236,60.0,,,,60.0,0.15479999999999988,114.75,2,0.0,3637.0,1,0.189,3535.0,69,0.45999999999999974
RN_NO_ASCON,RN,NO_ASCON,standard,plain,22,RN_NO_ASCON#22,7,0.9,0.18663,50.0,2.0,2.0,0.9000000059604645,0.18662973679602143,60.0,,,,60.0,0.15405,115.86666666666666,2,0.0,3641.0,1,0.211,3533.0,69,0.4385999999999999
RN_NO_ASCON,RN,NO_ASCON,standard,plain,22,RN_NO_ASCON#22,8,0.95,0.101156,50.0,2.0,2.0,0.949999988079071,0.10115572903305285,60.0,,,,60.0,0.15339999999999987,115.06666666666666,2,0.0,3644.5,1,0.186,3531.0,69,0.350199999999999
RN_NO_ASCON,RN,NO_ASCON,standard,plain,22,RN_NO_ASCON#22,9,0.916667,0.243437,50.0,2.0,2.0,0.9166666567325592,0.2434365875087678,60.0,,,,60.0,0.14809999999999998,114.95,2,0.0,3640.0,1,0.199,3541.0,69,0.41959999999999964
RN_NO_ASCON,RN,NO_ASCON,standard,plain,22,RN_NO_ASCON#22,10,0.9,0.235318,50.0,2.0,2.0,0.9000000059604645,0.2353178528137505,60.0,,,,60.0,0.1861,115.93333333333334,2,0.0,3632.0,1,0.182,3531.0,69,0.4241999999999999
RN_NO_ASCON,RN,NO_ASCON,standard,plain,22,RN_NO_ASCON#22,11,0.983333,0.081606,50.0,2.0,2.0,0.9833333194255829,0.081606182269752,60.0,,,,60.0,0.16329999999999992,115.45,2,0.0,3647.0,1,0.226,3544.0,69,0.4157999999999998
RN_NO_ASCON,RN,NO_ASCON,standard,plain,22,RN_NO_ASCON#22,12,0.966667,0.101737,50.0,2.0,2.0,0.9666666686534882,0.1017365232110023,60.0,,,,60.0,0.16119999999999998,116.61666666666666,2,0.0,3636.5,1,0.189,3543.0,69,0.4562
RN_NO_ASCON,RN,NO_ASCON,standard,plain,22,RN_NO_ASCON#22,13,0.95,0.099598,50.0,2.0,2.0,0.949999988079071,0.09959767013788215,60.0,,,,60.0,0.15769999999999995,115.5,2,0.0,3643.0,1,0.165,3537.0,69,0.44059999999999977
RN_NO_ASCON,RN,NO_ASCON,standard,plain,22,RN_NO_ASCON#22,14,0.983333,0.050393,50.0,2.0,2.0,0.9833333194255829,0.05039256368763741,60.0,,,,60.0,0.15319999999999998,116.15,2,0.0,3642.5,1,0.191,3536.0,69,0.4165999999999997
RN_NO_ASCON,RN,NO_ASCON,standard,plain,22,RN_NO_ASCON#22,15,0.966667,0.22706,50.0,2.0,2.0,0.9666666686534882,0.2270600593183189,60.0,,,,60.0,0.15309999999999999,116.31666666666666,2,0.0,3637.0,1,0.189,3527.0,69,0.43699999999999994
RN_NO_ASCON,RN,NO_ASCON,standard,plain,22,RN_NO_ASCON#22,16,0.983333,0.042377,50.0,2.0,2.0,0.9833333194255829,0.0423770826309919,60.0,,,,60.0,0.15309999999999999,115.83333333333333,2,0.0,3633.0,1,0.198,3543.0,69,0.42639999999999995
RN_NO_ASCON,RN,NO_ASCON,standard,plain,22,RN_NO_ASCON#22,17,0.983333,0.044888,50.0,2.0,2.0,0.9833333194255829,0.04488826123997565,60.0,,,,60.0,0.16159999999999997,115.15,2,0.0,3640.0,1,0.227,3536.0,69,0.4197999999999998
RN_NO_ASCON,RN,NO_ASCON,standard,plain,22,RN_NO_ASCON#22,18,0.983333,0.034245,50.0,2.0,2.0,0.9833333194255829,0.0342448248993605,60.0,,,,60.0,0.15519999999999987,116.03333333333333,2,0.0,3636.0,1,0.199,3548.0,69,0.4013999999999997
RN_NO_ASCON,RN,NO_ASCON,standard,plain,22,RN_NO_ASCON#22,19,0.95,0.096926,50.0,2.0,2.0,0.949999988079071,0.0969260641140863,60.0,,,,60.0,0.19705,115.91666666666667,2,0.0,3640.0,1,0.156,3537.0,69,0.40719999999999984
RN_NO_ASCON,RN,NO_ASCON,standard,plain,22,RN_NO_ASCON#22,20,0.966667,0.143433,50.0,2.0,2.0,0.9666666686534882,0.14343349286355075,60.0,,,,60.0,0.15005,115.78333333333333,2,0.0,3633.0,1,0.18,3542.0,69,0.39339999999999964
RN_NO_ASCON,RN,NO_ASCON,standard,plain,23,RN_NO_ASCON#23,1,0.716667,0.840336,,2.0,2.0,0.7166666686534882,0.8403355777263641,60.0,,,,65.0,0.17819999999999994,116.52307692307693,2,0.0,3645.0,1,0.219,3534.0,72,0.21735000000000002
RN_NO_ASCON,RN,NO_ASCON,standard,plain,23,RN_NO_ASCON#23,2,0.966667,0.203209,44.0,2.0,2.0,0.9666666686534882,0.20320934429764745,60.0,,,,56.0,0.14425,117.10714285714286,2,0.0,3627.0,1,0.217,3531.0,65,0.38339999999999963
RN_NO_ASCON,RN,NO_ASCON,standard,plain,23,RN_NO_ASCON#23,3,0.966667,0.075572,50.0,2.0,2.0,0.9666666686534882,0.07557159848511215,60.0,,,,60.0,0.21305,117.18333333333334,2,0.0,3638.5,1,0.218,3529.0,69,0.3287999999999995
RN_NO_ASCON,RN,NO_ASCON,standard,plain,23,RN_NO_ASCON#23,4,1.0,0.022283,50.0,2.0,2.0,1.0,0.022283478640019852,60.0,,,,60.0,0.149,117.0,2,0.0,3625.5,1,0.215,3527.0,69,0.32739999999999925
RN_NO_ASCON,RN,NO_ASCON,standard,plain,23,RN_NO_ASCON#23,5,1.0,0.021956,53.0,2.0,2.0,1.0,0.02195575973019,60.0,,,,60.0,0.148,117.16666666666667,2,0.0,3620.5,1,0.218,3527.0,69,0.36259999999999976
RN_NO_ASCON,RN,NO_ASCON,standard,plain,23,RN_NO_ASCON#23,6,0.85,0.487459,58.0,2.0,2.0,0.8499999940395355,0.4874587953090668,60.0,,,,61.0,0.152,115.90163934426229,2,0.0,3640.0,1,0.226,3547.0,70,0.3505999999999999
RN_NO_ASCON,RN,NO_ASCON,standard,plain,23,RN_NO_ASCON#23,7,0.883333,0.306897,49.0,2.0,2.0,0.8833333253860474,0.30689664185047144,60.0,,,,60.0,0.148,115.38333333333334,2,0.0,3641.5,1,0.527,3525.0,69,0.41579999999999984
RN_NO_ASCON,RN,NO_ASCON,standard,plain,23,RN_NO_ASCON#23,8,0.8,0.375538,51.0,2.0,2.0,0.800000011920929,0.3755384534597397,60.0,,,,60.0,0.15219999999999997,114.55,2,0.0,3644.0,1,0.228,3536.0,69,0.31519999999999937
RN_NO_ASCON,RN,NO_ASCON,standard,plain,23,RN_NO_ASCON#23,9,0.866667,0.411124,49.0,2.0,2.0,0.8666666746139526,0.4111241102218628,60.0,,,,60.0,0.1896999999999999,115.41666666666667,2,0.0,3642.0,1,0.182,3541.0,69,0.37659999999999977
RN_NO_ASCON,RN,NO_ASCON,standard,plain,23,RN_NO_ASCON#23,10,0.933333,0.153819,51.0,2.0,2.0,0.9333333373069763,0.15381902176886797,60.0,,,,60.0,0.1483,116.66666666666667,2,0.0,3637.5,1,0.161,3532.0,69,0.3595999999999998
RN_NO_ASCON,RN,NO_ASCON,standard,plain,23,RN_NO_ASCON#23,11,0.883333,0.347834,49.0,2.0,2.0,0.8833333253860474,0.34783367812633514,60.0,,,,60.0,0.15114999999999998,115.41666666666667,2,0.0,3645.0,1,0.2,3545.0,69,0.35819999999999974
RN_NO_ASCON,RN,NO_ASCON,standard,plain,23,RN_NO_ASCON#23,12,0.866667,0.346199,50.0,2.0,2.0,0.8666666448116302,0.34619948267936707,60.0,,,,60.0,0.15209999999999999,113.56666666666666,2,0.0,3655.5,1,0.186,3549.0,69,0.4275999999999995
RN_NO_ASCON,RN,NO_ASCON,standard,plain,23,RN_NO_ASCON#23,13,0.95,0.13947,50.0,2.0,2.0,0.949999988079071,0.13946977257728574,60.0,,,,60.0,0.151,115.03333333333333,2,0.0,3647.5,1,0.206,3546.0,69,0.31859999999999933
RN_NO_ASCON,RN,NO_ASCON,standard,plain,23,RN_NO_ASCON#23,14,0.883333,0.253499,51.0,2.0,2.0,0.8833333253860474,0.2534986585378647,60.0,,,,60.0,0.15114999999999998,114.65,2,0.0,3638.5,1,0.227,3526.0,69,0.31359999999999927
RN_NO_ASCON,RN,NO_ASCON,standard,plain,23,RN_NO_ASCON#23,15,0.933333,0.20144,49.0,2.0,2.0,0.9333333373069764,0.20143985748291016,60.0,,,,60.0,0.15114999999999998,113.18333333333334,2,0.0,3644.0,1,0.301,3538.0,69,0.3375999999999996
RN_NO_ASCON,RN,NO_ASCON,standard,plain,23,RN_NO_ASCON#23,16,0.966667,0.107573,50.0,2.0,2.0,0.9666666686534882,0.10757297277450562,60.0,,,,60.0,0.21104999999999993,116.33333333333333,2,0.0,3642.5,1,0.147,3538.0,69,0.33579999999999965
RN_NO_ASCON,RN,NO_ASCON,standard,plain,23,RN_NO_ASCON#23,17,0.933333,0.213996,50.0,2.0,2.0,0.9333333373069764,0.21399624645709991,60.0,,,,60.0,0.15739999999999993,114.23333333333333,2,0.0,3646.0,1,0.187,3529.0,69,0.31339999999999935
RN_NO_ASCON,RN,NO_ASCON,standard,plain,23,RN_NO_ASCON#23,18,0.95,0.138982,51.0,2.0,2.0,0.949999988079071,0.13898240402340883,60.0,,,,60.0,0.17219999999999994,115.58333333333333,2,0.0,3645.5,1,0.226,3533.0,69,0.3321999999999995
RN_NO_ASCON,RN,NO_ASCON,standard,plain,23,RN_NO_ASCON#23,19,0.916667,0.237698,50.0,2.0,2.0,0.9166666567325592,0.23769812285900116,60.0,,,,60.0,0.18079999999999996,113.06666666666666,2,0.0,3649.5,1,0.166,3542.0,69,0.32559999999999945
RN_NO_ASCON,RN,NO_ASCON,standard,plain,23,RN_NO_ASCON#23,20,0.883333,0.269965,50.0,2.0,2.0,0.8833333253860474,0.2699650973081589,60.0,,,,60.0,0.14604999999999999,114.51666666666667,2,0.0,3640.0,1,0.187,3540.0,69,0.3397999999999991
RN_NO_ASCON,RN,NO_ASCON,standard,plain,24,RN_NO_ASCON#24,1,0.716667,0.856503,,2.0,2.0,0.7166666686534882,0.856503427028656,60.0,,,,63.0,0.17979999999999996,116.6984126984127,2,0.0,3636.5,1,0.225,3534.0,70,0.23434999999999995
RN_NO_ASCON,RN,NO_ASCON,standard,plain,24,RN_NO_ASCON#24,2,0.966667,0.189836,44.0,2.0,2.0,0.9666666388511658,0.18983638286590576,60.0,,,,57.0,0.16319999999999976,117.29824561403508,2,0.0,3642.5,1,0.223,3547.0,66,0.37175
RN_NO_ASCON,RN,NO_ASCON,standard,plain,24,RN_NO_ASCON#24,3,1.0,0.02682,49.0,2.0,2.0,1.0,0.0268201362341642,60.0,,,,61.0,0.162,117.1311475409836,2,0.0,3625.0,1,0.184,3531.0,70,0.33019999999999966
RN_NO_ASCON,RN,NO_ASCON,standard,plain,24,RN_NO_ASCON#24,4,1.0,0.029572,51.0,2.0,2.0,1.0,0.0295716160908341,60.0,,,,60.0,0.19104999999999994,117.43333333333334,2,0.0,3627.0,1,0.221,3538.0,69,0.3475999999999998
RN_NO_ASCON,RN,NO_ASCON,standard,plain,24,RN_NO_ASCON#24,5,1.0,0.014622,57.0,2.0,2.0,1.0,0.014621905516833001,60.0,,,,61.0,0.149,116.57377049180327,2,0.0,3629.0,1,0.235,3525.0,70,0.3814499999999999
RN_NO_ASCON,RN,NO_ASCON,standard,plain,24,RN_NO_ASCON#24,6,0.816667,0.478735,52.0,2.0,2.0,0.8166666626930237,0.47873519361019135,60.0,,,,59.0,0.1583,115.98305084745763,2,0.0,3639.5,1,0.229,3550.0,68,0.3464999999999998
RN_NO_ASCON,RN,NO_ASCON,standard,plain,24,RN_NO_ASCON#24,7,0.783333,0.589437,50.0,2.0,2.0,0.7833333313465118,0.5894365906715393,60.0,,,,60.0,0.18414999999999998,112.85,2,0.0,3644.5,1,0.18,3540.0,69,0.29919999999999924
RN_NO_ASCON,RN,NO_ASCON,standard,plain,24,RN_NO_ASCON#24,8,0.833333,0.308173,51.0,2.0,2.0,0.8333333432674408,0.30817262828350067,60.0,,,,60.0,0.18684999999999996,114.9,2,0.0,3628.5,1,0.196,3534.0,69,0.30839999999999945
RN_NO_ASCON,RN,NO_ASCON,standard,plain,24,RN_NO_ASCON#24,9,0.783333,0.608375,49.0,2.0,2.0,0.7833333313465118,0.6083745062351227,60.0,,,,60.0,0.18749999999999992,114.1,2,0.0,3642.0,1,0.209,3539.0,69,0.34519999999999973
RN_NO_ASCON,RN,NO_ASCON,standard,plain,24,RN_NO_ASCON#24,10,0.866667,0.417698,50.0,2.0,2.0,0.8666666448116302,0.41769813746213913,60.0,,,,60.0,0.16109999999999994,115.4,2,0.0,3646.0,1,0.194,3530.0,69,0.3053999999999991
RN_NO_ASCON,RN,NO_ASCON,standard,plain,24,RN_NO_ASCON#24,11,0.9,0.334489,50.0,2.0,2.0,0.9000000059604645,0.33448946475982666,60.0,,,,60.0,0.21705,115.28333333333333,2,0.0,3653.5,1,0.183,3525.0,69,0.3335999999999995
RN_NO_ASCON,RN,NO_ASCON,standard,plain,24,RN_NO_ASCON#24,12,0.9,0.314113,50.0,2.0,2.0,0.8999999761581421,0.3141130656003952,60.0,,,,60.0,0.17744999999999997,115.36666666666666,2,0.0,3645.5,1,0.249,3544.0,69,0.3433999999999998
RN_NO_ASCON,RN,NO_ASCON,standard,plain,24,RN_NO_ASCON#24,13,0.916667,0.194686,50.0,2.0,2.0,0.9166666567325592,0.1946855336427688,60.0,,,,60.0,0.20154999999999998,115.48333333333333,2,0.0,3643.5,1,0.231,3533.0,69,0.31119999999999937
RN_NO_ASCON,RN,NO_ASCON,standard,plain,24,RN_NO_ASCON#24,14,0.916667,0.192636,50.0,2.0,2.0,0.9166666567325592,0.19263585656881327,60.0,,,,60.0,0.15605,116.75,2,0.0,3645.0,1,0.217,3542.0,69,0.31599999999999934
RN_NO_ASCON,RN,NO_ASCON,standard,plain,24,RN_NO_ASCON#24,15,0.916667,0.265742,50.0,2.0,2.0,0.9166666567325592,0.2657421305775642,60.0,,,,60.0,0.18819999999999992,114.96666666666667,2,0.0,3635.0,1,0.139,3535.0,69,0.3231999999999996
RN_NO_ASCON,RN,NO_ASCON,standard,plain,24,RN_NO_ASCON#24,16,0.933333,0.150242,50.0,2.0,2.0,0.9333333373069764,0.15024183690547935,60.0,,,,60.0,0.2021,113.95,2,0.0,3643.0,1,0.237,3529.0,69,0.31259999999999927
RN_NO_ASCON,RN,NO_ASCON,standard,plain,24,RN_NO_ASCON#24,17,0.9,0.251611,50.0,2.0,2.0,0.9000000059604645,0.2516114339232445,60.0,,,,60.0,0.15005,114.21666666666667,2,0.0,3637.0,1,0.214,3541.0,69,0.31239999999999946
RN_NO_ASCON,RN,NO_ASCON,standard,plain,24,RN_NO_ASCON#24,18,0.866667,0.24055,50.0,2.0,2.0,0.8666666448116302,0.24054975807666776,60.0,,,,60.0,0.15259999999999996,116.11666666666666,2,0.0,3629.5,1,0.238,3547.0,69,0.3239999999999995
RN_NO_ASCON,RN,NO_ASCON,standard,plain,24,RN_NO_ASCON#24,19,0.983333,0.120888,50.0,2.0,2.0,0.9833333194255829,0.12088830769062035,60.0,,,,60.0,0.1681,113.73333333333333,2,0.0,3630.0,1,0.189,3527.0,69,0.33159999999999945
RN_NO_ASCON,RN,NO_ASCON,standard,plain,24,RN_NO_ASCON#24,20,0.933333,0.140267,50.0,2.0,2.0,0.9333333373069764,0.14026699960231775,60.0,,,,60.0,0.15469999999999995,114.15,2,0.0,3652.0,1,0.137,3538.0,69,0.3103999999999991
RN_NO_ASCON,RN,NO_ASCON,standard,plain,25,RN_NO_ASCON#25,1,0.75,1.084497,,2.0,2.0,0.75,1.0844965279102325,60.0,,,,63.0,0.16779999999999998,116.5079365079365,2,0.0,3634.0,1,0.221,3532.0,70,0.2201
RN_NO_ASCON,RN,NO_ASCON,standard,plain,25,RN_NO_ASCON#25,2,0.95,0.206875,44.0,2.0,2.0,0.949999988079071,0.2068747133016586,60.0,,,,57.0,0.15,116.47368421052632,2,0.0,3631.5,1,0.202,3528.0,66,0.369
RN_NO_ASCON,RN,NO_ASCON,standard,plain,25,RN_NO_ASCON#25,3,0.9,0.293747,50.0,2.0,2.0,0.9000000059604645,0.29374741949141026,60.0,,,,60.0,0.18939999999999999,115.85,2,0.0,3621.0,1,0.217,3537.0,69,0.3433999999999995
RN_NO_ASCON,RN,NO_ASCON,standard,plain,25,RN_NO_ASCON#25,4,0.916667,0.274053,50.0,2.0,2.0,0.9166666567325592,0.2740532476454973,60.0,,,,60.0,0.15305,116.01666666666667,2,0.0,3627.5,1,0.216,3545.0,69,0.3615999999999993
RN_NO_ASCON,RN,NO_ASCON,standard,plain,25,RN_NO_ASCON#25,5,0.966667,0.096826,60.0,2.0,2.0,0.9666666686534882,0.09682571608573194,60.0,,,,60.0,0.19454999999999997,117.01666666666667,2,0.0,3648.5,1,0.221,3533.0,69,0.3703999999999999
RN_NO_ASCON,RN,NO_ASCON,standard,plain,25,RN_NO_ASCON#25,6,0.816667,0.643055,52.0,2.0,2.0,0.8166666626930237,0.6430549919605255,60.0,,,,62.0,0.15595,113.2258064516129,2,0.0,3646.0,1,0.213,3541.0,71,0.38749999999999996
RN_NO_ASCON,RN,NO_ASCON,standard,plain,25,RN_NO_ASCON#25,7,0.833333,0.41382,51.0,2.0,2.0,0.8333333432674408,0.4138200283050537,60.0,,,,60.0,0.15769999999999995,113.03333333333333,2,0.0,3642.5,1,0.195,3541.0,69,0.3363999999999995
RN_NO_ASCON,RN,NO_ASCON,standard,plain,25,RN_NO_ASCON#25,8,0.9,0.222458,50.0,2.0,2.0,0.9000000059604645,0.22245774418115616,60.0,,,,60.0,0.1546499999999999,114.33333333333333,2,0.0,3640.0,1,0.225,3534.0,69,0.31619999999999915
RN_NO_ASCON,RN,NO_ASCON,standard,plain,25,RN_NO_ASCON#25,9,0.9,0.267256,49.0,2.0,2.0,0.9000000059604645,0.26725601404905314,60.0,,,,60.0,0.18664999999999995,114.18333333333334,2,0.0,3637.5,1,0.188,3547.0,69,0.3369999999999994
RN_NO_ASCON,RN,NO_ASCON,standard,plain,25,RN_NO_ASCON#25,10,0.916667,0.236006,51.0,2.0,2.0,0.9166666567325592,0.2360062599182129,60.0,,,,60.0,0.21159999999999995,115.3,2,0.0,3639.0,1,0.25,3547.0,69,0.3279999999999993
RN_NO_ASCON,RN,NO_ASCON,standard,plain,25,RN_NO_ASCON#25,11,0.9,0.226532,49.0,2.0,2.0,0.9000000059604645,0.22653190046548843,60.0,,,,60.0,0.20234999999999995,115.28333333333333,2,0.0,3648.5,1,0.174,3536.0,69,0.32459999999999956
RN_NO_ASCON,RN,NO_ASCON,standard,plain,25,RN_NO_ASCON#25,12,0.916667,0.201756,50.0,2.0,2.0,0.9166666567325592,0.2017556186765432,60.0,,,,60.0,0.15924999999999986,114.35,2,0.0,3635.5,1,0.22,3530.0,69,0.3315999999999995
RN_NO_ASCON,RN,NO_ASCON,standard,plain,25,RN_NO_ASCON#25,13,0.916667,0.172466,50.0,2.0,2.0,0.9166666567325592,0.1724658161401748,60.0,,,,60.0,0.1974,114.4,2,0.0,3656.5,1,0.221,3537.0,69,0.4075999999999995
RN_NO_ASCON,RN,NO_ASCON,standard,plain,25,RN_NO_ASCON#25,14,0.983333,0.083719,51.0,2.0,2.0,0.9833333194255829,0.08371911197900765,60.0,,,,60.0,0.2,114.78333333333333,2,0.0,3640.0,1,0.175,3539.0,69,0.3335999999999993
RN_NO_ASCON,RN,NO_ASCON,standard,plain,25,RN_NO_ASCON#25,15,0.966667,0.141113,49.0,2.0,2.0,0.9666666686534882,0.1411129422485828,60.0,,,,60.0,0.19905,115.91666666666667,2,0.0,3635.0,1,0.126,3550.0,69,0.33679999999999954
RN_NO_ASCON,RN,NO_ASCON,standard,plain,25,RN_NO_ASCON#25,16,0.916667,0.177279,51.0,2.0,2.0,0.9166666567325592,0.1772786527872085,60.0,,,,60.0,0.17334999999999998,116.18333333333334,2,0.0,3644.5,1,0.158,3528.0,69,0.3409999999999994
RN_NO_ASCON,RN,NO_ASCON,standard,plain,25,RN_NO_ASCON#25,17,0.966667,0.156582,49.0,2.0,2.0,0.9666666388511658,0.1565822809934616,60.0,,,,60.0,0.15269999999999995,114.91666666666667,2,0.0,3646.5,1,0.217,3543.0,69,0.3265999999999995
RN_NO_ASCON,RN,NO_ASCON,standard,plain,25,RN_NO_ASCON#25,18,0.9,0.194628,50.0,2.0,2.0,0.8999999761581421,0.1946279257535934,60.0,,,,60.0,0.15405,113.51666666666667,2,0.0,3640.5,1,0.22,3529.0,69,0.38959999999999956
RN_NO_ASCON,RN,NO_ASCON,standard,plain,25,RN_NO_ASCON#25,19,0.85,0.23734,50.0,2.0,2.0,0.8499999940395355,0.23734002560377115,60.0,,,,60.0,0.16205,114.83333333333333,2,0.0,3645.0,1,0.195,3545.0,69,0.3727999999999999
RN_NO_ASCON,RN,NO_ASCON,standard,plain,25,RN_NO_ASCON#25,20,0.95,0.203323,50.0,2.0,2.0,0.949999988079071,0.2033228650689125,60.0,,,,60.0,0.19019999999999992,114.65,2,0.0,3640.0,1,0.196,3523.0,69,0.34719999999999895
RN_NO_ASCON,RN,NO_ASCON,standard,plain,26,RN_NO_ASCON#26,1,0.733333,0.951632,,2.0,2.0,0.7333333194255829,0.9516324102878571,60.0,,,,63.0,0.1558,117.23809523809524,2,0.0,3634.0,1,0.19,3530.0,70,0.22349999999999998
RN_NO_ASCON,RN,NO_ASCON,standard,plain,26,RN_NO_ASCON#26,2,1.0,0.081936,44.0,2.0,2.0,1.0,0.0819356385618448,60.0,,,,58.0,0.17719999999999997,116.51724137931035,2,0.0,3619.5,1,0.25,3542.0,67,0.3508999999999996
RN_NO_ASCON,RN,NO_ASCON,standard,plain,26,RN_NO_ASCON#26,3,0.966667,0.132803,49.0,2.0,2.0,0.9666666388511658,0.1328028701245784,60.0,,,,59.0,0.1984,117.30508474576271,2,0.0,3644.0,1,0.185,3544.0,68,0.3228499999999998
RN_NO_ASCON,RN,NO_ASCON,standard,plain,26,RN_NO_ASCON#26,4,1.0,0.030354,50.0,2.0,2.0,1.0,0.03035417944192885,60.0,,,,61.0,0.15,117.11475409836065,2,0.0,3635.5,1,0.164,3540.0,70,0.3172499999999997
RN_NO_ASCON,RN,NO_ASCON,standard,plain,26,RN_NO_ASCON#26,5,1.0,0.01632,58.0,2.0,2.0,1.0,0.016319923102855648,60.0,,,,60.0,0.1513,116.11666666666666,2,0.0,3631.5,1,0.235,3540.0,69,0.3103999999999993
RN_NO_ASCON,RN,NO_ASCON,standard,plain,26,RN_NO_ASCON#26,6,0.916667,0.3034,52.0,2.0,2.0,0.9166666567325592,0.3033999502658844,60.0,,,,60.0,0.1703,116.01666666666667,2,0.0,3633.0,1,0.219,3530.0,69,0.30179999999999924
RN_NO_ASCON,RN,NO_ASCON,standard,plain,26,RN_NO_ASCON#26,7,0.85,0.471989,50.0,2.0,2.0,0.8499999940395355,0.47198885679244995,60.0,,,,60.0,0.1505499999999999,115.88333333333334,2,0.0,3628.5,1,0.171,3523.0,69,0.30839999999999923
RN_NO_ASCON,RN,NO_ASCON,standard,plain,26,RN_NO_ASCON#26,8,0.833333,0.428277,50.0,2.0,2.0,0.8333333432674408,0.42827717959880823,60.0,,,,60.0,0.15,114.45,2,0.0,3654.0,1,0.226,3541.0,69,0.32059999999999916
RN_NO_ASCON,RN,NO_ASCON,standard,plain,26,RN_NO_ASCON#26,9,0.85,0.362684,50.0,2.0,2.0,0.8499999940395355,0.3626837879419327,60.0,,,,60.0,0.1536499999999999,113.88333333333334,2,0.0,3640.0,1,0.234,3550.0,69,0.31019999999999925
RN_NO_ASCON,RN,NO_ASCON,standard,plain,26,RN_NO_ASCON#26,10,0.833333,0.369357,50.0,2.0,2.0,0.8333333432674408,0.3693569600582123,60.0,,,,60.0,0.14805,113.55,2,0.0,3642.5,1,0.174,3533.0,69,0.3097999999999992
RN_NO_ASCON,RN,NO_ASCON,standard,plain,26,RN_NO_ASCON#26,11,0.883333,0.290704,51.0,2.0,2.0,0.8833333253860474,0.29070407152175903,60.0,,,,60.0,0.15209999999999999,114.43333333333334,2,0.0,3647.0,1,0.224,3536.0,69,0.3049999999999992
RN_NO_ASCON,RN,NO_ASCON,standard,plain,26,RN_NO_ASCON#26,12,0.816667,0.434558,49.0,2.0,2.0,0.8166666626930237,0.43455827236175537,60.0,,,,60.0,0.15209999999999999,114.88333333333334,2,0.0,3639.5,1,0.186,3535.0,69,0.31039999999999934
RN_NO_ASCON,RN,NO_ASCON,standard,plain,26,RN_NO_ASCON#26,13,0.916667,0.172313,50.0,2.0,2.0,0.9166666567325592,0.17231268435716623,60.0,,,,60.0,0.20369999999999996,114.85,2,0.0,3650.0,1,0.223,3546.0,69,0.30979999999999935
RN_NO_ASCON,RN,NO_ASCON,standard,plain,26,RN_NO_ASCON#26,14,0.916667,0.171206,51.0,2.0,2.0,0.9166666567325592,0.17120584845542905,60.0,,,,60.0,0.146,115.75,2,0.0,3646.0,1,0.222,3533.0,69,0.29999999999999927
RN_NO_ASCON,RN,NO_ASCON,standard,plain,26,RN_NO_ASCON#26,15,0.866667,0.374654,49.0,2.0,2.0,0.8666666448116302,0.37465420365333557,60.0,,,,60.0,0.14905,114.48333333333333,2,0.0,3647.5,1,0.207,3526.0,69,0.3349999999999994
RN_NO_ASCON,RN,NO_ASCON,standard,plain,26,RN_NO_ASCON#26,16,0.95,0.168555,50.0,2.0,2.0,0.949999988079071,0.16855478100478646,60.0,,,,60.0,0.18054999999999996,115.01666666666667,2,0.0,3640.5,1,0.227,3546.0,69,0.31019999999999925
RN_NO_ASCON,RN,NO_ASCON,standard,plain,26,RN_NO_ASCON#26,17,0.916667,0.192884,51.0,2.0,2.0,0.9166666567325592,0.1928840801119804,60.0,,,,60.0,0.19519999999999998,114.7,2,0.0,3644.0,1,0.18,3538.0,69,0.31079999999999935
RN_NO_ASCON,RN,NO_ASCON,standard,plain,26,RN_NO_ASCON#26,18,0.95,0.182601,50.0,2.0,2.0,0.949999988079071,0.1826007068157196,60.0,,,,60.0,0.15804999999999994,116.53333333333333,2,0.0,3642.0,1,0.225,3535.0,69,0.3361999999999997
RN_NO_ASCON,RN,NO_ASCON,standard,plain,26,RN_NO_ASCON#26,19,0.9,0.293083,49.0,2.0,2.0,0.8999999761581421,0.29308259487152094,60.0,,,,60.0,0.18039999999999998,113.8,2,0.0,3651.0,1,0.187,3537.0,69,0.3491999999999996
RN_NO_ASCON,RN,NO_ASCON,standard,plain,26,RN_NO_ASCON#26,20,0.933333,0.139039,50.0,2.0,2.0,0.9333333075046539,0.13903883844614026,60.0,,,,60.0,0.15014999999999998,114.1,2,0.0,3647.0,1,0.172,3535.0,69,0.3161999999999991
RN_NO_ASCON,RN,NO_ASCON,standard,plain,27,RN_NO_ASCON#27,1,0.683333,0.630181,,2.0,2.0,0.6833333373069763,0.630181074142456,60.0,,,,64.0,0.15849999999999995,116.71875,2,0.0,3643.0,1,0.22,3522.0,71,0.2385
RN_NO_ASCON,RN,NO_ASCON,standard,plain,27,RN_NO_ASCON#27,2,0.966667,0.089041,44.0,2.0,2.0,0.9666666686534882,0.0890409909188747,60.0,,,,57.0,0.1631999999999998,116.43859649122807,2,0.0,3643.0,1,0.223,3545.0,66,0.352
RN_NO_ASCON,RN,NO_ASCON,standard,plain,27,RN_NO_ASCON#27,3,0.966667,0.095561,50.0,2.0,2.0,0.9666666686534882,0.09556067921221255,60.0,,,,60.0,0.153,116.85,2,0.0,3637.0,1,0.194,3537.0,69,0.3467999999999998
RN_NO_ASCON,RN,NO_ASCON,standard,plain,27,RN_NO_ASCON#27,4,1.0,0.016891,50.0,2.0,2.0,1.0,0.01689128391444675,60.0,,,,60.0,0.1575999999999999,116.66666666666667,2,0.0,3627.0,1,0.204,3525.0,69,0.31199999999999933
RN_NO_ASCON,RN,NO_ASCON,standard,plain,27,RN_NO_ASCON#27,5,1.0,0.0184,54.0,2.0,2.0,1.0,0.01840045489370815,60.0,,,,62.0,0.21234999999999993,116.16129032258064,2,0.0,3619.5,1,0.197,3521.0,71,0.3785
RN_NO_ASCON,RN,NO_ASCON,standard,plain,27,RN_NO_ASCON#27,6,0.866667,0.318298,55.0,2.0,2.0,0.8666666448116302,0.3182979747653007,60.0,,,,58.0,0.15345,113.51724137931035,2,0.0,3636.0,1,0.827,3534.0,67,0.4462999999999999
RN_NO_ASCON,RN,NO_ASCON,standard,plain,27,RN_NO_ASCON#27,7,0.766667,0.515389,50.0,2.0,2.0,0.7666666805744171,0.5153890252113342,60.0,,,,59.0,0.15109999999999998,113.30508474576271,2,0.0,3642.0,1,0.145,3542.0,68,0.34294999999999987
RN_NO_ASCON,RN,NO_ASCON,standard,plain,27,RN_NO_ASCON#27,8,0.8,0.319617,50.0,2.0,2.0,0.7999999821186066,0.319617360830307,60.0,,,,61.0,0.16,114.11475409836065,2,0.0,3645.5,1,0.185,3535.0,70,0.31169999999999976
RN_NO_ASCON,RN,NO_ASCON,standard,plain,27,RN_NO_ASCON#27,9,0.783333,0.423149,50.0,2.0,2.0,0.7833333313465118,0.4231490045785904,60.0,,,,59.0,0.17389999999999972,113.9322033898305,2,0.0,3634.5,1,0.251,3551.0,68,0.3376999999999999
RN_NO_ASCON,RN,NO_ASCON,standard,plain,27,RN_NO_ASCON#27,10,0.9,0.26049,50.0,2.0,2.0,0.8999999761581421,0.2604901194572448,60.0,,,,60.0,0.15009999999999998,114.78333333333333,2,0.0,3651.0,1,0.166,3540.0,69,0.3525999999999994
RN_NO_ASCON,RN,NO_ASCON,standard,plain,27,RN_NO_ASCON#27,11,0.9,0.272431,50.0,2.0,2.0,0.9000000059604645,0.27243089675903315,60.0,,,,60.0,0.154,114.98333333333333,2,0.0,3648.0,1,0.19,3544.0,69,0.31739999999999946
RN_NO_ASCON,RN,NO_ASCON,standard,plain,27,RN_NO_ASCON#27,12,0.833333,0.318351,50.0,2.0,2.0,0.8333333134651184,0.3183512762188911,60.0,,,,61.0,0.164,114.32786885245902,2,0.0,3635.5,1,0.262,3546.0,70,0.3394999999999997
RN_NO_ASCON,RN,NO_ASCON,standard,plain,27,RN_NO_ASCON#27,13,0.9,0.259849,50.0,2.0,2.0,0.9000000059604645,0.2598488889634609,60.0,,,,59.0,0.15009999999999998,115.66101694915254,2,0.0,3645.5,1,0.191,3530.0,68,0.3227999999999998
RN_NO_ASCON,RN,NO_ASCON,standard,plain,27,RN_NO_ASCON#27,14,0.933333,0.169007,50.0,2.0,2.0,0.9333333075046539,0.1690067574381828,60.0,,,,60.0,0.215,115.05,2,0.0,3646.5,1,0.245,3535.0,69,0.36279999999999984
RN_NO_ASCON,RN,NO_ASCON,standard,plain,27,RN_NO_ASCON#27,15,0.95,0.129434,50.0,2.0,2.0,0.949999988079071,0.1294340286403894,60.0,,,,60.0,0.21019999999999997,116.81666666666666,2,0.0,3635.5,1,0.2,3529.0,69,0.31679999999999947
RN_NO_ASCON,RN,NO_ASCON,standard,plain,27,RN_NO_ASCON#27,16,0.916667,0.198713,50.0,2.0,2.0,0.9166666567325592,0.19871279597282407,60.0,,,,60.0,0.17919999999999991,115.18333333333334,2,0.0,3639.0,1,0.24,3545.0,69,0.3265999999999995
RN_NO_ASCON,RN,NO_ASCON,standard,plain,27,RN_NO_ASCON#27,17,0.916667,0.170955,51.0,2.0,2.0,0.9166666567325592,0.1709550619125366,60.0,,,,60.0,0.15769999999999995,115.31666666666666,2,0.0,3641.0,1,0.222,3534.0,69,0.3363999999999997
RN_NO_ASCON,RN,NO_ASCON,standard,plain,27,RN_NO_ASCON#27,18,0.866667,0.34158,50.0,2.0,2.0,0.8666666448116302,0.34157951921224594,60.0,,,,61.0,0.153,115.88524590163935,2,0.0,3642.5,1,0.163,3532.0,70,0.33394999999999986
RN_NO_ASCON,RN,NO_ASCON,standard,plain,27,RN_NO_ASCON#27,19,0.983333,0.109146,49.0,2.0,2.0,0.9833333194255829,0.10914571955800055,60.0,,,,59.0,0.19309999999999983,114.30508474576271,2,0.0,3634.0,1,0.198,3520.0,68,0.3567999999999999
RN_NO_ASCON,RN,NO_ASCON,standard,plain,27,RN_NO_ASCON#27,20,0.933333,0.147609,50.0,2.0,2.0,0.9333333373069764,0.1476092040538787,60.0,,,,60.0,0.15305,114.3,2,0.0,3650.0,1,0.219,3539.0,69,0.3095999999999992
RN_NO_ASCON,RN,NO_ASCON,standard,plain,28,RN_NO_ASCON#28,1,0.666667,0.8185,,2.0,2.0,0.6666666865348816,0.8185002505779266,60.0,,,,64.0,0.15649999999999994,116.59375,2,0.0,3636.5,1,0.218,3533.0,71,0.22
RN_NO_ASCON,RN,NO_ASCON,standard,plain,28,RN_NO_ASCON#28,2,0.983333,0.121277,43.0,2.0,2.0,0.9833333194255829,0.12127677723765365,60.0,,,,57.0,0.15379999999999988,116.66666666666667,2,0.0,3633.5,1,0.229,3532.0,66,0.34425
RN_NO_ASCON,RN,NO_ASCON,standard,plain,28,RN_NO_ASCON#28,3,1.0,0.037809,51.0,2.0,2.0,1.0,0.0378086175769567,60.0,,,,60.0,0.15005,117.46666666666667,2,0.0,3624.0,1,0.185,3531.0,69,0.3163999999999993
RN_NO_ASCON,RN,NO_ASCON,standard,plain,28,RN_NO_ASCON#28,4,1.0,0.023274,49.0,2.0,2.0,1.0,0.023274029605090597,60.0,,,,60.0,0.15359999999999985,116.88333333333334,2,0.0,3611.5,1,0.215,3521.0,69,0.31779999999999914
RN_NO_ASCON,RN,NO_ASCON,standard,plain,28,RN_NO_ASCON#28,5,1.0,0.023609,51.0,2.0,2.0,1.0,0.02360904123634095,60.0,,,,60.0,0.148,116.28333333333333,2,0.0,3624.5,1,0.229,3534.0,69,0.3191999999999992
RN_NO_ASCON,RN,NO_ASCON,standard,plain,28,RN_NO_ASCON#28,6,0.95,0.277456,62.0,2.0,2.0,0.949999988079071,0.27745598927140236,60.0,,,,61.0,0.154,116.39344262295081,2,0.0,3638.0,1,0.217,3528.0,70,0.3798499999999999
RN_NO_ASCON,RN,NO_ASCON,standard,plain,28,RN_NO_ASCON#28,7,0.866667,0.477869,48.0,2.0,2.0,0.8666666448116302,0.47786858677864075,60.0,,,,59.0,0.15139999999999998,114.84745762711864,2,0.0,3649.5,1,0.174,3538.0,68,0.3332499999999998
RN_NO_ASCON,RN,NO_ASCON,standard,plain,28,RN_NO_ASCON#28,8,0.916667,0.327921,50.0,2.0,2.0,0.9166666567325592,0.32792129367589945,60.0,,,,60.0,0.14705,115.2,2,0.0,3637.5,1,0.213,3540.0,69,0.3103999999999993
RN_NO_ASCON,RN,NO_ASCON,standard,plain,28,RN_NO_ASCON#28,9,0.833333,0.38648,50.0,2.0,2.0,0.8333333134651184,0.3864796757698059,60.0,,,,60.0,0.18479999999999996,112.95,2,0.0,3638.0,1,0.153,3531.0,69,0.3155999999999992
RN_NO_ASCON,RN,NO_ASCON,standard,plain,28,RN_NO_ASCON#28,10,0.85,0.34436,49.0,2.0,2.0,0.8499999940395355,0.34435978531837463,60.0,,,,60.0,0.15805,114.41666666666667,2,0.0,3642.0,1,0.221,3536.0,69,0.3167999999999991
RN_NO_ASCON,RN,NO_ASCON,standard,plain,28,RN_NO_ASCON#28,11,0.9,0.31594,51.0,2.0,2.0,0.9000000059604645,0.315940149128437,60.0,,,,60.0,0.1561,115.38333333333334,2,0.0,3639.5,1,0.132,3538.0,69,0.30599999999999933
RN_NO_ASCON,RN,NO_ASCON,standard,plain,28,RN_NO_ASCON#28,12,0.933333,0.198887,51.0,2.0,2.0,0.9333333373069764,0.1988870948553085,60.0,,,,61.0,0.172,114.52459016393442,2,0.0,3632.0,1,0.221,3530.0,70,0.30344999999999966
RN_NO_ASCON,RN,NO_ASCON,standard,plain,28,RN_NO_ASCON#28,13,0.9,0.184943,49.0,2.0,2.0,0.9000000059604645,0.18494258821010584,60.0,,,,59.0,0.1565999999999999,114.0677966101695,2,0.0,3654.0,1,0.213,3528.0,68,0.33084999999999987
RN_NO_ASCON,RN,NO_ASCON,standard,plain,28,RN_NO_ASCON#28,14,0.916667,0.257973,50.0,2.0,2.0,0.9166666567325592,0.2579726278781891,60.0,,,,60.0,0.15009999999999998,113.96666666666667,2,0.0,3636.5,1,0.234,3535.0,69,0.3305999999999995
RN_NO_ASCON,RN,NO_ASCON,standard,plain,28,RN_NO_ASCON#28,15,0.933333,0.195114,50.0,2.0,2.0,0.9333333373069763,0.19511372409760946,60.0,,,,60.0,0.1537499999999999,114.55,2,0.0,3639.0,1,0.648,3538.0,69,0.41599999999999965
RN_NO_ASCON,RN,NO_ASCON,standard,plain,28,RN_NO_ASCON#28,16,0.866667,0.305902,50.0,2.0,2.0,0.8666666448116302,0.30590179190039635,60.0,,,,60.0,0.16574999999999984,113.93333333333334,2,0.0,3645.0,1,0.195,3537.0,69,0.3313999999999993
RN_NO_ASCON,RN,NO_ASCON,standard,plain,28,RN_NO_ASCON#28,17,0.966667,0.180884,50.0,2.0,2.0,0.9666666388511658,0.180883876979351,60.0,,,,60.0,0.15259999999999985,116.26666666666667,2,0.0,3644.0,1,0.244,3535.0,69,0.3389999999999998
RN_NO_ASCON,RN,NO_ASCON,standard,plain,28,RN_NO_ASCON#28,18,0.883333,0.312441,49.0,2.0,2.0,0.8833333253860474,0.3124411255121231,60.0,,,,60.0,0.1661,113.76666666666667,2,0.0,3636.0,1,0.241,3543.0,69,0.3141999999999993
RN_NO_ASCON,RN,NO_ASCON,standard,plain,28,RN_NO_ASCON#28,19,0.883333,0.243187,51.0,2.0,2.0,0.8833333253860474,0.24318674206733698,60.0,,,,60.0,0.16314999999999988,115.0,2,0.0,3636.5,1,0.207,3543.0,69,0.33379999999999954
RN_NO_ASCON,RN,NO_ASCON,standard,plain,28,RN_NO_ASCON#28,20,0.883333,0.23971,50.0,2.0,2.0,0.8833333253860474,0.2397104650735855,60.0,,,,60.0,0.153,113.08333333333333,2,0.0,3633.5,1,0.152,3520.0,69,0.3127999999999992
RN_NO_ASCON,RN,NO_ASCON,standard,plain,29,RN_NO_ASCON#29,1,0.6,1.134432,,2.0,2.0,0.5999999940395355,1.134432166814804,60.0,,,,64.0,0.16309999999999997,110.625,2,0.0,3633.0,1,0.191,3532.0,71,0.20350000000000001
RN_NO_ASCON,RN,NO_ASCON,standard,plain,29,RN_NO_ASCON#29,2,0.633333,0.868417,44.0,2.0,2.0,0.6333333551883698,0.8684165179729462,60.0,,,,57.0,0.1657999999999998,109.14035087719299,2,0.0,3636.5,1,0.229,3539.0,66,0.35825
RN_NO_ASCON,RN,NO_ASCON,standard,plain,29,RN_NO_ASCON#29,3,0.766667,0.624042,50.0,2.0,2.0,0.7666666507720947,0.6240421235561371,60.0,,,,60.0,0.17754999999999985,110.48333333333333,2,0.0,3634.5,1,0.145,3537.0,69,0.35539999999999966
RN_NO_ASCON,RN,NO_ASCON,standard,plain,29,RN_NO_ASCON#29,4,0.866667,0.268145,50.0,2.0,2.0,0.8666666746139526,0.2681450396776199,60.0,,,,60.0,0.15919999999999998,112.98333333333333,2,0.0,3635.0,1,0.235,3526.0,69,0.3449999999999995
RN_NO_ASCON,RN,NO_ASCON,standard,plain,29,RN_NO_ASCON#29,5,0.766667,0.48617,50.0,2.0,2.0,0.7666666805744171,0.4861702471971512,60.0,,,,60.0,0.15629999999999986,112.2,2,0.0,3627.0,1,0.216,3538.0,69,0.32899999999999974
RN_NO_ASCON,RN,NO_ASCON,standard,plain,29,RN_NO_ASCON#29,6,0.916667,0.29396,50.0,2.0,2.0,0.9166666567325592,0.29395957291126246,60.0,,,,60.0,0.157,114.28333333333333,2,0.0,3633.0,1,0.177,3541.0,69,0.33919999999999945
RN_NO_ASCON,RN,NO_ASCON,standard,plain,29,RN_NO_ASCON#29,7,0.916667,0.204322,50.0,2.0,2.0,0.9166666567325592,0.20432224124670023,60.0,,,,60.0,0.20039999999999988,111.65,2,0.0,3646.0,1,0.192,3536.0,69,0.3822
RN_NO_ASCON,RN,NO_ASCON,standard,plain,29,RN_NO_ASCON#29,8,0.916667,0.226785,50.0,2.0,2.0,0.9166666567325592,0.22678485512733454,60.0,,,,60.0,0.19859999999999997,111.6,2,0.0,3637.5,1,0.226,3536.0,69,0.37719999999999965
RN_NO_ASCON,RN,NO_ASCON,standard,plain,29,RN_NO_ASCON#29,9,0.916667,0.28295,50.0,2.0,2.0,0.9166666567325592,0.2829495668411255,60.0,,,,60.0,0.15305,110.35,2,0.0,3634.0,1,0.193,3534.0,69,0.37399999999999994
RN_NO_ASCON,RN,NO_ASCON,standard,plain,29,RN_NO_ASCON#29,10,0.9,0.215595,50.0,2.0,2.0,0.8999999761581421,0.21559476107358927,60.0,,,,60.0,0.18019999999999992,113.86666666666666,2,0.0,3642.5,1,0.174,3529.0,69,0.33179999999999965
RN_NO_ASCON,RN,NO_ASCON,standard,plain,29,RN_NO_ASCON#29,11,0.9,0.264573,50.0,2.0,2.0,0.9000000059604645,0.2645726278424263,60.0,,,,60.0,0.15154999999999996,112.86666666666666,2,0.0,3629.0,1,0.142,3528.0,69,0.3433999999999994
RN_NO_ASCON,RN,NO_ASCON,standard,plain,29,RN_NO_ASCON#29,12,0.933333,0.247936,50.0,2.0,2.0,0.9333333373069763,0.24793602526187894,60.0,,,,59.0,0.15799999999999978,110.69491525423729,2,0.0,3627.0,1,0.201,3547.0,68,0.33979999999999977
RN_NO_ASCON,RN,NO_ASCON,standard,plain,29,RN_NO_ASCON#29,13,0.916667,0.305767,50.0,2.0,2.0,0.9166666567325592,0.3057669997215271,60.0,,,,61.0,0.196,111.40983606557377,2,0.0,3637.5,1,0.197,3540.0,70,0.33014999999999983
RN_NO_ASCON,RN,NO_ASCON,standard,plain,29,RN_NO_ASCON#29,14,0.9,0.32321,50.0,2.0,2.0,0.9000000059604645,0.3232099935412407,60.0,,,,60.0,0.15005,113.7,2,0.0,3639.5,1,0.171,3530.0,69,0.31579999999999947
RN_NO_ASCON,RN,NO_ASCON,standard,plain,29,RN_NO_ASCON#29,15,0.85,0.437651,50.0,2.0,2.0,0.8499999940395355,0.4376513808965683,60.0,,,,60.0,0.1539499999999999,113.95,2,0.0,3645.0,1,0.141,3531.0,69,0.3185999999999995
RN_NO_ASCON,RN,NO_ASCON,standard,plain,29,RN_NO_ASCON#29,16,0.883333,0.294853,50.0,2.0,2.0,0.8833333253860474,0.29485269635915756,60.0,,,,60.0,0.16924999999999993,112.1,2,0.0,3644.5,1,0.122,3538.0,69,0.41819999999999957
RN_NO_ASCON,RN,NO_ASCON,standard,plain,29,RN_NO_ASCON#29,17,0.983333,0.10292,50.0,2.0,2.0,0.9833333194255829,0.10291951149702064,60.0,,,,60.0,0.17679999999999996,111.66666666666667,2,0.0,3630.5,1,0.118,3532.0,69,0.3363999999999998
RN_NO_ASCON,RN,NO_ASCON,standard,plain,29,RN_NO_ASCON#29,18,0.95,0.115563,50.0,2.0,2.0,0.949999988079071,0.11556311510503291,60.0,,,,60.0,0.14604999999999999,111.9,2,0.0,3636.0,1,0.128,3540.0,69,0.3503999999999997
RN_NO_ASCON,RN,NO_ASCON,standard,plain,29,RN_NO_ASCON#29,19,0.95,0.130069,50.0,2.0,2.0,0.949999988079071,0.1300694495439529,60.0,,,,60.0,0.14919999999999997,112.3,2,0.0,3638.0,1,0.158,3536.0,69,0.31979999999999936
RN_NO_ASCON,RN,NO_ASCON,standard,plain,29,RN_NO_ASCON#29,20,0.933333,0.176987,51.0,2.0,2.0,0.9333333373069764,0.17698725312948227,60.0,,,,60.0,0.14214999999999997,112.06666666666666,2,0.0,3641.0,1,0.239,3535.0,68,0.3325999999999999
