timestamp,device_name,device_suffix,hostname,run_id,stage,fl_round,num_samples,accuracy,loss,buffer_target,experiment,architecture,mode,attempt_id,source_file,fog_role,peer_count
2026-04-15 13:31:06,gateway,gateway_A,raspberrypi,1,local_train,0,30,0.800000011920929,0.6607889533042908,30.0,RN_ASCON,RN,ascon,3,model_metrics_gateway_gateway_A_2.csv,,
2026-04-15 13:32:00,gateway,gateway_A,raspberrypi,1,local_train,1,30,1.0,0.0977795869112014,30.0,RN_ASCON,RN,ascon,3,model_metrics_gateway_gateway_A_2.csv,,
2026-04-15 13:32:58,gateway,gateway_A,raspberrypi,1,local_train,2,30,0.9666666388511658,0.0658856481313705,30.0,RN_ASCON,RN,ascon,3,model_metrics_gateway_gateway_A_2.csv,,
2026-04-15 13:34:00,gateway,gateway_A,raspberrypi,1,local_train,3,30,0.9666666388511658,0.0386620685458183,30.0,RN_ASCON,RN,ascon,3,model_metrics_gateway_gateway_A_2.csv,,
2026-04-15 13:34:59,gateway,gateway_A,raspberrypi,1,local_train,4,30,1.0,0.0200901199132204,30.0,RN_ASCON,RN,ascon,3,model_metrics_gateway_gateway_A_2.csv,,
2026-04-15 13:38:58,gateway,gateway_A,raspberrypi,1,local_train,5,30,0.8666666746139526,0.3961636424064636,30.0,RN_ASCON,RN,ascon,3,model_metrics_gateway_gateway_A_2.csv,,
2026-04-15 13:39:57,gateway,gateway_A,raspberrypi,1,local_train,6,30,0.8999999761581421,0.310750275850296,30.0,RN_ASCON,RN,ascon,3,model_metrics_gateway_gateway_A_2.csv,,
2026-04-15 13:40:55,gateway,gateway_A,raspberrypi,1,local_train,7,30,0.9333333373069764,0.1919773668050766,30.0,RN_ASCON,RN,ascon,3,model_metrics_gateway_gateway_A_2.csv,,
2026-04-15 13:41:55,gateway,gateway_A,raspberrypi,1,local_train,8,30,0.800000011920929,0.3366148769855499,30.0,RN_ASCON,RN,ascon,3,model_metrics_gateway_gateway_A_2.csv,,
2026-04-15 13:42:54,gateway,gateway_A,raspberrypi,1,local_train,9,30,0.8666666746139526,0.3305416107177734,30.0,RN_ASCON,RN,ascon,3,model_metrics_gateway_gateway_A_2.csv,,
2026-04-15 13:43:52,gateway,gateway_A,raspberrypi,1,local_train,10,30,0.8666666746139526,0.3338451683521271,30.0,RN_ASCON,RN,ascon,3,model_metrics_gateway_gateway_A_2.csv,,
2026-04-15 13:44:51,gateway,gateway_A,raspberrypi,1,local_train,11,30,1.0,0.0294286180287599,30.0,RN_ASCON,RN,ascon,3,model_metrics_gateway_gateway_A_2.csv,,
2026-04-15 13:45:51,gateway,gateway_A,raspberrypi,1,local_train,12,30,0.7666666507720947,0.5469943881034851,30.0,RN_ASCON,RN,ascon,3,model_metrics_gateway_gateway_A_2.csv,,
2026-04-15 13:46:50,gateway,gateway_A,raspberrypi,1,local_train,13,30,0.8666666746139526,0.2552396953105926,30.0,RN_ASCON,RN,ascon,3,model_metrics_gateway_gateway_A_2.csv,,
2026-04-15 13:47:49,gateway,gateway_A,raspberrypi,1,local_train,14,30,0.8333333134651184,0.4282840192317962,30.0,RN_ASCON,RN,ascon,3,model_metrics_gateway_gateway_A_2.csv,,
2026-04-15 13:48:48,gateway,gateway_A,raspberrypi,1,local_train,15,30,0.8333333134651184,0.3670010268688202,30.0,RN_ASCON,RN,ascon,3,model_metrics_gateway_gateway_A_2.csv,,
2026-04-15 13:49:47,gateway,gateway_A,raspberrypi,1,local_train,16,30,0.9333333373069764,0.2288724482059478,30.0,RN_ASCON,RN,ascon,3,model_metrics_gateway_gateway_A_2.csv,,
2026-04-15 13:50:45,gateway,gateway_A,raspberrypi,1,local_train,17,30,0.8999999761581421,0.2067589610815048,30.0,RN_ASCON,RN,ascon,3,model_metrics_gateway_gateway_A_2.csv,,
2026-04-15 13:51:43,gateway,gateway_A,raspberrypi,1,local_train,18,30,0.8333333134651184,0.3577796518802643,30.0,RN_ASCON,RN,ascon,3,model_metrics_gateway_gateway_A_2.csv,,
2026-04-15 13:52:43,gateway,gateway_A,raspberrypi,1,local_train,19,30,0.7333333492279053,0.3876812756061554,30.0,RN_ASCON,RN,ascon,3,model_metrics_gateway_gateway_A_2.csv,,
2026-04-15 13:53:42,gateway,gateway_A,raspberrypi,1,local_train,20,30,0.8999999761581421,0.1882566958665847,30.0,RN_ASCON,RN,ascon,3,model_metrics_gateway_gateway_A_2.csv,,
2026-04-15 13:54:41,gateway,gateway_A,raspberrypi,1,local_train,21,30,0.8333333134651184,0.2701002359390259,30.0,RN_ASCON,RN,ascon,3,model_metrics_gateway_gateway_A_2.csv,,
2026-04-15 13:55:40,gateway,gateway_A,raspberrypi,1,local_train,22,30,0.8666666746139526,0.1867788881063461,30.0,RN_ASCON,RN,ascon,3,model_metrics_gateway_gateway_A_2.csv,,
2026-04-15 13:56:39,gateway,gateway_A,raspberrypi,1,local_train,23,30,0.8999999761581421,0.1688563674688339,30.0,RN_ASCON,RN,ascon,3,model_metrics_gateway_gateway_A_2.csv,,
2026-04-15 13:57:38,gateway,gateway_A,raspberrypi,1,local_train,24,30,0.8999999761581421,0.1650479286909103,30.0,RN_ASCON,RN,ascon,3,model_metrics_gateway_gateway_A_2.csv,,
2026-04-15 13:58:37,gateway,gateway_A,raspberrypi,1,local_train,25,30,0.9666666388511658,0.1786053329706192,30.0,RN_ASCON,RN,ascon,3,model_metrics_gateway_gateway_A_2.csv,,
2026-04-15 13:59:36,gateway,gateway_A,raspberrypi,1,local_train,26,30,0.9333333373069764,0.1983518600463867,30.0,RN_ASCON,RN,ascon,3,model_metrics_gateway_gateway_A_2.csv,,
2026-04-15 14:00:35,gateway,gateway_A,raspberrypi,1,local_train,27,30,0.9333333373069764,0.1471989750862121,30.0,RN_ASCON,RN,ascon,3,model_metrics_gateway_gateway_A_2.csv,,
2026-04-15 14:01:34,gateway,gateway_A,raspberrypi,1,local_train,28,30,0.9333333373069764,0.1001088246703147,30.0,RN_ASCON,RN,ascon,3,model_metrics_gateway_gateway_A_2.csv,,
2026-04-15 14:02:34,gateway,gateway_A,raspberrypi,1,local_train,29,30,0.9333333373069764,0.1777136772871017,30.0,RN_ASCON,RN,ascon,3,model_metrics_gateway_gateway_A_2.csv,,
2026-04-15 13:31:07,gateway,gateway_B,gatewayB,1,local_train,0,30,0.699999988079071,0.9278846979141236,30.0,RN_ASCON,RN,ascon,3,model_metrics_gateway_gateway_B_2.csv,,
2026-04-15 13:32:00,gateway,gateway_B,gatewayB,1,local_train,1,30,1.0,0.0883437544107437,30.0,RN_ASCON,RN,ascon,3,model_metrics_gateway_gateway_B_2.csv,,
2026-04-15 13:33:01,gateway,gateway_B,gatewayB,1,local_train,2,30,0.9666666388511658,0.0871630981564521,30.0,RN_ASCON,RN,ascon,3,model_metrics_gateway_gateway_B_2.csv,,
2026-04-15 13:34:00,gateway,gateway_B,gatewayB,1,local_train,3,30,1.0,0.0211145672947168,30.0,RN_ASCON,RN,ascon,3,model_metrics_gateway_gateway_B_2.csv,,
2026-04-15 13:34:59,gateway,gateway_B,gatewayB,1,local_train,4,30,1.0,0.0106034241616725,30.0,RN_ASCON,RN,ascon,3,model_metrics_gateway_gateway_B_2.csv,,
2026-04-15 13:39:03,gateway,gateway_B,gatewayB,1,local_train,5,30,0.8333333134651184,0.5216277837753296,30.0,RN_ASCON,RN,ascon,3,model_metrics_gateway_gateway_B_2.csv,,
2026-04-15 13:40:01,gateway,gateway_B,gatewayB,1,local_train,6,30,0.800000011920929,0.5152953267097473,30.0,RN_ASCON,RN,ascon,3,model_metrics_gateway_gateway_B_2.csv,,
2026-04-15 13:41:00,gateway,gateway_B,gatewayB,1,local_train,7,30,0.8666666746139526,0.334399551153183,30.0,RN_ASCON,RN,ascon,3,model_metrics_gateway_gateway_B_2.csv,,
2026-04-15 13:41:59,gateway,gateway_B,gatewayB,1,local_train,8,30,0.8999999761581421,0.2124364525079727,30.0,RN_ASCON,RN,ascon,3,model_metrics_gateway_gateway_B_2.csv,,
2026-04-15 13:42:58,gateway,gateway_B,gatewayB,1,local_train,9,30,0.8666666746139526,0.2796331346035003,30.0,RN_ASCON,RN,ascon,3,model_metrics_gateway_gateway_B_2.csv,,
2026-04-15 13:43:57,gateway,gateway_B,gatewayB,1,local_train,10,30,0.8666666746139526,0.2944017350673675,30.0,RN_ASCON,RN,ascon,3,model_metrics_gateway_gateway_B_2.csv,,
2026-04-15 13:44:56,gateway,gateway_B,gatewayB,1,local_train,11,30,0.8333333134651184,0.5400710701942444,30.0,RN_ASCON,RN,ascon,3,model_metrics_gateway_gateway_B_2.csv,,
2026-04-15 13:45:55,gateway,gateway_B,gatewayB,1,local_train,12,30,0.9666666388511658,0.1308700442314148,30.0,RN_ASCON,RN,ascon,3,model_metrics_gateway_gateway_B_2.csv,,
2026-04-15 13:46:54,gateway,gateway_B,gatewayB,1,local_train,13,30,0.8999999761581421,0.1660375446081161,30.0,RN_ASCON,RN,ascon,3,model_metrics_gateway_gateway_B_2.csv,,
2026-04-15 13:47:53,gateway,gateway_B,gatewayB,1,local_train,14,30,0.8333333134651184,0.182211086153984,30.0,RN_ASCON,RN,ascon,3,model_metrics_gateway_gateway_B_2.csv,,
2026-04-15 13:48:52,gateway,gateway_B,gatewayB,1,local_train,15,30,0.8999999761581421,0.2026298195123672,30.0,RN_ASCON,RN,ascon,3,model_metrics_gateway_gateway_B_2.csv,,
2026-04-15 13:49:51,gateway,gateway_B,gatewayB,1,local_train,16,30,0.9333333373069764,0.245778277516365,30.0,RN_ASCON,RN,ascon,3,model_metrics_gateway_gateway_B_2.csv,,
2026-04-15 13:50:49,gateway,gateway_B,gatewayB,1,local_train,17,30,0.8666666746139526,0.2791094779968261,30.0,RN_ASCON,RN,ascon,3,model_metrics_gateway_gateway_B_2.csv,,
2026-04-15 13:51:48,gateway,gateway_B,gatewayB,1,local_train,18,30,0.8999999761581421,0.2684263586997986,30.0,RN_ASCON,RN,ascon,3,model_metrics_gateway_gateway_B_2.csv,,
2026-04-15 13:52:47,gateway,gateway_B,gatewayB,1,local_train,19,30,0.8999999761581421,0.184416577219963,30.0,RN_ASCON,RN,ascon,3,model_metrics_gateway_gateway_B_2.csv,,
2026-04-15 13:53:47,gateway,gateway_B,gatewayB,1,local_train,20,30,0.8999999761581421,0.1796846687793731,30.0,RN_ASCON,RN,ascon,3,model_metrics_gateway_gateway_B_2.csv,,
2026-04-15 13:54:46,gateway,gateway_B,gatewayB,1,local_train,21,30,0.9333333373069764,0.196549504995346,30.0,RN_ASCON,RN,ascon,3,model_metrics_gateway_gateway_B_2.csv,,
2026-04-15 13:55:45,gateway,gateway_B,gatewayB,1,local_train,22,30,0.9333333373069764,0.142527163028717,30.0,RN_ASCON,RN,ascon,3,model_metrics_gateway_gateway_B_2.csv,,
2026-04-15 13:56:44,gateway,gateway_B,gatewayB,1,local_train,23,30,0.8666666746139526,0.350064605474472,30.0,RN_ASCON,RN,ascon,3,model_metrics_gateway_gateway_B_2.csv,,
2026-04-15 13:57:43,gateway,gateway_B,gatewayB,1,local_train,24,30,0.9666666388511658,0.1392418593168258,30.0,RN_ASCON,RN,ascon,3,model_metrics_gateway_gateway_B_2.csv,,
2026-04-15 13:58:41,gateway,gateway_B,gatewayB,1,local_train,25,30,1.0,0.0813494399189949,30.0,RN_ASCON,RN,ascon,3,model_metrics_gateway_gateway_B_2.csv,,
2026-04-15 13:59:41,gateway,gateway_B,gatewayB,1,local_train,26,30,0.9666666388511658,0.1402409970760345,30.0,RN_ASCON,RN,ascon,3,model_metrics_gateway_gateway_B_2.csv,,
2026-04-15 14:00:39,gateway,gateway_B,gatewayB,1,local_train,27,30,0.9666666388511658,0.1009245812892913,30.0,RN_ASCON,RN,ascon,3,model_metrics_gateway_gateway_B_2.csv,,
2026-04-15 14:01:38,gateway,gateway_B,gatewayB,1,local_train,28,30,0.8999999761581421,0.2963253259658813,30.0,RN_ASCON,RN,ascon,3,model_metrics_gateway_gateway_B_2.csv,,
2026-04-15 14:02:39,gateway,gateway_B,gatewayB,1,local_train,29,30,0.8999999761581421,0.2518158555030823,30.0,RN_ASCON,RN,ascon,3,model_metrics_gateway_gateway_B_2.csv,,
2026-04-15 15:07:21,gateway,gateway_A,raspberrypi,3,local_train,0,30,0.6666666865348816,0.8778215050697327,30.0,RN_ASCON,RN,ascon,4,model_metrics_gateway_gateway_A_3.csv,,
2026-04-15 15:08:15,gateway,gateway_A,raspberrypi,3,local_train,1,30,0.9333333373069764,0.1583544760942459,30.0,RN_ASCON,RN,ascon,4,model_metrics_gateway_gateway_A_3.csv,,
2026-04-15 15:09:13,gateway,gateway_A,raspberrypi,3,local_train,2,30,1.0,0.06561841070652,30.0,RN_ASCON,RN,ascon,4,model_metrics_gateway_gateway_A_3.csv,,
2026-04-15 15:10:12,gateway,gateway_A,raspberrypi,3,local_train,3,30,0.9666666388511658,0.2073262482881546,30.0,RN_ASCON,RN,ascon,4,model_metrics_gateway_gateway_A_3.csv,,
2026-04-15 15:11:12,gateway,gateway_A,raspberrypi,3,local_train,4,30,0.9666666388511658,0.079812966287136,30.0,RN_ASCON,RN,ascon,4,model_metrics_gateway_gateway_A_3.csv,,
2026-04-15 15:13:32,gateway,gateway_A,raspberrypi,3,local_train,5,30,0.8666666746139526,0.4913859665393829,30.0,RN_ASCON,RN,ascon,4,model_metrics_gateway_gateway_A_3.csv,,
2026-04-15 15:14:33,gateway,gateway_A,raspberrypi,3,local_train,6,30,0.8999999761581421,0.1844680607318878,30.0,RN_ASCON,RN,ascon,4,model_metrics_gateway_gateway_A_3.csv,,
2026-04-15 15:15:33,gateway,gateway_A,raspberrypi,3,local_train,7,30,0.8666666746139526,0.4348771274089813,30.0,RN_ASCON,RN,ascon,4,model_metrics_gateway_gateway_A_3.csv,,
2026-04-15 15:16:34,gateway,gateway_A,raspberrypi,3,local_train,8,30,0.8333333134651184,0.4565137922763824,30.0,RN_ASCON,RN,ascon,4,model_metrics_gateway_gateway_A_3.csv,,
2026-04-15 15:17:34,gateway,gateway_A,raspberrypi,3,local_train,9,30,0.8999999761581421,0.2309491038322448,30.0,RN_ASCON,RN,ascon,4,model_metrics_gateway_gateway_A_3.csv,,
2026-04-15 15:18:37,gateway,gateway_A,raspberrypi,3,local_train,10,30,1.0,0.0991340577602386,30.0,RN_ASCON,RN,ascon,4,model_metrics_gateway_gateway_A_3.csv,,
2026-04-15 15:19:36,gateway,gateway_A,raspberrypi,3,local_train,11,30,0.8333333134651184,0.3806181848049164,30.0,RN_ASCON,RN,ascon,4,model_metrics_gateway_gateway_A_3.csv,,
2026-04-15 15:20:34,gateway,gateway_A,raspberrypi,3,local_train,12,30,0.8999999761581421,0.1604587286710739,30.0,RN_ASCON,RN,ascon,4,model_metrics_gateway_gateway_A_3.csv,,
2026-04-15 15:21:33,gateway,gateway_A,raspberrypi,3,local_train,13,30,0.8666666746139526,0.2047582119703292,30.0,RN_ASCON,RN,ascon,4,model_metrics_gateway_gateway_A_3.csv,,
2026-04-15 15:22:34,gateway,gateway_A,raspberrypi,3,local_train,14,30,0.8666666746139526,0.355570912361145,30.0,RN_ASCON,RN,ascon,4,model_metrics_gateway_gateway_A_3.csv,,
2026-04-15 15:23:32,gateway,gateway_A,raspberrypi,3,local_train,15,30,0.8666666746139526,0.4492025971412658,30.0,RN_ASCON,RN,ascon,4,model_metrics_gateway_gateway_A_3.csv,,
2026-04-15 15:24:30,gateway,gateway_A,raspberrypi,3,local_train,16,30,0.9666666388511658,0.1135342791676521,30.0,RN_ASCON,RN,ascon,4,model_metrics_gateway_gateway_A_3.csv,,
2026-04-15 15:25:29,gateway,gateway_A,raspberrypi,3,local_train,17,30,0.800000011920929,0.3205752670764923,30.0,RN_ASCON,RN,ascon,4,model_metrics_gateway_gateway_A_3.csv,,
2026-04-15 15:26:29,gateway,gateway_A,raspberrypi,3,local_train,18,30,1.0,0.0898922309279441,30.0,RN_ASCON,RN,ascon,4,model_metrics_gateway_gateway_A_3.csv,,
2026-04-15 15:27:27,gateway,gateway_A,raspberrypi,3,local_train,19,30,0.9666666388511658,0.0699544325470924,30.0,RN_ASCON,RN,ascon,4,model_metrics_gateway_gateway_A_3.csv,,
2026-04-15 15:07:21,gateway,gateway_B,gatewayB,3,local_train,0,30,0.6666666865348816,0.8518619537353516,30.0,RN_ASCON,RN,ascon,4,model_metrics_gateway_gateway_B_3.csv,,
2026-04-15 15:08:15,gateway,gateway_B,gatewayB,3,local_train,1,30,0.9333333373069764,0.1560298055410385,30.0,RN_ASCON,RN,ascon,4,model_metrics_gateway_gateway_B_3.csv,,
2026-04-15 15:09:13,gateway,gateway_B,gatewayB,3,local_train,2,30,1.0,0.0305981040000915,30.0,RN_ASCON,RN,ascon,4,model_metrics_gateway_gateway_B_3.csv,,
2026-04-15 15:10:14,gateway,gateway_B,gatewayB,3,local_train,3,30,1.0,0.0172589141875505,30.0,RN_ASCON,RN,ascon,4,model_metrics_gateway_gateway_B_3.csv,,
2026-04-15 15:11:12,gateway,gateway_B,gatewayB,3,local_train,4,30,1.0,0.0207184199243783,30.0,RN_ASCON,RN,ascon,4,model_metrics_gateway_gateway_B_3.csv,,
2026-04-15 15:13:33,gateway,gateway_B,gatewayB,3,local_train,5,30,1.0,0.027023883536458,30.0,RN_ASCON,RN,ascon,4,model_metrics_gateway_gateway_B_3.csv,,
2026-04-15 15:14:34,gateway,gateway_B,gatewayB,3,local_train,6,30,1.0,0.0139822149649262,30.0,RN_ASCON,RN,ascon,4,model_metrics_gateway_gateway_B_3.csv,,
2026-04-15 15:15:33,gateway,gateway_B,gatewayB,3,local_train,7,30,1.0,0.0346436351537704,30.0,RN_ASCON,RN,ascon,4,model_metrics_gateway_gateway_B_3.csv,,
2026-04-15 15:16:31,gateway,gateway_B,gatewayB,3,local_train,8,30,1.0,0.0102854557335376,30.0,RN_ASCON,RN,ascon,4,model_metrics_gateway_gateway_B_3.csv,,
2026-04-15 15:17:32,gateway,gateway_B,gatewayB,3,local_train,9,30,1.0,0.0144890826195478,30.0,RN_ASCON,RN,ascon,4,model_metrics_gateway_gateway_B_3.csv,,
2026-04-15 15:18:34,gateway,gateway_B,gatewayB,3,local_train,10,30,1.0,0.0091447830200195,30.0,RN_ASCON,RN,ascon,4,model_metrics_gateway_gateway_B_3.csv,,
2026-04-15 15:19:35,gateway,gateway_B,gatewayB,3,local_train,11,30,1.0,0.0153994681313633,30.0,RN_ASCON,RN,ascon,4,model_metrics_gateway_gateway_B_3.csv,,
2026-04-15 15:20:34,gateway,gateway_B,gatewayB,3,local_train,12,30,1.0,0.0278361495584249,30.0,RN_ASCON,RN,ascon,4,model_metrics_gateway_gateway_B_3.csv,,
2026-04-15 15:21:33,gateway,gateway_B,gatewayB,3,local_train,13,30,1.0,0.0076103564351797,30.0,RN_ASCON,RN,ascon,4,model_metrics_gateway_gateway_B_3.csv,,
2026-04-15 15:22:31,gateway,gateway_B,gatewayB,3,local_train,14,30,1.0,0.0068574091419577,30.0,RN_ASCON,RN,ascon,4,model_metrics_gateway_gateway_B_3.csv,,
2026-04-15 15:23:32,gateway,gateway_B,gatewayB,3,local_train,15,30,1.0,0.0068125976249575,30.0,RN_ASCON,RN,ascon,4,model_metrics_gateway_gateway_B_3.csv,,
2026-04-15 15:24:30,gateway,gateway_B,gatewayB,3,local_train,16,30,1.0,0.0041675637476146,30.0,RN_ASCON,RN,ascon,4,model_metrics_gateway_gateway_B_3.csv,,
2026-04-15 15:25:29,gateway,gateway_B,gatewayB,3,local_train,17,30,1.0,0.0172545947134494,30.0,RN_ASCON,RN,ascon,4,model_metrics_gateway_gateway_B_3.csv,,
2026-04-15 15:26:28,gateway,gateway_B,gatewayB,3,local_train,18,30,1.0,0.0060940161347389,30.0,RN_ASCON,RN,ascon,4,model_metrics_gateway_gateway_B_3.csv,,
2026-04-15 15:27:27,gateway,gateway_B,gatewayB,3,local_train,19,30,1.0,0.0041943807154893,30.0,RN_ASCON,RN,ascon,4,model_metrics_gateway_gateway_B_3.csv,,
2026-04-15 16:04:24,gateway,gateway_A,raspberrypi,4,local_train,0,30,0.7333333492279053,0.9979569911956788,30.0,RN_ASCON,RN,ascon,5,model_metrics_gateway_gateway_A_4.csv,,
2026-04-15 16:05:19,gateway,gateway_A,raspberrypi,4,local_train,1,30,1.0,0.0837436839938163,30.0,RN_ASCON,RN,ascon,5,model_metrics_gateway_gateway_A_4.csv,,
2026-04-15 16:06:18,gateway,gateway_A,raspberrypi,4,local_train,2,30,1.0,0.0367907434701919,30.0,RN_ASCON,RN,ascon,5,model_metrics_gateway_gateway_A_4.csv,,
2026-04-15 16:07:17,gateway,gateway_A,raspberrypi,4,local_train,3,30,1.0,0.0207193829119205,30.0,RN_ASCON,RN,ascon,5,model_metrics_gateway_gateway_A_4.csv,,
2026-04-15 16:08:16,gateway,gateway_A,raspberrypi,4,local_train,4,30,1.0,0.0187919232994318,30.0,RN_ASCON,RN,ascon,5,model_metrics_gateway_gateway_A_4.csv,,
2026-04-15 16:11:06,gateway,gateway_A,raspberrypi,4,local_train,5,30,0.8666666746139526,0.3400307595729828,30.0,RN_ASCON,RN,ascon,5,model_metrics_gateway_gateway_A_4.csv,,
2026-04-15 16:12:05,gateway,gateway_A,raspberrypi,4,local_train,6,30,0.800000011920929,0.684702455997467,30.0,RN_ASCON,RN,ascon,5,model_metrics_gateway_gateway_A_4.csv,,
2026-04-15 16:13:04,gateway,gateway_A,raspberrypi,4,local_train,7,30,0.9333333373069764,0.2494259774684906,30.0,RN_ASCON,RN,ascon,5,model_metrics_gateway_gateway_A_4.csv,,
2026-04-15 16:14:03,gateway,gateway_A,raspberrypi,4,local_train,8,30,0.8666666746139526,0.3235123753547668,30.0,RN_ASCON,RN,ascon,5,model_metrics_gateway_gateway_A_4.csv,,
2026-04-15 16:15:02,gateway,gateway_A,raspberrypi,4,local_train,9,30,0.8666666746139526,0.3537425100803375,30.0,RN_ASCON,RN,ascon,5,model_metrics_gateway_gateway_A_4.csv,,
2026-04-15 16:16:01,gateway,gateway_A,raspberrypi,4,local_train,10,30,0.8666666746139526,0.4047148525714874,30.0,RN_ASCON,RN,ascon,5,model_metrics_gateway_gateway_A_4.csv,,
2026-04-15 16:17:00,gateway,gateway_A,raspberrypi,4,local_train,11,30,0.8999999761581421,0.2428942173719406,30.0,RN_ASCON,RN,ascon,5,model_metrics_gateway_gateway_A_4.csv,,
2026-04-15 16:17:59,gateway,gateway_A,raspberrypi,4,local_train,12,30,0.8666666746139526,0.4399670362472534,30.0,RN_ASCON,RN,ascon,5,model_metrics_gateway_gateway_A_4.csv,,
2026-04-15 16:18:58,gateway,gateway_A,raspberrypi,4,local_train,13,30,0.800000011920929,0.4413631856441498,30.0,RN_ASCON,RN,ascon,5,model_metrics_gateway_gateway_A_4.csv,,
2026-04-15 16:19:58,gateway,gateway_A,raspberrypi,4,local_train,14,30,0.8333333134651184,0.3617232739925384,30.0,RN_ASCON,RN,ascon,5,model_metrics_gateway_gateway_A_4.csv,,
2026-04-15 16:20:57,gateway,gateway_A,raspberrypi,4,local_train,15,30,0.800000011920929,0.3585945963859558,30.0,RN_ASCON,RN,ascon,5,model_metrics_gateway_gateway_A_4.csv,,
2026-04-15 16:21:56,gateway,gateway_A,raspberrypi,4,local_train,16,30,0.9666666388511658,0.23537677526474,30.0,RN_ASCON,RN,ascon,5,model_metrics_gateway_gateway_A_4.csv,,
2026-04-15 16:22:55,gateway,gateway_A,raspberrypi,4,local_train,17,30,0.9666666388511658,0.058629035949707,30.0,RN_ASCON,RN,ascon,5,model_metrics_gateway_gateway_A_4.csv,,
2026-04-15 16:23:55,gateway,gateway_A,raspberrypi,4,local_train,18,30,0.9333333373069764,0.243057906627655,30.0,RN_ASCON,RN,ascon,5,model_metrics_gateway_gateway_A_4.csv,,
2026-04-15 16:24:53,gateway,gateway_A,raspberrypi,4,local_train,19,30,0.9666666388511658,0.074266143143177,30.0,RN_ASCON,RN,ascon,5,model_metrics_gateway_gateway_A_4.csv,,
2026-04-15 16:04:25,gateway,gateway_B,gatewayB,4,local_train,0,30,0.7666666507720947,0.6872164607048035,30.0,RN_ASCON,RN,ascon,5,model_metrics_gateway_gateway_B_4.csv,,
2026-04-15 16:05:19,gateway,gateway_B,gatewayB,4,local_train,1,30,0.9666666388511658,0.1259943842887878,30.0,RN_ASCON,RN,ascon,5,model_metrics_gateway_gateway_B_4.csv,,
2026-04-15 16:06:18,gateway,gateway_B,gatewayB,4,local_train,2,30,1.0,0.0305142775177955,30.0,RN_ASCON,RN,ascon,5,model_metrics_gateway_gateway_B_4.csv,,
2026-04-15 16:07:17,gateway,gateway_B,gatewayB,4,local_train,3,30,1.0,0.0118527403101325,30.0,RN_ASCON,RN,ascon,5,model_metrics_gateway_gateway_B_4.csv,,
2026-04-15 16:08:16,gateway,gateway_B,gatewayB,4,local_train,4,30,1.0,0.0127656739205122,30.0,RN_ASCON,RN,ascon,5,model_metrics_gateway_gateway_B_4.csv,,
2026-04-15 16:11:06,gateway,gateway_B,gatewayB,4,local_train,5,30,1.0,0.0204292554408311,30.0,RN_ASCON,RN,ascon,5,model_metrics_gateway_gateway_B_4.csv,,
2026-04-15 16:12:05,gateway,gateway_B,gatewayB,4,local_train,6,30,1.0,0.0279265530407428,30.0,RN_ASCON,RN,ascon,5,model_metrics_gateway_gateway_B_4.csv,,
2026-04-15 16:13:04,gateway,gateway_B,gatewayB,4,local_train,7,30,1.0,0.0125626716762781,30.0,RN_ASCON,RN,ascon,5,model_metrics_gateway_gateway_B_4.csv,,
2026-04-15 16:14:03,gateway,gateway_B,gatewayB,4,local_train,8,30,1.0,0.0123695135116577,30.0,RN_ASCON,RN,ascon,5,model_metrics_gateway_gateway_B_4.csv,,
2026-04-15 16:15:02,gateway,gateway_B,gatewayB,4,local_train,9,30,1.0,0.0216938611119985,30.0,RN_ASCON,RN,ascon,5,model_metrics_gateway_gateway_B_4.csv,,
2026-04-15 16:16:01,gateway,gateway_B,gatewayB,4,local_train,10,30,1.0,0.0130163626745343,30.0,RN_ASCON,RN,ascon,5,model_metrics_gateway_gateway_B_4.csv,,
2026-04-15 16:17:00,gateway,gateway_B,gatewayB,4,local_train,11,30,1.0,0.0073039052076637,30.0,RN_ASCON,RN,ascon,5,model_metrics_gateway_gateway_B_4.csv,,
2026-04-15 16:17:59,gateway,gateway_B,gatewayB,4,local_train,12,30,1.0,0.006875870283693,30.0,RN_ASCON,RN,ascon,5,model_metrics_gateway_gateway_B_4.csv,,
2026-04-15 16:18:59,gateway,gateway_B,gatewayB,4,local_train,13,30,1.0,0.0164571721106767,30.0,RN_ASCON,RN,ascon,5,model_metrics_gateway_gateway_B_4.csv,,
2026-04-15 16:19:59,gateway,gateway_B,gatewayB,4,local_train,14,30,1.0,0.0066365203820168,30.0,RN_ASCON,RN,ascon,5,model_metrics_gateway_gateway_B_4.csv,,
2026-04-15 16:20:57,gateway,gateway_B,gatewayB,4,local_train,15,30,1.0,0.0082376208156347,30.0,RN_ASCON,RN,ascon,5,model_metrics_gateway_gateway_B_4.csv,,
2026-04-15 16:21:56,gateway,gateway_B,gatewayB,4,local_train,16,30,1.0,0.0032793716527521,30.0,RN_ASCON,RN,ascon,5,model_metrics_gateway_gateway_B_4.csv,,
2026-04-15 16:22:55,gateway,gateway_B,gatewayB,4,local_train,17,30,1.0,0.0114304898306727,30.0,RN_ASCON,RN,ascon,5,model_metrics_gateway_gateway_B_4.csv,,
2026-04-15 16:23:54,gateway,gateway_B,gatewayB,4,local_train,18,30,1.0,0.0099791996181011,30.0,RN_ASCON,RN,ascon,5,model_metrics_gateway_gateway_B_4.csv,,
2026-04-15 16:24:53,gateway,gateway_B,gatewayB,4,local_train,19,30,1.0,0.0030269373673945,30.0,RN_ASCON,RN,ascon,5,model_metrics_gateway_gateway_B_4.csv,,
2026-04-15 16:32:33,gateway,gateway_A,raspberrypi,5,local_train,0,30,0.7666666507720947,0.9114301204681396,30.0,RN_ASCON,RN,ascon,6,model_metrics_gateway_gateway_A_5.csv,,
2026-04-15 16:34:04,gateway,gateway_A,raspberrypi,5,local_train,2,30,1.0,0.0387609675526618,30.0,RN_ASCON,RN,ascon,6,model_metrics_gateway_gateway_A_5.csv,,
2026-04-15 16:35:30,gateway,gateway_A,raspberrypi,5,local_train,3,30,1.0,0.018571900203824,30.0,RN_ASCON,RN,ascon,6,model_metrics_gateway_gateway_A_5.csv,,
2026-04-15 16:36:53,gateway,gateway_A,raspberrypi,5,local_train,4,30,1.0,0.0108089260756969,30.0,RN_ASCON,RN,ascon,6,model_metrics_gateway_gateway_A_5.csv,,
2026-04-15 16:37:57,gateway,gateway_A,raspberrypi,5,local_train,5,30,0.8333333134651184,0.5884392857551575,30.0,RN_ASCON,RN,ascon,6,model_metrics_gateway_gateway_A_5.csv,,
2026-04-15 16:38:56,gateway,gateway_A,raspberrypi,5,local_train,6,30,0.8999999761581421,0.4216656386852264,30.0,RN_ASCON,RN,ascon,6,model_metrics_gateway_gateway_A_5.csv,,
2026-04-15 16:39:58,gateway,gateway_A,raspberrypi,5,local_train,7,30,0.9666666388511658,0.1067098453640937,30.0,RN_ASCON,RN,ascon,6,model_metrics_gateway_gateway_A_5.csv,,
2026-04-15 16:40:57,gateway,gateway_A,raspberrypi,5,local_train,8,30,0.8333333134651184,0.3139874339103699,30.0,RN_ASCON,RN,ascon,6,model_metrics_gateway_gateway_A_5.csv,,
2026-04-15 16:41:56,gateway,gateway_A,raspberrypi,5,local_train,9,30,0.9666666388511658,0.2536977529525757,30.0,RN_ASCON,RN,ascon,6,model_metrics_gateway_gateway_A_5.csv,,
2026-04-15 16:42:55,gateway,gateway_A,raspberrypi,5,local_train,10,30,0.8333333134651184,0.4470697343349457,30.0,RN_ASCON,RN,ascon,6,model_metrics_gateway_gateway_A_5.csv,,
2026-04-15 16:43:54,gateway,gateway_A,raspberrypi,5,local_train,11,30,0.9666666388511658,0.1042809784412384,30.0,RN_ASCON,RN,ascon,6,model_metrics_gateway_gateway_A_5.csv,,
2026-04-15 16:44:52,gateway,gateway_A,raspberrypi,5,local_train,12,30,0.9333333373069764,0.1335808187723159,30.0,RN_ASCON,RN,ascon,6,model_metrics_gateway_gateway_A_5.csv,,
2026-04-15 16:45:51,gateway,gateway_A,raspberrypi,5,local_train,13,30,0.9666666388511658,0.1140563488006591,30.0,RN_ASCON,RN,ascon,6,model_metrics_gateway_gateway_A_5.csv,,
2026-04-15 16:46:50,gateway,gateway_A,raspberrypi,5,local_train,14,30,0.9333333373069764,0.2188514918088913,30.0,RN_ASCON,RN,ascon,6,model_metrics_gateway_gateway_A_5.csv,,
2026-04-15 16:47:49,gateway,gateway_A,raspberrypi,5,local_train,15,30,0.9333333373069764,0.2601090669631958,30.0,RN_ASCON,RN,ascon,6,model_metrics_gateway_gateway_A_5.csv,,
2026-04-15 16:48:48,gateway,gateway_A,raspberrypi,5,local_train,16,30,0.8999999761581421,0.3441801071166992,30.0,RN_ASCON,RN,ascon,6,model_metrics_gateway_gateway_A_5.csv,,
2026-04-15 16:49:47,gateway,gateway_A,raspberrypi,5,local_train,17,30,0.9666666388511658,0.146576702594757,30.0,RN_ASCON,RN,ascon,6,model_metrics_gateway_gateway_A_5.csv,,
2026-04-15 16:50:46,gateway,gateway_A,raspberrypi,5,local_train,18,30,0.9333333373069764,0.3577962219715118,30.0,RN_ASCON,RN,ascon,6,model_metrics_gateway_gateway_A_5.csv,,
2026-04-15 16:51:45,gateway,gateway_A,raspberrypi,5,local_train,19,30,0.8333333134651184,0.471945583820343,30.0,RN_ASCON,RN,ascon,6,model_metrics_gateway_gateway_A_5.csv,,
2026-04-15 16:32:08,gateway,gateway_B,gatewayB,5,local_train,0,30,0.7333333492279053,1.1237525939941406,30.0,RN_ASCON,RN,ascon,6,model_metrics_gateway_gateway_B_5.csv,,
2026-04-15 16:33:01,gateway,gateway_B,gatewayB,5,local_train,1,30,0.8999999761581421,0.2136500477790832,30.0,RN_ASCON,RN,ascon,6,model_metrics_gateway_gateway_B_5.csv,,
2026-04-15 16:33:51,gateway,gateway_B,gatewayB,5,local_train,1,30,1.0,0.0568378828465938,30.0,RN_ASCON,RN,ascon,6,model_metrics_gateway_gateway_B_5.csv,,
2026-04-15 16:34:51,gateway,gateway_B,gatewayB,5,local_train,2,30,1.0,0.031130826100707,30.0,RN_ASCON,RN,ascon,6,model_metrics_gateway_gateway_B_5.csv,,
2026-04-15 16:35:50,gateway,gateway_B,gatewayB,5,local_train,3,30,1.0,0.0312522836029529,30.0,RN_ASCON,RN,ascon,6,model_metrics_gateway_gateway_B_5.csv,,
2026-04-15 16:36:48,gateway,gateway_B,gatewayB,5,local_train,4,30,1.0,0.0105171296745538,30.0,RN_ASCON,RN,ascon,6,model_metrics_gateway_gateway_B_5.csv,,
2026-04-15 16:37:48,gateway,gateway_B,gatewayB,5,local_train,5,30,1.0,0.0053089414723217,30.0,RN_ASCON,RN,ascon,6,model_metrics_gateway_gateway_B_5.csv,,
2026-04-15 16:38:45,gateway,gateway_B,gatewayB,5,local_train,6,30,1.0,0.005552040413022,30.0,RN_ASCON,RN,ascon,6,model_metrics_gateway_gateway_B_5.csv,,
2026-04-15 16:39:46,gateway,gateway_B,gatewayB,5,local_train,7,30,1.0,0.0172085240483284,30.0,RN_ASCON,RN,ascon,6,model_metrics_gateway_gateway_B_5.csv,,
2026-04-15 16:40:47,gateway,gateway_B,gatewayB,5,local_train,8,30,1.0,0.0434439517557621,30.0,RN_ASCON,RN,ascon,6,model_metrics_gateway_gateway_B_5.csv,,
2026-04-15 16:41:47,gateway,gateway_B,gatewayB,5,local_train,9,30,1.0,0.0139446770772337,30.0,RN_ASCON,RN,ascon,6,model_metrics_gateway_gateway_B_5.csv,,
2026-04-15 16:42:45,gateway,gateway_B,gatewayB,5,local_train,10,30,1.0,0.0087181432172656,30.0,RN_ASCON,RN,ascon,6,model_metrics_gateway_gateway_B_5.csv,,
2026-04-15 16:43:44,gateway,gateway_B,gatewayB,5,local_train,11,30,1.0,0.0059820665046572,30.0,RN_ASCON,RN,ascon,6,model_metrics_gateway_gateway_B_5.csv,,
2026-04-15 16:44:42,gateway,gateway_B,gatewayB,5,local_train,12,30,1.0,0.0059147202409803,30.0,RN_ASCON,RN,ascon,6,model_metrics_gateway_gateway_B_5.csv,,
2026-04-15 16:45:41,gateway,gateway_B,gatewayB,5,local_train,13,30,1.0,0.0049460949376225,30.0,RN_ASCON,RN,ascon,6,model_metrics_gateway_gateway_B_5.csv,,
2026-04-15 16:46:40,gateway,gateway_B,gatewayB,5,local_train,14,30,1.0,0.0053393370471894,30.0,RN_ASCON,RN,ascon,6,model_metrics_gateway_gateway_B_5.csv,,
2026-04-15 16:47:39,gateway,gateway_B,gatewayB,5,local_train,15,30,1.0,0.0034436960704624,30.0,RN_ASCON,RN,ascon,6,model_metrics_gateway_gateway_B_5.csv,,
2026-04-15 16:48:38,gateway,gateway_B,gatewayB,5,local_train,16,30,1.0,0.0082168318331241,30.0,RN_ASCON,RN,ascon,6,model_metrics_gateway_gateway_B_5.csv,,
2026-04-15 16:49:37,gateway,gateway_B,gatewayB,5,local_train,17,30,1.0,0.0029435888864099,30.0,RN_ASCON,RN,ascon,6,model_metrics_gateway_gateway_B_5.csv,,
2026-04-15 16:50:36,gateway,gateway_B,gatewayB,5,local_train,18,30,1.0,0.0061634718440473,30.0,RN_ASCON,RN,ascon,6,model_metrics_gateway_gateway_B_5.csv,,
2026-04-15 16:51:35,gateway,gateway_B,gatewayB,5,local_train,19,30,1.0,0.00383031507954,30.0,RN_ASCON,RN,ascon,6,model_metrics_gateway_gateway_B_5.csv,,
2026-04-15 16:59:30,gateway,gateway_A,raspberrypi,6,local_train,0,30,0.8333333134651184,0.641818106174469,30.0,RN_ASCON,RN,ascon,7,model_metrics_gateway_gateway_A_6.csv,,
2026-04-15 17:00:23,gateway,gateway_A,raspberrypi,6,local_train,1,30,0.9333333373069764,0.1954600661993026,30.0,RN_ASCON,RN,ascon,7,model_metrics_gateway_gateway_A_6.csv,,
2026-04-15 17:01:23,gateway,gateway_A,raspberrypi,6,local_train,2,30,1.0,0.0845387056469917,30.0,RN_ASCON,RN,ascon,7,model_metrics_gateway_gateway_A_6.csv,,
2026-04-15 17:02:22,gateway,gateway_A,raspberrypi,6,local_train,3,30,1.0,0.044970329850912,30.0,RN_ASCON,RN,ascon,7,model_metrics_gateway_gateway_A_6.csv,,
2026-04-15 17:03:22,gateway,gateway_A,raspberrypi,6,local_train,4,30,1.0,0.0125239193439483,30.0,RN_ASCON,RN,ascon,7,model_metrics_gateway_gateway_A_6.csv,,
2026-04-15 17:04:27,gateway,gateway_A,raspberrypi,6,local_train,5,30,0.9666666388511658,0.1187634691596031,30.0,RN_ASCON,RN,ascon,7,model_metrics_gateway_gateway_A_6.csv,,
2026-04-15 17:05:25,gateway,gateway_A,raspberrypi,6,local_train,6,30,0.8333333134651184,0.4210096597671509,30.0,RN_ASCON,RN,ascon,7,model_metrics_gateway_gateway_A_6.csv,,
2026-04-15 17:06:24,gateway,gateway_A,raspberrypi,6,local_train,7,30,0.8333333134651184,0.2763790190219879,30.0,RN_ASCON,RN,ascon,7,model_metrics_gateway_gateway_A_6.csv,,
2026-04-15 17:07:23,gateway,gateway_A,raspberrypi,6,local_train,8,30,0.8666666746139526,0.3046396672725677,30.0,RN_ASCON,RN,ascon,7,model_metrics_gateway_gateway_A_6.csv,,
2026-04-15 17:08:22,gateway,gateway_A,raspberrypi,6,local_train,9,30,0.8333333134651184,0.2716341018676758,30.0,RN_ASCON,RN,ascon,7,model_metrics_gateway_gateway_A_6.csv,,
2026-04-15 17:09:22,gateway,gateway_A,raspberrypi,6,local_train,10,30,0.9666666388511658,0.1819391399621963,30.0,RN_ASCON,RN,ascon,7,model_metrics_gateway_gateway_A_6.csv,,
2026-04-15 17:10:21,gateway,gateway_A,raspberrypi,6,local_train,11,30,1.0,0.036469180136919,30.0,RN_ASCON,RN,ascon,7,model_metrics_gateway_gateway_A_6.csv,,
2026-04-15 17:11:19,gateway,gateway_A,raspberrypi,6,local_train,12,30,0.8999999761581421,0.2250544130802154,30.0,RN_ASCON,RN,ascon,7,model_metrics_gateway_gateway_A_6.csv,,
2026-04-15 17:12:19,gateway,gateway_A,raspberrypi,6,local_train,13,30,1.0,0.0222837533801794,30.0,RN_ASCON,RN,ascon,7,model_metrics_gateway_gateway_A_6.csv,,
2026-04-15 17:13:18,gateway,gateway_A,raspberrypi,6,local_train,14,30,0.8999999761581421,0.2234421670436859,30.0,RN_ASCON,RN,ascon,7,model_metrics_gateway_gateway_A_6.csv,,
2026-04-15 17:14:18,gateway,gateway_A,raspberrypi,6,local_train,15,30,0.9666666388511658,0.1474793255329132,30.0,RN_ASCON,RN,ascon,7,model_metrics_gateway_gateway_A_6.csv,,
2026-04-15 17:15:19,gateway,gateway_A,raspberrypi,6,local_train,16,30,0.9333333373069764,0.2356305718421936,30.0,RN_ASCON,RN,ascon,7,model_metrics_gateway_gateway_A_6.csv,,
2026-04-15 17:16:18,gateway,gateway_A,raspberrypi,6,local_train,17,30,0.9333333373069764,0.1832967102527618,30.0,RN_ASCON,RN,ascon,7,model_metrics_gateway_gateway_A_6.csv,,
2026-04-15 17:17:19,gateway,gateway_A,raspberrypi,6,local_train,18,30,0.8999999761581421,0.2237275689840316,30.0,RN_ASCON,RN,ascon,7,model_metrics_gateway_gateway_A_6.csv,,
2026-04-15 17:18:19,gateway,gateway_A,raspberrypi,6,local_train,19,30,0.9333333373069764,0.2819399535655975,30.0,RN_ASCON,RN,ascon,7,model_metrics_gateway_gateway_A_6.csv,,
2026-04-15 16:59:27,gateway,gateway_B,gatewayB,6,local_train,0,30,0.7666666507720947,0.7261812686920166,30.0,RN_ASCON,RN,ascon,7,model_metrics_gateway_gateway_B_6.csv,,
2026-04-15 17:00:18,gateway,gateway_B,gatewayB,6,local_train,1,30,0.9333333373069764,0.2990980744361877,30.0,RN_ASCON,RN,ascon,7,model_metrics_gateway_gateway_B_6.csv,,
2026-04-15 17:01:16,gateway,gateway_B,gatewayB,6,local_train,2,30,0.8999999761581421,0.1768369972705841,30.0,RN_ASCON,RN,ascon,7,model_metrics_gateway_gateway_B_6.csv,,
2026-04-15 17:02:17,gateway,gateway_B,gatewayB,6,local_train,3,30,1.0,0.0629687532782554,30.0,RN_ASCON,RN,ascon,7,model_metrics_gateway_gateway_B_6.csv,,
2026-04-15 17:03:15,gateway,gateway_B,gatewayB,6,local_train,4,30,1.0,0.0321993045508861,30.0,RN_ASCON,RN,ascon,7,model_metrics_gateway_gateway_B_6.csv,,
2026-04-15 17:04:16,gateway,gateway_B,gatewayB,6,local_train,5,30,1.0,0.0242622401565313,30.0,RN_ASCON,RN,ascon,7,model_metrics_gateway_gateway_B_6.csv,,
2026-04-15 17:05:15,gateway,gateway_B,gatewayB,6,local_train,6,30,1.0,0.0067052636295557,30.0,RN_ASCON,RN,ascon,7,model_metrics_gateway_gateway_B_6.csv,,
2026-04-15 17:06:14,gateway,gateway_B,gatewayB,6,local_train,7,30,1.0,0.024155979976058,30.0,RN_ASCON,RN,ascon,7,model_metrics_gateway_gateway_B_6.csv,,
2026-04-15 17:07:13,gateway,gateway_B,gatewayB,6,local_train,8,30,1.0,0.0060663651674985,30.0,RN_ASCON,RN,ascon,7,model_metrics_gateway_gateway_B_6.csv,,
2026-04-15 17:08:12,gateway,gateway_B,gatewayB,6,local_train,9,30,1.0,0.0091970320791006,30.0,RN_ASCON,RN,ascon,7,model_metrics_gateway_gateway_B_6.csv,,
2026-04-15 17:09:11,gateway,gateway_B,gatewayB,6,local_train,10,30,1.0,0.0139342993497848,30.0,RN_ASCON,RN,ascon,7,model_metrics_gateway_gateway_B_6.csv,,
2026-04-15 17:10:10,gateway,gateway_B,gatewayB,6,local_train,11,30,1.0,0.0107252178713679,30.0,RN_ASCON,RN,ascon,7,model_metrics_gateway_gateway_B_6.csv,,
2026-04-15 17:11:09,gateway,gateway_B,gatewayB,6,local_train,12,30,1.0,0.0051034679636359,30.0,RN_ASCON,RN,ascon,7,model_metrics_gateway_gateway_B_6.csv,,
2026-04-15 17:12:09,gateway,gateway_B,gatewayB,6,local_train,13,30,1.0,0.0246160347014665,30.0,RN_ASCON,RN,ascon,7,model_metrics_gateway_gateway_B_6.csv,,
2026-04-15 17:13:08,gateway,gateway_B,gatewayB,6,local_train,14,30,1.0,0.003068552352488,30.0,RN_ASCON,RN,ascon,7,model_metrics_gateway_gateway_B_6.csv,,
2026-04-15 17:14:06,gateway,gateway_B,gatewayB,6,local_train,15,30,1.0,0.0033089569769799,30.0,RN_ASCON,RN,ascon,7,model_metrics_gateway_gateway_B_6.csv,,
2026-04-15 17:15:09,gateway,gateway_B,gatewayB,6,local_train,16,30,1.0,0.0032107064034789,30.0,RN_ASCON,RN,ascon,7,model_metrics_gateway_gateway_B_6.csv,,
2026-04-15 17:16:09,gateway,gateway_B,gatewayB,6,local_train,17,30,1.0,0.0258678384125232,30.0,RN_ASCON,RN,ascon,7,model_metrics_gateway_gateway_B_6.csv,,
2026-04-15 17:17:09,gateway,gateway_B,gatewayB,6,local_train,18,30,1.0,0.004001151304692,30.0,RN_ASCON,RN,ascon,7,model_metrics_gateway_gateway_B_6.csv,,
2026-04-15 17:18:07,gateway,gateway_B,gatewayB,6,local_train,19,30,1.0,0.0217866469174623,30.0,RN_ASCON,RN,ascon,7,model_metrics_gateway_gateway_B_6.csv,,
2026-04-15 17:24:02,gateway,gateway_A,raspberrypi,7,local_train,0,30,0.7666666507720947,0.9223887324333192,30.0,RN_ASCON,RN,ascon,8,model_metrics_gateway_gateway_A_7.csv,,
2026-04-15 17:24:56,gateway,gateway_A,raspberrypi,7,local_train,1,30,0.9666666388511658,0.1152966395020484,30.0,RN_ASCON,RN,ascon,8,model_metrics_gateway_gateway_A_7.csv,,
2026-04-15 17:25:55,gateway,gateway_A,raspberrypi,7,local_train,2,30,1.0,0.0507910959422588,30.0,RN_ASCON,RN,ascon,8,model_metrics_gateway_gateway_A_7.csv,,
2026-04-15 17:26:55,gateway,gateway_A,raspberrypi,7,local_train,3,30,1.0,0.0259986892342567,30.0,RN_ASCON,RN,ascon,8,model_metrics_gateway_gateway_A_7.csv,,
2026-04-15 17:27:58,gateway,gateway_A,raspberrypi,7,local_train,4,30,1.0,0.0105302315205335,30.0,RN_ASCON,RN,ascon,8,model_metrics_gateway_gateway_A_7.csv,,
2026-04-15 17:28:57,gateway,gateway_A,raspberrypi,7,local_train,5,30,0.7666666507720947,0.7429535984992981,30.0,RN_ASCON,RN,ascon,8,model_metrics_gateway_gateway_A_7.csv,,
2026-04-15 17:29:56,gateway,gateway_A,raspberrypi,7,local_train,6,30,0.9666666388511658,0.1697461456060409,30.0,RN_ASCON,RN,ascon,8,model_metrics_gateway_gateway_A_7.csv,,
2026-04-15 17:30:55,gateway,gateway_A,raspberrypi,7,local_train,7,30,0.8999999761581421,0.1889974325895309,30.0,RN_ASCON,RN,ascon,8,model_metrics_gateway_gateway_A_7.csv,,
2026-04-15 17:31:54,gateway,gateway_A,raspberrypi,7,local_train,8,30,0.8999999761581421,0.2741398215293884,30.0,RN_ASCON,RN,ascon,8,model_metrics_gateway_gateway_A_7.csv,,
2026-04-15 17:32:59,gateway,gateway_A,raspberrypi,7,local_train,9,30,0.8333333134651184,0.450334221124649,30.0,RN_ASCON,RN,ascon,8,model_metrics_gateway_gateway_A_7.csv,,
2026-04-15 17:33:59,gateway,gateway_A,raspberrypi,7,local_train,10,30,0.8666666746139526,0.2971599698066711,30.0,RN_ASCON,RN,ascon,8,model_metrics_gateway_gateway_A_7.csv,,
2026-04-15 17:35:00,gateway,gateway_A,raspberrypi,7,local_train,11,30,0.9333333373069764,0.2175629734992981,30.0,RN_ASCON,RN,ascon,8,model_metrics_gateway_gateway_A_7.csv,,
2026-04-15 17:36:01,gateway,gateway_A,raspberrypi,7,local_train,12,30,0.800000011920929,0.314892441034317,30.0,RN_ASCON,RN,ascon,8,model_metrics_gateway_gateway_A_7.csv,,
2026-04-15 17:37:02,gateway,gateway_A,raspberrypi,7,local_train,13,30,0.9666666388511658,0.1138919442892074,30.0,RN_ASCON,RN,ascon,8,model_metrics_gateway_gateway_A_7.csv,,
2026-04-15 17:38:02,gateway,gateway_A,raspberrypi,7,local_train,14,30,0.9333333373069764,0.1746582090854644,30.0,RN_ASCON,RN,ascon,8,model_metrics_gateway_gateway_A_7.csv,,
2026-04-15 17:39:01,gateway,gateway_A,raspberrypi,7,local_train,15,30,0.9666666388511658,0.101975180208683,30.0,RN_ASCON,RN,ascon,8,model_metrics_gateway_gateway_A_7.csv,,
2026-04-15 17:39:59,gateway,gateway_A,raspberrypi,7,local_train,16,30,1.0,0.0219226013869047,30.0,RN_ASCON,RN,ascon,8,model_metrics_gateway_gateway_A_7.csv,,
2026-04-15 17:40:58,gateway,gateway_A,raspberrypi,7,local_train,17,30,0.8666666746139526,0.2409465759992599,30.0,RN_ASCON,RN,ascon,8,model_metrics_gateway_gateway_A_7.csv,,
2026-04-15 17:41:57,gateway,gateway_A,raspberrypi,7,local_train,18,30,0.9333333373069764,0.2105444073677063,30.0,RN_ASCON,RN,ascon,8,model_metrics_gateway_gateway_A_7.csv,,
2026-04-15 17:42:56,gateway,gateway_A,raspberrypi,7,local_train,19,30,0.8999999761581421,0.2964580655097961,30.0,RN_ASCON,RN,ascon,8,model_metrics_gateway_gateway_A_7.csv,,
2026-04-15 17:24:02,gateway,gateway_B,gatewayB,7,local_train,0,30,0.800000011920929,0.6797438263893127,30.0,RN_ASCON,RN,ascon,8,model_metrics_gateway_gateway_B_7.csv,,
2026-04-15 17:24:56,gateway,gateway_B,gatewayB,7,local_train,1,30,0.9666666388511658,0.1506079137325287,30.0,RN_ASCON,RN,ascon,8,model_metrics_gateway_gateway_B_7.csv,,
2026-04-15 17:25:56,gateway,gateway_B,gatewayB,7,local_train,2,30,1.0,0.0451005138456821,30.0,RN_ASCON,RN,ascon,8,model_metrics_gateway_gateway_B_7.csv,,
2026-04-15 17:26:55,gateway,gateway_B,gatewayB,7,local_train,3,30,1.0,0.030013557523489,30.0,RN_ASCON,RN,ascon,8,model_metrics_gateway_gateway_B_7.csv,,
2026-04-15 17:27:53,gateway,gateway_B,gatewayB,7,local_train,4,30,1.0,0.0143133690580725,30.0,RN_ASCON,RN,ascon,8,model_metrics_gateway_gateway_B_7.csv,,
2026-04-15 17:28:51,gateway,gateway_B,gatewayB,7,local_train,5,30,1.0,0.0087877167388796,30.0,RN_ASCON,RN,ascon,8,model_metrics_gateway_gateway_B_7.csv,,
2026-04-15 17:29:51,gateway,gateway_B,gatewayB,7,local_train,6,30,1.0,0.0181665029376745,30.0,RN_ASCON,RN,ascon,8,model_metrics_gateway_gateway_B_7.csv,,
2026-04-15 17:30:50,gateway,gateway_B,gatewayB,7,local_train,7,30,1.0,0.0147825041785836,30.0,RN_ASCON,RN,ascon,8,model_metrics_gateway_gateway_B_7.csv,,
2026-04-15 17:31:49,gateway,gateway_B,gatewayB,7,local_train,8,30,1.0,0.0091381333768367,30.0,RN_ASCON,RN,ascon,8,model_metrics_gateway_gateway_B_7.csv,,
2026-04-15 17:32:54,gateway,gateway_B,gatewayB,7,local_train,9,30,1.0,0.0358985178172588,30.0,RN_ASCON,RN,ascon,8,model_metrics_gateway_gateway_B_7.csv,,
2026-04-15 17:33:55,gateway,gateway_B,gatewayB,7,local_train,10,30,1.0,0.0099184727296233,30.0,RN_ASCON,RN,ascon,8,model_metrics_gateway_gateway_B_7.csv,,
2026-04-15 17:34:53,gateway,gateway_B,gatewayB,7,local_train,11,30,1.0,0.0109269954264163,30.0,RN_ASCON,RN,ascon,8,model_metrics_gateway_gateway_B_7.csv,,
2026-04-15 17:35:54,gateway,gateway_B,gatewayB,7,local_train,12,30,1.0,0.0192167703062295,30.0,RN_ASCON,RN,ascon,8,model_metrics_gateway_gateway_B_7.csv,,
2026-04-15 17:37:00,gateway,gateway_B,gatewayB,7,local_train,13,30,1.0,0.0109542459249496,30.0,RN_ASCON,RN,ascon,8,model_metrics_gateway_gateway_B_7.csv,,
2026-04-15 17:38:01,gateway,gateway_B,gatewayB,7,local_train,14,30,1.0,0.0136112095788121,30.0,RN_ASCON,RN,ascon,8,model_metrics_gateway_gateway_B_7.csv,,
2026-04-15 17:39:01,gateway,gateway_B,gatewayB,7,local_train,15,30,1.0,0.0030825191643089,30.0,RN_ASCON,RN,ascon,8,model_metrics_gateway_gateway_B_7.csv,,
2026-04-15 17:39:59,gateway,gateway_B,gatewayB,7,local_train,16,30,1.0,0.0052394513040781,30.0,RN_ASCON,RN,ascon,8,model_metrics_gateway_gateway_B_7.csv,,
2026-04-15 17:40:58,gateway,gateway_B,gatewayB,7,local_train,17,30,1.0,0.0065407431684434,30.0,RN_ASCON,RN,ascon,8,model_metrics_gateway_gateway_B_7.csv,,
2026-04-15 17:41:57,gateway,gateway_B,gatewayB,7,local_train,18,30,1.0,0.0043899966403841,30.0,RN_ASCON,RN,ascon,8,model_metrics_gateway_gateway_B_7.csv,,
2026-04-15 17:42:56,gateway,gateway_B,gatewayB,7,local_train,19,30,1.0,0.00736776413396,30.0,RN_ASCON,RN,ascon,8,model_metrics_gateway_gateway_B_7.csv,,
2026-04-15 17:49:43,gateway,gateway_A,raspberrypi,8,local_train,0,30,0.800000011920929,0.5612294673919678,30.0,RN_ASCON,RN,ascon,9,model_metrics_gateway_gateway_A_8.csv,,
2026-04-15 17:50:37,gateway,gateway_A,raspberrypi,8,local_train,1,30,1.0,0.0916161686182022,30.0,RN_ASCON,RN,ascon,9,model_metrics_gateway_gateway_A_8.csv,,
2026-04-15 17:51:38,gateway,gateway_A,raspberrypi,8,local_train,2,30,1.0,0.0254339594393968,30.0,RN_ASCON,RN,ascon,9,model_metrics_gateway_gateway_A_8.csv,,
2026-04-15 17:52:36,gateway,gateway_A,raspberrypi,8,local_train,3,30,1.0,0.0324813872575759,30.0,RN_ASCON,RN,ascon,9,model_metrics_gateway_gateway_A_8.csv,,
2026-04-15 17:53:42,gateway,gateway_A,raspberrypi,8,local_train,4,30,0.9666666388511658,0.2395325154066085,30.0,RN_ASCON,RN,ascon,9,model_metrics_gateway_gateway_A_8.csv,,
2026-04-15 17:54:40,gateway,gateway_A,raspberrypi,8,local_train,5,30,0.800000011920929,0.5766676664352417,30.0,RN_ASCON,RN,ascon,9,model_metrics_gateway_gateway_A_8.csv,,
2026-04-15 17:55:40,gateway,gateway_A,raspberrypi,8,local_train,6,30,0.8999999761581421,0.2113615721464157,30.0,RN_ASCON,RN,ascon,9,model_metrics_gateway_gateway_A_8.csv,,
2026-04-15 17:56:39,gateway,gateway_A,raspberrypi,8,local_train,7,30,0.9333333373069764,0.1543029397726059,30.0,RN_ASCON,RN,ascon,9,model_metrics_gateway_gateway_A_8.csv,,
2026-04-15 17:57:40,gateway,gateway_A,raspberrypi,8,local_train,8,30,0.8333333134651184,0.3553286492824554,30.0,RN_ASCON,RN,ascon,9,model_metrics_gateway_gateway_A_8.csv,,
2026-04-15 17:58:39,gateway,gateway_A,raspberrypi,8,local_train,9,30,0.7666666507720947,0.5990232825279236,30.0,RN_ASCON,RN,ascon,9,model_metrics_gateway_gateway_A_8.csv,,
2026-04-15 17:59:39,gateway,gateway_A,raspberrypi,8,local_train,10,30,0.8333333134651184,0.3462404310703277,30.0,RN_ASCON,RN,ascon,9,model_metrics_gateway_gateway_A_8.csv,,
2026-04-15 18:00:38,gateway,gateway_A,raspberrypi,8,local_train,11,30,1.0,0.0835349410772323,30.0,RN_ASCON,RN,ascon,9,model_metrics_gateway_gateway_A_8.csv,,
2026-04-15 18:01:37,gateway,gateway_A,raspberrypi,8,local_train,12,30,0.9666666388511658,0.1283881366252899,30.0,RN_ASCON,RN,ascon,9,model_metrics_gateway_gateway_A_8.csv,,
2026-04-15 18:02:37,gateway,gateway_A,raspberrypi,8,local_train,13,30,0.9666666388511658,0.1245232447981834,30.0,RN_ASCON,RN,ascon,9,model_metrics_gateway_gateway_A_8.csv,,
2026-04-15 18:03:36,gateway,gateway_A,raspberrypi,8,local_train,14,30,1.0,0.0874937325716018,30.0,RN_ASCON,RN,ascon,9,model_metrics_gateway_gateway_A_8.csv,,
2026-04-15 18:04:35,gateway,gateway_A,raspberrypi,8,local_train,15,30,0.9333333373069764,0.1675271838903427,30.0,RN_ASCON,RN,ascon,9,model_metrics_gateway_gateway_A_8.csv,,
2026-04-15 18:05:34,gateway,gateway_A,raspberrypi,8,local_train,16,30,0.8666666746139526,0.1816011816263198,30.0,RN_ASCON,RN,ascon,9,model_metrics_gateway_gateway_A_8.csv,,
2026-04-15 18:06:33,gateway,gateway_A,raspberrypi,8,local_train,17,30,0.9666666388511658,0.1387568265199661,30.0,RN_ASCON,RN,ascon,9,model_metrics_gateway_gateway_A_8.csv,,
2026-04-15 18:07:32,gateway,gateway_A,raspberrypi,8,local_train,18,30,0.8999999761581421,0.2859277725219726,30.0,RN_ASCON,RN,ascon,9,model_metrics_gateway_gateway_A_8.csv,,
2026-04-15 18:08:32,gateway,gateway_A,raspberrypi,8,local_train,19,30,0.8666666746139526,0.2851769626140594,30.0,RN_ASCON,RN,ascon,9,model_metrics_gateway_gateway_A_8.csv,,
2026-04-15 17:49:44,gateway,gateway_B,gatewayB,8,local_train,0,30,0.800000011920929,0.5557125210762024,30.0,RN_ASCON,RN,ascon,9,model_metrics_gateway_gateway_B_8.csv,,
2026-04-15 17:50:37,gateway,gateway_B,gatewayB,8,local_train,1,30,0.9333333373069764,0.189937025308609,30.0,RN_ASCON,RN,ascon,9,model_metrics_gateway_gateway_B_8.csv,,
2026-04-15 17:51:35,gateway,gateway_B,gatewayB,8,local_train,2,30,1.0,0.0529874004423618,30.0,RN_ASCON,RN,ascon,9,model_metrics_gateway_gateway_B_8.csv,,
2026-04-15 17:52:36,gateway,gateway_B,gatewayB,8,local_train,3,30,1.0,0.0173258762806653,30.0,RN_ASCON,RN,ascon,9,model_metrics_gateway_gateway_B_8.csv,,
2026-04-15 17:53:37,gateway,gateway_B,gatewayB,8,local_train,4,30,1.0,0.0320034697651863,30.0,RN_ASCON,RN,ascon,9,model_metrics_gateway_gateway_B_8.csv,,
2026-04-15 17:54:40,gateway,gateway_B,gatewayB,8,local_train,5,30,0.800000011920929,0.4087181389331817,30.0,RN_ASCON,RN,ascon,9,model_metrics_gateway_gateway_B_8.csv,,
2026-04-15 17:55:39,gateway,gateway_B,gatewayB,8,local_train,6,30,0.8666666746139526,0.3644654154777527,30.0,RN_ASCON,RN,ascon,9,model_metrics_gateway_gateway_B_8.csv,,
2026-04-15 17:56:39,gateway,gateway_B,gatewayB,8,local_train,7,30,0.8666666746139526,0.3589133620262146,30.0,RN_ASCON,RN,ascon,9,model_metrics_gateway_gateway_B_8.csv,,
2026-04-15 17:57:40,gateway,gateway_B,gatewayB,8,local_train,8,30,0.8666666746139526,0.2351197749376297,30.0,RN_ASCON,RN,ascon,9,model_metrics_gateway_gateway_B_8.csv,,
2026-04-15 17:58:39,gateway,gateway_B,gatewayB,8,local_train,9,30,0.9666666388511658,0.1078101769089698,30.0,RN_ASCON,RN,ascon,9,model_metrics_gateway_gateway_B_8.csv,,
2026-04-15 17:59:38,gateway,gateway_B,gatewayB,8,local_train,10,30,0.8333333134651184,0.3249226212501526,30.0,RN_ASCON,RN,ascon,9,model_metrics_gateway_gateway_B_8.csv,,
2026-04-15 18:00:37,gateway,gateway_B,gatewayB,8,local_train,11,30,0.7333333492279053,0.4551630914211273,30.0,RN_ASCON,RN,ascon,9,model_metrics_gateway_gateway_B_8.csv,,
2026-04-15 18:01:38,gateway,gateway_B,gatewayB,8,local_train,12,30,0.9666666388511658,0.1049019172787666,30.0,RN_ASCON,RN,ascon,9,model_metrics_gateway_gateway_B_8.csv,,
2026-04-15 18:02:37,gateway,gateway_B,gatewayB,8,local_train,13,30,0.9333333373069764,0.2882060408592224,30.0,RN_ASCON,RN,ascon,9,model_metrics_gateway_gateway_B_8.csv,,
2026-04-15 18:03:36,gateway,gateway_B,gatewayB,8,local_train,14,30,0.9333333373069764,0.1805576533079147,30.0,RN_ASCON,RN,ascon,9,model_metrics_gateway_gateway_B_8.csv,,
2026-04-15 18:04:35,gateway,gateway_B,gatewayB,8,local_train,15,30,0.9333333373069764,0.1853497326374054,30.0,RN_ASCON,RN,ascon,9,model_metrics_gateway_gateway_B_8.csv,,
2026-04-15 18:05:33,gateway,gateway_B,gatewayB,8,local_train,16,30,0.7333333492279053,0.645965576171875,30.0,RN_ASCON,RN,ascon,9,model_metrics_gateway_gateway_B_8.csv,,
2026-04-15 18:06:33,gateway,gateway_B,gatewayB,8,local_train,17,30,0.9333333373069764,0.2213097214698791,30.0,RN_ASCON,RN,ascon,9,model_metrics_gateway_gateway_B_8.csv,,
2026-04-15 18:07:32,gateway,gateway_B,gatewayB,8,local_train,18,30,0.9666666388511658,0.1074439734220504,30.0,RN_ASCON,RN,ascon,9,model_metrics_gateway_gateway_B_8.csv,,
2026-04-15 18:08:32,gateway,gateway_B,gatewayB,8,local_train,19,30,1.0,0.0710382685065269,30.0,RN_ASCON,RN,ascon,9,model_metrics_gateway_gateway_B_8.csv,,
2026-04-15 18:15:57,gateway,gateway_A,raspberrypi,9,local_train,0,30,0.7333333492279053,0.7262839674949646,30.0,RN_ASCON,RN,ascon,10,model_metrics_gateway_gateway_A_9.csv,,
2026-04-15 18:16:54,gateway,gateway_A,raspberrypi,9,local_train,1,30,0.9333333373069764,0.1815472394227981,30.0,RN_ASCON,RN,ascon,10,model_metrics_gateway_gateway_A_9.csv,,
2026-04-15 18:17:53,gateway,gateway_A,raspberrypi,9,local_train,2,30,1.0,0.0379756279289722,30.0,RN_ASCON,RN,ascon,10,model_metrics_gateway_gateway_A_9.csv,,
2026-04-15 18:18:51,gateway,gateway_A,raspberrypi,9,local_train,3,30,1.0,0.0141655951738357,30.0,RN_ASCON,RN,ascon,10,model_metrics_gateway_gateway_A_9.csv,,
2026-04-15 18:19:50,gateway,gateway_A,raspberrypi,9,local_train,4,30,1.0,0.0199501439929008,30.0,RN_ASCON,RN,ascon,10,model_metrics_gateway_gateway_A_9.csv,,
2026-04-15 18:20:49,gateway,gateway_A,raspberrypi,9,local_train,5,30,1.0,0.0046235485933721,30.0,RN_ASCON,RN,ascon,10,model_metrics_gateway_gateway_A_9.csv,,
2026-04-15 18:21:54,gateway,gateway_A,raspberrypi,9,local_train,6,30,0.9666666388511658,0.1986551284790039,30.0,RN_ASCON,RN,ascon,10,model_metrics_gateway_gateway_A_9.csv,,
2026-04-15 18:22:53,gateway,gateway_A,raspberrypi,9,local_train,7,30,0.8999999761581421,0.2892778813838959,30.0,RN_ASCON,RN,ascon,10,model_metrics_gateway_gateway_A_9.csv,,
2026-04-15 18:23:52,gateway,gateway_A,raspberrypi,9,local_train,8,30,0.8333333134651184,0.5356265902519226,30.0,RN_ASCON,RN,ascon,10,model_metrics_gateway_gateway_A_9.csv,,
2026-04-15 18:24:51,gateway,gateway_A,raspberrypi,9,local_train,9,30,0.8333333134651184,0.4842453002929687,30.0,RN_ASCON,RN,ascon,10,model_metrics_gateway_gateway_A_9.csv,,
2026-04-15 18:25:50,gateway,gateway_A,raspberrypi,9,local_train,10,30,0.800000011920929,0.4104988276958465,30.0,RN_ASCON,RN,ascon,10,model_metrics_gateway_gateway_A_9.csv,,
2026-04-15 18:26:49,gateway,gateway_A,raspberrypi,9,local_train,11,30,0.8999999761581421,0.1842896491289138,30.0,RN_ASCON,RN,ascon,10,model_metrics_gateway_gateway_A_9.csv,,
2026-04-15 18:27:48,gateway,gateway_A,raspberrypi,9,local_train,12,30,0.8666666746139526,0.2874134182929992,30.0,RN_ASCON,RN,ascon,10,model_metrics_gateway_gateway_A_9.csv,,
2026-04-15 18:28:49,gateway,gateway_A,raspberrypi,9,local_train,13,30,0.8999999761581421,0.2624858915805816,30.0,RN_ASCON,RN,ascon,10,model_metrics_gateway_gateway_A_9.csv,,
2026-04-15 18:29:48,gateway,gateway_A,raspberrypi,9,local_train,14,30,0.8999999761581421,0.2177488654851913,30.0,RN_ASCON,RN,ascon,10,model_metrics_gateway_gateway_A_9.csv,,
2026-04-15 18:30:49,gateway,gateway_A,raspberrypi,9,local_train,15,30,0.9333333373069764,0.2514927685260772,30.0,RN_ASCON,RN,ascon,10,model_metrics_gateway_gateway_A_9.csv,,
2026-04-15 18:31:47,gateway,gateway_A,raspberrypi,9,local_train,16,30,0.9333333373069764,0.2298083007335662,30.0,RN_ASCON,RN,ascon,10,model_metrics_gateway_gateway_A_9.csv,,
2026-04-15 18:32:51,gateway,gateway_A,raspberrypi,9,local_train,17,30,0.8333333134651184,0.254050999879837,30.0,RN_ASCON,RN,ascon,10,model_metrics_gateway_gateway_A_9.csv,,
2026-04-15 18:33:50,gateway,gateway_A,raspberrypi,9,local_train,18,30,0.8666666746139526,0.2163440287113189,30.0,RN_ASCON,RN,ascon,10,model_metrics_gateway_gateway_A_9.csv,,
2026-04-15 18:34:49,gateway,gateway_A,raspberrypi,9,local_train,19,30,0.8999999761581421,0.1571979373693466,30.0,RN_ASCON,RN,ascon,10,model_metrics_gateway_gateway_A_9.csv,,
2026-04-15 18:15:59,gateway,gateway_B,gatewayB,9,local_train,0,30,0.800000011920929,0.707461953163147,30.0,RN_ASCON,RN,ascon,10,model_metrics_gateway_gateway_B_9.csv,,
2026-04-15 18:16:53,gateway,gateway_B,gatewayB,9,local_train,1,30,1.0,0.098659761250019,30.0,RN_ASCON,RN,ascon,10,model_metrics_gateway_gateway_B_9.csv,,
2026-04-15 18:17:53,gateway,gateway_B,gatewayB,9,local_train,2,30,1.0,0.036402154713869,30.0,RN_ASCON,RN,ascon,10,model_metrics_gateway_gateway_B_9.csv,,
2026-04-15 18:18:51,gateway,gateway_B,gatewayB,9,local_train,3,30,1.0,0.0188718754798173,30.0,RN_ASCON,RN,ascon,10,model_metrics_gateway_gateway_B_9.csv,,
2026-04-15 18:19:49,gateway,gateway_B,gatewayB,9,local_train,4,30,1.0,0.0111335357651114,30.0,RN_ASCON,RN,ascon,10,model_metrics_gateway_gateway_B_9.csv,,
2026-04-15 18:20:48,gateway,gateway_B,gatewayB,9,local_train,5,30,1.0,0.014365404844284,30.0,RN_ASCON,RN,ascon,10,model_metrics_gateway_gateway_B_9.csv,,
2026-04-15 18:21:52,gateway,gateway_B,gatewayB,9,local_train,6,30,1.0,0.0236007701605558,30.0,RN_ASCON,RN,ascon,10,model_metrics_gateway_gateway_B_9.csv,,
2026-04-15 18:22:52,gateway,gateway_B,gatewayB,9,local_train,7,30,0.800000011920929,0.5771833062171936,30.0,RN_ASCON,RN,ascon,10,model_metrics_gateway_gateway_B_9.csv,,
2026-04-15 18:23:52,gateway,gateway_B,gatewayB,9,local_train,8,30,0.9333333373069764,0.2177537977695465,30.0,RN_ASCON,RN,ascon,10,model_metrics_gateway_gateway_B_9.csv,,
2026-04-15 18:24:51,gateway,gateway_B,gatewayB,9,local_train,9,30,0.8999999761581421,0.3671661913394928,30.0,RN_ASCON,RN,ascon,10,model_metrics_gateway_gateway_B_9.csv,,
2026-04-15 18:25:50,gateway,gateway_B,gatewayB,9,local_train,10,30,0.8999999761581421,0.2371762543916702,30.0,RN_ASCON,RN,ascon,10,model_metrics_gateway_gateway_B_9.csv,,
2026-04-15 18:26:49,gateway,gateway_B,gatewayB,9,local_train,11,30,0.9666666388511658,0.1891092956066131,30.0,RN_ASCON,RN,ascon,10,model_metrics_gateway_gateway_B_9.csv,,
2026-04-15 18:27:47,gateway,gateway_B,gatewayB,9,local_train,12,30,0.8333333134651184,0.2891633808612823,30.0,RN_ASCON,RN,ascon,10,model_metrics_gateway_gateway_B_9.csv,,
2026-04-15 18:28:48,gateway,gateway_B,gatewayB,9,local_train,13,30,0.9333333373069764,0.1716333329677581,30.0,RN_ASCON,RN,ascon,10,model_metrics_gateway_gateway_B_9.csv,,
2026-04-15 18:29:48,gateway,gateway_B,gatewayB,9,local_train,14,30,0.8666666746139526,0.2321327477693557,30.0,RN_ASCON,RN,ascon,10,model_metrics_gateway_gateway_B_9.csv,,
2026-04-15 18:30:46,gateway,gateway_B,gatewayB,9,local_train,15,30,0.8999999761581421,0.3057315051555633,30.0,RN_ASCON,RN,ascon,10,model_metrics_gateway_gateway_B_9.csv,,
2026-04-15 18:31:51,gateway,gateway_B,gatewayB,9,local_train,16,30,0.9333333373069764,0.2917770445346832,30.0,RN_ASCON,RN,ascon,10,model_metrics_gateway_gateway_B_9.csv,,
2026-04-15 18:32:49,gateway,gateway_B,gatewayB,9,local_train,17,30,0.9333333373069764,0.2227576524019241,30.0,RN_ASCON,RN,ascon,10,model_metrics_gateway_gateway_B_9.csv,,
2026-04-15 18:33:49,gateway,gateway_B,gatewayB,9,local_train,18,30,0.9333333373069764,0.203701451420784,30.0,RN_ASCON,RN,ascon,10,model_metrics_gateway_gateway_B_9.csv,,
2026-04-15 18:34:49,gateway,gateway_B,gatewayB,9,local_train,19,30,0.9666666388511658,0.1225082948803901,30.0,RN_ASCON,RN,ascon,10,model_metrics_gateway_gateway_B_9.csv,,
2026-04-15 18:40:42,gateway,gateway_A,raspberrypi,10,local_train,0,30,0.7666666507720947,0.6917151212692261,30.0,RN_ASCON,RN,ascon,11,model_metrics_gateway_gateway_A_10.csv,,
2026-04-15 18:41:35,gateway,gateway_A,raspberrypi,10,local_train,1,30,0.9666666388511658,0.1799287647008896,30.0,RN_ASCON,RN,ascon,11,model_metrics_gateway_gateway_A_10.csv,,
2026-04-15 18:42:37,gateway,gateway_A,raspberrypi,10,local_train,2,30,0.9666666388511658,0.0887817367911338,30.0,RN_ASCON,RN,ascon,11,model_metrics_gateway_gateway_A_10.csv,,
2026-04-15 18:43:36,gateway,gateway_A,raspberrypi,10,local_train,3,30,1.0,0.0180434305220842,30.0,RN_ASCON,RN,ascon,11,model_metrics_gateway_gateway_A_10.csv,,
2026-04-15 18:44:44,gateway,gateway_A,raspberrypi,10,local_train,4,30,1.0,0.0046903332695364,30.0,RN_ASCON,RN,ascon,11,model_metrics_gateway_gateway_A_10.csv,,
2026-04-15 18:45:43,gateway,gateway_A,raspberrypi,10,local_train,5,30,1.0,0.0055918670259416,30.0,RN_ASCON,RN,ascon,11,model_metrics_gateway_gateway_A_10.csv,,
2026-04-15 18:46:42,gateway,gateway_A,raspberrypi,10,local_train,6,30,0.9666666388511658,0.083684854209423,30.0,RN_ASCON,RN,ascon,11,model_metrics_gateway_gateway_A_10.csv,,
2026-04-15 18:47:41,gateway,gateway_A,raspberrypi,10,local_train,7,30,1.0,0.0220449045300483,30.0,RN_ASCON,RN,ascon,11,model_metrics_gateway_gateway_A_10.csv,,
2026-04-15 18:48:40,gateway,gateway_A,raspberrypi,10,local_train,8,30,1.0,0.0237851701676845,30.0,RN_ASCON,RN,ascon,11,model_metrics_gateway_gateway_A_10.csv,,
2026-04-15 18:49:39,gateway,gateway_A,raspberrypi,10,local_train,9,30,1.0,0.0168476477265357,30.0,RN_ASCON,RN,ascon,11,model_metrics_gateway_gateway_A_10.csv,,
2026-04-15 18:50:37,gateway,gateway_A,raspberrypi,10,local_train,10,30,0.9666666388511658,0.0606987960636615,30.0,RN_ASCON,RN,ascon,11,model_metrics_gateway_gateway_A_10.csv,,
2026-04-15 18:51:36,gateway,gateway_A,raspberrypi,10,local_train,11,30,1.0,0.0068825483322143,30.0,RN_ASCON,RN,ascon,11,model_metrics_gateway_gateway_A_10.csv,,
2026-04-15 18:52:36,gateway,gateway_A,raspberrypi,10,local_train,12,30,1.0,0.0130376853048801,30.0,RN_ASCON,RN,ascon,11,model_metrics_gateway_gateway_A_10.csv,,
2026-04-15 18:53:35,gateway,gateway_A,raspberrypi,10,local_train,13,30,1.0,0.0361005626618862,30.0,RN_ASCON,RN,ascon,11,model_metrics_gateway_gateway_A_10.csv,,
2026-04-15 18:54:34,gateway,gateway_A,raspberrypi,10,local_train,14,30,1.0,0.0099765127524733,30.0,RN_ASCON,RN,ascon,11,model_metrics_gateway_gateway_A_10.csv,,
2026-04-15 18:55:32,gateway,gateway_A,raspberrypi,10,local_train,15,30,1.0,0.0132134836167097,30.0,RN_ASCON,RN,ascon,11,model_metrics_gateway_gateway_A_10.csv,,
2026-04-15 18:56:31,gateway,gateway_A,raspberrypi,10,local_train,16,30,1.0,0.0088982880115509,30.0,RN_ASCON,RN,ascon,11,model_metrics_gateway_gateway_A_10.csv,,
2026-04-15 18:57:29,gateway,gateway_A,raspberrypi,10,local_train,17,30,1.0,0.0256659351289272,30.0,RN_ASCON,RN,ascon,11,model_metrics_gateway_gateway_A_10.csv,,
2026-04-15 18:58:31,gateway,gateway_A,raspberrypi,10,local_train,18,30,1.0,0.0053617875091731,30.0,RN_ASCON,RN,ascon,11,model_metrics_gateway_gateway_A_10.csv,,
2026-04-15 18:59:30,gateway,gateway_A,raspberrypi,10,local_train,19,30,1.0,0.0034187291748821,30.0,RN_ASCON,RN,ascon,11,model_metrics_gateway_gateway_A_10.csv,,
2026-04-15 18:40:42,gateway,gateway_B,gatewayB,10,local_train,0,30,0.7333333492279053,1.1214922666549685,30.0,RN_ASCON,RN,ascon,11,model_metrics_gateway_gateway_B_10.csv,,
2026-04-15 18:41:35,gateway,gateway_B,gatewayB,10,local_train,1,30,0.9333333373069764,0.1363951414823532,30.0,RN_ASCON,RN,ascon,11,model_metrics_gateway_gateway_B_10.csv,,
2026-04-15 18:42:37,gateway,gateway_B,gatewayB,10,local_train,2,30,1.0,0.0362218581140041,30.0,RN_ASCON,RN,ascon,11,model_metrics_gateway_gateway_B_10.csv,,
2026-04-15 18:43:36,gateway,gateway_B,gatewayB,10,local_train,3,30,1.0,0.0273073632270097,30.0,RN_ASCON,RN,ascon,11,model_metrics_gateway_gateway_B_10.csv,,
2026-04-15 18:44:39,gateway,gateway_B,gatewayB,10,local_train,4,30,1.0,0.0201068837195634,30.0,RN_ASCON,RN,ascon,11,model_metrics_gateway_gateway_B_10.csv,,
2026-04-15 18:45:38,gateway,gateway_B,gatewayB,10,local_train,5,30,0.800000011920929,0.4795337319374084,30.0,RN_ASCON,RN,ascon,11,model_metrics_gateway_gateway_B_10.csv,,
2026-04-15 18:46:36,gateway,gateway_B,gatewayB,10,local_train,6,30,0.9333333373069764,0.2842716872692108,30.0,RN_ASCON,RN,ascon,11,model_metrics_gateway_gateway_B_10.csv,,
2026-04-15 18:47:35,gateway,gateway_B,gatewayB,10,local_train,7,30,0.800000011920929,0.4861887693405151,30.0,RN_ASCON,RN,ascon,11,model_metrics_gateway_gateway_B_10.csv,,
2026-04-15 18:48:35,gateway,gateway_B,gatewayB,10,local_train,8,30,0.9333333373069764,0.2136812806129455,30.0,RN_ASCON,RN,ascon,11,model_metrics_gateway_gateway_B_10.csv,,
2026-04-15 18:49:33,gateway,gateway_B,gatewayB,10,local_train,9,30,0.9333333373069764,0.2274262756109237,30.0,RN_ASCON,RN,ascon,11,model_metrics_gateway_gateway_B_10.csv,,
2026-04-15 18:50:32,gateway,gateway_B,gatewayB,10,local_train,10,30,0.8333333134651184,0.4157622754573822,30.0,RN_ASCON,RN,ascon,11,model_metrics_gateway_gateway_B_10.csv,,
2026-04-15 18:51:30,gateway,gateway_B,gatewayB,10,local_train,11,30,0.8666666746139526,0.3630345165729522,30.0,RN_ASCON,RN,ascon,11,model_metrics_gateway_gateway_B_10.csv,,
2026-04-15 18:52:29,gateway,gateway_B,gatewayB,10,local_train,12,30,0.7666666507720947,0.3365587890148163,30.0,RN_ASCON,RN,ascon,11,model_metrics_gateway_gateway_B_10.csv,,
2026-04-15 18:53:30,gateway,gateway_B,gatewayB,10,local_train,13,30,0.8999999761581421,0.1944136023521423,30.0,RN_ASCON,RN,ascon,11,model_metrics_gateway_gateway_B_10.csv,,
2026-04-15 18:54:29,gateway,gateway_B,gatewayB,10,local_train,14,30,0.8333333134651184,0.2908882200717926,30.0,RN_ASCON,RN,ascon,11,model_metrics_gateway_gateway_B_10.csv,,
2026-04-15 18:55:27,gateway,gateway_B,gatewayB,10,local_train,15,30,0.8333333134651184,0.3059262037277221,30.0,RN_ASCON,RN,ascon,11,model_metrics_gateway_gateway_B_10.csv,,
2026-04-15 18:56:26,gateway,gateway_B,gatewayB,10,local_train,16,30,0.8333333134651184,0.2733990848064422,30.0,RN_ASCON,RN,ascon,11,model_metrics_gateway_gateway_B_10.csv,,
2026-04-15 18:57:24,gateway,gateway_B,gatewayB,10,local_train,17,30,0.8666666746139526,0.2567946314811706,30.0,RN_ASCON,RN,ascon,11,model_metrics_gateway_gateway_B_10.csv,,
2026-04-15 18:58:23,gateway,gateway_B,gatewayB,10,local_train,18,30,0.7333333492279053,0.4579411149024963,30.0,RN_ASCON,RN,ascon,11,model_metrics_gateway_gateway_B_10.csv,,
2026-04-15 18:59:24,gateway,gateway_B,gatewayB,10,local_train,19,30,0.8666666746139526,0.2426678538322448,30.0,RN_ASCON,RN,ascon,11,model_metrics_gateway_gateway_B_10.csv,,
2026-04-22 17:44:53,gateway,gateway_A,raspberrypi,14,local_train,0,30,1.0,0.5549505949020386,30.0,CNN_FOG_ASCON,CNN_FOG,ascon,2,model_metrics_gateway_gateway_A_14.csv,leader,
2026-04-22 17:44:53,gateway,gateway_A,raspberrypi,14,fog_fedavg,0,60,1.0,0.4224279969930649,,CNN_FOG_ASCON,CNN_FOG,ascon,2,model_metrics_gateway_gateway_A_14.csv,leader,2.0
2026-04-22 17:45:42,gateway,gateway_A,raspberrypi,14,local_train,1,30,1.0,0.3466468453407287,30.0,CNN_FOG_ASCON,CNN_FOG,ascon,2,model_metrics_gateway_gateway_A_14.csv,leader,
2026-04-22 17:45:42,gateway,gateway_A,raspberrypi,14,fog_fedavg,1,60,1.0,0.291191928088665,,CNN_FOG_ASCON,CNN_FOG,ascon,2,model_metrics_gateway_gateway_A_14.csv,leader,2.0
2026-04-22 17:46:46,gateway,gateway_A,raspberrypi,14,local_train,2,30,1.0,0.0318443290889263,30.0,CNN_FOG_ASCON,CNN_FOG,ascon,2,model_metrics_gateway_gateway_A_14.csv,leader,
2026-04-22 17:46:46,gateway,gateway_A,raspberrypi,14,fog_fedavg,2,60,1.0,0.0356158539652824,,CNN_FOG_ASCON,CNN_FOG,ascon,2,model_metrics_gateway_gateway_A_14.csv,leader,2.0
2026-04-22 17:47:44,gateway,gateway_A,raspberrypi,14,local_train,3,30,0.800000011920929,0.4928201735019684,30.0,CNN_FOG_ASCON,CNN_FOG,ascon,2,model_metrics_gateway_gateway_A_14.csv,leader,
2026-04-22 17:47:46,gateway,gateway_A,raspberrypi,14,fog_fedavg,3,60,0.800000011920929,0.4754986464977264,,CNN_FOG_ASCON,CNN_FOG,ascon,2,model_metrics_gateway_gateway_A_14.csv,leader,2.0
2026-04-22 17:48:44,gateway,gateway_A,raspberrypi,14,local_train,4,30,0.7666666507720947,0.4080157876014709,30.0,CNN_FOG_ASCON,CNN_FOG,ascon,2,model_metrics_gateway_gateway_A_14.csv,leader,
2026-04-22 17:48:45,gateway,gateway_A,raspberrypi,14,fog_fedavg,4,60,0.7833333313465118,0.3907306343317032,,CNN_FOG_ASCON,CNN_FOG,ascon,2,model_metrics_gateway_gateway_A_14.csv,leader,2.0
2026-04-22 17:49:43,gateway,gateway_A,raspberrypi,14,local_train,5,30,0.9333333373069764,0.2533549070358276,30.0,CNN_FOG_ASCON,CNN_FOG,ascon,2,model_metrics_gateway_gateway_A_14.csv,leader,
2026-04-22 17:49:43,gateway,gateway_A,raspberrypi,14,fog_fedavg,5,60,0.8833333253860474,0.3017632067203522,,CNN_FOG_ASCON,CNN_FOG,ascon,2,model_metrics_gateway_gateway_A_14.csv,leader,2.0
2026-04-22 17:50:42,gateway,gateway_A,raspberrypi,14,local_train,6,30,0.9666666388511658,0.1493038386106491,30.0,CNN_FOG_ASCON,CNN_FOG,ascon,2,model_metrics_gateway_gateway_A_14.csv,leader,
2026-04-22 17:50:43,gateway,gateway_A,raspberrypi,14,fog_fedavg,6,60,0.9666666388511658,0.1658243313431739,,CNN_FOG_ASCON,CNN_FOG,ascon,2,model_metrics_gateway_gateway_A_14.csv,leader,2.0
2026-04-22 17:51:41,gateway,gateway_A,raspberrypi,14,local_train,7,30,0.8999999761581421,0.228668674826622,30.0,CNN_FOG_ASCON,CNN_FOG,ascon,2,model_metrics_gateway_gateway_A_14.csv,leader,
2026-04-22 17:51:41,gateway,gateway_A,raspberrypi,14,fog_fedavg,7,60,0.8999999761581421,0.2343833222985267,,CNN_FOG_ASCON,CNN_FOG,ascon,2,model_metrics_gateway_gateway_A_14.csv,leader,2.0
2026-04-22 17:52:40,gateway,gateway_A,raspberrypi,14,local_train,8,30,0.8999999761581421,0.2386022508144378,30.0,CNN_FOG_ASCON,CNN_FOG,ascon,2,model_metrics_gateway_gateway_A_14.csv,leader,
2026-04-22 17:52:40,gateway,gateway_A,raspberrypi,14,fog_fedavg,8,60,0.9166666567325592,0.2458429634571075,,CNN_FOG_ASCON,CNN_FOG,ascon,2,model_metrics_gateway_gateway_A_14.csv,leader,2.0
2026-04-22 17:53:39,gateway,gateway_A,raspberrypi,14,local_train,9,30,0.9333333373069764,0.2405099421739578,30.0,CNN_FOG_ASCON,CNN_FOG,ascon,2,model_metrics_gateway_gateway_A_14.csv,leader,
2026-04-22 17:53:39,gateway,gateway_A,raspberrypi,14,fog_fedavg,9,60,0.9666666686534882,0.162728764116764,,CNN_FOG_ASCON,CNN_FOG,ascon,2,model_metrics_gateway_gateway_A_14.csv,leader,2.0
2026-04-22 17:54:37,gateway,gateway_A,raspberrypi,14,local_train,10,30,1.0,0.1637241691350937,30.0,CNN_FOG_ASCON,CNN_FOG,ascon,2,model_metrics_gateway_gateway_A_14.csv,leader,
2026-04-22 17:54:37,gateway,gateway_A,raspberrypi,14,fog_fedavg,10,60,0.9833333194255828,0.1262617893517017,,CNN_FOG_ASCON,CNN_FOG,ascon,2,model_metrics_gateway_gateway_A_14.csv,leader,2.0
2026-04-22 17:55:36,gateway,gateway_A,raspberrypi,14,local_train,11,30,0.8666666746139526,0.2322805821895599,30.0,CNN_FOG_ASCON,CNN_FOG,ascon,2,model_metrics_gateway_gateway_A_14.csv,leader,
2026-04-22 17:55:36,gateway,gateway_A,raspberrypi,14,fog_fedavg,11,60,0.9166666567325592,0.1746897771954536,,CNN_FOG_ASCON,CNN_FOG,ascon,2,model_metrics_gateway_gateway_A_14.csv,leader,2.0
2026-04-22 17:56:35,gateway,gateway_A,raspberrypi,14,local_train,12,30,0.8999999761581421,0.1959331929683685,30.0,CNN_FOG_ASCON,CNN_FOG,ascon,2,model_metrics_gateway_gateway_A_14.csv,leader,
2026-04-22 17:56:35,gateway,gateway_A,raspberrypi,14,fog_fedavg,12,60,0.933333307504654,0.1215218361467123,,CNN_FOG_ASCON,CNN_FOG,ascon,2,model_metrics_gateway_gateway_A_14.csv,leader,2.0
2026-04-22 17:57:34,gateway,gateway_A,raspberrypi,14,local_train,13,30,0.9666666388511658,0.1506733447313308,30.0,CNN_FOG_ASCON,CNN_FOG,ascon,2,model_metrics_gateway_gateway_A_14.csv,leader,
2026-04-22 17:57:34,gateway,gateway_A,raspberrypi,14,fog_fedavg,13,60,0.9833333194255828,0.077947940910235,,CNN_FOG_ASCON,CNN_FOG,ascon,2,model_metrics_gateway_gateway_A_14.csv,leader,2.0
2026-04-22 17:58:32,gateway,gateway_A,raspberrypi,14,local_train,14,30,0.8999999761581421,0.1485199481248855,30.0,CNN_FOG_ASCON,CNN_FOG,ascon,2,model_metrics_gateway_gateway_A_14.csv,leader,
2026-04-22 17:58:32,gateway,gateway_A,raspberrypi,14,fog_fedavg,14,60,0.933333307504654,0.1016830615699291,,CNN_FOG_ASCON,CNN_FOG,ascon,2,model_metrics_gateway_gateway_A_14.csv,leader,2.0
2026-04-22 17:59:31,gateway,gateway_A,raspberrypi,14,local_train,15,30,1.0,0.0387886315584182,30.0,CNN_FOG_ASCON,CNN_FOG,ascon,2,model_metrics_gateway_gateway_A_14.csv,leader,
2026-04-22 17:59:31,gateway,gateway_A,raspberrypi,14,fog_fedavg,15,60,1.0,0.0496632196009159,,CNN_FOG_ASCON,CNN_FOG,ascon,2,model_metrics_gateway_gateway_A_14.csv,leader,2.0
2026-04-22 18:00:30,gateway,gateway_A,raspberrypi,14,local_train,16,30,0.9333333373069764,0.1585970073938369,30.0,CNN_FOG_ASCON,CNN_FOG,ascon,2,model_metrics_gateway_gateway_A_14.csv,leader,
2026-04-22 18:00:30,gateway,gateway_A,raspberrypi,14,fog_fedavg,16,60,0.9666666686534882,0.0862161740660667,,CNN_FOG_ASCON,CNN_FOG,ascon,2,model_metrics_gateway_gateway_A_14.csv,leader,2.0
2026-04-22 18:01:28,gateway,gateway_A,raspberrypi,14,local_train,17,30,0.9666666388511658,0.1944890022277832,30.0,CNN_FOG_ASCON,CNN_FOG,ascon,2,model_metrics_gateway_gateway_A_14.csv,leader,
2026-04-22 18:01:29,gateway,gateway_A,raspberrypi,14,fog_fedavg,17,60,0.9833333194255828,0.104785650037229,,CNN_FOG_ASCON,CNN_FOG,ascon,2,model_metrics_gateway_gateway_A_14.csv,leader,2.0
2026-04-22 18:02:27,gateway,gateway_A,raspberrypi,14,local_train,18,30,1.0,0.0892039164900779,30.0,CNN_FOG_ASCON,CNN_FOG,ascon,2,model_metrics_gateway_gateway_A_14.csv,leader,
2026-04-22 18:02:28,gateway,gateway_A,raspberrypi,14,fog_fedavg,18,60,1.0,0.0504184681922197,,CNN_FOG_ASCON,CNN_FOG,ascon,2,model_metrics_gateway_gateway_A_14.csv,leader,2.0
2026-04-22 18:03:26,gateway,gateway_A,raspberrypi,14,local_train,19,30,0.8999999761581421,0.2426077276468277,30.0,CNN_FOG_ASCON,CNN_FOG,ascon,2,model_metrics_gateway_gateway_A_14.csv,leader,
2026-04-22 18:03:27,gateway,gateway_A,raspberrypi,14,fog_fedavg,19,60,0.949999988079071,0.1279520983807742,,CNN_FOG_ASCON,CNN_FOG,ascon,2,model_metrics_gateway_gateway_A_14.csv,leader,2.0
2026-04-22 17:44:50,gateway,gateway_B,gatewayB,43,local_train,0,30,1.0,0.2899053990840912,30.0,CNN_FOG_ASCON,CNN_FOG,ascon,2,model_metrics_gateway_gateway_B_43.csv,peer,
2026-04-22 17:45:42,gateway,gateway_B,gatewayB,43,local_train,1,30,1.0,0.2357370108366012,30.0,CNN_FOG_ASCON,CNN_FOG,ascon,2,model_metrics_gateway_gateway_B_43.csv,peer,
2026-04-22 17:46:41,gateway,gateway_B,gatewayB,43,local_train,2,30,1.0,0.0393873788416385,30.0,CNN_FOG_ASCON,CNN_FOG,ascon,2,model_metrics_gateway_gateway_B_43.csv,peer,
2026-04-22 17:47:46,gateway,gateway_B,gatewayB,43,local_train,3,30,0.800000011920929,0.4581771194934845,30.0,CNN_FOG_ASCON,CNN_FOG,ascon,2,model_metrics_gateway_gateway_B_43.csv,peer,
2026-04-22 17:48:45,gateway,gateway_B,gatewayB,43,local_train,4,30,0.800000011920929,0.3734454810619354,30.0,CNN_FOG_ASCON,CNN_FOG,ascon,2,model_metrics_gateway_gateway_B_43.csv,peer,
2026-04-22 17:49:43,gateway,gateway_B,gatewayB,43,local_train,5,30,0.8333333134651184,0.3501715064048767,30.0,CNN_FOG_ASCON,CNN_FOG,ascon,2,model_metrics_gateway_gateway_B_43.csv,peer,
2026-04-22 17:50:42,gateway,gateway_B,gatewayB,43,local_train,6,30,0.9666666388511658,0.1823448240756988,30.0,CNN_FOG_ASCON,CNN_FOG,ascon,2,model_metrics_gateway_gateway_B_43.csv,peer,
2026-04-22 17:51:41,gateway,gateway_B,gatewayB,43,local_train,7,30,0.8999999761581421,0.2400979697704315,30.0,CNN_FOG_ASCON,CNN_FOG,ascon,2,model_metrics_gateway_gateway_B_43.csv,peer,
2026-04-22 17:52:40,gateway,gateway_B,gatewayB,43,local_train,8,30,0.9333333373069764,0.2530836760997772,30.0,CNN_FOG_ASCON,CNN_FOG,ascon,2,model_metrics_gateway_gateway_B_43.csv,peer,
2026-04-22 17:53:39,gateway,gateway_B,gatewayB,43,local_train,9,30,1.0,0.0849475860595703,30.0,CNN_FOG_ASCON,CNN_FOG,ascon,2,model_metrics_gateway_gateway_B_43.csv,peer,
2026-04-22 17:54:37,gateway,gateway_B,gatewayB,43,local_train,10,30,0.9666666388511658,0.0887994095683097,30.0,CNN_FOG_ASCON,CNN_FOG,ascon,2,model_metrics_gateway_gateway_B_43.csv,peer,
2026-04-22 17:55:35,gateway,gateway_B,gatewayB,43,local_train,11,30,0.9666666388511658,0.1170989722013473,30.0,CNN_FOG_ASCON,CNN_FOG,ascon,2,model_metrics_gateway_gateway_B_43.csv,peer,
2026-04-22 17:56:35,gateway,gateway_B,gatewayB,43,local_train,12,30,0.9666666388511658,0.047110479325056,30.0,CNN_FOG_ASCON,CNN_FOG,ascon,2,model_metrics_gateway_gateway_B_43.csv,peer,
2026-04-22 17:57:34,gateway,gateway_B,gatewayB,43,local_train,13,30,1.0,0.0052225370891392,30.0,CNN_FOG_ASCON,CNN_FOG,ascon,2,model_metrics_gateway_gateway_B_43.csv,peer,
2026-04-22 17:58:32,gateway,gateway_B,gatewayB,43,local_train,14,30,0.9666666388511658,0.0548461750149726,30.0,CNN_FOG_ASCON,CNN_FOG,ascon,2,model_metrics_gateway_gateway_B_43.csv,peer,
2026-04-22 17:59:31,gateway,gateway_B,gatewayB,43,local_train,15,30,1.0,0.0605378076434135,30.0,CNN_FOG_ASCON,CNN_FOG,ascon,2,model_metrics_gateway_gateway_B_43.csv,peer,
2026-04-22 18:00:29,gateway,gateway_B,gatewayB,43,local_train,16,30,1.0,0.0138353407382965,30.0,CNN_FOG_ASCON,CNN_FOG,ascon,2,model_metrics_gateway_gateway_B_43.csv,peer,
2026-04-22 18:01:29,gateway,gateway_B,gatewayB,43,local_train,17,30,1.0,0.0150822978466749,30.0,CNN_FOG_ASCON,CNN_FOG,ascon,2,model_metrics_gateway_gateway_B_43.csv,peer,
2026-04-22 18:02:28,gateway,gateway_B,gatewayB,43,local_train,18,30,1.0,0.0116330198943614,30.0,CNN_FOG_ASCON,CNN_FOG,ascon,2,model_metrics_gateway_gateway_B_43.csv,peer,
2026-04-22 18:03:27,gateway,gateway_B,gatewayB,43,local_train,19,30,1.0,0.0132964691147208,30.0,CNN_FOG_ASCON,CNN_FOG,ascon,2,model_metrics_gateway_gateway_B_43.csv,peer,
2026-04-22 18:06:56,gateway,gateway_A,raspberrypi,15,local_train,0,30,1.0,0.3993514776229858,30.0,CNN_FOG_ASCON,CNN_FOG,ascon,3,model_metrics_gateway_gateway_A_15.csv,leader,
2026-04-22 18:06:56,gateway,gateway_A,raspberrypi,15,fog_fedavg,0,60,1.0,0.3353180438280105,,CNN_FOG_ASCON,CNN_FOG,ascon,3,model_metrics_gateway_gateway_A_15.csv,leader,2.0
2026-04-22 18:07:49,gateway,gateway_A,raspberrypi,15,local_train,1,30,1.0,0.2108054906129837,30.0,CNN_FOG_ASCON,CNN_FOG,ascon,3,model_metrics_gateway_gateway_A_15.csv,leader,
2026-04-22 18:07:49,gateway,gateway_A,raspberrypi,15,fog_fedavg,1,60,1.0,0.2439894452691078,,CNN_FOG_ASCON,CNN_FOG,ascon,3,model_metrics_gateway_gateway_A_15.csv,leader,2.0
2026-04-22 18:08:53,gateway,gateway_A,raspberrypi,15,local_train,2,30,0.9666666388511658,0.154484361410141,30.0,CNN_FOG_ASCON,CNN_FOG,ascon,3,model_metrics_gateway_gateway_A_15.csv,leader,
2026-04-22 18:08:53,gateway,gateway_A,raspberrypi,15,fog_fedavg,2,60,0.9833333194255828,0.1056564338505268,,CNN_FOG_ASCON,CNN_FOG,ascon,3,model_metrics_gateway_gateway_A_15.csv,leader,2.0
2026-04-22 18:09:51,gateway,gateway_A,raspberrypi,15,local_train,3,30,0.800000011920929,0.4706498384475708,30.0,CNN_FOG_ASCON,CNN_FOG,ascon,3,model_metrics_gateway_gateway_A_15.csv,leader,
2026-04-22 18:09:51,gateway,gateway_A,raspberrypi,15,fog_fedavg,3,60,0.8333333432674408,0.4836815446615219,,CNN_FOG_ASCON,CNN_FOG,ascon,3,model_metrics_gateway_gateway_A_15.csv,leader,2.0
2026-04-22 18:10:50,gateway,gateway_A,raspberrypi,15,local_train,4,30,0.7333333492279053,0.6056469082832336,30.0,CNN_FOG_ASCON,CNN_FOG,ascon,3,model_metrics_gateway_gateway_A_15.csv,leader,
2026-04-22 18:10:50,gateway,gateway_A,raspberrypi,15,fog_fedavg,4,60,0.7333333492279053,0.6700199544429779,,CNN_FOG_ASCON,CNN_FOG,ascon,3,model_metrics_gateway_gateway_A_15.csv,leader,2.0
2026-04-22 18:11:49,gateway,gateway_A,raspberrypi,15,local_train,5,30,0.9333333373069764,0.3142556846141815,30.0,CNN_FOG_ASCON,CNN_FOG,ascon,3,model_metrics_gateway_gateway_A_15.csv,leader,
2026-04-22 18:11:49,gateway,gateway_A,raspberrypi,15,fog_fedavg,5,60,0.9000000059604645,0.3741907179355621,,CNN_FOG_ASCON,CNN_FOG,ascon,3,model_metrics_gateway_gateway_A_15.csv,leader,2.0
2026-04-22 18:12:47,gateway,gateway_A,raspberrypi,15,local_train,6,30,0.9666666388511658,0.1770749986171722,30.0,CNN_FOG_ASCON,CNN_FOG,ascon,3,model_metrics_gateway_gateway_A_15.csv,leader,
2026-04-22 18:12:48,gateway,gateway_A,raspberrypi,15,fog_fedavg,6,60,0.933333307504654,0.2700594216585159,,CNN_FOG_ASCON,CNN_FOG,ascon,3,model_metrics_gateway_gateway_A_15.csv,leader,2.0
2026-04-22 18:13:47,gateway,gateway_A,raspberrypi,15,local_train,7,30,0.9333333373069764,0.2251771539449691,30.0,CNN_FOG_ASCON,CNN_FOG,ascon,3,model_metrics_gateway_gateway_A_15.csv,leader,
2026-04-22 18:13:47,gateway,gateway_A,raspberrypi,15,fog_fedavg,7,60,0.9333333373069764,0.2246319726109504,,CNN_FOG_ASCON,CNN_FOG,ascon,3,model_metrics_gateway_gateway_A_15.csv,leader,2.0
2026-04-22 18:14:45,gateway,gateway_A,raspberrypi,15,local_train,8,30,0.800000011920929,0.5245373845100403,30.0,CNN_FOG_ASCON,CNN_FOG,ascon,3,model_metrics_gateway_gateway_A_15.csv,leader,
2026-04-22 18:14:45,gateway,gateway_A,raspberrypi,15,fog_fedavg,8,60,0.8333333432674408,0.4617736041545868,,CNN_FOG_ASCON,CNN_FOG,ascon,3,model_metrics_gateway_gateway_A_15.csv,leader,2.0
2026-04-22 18:15:44,gateway,gateway_A,raspberrypi,15,local_train,9,30,0.9333333373069764,0.2717945873737335,30.0,CNN_FOG_ASCON,CNN_FOG,ascon,3,model_metrics_gateway_gateway_A_15.csv,leader,
2026-04-22 18:15:44,gateway,gateway_A,raspberrypi,15,fog_fedavg,9,60,0.9166666567325592,0.2975392043590545,,CNN_FOG_ASCON,CNN_FOG,ascon,3,model_metrics_gateway_gateway_A_15.csv,leader,2.0
2026-04-22 18:16:43,gateway,gateway_A,raspberrypi,15,local_train,10,30,0.9333333373069764,0.1749507784843444,30.0,CNN_FOG_ASCON,CNN_FOG,ascon,3,model_metrics_gateway_gateway_A_15.csv,leader,
2026-04-22 18:16:43,gateway,gateway_A,raspberrypi,15,fog_fedavg,10,60,0.9333333373069764,0.1402728371322155,,CNN_FOG_ASCON,CNN_FOG,ascon,3,model_metrics_gateway_gateway_A_15.csv,leader,2.0
2026-04-22 18:17:41,gateway,gateway_A,raspberrypi,15,local_train,11,30,0.9666666388511658,0.2313766926527023,30.0,CNN_FOG_ASCON,CNN_FOG,ascon,3,model_metrics_gateway_gateway_A_15.csv,leader,
2026-04-22 18:17:41,gateway,gateway_A,raspberrypi,15,fog_fedavg,11,60,0.949999988079071,0.2458038255572319,,CNN_FOG_ASCON,CNN_FOG,ascon,3,model_metrics_gateway_gateway_A_15.csv,leader,2.0
2026-04-22 18:18:40,gateway,gateway_A,raspberrypi,15,local_train,12,30,0.9333333373069764,0.1107759475708007,30.0,CNN_FOG_ASCON,CNN_FOG,ascon,3,model_metrics_gateway_gateway_A_15.csv,leader,
2026-04-22 18:18:40,gateway,gateway_A,raspberrypi,15,fog_fedavg,12,60,0.9000000059604645,0.2258989512920379,,CNN_FOG_ASCON,CNN_FOG,ascon,3,model_metrics_gateway_gateway_A_15.csv,leader,2.0
2026-04-22 18:19:38,gateway,gateway_A,raspberrypi,15,local_train,13,30,0.9666666388511658,0.1246628537774086,30.0,CNN_FOG_ASCON,CNN_FOG,ascon,3,model_metrics_gateway_gateway_A_15.csv,leader,
2026-04-22 18:19:38,gateway,gateway_A,raspberrypi,15,fog_fedavg,13,60,0.9833333194255828,0.0947815515100956,,CNN_FOG_ASCON,CNN_FOG,ascon,3,model_metrics_gateway_gateway_A_15.csv,leader,2.0
2026-04-22 18:20:37,gateway,gateway_A,raspberrypi,15,local_train,14,30,0.9333333373069764,0.1679073274135589,30.0,CNN_FOG_ASCON,CNN_FOG,ascon,3,model_metrics_gateway_gateway_A_15.csv,leader,
2026-04-22 18:20:37,gateway,gateway_A,raspberrypi,15,fog_fedavg,14,60,0.949999988079071,0.1176614537835121,,CNN_FOG_ASCON,CNN_FOG,ascon,3,model_metrics_gateway_gateway_A_15.csv,leader,2.0
2026-04-22 18:21:35,gateway,gateway_A,raspberrypi,15,local_train,15,30,0.8666666746139526,0.2530346810817718,30.0,CNN_FOG_ASCON,CNN_FOG,ascon,3,model_metrics_gateway_gateway_A_15.csv,leader,
2026-04-22 18:21:35,gateway,gateway_A,raspberrypi,15,fog_fedavg,15,60,0.9000000059604645,0.2232853546738624,,CNN_FOG_ASCON,CNN_FOG,ascon,3,model_metrics_gateway_gateway_A_15.csv,leader,2.0
2026-04-22 18:22:34,gateway,gateway_A,raspberrypi,15,local_train,16,30,1.0,0.0453624911606311,30.0,CNN_FOG_ASCON,CNN_FOG,ascon,3,model_metrics_gateway_gateway_A_15.csv,leader,
2026-04-22 18:22:34,gateway,gateway_A,raspberrypi,15,fog_fedavg,16,60,0.9666666686534882,0.1197512913495302,,CNN_FOG_ASCON,CNN_FOG,ascon,3,model_metrics_gateway_gateway_A_15.csv,leader,2.0
2026-04-22 18:23:32,gateway,gateway_A,raspberrypi,15,local_train,17,30,1.0,0.0750341713428497,30.0,CNN_FOG_ASCON,CNN_FOG,ascon,3,model_metrics_gateway_gateway_A_15.csv,leader,
2026-04-22 18:23:32,gateway,gateway_A,raspberrypi,15,fog_fedavg,17,60,0.9666666686534882,0.1487812027335167,,CNN_FOG_ASCON,CNN_FOG,ascon,3,model_metrics_gateway_gateway_A_15.csv,leader,2.0
2026-04-22 18:24:30,gateway,gateway_A,raspberrypi,15,local_train,18,30,0.9666666388511658,0.0837117731571197,30.0,CNN_FOG_ASCON,CNN_FOG,ascon,3,model_metrics_gateway_gateway_A_15.csv,leader,
2026-04-22 18:24:31,gateway,gateway_A,raspberrypi,15,fog_fedavg,18,60,0.933333307504654,0.152997076511383,,CNN_FOG_ASCON,CNN_FOG,ascon,3,model_metrics_gateway_gateway_A_15.csv,leader,2.0
2026-04-22 18:25:35,gateway,gateway_A,raspberrypi,15,local_train,19,30,1.0,0.0415299907326698,30.0,CNN_FOG_ASCON,CNN_FOG,ascon,3,model_metrics_gateway_gateway_A_15.csv,leader,
2026-04-22 18:25:36,gateway,gateway_A,raspberrypi,15,fog_fedavg,19,60,0.949999988079071,0.1407193578779697,,CNN_FOG_ASCON,CNN_FOG,ascon,3,model_metrics_gateway_gateway_A_15.csv,leader,2.0
2026-04-22 18:06:52,gateway,gateway_B,gatewayB,44,local_train,0,30,1.0,0.2712846100330353,30.0,CNN_FOG_ASCON,CNN_FOG,ascon,3,model_metrics_gateway_gateway_B_44.csv,peer,
2026-04-22 18:07:44,gateway,gateway_B,gatewayB,44,local_train,1,30,1.0,0.2771733999252319,30.0,CNN_FOG_ASCON,CNN_FOG,ascon,3,model_metrics_gateway_gateway_B_44.csv,peer,
2026-04-22 18:08:48,gateway,gateway_B,gatewayB,44,local_train,2,30,1.0,0.0568285062909126,30.0,CNN_FOG_ASCON,CNN_FOG,ascon,3,model_metrics_gateway_gateway_B_44.csv,peer,
2026-04-22 18:09:51,gateway,gateway_B,gatewayB,44,local_train,3,30,0.8666666746139526,0.496713250875473,30.0,CNN_FOG_ASCON,CNN_FOG,ascon,3,model_metrics_gateway_gateway_B_44.csv,peer,
2026-04-22 18:10:50,gateway,gateway_B,gatewayB,44,local_train,4,30,0.7333333492279053,0.7343930006027222,30.0,CNN_FOG_ASCON,CNN_FOG,ascon,3,model_metrics_gateway_gateway_B_44.csv,peer,
2026-04-22 18:11:48,gateway,gateway_B,gatewayB,44,local_train,5,30,0.8666666746139526,0.4341257512569427,30.0,CNN_FOG_ASCON,CNN_FOG,ascon,3,model_metrics_gateway_gateway_B_44.csv,peer,
2026-04-22 18:12:48,gateway,gateway_B,gatewayB,44,local_train,6,30,0.8999999761581421,0.3630438446998596,30.0,CNN_FOG_ASCON,CNN_FOG,ascon,3,model_metrics_gateway_gateway_B_44.csv,peer,
2026-04-22 18:13:46,gateway,gateway_B,gatewayB,44,local_train,7,30,0.9333333373069764,0.2240867912769317,30.0,CNN_FOG_ASCON,CNN_FOG,ascon,3,model_metrics_gateway_gateway_B_44.csv,peer,
2026-04-22 18:14:45,gateway,gateway_B,gatewayB,44,local_train,8,30,0.8666666746139526,0.3990098237991333,30.0,CNN_FOG_ASCON,CNN_FOG,ascon,3,model_metrics_gateway_gateway_B_44.csv,peer,
2026-04-22 18:15:44,gateway,gateway_B,gatewayB,44,local_train,9,30,0.8999999761581421,0.3232838213443756,30.0,CNN_FOG_ASCON,CNN_FOG,ascon,3,model_metrics_gateway_gateway_B_44.csv,peer,
2026-04-22 18:16:42,gateway,gateway_B,gatewayB,44,local_train,10,30,0.9333333373069764,0.1055948957800865,30.0,CNN_FOG_ASCON,CNN_FOG,ascon,3,model_metrics_gateway_gateway_B_44.csv,peer,
2026-04-22 18:17:41,gateway,gateway_B,gatewayB,44,local_train,11,30,0.9333333373069764,0.2602309584617615,30.0,CNN_FOG_ASCON,CNN_FOG,ascon,3,model_metrics_gateway_gateway_B_44.csv,peer,
2026-04-22 18:18:40,gateway,gateway_B,gatewayB,44,local_train,12,30,0.8666666746139526,0.3410219550132751,30.0,CNN_FOG_ASCON,CNN_FOG,ascon,3,model_metrics_gateway_gateway_B_44.csv,peer,
2026-04-22 18:19:38,gateway,gateway_B,gatewayB,44,local_train,13,30,1.0,0.0649002492427825,30.0,CNN_FOG_ASCON,CNN_FOG,ascon,3,model_metrics_gateway_gateway_B_44.csv,peer,
2026-04-22 18:20:36,gateway,gateway_B,gatewayB,44,local_train,14,30,0.9666666388511658,0.0674155801534652,30.0,CNN_FOG_ASCON,CNN_FOG,ascon,3,model_metrics_gateway_gateway_B_44.csv,peer,
2026-04-22 18:21:35,gateway,gateway_B,gatewayB,44,local_train,15,30,0.9333333373069764,0.193536028265953,30.0,CNN_FOG_ASCON,CNN_FOG,ascon,3,model_metrics_gateway_gateway_B_44.csv,peer,
2026-04-22 18:22:34,gateway,gateway_B,gatewayB,44,local_train,16,30,0.9333333373069764,0.1941400915384292,30.0,CNN_FOG_ASCON,CNN_FOG,ascon,3,model_metrics_gateway_gateway_B_44.csv,peer,
2026-04-22 18:23:32,gateway,gateway_B,gatewayB,44,local_train,17,30,0.9333333373069764,0.2225282341241836,30.0,CNN_FOG_ASCON,CNN_FOG,ascon,3,model_metrics_gateway_gateway_B_44.csv,peer,
2026-04-22 18:24:31,gateway,gateway_B,gatewayB,44,local_train,18,30,0.8999999761581421,0.2222823798656463,30.0,CNN_FOG_ASCON,CNN_FOG,ascon,3,model_metrics_gateway_gateway_B_44.csv,peer,
2026-04-22 18:25:29,gateway,gateway_B,gatewayB,44,local_train,19,30,0.8999999761581421,0.2399087250232696,30.0,CNN_FOG_ASCON,CNN_FOG,ascon,3,model_metrics_gateway_gateway_B_44.csv,peer,
2026-04-22 16:49:13,gateway,gateway_A,raspberrypi,12,local_train,0,30,1.0,0.3151843249797821,30.0,CNN_FOG_ASCON,CNN_FOG,ascon,4,model_metrics_gateway_gateway_A_12.csv,leader,
2026-04-22 16:49:14,gateway,gateway_A,raspberrypi,12,fog_fedavg,0,60,1.0,0.2699859142303467,,CNN_FOG_ASCON,CNN_FOG,ascon,4,model_metrics_gateway_gateway_A_12.csv,leader,2.0
2026-04-22 16:50:07,gateway,gateway_A,raspberrypi,12,local_train,1,30,1.0,0.0924166962504386,30.0,CNN_FOG_ASCON,CNN_FOG,ascon,4,model_metrics_gateway_gateway_A_12.csv,leader,
2026-04-22 16:50:08,gateway,gateway_A,raspberrypi,12,fog_fedavg,1,60,1.0,0.0789490565657615,,CNN_FOG_ASCON,CNN_FOG,ascon,4,model_metrics_gateway_gateway_A_12.csv,leader,2.0
2026-04-22 16:51:11,gateway,gateway_A,raspberrypi,12,local_train,2,30,1.0,0.0154309570789337,30.0,CNN_FOG_ASCON,CNN_FOG,ascon,4,model_metrics_gateway_gateway_A_12.csv,leader,
2026-04-22 16:51:11,gateway,gateway_A,raspberrypi,12,fog_fedavg,2,60,1.0,0.0140887573361396,,CNN_FOG_ASCON,CNN_FOG,ascon,4,model_metrics_gateway_gateway_A_12.csv,leader,2.0
2026-04-22 16:52:10,gateway,gateway_A,raspberrypi,12,local_train,3,30,0.8666666746139526,0.2056837230920791,30.0,CNN_FOG_ASCON,CNN_FOG,ascon,4,model_metrics_gateway_gateway_A_12.csv,leader,
2026-04-22 16:52:10,gateway,gateway_A,raspberrypi,12,fog_fedavg,3,60,0.9333333373069764,0.1054775309748947,,CNN_FOG_ASCON,CNN_FOG,ascon,4,model_metrics_gateway_gateway_A_12.csv,leader,2.0
2026-04-22 16:53:08,gateway,gateway_A,raspberrypi,12,local_train,4,30,0.800000011920929,0.4214311838150024,30.0,CNN_FOG_ASCON,CNN_FOG,ascon,4,model_metrics_gateway_gateway_A_12.csv,leader,
2026-04-22 16:53:08,gateway,gateway_A,raspberrypi,12,fog_fedavg,4,60,0.9000000059604645,0.213647284079343,,CNN_FOG_ASCON,CNN_FOG,ascon,4,model_metrics_gateway_gateway_A_12.csv,leader,2.0
2026-04-22 16:54:06,gateway,gateway_A,raspberrypi,12,local_train,5,30,0.8666666746139526,0.3018900454044342,30.0,CNN_FOG_ASCON,CNN_FOG,ascon,4,model_metrics_gateway_gateway_A_12.csv,leader,
2026-04-22 16:54:06,gateway,gateway_A,raspberrypi,12,fog_fedavg,5,60,0.9333333373069764,0.1533709119539708,,CNN_FOG_ASCON,CNN_FOG,ascon,4,model_metrics_gateway_gateway_A_12.csv,leader,2.0
2026-04-22 16:55:04,gateway,gateway_A,raspberrypi,12,local_train,6,30,0.7666666507720947,0.4415440857410431,30.0,CNN_FOG_ASCON,CNN_FOG,ascon,4,model_metrics_gateway_gateway_A_12.csv,leader,
2026-04-22 16:55:04,gateway,gateway_A,raspberrypi,12,fog_fedavg,6,60,0.8833333253860474,0.2226592819206416,,CNN_FOG_ASCON,CNN_FOG,ascon,4,model_metrics_gateway_gateway_A_12.csv,leader,2.0
2026-04-22 16:56:04,gateway,gateway_A,raspberrypi,12,local_train,7,30,0.8333333134651184,0.3263859152793884,30.0,CNN_FOG_ASCON,CNN_FOG,ascon,4,model_metrics_gateway_gateway_A_12.csv,leader,
2026-04-22 16:56:04,gateway,gateway_A,raspberrypi,12,fog_fedavg,7,60,0.9166666567325592,0.1649920418858528,,CNN_FOG_ASCON,CNN_FOG,ascon,4,model_metrics_gateway_gateway_A_12.csv,leader,2.0
2026-04-22 16:57:03,gateway,gateway_A,raspberrypi,12,local_train,8,30,0.800000011920929,0.3321747481822967,30.0,CNN_FOG_ASCON,CNN_FOG,ascon,4,model_metrics_gateway_gateway_A_12.csv,leader,
2026-04-22 16:57:03,gateway,gateway_A,raspberrypi,12,fog_fedavg,8,60,0.9000000059604645,0.1670793733792379,,CNN_FOG_ASCON,CNN_FOG,ascon,4,model_metrics_gateway_gateway_A_12.csv,leader,2.0
2026-04-22 16:58:01,gateway,gateway_A,raspberrypi,12,local_train,9,30,0.7666666507720947,0.3481329977512359,30.0,CNN_FOG_ASCON,CNN_FOG,ascon,4,model_metrics_gateway_gateway_A_12.csv,leader,
2026-04-22 16:58:01,gateway,gateway_A,raspberrypi,12,fog_fedavg,9,60,0.8833333253860474,0.1748698567971587,,CNN_FOG_ASCON,CNN_FOG,ascon,4,model_metrics_gateway_gateway_A_12.csv,leader,2.0
2026-04-22 16:58:59,gateway,gateway_A,raspberrypi,12,local_train,10,30,0.7333333492279053,0.3684224188327789,30.0,CNN_FOG_ASCON,CNN_FOG,ascon,4,model_metrics_gateway_gateway_A_12.csv,leader,
2026-04-22 16:58:59,gateway,gateway_A,raspberrypi,12,fog_fedavg,10,60,0.8666666746139526,0.1848989854915999,,CNN_FOG_ASCON,CNN_FOG,ascon,4,model_metrics_gateway_gateway_A_12.csv,leader,2.0
2026-04-22 16:59:58,gateway,gateway_A,raspberrypi,12,local_train,11,30,0.699999988079071,0.4802329242229461,30.0,CNN_FOG_ASCON,CNN_FOG,ascon,4,model_metrics_gateway_gateway_A_12.csv,leader,
2026-04-22 16:59:58,gateway,gateway_A,raspberrypi,12,fog_fedavg,11,60,0.8499999940395355,0.2406922091031447,,CNN_FOG_ASCON,CNN_FOG,ascon,4,model_metrics_gateway_gateway_A_12.csv,leader,2.0
2026-04-22 17:00:56,gateway,gateway_A,raspberrypi,12,local_train,12,30,0.7666666507720947,0.3631333112716675,30.0,CNN_FOG_ASCON,CNN_FOG,ascon,4,model_metrics_gateway_gateway_A_12.csv,leader,
2026-04-22 17:00:56,gateway,gateway_A,raspberrypi,12,fog_fedavg,12,60,0.8833333253860474,0.1821284891921095,,CNN_FOG_ASCON,CNN_FOG,ascon,4,model_metrics_gateway_gateway_A_12.csv,leader,2.0
2026-04-22 17:01:55,gateway,gateway_A,raspberrypi,12,local_train,13,30,0.8333333134651184,0.2740586698055267,30.0,CNN_FOG_ASCON,CNN_FOG,ascon,4,model_metrics_gateway_gateway_A_12.csv,leader,
2026-04-22 17:01:55,gateway,gateway_A,raspberrypi,12,fog_fedavg,13,60,0.9166666567325592,0.1374929250159766,,CNN_FOG_ASCON,CNN_FOG,ascon,4,model_metrics_gateway_gateway_A_12.csv,leader,2.0
2026-04-22 17:02:53,gateway,gateway_A,raspberrypi,12,local_train,14,30,0.9666666388511658,0.0976251065731048,30.0,CNN_FOG_ASCON,CNN_FOG,ascon,4,model_metrics_gateway_gateway_A_12.csv,leader,
2026-04-22 17:02:53,gateway,gateway_A,raspberrypi,12,fog_fedavg,14,60,0.9833333194255828,0.0491823844495229,,CNN_FOG_ASCON,CNN_FOG,ascon,4,model_metrics_gateway_gateway_A_12.csv,leader,2.0
2026-04-22 17:03:52,gateway,gateway_A,raspberrypi,12,local_train,15,30,0.9333333373069764,0.1169954538345336,30.0,CNN_FOG_ASCON,CNN_FOG,ascon,4,model_metrics_gateway_gateway_A_12.csv,leader,
2026-04-22 17:03:52,gateway,gateway_A,raspberrypi,12,fog_fedavg,15,60,0.9666666686534882,0.0588259008654858,,CNN_FOG_ASCON,CNN_FOG,ascon,4,model_metrics_gateway_gateway_A_12.csv,leader,2.0
2026-04-22 17:04:51,gateway,gateway_A,raspberrypi,12,local_train,16,30,0.8999999761581421,0.1849162727594375,30.0,CNN_FOG_ASCON,CNN_FOG,ascon,4,model_metrics_gateway_gateway_A_12.csv,leader,
2026-04-22 17:04:51,gateway,gateway_A,raspberrypi,12,fog_fedavg,16,60,0.949999988079071,0.092705299903173,,CNN_FOG_ASCON,CNN_FOG,ascon,4,model_metrics_gateway_gateway_A_12.csv,leader,2.0
2026-04-22 17:05:49,gateway,gateway_A,raspberrypi,12,local_train,17,30,0.9333333373069764,0.1194263994693756,30.0,CNN_FOG_ASCON,CNN_FOG,ascon,4,model_metrics_gateway_gateway_A_12.csv,leader,
2026-04-22 17:05:49,gateway,gateway_A,raspberrypi,12,fog_fedavg,17,60,0.9666666686534882,0.0599550437182188,,CNN_FOG_ASCON,CNN_FOG,ascon,4,model_metrics_gateway_gateway_A_12.csv,leader,2.0
2026-04-22 17:06:48,gateway,gateway_A,raspberrypi,12,local_train,18,30,1.0,0.1425040513277053,30.0,CNN_FOG_ASCON,CNN_FOG,ascon,4,model_metrics_gateway_gateway_A_12.csv,leader,
2026-04-22 17:06:48,gateway,gateway_A,raspberrypi,12,fog_fedavg,18,60,1.0,0.0714953996503027,,CNN_FOG_ASCON,CNN_FOG,ascon,4,model_metrics_gateway_gateway_A_12.csv,leader,2.0
2026-04-22 17:07:46,gateway,gateway_A,raspberrypi,12,local_train,19,30,1.0,0.1416170448064804,30.0,CNN_FOG_ASCON,CNN_FOG,ascon,4,model_metrics_gateway_gateway_A_12.csv,leader,
2026-04-22 17:07:46,gateway,gateway_A,raspberrypi,12,fog_fedavg,19,60,1.0,0.0710878331738058,,CNN_FOG_ASCON,CNN_FOG,ascon,4,model_metrics_gateway_gateway_A_12.csv,leader,2.0
2026-04-22 16:49:13,gateway,gateway_B,gatewayB,41,local_train,0,30,1.0,0.2247875034809112,30.0,CNN_FOG_ASCON,CNN_FOG,ascon,4,model_metrics_gateway_gateway_B_41.csv,peer,
2026-04-22 16:50:07,gateway,gateway_B,gatewayB,41,local_train,1,30,1.0,0.0654814168810844,30.0,CNN_FOG_ASCON,CNN_FOG,ascon,4,model_metrics_gateway_gateway_B_41.csv,peer,
2026-04-22 16:51:07,gateway,gateway_B,gatewayB,41,local_train,2,30,1.0,0.0127465575933456,30.0,CNN_FOG_ASCON,CNN_FOG,ascon,4,model_metrics_gateway_gateway_B_41.csv,peer,
2026-04-22 16:52:05,gateway,gateway_B,gatewayB,41,local_train,3,30,1.0,0.0052713388577103,30.0,CNN_FOG_ASCON,CNN_FOG,ascon,4,model_metrics_gateway_gateway_B_41.csv,peer,
2026-04-22 16:53:03,gateway,gateway_B,gatewayB,41,local_train,4,30,1.0,0.0058633843436837,30.0,CNN_FOG_ASCON,CNN_FOG,ascon,4,model_metrics_gateway_gateway_B_41.csv,peer,
2026-04-22 16:54:01,gateway,gateway_B,gatewayB,41,local_train,5,30,1.0,0.0048517785035073,30.0,CNN_FOG_ASCON,CNN_FOG,ascon,4,model_metrics_gateway_gateway_B_41.csv,peer,
2026-04-22 16:55:00,gateway,gateway_B,gatewayB,41,local_train,6,30,1.0,0.0037744781002402,30.0,CNN_FOG_ASCON,CNN_FOG,ascon,4,model_metrics_gateway_gateway_B_41.csv,peer,
2026-04-22 16:56:00,gateway,gateway_B,gatewayB,41,local_train,7,30,1.0,0.0035981684923171,30.0,CNN_FOG_ASCON,CNN_FOG,ascon,4,model_metrics_gateway_gateway_B_41.csv,peer,
2026-04-22 16:56:58,gateway,gateway_B,gatewayB,41,local_train,8,30,1.0,0.0019839985761791,30.0,CNN_FOG_ASCON,CNN_FOG,ascon,4,model_metrics_gateway_gateway_B_41.csv,peer,
2026-04-22 16:57:57,gateway,gateway_B,gatewayB,41,local_train,9,30,1.0,0.0016067158430814,30.0,CNN_FOG_ASCON,CNN_FOG,ascon,4,model_metrics_gateway_gateway_B_41.csv,peer,
2026-04-22 16:58:55,gateway,gateway_B,gatewayB,41,local_train,10,30,1.0,0.0013755521504208,30.0,CNN_FOG_ASCON,CNN_FOG,ascon,4,model_metrics_gateway_gateway_B_41.csv,peer,
2026-04-22 16:59:53,gateway,gateway_B,gatewayB,41,local_train,11,30,1.0,0.0011514939833432,30.0,CNN_FOG_ASCON,CNN_FOG,ascon,4,model_metrics_gateway_gateway_B_41.csv,peer,
2026-04-22 17:00:52,gateway,gateway_B,gatewayB,41,local_train,12,30,1.0,0.0011236671125516,30.0,CNN_FOG_ASCON,CNN_FOG,ascon,4,model_metrics_gateway_gateway_B_41.csv,peer,
2026-04-22 17:01:50,gateway,gateway_B,gatewayB,41,local_train,13,30,1.0,0.0009271802264265,30.0,CNN_FOG_ASCON,CNN_FOG,ascon,4,model_metrics_gateway_gateway_B_41.csv,peer,
2026-04-22 17:02:49,gateway,gateway_B,gatewayB,41,local_train,14,30,1.0,0.000739662325941,30.0,CNN_FOG_ASCON,CNN_FOG,ascon,4,model_metrics_gateway_gateway_B_41.csv,peer,
2026-04-22 17:03:47,gateway,gateway_B,gatewayB,41,local_train,15,30,1.0,0.000656347896438,30.0,CNN_FOG_ASCON,CNN_FOG,ascon,4,model_metrics_gateway_gateway_B_41.csv,peer,
2026-04-22 17:04:46,gateway,gateway_B,gatewayB,41,local_train,16,30,1.0,0.0004943270469084,30.0,CNN_FOG_ASCON,CNN_FOG,ascon,4,model_metrics_gateway_gateway_B_41.csv,peer,
2026-04-22 17:05:44,gateway,gateway_B,gatewayB,41,local_train,17,30,1.0,0.0004836879670619,30.0,CNN_FOG_ASCON,CNN_FOG,ascon,4,model_metrics_gateway_gateway_B_41.csv,peer,
2026-04-22 17:06:43,gateway,gateway_B,gatewayB,41,local_train,18,30,1.0,0.0004867479729,30.0,CNN_FOG_ASCON,CNN_FOG,ascon,4,model_metrics_gateway_gateway_B_41.csv,peer,
2026-04-22 17:07:41,gateway,gateway_B,gatewayB,41,local_train,19,30,1.0,0.0005586215411312,30.0,CNN_FOG_ASCON,CNN_FOG,ascon,4,model_metrics_gateway_gateway_B_41.csv,peer,
2026-04-22 17:21:23,gateway,gateway_A,raspberrypi,13,local_train,0,30,1.0,0.2150257676839828,30.0,CNN_FOG_ASCON,CNN_FOG,ascon,5,model_metrics_gateway_gateway_A_13.csv,leader,
2026-04-22 17:21:23,gateway,gateway_A,raspberrypi,13,fog_fedavg,0,60,1.0,0.5297635719180107,,CNN_FOG_ASCON,CNN_FOG,ascon,5,model_metrics_gateway_gateway_A_13.csv,leader,2.0
2026-04-22 17:22:16,gateway,gateway_A,raspberrypi,13,local_train,1,30,1.0,0.1903126090764999,30.0,CNN_FOG_ASCON,CNN_FOG,ascon,5,model_metrics_gateway_gateway_A_13.csv,leader,
2026-04-22 17:22:16,gateway,gateway_A,raspberrypi,13,fog_fedavg,1,60,1.0,0.272001601755619,,CNN_FOG_ASCON,CNN_FOG,ascon,5,model_metrics_gateway_gateway_A_13.csv,leader,2.0
2026-04-22 17:23:19,gateway,gateway_A,raspberrypi,13,local_train,2,30,1.0,0.0349318347871303,30.0,CNN_FOG_ASCON,CNN_FOG,ascon,5,model_metrics_gateway_gateway_A_13.csv,leader,
2026-04-22 17:23:19,gateway,gateway_A,raspberrypi,13,fog_fedavg,2,60,1.0,0.0380661636590957,,CNN_FOG_ASCON,CNN_FOG,ascon,5,model_metrics_gateway_gateway_A_13.csv,leader,2.0
2026-04-22 17:24:17,gateway,gateway_A,raspberrypi,13,local_train,3,30,0.800000011920929,0.5080711245536804,30.0,CNN_FOG_ASCON,CNN_FOG,ascon,5,model_metrics_gateway_gateway_A_13.csv,leader,
2026-04-22 17:24:18,gateway,gateway_A,raspberrypi,13,fog_fedavg,3,60,0.9000000059604645,0.2587162470445037,,CNN_FOG_ASCON,CNN_FOG,ascon,5,model_metrics_gateway_gateway_A_13.csv,leader,2.0
2026-04-22 17:25:16,gateway,gateway_A,raspberrypi,13,local_train,4,30,0.8333333134651184,0.4970498979091644,30.0,CNN_FOG_ASCON,CNN_FOG,ascon,5,model_metrics_gateway_gateway_A_13.csv,leader,
2026-04-22 17:25:16,gateway,gateway_A,raspberrypi,13,fog_fedavg,4,60,0.9166666567325592,0.2524699782952666,,CNN_FOG_ASCON,CNN_FOG,ascon,5,model_metrics_gateway_gateway_A_13.csv,leader,2.0
2026-04-22 17:26:14,gateway,gateway_A,raspberrypi,13,local_train,5,30,0.9666666388511658,0.1952326595783233,30.0,CNN_FOG_ASCON,CNN_FOG,ascon,5,model_metrics_gateway_gateway_A_13.csv,leader,
2026-04-22 17:26:14,gateway,gateway_A,raspberrypi,13,fog_fedavg,5,60,0.9833333194255828,0.1008822089061141,,CNN_FOG_ASCON,CNN_FOG,ascon,5,model_metrics_gateway_gateway_A_13.csv,leader,2.0
2026-04-22 17:27:13,gateway,gateway_A,raspberrypi,13,local_train,6,30,0.8333333134651184,0.423318862915039,30.0,CNN_FOG_ASCON,CNN_FOG,ascon,5,model_metrics_gateway_gateway_A_13.csv,leader,
2026-04-22 17:27:13,gateway,gateway_A,raspberrypi,13,fog_fedavg,6,60,0.9166666567325592,0.2137762105558067,,CNN_FOG_ASCON,CNN_FOG,ascon,5,model_metrics_gateway_gateway_A_13.csv,leader,2.0
2026-04-22 17:28:13,gateway,gateway_A,raspberrypi,13,local_train,7,30,0.9666666388511658,0.1086689755320549,30.0,CNN_FOG_ASCON,CNN_FOG,ascon,5,model_metrics_gateway_gateway_A_13.csv,leader,
2026-04-22 17:28:13,gateway,gateway_A,raspberrypi,13,fog_fedavg,7,60,0.9833333194255828,0.0557842866983264,,CNN_FOG_ASCON,CNN_FOG,ascon,5,model_metrics_gateway_gateway_A_13.csv,leader,2.0
2026-04-22 17:29:12,gateway,gateway_A,raspberrypi,13,local_train,8,30,0.8999999761581421,0.2783598005771637,30.0,CNN_FOG_ASCON,CNN_FOG,ascon,5,model_metrics_gateway_gateway_A_13.csv,leader,
2026-04-22 17:29:12,gateway,gateway_A,raspberrypi,13,fog_fedavg,8,60,0.949999988079071,0.1400600058259442,,CNN_FOG_ASCON,CNN_FOG,ascon,5,model_metrics_gateway_gateway_A_13.csv,leader,2.0
2026-04-22 17:30:12,gateway,gateway_A,raspberrypi,13,local_train,9,30,0.8999999761581421,0.1957876682281494,30.0,CNN_FOG_ASCON,CNN_FOG,ascon,5,model_metrics_gateway_gateway_A_13.csv,leader,
2026-04-22 17:30:12,gateway,gateway_A,raspberrypi,13,fog_fedavg,9,60,0.949999988079071,0.0987333370139822,,CNN_FOG_ASCON,CNN_FOG,ascon,5,model_metrics_gateway_gateway_A_13.csv,leader,2.0
2026-04-22 17:31:11,gateway,gateway_A,raspberrypi,13,local_train,10,30,0.9666666388511658,0.1027899235486984,30.0,CNN_FOG_ASCON,CNN_FOG,ascon,5,model_metrics_gateway_gateway_A_13.csv,leader,
2026-04-22 17:31:11,gateway,gateway_A,raspberrypi,13,fog_fedavg,10,60,0.9833333194255828,0.0522214460652321,,CNN_FOG_ASCON,CNN_FOG,ascon,5,model_metrics_gateway_gateway_A_13.csv,leader,2.0
2026-04-22 17:32:09,gateway,gateway_A,raspberrypi,13,local_train,11,30,0.9333333373069764,0.2086030095815658,30.0,CNN_FOG_ASCON,CNN_FOG,ascon,5,model_metrics_gateway_gateway_A_13.csv,leader,
2026-04-22 17:32:09,gateway,gateway_A,raspberrypi,13,fog_fedavg,11,60,0.9666666686534882,0.1047976639238186,,CNN_FOG_ASCON,CNN_FOG,ascon,5,model_metrics_gateway_gateway_A_13.csv,leader,2.0
2026-04-22 17:33:10,gateway,gateway_A,raspberrypi,13,local_train,12,30,0.8666666746139526,0.2186983972787857,30.0,CNN_FOG_ASCON,CNN_FOG,ascon,5,model_metrics_gateway_gateway_A_13.csv,leader,
2026-04-22 17:33:10,gateway,gateway_A,raspberrypi,13,fog_fedavg,12,60,0.9333333373069764,0.1097425891202874,,CNN_FOG_ASCON,CNN_FOG,ascon,5,model_metrics_gateway_gateway_A_13.csv,leader,2.0
2026-04-22 17:34:09,gateway,gateway_A,raspberrypi,13,local_train,13,30,0.9333333373069764,0.1515277922153473,30.0,CNN_FOG_ASCON,CNN_FOG,ascon,5,model_metrics_gateway_gateway_A_13.csv,leader,
2026-04-22 17:34:09,gateway,gateway_A,raspberrypi,13,fog_fedavg,13,60,0.9666666686534882,0.0761216051760129,,CNN_FOG_ASCON,CNN_FOG,ascon,5,model_metrics_gateway_gateway_A_13.csv,leader,2.0
2026-04-22 17:35:07,gateway,gateway_A,raspberrypi,13,local_train,14,30,0.8999999761581421,0.1664703488349914,30.0,CNN_FOG_ASCON,CNN_FOG,ascon,5,model_metrics_gateway_gateway_A_13.csv,leader,
2026-04-22 17:35:07,gateway,gateway_A,raspberrypi,13,fog_fedavg,14,60,0.949999988079071,0.0835070144385099,,CNN_FOG_ASCON,CNN_FOG,ascon,5,model_metrics_gateway_gateway_A_13.csv,leader,2.0
2026-04-22 17:36:05,gateway,gateway_A,raspberrypi,13,local_train,15,30,0.9666666388511658,0.1377809941768646,30.0,CNN_FOG_ASCON,CNN_FOG,ascon,5,model_metrics_gateway_gateway_A_13.csv,leader,
2026-04-22 17:36:05,gateway,gateway_A,raspberrypi,13,fog_fedavg,15,60,0.9833333194255828,0.0692386718292255,,CNN_FOG_ASCON,CNN_FOG,ascon,5,model_metrics_gateway_gateway_A_13.csv,leader,2.0
2026-04-22 17:37:04,gateway,gateway_A,raspberrypi,13,local_train,16,30,0.9333333373069764,0.1388199478387832,30.0,CNN_FOG_ASCON,CNN_FOG,ascon,5,model_metrics_gateway_gateway_A_13.csv,leader,
2026-04-22 17:37:04,gateway,gateway_A,raspberrypi,13,fog_fedavg,16,60,0.9666666686534882,0.069735420460347,,CNN_FOG_ASCON,CNN_FOG,ascon,5,model_metrics_gateway_gateway_A_13.csv,leader,2.0
2026-04-22 17:38:03,gateway,gateway_A,raspberrypi,13,local_train,17,30,1.0,0.055090669542551,30.0,CNN_FOG_ASCON,CNN_FOG,ascon,5,model_metrics_gateway_gateway_A_13.csv,leader,
2026-04-22 17:38:03,gateway,gateway_A,raspberrypi,13,fog_fedavg,17,60,1.0,0.0278071814973372,,CNN_FOG_ASCON,CNN_FOG,ascon,5,model_metrics_gateway_gateway_A_13.csv,leader,2.0
2026-04-22 17:39:01,gateway,gateway_A,raspberrypi,13,local_train,18,30,1.0,0.0328894555568695,30.0,CNN_FOG_ASCON,CNN_FOG,ascon,5,model_metrics_gateway_gateway_A_13.csv,leader,
2026-04-22 17:39:01,gateway,gateway_A,raspberrypi,13,fog_fedavg,18,60,1.0,0.0168062346056103,,CNN_FOG_ASCON,CNN_FOG,ascon,5,model_metrics_gateway_gateway_A_13.csv,leader,2.0
2026-04-22 17:39:59,gateway,gateway_A,raspberrypi,13,local_train,19,30,1.0,0.0490677766501903,30.0,CNN_FOG_ASCON,CNN_FOG,ascon,5,model_metrics_gateway_gateway_A_13.csv,leader,
2026-04-22 17:39:59,gateway,gateway_A,raspberrypi,13,fog_fedavg,19,60,1.0,0.0247269193059764,,CNN_FOG_ASCON,CNN_FOG,ascon,5,model_metrics_gateway_gateway_A_13.csv,leader,2.0
2026-04-22 17:21:18,gateway,gateway_B,gatewayB,42,local_train,0,30,1.0,0.8445013761520386,30.0,CNN_FOG_ASCON,CNN_FOG,ascon,5,model_metrics_gateway_gateway_B_42.csv,peer,
2026-04-22 17:22:11,gateway,gateway_B,gatewayB,42,local_train,1,30,1.0,0.3536905944347381,30.0,CNN_FOG_ASCON,CNN_FOG,ascon,5,model_metrics_gateway_gateway_B_42.csv,peer,
2026-04-22 17:23:10,gateway,gateway_B,gatewayB,42,local_train,2,30,1.0,0.0412004925310611,30.0,CNN_FOG_ASCON,CNN_FOG,ascon,5,model_metrics_gateway_gateway_B_42.csv,peer,
2026-04-22 17:24:08,gateway,gateway_B,gatewayB,42,local_train,3,30,1.0,0.0093613695353269,30.0,CNN_FOG_ASCON,CNN_FOG,ascon,5,model_metrics_gateway_gateway_B_42.csv,peer,
2026-04-22 17:25:06,gateway,gateway_B,gatewayB,42,local_train,4,30,1.0,0.0078900586813688,30.0,CNN_FOG_ASCON,CNN_FOG,ascon,5,model_metrics_gateway_gateway_B_42.csv,peer,
2026-04-22 17:26:04,gateway,gateway_B,gatewayB,42,local_train,5,30,1.0,0.0065317582339048,30.0,CNN_FOG_ASCON,CNN_FOG,ascon,5,model_metrics_gateway_gateway_B_42.csv,peer,
2026-04-22 17:27:03,gateway,gateway_B,gatewayB,42,local_train,6,30,1.0,0.0042335581965744,30.0,CNN_FOG_ASCON,CNN_FOG,ascon,5,model_metrics_gateway_gateway_B_42.csv,peer,
2026-04-22 17:28:03,gateway,gateway_B,gatewayB,42,local_train,7,30,1.0,0.002899597864598,30.0,CNN_FOG_ASCON,CNN_FOG,ascon,5,model_metrics_gateway_gateway_B_42.csv,peer,
2026-04-22 17:29:02,gateway,gateway_B,gatewayB,42,local_train,8,30,1.0,0.0017602110747247,30.0,CNN_FOG_ASCON,CNN_FOG,ascon,5,model_metrics_gateway_gateway_B_42.csv,peer,
2026-04-22 17:30:00,gateway,gateway_B,gatewayB,42,local_train,9,30,1.0,0.001679005799815,30.0,CNN_FOG_ASCON,CNN_FOG,ascon,5,model_metrics_gateway_gateway_B_42.csv,peer,
2026-04-22 17:31:01,gateway,gateway_B,gatewayB,42,local_train,10,30,1.0,0.0016529685817658,30.0,CNN_FOG_ASCON,CNN_FOG,ascon,5,model_metrics_gateway_gateway_B_42.csv,peer,
2026-04-22 17:32:00,gateway,gateway_B,gatewayB,42,local_train,11,30,1.0,0.0009923182660713,30.0,CNN_FOG_ASCON,CNN_FOG,ascon,5,model_metrics_gateway_gateway_B_42.csv,peer,
2026-04-22 17:33:00,gateway,gateway_B,gatewayB,42,local_train,12,30,1.0,0.0007867809617891,30.0,CNN_FOG_ASCON,CNN_FOG,ascon,5,model_metrics_gateway_gateway_B_42.csv,peer,
2026-04-22 17:33:59,gateway,gateway_B,gatewayB,42,local_train,13,30,1.0,0.0007154181366786,30.0,CNN_FOG_ASCON,CNN_FOG,ascon,5,model_metrics_gateway_gateway_B_42.csv,peer,
2026-04-22 17:34:59,gateway,gateway_B,gatewayB,42,local_train,14,30,1.0,0.0005436800420284,30.0,CNN_FOG_ASCON,CNN_FOG,ascon,5,model_metrics_gateway_gateway_B_42.csv,peer,
2026-04-22 17:36:00,gateway,gateway_B,gatewayB,42,local_train,15,30,1.0,0.0006963494815863,30.0,CNN_FOG_ASCON,CNN_FOG,ascon,5,model_metrics_gateway_gateway_B_42.csv,peer,
2026-04-22 17:36:59,gateway,gateway_B,gatewayB,42,local_train,16,30,1.0,0.0006508930819109,30.0,CNN_FOG_ASCON,CNN_FOG,ascon,5,model_metrics_gateway_gateway_B_42.csv,peer,
2026-04-22 17:37:57,gateway,gateway_B,gatewayB,42,local_train,17,30,1.0,0.0005236934521235,30.0,CNN_FOG_ASCON,CNN_FOG,ascon,5,model_metrics_gateway_gateway_B_42.csv,peer,
2026-04-22 17:38:56,gateway,gateway_B,gatewayB,42,local_train,18,30,1.0,0.0007230136543512,30.0,CNN_FOG_ASCON,CNN_FOG,ascon,5,model_metrics_gateway_gateway_B_42.csv,peer,
2026-04-22 17:39:54,gateway,gateway_B,gatewayB,42,local_train,19,30,1.0,0.0003860619617626,30.0,CNN_FOG_ASCON,CNN_FOG,ascon,5,model_metrics_gateway_gateway_B_42.csv,peer,
2026-04-22 16:01:17,gateway,gateway_A,raspberrypi,10,local_train,0,30,0.6666666865348816,0.7785906195640564,30.0,CNN_FOG_ASCON,CNN_FOG,ascon,6,model_metrics_gateway_gateway_A_10.csv,leader,
2026-04-22 16:01:18,gateway,gateway_A,raspberrypi,10,fog_fedavg,0,60,0.7666666805744171,0.7752238512039185,,CNN_FOG_ASCON,CNN_FOG,ascon,6,model_metrics_gateway_gateway_A_10.csv,leader,2.0
2026-04-22 16:02:11,gateway,gateway_A,raspberrypi,10,local_train,1,30,0.699999988079071,0.8189403414726257,30.0,CNN_FOG_ASCON,CNN_FOG,ascon,6,model_metrics_gateway_gateway_A_10.csv,leader,
2026-04-22 16:02:11,gateway,gateway_A,raspberrypi,10,fog_fedavg,1,60,0.75,0.7762842774391174,,CNN_FOG_ASCON,CNN_FOG,ascon,6,model_metrics_gateway_gateway_A_10.csv,leader,2.0
2026-04-22 16:03:09,gateway,gateway_A,raspberrypi,10,local_train,2,30,0.7333333492279053,0.6045657992362976,30.0,CNN_FOG_ASCON,CNN_FOG,ascon,6,model_metrics_gateway_gateway_A_10.csv,leader,
2026-04-22 16:03:09,gateway,gateway_A,raspberrypi,10,fog_fedavg,2,60,0.800000011920929,0.551995649933815,,CNN_FOG_ASCON,CNN_FOG,ascon,6,model_metrics_gateway_gateway_A_10.csv,leader,2.0
2026-04-22 16:04:08,gateway,gateway_A,raspberrypi,10,local_train,3,30,0.8333333134651184,0.3697461485862732,30.0,CNN_FOG_ASCON,CNN_FOG,ascon,6,model_metrics_gateway_gateway_A_10.csv,leader,
2026-04-22 16:04:08,gateway,gateway_A,raspberrypi,10,fog_fedavg,3,60,0.8499999940395355,0.3446559756994247,,CNN_FOG_ASCON,CNN_FOG,ascon,6,model_metrics_gateway_gateway_A_10.csv,leader,2.0
2026-04-22 16:05:06,gateway,gateway_A,raspberrypi,10,local_train,4,30,0.7666666507720947,0.4447455108165741,30.0,CNN_FOG_ASCON,CNN_FOG,ascon,6,model_metrics_gateway_gateway_A_10.csv,leader,
2026-04-22 16:05:06,gateway,gateway_A,raspberrypi,10,fog_fedavg,4,60,0.8499999940395355,0.4126588553190231,,CNN_FOG_ASCON,CNN_FOG,ascon,6,model_metrics_gateway_gateway_A_10.csv,leader,2.0
2026-04-22 16:06:04,gateway,gateway_A,raspberrypi,10,local_train,5,30,0.8666666746139526,0.3005591034889221,30.0,CNN_FOG_ASCON,CNN_FOG,ascon,6,model_metrics_gateway_gateway_A_10.csv,leader,
2026-04-22 16:06:05,gateway,gateway_A,raspberrypi,10,fog_fedavg,5,60,0.9000000059604645,0.2461334839463234,,CNN_FOG_ASCON,CNN_FOG,ascon,6,model_metrics_gateway_gateway_A_10.csv,leader,2.0
2026-04-22 16:07:03,gateway,gateway_A,raspberrypi,10,local_train,6,30,0.9333333373069764,0.3160616755485534,30.0,CNN_FOG_ASCON,CNN_FOG,ascon,6,model_metrics_gateway_gateway_A_10.csv,leader,
2026-04-22 16:07:03,gateway,gateway_A,raspberrypi,10,fog_fedavg,6,60,0.9000000059604645,0.2975414246320724,,CNN_FOG_ASCON,CNN_FOG,ascon,6,model_metrics_gateway_gateway_A_10.csv,leader,2.0
2026-04-22 16:08:01,gateway,gateway_A,raspberrypi,10,local_train,7,30,0.8999999761581421,0.2506352066993713,30.0,CNN_FOG_ASCON,CNN_FOG,ascon,6,model_metrics_gateway_gateway_A_10.csv,leader,
2026-04-22 16:08:02,gateway,gateway_A,raspberrypi,10,fog_fedavg,7,60,0.9166666567325592,0.21183892339468,,CNN_FOG_ASCON,CNN_FOG,ascon,6,model_metrics_gateway_gateway_A_10.csv,leader,2.0
2026-04-22 16:09:00,gateway,gateway_A,raspberrypi,10,local_train,8,30,0.9333333373069764,0.1679144501686096,30.0,CNN_FOG_ASCON,CNN_FOG,ascon,6,model_metrics_gateway_gateway_A_10.csv,leader,
2026-04-22 16:09:00,gateway,gateway_A,raspberrypi,10,fog_fedavg,8,60,0.949999988079071,0.1532678455114364,,CNN_FOG_ASCON,CNN_FOG,ascon,6,model_metrics_gateway_gateway_A_10.csv,leader,2.0
2026-04-22 16:09:58,gateway,gateway_A,raspberrypi,10,local_train,9,30,0.9666666388511658,0.1670842468738556,30.0,CNN_FOG_ASCON,CNN_FOG,ascon,6,model_metrics_gateway_gateway_A_10.csv,leader,
2026-04-22 16:09:58,gateway,gateway_A,raspberrypi,10,fog_fedavg,9,60,0.8833333253860474,0.2885593026876449,,CNN_FOG_ASCON,CNN_FOG,ascon,6,model_metrics_gateway_gateway_A_10.csv,leader,2.0
2026-04-22 16:10:56,gateway,gateway_A,raspberrypi,10,local_train,10,30,0.8666666746139526,0.2501606047153473,30.0,CNN_FOG_ASCON,CNN_FOG,ascon,6,model_metrics_gateway_gateway_A_10.csv,leader,
2026-04-22 16:10:57,gateway,gateway_A,raspberrypi,10,fog_fedavg,10,60,0.8833333253860474,0.2370620295405388,,CNN_FOG_ASCON,CNN_FOG,ascon,6,model_metrics_gateway_gateway_A_10.csv,leader,2.0
2026-04-22 16:11:55,gateway,gateway_A,raspberrypi,10,local_train,11,30,0.9666666388511658,0.1308925300836563,30.0,CNN_FOG_ASCON,CNN_FOG,ascon,6,model_metrics_gateway_gateway_A_10.csv,leader,
2026-04-22 16:11:56,gateway,gateway_A,raspberrypi,10,fog_fedavg,11,60,0.9666666388511658,0.1189673729240894,,CNN_FOG_ASCON,CNN_FOG,ascon,6,model_metrics_gateway_gateway_A_10.csv,leader,2.0
2026-04-22 16:12:54,gateway,gateway_A,raspberrypi,10,local_train,12,30,0.9666666388511658,0.102720983326435,30.0,CNN_FOG_ASCON,CNN_FOG,ascon,6,model_metrics_gateway_gateway_A_10.csv,leader,
2026-04-22 16:12:54,gateway,gateway_A,raspberrypi,10,fog_fedavg,12,60,0.949999988079071,0.1352086029946804,,CNN_FOG_ASCON,CNN_FOG,ascon,6,model_metrics_gateway_gateway_A_10.csv,leader,2.0
2026-04-22 16:13:53,gateway,gateway_A,raspberrypi,10,local_train,13,30,0.9666666388511658,0.2098547369241714,30.0,CNN_FOG_ASCON,CNN_FOG,ascon,6,model_metrics_gateway_gateway_A_10.csv,leader,
2026-04-22 16:13:53,gateway,gateway_A,raspberrypi,10,fog_fedavg,13,60,0.9833333194255828,0.1432909928262233,,CNN_FOG_ASCON,CNN_FOG,ascon,6,model_metrics_gateway_gateway_A_10.csv,leader,2.0
2026-04-22 16:14:51,gateway,gateway_A,raspberrypi,10,local_train,14,30,0.9333333373069764,0.1311252266168594,30.0,CNN_FOG_ASCON,CNN_FOG,ascon,6,model_metrics_gateway_gateway_A_10.csv,leader,
2026-04-22 16:14:52,gateway,gateway_A,raspberrypi,10,fog_fedavg,14,60,0.7833333313465118,0.4516778662800789,,CNN_FOG_ASCON,CNN_FOG,ascon,6,model_metrics_gateway_gateway_A_10.csv,leader,2.0
2026-04-22 16:15:50,gateway,gateway_A,raspberrypi,10,local_train,15,30,0.8666666746139526,0.1941836029291153,30.0,CNN_FOG_ASCON,CNN_FOG,ascon,6,model_metrics_gateway_gateway_A_10.csv,leader,
2026-04-22 16:15:51,gateway,gateway_A,raspberrypi,10,fog_fedavg,15,60,0.9000000059604645,0.1959089115262031,,CNN_FOG_ASCON,CNN_FOG,ascon,6,model_metrics_gateway_gateway_A_10.csv,leader,2.0
2026-04-22 16:16:50,gateway,gateway_A,raspberrypi,10,local_train,16,30,0.8999999761581421,0.2349415719509124,30.0,CNN_FOG_ASCON,CNN_FOG,ascon,6,model_metrics_gateway_gateway_A_10.csv,leader,
2026-04-22 16:16:50,gateway,gateway_A,raspberrypi,10,fog_fedavg,16,60,0.933333307504654,0.1751584894955158,,CNN_FOG_ASCON,CNN_FOG,ascon,6,model_metrics_gateway_gateway_A_10.csv,leader,2.0
2026-04-22 16:17:48,gateway,gateway_A,raspberrypi,10,local_train,17,30,1.0,0.1029457375407219,30.0,CNN_FOG_ASCON,CNN_FOG,ascon,6,model_metrics_gateway_gateway_A_10.csv,leader,
2026-04-22 16:17:48,gateway,gateway_A,raspberrypi,10,fog_fedavg,17,60,0.9333333373069764,0.1533627398312091,,CNN_FOG_ASCON,CNN_FOG,ascon,6,model_metrics_gateway_gateway_A_10.csv,leader,2.0
2026-04-22 16:18:47,gateway,gateway_A,raspberrypi,10,local_train,18,30,0.8666666746139526,0.1704151183366775,30.0,CNN_FOG_ASCON,CNN_FOG,ascon,6,model_metrics_gateway_gateway_A_10.csv,leader,
2026-04-22 16:18:47,gateway,gateway_A,raspberrypi,10,fog_fedavg,18,60,0.9166666567325592,0.1344164386391639,,CNN_FOG_ASCON,CNN_FOG,ascon,6,model_metrics_gateway_gateway_A_10.csv,leader,2.0
2026-04-22 16:19:45,gateway,gateway_A,raspberrypi,10,local_train,19,30,0.9666666388511658,0.1146145015954971,30.0,CNN_FOG_ASCON,CNN_FOG,ascon,6,model_metrics_gateway_gateway_A_10.csv,leader,
2026-04-22 16:19:45,gateway,gateway_A,raspberrypi,10,fog_fedavg,19,60,0.949999988079071,0.1505782604217529,,CNN_FOG_ASCON,CNN_FOG,ascon,6,model_metrics_gateway_gateway_A_10.csv,leader,2.0
2026-04-22 16:01:18,gateway,gateway_B,gatewayB,40,local_train,0,30,0.8666666746139526,0.7718570828437805,30.0,CNN_FOG_ASCON,CNN_FOG,ascon,6,model_metrics_gateway_gateway_B_39.csv,peer,
2026-04-22 16:02:11,gateway,gateway_B,gatewayB,40,local_train,1,30,0.800000011920929,0.7336282134056091,30.0,CNN_FOG_ASCON,CNN_FOG,ascon,6,model_metrics_gateway_gateway_B_39.csv,peer,
2026-04-22 16:03:09,gateway,gateway_B,gatewayB,40,local_train,2,30,0.8666666746139526,0.4994255006313324,30.0,CNN_FOG_ASCON,CNN_FOG,ascon,6,model_metrics_gateway_gateway_B_39.csv,peer,
2026-04-22 16:04:08,gateway,gateway_B,gatewayB,40,local_train,3,30,0.8666666746139526,0.3195658028125763,30.0,CNN_FOG_ASCON,CNN_FOG,ascon,6,model_metrics_gateway_gateway_B_39.csv,peer,
2026-04-22 16:05:06,gateway,gateway_B,gatewayB,40,local_train,4,30,0.9333333373069764,0.3805721998214721,30.0,CNN_FOG_ASCON,CNN_FOG,ascon,6,model_metrics_gateway_gateway_B_39.csv,peer,
2026-04-22 16:06:05,gateway,gateway_B,gatewayB,40,local_train,5,30,0.9333333373069764,0.1917078644037246,30.0,CNN_FOG_ASCON,CNN_FOG,ascon,6,model_metrics_gateway_gateway_B_39.csv,peer,
2026-04-22 16:07:03,gateway,gateway_B,gatewayB,40,local_train,6,30,0.8666666746139526,0.2790211737155914,30.0,CNN_FOG_ASCON,CNN_FOG,ascon,6,model_metrics_gateway_gateway_B_39.csv,peer,
2026-04-22 16:08:01,gateway,gateway_B,gatewayB,40,local_train,7,30,0.9333333373069764,0.1730426400899887,30.0,CNN_FOG_ASCON,CNN_FOG,ascon,6,model_metrics_gateway_gateway_B_39.csv,peer,
2026-04-22 16:09:00,gateway,gateway_B,gatewayB,40,local_train,8,30,0.9666666388511658,0.1386212408542633,30.0,CNN_FOG_ASCON,CNN_FOG,ascon,6,model_metrics_gateway_gateway_B_39.csv,peer,
2026-04-22 16:09:58,gateway,gateway_B,gatewayB,40,local_train,9,30,0.800000011920929,0.4100343585014343,30.0,CNN_FOG_ASCON,CNN_FOG,ascon,6,model_metrics_gateway_gateway_B_39.csv,peer,
2026-04-22 16:10:57,gateway,gateway_B,gatewayB,40,local_train,10,30,0.8999999761581421,0.2239634543657302,30.0,CNN_FOG_ASCON,CNN_FOG,ascon,6,model_metrics_gateway_gateway_B_39.csv,peer,
2026-04-22 16:11:56,gateway,gateway_B,gatewayB,40,local_train,11,30,0.9666666388511658,0.1070422157645225,30.0,CNN_FOG_ASCON,CNN_FOG,ascon,6,model_metrics_gateway_gateway_B_39.csv,peer,
2026-04-22 16:12:54,gateway,gateway_B,gatewayB,40,local_train,12,30,0.9333333373069764,0.1676962226629257,30.0,CNN_FOG_ASCON,CNN_FOG,ascon,6,model_metrics_gateway_gateway_B_39.csv,peer,
2026-04-22 16:13:52,gateway,gateway_B,gatewayB,40,local_train,13,30,1.0,0.0767272487282753,30.0,CNN_FOG_ASCON,CNN_FOG,ascon,6,model_metrics_gateway_gateway_B_39.csv,peer,
2026-04-22 16:14:51,gateway,gateway_B,gatewayB,40,local_train,14,30,0.6333333253860474,0.7722305059432983,30.0,CNN_FOG_ASCON,CNN_FOG,ascon,6,model_metrics_gateway_gateway_B_39.csv,peer,
2026-04-22 16:15:51,gateway,gateway_B,gatewayB,40,local_train,15,30,0.9333333373069764,0.197634220123291,30.0,CNN_FOG_ASCON,CNN_FOG,ascon,6,model_metrics_gateway_gateway_B_39.csv,peer,
2026-04-22 16:16:50,gateway,gateway_B,gatewayB,40,local_train,16,30,0.9666666388511658,0.1153754070401191,30.0,CNN_FOG_ASCON,CNN_FOG,ascon,6,model_metrics_gateway_gateway_B_39.csv,peer,
2026-04-22 16:17:48,gateway,gateway_B,gatewayB,40,local_train,17,30,0.8666666746139526,0.2037797421216964,30.0,CNN_FOG_ASCON,CNN_FOG,ascon,6,model_metrics_gateway_gateway_B_39.csv,peer,
2026-04-22 16:18:46,gateway,gateway_B,gatewayB,40,local_train,18,30,0.9666666388511658,0.0984177589416503,30.0,CNN_FOG_ASCON,CNN_FOG,ascon,6,model_metrics_gateway_gateway_B_39.csv,peer,
2026-04-22 16:19:45,gateway,gateway_B,gatewayB,40,local_train,19,30,0.9333333373069764,0.1865420192480087,30.0,CNN_FOG_ASCON,CNN_FOG,ascon,6,model_metrics_gateway_gateway_B_39.csv,peer,
2026-04-22 16:22:44,gateway,gateway_A,raspberrypi,11,local_train,0,30,0.699999988079071,0.7234936952590942,30.0,CNN_FOG_ASCON,CNN_FOG,ascon,7,model_metrics_gateway_gateway_A_11.csv,leader,
2026-04-22 16:22:45,gateway,gateway_A,raspberrypi,11,fog_fedavg,0,60,0.7999999821186066,0.7424582540988922,,CNN_FOG_ASCON,CNN_FOG,ascon,7,model_metrics_gateway_gateway_A_11.csv,leader,2.0
2026-04-22 16:23:38,gateway,gateway_A,raspberrypi,11,local_train,1,30,0.8999999761581421,0.6312021613121033,30.0,CNN_FOG_ASCON,CNN_FOG,ascon,7,model_metrics_gateway_gateway_A_11.csv,leader,
2026-04-22 16:23:38,gateway,gateway_A,raspberrypi,11,fog_fedavg,1,60,0.8666666448116302,0.6153407990932465,,CNN_FOG_ASCON,CNN_FOG,ascon,7,model_metrics_gateway_gateway_A_11.csv,leader,2.0
2026-04-22 16:24:37,gateway,gateway_A,raspberrypi,11,local_train,2,30,0.9333333373069764,0.365104079246521,30.0,CNN_FOG_ASCON,CNN_FOG,ascon,7,model_metrics_gateway_gateway_A_11.csv,leader,
2026-04-22 16:24:37,gateway,gateway_A,raspberrypi,11,fog_fedavg,2,60,0.800000011920929,0.5084129571914673,,CNN_FOG_ASCON,CNN_FOG,ascon,7,model_metrics_gateway_gateway_A_11.csv,leader,2.0
2026-04-22 16:25:35,gateway,gateway_A,raspberrypi,11,local_train,3,30,0.7333333492279053,0.5212261080741882,30.0,CNN_FOG_ASCON,CNN_FOG,ascon,7,model_metrics_gateway_gateway_A_11.csv,leader,
2026-04-22 16:25:35,gateway,gateway_A,raspberrypi,11,fog_fedavg,3,60,0.800000011920929,0.5326851904392242,,CNN_FOG_ASCON,CNN_FOG,ascon,7,model_metrics_gateway_gateway_A_11.csv,leader,2.0
2026-04-22 16:26:34,gateway,gateway_A,raspberrypi,11,local_train,4,30,0.8666666746139526,0.4716264307498932,30.0,CNN_FOG_ASCON,CNN_FOG,ascon,7,model_metrics_gateway_gateway_A_11.csv,leader,
2026-04-22 16:26:34,gateway,gateway_A,raspberrypi,11,fog_fedavg,4,60,0.8666666746139526,0.4741473346948623,,CNN_FOG_ASCON,CNN_FOG,ascon,7,model_metrics_gateway_gateway_A_11.csv,leader,2.0
2026-04-22 16:27:33,gateway,gateway_A,raspberrypi,11,local_train,5,30,0.8333333134651184,0.3563332855701446,30.0,CNN_FOG_ASCON,CNN_FOG,ascon,7,model_metrics_gateway_gateway_A_11.csv,leader,
2026-04-22 16:27:33,gateway,gateway_A,raspberrypi,11,fog_fedavg,5,60,0.8666666448116302,0.3613828867673874,,CNN_FOG_ASCON,CNN_FOG,ascon,7,model_metrics_gateway_gateway_A_11.csv,leader,2.0
2026-04-22 16:28:32,gateway,gateway_A,raspberrypi,11,local_train,6,30,0.9666666388511658,0.2620229423046112,30.0,CNN_FOG_ASCON,CNN_FOG,ascon,7,model_metrics_gateway_gateway_A_11.csv,leader,
2026-04-22 16:28:32,gateway,gateway_A,raspberrypi,11,fog_fedavg,6,60,0.9666666388511658,0.2714931964874267,,CNN_FOG_ASCON,CNN_FOG,ascon,7,model_metrics_gateway_gateway_A_11.csv,leader,2.0
2026-04-22 16:29:30,gateway,gateway_A,raspberrypi,11,local_train,7,30,0.9333333373069764,0.2233059406280517,30.0,CNN_FOG_ASCON,CNN_FOG,ascon,7,model_metrics_gateway_gateway_A_11.csv,leader,
2026-04-22 16:29:30,gateway,gateway_A,raspberrypi,11,fog_fedavg,7,60,0.9166666567325592,0.2686189264059067,,CNN_FOG_ASCON,CNN_FOG,ascon,7,model_metrics_gateway_gateway_A_11.csv,leader,2.0
2026-04-22 16:30:28,gateway,gateway_A,raspberrypi,11,local_train,8,30,1.0,0.0726215317845344,30.0,CNN_FOG_ASCON,CNN_FOG,ascon,7,model_metrics_gateway_gateway_A_11.csv,leader,
2026-04-22 16:30:28,gateway,gateway_A,raspberrypi,11,fog_fedavg,8,60,0.9333333373069764,0.1684159524738788,,CNN_FOG_ASCON,CNN_FOG,ascon,7,model_metrics_gateway_gateway_A_11.csv,leader,2.0
2026-04-22 16:31:27,gateway,gateway_A,raspberrypi,11,local_train,9,30,1.0,0.1109479591250419,30.0,CNN_FOG_ASCON,CNN_FOG,ascon,7,model_metrics_gateway_gateway_A_11.csv,leader,
2026-04-22 16:31:28,gateway,gateway_A,raspberrypi,11,fog_fedavg,9,60,0.949999988079071,0.1932003162801265,,CNN_FOG_ASCON,CNN_FOG,ascon,7,model_metrics_gateway_gateway_A_11.csv,leader,2.0
2026-04-22 16:32:26,gateway,gateway_A,raspberrypi,11,local_train,10,30,0.9666666388511658,0.1479078829288482,30.0,CNN_FOG_ASCON,CNN_FOG,ascon,7,model_metrics_gateway_gateway_A_11.csv,leader,
2026-04-22 16:32:26,gateway,gateway_A,raspberrypi,11,fog_fedavg,10,60,0.9666666388511658,0.1752068474888801,,CNN_FOG_ASCON,CNN_FOG,ascon,7,model_metrics_gateway_gateway_A_11.csv,leader,2.0
2026-04-22 16:33:25,gateway,gateway_A,raspberrypi,11,local_train,11,30,1.0,0.0650764852762222,30.0,CNN_FOG_ASCON,CNN_FOG,ascon,7,model_metrics_gateway_gateway_A_11.csv,leader,
2026-04-22 16:33:25,gateway,gateway_A,raspberrypi,11,fog_fedavg,11,60,0.949999988079071,0.1628374680876732,,CNN_FOG_ASCON,CNN_FOG,ascon,7,model_metrics_gateway_gateway_A_11.csv,leader,2.0
2026-04-22 16:34:24,gateway,gateway_A,raspberrypi,11,local_train,12,30,1.0,0.0415520444512367,30.0,CNN_FOG_ASCON,CNN_FOG,ascon,7,model_metrics_gateway_gateway_A_11.csv,leader,
2026-04-22 16:34:24,gateway,gateway_A,raspberrypi,11,fog_fedavg,12,60,1.0,0.0772059708833694,,CNN_FOG_ASCON,CNN_FOG,ascon,7,model_metrics_gateway_gateway_A_11.csv,leader,2.0
2026-04-22 16:35:22,gateway,gateway_A,raspberrypi,11,local_train,13,30,0.9666666388511658,0.1556182205677032,30.0,CNN_FOG_ASCON,CNN_FOG,ascon,7,model_metrics_gateway_gateway_A_11.csv,leader,
2026-04-22 16:35:23,gateway,gateway_A,raspberrypi,11,fog_fedavg,13,60,0.949999988079071,0.1626313328742981,,CNN_FOG_ASCON,CNN_FOG,ascon,7,model_metrics_gateway_gateway_A_11.csv,leader,2.0
2026-04-22 16:36:21,gateway,gateway_A,raspberrypi,11,local_train,14,30,1.0,0.0682657435536384,30.0,CNN_FOG_ASCON,CNN_FOG,ascon,7,model_metrics_gateway_gateway_A_11.csv,leader,
2026-04-22 16:36:21,gateway,gateway_A,raspberrypi,11,fog_fedavg,14,60,0.8833333253860474,0.2859037257730961,,CNN_FOG_ASCON,CNN_FOG,ascon,7,model_metrics_gateway_gateway_A_11.csv,leader,2.0
2026-04-22 16:37:19,gateway,gateway_A,raspberrypi,11,local_train,15,30,0.8666666746139526,0.1852273941040039,30.0,CNN_FOG_ASCON,CNN_FOG,ascon,7,model_metrics_gateway_gateway_A_11.csv,leader,
2026-04-22 16:37:19,gateway,gateway_A,raspberrypi,11,fog_fedavg,15,60,0.9000000059604645,0.1578859016299247,,CNN_FOG_ASCON,CNN_FOG,ascon,7,model_metrics_gateway_gateway_A_11.csv,leader,2.0
2026-04-22 16:38:18,gateway,gateway_A,raspberrypi,11,local_train,16,30,1.0,0.0171346757560968,30.0,CNN_FOG_ASCON,CNN_FOG,ascon,7,model_metrics_gateway_gateway_A_11.csv,leader,
2026-04-22 16:38:18,gateway,gateway_A,raspberrypi,11,fog_fedavg,16,60,0.9833333194255828,0.0745580764487385,,CNN_FOG_ASCON,CNN_FOG,ascon,7,model_metrics_gateway_gateway_A_11.csv,leader,2.0
2026-04-22 16:39:16,gateway,gateway_A,raspberrypi,11,local_train,17,30,0.9333333373069764,0.1078143194317817,30.0,CNN_FOG_ASCON,CNN_FOG,ascon,7,model_metrics_gateway_gateway_A_11.csv,leader,
2026-04-22 16:39:16,gateway,gateway_A,raspberrypi,11,fog_fedavg,17,60,0.9666666686534882,0.0938895642757415,,CNN_FOG_ASCON,CNN_FOG,ascon,7,model_metrics_gateway_gateway_A_11.csv,leader,2.0
2026-04-22 16:40:14,gateway,gateway_A,raspberrypi,11,local_train,18,30,0.9666666388511658,0.0633999034762382,30.0,CNN_FOG_ASCON,CNN_FOG,ascon,7,model_metrics_gateway_gateway_A_11.csv,leader,
2026-04-22 16:40:15,gateway,gateway_A,raspberrypi,11,fog_fedavg,18,60,0.9833333194255828,0.0532511863857507,,CNN_FOG_ASCON,CNN_FOG,ascon,7,model_metrics_gateway_gateway_A_11.csv,leader,2.0
2026-04-22 16:41:13,gateway,gateway_A,raspberrypi,11,local_train,19,30,1.0,0.0342730470001697,30.0,CNN_FOG_ASCON,CNN_FOG,ascon,7,model_metrics_gateway_gateway_A_11.csv,leader,
2026-04-22 16:41:14,gateway,gateway_A,raspberrypi,11,fog_fedavg,19,60,1.0,0.0310499500483274,,CNN_FOG_ASCON,CNN_FOG,ascon,7,model_metrics_gateway_gateway_A_11.csv,leader,2.0
2026-04-22 16:22:45,gateway,gateway_B,gatewayB,41,local_train,0,30,0.8999999761581421,0.7614228129386902,30.0,CNN_FOG_ASCON,CNN_FOG,ascon,7,model_metrics_gateway_gateway_B_40.csv,peer,
2026-04-22 16:23:38,gateway,gateway_B,gatewayB,41,local_train,1,30,0.8333333134651184,0.5994794368743896,30.0,CNN_FOG_ASCON,CNN_FOG,ascon,7,model_metrics_gateway_gateway_B_40.csv,peer,
2026-04-22 16:24:37,gateway,gateway_B,gatewayB,41,local_train,2,30,0.6666666865348816,0.6517218351364136,30.0,CNN_FOG_ASCON,CNN_FOG,ascon,7,model_metrics_gateway_gateway_B_40.csv,peer,
2026-04-22 16:25:35,gateway,gateway_B,gatewayB,41,local_train,3,30,0.8666666746139526,0.5441442728042603,30.0,CNN_FOG_ASCON,CNN_FOG,ascon,7,model_metrics_gateway_gateway_B_40.csv,peer,
2026-04-22 16:26:34,gateway,gateway_B,gatewayB,41,local_train,4,30,0.8666666746139526,0.4766682386398315,30.0,CNN_FOG_ASCON,CNN_FOG,ascon,7,model_metrics_gateway_gateway_B_40.csv,peer,
2026-04-22 16:27:33,gateway,gateway_B,gatewayB,41,local_train,5,30,0.8999999761581421,0.3664324879646301,30.0,CNN_FOG_ASCON,CNN_FOG,ascon,7,model_metrics_gateway_gateway_B_40.csv,peer,
2026-04-22 16:28:31,gateway,gateway_B,gatewayB,41,local_train,6,30,0.9666666388511658,0.2809634506702423,30.0,CNN_FOG_ASCON,CNN_FOG,ascon,7,model_metrics_gateway_gateway_B_40.csv,peer,
2026-04-22 16:29:30,gateway,gateway_B,gatewayB,41,local_train,7,30,0.8999999761581421,0.3139319121837616,30.0,CNN_FOG_ASCON,CNN_FOG,ascon,7,model_metrics_gateway_gateway_B_40.csv,peer,
2026-04-22 16:30:28,gateway,gateway_B,gatewayB,41,local_train,8,30,0.8666666746139526,0.2642103731632232,30.0,CNN_FOG_ASCON,CNN_FOG,ascon,7,model_metrics_gateway_gateway_B_40.csv,peer,
2026-04-22 16:31:28,gateway,gateway_B,gatewayB,41,local_train,9,30,0.8999999761581421,0.2754526734352112,30.0,CNN_FOG_ASCON,CNN_FOG,ascon,7,model_metrics_gateway_gateway_B_40.csv,peer,
2026-04-22 16:32:26,gateway,gateway_B,gatewayB,41,local_train,10,30,0.9666666388511658,0.202505812048912,30.0,CNN_FOG_ASCON,CNN_FOG,ascon,7,model_metrics_gateway_gateway_B_40.csv,peer,
2026-04-22 16:33:25,gateway,gateway_B,gatewayB,41,local_train,11,30,0.8999999761581421,0.2605984508991241,30.0,CNN_FOG_ASCON,CNN_FOG,ascon,7,model_metrics_gateway_gateway_B_40.csv,peer,
2026-04-22 16:34:24,gateway,gateway_B,gatewayB,41,local_train,12,30,1.0,0.1128598973155021,30.0,CNN_FOG_ASCON,CNN_FOG,ascon,7,model_metrics_gateway_gateway_B_40.csv,peer,
2026-04-22 16:35:23,gateway,gateway_B,gatewayB,41,local_train,13,30,0.9333333373069764,0.1696444451808929,30.0,CNN_FOG_ASCON,CNN_FOG,ascon,7,model_metrics_gateway_gateway_B_40.csv,peer,
2026-04-22 16:36:21,gateway,gateway_B,gatewayB,41,local_train,14,30,0.7666666507720947,0.5035417079925537,30.0,CNN_FOG_ASCON,CNN_FOG,ascon,7,model_metrics_gateway_gateway_B_40.csv,peer,
2026-04-22 16:37:19,gateway,gateway_B,gatewayB,41,local_train,15,30,0.9333333373069764,0.1305444091558456,30.0,CNN_FOG_ASCON,CNN_FOG,ascon,7,model_metrics_gateway_gateway_B_40.csv,peer,
2026-04-22 16:38:18,gateway,gateway_B,gatewayB,41,local_train,16,30,0.9666666388511658,0.1319814771413803,30.0,CNN_FOG_ASCON,CNN_FOG,ascon,7,model_metrics_gateway_gateway_B_40.csv,peer,
2026-04-22 16:39:16,gateway,gateway_B,gatewayB,41,local_train,17,30,1.0,0.0799648091197013,30.0,CNN_FOG_ASCON,CNN_FOG,ascon,7,model_metrics_gateway_gateway_B_40.csv,peer,
2026-04-22 16:40:15,gateway,gateway_B,gatewayB,41,local_train,18,30,1.0,0.0431024692952632,30.0,CNN_FOG_ASCON,CNN_FOG,ascon,7,model_metrics_gateway_gateway_B_40.csv,peer,
2026-04-22 16:41:14,gateway,gateway_B,gatewayB,41,local_train,19,30,1.0,0.0278268530964851,30.0,CNN_FOG_ASCON,CNN_FOG,ascon,7,model_metrics_gateway_gateway_B_40.csv,peer,
2026-04-19 10:25:58,gateway,gateway_A,raspberrypi,16,local_train,0,30,0.7333333492279053,0.8140271306037903,30.0,RN_NO_ASCON,RN,plain,16,model_metrics_gateway_gateway_A_16.csv,,
2026-04-19 10:26:43,gateway,gateway_A,raspberrypi,16,local_train,1,30,1.0,0.0644791796803474,30.0,RN_NO_ASCON,RN,plain,16,model_metrics_gateway_gateway_A_16.csv,,
2026-04-19 10:27:33,gateway,gateway_A,raspberrypi,16,local_train,2,30,1.0,0.0511341951787471,30.0,RN_NO_ASCON,RN,plain,16,model_metrics_gateway_gateway_A_16.csv,,
2026-04-19 10:28:23,gateway,gateway_A,raspberrypi,16,local_train,3,30,1.0,0.0318776816129684,30.0,RN_NO_ASCON,RN,plain,16,model_metrics_gateway_gateway_A_16.csv,,
2026-04-19 10:29:12,gateway,gateway_A,raspberrypi,16,local_train,4,30,1.0,0.0248885508626699,30.0,RN_NO_ASCON,RN,plain,16,model_metrics_gateway_gateway_A_16.csv,,
2026-04-19 10:34:05,gateway,gateway_A,raspberrypi,16,local_train,5,30,0.6666666865348816,1.2271682024002075,30.0,RN_NO_ASCON,RN,plain,16,model_metrics_gateway_gateway_A_16.csv,,
2026-04-19 10:34:55,gateway,gateway_A,raspberrypi,16,local_train,6,30,0.8333333134651184,0.4497591555118561,30.0,RN_NO_ASCON,RN,plain,16,model_metrics_gateway_gateway_A_16.csv,,
2026-04-19 10:35:45,gateway,gateway_A,raspberrypi,16,local_train,7,30,0.5,1.443485975265503,30.0,RN_NO_ASCON,RN,plain,16,model_metrics_gateway_gateway_A_16.csv,,
2026-04-19 10:36:35,gateway,gateway_A,raspberrypi,16,local_train,8,30,0.699999988079071,0.7392966747283936,30.0,RN_NO_ASCON,RN,plain,16,model_metrics_gateway_gateway_A_16.csv,,
2026-04-19 10:37:25,gateway,gateway_A,raspberrypi,16,local_train,9,30,0.7333333492279053,0.3893095552921295,30.0,RN_NO_ASCON,RN,plain,16,model_metrics_gateway_gateway_A_16.csv,,
2026-04-19 10:38:15,gateway,gateway_A,raspberrypi,16,local_train,10,30,0.9333333373069764,0.1748105436563491,30.0,RN_NO_ASCON,RN,plain,16,model_metrics_gateway_gateway_A_16.csv,,
2026-04-19 10:39:05,gateway,gateway_A,raspberrypi,16,local_train,11,30,0.7666666507720947,0.3708833754062652,30.0,RN_NO_ASCON,RN,plain,16,model_metrics_gateway_gateway_A_16.csv,,
2026-04-19 10:39:55,gateway,gateway_A,raspberrypi,16,local_train,12,30,0.699999988079071,0.5434021353721619,30.0,RN_NO_ASCON,RN,plain,16,model_metrics_gateway_gateway_A_16.csv,,
2026-04-19 10:40:45,gateway,gateway_A,raspberrypi,16,local_train,13,30,0.7666666507720947,0.547869861125946,30.0,RN_NO_ASCON,RN,plain,16,model_metrics_gateway_gateway_A_16.csv,,
2026-04-19 10:41:35,gateway,gateway_A,raspberrypi,16,local_train,14,30,0.6666666865348816,0.5584983229637146,30.0,RN_NO_ASCON,RN,plain,16,model_metrics_gateway_gateway_A_16.csv,,
2026-04-19 10:42:25,gateway,gateway_A,raspberrypi,16,local_train,15,30,0.8999999761581421,0.2139758616685867,30.0,RN_NO_ASCON,RN,plain,16,model_metrics_gateway_gateway_A_16.csv,,
2026-04-19 10:43:15,gateway,gateway_A,raspberrypi,16,local_train,16,30,0.8666666746139526,0.3305763900279999,30.0,RN_NO_ASCON,RN,plain,16,model_metrics_gateway_gateway_A_16.csv,,
2026-04-19 10:44:05,gateway,gateway_A,raspberrypi,16,local_train,17,30,0.9666666388511658,0.2738121449947357,30.0,RN_NO_ASCON,RN,plain,16,model_metrics_gateway_gateway_A_16.csv,,
2026-04-19 10:44:55,gateway,gateway_A,raspberrypi,16,local_train,18,30,1.0,0.0666435584425926,30.0,RN_NO_ASCON,RN,plain,16,model_metrics_gateway_gateway_A_16.csv,,
2026-04-19 10:45:45,gateway,gateway_A,raspberrypi,16,local_train,19,30,0.8999999761581421,0.2678395211696625,30.0,RN_NO_ASCON,RN,plain,16,model_metrics_gateway_gateway_A_16.csv,,
2026-04-19 10:25:57,gateway,gateway_B,gatewayB,16,local_train,0,30,0.800000011920929,0.7540940642356873,30.0,RN_NO_ASCON,RN,plain,16,model_metrics_gateway_gateway_B_16.csv,,
2026-04-19 10:26:41,gateway,gateway_B,gatewayB,16,local_train,1,30,0.9666666388511658,0.1274761259555816,30.0,RN_NO_ASCON,RN,plain,16,model_metrics_gateway_gateway_B_16.csv,,
2026-04-19 10:27:31,gateway,gateway_B,gatewayB,16,local_train,2,30,1.0,0.0453496351838111,30.0,RN_NO_ASCON,RN,plain,16,model_metrics_gateway_gateway_B_16.csv,,
2026-04-19 10:28:21,gateway,gateway_B,gatewayB,16,local_train,3,30,1.0,0.0302475877106189,30.0,RN_NO_ASCON,RN,plain,16,model_metrics_gateway_gateway_B_16.csv,,
2026-04-19 10:29:11,gateway,gateway_B,gatewayB,16,local_train,4,30,1.0,0.0155241163447499,30.0,RN_NO_ASCON,RN,plain,16,model_metrics_gateway_gateway_B_16.csv,,
2026-04-19 10:34:10,gateway,gateway_B,gatewayB,16,local_train,5,30,1.0,0.0147034786641597,30.0,RN_NO_ASCON,RN,plain,16,model_metrics_gateway_gateway_B_16.csv,,
2026-04-19 10:35:00,gateway,gateway_B,gatewayB,16,local_train,6,30,0.9666666388511658,0.0758994296193122,30.0,RN_NO_ASCON,RN,plain,16,model_metrics_gateway_gateway_B_16.csv,,
2026-04-19 10:35:50,gateway,gateway_B,gatewayB,16,local_train,7,30,1.0,0.0240906905382871,30.0,RN_NO_ASCON,RN,plain,16,model_metrics_gateway_gateway_B_16.csv,,
2026-04-19 10:36:40,gateway,gateway_B,gatewayB,16,local_train,8,30,1.0,0.0206591784954071,30.0,RN_NO_ASCON,RN,plain,16,model_metrics_gateway_gateway_B_16.csv,,
2026-04-19 10:37:30,gateway,gateway_B,gatewayB,16,local_train,9,30,1.0,0.0192521512508392,30.0,RN_NO_ASCON,RN,plain,16,model_metrics_gateway_gateway_B_16.csv,,
2026-04-19 10:38:20,gateway,gateway_B,gatewayB,16,local_train,10,30,1.0,0.0196576099842786,30.0,RN_NO_ASCON,RN,plain,16,model_metrics_gateway_gateway_B_16.csv,,
2026-04-19 10:39:10,gateway,gateway_B,gatewayB,16,local_train,11,30,1.0,0.0135298483073711,30.0,RN_NO_ASCON,RN,plain,16,model_metrics_gateway_gateway_B_16.csv,,
2026-04-19 10:40:00,gateway,gateway_B,gatewayB,16,local_train,12,30,1.0,0.0067520244047045,30.0,RN_NO_ASCON,RN,plain,16,model_metrics_gateway_gateway_B_16.csv,,
2026-04-19 10:40:50,gateway,gateway_B,gatewayB,16,local_train,13,30,1.0,0.015210916288197,30.0,RN_NO_ASCON,RN,plain,16,model_metrics_gateway_gateway_B_16.csv,,
2026-04-19 10:41:40,gateway,gateway_B,gatewayB,16,local_train,14,30,1.0,0.0132901342585682,30.0,RN_NO_ASCON,RN,plain,16,model_metrics_gateway_gateway_B_16.csv,,
2026-04-19 10:42:30,gateway,gateway_B,gatewayB,16,local_train,15,30,1.0,0.0073101916350424,30.0,RN_NO_ASCON,RN,plain,16,model_metrics_gateway_gateway_B_16.csv,,
2026-04-19 10:43:20,gateway,gateway_B,gatewayB,16,local_train,16,30,1.0,0.0040885680355131,30.0,RN_NO_ASCON,RN,plain,16,model_metrics_gateway_gateway_B_16.csv,,
2026-04-19 10:44:10,gateway,gateway_B,gatewayB,16,local_train,17,30,1.0,0.0083036283031106,30.0,RN_NO_ASCON,RN,plain,16,model_metrics_gateway_gateway_B_16.csv,,
2026-04-19 10:45:00,gateway,gateway_B,gatewayB,16,local_train,18,30,1.0,0.0132173430174589,30.0,RN_NO_ASCON,RN,plain,16,model_metrics_gateway_gateway_B_16.csv,,
2026-04-19 10:45:50,gateway,gateway_B,gatewayB,16,local_train,19,30,0.9666666388511658,0.0428990274667739,30.0,RN_NO_ASCON,RN,plain,16,model_metrics_gateway_gateway_B_16.csv,,
2026-04-19 11:01:28,gateway,gateway_A,raspberrypi,17,local_train,0,30,0.7666666507720947,0.488904058933258,30.0,RN_NO_ASCON,RN,plain,17,model_metrics_gateway_gateway_A_17.csv,,
2026-04-19 11:02:12,gateway,gateway_A,raspberrypi,17,local_train,1,30,0.8999999761581421,0.2806576788425445,30.0,RN_NO_ASCON,RN,plain,17,model_metrics_gateway_gateway_A_17.csv,,
2026-04-19 11:03:03,gateway,gateway_A,raspberrypi,17,local_train,2,30,1.0,0.0324004925787448,30.0,RN_NO_ASCON,RN,plain,17,model_metrics_gateway_gateway_A_17.csv,,
2026-04-19 11:03:53,gateway,gateway_A,raspberrypi,17,local_train,3,30,1.0,0.027724614366889,30.0,RN_NO_ASCON,RN,plain,17,model_metrics_gateway_gateway_A_17.csv,,
2026-04-19 11:04:47,gateway,gateway_A,raspberrypi,17,local_train,4,30,1.0,0.0123114855960011,30.0,RN_NO_ASCON,RN,plain,17,model_metrics_gateway_gateway_A_17.csv,,
2026-04-19 11:05:40,gateway,gateway_A,raspberrypi,17,local_train,5,30,0.8999999761581421,0.3980083465576172,30.0,RN_NO_ASCON,RN,plain,17,model_metrics_gateway_gateway_A_17.csv,,
2026-04-19 11:06:30,gateway,gateway_A,raspberrypi,17,local_train,6,30,0.8333333134651184,0.322422057390213,30.0,RN_NO_ASCON,RN,plain,17,model_metrics_gateway_gateway_A_17.csv,,
2026-04-19 11:07:20,gateway,gateway_A,raspberrypi,17,local_train,7,30,0.9666666388511658,0.0965233668684959,30.0,RN_NO_ASCON,RN,plain,17,model_metrics_gateway_gateway_A_17.csv,,
2026-04-19 11:08:10,gateway,gateway_A,raspberrypi,17,local_train,8,30,0.9333333373069764,0.2627422511577606,30.0,RN_NO_ASCON,RN,plain,17,model_metrics_gateway_gateway_A_17.csv,,
2026-04-19 11:09:00,gateway,gateway_A,raspberrypi,17,local_train,9,30,0.8333333134651184,0.4033364653587341,30.0,RN_NO_ASCON,RN,plain,17,model_metrics_gateway_gateway_A_17.csv,,
2026-04-19 11:09:50,gateway,gateway_A,raspberrypi,17,local_train,10,30,0.8333333134651184,0.3697628676891327,30.0,RN_NO_ASCON,RN,plain,17,model_metrics_gateway_gateway_A_17.csv,,
2026-04-19 11:10:40,gateway,gateway_A,raspberrypi,17,local_train,11,30,0.9666666388511658,0.0886437967419624,30.0,RN_NO_ASCON,RN,plain,17,model_metrics_gateway_gateway_A_17.csv,,
2026-04-19 11:11:30,gateway,gateway_A,raspberrypi,17,local_train,12,30,1.0,0.0852497816085815,30.0,RN_NO_ASCON,RN,plain,17,model_metrics_gateway_gateway_A_17.csv,,
2026-04-19 11:12:20,gateway,gateway_A,raspberrypi,17,local_train,13,30,0.7333333492279053,0.5030373334884644,30.0,RN_NO_ASCON,RN,plain,17,model_metrics_gateway_gateway_A_17.csv,,
2026-04-19 11:13:10,gateway,gateway_A,raspberrypi,17,local_train,14,30,0.8666666746139526,0.3822803199291229,30.0,RN_NO_ASCON,RN,plain,17,model_metrics_gateway_gateway_A_17.csv,,
2026-04-19 11:14:00,gateway,gateway_A,raspberrypi,17,local_train,15,30,0.8333333134651184,0.4419727325439453,30.0,RN_NO_ASCON,RN,plain,17,model_metrics_gateway_gateway_A_17.csv,,
2026-04-19 11:14:50,gateway,gateway_A,raspberrypi,17,local_train,16,30,0.8333333134651184,0.4764190912246704,30.0,RN_NO_ASCON,RN,plain,17,model_metrics_gateway_gateway_A_17.csv,,
2026-04-19 11:15:40,gateway,gateway_A,raspberrypi,17,local_train,17,30,0.800000011920929,0.4376672208309173,30.0,RN_NO_ASCON,RN,plain,17,model_metrics_gateway_gateway_A_17.csv,,
2026-04-19 11:16:30,gateway,gateway_A,raspberrypi,17,local_train,18,30,0.8666666746139526,0.2719965279102325,30.0,RN_NO_ASCON,RN,plain,17,model_metrics_gateway_gateway_A_17.csv,,
2026-04-19 11:17:20,gateway,gateway_A,raspberrypi,17,local_train,19,30,0.8999999761581421,0.2131444364786148,30.0,RN_NO_ASCON,RN,plain,17,model_metrics_gateway_gateway_A_17.csv,,
2026-04-19 11:18:10,gateway,gateway_A,raspberrypi,17,local_train,20,30,1.0,0.0903074368834495,30.0,RN_NO_ASCON,RN,plain,17,model_metrics_gateway_gateway_A_17.csv,,
2026-04-19 11:19:00,gateway,gateway_A,raspberrypi,17,local_train,21,30,0.9333333373069764,0.1399478465318679,30.0,RN_NO_ASCON,RN,plain,17,model_metrics_gateway_gateway_A_17.csv,,
2026-04-19 11:19:50,gateway,gateway_A,raspberrypi,17,local_train,22,30,0.9666666388511658,0.0865813419222831,30.0,RN_NO_ASCON,RN,plain,17,model_metrics_gateway_gateway_A_17.csv,,
2026-04-19 11:20:40,gateway,gateway_A,raspberrypi,17,local_train,23,30,0.9333333373069764,0.139915257692337,30.0,RN_NO_ASCON,RN,plain,17,model_metrics_gateway_gateway_A_17.csv,,
2026-04-19 11:21:30,gateway,gateway_A,raspberrypi,17,local_train,24,30,0.9666666388511658,0.0523927062749862,30.0,RN_NO_ASCON,RN,plain,17,model_metrics_gateway_gateway_A_17.csv,,
2026-04-19 11:22:20,gateway,gateway_A,raspberrypi,17,local_train,25,30,1.0,0.0428997948765754,30.0,RN_NO_ASCON,RN,plain,17,model_metrics_gateway_gateway_A_17.csv,,
2026-04-19 11:23:10,gateway,gateway_A,raspberrypi,17,local_train,26,30,1.0,0.0968212112784385,30.0,RN_NO_ASCON,RN,plain,17,model_metrics_gateway_gateway_A_17.csv,,
2026-04-19 11:24:00,gateway,gateway_A,raspberrypi,17,local_train,27,30,1.0,0.0711908638477325,30.0,RN_NO_ASCON,RN,plain,17,model_metrics_gateway_gateway_A_17.csv,,
2026-04-19 11:24:50,gateway,gateway_A,raspberrypi,17,local_train,28,30,0.8999999761581421,0.290216714143753,30.0,RN_NO_ASCON,RN,plain,17,model_metrics_gateway_gateway_A_17.csv,,
2026-04-19 11:25:40,gateway,gateway_A,raspberrypi,17,local_train,29,30,0.800000011920929,0.3636223971843719,30.0,RN_NO_ASCON,RN,plain,17,model_metrics_gateway_gateway_A_17.csv,,
2026-04-19 11:01:32,gateway,gateway_B,gatewayB,17,local_train,0,30,0.7666666507720947,1.026955485343933,30.0,RN_NO_ASCON,RN,plain,17,model_metrics_gateway_gateway_B_17.csv,,
2026-04-19 11:02:15,gateway,gateway_B,gatewayB,17,local_train,1,30,0.9333333373069764,0.1522442549467086,30.0,RN_NO_ASCON,RN,plain,17,model_metrics_gateway_gateway_B_17.csv,,
2026-04-19 11:03:05,gateway,gateway_B,gatewayB,17,local_train,2,30,1.0,0.0368482694029808,30.0,RN_NO_ASCON,RN,plain,17,model_metrics_gateway_gateway_B_17.csv,,
2026-04-19 11:03:55,gateway,gateway_B,gatewayB,17,local_train,3,30,0.9666666388511658,0.0708993226289749,30.0,RN_NO_ASCON,RN,plain,17,model_metrics_gateway_gateway_B_17.csv,,
2026-04-19 11:04:45,gateway,gateway_B,gatewayB,17,local_train,4,30,1.0,0.023674564436078,30.0,RN_NO_ASCON,RN,plain,17,model_metrics_gateway_gateway_B_17.csv,,
2026-04-19 11:05:45,gateway,gateway_B,gatewayB,17,local_train,5,30,0.9333333373069764,0.136700764298439,30.0,RN_NO_ASCON,RN,plain,17,model_metrics_gateway_gateway_B_17.csv,,
2026-04-19 11:06:35,gateway,gateway_B,gatewayB,17,local_train,6,30,0.8666666746139526,0.2782178819179535,30.0,RN_NO_ASCON,RN,plain,17,model_metrics_gateway_gateway_B_17.csv,,
2026-04-19 11:07:25,gateway,gateway_B,gatewayB,17,local_train,7,30,0.8666666746139526,0.340939462184906,30.0,RN_NO_ASCON,RN,plain,17,model_metrics_gateway_gateway_B_17.csv,,
2026-04-19 11:08:15,gateway,gateway_B,gatewayB,17,local_train,8,30,0.800000011920929,0.4026766717433929,30.0,RN_NO_ASCON,RN,plain,17,model_metrics_gateway_gateway_B_17.csv,,
2026-04-19 11:09:05,gateway,gateway_B,gatewayB,17,local_train,9,30,0.9333333373069764,0.3788968324661255,30.0,RN_NO_ASCON,RN,plain,17,model_metrics_gateway_gateway_B_17.csv,,
2026-04-19 11:09:55,gateway,gateway_B,gatewayB,17,local_train,10,30,0.8333333134651184,0.2993984520435333,30.0,RN_NO_ASCON,RN,plain,17,model_metrics_gateway_gateway_B_17.csv,,
2026-04-19 11:10:45,gateway,gateway_B,gatewayB,17,local_train,11,30,0.8666666746139526,0.266258031129837,30.0,RN_NO_ASCON,RN,plain,17,model_metrics_gateway_gateway_B_17.csv,,
2026-04-19 11:11:35,gateway,gateway_B,gatewayB,17,local_train,12,30,0.8666666746139526,0.2085298597812652,30.0,RN_NO_ASCON,RN,plain,17,model_metrics_gateway_gateway_B_17.csv,,
2026-04-19 11:12:25,gateway,gateway_B,gatewayB,17,local_train,13,30,0.9333333373069764,0.2461064755916595,30.0,RN_NO_ASCON,RN,plain,17,model_metrics_gateway_gateway_B_17.csv,,
2026-04-19 11:13:15,gateway,gateway_B,gatewayB,17,local_train,14,30,0.9333333373069764,0.1357648521661758,30.0,RN_NO_ASCON,RN,plain,17,model_metrics_gateway_gateway_B_17.csv,,
2026-04-19 11:14:05,gateway,gateway_B,gatewayB,17,local_train,15,30,0.9333333373069764,0.1198922023177146,30.0,RN_NO_ASCON,RN,plain,17,model_metrics_gateway_gateway_B_17.csv,,
2026-04-19 11:14:55,gateway,gateway_B,gatewayB,17,local_train,16,30,0.9333333373069764,0.1251785904169082,30.0,RN_NO_ASCON,RN,plain,17,model_metrics_gateway_gateway_B_17.csv,,
2026-04-19 11:15:45,gateway,gateway_B,gatewayB,17,local_train,17,30,0.8999999761581421,0.2562218904495239,30.0,RN_NO_ASCON,RN,plain,17,model_metrics_gateway_gateway_B_17.csv,,
2026-04-19 11:16:35,gateway,gateway_B,gatewayB,17,local_train,18,30,0.8666666746139526,0.2626813650131225,30.0,RN_NO_ASCON,RN,plain,17,model_metrics_gateway_gateway_B_17.csv,,
2026-04-19 11:17:25,gateway,gateway_B,gatewayB,17,local_train,19,30,0.9333333373069764,0.1317019611597061,30.0,RN_NO_ASCON,RN,plain,17,model_metrics_gateway_gateway_B_17.csv,,
2026-04-19 11:18:15,gateway,gateway_B,gatewayB,17,local_train,20,30,0.9666666388511658,0.091946430504322,30.0,RN_NO_ASCON,RN,plain,17,model_metrics_gateway_gateway_B_17.csv,,
2026-04-19 11:19:05,gateway,gateway_B,gatewayB,17,local_train,21,30,1.0,0.0367175191640853,30.0,RN_NO_ASCON,RN,plain,17,model_metrics_gateway_gateway_B_17.csv,,
2026-04-19 11:19:55,gateway,gateway_B,gatewayB,17,local_train,22,30,0.8333333134651184,0.4775903522968292,30.0,RN_NO_ASCON,RN,plain,17,model_metrics_gateway_gateway_B_17.csv,,
2026-04-19 11:20:45,gateway,gateway_B,gatewayB,17,local_train,23,30,1.0,0.1528182327747345,30.0,RN_NO_ASCON,RN,plain,17,model_metrics_gateway_gateway_B_17.csv,,
2026-04-19 11:21:35,gateway,gateway_B,gatewayB,17,local_train,24,30,0.8333333134651184,0.4124070405960083,30.0,RN_NO_ASCON,RN,plain,17,model_metrics_gateway_gateway_B_17.csv,,
2026-04-19 11:22:25,gateway,gateway_B,gatewayB,17,local_train,25,30,0.8666666746139526,0.1696736067533493,30.0,RN_NO_ASCON,RN,plain,17,model_metrics_gateway_gateway_B_17.csv,,
2026-04-19 11:23:15,gateway,gateway_B,gatewayB,17,local_train,26,30,0.8999999761581421,0.1789939254522323,30.0,RN_NO_ASCON,RN,plain,17,model_metrics_gateway_gateway_B_17.csv,,
2026-04-19 11:24:05,gateway,gateway_B,gatewayB,17,local_train,27,30,0.8666666746139526,0.215494304895401,30.0,RN_NO_ASCON,RN,plain,17,model_metrics_gateway_gateway_B_17.csv,,
2026-04-19 11:24:55,gateway,gateway_B,gatewayB,17,local_train,28,30,0.9666666388511658,0.1522738337516784,30.0,RN_NO_ASCON,RN,plain,17,model_metrics_gateway_gateway_B_17.csv,,
2026-04-19 11:25:45,gateway,gateway_B,gatewayB,17,local_train,29,30,0.9333333373069764,0.159245565533638,30.0,RN_NO_ASCON,RN,plain,17,model_metrics_gateway_gateway_B_17.csv,,
2026-04-19 12:00:37,gateway,gateway_A,raspberrypi,18,local_train,0,30,0.8333333134651184,0.8253849148750305,30.0,RN_NO_ASCON,RN,plain,18,model_metrics_gateway_gateway_A_18.csv,,
2026-04-19 12:01:21,gateway,gateway_A,raspberrypi,18,local_train,1,30,0.9666666388511658,0.1020114421844482,30.0,RN_NO_ASCON,RN,plain,18,model_metrics_gateway_gateway_A_18.csv,,
2026-04-19 12:02:12,gateway,gateway_A,raspberrypi,18,local_train,2,30,1.0,0.0582153238356113,30.0,RN_NO_ASCON,RN,plain,18,model_metrics_gateway_gateway_A_18.csv,,
2026-04-19 12:03:01,gateway,gateway_A,raspberrypi,18,local_train,3,30,1.0,0.018010264262557,30.0,RN_NO_ASCON,RN,plain,18,model_metrics_gateway_gateway_A_18.csv,,
2026-04-19 12:03:59,gateway,gateway_A,raspberrypi,18,local_train,4,30,1.0,0.0104713523760437,30.0,RN_NO_ASCON,RN,plain,18,model_metrics_gateway_gateway_A_18.csv,,
2026-04-19 12:04:51,gateway,gateway_A,raspberrypi,18,local_train,5,30,0.8666666746139526,0.4617475867271423,30.0,RN_NO_ASCON,RN,plain,18,model_metrics_gateway_gateway_A_18.csv,,
2026-04-19 12:05:41,gateway,gateway_A,raspberrypi,18,local_train,6,30,0.8333333134651184,0.6722632050514221,30.0,RN_NO_ASCON,RN,plain,18,model_metrics_gateway_gateway_A_18.csv,,
2026-04-19 12:06:31,gateway,gateway_A,raspberrypi,18,local_train,7,30,0.800000011920929,0.6121463179588318,30.0,RN_NO_ASCON,RN,plain,18,model_metrics_gateway_gateway_A_18.csv,,
2026-04-19 12:07:21,gateway,gateway_A,raspberrypi,18,local_train,8,30,0.9333333373069764,0.1620645523071289,30.0,RN_NO_ASCON,RN,plain,18,model_metrics_gateway_gateway_A_18.csv,,
2026-04-19 12:08:11,gateway,gateway_A,raspberrypi,18,local_train,9,30,0.8999999761581421,0.3410474061965942,30.0,RN_NO_ASCON,RN,plain,18,model_metrics_gateway_gateway_A_18.csv,,
2026-04-19 12:09:01,gateway,gateway_A,raspberrypi,18,local_train,10,30,0.9666666388511658,0.0850069746375083,30.0,RN_NO_ASCON,RN,plain,18,model_metrics_gateway_gateway_A_18.csv,,
2026-04-19 12:09:51,gateway,gateway_A,raspberrypi,18,local_train,11,30,1.0,0.0623278841376304,30.0,RN_NO_ASCON,RN,plain,18,model_metrics_gateway_gateway_A_18.csv,,
2026-04-19 12:10:41,gateway,gateway_A,raspberrypi,18,local_train,12,30,1.0,0.0611477494239807,30.0,RN_NO_ASCON,RN,plain,18,model_metrics_gateway_gateway_A_18.csv,,
2026-04-19 12:11:31,gateway,gateway_A,raspberrypi,18,local_train,13,30,0.8666666746139526,0.6007713675498962,30.0,RN_NO_ASCON,RN,plain,18,model_metrics_gateway_gateway_A_18.csv,,
2026-04-19 12:12:21,gateway,gateway_A,raspberrypi,18,local_train,14,30,0.8999999761581421,0.2910823225975036,30.0,RN_NO_ASCON,RN,plain,18,model_metrics_gateway_gateway_A_18.csv,,
2026-04-19 12:13:11,gateway,gateway_A,raspberrypi,18,local_train,15,30,0.8999999761581421,0.2335328459739685,30.0,RN_NO_ASCON,RN,plain,18,model_metrics_gateway_gateway_A_18.csv,,
2026-04-19 12:14:01,gateway,gateway_A,raspberrypi,18,local_train,16,30,0.8999999761581421,0.3274722099304199,30.0,RN_NO_ASCON,RN,plain,18,model_metrics_gateway_gateway_A_18.csv,,
2026-04-19 12:14:51,gateway,gateway_A,raspberrypi,18,local_train,17,30,0.9666666388511658,0.158231034874916,30.0,RN_NO_ASCON,RN,plain,18,model_metrics_gateway_gateway_A_18.csv,,
2026-04-19 12:15:42,gateway,gateway_A,raspberrypi,18,local_train,18,30,0.9333333373069764,0.1888110488653183,30.0,RN_NO_ASCON,RN,plain,18,model_metrics_gateway_gateway_A_18.csv,,
2026-04-19 12:16:31,gateway,gateway_A,raspberrypi,18,local_train,19,30,0.8666666746139526,0.1749482005834579,30.0,RN_NO_ASCON,RN,plain,18,model_metrics_gateway_gateway_A_18.csv,,
2026-04-19 12:00:39,gateway,gateway_B,gatewayB,18,local_train,0,30,0.8333333134651184,0.4998680353164673,30.0,RN_NO_ASCON,RN,plain,18,model_metrics_gateway_gateway_B_18.csv,,
2026-04-19 12:01:23,gateway,gateway_B,gatewayB,18,local_train,1,30,1.0,0.0744728147983551,30.0,RN_NO_ASCON,RN,plain,18,model_metrics_gateway_gateway_B_18.csv,,
2026-04-19 12:02:13,gateway,gateway_B,gatewayB,18,local_train,2,30,1.0,0.0387274883687496,30.0,RN_NO_ASCON,RN,plain,18,model_metrics_gateway_gateway_B_18.csv,,
2026-04-19 12:03:03,gateway,gateway_B,gatewayB,18,local_train,3,30,1.0,0.0219090636819601,30.0,RN_NO_ASCON,RN,plain,18,model_metrics_gateway_gateway_B_18.csv,,
2026-04-19 12:03:53,gateway,gateway_B,gatewayB,18,local_train,4,30,1.0,0.0287277027964591,30.0,RN_NO_ASCON,RN,plain,18,model_metrics_gateway_gateway_B_18.csv,,
2026-04-19 12:04:43,gateway,gateway_B,gatewayB,18,local_train,5,30,1.0,0.0050579379312694,30.0,RN_NO_ASCON,RN,plain,18,model_metrics_gateway_gateway_B_18.csv,,
2026-04-19 12:05:33,gateway,gateway_B,gatewayB,18,local_train,6,30,1.0,0.0253991186618804,30.0,RN_NO_ASCON,RN,plain,18,model_metrics_gateway_gateway_B_18.csv,,
2026-04-19 12:06:23,gateway,gateway_B,gatewayB,18,local_train,7,30,1.0,0.0057303244248032,30.0,RN_NO_ASCON,RN,plain,18,model_metrics_gateway_gateway_B_18.csv,,
2026-04-19 12:07:13,gateway,gateway_B,gatewayB,18,local_train,8,30,1.0,0.0361127331852912,30.0,RN_NO_ASCON,RN,plain,18,model_metrics_gateway_gateway_B_18.csv,,
2026-04-19 12:08:03,gateway,gateway_B,gatewayB,18,local_train,9,30,1.0,0.0102747585624456,30.0,RN_NO_ASCON,RN,plain,18,model_metrics_gateway_gateway_B_18.csv,,
2026-04-19 12:08:53,gateway,gateway_B,gatewayB,18,local_train,10,30,1.0,0.0140048833563923,30.0,RN_NO_ASCON,RN,plain,18,model_metrics_gateway_gateway_B_18.csv,,
2026-04-19 12:09:43,gateway,gateway_B,gatewayB,18,local_train,11,30,1.0,0.0084353750571608,30.0,RN_NO_ASCON,RN,plain,18,model_metrics_gateway_gateway_B_18.csv,,
2026-04-19 12:10:33,gateway,gateway_B,gatewayB,18,local_train,12,30,1.0,0.0032148242462426,30.0,RN_NO_ASCON,RN,plain,18,model_metrics_gateway_gateway_B_18.csv,,
2026-04-19 12:11:23,gateway,gateway_B,gatewayB,18,local_train,13,30,1.0,0.0058233034797012,30.0,RN_NO_ASCON,RN,plain,18,model_metrics_gateway_gateway_B_18.csv,,
2026-04-19 12:12:14,gateway,gateway_B,gatewayB,18,local_train,14,30,1.0,0.0181697681546211,30.0,RN_NO_ASCON,RN,plain,18,model_metrics_gateway_gateway_B_18.csv,,
2026-04-19 12:13:04,gateway,gateway_B,gatewayB,18,local_train,15,30,1.0,0.0037415868137031,30.0,RN_NO_ASCON,RN,plain,18,model_metrics_gateway_gateway_B_18.csv,,
2026-04-19 12:13:54,gateway,gateway_B,gatewayB,18,local_train,16,30,1.0,0.0041815503500401,30.0,RN_NO_ASCON,RN,plain,18,model_metrics_gateway_gateway_B_18.csv,,
2026-04-19 12:14:44,gateway,gateway_B,gatewayB,18,local_train,17,30,1.0,0.0038713181857019,30.0,RN_NO_ASCON,RN,plain,18,model_metrics_gateway_gateway_B_18.csv,,
2026-04-19 12:15:34,gateway,gateway_B,gatewayB,18,local_train,18,30,1.0,0.0041358047164976,30.0,RN_NO_ASCON,RN,plain,18,model_metrics_gateway_gateway_B_18.csv,,
2026-04-19 12:16:24,gateway,gateway_B,gatewayB,18,local_train,19,30,1.0,0.0047885500825941,30.0,RN_NO_ASCON,RN,plain,18,model_metrics_gateway_gateway_B_18.csv,,
2026-04-19 12:24:15,gateway,gateway_A,raspberrypi,19,local_train,0,30,0.7666666507720947,1.170776128768921,30.0,RN_NO_ASCON,RN,plain,19,model_metrics_gateway_gateway_A_19.csv,,
2026-04-19 12:24:59,gateway,gateway_A,raspberrypi,19,local_train,1,30,1.0,0.0832873433828353,30.0,RN_NO_ASCON,RN,plain,19,model_metrics_gateway_gateway_A_19.csv,,
2026-04-19 12:25:49,gateway,gateway_A,raspberrypi,19,local_train,2,30,1.0,0.0340908877551555,30.0,RN_NO_ASCON,RN,plain,19,model_metrics_gateway_gateway_A_19.csv,,
2026-04-19 12:26:39,gateway,gateway_A,raspberrypi,19,local_train,3,30,1.0,0.0150821926072239,30.0,RN_NO_ASCON,RN,plain,19,model_metrics_gateway_gateway_A_19.csv,,
2026-04-19 12:27:36,gateway,gateway_A,raspberrypi,19,local_train,4,30,1.0,0.0120322722941637,30.0,RN_NO_ASCON,RN,plain,19,model_metrics_gateway_gateway_A_19.csv,,
2026-04-19 12:28:26,gateway,gateway_A,raspberrypi,19,local_train,5,30,0.8666666746139526,0.3578264117240906,30.0,RN_NO_ASCON,RN,plain,19,model_metrics_gateway_gateway_A_19.csv,,
2026-04-19 12:29:17,gateway,gateway_A,raspberrypi,19,local_train,6,30,0.800000011920929,0.4044812023639679,30.0,RN_NO_ASCON,RN,plain,19,model_metrics_gateway_gateway_A_19.csv,,
2026-04-19 12:30:06,gateway,gateway_A,raspberrypi,19,local_train,7,30,0.8666666746139526,0.2817191183567047,30.0,RN_NO_ASCON,RN,plain,19,model_metrics_gateway_gateway_A_19.csv,,
2026-04-19 12:30:56,gateway,gateway_A,raspberrypi,19,local_train,8,30,0.8999999761581421,0.2985917925834656,30.0,RN_NO_ASCON,RN,plain,19,model_metrics_gateway_gateway_A_19.csv,,
2026-04-19 12:31:46,gateway,gateway_A,raspberrypi,19,local_train,9,30,0.8333333134651184,0.4333591163158417,30.0,RN_NO_ASCON,RN,plain,19,model_metrics_gateway_gateway_A_19.csv,,
2026-04-19 12:32:37,gateway,gateway_A,raspberrypi,19,local_train,10,30,0.9666666388511658,0.153084710240364,30.0,RN_NO_ASCON,RN,plain,19,model_metrics_gateway_gateway_A_19.csv,,
2026-04-19 12:33:27,gateway,gateway_A,raspberrypi,19,local_train,11,30,0.8666666746139526,0.308717668056488,30.0,RN_NO_ASCON,RN,plain,19,model_metrics_gateway_gateway_A_19.csv,,
2026-04-19 12:34:16,gateway,gateway_A,raspberrypi,19,local_train,12,30,0.9666666388511658,0.1393289566040039,30.0,RN_NO_ASCON,RN,plain,19,model_metrics_gateway_gateway_A_19.csv,,
2026-04-19 12:35:06,gateway,gateway_A,raspberrypi,19,local_train,13,30,0.8333333134651184,0.3080958425998688,30.0,RN_NO_ASCON,RN,plain,19,model_metrics_gateway_gateway_A_19.csv,,
2026-04-19 12:35:56,gateway,gateway_A,raspberrypi,19,local_train,14,30,0.9333333373069764,0.1640398055315017,30.0,RN_NO_ASCON,RN,plain,19,model_metrics_gateway_gateway_A_19.csv,,
2026-04-19 12:36:47,gateway,gateway_A,raspberrypi,19,local_train,15,30,0.9333333373069764,0.1703771948814392,30.0,RN_NO_ASCON,RN,plain,19,model_metrics_gateway_gateway_A_19.csv,,
2026-04-19 12:37:36,gateway,gateway_A,raspberrypi,19,local_train,16,30,0.7666666507720947,0.3207884132862091,30.0,RN_NO_ASCON,RN,plain,19,model_metrics_gateway_gateway_A_19.csv,,
2026-04-19 12:38:26,gateway,gateway_A,raspberrypi,19,local_train,17,30,0.9666666388511658,0.1013957634568214,30.0,RN_NO_ASCON,RN,plain,19,model_metrics_gateway_gateway_A_19.csv,,
2026-04-19 12:39:17,gateway,gateway_A,raspberrypi,19,local_train,18,30,0.8666666746139526,0.2307969480752945,30.0,RN_NO_ASCON,RN,plain,19,model_metrics_gateway_gateway_A_19.csv,,
2026-04-19 12:40:06,gateway,gateway_A,raspberrypi,19,local_train,19,30,0.8666666746139526,0.2027404904365539,30.0,RN_NO_ASCON,RN,plain,19,model_metrics_gateway_gateway_A_19.csv,,
2026-04-19 12:24:15,gateway,gateway_B,gatewayB,19,local_train,0,30,0.7333333492279053,0.7158491015434265,30.0,RN_NO_ASCON,RN,plain,19,model_metrics_gateway_gateway_B_19.csv,,
2026-04-19 12:24:59,gateway,gateway_B,gatewayB,19,local_train,1,30,0.9666666388511658,0.0941605269908905,30.0,RN_NO_ASCON,RN,plain,19,model_metrics_gateway_gateway_B_19.csv,,
2026-04-19 12:25:49,gateway,gateway_B,gatewayB,19,local_train,2,30,1.0,0.0277514215558767,30.0,RN_NO_ASCON,RN,plain,19,model_metrics_gateway_gateway_B_19.csv,,
2026-04-19 12:26:39,gateway,gateway_B,gatewayB,19,local_train,3,30,0.9666666388511658,0.044700488448143,30.0,RN_NO_ASCON,RN,plain,19,model_metrics_gateway_gateway_B_19.csv,,
2026-04-19 12:27:29,gateway,gateway_B,gatewayB,19,local_train,4,30,1.0,0.0134064946323633,30.0,RN_NO_ASCON,RN,plain,19,model_metrics_gateway_gateway_B_19.csv,,
2026-04-19 12:28:19,gateway,gateway_B,gatewayB,19,local_train,5,30,1.0,0.0089126667007803,30.0,RN_NO_ASCON,RN,plain,19,model_metrics_gateway_gateway_B_19.csv,,
2026-04-19 12:29:09,gateway,gateway_B,gatewayB,19,local_train,6,30,1.0,0.0203001070767641,30.0,RN_NO_ASCON,RN,plain,19,model_metrics_gateway_gateway_B_19.csv,,
2026-04-19 12:29:59,gateway,gateway_B,gatewayB,19,local_train,7,30,1.0,0.0274685639888048,30.0,RN_NO_ASCON,RN,plain,19,model_metrics_gateway_gateway_B_19.csv,,
2026-04-19 12:30:49,gateway,gateway_B,gatewayB,19,local_train,8,30,1.0,0.0134184919297695,30.0,RN_NO_ASCON,RN,plain,19,model_metrics_gateway_gateway_B_19.csv,,
2026-04-19 12:31:39,gateway,gateway_B,gatewayB,19,local_train,9,30,1.0,0.0121437944471836,30.0,RN_NO_ASCON,RN,plain,19,model_metrics_gateway_gateway_B_19.csv,,
2026-04-19 12:32:29,gateway,gateway_B,gatewayB,19,local_train,10,30,1.0,0.0183438137173652,30.0,RN_NO_ASCON,RN,plain,19,model_metrics_gateway_gateway_B_19.csv,,
2026-04-19 12:33:19,gateway,gateway_B,gatewayB,19,local_train,11,30,1.0,0.0114236688241362,30.0,RN_NO_ASCON,RN,plain,19,model_metrics_gateway_gateway_B_19.csv,,
2026-04-19 12:34:09,gateway,gateway_B,gatewayB,19,local_train,12,30,1.0,0.0109126921743154,30.0,RN_NO_ASCON,RN,plain,19,model_metrics_gateway_gateway_B_19.csv,,
2026-04-19 12:34:59,gateway,gateway_B,gatewayB,19,local_train,13,30,1.0,0.0247665476053953,30.0,RN_NO_ASCON,RN,plain,19,model_metrics_gateway_gateway_B_19.csv,,
2026-04-19 12:35:49,gateway,gateway_B,gatewayB,19,local_train,14,30,1.0,0.0113410968333482,30.0,RN_NO_ASCON,RN,plain,19,model_metrics_gateway_gateway_B_19.csv,,
2026-04-19 12:36:39,gateway,gateway_B,gatewayB,19,local_train,15,30,1.0,0.0108316596597433,30.0,RN_NO_ASCON,RN,plain,19,model_metrics_gateway_gateway_B_19.csv,,
2026-04-19 12:37:29,gateway,gateway_B,gatewayB,19,local_train,16,30,1.0,0.0104206362739205,30.0,RN_NO_ASCON,RN,plain,19,model_metrics_gateway_gateway_B_19.csv,,
2026-04-19 12:38:19,gateway,gateway_B,gatewayB,19,local_train,17,30,1.0,0.0050541618838906,30.0,RN_NO_ASCON,RN,plain,19,model_metrics_gateway_gateway_B_19.csv,,
2026-04-19 12:39:09,gateway,gateway_B,gatewayB,19,local_train,18,30,1.0,0.0051723276264965,30.0,RN_NO_ASCON,RN,plain,19,model_metrics_gateway_gateway_B_19.csv,,
2026-04-19 12:39:59,gateway,gateway_B,gatewayB,19,local_train,19,30,1.0,0.0041766236536204,30.0,RN_NO_ASCON,RN,plain,19,model_metrics_gateway_gateway_B_19.csv,,
2026-04-19 12:50:50,gateway,gateway_A,raspberrypi,20,local_train,0,30,0.7666666507720947,0.6847422122955322,30.0,RN_NO_ASCON,RN,plain,20,model_metrics_gateway_gateway_A_20.csv,,
2026-04-19 12:51:34,gateway,gateway_A,raspberrypi,20,local_train,1,30,0.9333333373069764,0.1511905193328857,30.0,RN_NO_ASCON,RN,plain,20,model_metrics_gateway_gateway_A_20.csv,,
2026-04-19 12:52:24,gateway,gateway_A,raspberrypi,20,local_train,2,30,1.0,0.031784538179636,30.0,RN_NO_ASCON,RN,plain,20,model_metrics_gateway_gateway_A_20.csv,,
2026-04-19 12:53:14,gateway,gateway_A,raspberrypi,20,local_train,3,30,1.0,0.0208569094538688,30.0,RN_NO_ASCON,RN,plain,20,model_metrics_gateway_gateway_A_20.csv,,
2026-04-19 12:54:11,gateway,gateway_A,raspberrypi,20,local_train,4,30,1.0,0.0150787141174077,30.0,RN_NO_ASCON,RN,plain,20,model_metrics_gateway_gateway_A_20.csv,,
2026-04-19 12:55:01,gateway,gateway_A,raspberrypi,20,local_train,5,30,0.8333333134651184,0.5721103549003601,30.0,RN_NO_ASCON,RN,plain,20,model_metrics_gateway_gateway_A_20.csv,,
2026-04-19 12:55:51,gateway,gateway_A,raspberrypi,20,local_train,6,30,0.9333333373069764,0.201882392168045,30.0,RN_NO_ASCON,RN,plain,20,model_metrics_gateway_gateway_A_20.csv,,
2026-04-19 12:56:42,gateway,gateway_A,raspberrypi,20,local_train,7,30,0.8999999761581421,0.2380230873823166,30.0,RN_NO_ASCON,RN,plain,20,model_metrics_gateway_gateway_A_20.csv,,
2026-04-19 12:57:31,gateway,gateway_A,raspberrypi,20,local_train,8,30,0.9333333373069764,0.331632524728775,30.0,RN_NO_ASCON,RN,plain,20,model_metrics_gateway_gateway_A_20.csv,,
2026-04-19 12:58:21,gateway,gateway_A,raspberrypi,20,local_train,9,30,0.8333333134651184,0.5781097412109375,30.0,RN_NO_ASCON,RN,plain,20,model_metrics_gateway_gateway_A_20.csv,,
2026-04-19 12:59:12,gateway,gateway_A,raspberrypi,20,local_train,10,30,0.9333333373069764,0.1792531460523605,30.0,RN_NO_ASCON,RN,plain,20,model_metrics_gateway_gateway_A_20.csv,,
2026-04-19 13:00:01,gateway,gateway_A,raspberrypi,20,local_train,11,30,0.9333333373069764,0.160391628742218,30.0,RN_NO_ASCON,RN,plain,20,model_metrics_gateway_gateway_A_20.csv,,
2026-04-19 13:00:51,gateway,gateway_A,raspberrypi,20,local_train,12,30,0.8999999761581421,0.2793820798397064,30.0,RN_NO_ASCON,RN,plain,20,model_metrics_gateway_gateway_A_20.csv,,
2026-04-19 13:01:41,gateway,gateway_A,raspberrypi,20,local_train,13,30,0.8666666746139526,0.3052573502063751,30.0,RN_NO_ASCON,RN,plain,20,model_metrics_gateway_gateway_A_20.csv,,
2026-04-19 13:02:31,gateway,gateway_A,raspberrypi,20,local_train,14,30,0.8999999761581421,0.413937360048294,30.0,RN_NO_ASCON,RN,plain,20,model_metrics_gateway_gateway_A_20.csv,,
2026-04-19 13:03:21,gateway,gateway_A,raspberrypi,20,local_train,15,30,0.9333333373069764,0.223761111497879,30.0,RN_NO_ASCON,RN,plain,20,model_metrics_gateway_gateway_A_20.csv,,
2026-04-19 13:04:11,gateway,gateway_A,raspberrypi,20,local_train,16,30,0.9333333373069764,0.2302645891904831,30.0,RN_NO_ASCON,RN,plain,20,model_metrics_gateway_gateway_A_20.csv,,
2026-04-19 13:05:01,gateway,gateway_A,raspberrypi,20,local_train,17,30,0.8333333134651184,0.2647937536239624,30.0,RN_NO_ASCON,RN,plain,20,model_metrics_gateway_gateway_A_20.csv,,
2026-04-19 13:05:51,gateway,gateway_A,raspberrypi,20,local_train,18,30,0.8999999761581421,0.1960943192243576,30.0,RN_NO_ASCON,RN,plain,20,model_metrics_gateway_gateway_A_20.csv,,
2026-04-19 13:06:41,gateway,gateway_A,raspberrypi,20,local_train,19,30,0.9333333373069764,0.1091905757784843,30.0,RN_NO_ASCON,RN,plain,20,model_metrics_gateway_gateway_A_20.csv,,
2026-04-19 12:50:50,gateway,gateway_B,gatewayB,20,local_train,0,30,0.8333333134651184,0.5907720923423767,30.0,RN_NO_ASCON,RN,plain,20,model_metrics_gateway_gateway_B_20.csv,,
2026-04-19 12:51:34,gateway,gateway_B,gatewayB,20,local_train,1,30,0.9333333373069764,0.3702499568462372,30.0,RN_NO_ASCON,RN,plain,20,model_metrics_gateway_gateway_B_20.csv,,
2026-04-19 12:52:24,gateway,gateway_B,gatewayB,20,local_train,2,30,0.9666666388511658,0.1711474508047104,30.0,RN_NO_ASCON,RN,plain,20,model_metrics_gateway_gateway_B_20.csv,,
2026-04-19 12:53:14,gateway,gateway_B,gatewayB,20,local_train,3,30,1.0,0.014881893992424,30.0,RN_NO_ASCON,RN,plain,20,model_metrics_gateway_gateway_B_20.csv,,
2026-04-19 12:54:04,gateway,gateway_B,gatewayB,20,local_train,4,30,0.9666666388511658,0.0479411147534847,30.0,RN_NO_ASCON,RN,plain,20,model_metrics_gateway_gateway_B_20.csv,,
2026-04-19 12:54:54,gateway,gateway_B,gatewayB,20,local_train,5,30,1.0,0.0227403938770294,30.0,RN_NO_ASCON,RN,plain,20,model_metrics_gateway_gateway_B_20.csv,,
2026-04-19 12:55:44,gateway,gateway_B,gatewayB,20,local_train,6,30,1.0,0.0155958831310272,30.0,RN_NO_ASCON,RN,plain,20,model_metrics_gateway_gateway_B_20.csv,,
2026-04-19 12:56:34,gateway,gateway_B,gatewayB,20,local_train,7,30,1.0,0.0209112726151943,30.0,RN_NO_ASCON,RN,plain,20,model_metrics_gateway_gateway_B_20.csv,,
2026-04-19 12:57:24,gateway,gateway_B,gatewayB,20,local_train,8,30,1.0,0.0093500101938843,30.0,RN_NO_ASCON,RN,plain,20,model_metrics_gateway_gateway_B_20.csv,,
2026-04-19 12:58:14,gateway,gateway_B,gatewayB,20,local_train,9,30,1.0,0.0197151284664869,30.0,RN_NO_ASCON,RN,plain,20,model_metrics_gateway_gateway_B_20.csv,,
2026-04-19 12:59:04,gateway,gateway_B,gatewayB,20,local_train,10,30,1.0,0.0133302314206957,30.0,RN_NO_ASCON,RN,plain,20,model_metrics_gateway_gateway_B_20.csv,,
2026-04-19 12:59:54,gateway,gateway_B,gatewayB,20,local_train,11,30,1.0,0.0068332846276462,30.0,RN_NO_ASCON,RN,plain,20,model_metrics_gateway_gateway_B_20.csv,,
2026-04-19 13:00:44,gateway,gateway_B,gatewayB,20,local_train,12,30,1.0,0.0112333437427878,30.0,RN_NO_ASCON,RN,plain,20,model_metrics_gateway_gateway_B_20.csv,,
2026-04-19 13:01:34,gateway,gateway_B,gatewayB,20,local_train,13,30,1.0,0.0051867137663066,30.0,RN_NO_ASCON,RN,plain,20,model_metrics_gateway_gateway_B_20.csv,,
2026-04-19 13:02:24,gateway,gateway_B,gatewayB,20,local_train,14,30,1.0,0.0136355999857187,30.0,RN_NO_ASCON,RN,plain,20,model_metrics_gateway_gateway_B_20.csv,,
2026-04-19 13:03:14,gateway,gateway_B,gatewayB,20,local_train,15,30,1.0,0.0061164209619164,30.0,RN_NO_ASCON,RN,plain,20,model_metrics_gateway_gateway_B_20.csv,,
2026-04-19 13:04:04,gateway,gateway_B,gatewayB,20,local_train,16,30,1.0,0.012984961271286,30.0,RN_NO_ASCON,RN,plain,20,model_metrics_gateway_gateway_B_20.csv,,
2026-04-19 13:04:54,gateway,gateway_B,gatewayB,20,local_train,17,30,1.0,0.0034718348179012,30.0,RN_NO_ASCON,RN,plain,20,model_metrics_gateway_gateway_B_20.csv,,
2026-04-19 13:05:44,gateway,gateway_B,gatewayB,20,local_train,18,30,1.0,0.0132838310673832,30.0,RN_NO_ASCON,RN,plain,20,model_metrics_gateway_gateway_B_20.csv,,
2026-04-19 13:06:34,gateway,gateway_B,gatewayB,20,local_train,19,30,1.0,0.0069315931759774,30.0,RN_NO_ASCON,RN,plain,20,model_metrics_gateway_gateway_B_20.csv,,
2026-04-19 13:11:22,gateway,gateway_A,raspberrypi,21,local_train,0,30,0.7666666507720947,0.8896997570991516,30.0,RN_NO_ASCON,RN,plain,21,model_metrics_gateway_gateway_A_21.csv,,
2026-04-19 13:12:06,gateway,gateway_A,raspberrypi,21,local_train,1,30,0.9333333373069764,0.2457086443901062,30.0,RN_NO_ASCON,RN,plain,21,model_metrics_gateway_gateway_A_21.csv,,
2026-04-19 13:12:56,gateway,gateway_A,raspberrypi,21,local_train,2,30,1.0,0.0627174079418182,30.0,RN_NO_ASCON,RN,plain,21,model_metrics_gateway_gateway_A_21.csv,,
2026-04-19 13:13:46,gateway,gateway_A,raspberrypi,21,local_train,3,30,0.9666666388511658,0.0575680956244468,30.0,RN_NO_ASCON,RN,plain,21,model_metrics_gateway_gateway_A_21.csv,,
2026-04-19 13:14:43,gateway,gateway_A,raspberrypi,21,local_train,4,30,0.9666666388511658,0.0622387677431106,30.0,RN_NO_ASCON,RN,plain,21,model_metrics_gateway_gateway_A_21.csv,,
2026-04-19 13:15:33,gateway,gateway_A,raspberrypi,21,local_train,5,30,0.8666666746139526,0.3050568401813507,30.0,RN_NO_ASCON,RN,plain,21,model_metrics_gateway_gateway_A_21.csv,,
2026-04-19 13:16:23,gateway,gateway_A,raspberrypi,21,local_train,6,30,0.9333333373069764,0.2405532896518707,30.0,RN_NO_ASCON,RN,plain,21,model_metrics_gateway_gateway_A_21.csv,,
2026-04-19 13:17:13,gateway,gateway_A,raspberrypi,21,local_train,7,30,0.8333333134651184,0.3964940309524536,30.0,RN_NO_ASCON,RN,plain,21,model_metrics_gateway_gateway_A_21.csv,,
2026-04-19 13:18:04,gateway,gateway_A,raspberrypi,21,local_train,8,30,0.800000011920929,0.4031224846839905,30.0,RN_NO_ASCON,RN,plain,21,model_metrics_gateway_gateway_A_21.csv,,
2026-04-19 13:18:54,gateway,gateway_A,raspberrypi,21,local_train,9,30,0.8999999761581421,0.2586462199687958,30.0,RN_NO_ASCON,RN,plain,21,model_metrics_gateway_gateway_A_21.csv,,
2026-04-19 13:19:43,gateway,gateway_A,raspberrypi,21,local_train,10,30,0.8999999761581421,0.2222150862216949,30.0,RN_NO_ASCON,RN,plain,21,model_metrics_gateway_gateway_A_21.csv,,
2026-04-19 13:20:34,gateway,gateway_A,raspberrypi,21,local_train,11,30,0.8666666746139526,0.3325033187866211,30.0,RN_NO_ASCON,RN,plain,21,model_metrics_gateway_gateway_A_21.csv,,
2026-04-19 13:21:23,gateway,gateway_A,raspberrypi,21,local_train,12,30,0.8333333134651184,0.3340268731117248,30.0,RN_NO_ASCON,RN,plain,21,model_metrics_gateway_gateway_A_21.csv,,
2026-04-19 13:22:14,gateway,gateway_A,raspberrypi,21,local_train,13,30,0.8333333134651184,0.3431161940097809,30.0,RN_NO_ASCON,RN,plain,21,model_metrics_gateway_gateway_A_21.csv,,
2026-04-19 13:23:04,gateway,gateway_A,raspberrypi,21,local_train,14,30,0.8999999761581421,0.1821644157171249,30.0,RN_NO_ASCON,RN,plain,21,model_metrics_gateway_gateway_A_21.csv,,
2026-04-19 13:23:54,gateway,gateway_A,raspberrypi,21,local_train,15,30,0.9333333373069764,0.1473800092935562,30.0,RN_NO_ASCON,RN,plain,21,model_metrics_gateway_gateway_A_21.csv,,
2026-04-19 13:24:44,gateway,gateway_A,raspberrypi,21,local_train,16,30,0.9666666388511658,0.0680808871984481,30.0,RN_NO_ASCON,RN,plain,21,model_metrics_gateway_gateway_A_21.csv,,
2026-04-19 13:25:33,gateway,gateway_A,raspberrypi,21,local_train,17,30,0.8999999761581421,0.2593547105789184,30.0,RN_NO_ASCON,RN,plain,21,model_metrics_gateway_gateway_A_21.csv,,
2026-04-19 13:26:24,gateway,gateway_A,raspberrypi,21,local_train,18,30,0.9333333373069764,0.164967194199562,30.0,RN_NO_ASCON,RN,plain,21,model_metrics_gateway_gateway_A_21.csv,,
2026-04-19 13:27:14,gateway,gateway_A,raspberrypi,21,local_train,19,30,0.9666666388511658,0.0783207640051841,30.0,RN_NO_ASCON,RN,plain,21,model_metrics_gateway_gateway_A_21.csv,,
2026-04-19 13:11:20,gateway,gateway_B,gatewayB,21,local_train,0,30,0.7333333492279053,0.839574933052063,30.0,RN_NO_ASCON,RN,plain,21,model_metrics_gateway_gateway_B_21.csv,,
2026-04-19 13:12:04,gateway,gateway_B,gatewayB,21,local_train,1,30,0.9666666388511658,0.1129047200083732,30.0,RN_NO_ASCON,RN,plain,21,model_metrics_gateway_gateway_B_21.csv,,
2026-04-19 13:12:54,gateway,gateway_B,gatewayB,21,local_train,2,30,1.0,0.0359011441469192,30.0,RN_NO_ASCON,RN,plain,21,model_metrics_gateway_gateway_B_21.csv,,
2026-04-19 13:13:44,gateway,gateway_B,gatewayB,21,local_train,3,30,1.0,0.0347912460565567,30.0,RN_NO_ASCON,RN,plain,21,model_metrics_gateway_gateway_B_21.csv,,
2026-04-19 13:14:34,gateway,gateway_B,gatewayB,21,local_train,4,30,1.0,0.0130982985720038,30.0,RN_NO_ASCON,RN,plain,21,model_metrics_gateway_gateway_B_21.csv,,
2026-04-19 13:15:24,gateway,gateway_B,gatewayB,21,local_train,5,30,1.0,0.0087221497669816,30.0,RN_NO_ASCON,RN,plain,21,model_metrics_gateway_gateway_B_21.csv,,
2026-04-19 13:16:14,gateway,gateway_B,gatewayB,21,local_train,6,30,1.0,0.0169732104986906,30.0,RN_NO_ASCON,RN,plain,21,model_metrics_gateway_gateway_B_21.csv,,
2026-04-19 13:17:04,gateway,gateway_B,gatewayB,21,local_train,7,30,1.0,0.0145917935296893,30.0,RN_NO_ASCON,RN,plain,21,model_metrics_gateway_gateway_B_21.csv,,
2026-04-19 13:17:54,gateway,gateway_B,gatewayB,21,local_train,8,30,1.0,0.0171228852123022,30.0,RN_NO_ASCON,RN,plain,21,model_metrics_gateway_gateway_B_21.csv,,
2026-04-19 13:18:44,gateway,gateway_B,gatewayB,21,local_train,9,30,1.0,0.0119362734258174,30.0,RN_NO_ASCON,RN,plain,21,model_metrics_gateway_gateway_B_21.csv,,
2026-04-19 13:19:34,gateway,gateway_B,gatewayB,21,local_train,10,30,1.0,0.0157095901668071,30.0,RN_NO_ASCON,RN,plain,21,model_metrics_gateway_gateway_B_21.csv,,
2026-04-19 13:20:24,gateway,gateway_B,gatewayB,21,local_train,11,30,1.0,0.0105416746810078,30.0,RN_NO_ASCON,RN,plain,21,model_metrics_gateway_gateway_B_21.csv,,
2026-04-19 13:21:14,gateway,gateway_B,gatewayB,21,local_train,12,30,1.0,0.0153023367747664,30.0,RN_NO_ASCON,RN,plain,21,model_metrics_gateway_gateway_B_21.csv,,
2026-04-19 13:22:04,gateway,gateway_B,gatewayB,21,local_train,13,30,1.0,0.0081060547381639,30.0,RN_NO_ASCON,RN,plain,21,model_metrics_gateway_gateway_B_21.csv,,
2026-04-19 13:22:54,gateway,gateway_B,gatewayB,21,local_train,14,30,1.0,0.0252405051141977,30.0,RN_NO_ASCON,RN,plain,21,model_metrics_gateway_gateway_B_21.csv,,
2026-04-19 13:23:44,gateway,gateway_B,gatewayB,21,local_train,15,30,1.0,0.0045439251698553,30.0,RN_NO_ASCON,RN,plain,21,model_metrics_gateway_gateway_B_21.csv,,
2026-04-19 13:24:34,gateway,gateway_B,gatewayB,21,local_train,16,30,1.0,0.0125395897775888,30.0,RN_NO_ASCON,RN,plain,21,model_metrics_gateway_gateway_B_21.csv,,
2026-04-19 13:25:24,gateway,gateway_B,gatewayB,21,local_train,17,30,1.0,0.0033912153448909,30.0,RN_NO_ASCON,RN,plain,21,model_metrics_gateway_gateway_B_21.csv,,
2026-04-19 13:26:14,gateway,gateway_B,gatewayB,21,local_train,18,30,1.0,0.0057713002897799,30.0,RN_NO_ASCON,RN,plain,21,model_metrics_gateway_gateway_B_21.csv,,
2026-04-19 13:34:04,gateway,gateway_A,raspberrypi,22,local_train,0,30,0.699999988079071,1.2560105323791504,30.0,RN_NO_ASCON,RN,plain,22,model_metrics_gateway_gateway_A_22.csv,,
2026-04-19 13:34:48,gateway,gateway_A,raspberrypi,22,local_train,1,30,0.8999999761581421,0.3487505912780761,30.0,RN_NO_ASCON,RN,plain,22,model_metrics_gateway_gateway_A_22.csv,,
2026-04-19 13:35:38,gateway,gateway_A,raspberrypi,22,local_train,2,30,0.9666666388511658,0.0784830227494239,30.0,RN_NO_ASCON,RN,plain,22,model_metrics_gateway_gateway_A_22.csv,,
2026-04-19 13:36:28,gateway,gateway_A,raspberrypi,22,local_train,3,30,1.0,0.0264885760843753,30.0,RN_NO_ASCON,RN,plain,22,model_metrics_gateway_gateway_A_22.csv,,
2026-04-19 13:37:26,gateway,gateway_A,raspberrypi,22,local_train,4,30,1.0,0.0170036163181066,30.0,RN_NO_ASCON,RN,plain,22,model_metrics_gateway_gateway_A_22.csv,,
2026-04-19 13:38:16,gateway,gateway_A,raspberrypi,22,local_train,5,30,0.800000011920929,0.6268162131309509,30.0,RN_NO_ASCON,RN,plain,22,model_metrics_gateway_gateway_A_22.csv,,
2026-04-19 13:39:06,gateway,gateway_A,raspberrypi,22,local_train,6,30,0.800000011920929,0.3566279709339142,30.0,RN_NO_ASCON,RN,plain,22,model_metrics_gateway_gateway_A_22.csv,,
2026-04-19 13:39:56,gateway,gateway_A,raspberrypi,22,local_train,7,30,0.8999999761581421,0.1874557137489318,30.0,RN_NO_ASCON,RN,plain,22,model_metrics_gateway_gateway_A_22.csv,,
2026-04-19 13:40:46,gateway,gateway_A,raspberrypi,22,local_train,8,30,0.8333333134651184,0.4764494001865387,30.0,RN_NO_ASCON,RN,plain,22,model_metrics_gateway_gateway_A_22.csv,,
2026-04-19 13:41:36,gateway,gateway_A,raspberrypi,22,local_train,9,30,0.800000011920929,0.4576546549797058,30.0,RN_NO_ASCON,RN,plain,22,model_metrics_gateway_gateway_A_22.csv,,
2026-04-19 13:42:26,gateway,gateway_A,raspberrypi,22,local_train,10,30,0.9666666388511658,0.1506277024745941,30.0,RN_NO_ASCON,RN,plain,22,model_metrics_gateway_gateway_A_22.csv,,
2026-04-19 13:43:16,gateway,gateway_A,raspberrypi,22,local_train,11,30,0.9333333373069764,0.1805893331766128,30.0,RN_NO_ASCON,RN,plain,22,model_metrics_gateway_gateway_A_22.csv,,
2026-04-19 13:44:06,gateway,gateway_A,raspberrypi,22,local_train,12,30,0.8999999761581421,0.1801646798849105,30.0,RN_NO_ASCON,RN,plain,22,model_metrics_gateway_gateway_A_22.csv,,
2026-04-19 13:44:56,gateway,gateway_A,raspberrypi,22,local_train,13,30,0.9666666388511658,0.0941019058227539,30.0,RN_NO_ASCON,RN,plain,22,model_metrics_gateway_gateway_A_22.csv,,
2026-04-19 13:45:46,gateway,gateway_A,raspberrypi,22,local_train,14,30,0.9333333373069764,0.4471438825130462,30.0,RN_NO_ASCON,RN,plain,22,model_metrics_gateway_gateway_A_22.csv,,
2026-04-19 13:46:36,gateway,gateway_A,raspberrypi,22,local_train,15,30,1.0,0.0459797531366348,30.0,RN_NO_ASCON,RN,plain,22,model_metrics_gateway_gateway_A_22.csv,,
2026-04-19 13:47:26,gateway,gateway_A,raspberrypi,22,local_train,16,30,0.9666666388511658,0.0877711772918701,30.0,RN_NO_ASCON,RN,plain,22,model_metrics_gateway_gateway_A_22.csv,,
2026-04-19 13:48:16,gateway,gateway_A,raspberrypi,22,local_train,17,30,0.9666666388511658,0.0652475506067276,30.0,RN_NO_ASCON,RN,plain,22,model_metrics_gateway_gateway_A_22.csv,,
2026-04-19 13:49:06,gateway,gateway_A,raspberrypi,22,local_train,18,30,0.8999999761581421,0.1910848468542099,30.0,RN_NO_ASCON,RN,plain,22,model_metrics_gateway_gateway_A_22.csv,,
2026-04-19 13:49:56,gateway,gateway_A,raspberrypi,22,local_train,19,30,0.9333333373069764,0.2798338830471039,30.0,RN_NO_ASCON,RN,plain,22,model_metrics_gateway_gateway_A_22.csv,,
2026-04-19 13:34:05,gateway,gateway_B,gatewayB,22,local_train,0,30,0.800000011920929,0.7544409036636353,30.0,RN_NO_ASCON,RN,plain,22,model_metrics_gateway_gateway_B_22.csv,,
2026-04-19 13:34:49,gateway,gateway_B,gatewayB,22,local_train,1,30,1.0,0.0993151366710662,30.0,RN_NO_ASCON,RN,plain,22,model_metrics_gateway_gateway_B_22.csv,,
2026-04-19 13:35:39,gateway,gateway_B,gatewayB,22,local_train,2,30,0.9666666388511658,0.0553883090615272,30.0,RN_NO_ASCON,RN,plain,22,model_metrics_gateway_gateway_B_22.csv,,
2026-04-19 13:36:29,gateway,gateway_B,gatewayB,22,local_train,3,30,1.0,0.0328106805682182,30.0,RN_NO_ASCON,RN,plain,22,model_metrics_gateway_gateway_B_22.csv,,
2026-04-19 13:37:19,gateway,gateway_B,gatewayB,22,local_train,4,30,1.0,0.0048740194179117,30.0,RN_NO_ASCON,RN,plain,22,model_metrics_gateway_gateway_B_22.csv,,
2026-04-19 13:38:09,gateway,gateway_B,gatewayB,22,local_train,5,30,1.0,0.0065066427923738,30.0,RN_NO_ASCON,RN,plain,22,model_metrics_gateway_gateway_B_22.csv,,
2026-04-19 13:38:59,gateway,gateway_B,gatewayB,22,local_train,6,30,1.0,0.0166315026581287,30.0,RN_NO_ASCON,RN,plain,22,model_metrics_gateway_gateway_B_22.csv,,
2026-04-19 13:39:49,gateway,gateway_B,gatewayB,22,local_train,7,30,1.0,0.0148557443171739,30.0,RN_NO_ASCON,RN,plain,22,model_metrics_gateway_gateway_B_22.csv,,
2026-04-19 13:40:39,gateway,gateway_B,gatewayB,22,local_train,8,30,1.0,0.0104237748309969,30.0,RN_NO_ASCON,RN,plain,22,model_metrics_gateway_gateway_B_22.csv,,
2026-04-19 13:41:29,gateway,gateway_B,gatewayB,22,local_train,9,30,1.0,0.0129810506477952,30.0,RN_NO_ASCON,RN,plain,22,model_metrics_gateway_gateway_B_22.csv,,
2026-04-19 13:42:19,gateway,gateway_B,gatewayB,22,local_train,10,30,1.0,0.0125846620649099,30.0,RN_NO_ASCON,RN,plain,22,model_metrics_gateway_gateway_B_22.csv,,
2026-04-19 13:43:09,gateway,gateway_B,gatewayB,22,local_train,11,30,1.0,0.0228837132453918,30.0,RN_NO_ASCON,RN,plain,22,model_metrics_gateway_gateway_B_22.csv,,
2026-04-19 13:43:59,gateway,gateway_B,gatewayB,22,local_train,12,30,1.0,0.0190306603908538,30.0,RN_NO_ASCON,RN,plain,22,model_metrics_gateway_gateway_B_22.csv,,
2026-04-19 13:44:49,gateway,gateway_B,gatewayB,22,local_train,13,30,1.0,0.0066832215525209,30.0,RN_NO_ASCON,RN,plain,22,model_metrics_gateway_gateway_B_22.csv,,
2026-04-19 13:45:39,gateway,gateway_B,gatewayB,22,local_train,14,30,1.0,0.0069762361235916,30.0,RN_NO_ASCON,RN,plain,22,model_metrics_gateway_gateway_B_22.csv,,
2026-04-19 13:46:29,gateway,gateway_B,gatewayB,22,local_train,15,30,0.9666666388511658,0.038774412125349,30.0,RN_NO_ASCON,RN,plain,22,model_metrics_gateway_gateway_B_22.csv,,
2026-04-19 13:47:19,gateway,gateway_B,gatewayB,22,local_train,16,30,1.0,0.0020053451880812,30.0,RN_NO_ASCON,RN,plain,22,model_metrics_gateway_gateway_B_22.csv,,
2026-04-19 13:48:09,gateway,gateway_B,gatewayB,22,local_train,17,30,1.0,0.0032420991919934,30.0,RN_NO_ASCON,RN,plain,22,model_metrics_gateway_gateway_B_22.csv,,
2026-04-19 13:48:59,gateway,gateway_B,gatewayB,22,local_train,18,30,1.0,0.0027672813739627,30.0,RN_NO_ASCON,RN,plain,22,model_metrics_gateway_gateway_B_22.csv,,
2026-04-19 13:49:49,gateway,gateway_B,gatewayB,22,local_train,19,30,1.0,0.0070331026799976,30.0,RN_NO_ASCON,RN,plain,22,model_metrics_gateway_gateway_B_22.csv,,
2026-04-19 13:54:27,gateway,gateway_A,raspberrypi,23,local_train,0,30,0.800000011920929,0.7078773379325867,30.0,RN_NO_ASCON,RN,plain,23,model_metrics_gateway_gateway_A_23.csv,,
2026-04-19 13:55:11,gateway,gateway_A,raspberrypi,23,local_train,1,30,0.9333333373069764,0.2913655936717987,30.0,RN_NO_ASCON,RN,plain,23,model_metrics_gateway_gateway_A_23.csv,,
2026-04-19 13:56:01,gateway,gateway_A,raspberrypi,23,local_train,2,30,1.0,0.0401299707591533,30.0,RN_NO_ASCON,RN,plain,23,model_metrics_gateway_gateway_A_23.csv,,
2026-04-19 13:56:51,gateway,gateway_A,raspberrypi,23,local_train,3,30,1.0,0.0148497819900512,30.0,RN_NO_ASCON,RN,plain,23,model_metrics_gateway_gateway_A_23.csv,,
2026-04-19 13:57:46,gateway,gateway_A,raspberrypi,23,local_train,4,30,1.0,0.0102691603824496,30.0,RN_NO_ASCON,RN,plain,23,model_metrics_gateway_gateway_A_23.csv,,
2026-04-19 13:58:41,gateway,gateway_A,raspberrypi,23,local_train,5,30,0.8666666746139526,0.4268727898597717,30.0,RN_NO_ASCON,RN,plain,23,model_metrics_gateway_gateway_A_23.csv,,
2026-04-19 13:59:31,gateway,gateway_A,raspberrypi,23,local_train,6,30,0.8333333134651184,0.381626546382904,30.0,RN_NO_ASCON,RN,plain,23,model_metrics_gateway_gateway_A_23.csv,,
2026-04-19 14:00:21,gateway,gateway_A,raspberrypi,23,local_train,7,30,0.8666666746139526,0.224835067987442,30.0,RN_NO_ASCON,RN,plain,23,model_metrics_gateway_gateway_A_23.csv,,
2026-04-19 14:01:12,gateway,gateway_A,raspberrypi,23,local_train,8,30,0.8666666746139526,0.3213416337966919,30.0,RN_NO_ASCON,RN,plain,23,model_metrics_gateway_gateway_A_23.csv,,
2026-04-19 14:02:01,gateway,gateway_A,raspberrypi,23,local_train,9,30,0.8666666746139526,0.2817403972148895,30.0,RN_NO_ASCON,RN,plain,23,model_metrics_gateway_gateway_A_23.csv,,
2026-04-19 14:02:51,gateway,gateway_A,raspberrypi,23,local_train,10,30,0.800000011920929,0.4518390893936157,30.0,RN_NO_ASCON,RN,plain,23,model_metrics_gateway_gateway_A_23.csv,,
2026-04-19 14:03:41,gateway,gateway_A,raspberrypi,23,local_train,11,30,0.8333333134651184,0.4077516496181488,30.0,RN_NO_ASCON,RN,plain,23,model_metrics_gateway_gateway_A_23.csv,,
2026-04-19 14:04:31,gateway,gateway_A,raspberrypi,23,local_train,12,30,0.9333333373069764,0.1836867034435272,30.0,RN_NO_ASCON,RN,plain,23,model_metrics_gateway_gateway_A_23.csv,,
2026-04-19 14:05:21,gateway,gateway_A,raspberrypi,23,local_train,13,30,0.800000011920929,0.325295627117157,30.0,RN_NO_ASCON,RN,plain,23,model_metrics_gateway_gateway_A_23.csv,,
2026-04-19 14:06:11,gateway,gateway_A,raspberrypi,23,local_train,14,30,0.9333333373069764,0.2246944010257721,30.0,RN_NO_ASCON,RN,plain,23,model_metrics_gateway_gateway_A_23.csv,,
2026-04-19 14:07:01,gateway,gateway_A,raspberrypi,23,local_train,15,30,1.0,0.0793313682079315,30.0,RN_NO_ASCON,RN,plain,23,model_metrics_gateway_gateway_A_23.csv,,
2026-04-19 14:07:51,gateway,gateway_A,raspberrypi,23,local_train,16,30,0.9333333373069764,0.2135457694530487,30.0,RN_NO_ASCON,RN,plain,23,model_metrics_gateway_gateway_A_23.csv,,
2026-04-19 14:08:41,gateway,gateway_A,raspberrypi,23,local_train,17,30,0.9333333373069764,0.2137631773948669,30.0,RN_NO_ASCON,RN,plain,23,model_metrics_gateway_gateway_A_23.csv,,
2026-04-19 14:09:31,gateway,gateway_A,raspberrypi,23,local_train,18,30,0.8999999761581421,0.2557724118232727,30.0,RN_NO_ASCON,RN,plain,23,model_metrics_gateway_gateway_A_23.csv,,
2026-04-19 14:10:21,gateway,gateway_A,raspberrypi,23,local_train,19,30,0.9333333373069764,0.2577736973762512,30.0,RN_NO_ASCON,RN,plain,23,model_metrics_gateway_gateway_A_23.csv,,
2026-04-19 13:54:29,gateway,gateway_B,gatewayB,23,local_train,0,30,0.6333333253860474,0.9727938175201416,30.0,RN_NO_ASCON,RN,plain,23,model_metrics_gateway_gateway_B_23.csv,,
2026-04-19 13:55:13,gateway,gateway_B,gatewayB,23,local_train,1,30,1.0,0.1150530949234962,30.0,RN_NO_ASCON,RN,plain,23,model_metrics_gateway_gateway_B_23.csv,,
2026-04-19 13:56:03,gateway,gateway_B,gatewayB,23,local_train,2,30,0.9333333373069764,0.111013226211071,30.0,RN_NO_ASCON,RN,plain,23,model_metrics_gateway_gateway_B_23.csv,,
2026-04-19 13:56:53,gateway,gateway_B,gatewayB,23,local_train,3,30,1.0,0.0297171752899885,30.0,RN_NO_ASCON,RN,plain,23,model_metrics_gateway_gateway_B_23.csv,,
2026-04-19 13:57:44,gateway,gateway_B,gatewayB,23,local_train,4,30,1.0,0.0336423590779304,30.0,RN_NO_ASCON,RN,plain,23,model_metrics_gateway_gateway_B_23.csv,,
2026-04-19 13:58:44,gateway,gateway_B,gatewayB,23,local_train,5,30,0.8333333134651184,0.5480448007583618,30.0,RN_NO_ASCON,RN,plain,23,model_metrics_gateway_gateway_B_23.csv,,
2026-04-19 13:59:34,gateway,gateway_B,gatewayB,23,local_train,6,30,0.9333333373069764,0.2321667373180389,30.0,RN_NO_ASCON,RN,plain,23,model_metrics_gateway_gateway_B_23.csv,,
2026-04-19 14:00:24,gateway,gateway_B,gatewayB,23,local_train,7,30,0.7333333492279053,0.5262418389320374,30.0,RN_NO_ASCON,RN,plain,23,model_metrics_gateway_gateway_B_23.csv,,
2026-04-19 14:01:14,gateway,gateway_B,gatewayB,23,local_train,8,30,0.8666666746139526,0.5009065866470337,30.0,RN_NO_ASCON,RN,plain,23,model_metrics_gateway_gateway_B_23.csv,,
2026-04-19 14:02:04,gateway,gateway_B,gatewayB,23,local_train,9,30,1.0,0.0258976463228464,30.0,RN_NO_ASCON,RN,plain,23,model_metrics_gateway_gateway_B_23.csv,,
2026-04-19 14:02:54,gateway,gateway_B,gatewayB,23,local_train,10,30,0.9666666388511658,0.2438282668590545,30.0,RN_NO_ASCON,RN,plain,23,model_metrics_gateway_gateway_B_23.csv,,
2026-04-19 14:03:44,gateway,gateway_B,gatewayB,23,local_train,11,30,0.8999999761581421,0.2846473157405853,30.0,RN_NO_ASCON,RN,plain,23,model_metrics_gateway_gateway_B_23.csv,,
2026-04-19 14:04:34,gateway,gateway_B,gatewayB,23,local_train,12,30,0.9666666388511658,0.0952528417110443,30.0,RN_NO_ASCON,RN,plain,23,model_metrics_gateway_gateway_B_23.csv,,
2026-04-19 14:05:24,gateway,gateway_B,gatewayB,23,local_train,13,30,0.9666666388511658,0.1817016899585724,30.0,RN_NO_ASCON,RN,plain,23,model_metrics_gateway_gateway_B_23.csv,,
2026-04-19 14:06:14,gateway,gateway_B,gatewayB,23,local_train,14,30,0.9333333373069764,0.1781853139400482,30.0,RN_NO_ASCON,RN,plain,23,model_metrics_gateway_gateway_B_23.csv,,
2026-04-19 14:07:04,gateway,gateway_B,gatewayB,23,local_train,15,30,0.9333333373069764,0.1358145773410797,30.0,RN_NO_ASCON,RN,plain,23,model_metrics_gateway_gateway_B_23.csv,,
2026-04-19 14:07:54,gateway,gateway_B,gatewayB,23,local_train,16,30,0.9333333373069764,0.2144467234611511,30.0,RN_NO_ASCON,RN,plain,23,model_metrics_gateway_gateway_B_23.csv,,
2026-04-19 14:08:44,gateway,gateway_B,gatewayB,23,local_train,17,30,0.9666666388511658,0.0642016306519508,30.0,RN_NO_ASCON,RN,plain,23,model_metrics_gateway_gateway_B_23.csv,,
2026-04-19 14:09:34,gateway,gateway_B,gatewayB,23,local_train,18,30,0.9333333373069764,0.2196238338947296,30.0,RN_NO_ASCON,RN,plain,23,model_metrics_gateway_gateway_B_23.csv,,
2026-04-19 14:10:24,gateway,gateway_B,gatewayB,23,local_train,19,30,0.8333333134651184,0.2821564972400665,30.0,RN_NO_ASCON,RN,plain,23,model_metrics_gateway_gateway_B_23.csv,,
2026-04-19 14:41:34,gateway,gateway_A,raspberrypi,24,local_train,0,30,0.6333333253860474,1.15012788772583,30.0,RN_NO_ASCON,RN,plain,24,model_metrics_gateway_gateway_A_24.csv,,
2026-04-19 14:42:18,gateway,gateway_A,raspberrypi,24,local_train,1,30,0.9666666388511658,0.1822887063026428,30.0,RN_NO_ASCON,RN,plain,24,model_metrics_gateway_gateway_A_24.csv,,
2026-04-19 14:43:08,gateway,gateway_A,raspberrypi,24,local_train,2,30,1.0,0.0223960671573877,30.0,RN_NO_ASCON,RN,plain,24,model_metrics_gateway_gateway_A_24.csv,,
2026-04-19 14:43:59,gateway,gateway_A,raspberrypi,24,local_train,3,30,1.0,0.0217778924852609,30.0,RN_NO_ASCON,RN,plain,24,model_metrics_gateway_gateway_A_24.csv,,
2026-04-19 14:44:56,gateway,gateway_A,raspberrypi,24,local_train,4,30,1.0,0.0120640946552157,30.0,RN_NO_ASCON,RN,plain,24,model_metrics_gateway_gateway_A_24.csv,,
2026-04-19 14:45:48,gateway,gateway_A,raspberrypi,24,local_train,5,30,0.7666666507720947,0.5098368525505066,30.0,RN_NO_ASCON,RN,plain,24,model_metrics_gateway_gateway_A_24.csv,,
2026-04-19 14:46:38,gateway,gateway_A,raspberrypi,24,local_train,6,30,0.800000011920929,0.5192925333976746,30.0,RN_NO_ASCON,RN,plain,24,model_metrics_gateway_gateway_A_24.csv,,
2026-04-19 14:47:28,gateway,gateway_A,raspberrypi,24,local_train,7,30,0.8666666746139526,0.2914336919784546,30.0,RN_NO_ASCON,RN,plain,24,model_metrics_gateway_gateway_A_24.csv,,
2026-04-19 14:48:18,gateway,gateway_A,raspberrypi,24,local_train,8,30,0.8333333134651184,0.5904117822647095,30.0,RN_NO_ASCON,RN,plain,24,model_metrics_gateway_gateway_A_24.csv,,
2026-04-19 14:49:08,gateway,gateway_A,raspberrypi,24,local_train,9,30,0.8333333134651184,0.5953788161277771,30.0,RN_NO_ASCON,RN,plain,24,model_metrics_gateway_gateway_A_24.csv,,
2026-04-19 14:49:58,gateway,gateway_A,raspberrypi,24,local_train,10,30,0.9333333373069764,0.2504157721996307,30.0,RN_NO_ASCON,RN,plain,24,model_metrics_gateway_gateway_A_24.csv,,
2026-04-19 14:50:48,gateway,gateway_A,raspberrypi,24,local_train,11,30,0.8333333134651184,0.3711792230606079,30.0,RN_NO_ASCON,RN,plain,24,model_metrics_gateway_gateway_A_24.csv,,
2026-04-19 14:51:38,gateway,gateway_A,raspberrypi,24,local_train,12,30,0.8666666746139526,0.2221872508525848,30.0,RN_NO_ASCON,RN,plain,24,model_metrics_gateway_gateway_A_24.csv,,
2026-04-19 14:52:28,gateway,gateway_A,raspberrypi,24,local_train,13,30,0.9333333373069764,0.1781502813100814,30.0,RN_NO_ASCON,RN,plain,24,model_metrics_gateway_gateway_A_24.csv,,
2026-04-19 14:53:18,gateway,gateway_A,raspberrypi,24,local_train,14,30,0.8999999761581421,0.2314780801534652,30.0,RN_NO_ASCON,RN,plain,24,model_metrics_gateway_gateway_A_24.csv,,
2026-04-19 14:54:08,gateway,gateway_A,raspberrypi,24,local_train,15,30,0.9333333373069764,0.1620149612426757,30.0,RN_NO_ASCON,RN,plain,24,model_metrics_gateway_gateway_A_24.csv,,
2026-04-19 14:54:58,gateway,gateway_A,raspberrypi,24,local_train,16,30,0.8666666746139526,0.2937044203281402,30.0,RN_NO_ASCON,RN,plain,24,model_metrics_gateway_gateway_A_24.csv,,
2026-04-19 14:55:48,gateway,gateway_A,raspberrypi,24,local_train,17,30,0.8999999761581421,0.1409457623958587,30.0,RN_NO_ASCON,RN,plain,24,model_metrics_gateway_gateway_A_24.csv,,
2026-04-19 14:56:38,gateway,gateway_A,raspberrypi,24,local_train,18,30,1.0,0.0631435811519622,30.0,RN_NO_ASCON,RN,plain,24,model_metrics_gateway_gateway_A_24.csv,,
2026-04-19 14:57:28,gateway,gateway_A,raspberrypi,24,local_train,19,30,0.9333333373069764,0.1463551968336105,30.0,RN_NO_ASCON,RN,plain,24,model_metrics_gateway_gateway_A_24.csv,,
2026-04-19 14:41:35,gateway,gateway_B,gatewayB,24,local_train,0,30,0.800000011920929,0.5628789663314819,30.0,RN_NO_ASCON,RN,plain,24,model_metrics_gateway_gateway_B_24.csv,,
2026-04-19 14:42:19,gateway,gateway_B,gatewayB,24,local_train,1,30,0.9666666388511658,0.1973840594291687,30.0,RN_NO_ASCON,RN,plain,24,model_metrics_gateway_gateway_B_24.csv,,
2026-04-19 14:43:08,gateway,gateway_B,gatewayB,24,local_train,2,30,1.0,0.0312442053109407,30.0,RN_NO_ASCON,RN,plain,24,model_metrics_gateway_gateway_B_24.csv,,
2026-04-19 14:43:59,gateway,gateway_B,gatewayB,24,local_train,3,30,1.0,0.0373653396964073,30.0,RN_NO_ASCON,RN,plain,24,model_metrics_gateway_gateway_B_24.csv,,
2026-04-19 14:44:49,gateway,gateway_B,gatewayB,24,local_train,4,30,1.0,0.0171797163784503,30.0,RN_NO_ASCON,RN,plain,24,model_metrics_gateway_gateway_B_24.csv,,
2026-04-19 14:45:49,gateway,gateway_B,gatewayB,24,local_train,5,30,0.8666666746139526,0.4476335346698761,30.0,RN_NO_ASCON,RN,plain,24,model_metrics_gateway_gateway_B_24.csv,,
2026-04-19 14:46:39,gateway,gateway_B,gatewayB,24,local_train,6,30,0.7666666507720947,0.659580647945404,30.0,RN_NO_ASCON,RN,plain,24,model_metrics_gateway_gateway_B_24.csv,,
2026-04-19 14:47:29,gateway,gateway_B,gatewayB,24,local_train,7,30,0.800000011920929,0.3249115645885467,30.0,RN_NO_ASCON,RN,plain,24,model_metrics_gateway_gateway_B_24.csv,,
2026-04-19 14:48:19,gateway,gateway_B,gatewayB,24,local_train,8,30,0.7333333492279053,0.6263372302055359,30.0,RN_NO_ASCON,RN,plain,24,model_metrics_gateway_gateway_B_24.csv,,
2026-04-19 14:49:09,gateway,gateway_B,gatewayB,24,local_train,9,30,0.8999999761581421,0.2400174587965011,30.0,RN_NO_ASCON,RN,plain,24,model_metrics_gateway_gateway_B_24.csv,,
2026-04-19 14:49:59,gateway,gateway_B,gatewayB,24,local_train,10,30,0.8666666746139526,0.4185631573200226,30.0,RN_NO_ASCON,RN,plain,24,model_metrics_gateway_gateway_B_24.csv,,
2026-04-19 14:50:49,gateway,gateway_B,gatewayB,24,local_train,11,30,0.9666666388511658,0.2570469081401825,30.0,RN_NO_ASCON,RN,plain,24,model_metrics_gateway_gateway_B_24.csv,,
2026-04-19 14:51:39,gateway,gateway_B,gatewayB,24,local_train,12,30,0.9666666388511658,0.1671838164329528,30.0,RN_NO_ASCON,RN,plain,24,model_metrics_gateway_gateway_B_24.csv,,
2026-04-19 14:52:29,gateway,gateway_B,gatewayB,24,local_train,13,30,0.8999999761581421,0.2071214318275451,30.0,RN_NO_ASCON,RN,plain,24,model_metrics_gateway_gateway_B_24.csv,,
2026-04-19 14:53:19,gateway,gateway_B,gatewayB,24,local_train,14,30,0.9333333373069764,0.3000061810016632,30.0,RN_NO_ASCON,RN,plain,24,model_metrics_gateway_gateway_B_24.csv,,
2026-04-19 14:54:09,gateway,gateway_B,gatewayB,24,local_train,15,30,0.9333333373069764,0.138468712568283,30.0,RN_NO_ASCON,RN,plain,24,model_metrics_gateway_gateway_B_24.csv,,
2026-04-19 14:54:59,gateway,gateway_B,gatewayB,24,local_train,16,30,0.9333333373069764,0.2095184475183487,30.0,RN_NO_ASCON,RN,plain,24,model_metrics_gateway_gateway_B_24.csv,,
2026-04-19 14:55:48,gateway,gateway_B,gatewayB,24,local_train,17,30,0.8333333134651184,0.3401537537574768,30.0,RN_NO_ASCON,RN,plain,24,model_metrics_gateway_gateway_B_24.csv,,
2026-04-19 14:56:39,gateway,gateway_B,gatewayB,24,local_train,18,30,0.9666666388511658,0.1786330342292785,30.0,RN_NO_ASCON,RN,plain,24,model_metrics_gateway_gateway_B_24.csv,,
2026-04-19 14:57:29,gateway,gateway_B,gatewayB,24,local_train,19,30,0.9333333373069764,0.134178802371025,30.0,RN_NO_ASCON,RN,plain,24,model_metrics_gateway_gateway_B_24.csv,,
2026-04-19 15:00:42,gateway,gateway_A,raspberrypi,25,local_train,0,30,0.7333333492279053,0.975787341594696,30.0,RN_NO_ASCON,RN,plain,25,model_metrics_gateway_gateway_A_25.csv,,
2026-04-19 15:01:26,gateway,gateway_A,raspberrypi,25,local_train,1,30,0.9666666388511658,0.1730548739433288,30.0,RN_NO_ASCON,RN,plain,25,model_metrics_gateway_gateway_A_25.csv,,
2026-04-19 15:02:16,gateway,gateway_A,raspberrypi,25,local_train,2,30,1.0,0.0504861362278461,30.0,RN_NO_ASCON,RN,plain,25,model_metrics_gateway_gateway_A_25.csv,,
2026-04-19 15:03:06,gateway,gateway_A,raspberrypi,25,local_train,3,30,1.0,0.0209656991064548,30.0,RN_NO_ASCON,RN,plain,25,model_metrics_gateway_gateway_A_25.csv,,
2026-04-19 15:04:06,gateway,gateway_A,raspberrypi,25,local_train,4,30,1.0,0.0183517280966043,30.0,RN_NO_ASCON,RN,plain,25,model_metrics_gateway_gateway_A_25.csv,,
2026-04-19 15:04:56,gateway,gateway_A,raspberrypi,25,local_train,5,30,0.7666666507720947,0.7736600637435913,30.0,RN_NO_ASCON,RN,plain,25,model_metrics_gateway_gateway_A_25.csv,,
2026-04-19 15:05:46,gateway,gateway_A,raspberrypi,25,local_train,6,30,0.800000011920929,0.4267142415046692,30.0,RN_NO_ASCON,RN,plain,25,model_metrics_gateway_gateway_A_25.csv,,
2026-04-19 15:06:36,gateway,gateway_A,raspberrypi,25,local_train,7,30,0.800000011920929,0.3926900327205658,30.0,RN_NO_ASCON,RN,plain,25,model_metrics_gateway_gateway_A_25.csv,,
2026-04-19 15:07:26,gateway,gateway_A,raspberrypi,25,local_train,8,30,0.8666666746139526,0.3813057541847229,30.0,RN_NO_ASCON,RN,plain,25,model_metrics_gateway_gateway_A_25.csv,,
2026-04-19 15:08:16,gateway,gateway_A,raspberrypi,25,local_train,9,30,0.8666666746139526,0.3094301223754883,30.0,RN_NO_ASCON,RN,plain,25,model_metrics_gateway_gateway_A_25.csv,,
2026-04-19 15:09:06,gateway,gateway_A,raspberrypi,25,local_train,10,30,0.9333333373069764,0.1828640252351761,30.0,RN_NO_ASCON,RN,plain,25,model_metrics_gateway_gateway_A_25.csv,,
2026-04-19 15:09:56,gateway,gateway_A,raspberrypi,25,local_train,11,30,1.0,0.047096949070692,30.0,RN_NO_ASCON,RN,plain,25,model_metrics_gateway_gateway_A_25.csv,,
2026-04-19 15:10:46,gateway,gateway_A,raspberrypi,25,local_train,12,30,0.9333333373069764,0.1436296105384826,30.0,RN_NO_ASCON,RN,plain,25,model_metrics_gateway_gateway_A_25.csv,,
2026-04-19 15:11:36,gateway,gateway_A,raspberrypi,25,local_train,13,30,0.9666666388511658,0.0815481692552566,30.0,RN_NO_ASCON,RN,plain,25,model_metrics_gateway_gateway_A_25.csv,,
2026-04-19 15:12:26,gateway,gateway_A,raspberrypi,25,local_train,14,30,0.9333333373069764,0.172523945569992,30.0,RN_NO_ASCON,RN,plain,25,model_metrics_gateway_gateway_A_25.csv,,
2026-04-19 15:13:16,gateway,gateway_A,raspberrypi,25,local_train,15,30,0.9333333373069764,0.1767325550317764,30.0,RN_NO_ASCON,RN,plain,25,model_metrics_gateway_gateway_A_25.csv,,
2026-04-19 15:14:06,gateway,gateway_A,raspberrypi,25,local_train,16,30,0.9666666388511658,0.1431942135095596,30.0,RN_NO_ASCON,RN,plain,25,model_metrics_gateway_gateway_A_25.csv,,
2026-04-19 15:14:56,gateway,gateway_A,raspberrypi,25,local_train,17,30,0.8333333134651184,0.3169355988502502,30.0,RN_NO_ASCON,RN,plain,25,model_metrics_gateway_gateway_A_25.csv,,
2026-04-19 15:15:46,gateway,gateway_A,raspberrypi,25,local_train,18,30,0.8666666746139526,0.2461327910423278,30.0,RN_NO_ASCON,RN,plain,25,model_metrics_gateway_gateway_A_25.csv,,
2026-04-19 15:16:36,gateway,gateway_A,raspberrypi,25,local_train,19,30,0.9666666388511658,0.1502271443605423,30.0,RN_NO_ASCON,RN,plain,25,model_metrics_gateway_gateway_A_25.csv,,
2026-04-19 15:00:41,gateway,gateway_B,gatewayB,25,local_train,0,30,0.7666666507720947,1.193205714225769,30.0,RN_NO_ASCON,RN,plain,25,model_metrics_gateway_gateway_B_25.csv,,
2026-04-19 15:01:25,gateway,gateway_B,gatewayB,25,local_train,1,30,0.9333333373069764,0.2406945526599884,30.0,RN_NO_ASCON,RN,plain,25,model_metrics_gateway_gateway_B_25.csv,,
2026-04-19 15:02:15,gateway,gateway_B,gatewayB,25,local_train,2,30,0.800000011920929,0.5370087027549744,30.0,RN_NO_ASCON,RN,plain,25,model_metrics_gateway_gateway_B_25.csv,,
2026-04-19 15:03:05,gateway,gateway_B,gatewayB,25,local_train,3,30,0.8333333134651184,0.5271407961845398,30.0,RN_NO_ASCON,RN,plain,25,model_metrics_gateway_gateway_B_25.csv,,
2026-04-19 15:04:04,gateway,gateway_B,gatewayB,25,local_train,4,30,0.9333333373069764,0.1752997040748596,30.0,RN_NO_ASCON,RN,plain,25,model_metrics_gateway_gateway_B_25.csv,,
2026-04-19 15:04:59,gateway,gateway_B,gatewayB,25,local_train,5,30,0.8666666746139526,0.5124499201774597,30.0,RN_NO_ASCON,RN,plain,25,model_metrics_gateway_gateway_B_25.csv,,
2026-04-19 15:05:49,gateway,gateway_B,gatewayB,25,local_train,6,30,0.8666666746139526,0.4009258151054382,30.0,RN_NO_ASCON,RN,plain,25,model_metrics_gateway_gateway_B_25.csv,,
2026-04-19 15:06:39,gateway,gateway_B,gatewayB,25,local_train,7,30,1.0,0.0522254556417465,30.0,RN_NO_ASCON,RN,plain,25,model_metrics_gateway_gateway_B_25.csv,,
2026-04-19 15:07:29,gateway,gateway_B,gatewayB,25,local_train,8,30,0.9333333373069764,0.1532062739133834,30.0,RN_NO_ASCON,RN,plain,25,model_metrics_gateway_gateway_B_25.csv,,
2026-04-19 15:08:19,gateway,gateway_B,gatewayB,25,local_train,9,30,0.9666666388511658,0.1625823974609375,30.0,RN_NO_ASCON,RN,plain,25,model_metrics_gateway_gateway_B_25.csv,,
2026-04-19 15:09:09,gateway,gateway_B,gatewayB,25,local_train,10,30,0.8666666746139526,0.2701997756958008,30.0,RN_NO_ASCON,RN,plain,25,model_metrics_gateway_gateway_B_25.csv,,
2026-04-19 15:09:59,gateway,gateway_B,gatewayB,25,local_train,11,30,0.8333333134651184,0.3564142882823944,30.0,RN_NO_ASCON,RN,plain,25,model_metrics_gateway_gateway_B_25.csv,,
2026-04-19 15:10:49,gateway,gateway_B,gatewayB,25,local_train,12,30,0.8999999761581421,0.201302021741867,30.0,RN_NO_ASCON,RN,plain,25,model_metrics_gateway_gateway_B_25.csv,,
2026-04-19 15:11:39,gateway,gateway_B,gatewayB,25,local_train,13,30,1.0,0.0858900547027587,30.0,RN_NO_ASCON,RN,plain,25,model_metrics_gateway_gateway_B_25.csv,,
2026-04-19 15:12:28,gateway,gateway_B,gatewayB,25,local_train,14,30,1.0,0.1097019389271736,30.0,RN_NO_ASCON,RN,plain,25,model_metrics_gateway_gateway_B_25.csv,,
2026-04-19 15:13:19,gateway,gateway_B,gatewayB,25,local_train,15,30,0.8999999761581421,0.1778247505426406,30.0,RN_NO_ASCON,RN,plain,25,model_metrics_gateway_gateway_B_25.csv,,
2026-04-19 15:14:08,gateway,gateway_B,gatewayB,25,local_train,16,30,0.9666666388511658,0.1699703484773636,30.0,RN_NO_ASCON,RN,plain,25,model_metrics_gateway_gateway_B_25.csv,,
2026-04-19 15:14:59,gateway,gateway_B,gatewayB,25,local_train,17,30,0.9666666388511658,0.0723202526569366,30.0,RN_NO_ASCON,RN,plain,25,model_metrics_gateway_gateway_B_25.csv,,
2026-04-19 15:15:48,gateway,gateway_B,gatewayB,25,local_train,18,30,0.8333333134651184,0.2285472601652145,30.0,RN_NO_ASCON,RN,plain,25,model_metrics_gateway_gateway_B_25.csv,,
2026-04-19 15:16:39,gateway,gateway_B,gatewayB,25,local_train,19,30,0.9333333373069764,0.2564185857772827,30.0,RN_NO_ASCON,RN,plain,25,model_metrics_gateway_gateway_B_25.csv,,
2026-04-19 15:19:44,gateway,gateway_A,raspberrypi,26,local_train,0,30,0.7666666507720947,1.0310903787612915,30.0,RN_NO_ASCON,RN,plain,26,model_metrics_gateway_gateway_A_26.csv,,
2026-04-19 15:20:28,gateway,gateway_A,raspberrypi,26,local_train,1,30,1.0,0.0614828653633594,30.0,RN_NO_ASCON,RN,plain,26,model_metrics_gateway_gateway_A_26.csv,,
2026-04-19 15:21:18,gateway,gateway_A,raspberrypi,26,local_train,2,30,0.9666666388511658,0.070593275129795,30.0,RN_NO_ASCON,RN,plain,26,model_metrics_gateway_gateway_A_26.csv,,
2026-04-19 15:22:08,gateway,gateway_A,raspberrypi,26,local_train,3,30,1.0,0.0155278593301773,30.0,RN_NO_ASCON,RN,plain,26,model_metrics_gateway_gateway_A_26.csv,,
2026-04-19 15:23:06,gateway,gateway_A,raspberrypi,26,local_train,4,30,1.0,0.0187551062554121,30.0,RN_NO_ASCON,RN,plain,26,model_metrics_gateway_gateway_A_26.csv,,
2026-04-19 15:23:58,gateway,gateway_A,raspberrypi,26,local_train,5,30,0.9333333373069764,0.3327309787273407,30.0,RN_NO_ASCON,RN,plain,26,model_metrics_gateway_gateway_A_26.csv,,
2026-04-19 15:24:48,gateway,gateway_A,raspberrypi,26,local_train,6,30,0.8999999761581421,0.4512186050415039,30.0,RN_NO_ASCON,RN,plain,26,model_metrics_gateway_gateway_A_26.csv,,
2026-04-19 15:25:38,gateway,gateway_A,raspberrypi,26,local_train,7,30,0.800000011920929,0.4225383102893829,30.0,RN_NO_ASCON,RN,plain,26,model_metrics_gateway_gateway_A_26.csv,,
2026-04-19 15:26:28,gateway,gateway_A,raspberrypi,26,local_train,8,30,0.8999999761581421,0.347266674041748,30.0,RN_NO_ASCON,RN,plain,26,model_metrics_gateway_gateway_A_26.csv,,
2026-04-19 15:27:18,gateway,gateway_A,raspberrypi,26,local_train,9,30,0.8666666746139526,0.3261821866035461,30.0,RN_NO_ASCON,RN,plain,26,model_metrics_gateway_gateway_A_26.csv,,
2026-04-19 15:28:08,gateway,gateway_A,raspberrypi,26,local_train,10,30,0.8666666746139526,0.3255743086338043,30.0,RN_NO_ASCON,RN,plain,26,model_metrics_gateway_gateway_A_26.csv,,
2026-04-19 15:28:58,gateway,gateway_A,raspberrypi,26,local_train,11,30,0.7666666507720947,0.5770820379257202,30.0,RN_NO_ASCON,RN,plain,26,model_metrics_gateway_gateway_A_26.csv,,
2026-04-19 15:29:48,gateway,gateway_A,raspberrypi,26,local_train,12,30,0.8999999761581421,0.1917694360017776,30.0,RN_NO_ASCON,RN,plain,26,model_metrics_gateway_gateway_A_26.csv,,
2026-04-19 15:30:39,gateway,gateway_A,raspberrypi,26,local_train,13,30,0.8666666746139526,0.247550755739212,30.0,RN_NO_ASCON,RN,plain,26,model_metrics_gateway_gateway_A_26.csv,,
2026-04-19 15:31:28,gateway,gateway_A,raspberrypi,26,local_train,14,30,0.8999999761581421,0.356250137090683,30.0,RN_NO_ASCON,RN,plain,26,model_metrics_gateway_gateway_A_26.csv,,
2026-04-19 15:32:18,gateway,gateway_A,raspberrypi,26,local_train,15,30,0.8999999761581421,0.2941484749317169,30.0,RN_NO_ASCON,RN,plain,26,model_metrics_gateway_gateway_A_26.csv,,
2026-04-19 15:33:08,gateway,gateway_A,raspberrypi,26,local_train,16,30,0.8999999761581421,0.2730675041675567,30.0,RN_NO_ASCON,RN,plain,26,model_metrics_gateway_gateway_A_26.csv,,
2026-04-19 15:33:59,gateway,gateway_A,raspberrypi,26,local_train,17,30,0.9333333373069764,0.1698959320783615,30.0,RN_NO_ASCON,RN,plain,26,model_metrics_gateway_gateway_A_26.csv,,
2026-04-19 15:34:49,gateway,gateway_A,raspberrypi,26,local_train,18,30,0.8999999761581421,0.3763254582881927,30.0,RN_NO_ASCON,RN,plain,26,model_metrics_gateway_gateway_A_26.csv,,
2026-04-19 15:35:38,gateway,gateway_A,raspberrypi,26,local_train,19,30,0.8999999761581421,0.2178910672664642,30.0,RN_NO_ASCON,RN,plain,26,model_metrics_gateway_gateway_A_26.csv,,
2026-04-19 15:19:45,gateway,gateway_B,gatewayB,26,local_train,0,30,0.699999988079071,0.8721744418144226,30.0,RN_NO_ASCON,RN,plain,26,model_metrics_gateway_gateway_B_26.csv,,
2026-04-19 15:20:29,gateway,gateway_B,gatewayB,26,local_train,1,30,1.0,0.1023884117603302,30.0,RN_NO_ASCON,RN,plain,26,model_metrics_gateway_gateway_B_26.csv,,
2026-04-19 15:21:19,gateway,gateway_B,gatewayB,26,local_train,2,30,0.9666666388511658,0.1950124651193618,30.0,RN_NO_ASCON,RN,plain,26,model_metrics_gateway_gateway_B_26.csv,,
2026-04-19 15:22:08,gateway,gateway_B,gatewayB,26,local_train,3,30,1.0,0.0451804995536804,30.0,RN_NO_ASCON,RN,plain,26,model_metrics_gateway_gateway_B_26.csv,,
2026-04-19 15:23:04,gateway,gateway_B,gatewayB,26,local_train,4,30,1.0,0.0138847399502992,30.0,RN_NO_ASCON,RN,plain,26,model_metrics_gateway_gateway_B_26.csv,,
2026-04-19 15:23:58,gateway,gateway_B,gatewayB,26,local_train,5,30,0.8999999761581421,0.2740689218044281,30.0,RN_NO_ASCON,RN,plain,26,model_metrics_gateway_gateway_B_26.csv,,
2026-04-19 15:24:48,gateway,gateway_B,gatewayB,26,local_train,6,30,0.800000011920929,0.492759108543396,30.0,RN_NO_ASCON,RN,plain,26,model_metrics_gateway_gateway_B_26.csv,,
2026-04-19 15:25:38,gateway,gateway_B,gatewayB,26,local_train,7,30,0.8666666746139526,0.4340160489082336,30.0,RN_NO_ASCON,RN,plain,26,model_metrics_gateway_gateway_B_26.csv,,
2026-04-19 15:26:29,gateway,gateway_B,gatewayB,26,local_train,8,30,0.800000011920929,0.3781009018421173,30.0,RN_NO_ASCON,RN,plain,26,model_metrics_gateway_gateway_B_26.csv,,
2026-04-19 15:27:19,gateway,gateway_B,gatewayB,26,local_train,9,30,0.800000011920929,0.4125317335128784,30.0,RN_NO_ASCON,RN,plain,26,model_metrics_gateway_gateway_B_26.csv,,
2026-04-19 15:28:08,gateway,gateway_B,gatewayB,26,local_train,10,30,0.8999999761581421,0.2558338344097137,30.0,RN_NO_ASCON,RN,plain,26,model_metrics_gateway_gateway_B_26.csv,,
2026-04-19 15:28:58,gateway,gateway_B,gatewayB,26,local_train,11,30,0.8666666746139526,0.2920345067977905,30.0,RN_NO_ASCON,RN,plain,26,model_metrics_gateway_gateway_B_26.csv,,
2026-04-19 15:29:48,gateway,gateway_B,gatewayB,26,local_train,12,30,0.9333333373069764,0.1528559327125549,30.0,RN_NO_ASCON,RN,plain,26,model_metrics_gateway_gateway_B_26.csv,,
2026-04-19 15:30:39,gateway,gateway_B,gatewayB,26,local_train,13,30,0.9666666388511658,0.0948609411716461,30.0,RN_NO_ASCON,RN,plain,26,model_metrics_gateway_gateway_B_26.csv,,
2026-04-19 15:31:28,gateway,gateway_B,gatewayB,26,local_train,14,30,0.8333333134651184,0.3930582702159881,30.0,RN_NO_ASCON,RN,plain,26,model_metrics_gateway_gateway_B_26.csv,,
2026-04-19 15:32:18,gateway,gateway_B,gatewayB,26,local_train,15,30,1.0,0.042961087077856,30.0,RN_NO_ASCON,RN,plain,26,model_metrics_gateway_gateway_B_26.csv,,
2026-04-19 15:33:09,gateway,gateway_B,gatewayB,26,local_train,16,30,0.9333333373069764,0.1127006560564041,30.0,RN_NO_ASCON,RN,plain,26,model_metrics_gateway_gateway_B_26.csv,,
2026-04-19 15:33:58,gateway,gateway_B,gatewayB,26,local_train,17,30,0.9666666388511658,0.1953054815530777,30.0,RN_NO_ASCON,RN,plain,26,model_metrics_gateway_gateway_B_26.csv,,
2026-04-19 15:34:48,gateway,gateway_B,gatewayB,26,local_train,18,30,0.8999999761581421,0.2098397314548492,30.0,RN_NO_ASCON,RN,plain,26,model_metrics_gateway_gateway_B_26.csv,,
2026-04-19 15:35:39,gateway,gateway_B,gatewayB,26,local_train,19,30,0.9666666388511658,0.0601866096258163,30.0,RN_NO_ASCON,RN,plain,26,model_metrics_gateway_gateway_B_26.csv,,
2026-04-19 15:38:15,gateway,gateway_A,raspberrypi,27,local_train,0,30,0.7333333492279053,0.650012195110321,30.0,RN_NO_ASCON,RN,plain,27,model_metrics_gateway_gateway_A_27.csv,,
2026-04-19 15:38:59,gateway,gateway_A,raspberrypi,27,local_train,1,30,0.9333333373069764,0.1015645042061805,30.0,RN_NO_ASCON,RN,plain,27,model_metrics_gateway_gateway_A_27.csv,,
2026-04-19 15:39:49,gateway,gateway_A,raspberrypi,27,local_train,2,30,1.0,0.0344692803919315,30.0,RN_NO_ASCON,RN,plain,27,model_metrics_gateway_gateway_A_27.csv,,
2026-04-19 15:40:39,gateway,gateway_A,raspberrypi,27,local_train,3,30,1.0,0.0148513037711381,30.0,RN_NO_ASCON,RN,plain,27,model_metrics_gateway_gateway_A_27.csv,,
2026-04-19 15:41:33,gateway,gateway_A,raspberrypi,27,local_train,4,30,1.0,0.0126074701547622,30.0,RN_NO_ASCON,RN,plain,27,model_metrics_gateway_gateway_A_27.csv,,
2026-04-19 15:42:28,gateway,gateway_A,raspberrypi,27,local_train,5,30,0.8333333134651184,0.4158031344413757,30.0,RN_NO_ASCON,RN,plain,27,model_metrics_gateway_gateway_A_27.csv,,
2026-04-19 15:43:18,gateway,gateway_A,raspberrypi,27,local_train,6,30,0.7333333492279053,0.4775247573852539,30.0,RN_NO_ASCON,RN,plain,27,model_metrics_gateway_gateway_A_27.csv,,
2026-04-19 15:44:09,gateway,gateway_A,raspberrypi,27,local_train,7,30,0.8333333134651184,0.2624834477901459,30.0,RN_NO_ASCON,RN,plain,27,model_metrics_gateway_gateway_A_27.csv,,
2026-04-19 15:44:58,gateway,gateway_A,raspberrypi,27,local_train,8,30,0.699999988079071,0.503560483455658,30.0,RN_NO_ASCON,RN,plain,27,model_metrics_gateway_gateway_A_27.csv,,
2026-04-19 15:45:48,gateway,gateway_A,raspberrypi,27,local_train,9,30,0.9666666388511658,0.2010529935359954,30.0,RN_NO_ASCON,RN,plain,27,model_metrics_gateway_gateway_A_27.csv,,
2026-04-19 15:46:38,gateway,gateway_A,raspberrypi,27,local_train,10,30,0.9333333373069764,0.2499269545078277,30.0,RN_NO_ASCON,RN,plain,27,model_metrics_gateway_gateway_A_27.csv,,
2026-04-19 15:47:28,gateway,gateway_A,raspberrypi,27,local_train,11,30,0.8999999761581421,0.2364537566900253,30.0,RN_NO_ASCON,RN,plain,27,model_metrics_gateway_gateway_A_27.csv,,
2026-04-19 15:48:18,gateway,gateway_A,raspberrypi,27,local_train,12,30,1.0,0.1018395945429802,30.0,RN_NO_ASCON,RN,plain,27,model_metrics_gateway_gateway_A_27.csv,,
2026-04-19 15:49:08,gateway,gateway_A,raspberrypi,27,local_train,13,30,0.9666666388511658,0.1357665508985519,30.0,RN_NO_ASCON,RN,plain,27,model_metrics_gateway_gateway_A_27.csv,,
2026-04-19 15:49:58,gateway,gateway_A,raspberrypi,27,local_train,14,30,1.0,0.0337261147797107,30.0,RN_NO_ASCON,RN,plain,27,model_metrics_gateway_gateway_A_27.csv,,
2026-04-19 15:50:49,gateway,gateway_A,raspberrypi,27,local_train,15,30,0.8666666746139526,0.3240525424480438,30.0,RN_NO_ASCON,RN,plain,27,model_metrics_gateway_gateway_A_27.csv,,
2026-04-19 15:51:38,gateway,gateway_A,raspberrypi,27,local_train,16,30,0.8999999761581421,0.1747436672449112,30.0,RN_NO_ASCON,RN,plain,27,model_metrics_gateway_gateway_A_27.csv,,
2026-04-19 15:52:29,gateway,gateway_A,raspberrypi,27,local_train,17,30,0.8999999761581421,0.2114536613225937,30.0,RN_NO_ASCON,RN,plain,27,model_metrics_gateway_gateway_A_27.csv,,
2026-04-19 15:53:18,gateway,gateway_A,raspberrypi,27,local_train,18,30,1.0,0.0835784450173378,30.0,RN_NO_ASCON,RN,plain,27,model_metrics_gateway_gateway_A_27.csv,,
2026-04-19 15:54:08,gateway,gateway_A,raspberrypi,27,local_train,19,30,0.9333333373069764,0.1299424320459365,30.0,RN_NO_ASCON,RN,plain,27,model_metrics_gateway_gateway_A_27.csv,,
2026-04-19 15:38:15,gateway,gateway_B,gatewayB,27,local_train,0,30,0.6333333253860474,0.6103499531745911,30.0,RN_NO_ASCON,RN,plain,27,model_metrics_gateway_gateway_B_27.csv,,
2026-04-19 15:38:59,gateway,gateway_B,gatewayB,27,local_train,1,30,1.0,0.0765174776315689,30.0,RN_NO_ASCON,RN,plain,27,model_metrics_gateway_gateway_B_27.csv,,
2026-04-19 15:39:49,gateway,gateway_B,gatewayB,27,local_train,2,30,0.9333333373069764,0.1566520780324936,30.0,RN_NO_ASCON,RN,plain,27,model_metrics_gateway_gateway_B_27.csv,,
2026-04-19 15:40:39,gateway,gateway_B,gatewayB,27,local_train,3,30,1.0,0.0189312640577554,30.0,RN_NO_ASCON,RN,plain,27,model_metrics_gateway_gateway_B_27.csv,,
2026-04-19 15:41:29,gateway,gateway_B,gatewayB,27,local_train,4,30,1.0,0.0241934396326541,30.0,RN_NO_ASCON,RN,plain,27,model_metrics_gateway_gateway_B_27.csv,,
2026-04-19 15:42:28,gateway,gateway_B,gatewayB,27,local_train,5,30,0.8999999761581421,0.2207928150892257,30.0,RN_NO_ASCON,RN,plain,27,model_metrics_gateway_gateway_B_27.csv,,
2026-04-19 15:43:18,gateway,gateway_B,gatewayB,27,local_train,6,30,0.800000011920929,0.5532532930374146,30.0,RN_NO_ASCON,RN,plain,27,model_metrics_gateway_gateway_B_27.csv,,
2026-04-19 15:44:08,gateway,gateway_B,gatewayB,27,local_train,7,30,0.7666666507720947,0.3767512738704681,30.0,RN_NO_ASCON,RN,plain,27,model_metrics_gateway_gateway_B_27.csv,,
2026-04-19 15:44:58,gateway,gateway_B,gatewayB,27,local_train,8,30,0.8666666746139526,0.3427375257015228,30.0,RN_NO_ASCON,RN,plain,27,model_metrics_gateway_gateway_B_27.csv,,
2026-04-19 15:45:49,gateway,gateway_B,gatewayB,27,local_train,9,30,0.8333333134651184,0.3199272453784942,30.0,RN_NO_ASCON,RN,plain,27,model_metrics_gateway_gateway_B_27.csv,,
2026-04-19 15:46:38,gateway,gateway_B,gatewayB,27,local_train,10,30,0.8666666746139526,0.2949348390102386,30.0,RN_NO_ASCON,RN,plain,27,model_metrics_gateway_gateway_B_27.csv,,
2026-04-19 15:47:28,gateway,gateway_B,gatewayB,27,local_train,11,30,0.7666666507720947,0.4002487957477569,30.0,RN_NO_ASCON,RN,plain,27,model_metrics_gateway_gateway_B_27.csv,,
2026-04-19 15:48:19,gateway,gateway_B,gatewayB,27,local_train,12,30,0.800000011920929,0.4178581833839416,30.0,RN_NO_ASCON,RN,plain,27,model_metrics_gateway_gateway_B_27.csv,,
2026-04-19 15:49:09,gateway,gateway_B,gatewayB,27,local_train,13,30,0.8999999761581421,0.2022469639778137,30.0,RN_NO_ASCON,RN,plain,27,model_metrics_gateway_gateway_B_27.csv,,
2026-04-19 15:49:59,gateway,gateway_B,gatewayB,27,local_train,14,30,0.8999999761581421,0.2251419425010681,30.0,RN_NO_ASCON,RN,plain,27,model_metrics_gateway_gateway_B_27.csv,,
2026-04-19 15:50:49,gateway,gateway_B,gatewayB,27,local_train,15,30,0.9666666388511658,0.0733730494976043,30.0,RN_NO_ASCON,RN,plain,27,model_metrics_gateway_gateway_B_27.csv,,
2026-04-19 15:51:39,gateway,gateway_B,gatewayB,27,local_train,16,30,0.9333333373069764,0.167166456580162,30.0,RN_NO_ASCON,RN,plain,27,model_metrics_gateway_gateway_B_27.csv,,
2026-04-19 15:52:28,gateway,gateway_B,gatewayB,27,local_train,17,30,0.8333333134651184,0.4717053771018982,30.0,RN_NO_ASCON,RN,plain,27,model_metrics_gateway_gateway_B_27.csv,,
2026-04-19 15:53:19,gateway,gateway_B,gatewayB,27,local_train,18,30,0.9666666388511658,0.1347129940986633,30.0,RN_NO_ASCON,RN,plain,27,model_metrics_gateway_gateway_B_27.csv,,
2026-04-19 15:54:08,gateway,gateway_B,gatewayB,27,local_train,19,30,0.9333333373069764,0.1652759760618209,30.0,RN_NO_ASCON,RN,plain,27,model_metrics_gateway_gateway_B_27.csv,,
2026-04-19 15:58:09,gateway,gateway_A,raspberrypi,28,local_train,0,30,0.6666666865348816,0.8748396039009094,30.0,RN_NO_ASCON,RN,plain,28,model_metrics_gateway_gateway_A_28.csv,,
2026-04-19 15:58:53,gateway,gateway_A,raspberrypi,28,local_train,1,30,0.9666666388511658,0.1189444884657859,30.0,RN_NO_ASCON,RN,plain,28,model_metrics_gateway_gateway_A_28.csv,,
2026-04-19 15:59:43,gateway,gateway_A,raspberrypi,28,local_train,2,30,1.0,0.035151183605194,30.0,RN_NO_ASCON,RN,plain,28,model_metrics_gateway_gateway_A_28.csv,,
2026-04-19 16:00:33,gateway,gateway_A,raspberrypi,28,local_train,3,30,1.0,0.0229670666158199,30.0,RN_NO_ASCON,RN,plain,28,model_metrics_gateway_gateway_A_28.csv,,
2026-04-19 16:01:23,gateway,gateway_A,raspberrypi,28,local_train,4,30,1.0,0.0106383357197046,30.0,RN_NO_ASCON,RN,plain,28,model_metrics_gateway_gateway_A_28.csv,,
2026-04-19 16:02:22,gateway,gateway_A,raspberrypi,28,local_train,5,30,0.9333333373069764,0.4709640145301819,30.0,RN_NO_ASCON,RN,plain,28,model_metrics_gateway_gateway_A_28.csv,,
2026-04-19 16:03:12,gateway,gateway_A,raspberrypi,28,local_train,6,30,0.8999999761581421,0.4459083676338196,30.0,RN_NO_ASCON,RN,plain,28,model_metrics_gateway_gateway_A_28.csv,,
2026-04-19 16:04:02,gateway,gateway_A,raspberrypi,28,local_train,7,30,0.9333333373069764,0.1972197145223617,30.0,RN_NO_ASCON,RN,plain,28,model_metrics_gateway_gateway_A_28.csv,,
2026-04-19 16:04:52,gateway,gateway_A,raspberrypi,28,local_train,8,30,0.8333333134651184,0.2918393313884735,30.0,RN_NO_ASCON,RN,plain,28,model_metrics_gateway_gateway_A_28.csv,,
2026-04-19 16:05:42,gateway,gateway_A,raspberrypi,28,local_train,9,30,0.800000011920929,0.3542954623699188,30.0,RN_NO_ASCON,RN,plain,28,model_metrics_gateway_gateway_A_28.csv,,
2026-04-19 16:06:32,gateway,gateway_A,raspberrypi,28,local_train,10,30,0.9333333373069764,0.143556073307991,30.0,RN_NO_ASCON,RN,plain,28,model_metrics_gateway_gateway_A_28.csv,,
2026-04-19 16:07:22,gateway,gateway_A,raspberrypi,28,local_train,11,30,0.9333333373069764,0.1897144615650177,30.0,RN_NO_ASCON,RN,plain,28,model_metrics_gateway_gateway_A_28.csv,,
2026-04-19 16:08:12,gateway,gateway_A,raspberrypi,28,local_train,12,30,0.9333333373069764,0.1349115073680877,30.0,RN_NO_ASCON,RN,plain,28,model_metrics_gateway_gateway_A_28.csv,,
2026-04-19 16:09:02,gateway,gateway_A,raspberrypi,28,local_train,13,30,0.9333333373069764,0.2295389473438263,30.0,RN_NO_ASCON,RN,plain,28,model_metrics_gateway_gateway_A_28.csv,,
2026-04-19 16:09:52,gateway,gateway_A,raspberrypi,28,local_train,14,30,0.8666666746139526,0.3374584019184112,30.0,RN_NO_ASCON,RN,plain,28,model_metrics_gateway_gateway_A_28.csv,,
2026-04-19 16:10:42,gateway,gateway_A,raspberrypi,28,local_train,15,30,0.7666666507720947,0.4885302782058716,30.0,RN_NO_ASCON,RN,plain,28,model_metrics_gateway_gateway_A_28.csv,,
2026-04-19 16:11:32,gateway,gateway_A,raspberrypi,28,local_train,16,30,0.9666666388511658,0.1918032169342041,30.0,RN_NO_ASCON,RN,plain,28,model_metrics_gateway_gateway_A_28.csv,,
2026-04-19 16:12:22,gateway,gateway_A,raspberrypi,28,local_train,17,30,0.8666666746139526,0.2722495496273041,30.0,RN_NO_ASCON,RN,plain,28,model_metrics_gateway_gateway_A_28.csv,,
2026-04-19 16:13:12,gateway,gateway_A,raspberrypi,28,local_train,18,30,0.8333333134651184,0.3492632806301117,30.0,RN_NO_ASCON,RN,plain,28,model_metrics_gateway_gateway_A_28.csv,,
2026-04-19 16:14:02,gateway,gateway_A,raspberrypi,28,local_train,19,30,0.9333333373069764,0.1387835443019867,30.0,RN_NO_ASCON,RN,plain,28,model_metrics_gateway_gateway_A_28.csv,,
2026-04-19 15:58:10,gateway,gateway_B,gatewayB,28,local_train,0,30,0.6666666865348816,0.7621608972549438,30.0,RN_NO_ASCON,RN,plain,28,model_metrics_gateway_gateway_B_28.csv,,
2026-04-19 15:58:54,gateway,gateway_B,gatewayB,28,local_train,1,30,1.0,0.1236090660095214,30.0,RN_NO_ASCON,RN,plain,28,model_metrics_gateway_gateway_B_28.csv,,
2026-04-19 15:59:44,gateway,gateway_B,gatewayB,28,local_train,2,30,1.0,0.0404660515487194,30.0,RN_NO_ASCON,RN,plain,28,model_metrics_gateway_gateway_B_28.csv,,
2026-04-19 16:00:34,gateway,gateway_B,gatewayB,28,local_train,3,30,1.0,0.0235809925943613,30.0,RN_NO_ASCON,RN,plain,28,model_metrics_gateway_gateway_B_28.csv,,
2026-04-19 16:01:24,gateway,gateway_B,gatewayB,28,local_train,4,30,1.0,0.0365797467529773,30.0,RN_NO_ASCON,RN,plain,28,model_metrics_gateway_gateway_B_28.csv,,
2026-04-19 16:02:25,gateway,gateway_B,gatewayB,28,local_train,5,30,0.9666666388511658,0.0839479640126228,30.0,RN_NO_ASCON,RN,plain,28,model_metrics_gateway_gateway_B_28.csv,,
2026-04-19 16:03:14,gateway,gateway_B,gatewayB,28,local_train,6,30,0.8333333134651184,0.5098288059234619,30.0,RN_NO_ASCON,RN,plain,28,model_metrics_gateway_gateway_B_28.csv,,
2026-04-19 16:04:04,gateway,gateway_B,gatewayB,28,local_train,7,30,0.8999999761581421,0.4586228728294372,30.0,RN_NO_ASCON,RN,plain,28,model_metrics_gateway_gateway_B_28.csv,,
2026-04-19 16:04:54,gateway,gateway_B,gatewayB,28,local_train,8,30,0.8333333134651184,0.4811200201511383,30.0,RN_NO_ASCON,RN,plain,28,model_metrics_gateway_gateway_B_28.csv,,
2026-04-19 16:05:44,gateway,gateway_B,gatewayB,28,local_train,9,30,0.8999999761581421,0.3344241082668304,30.0,RN_NO_ASCON,RN,plain,28,model_metrics_gateway_gateway_B_28.csv,,
2026-04-19 16:06:34,gateway,gateway_B,gatewayB,28,local_train,10,30,0.8666666746139526,0.488324224948883,30.0,RN_NO_ASCON,RN,plain,28,model_metrics_gateway_gateway_B_28.csv,,
2026-04-19 16:07:24,gateway,gateway_B,gatewayB,28,local_train,11,30,0.9333333373069764,0.2080597281455993,30.0,RN_NO_ASCON,RN,plain,28,model_metrics_gateway_gateway_B_28.csv,,
2026-04-19 16:08:14,gateway,gateway_B,gatewayB,28,local_train,12,30,0.8666666746139526,0.234973669052124,30.0,RN_NO_ASCON,RN,plain,28,model_metrics_gateway_gateway_B_28.csv,,
2026-04-19 16:09:04,gateway,gateway_B,gatewayB,28,local_train,13,30,0.8999999761581421,0.2864063084125519,30.0,RN_NO_ASCON,RN,plain,28,model_metrics_gateway_gateway_B_28.csv,,
2026-04-19 16:09:54,gateway,gateway_B,gatewayB,28,local_train,14,30,1.0,0.0527690462768077,30.0,RN_NO_ASCON,RN,plain,28,model_metrics_gateway_gateway_B_28.csv,,
2026-04-19 16:10:44,gateway,gateway_B,gatewayB,28,local_train,15,30,0.9666666388511658,0.1232733055949211,30.0,RN_NO_ASCON,RN,plain,28,model_metrics_gateway_gateway_B_28.csv,,
2026-04-19 16:11:34,gateway,gateway_B,gatewayB,28,local_train,16,30,0.9666666388511658,0.1699645370244979,30.0,RN_NO_ASCON,RN,plain,28,model_metrics_gateway_gateway_B_28.csv,,
2026-04-19 16:12:24,gateway,gateway_B,gatewayB,28,local_train,17,30,0.8999999761581421,0.3526327013969421,30.0,RN_NO_ASCON,RN,plain,28,model_metrics_gateway_gateway_B_28.csv,,
2026-04-19 16:13:14,gateway,gateway_B,gatewayB,28,local_train,18,30,0.9333333373069764,0.1371102035045623,30.0,RN_NO_ASCON,RN,plain,28,model_metrics_gateway_gateway_B_28.csv,,
2026-04-19 16:14:04,gateway,gateway_B,gatewayB,28,local_train,19,30,0.8333333134651184,0.3406373858451843,30.0,RN_NO_ASCON,RN,plain,28,model_metrics_gateway_gateway_B_28.csv,,
2026-04-19 16:21:22,gateway,gateway_A,raspberrypi,29,local_train,0,30,0.6333333253860474,1.3013054132461548,30.0,RN_NO_ASCON,RN,plain,29,model_metrics_gateway_gateway_A_29.csv,,
2026-04-19 16:22:06,gateway,gateway_A,raspberrypi,29,local_train,1,30,0.6000000238418579,0.9165041446685792,30.0,RN_NO_ASCON,RN,plain,29,model_metrics_gateway_gateway_A_29.csv,,
2026-04-19 16:22:56,gateway,gateway_A,raspberrypi,29,local_train,2,30,0.8333333134651184,0.2998893857002258,30.0,RN_NO_ASCON,RN,plain,29,model_metrics_gateway_gateway_A_29.csv,,
2026-04-19 16:23:47,gateway,gateway_A,raspberrypi,29,local_train,3,30,0.9333333373069764,0.19371098279953,30.0,RN_NO_ASCON,RN,plain,29,model_metrics_gateway_gateway_A_29.csv,,
2026-04-19 16:24:36,gateway,gateway_A,raspberrypi,29,local_train,4,30,0.800000011920929,0.524971604347229,30.0,RN_NO_ASCON,RN,plain,29,model_metrics_gateway_gateway_A_29.csv,,
2026-04-19 16:25:26,gateway,gateway_A,raspberrypi,29,local_train,5,30,0.9333333373069764,0.3084989190101623,30.0,RN_NO_ASCON,RN,plain,29,model_metrics_gateway_gateway_A_29.csv,,
2026-04-19 16:26:16,gateway,gateway_A,raspberrypi,29,local_train,6,30,0.9333333373069764,0.1682877391576767,30.0,RN_NO_ASCON,RN,plain,29,model_metrics_gateway_gateway_A_29.csv,,
2026-04-19 16:27:06,gateway,gateway_A,raspberrypi,29,local_train,7,30,0.8999999761581421,0.2355871051549911,30.0,RN_NO_ASCON,RN,plain,29,model_metrics_gateway_gateway_A_29.csv,,
2026-04-19 16:27:56,gateway,gateway_A,raspberrypi,29,local_train,8,30,0.9333333373069764,0.2984216511249542,30.0,RN_NO_ASCON,RN,plain,29,model_metrics_gateway_gateway_A_29.csv,,
2026-04-19 16:28:46,gateway,gateway_A,raspberrypi,29,local_train,9,30,0.8999999761581421,0.2881326079368591,30.0,RN_NO_ASCON,RN,plain,29,model_metrics_gateway_gateway_A_29.csv,,
2026-04-19 16:29:36,gateway,gateway_A,raspberrypi,29,local_train,10,30,0.8666666746139526,0.3269229829311371,30.0,RN_NO_ASCON,RN,plain,29,model_metrics_gateway_gateway_A_29.csv,,
2026-04-19 16:30:26,gateway,gateway_A,raspberrypi,29,local_train,11,30,0.8666666746139526,0.3676022887229919,30.0,RN_NO_ASCON,RN,plain,29,model_metrics_gateway_gateway_A_29.csv,,
2026-04-19 16:31:16,gateway,gateway_A,raspberrypi,29,local_train,12,30,0.8999999761581421,0.2818942964076996,30.0,RN_NO_ASCON,RN,plain,29,model_metrics_gateway_gateway_A_29.csv,,
2026-04-19 16:32:06,gateway,gateway_A,raspberrypi,29,local_train,13,30,0.800000011920929,0.5808821320533752,30.0,RN_NO_ASCON,RN,plain,29,model_metrics_gateway_gateway_A_29.csv,,
2026-04-19 16:32:56,gateway,gateway_A,raspberrypi,29,local_train,14,30,0.800000011920929,0.5217865109443665,30.0,RN_NO_ASCON,RN,plain,29,model_metrics_gateway_gateway_A_29.csv,,
2026-04-19 16:33:46,gateway,gateway_A,raspberrypi,29,local_train,15,30,0.8666666746139526,0.1710671633481979,30.0,RN_NO_ASCON,RN,plain,29,model_metrics_gateway_gateway_A_29.csv,,
2026-04-19 16:34:36,gateway,gateway_A,raspberrypi,29,local_train,16,30,1.0,0.1186286285519599,30.0,RN_NO_ASCON,RN,plain,29,model_metrics_gateway_gateway_A_29.csv,,
2026-04-19 16:35:26,gateway,gateway_A,raspberrypi,29,local_train,17,30,1.0,0.041761290282011,30.0,RN_NO_ASCON,RN,plain,29,model_metrics_gateway_gateway_A_29.csv,,
2026-04-19 16:36:16,gateway,gateway_A,raspberrypi,29,local_train,18,30,0.9333333373069764,0.147371307015419,30.0,RN_NO_ASCON,RN,plain,29,model_metrics_gateway_gateway_A_29.csv,,
2026-04-19 16:37:07,gateway,gateway_A,raspberrypi,29,local_train,19,30,0.9333333373069764,0.1861491501331329,30.0,RN_NO_ASCON,RN,plain,29,model_metrics_gateway_gateway_A_29.csv,,
2026-04-19 16:21:21,gateway,gateway_B,gatewayB,29,local_train,0,30,0.5666666626930237,0.9675589203834534,30.0,RN_NO_ASCON,RN,plain,29,model_metrics_gateway_gateway_B_29.csv,,
2026-04-19 16:22:05,gateway,gateway_B,gatewayB,29,local_train,1,30,0.6666666865348816,0.8203288912773132,30.0,RN_NO_ASCON,RN,plain,29,model_metrics_gateway_gateway_B_29.csv,,
2026-04-19 16:22:55,gateway,gateway_B,gatewayB,29,local_train,2,30,0.699999988079071,0.9481948614120485,30.0,RN_NO_ASCON,RN,plain,29,model_metrics_gateway_gateway_B_29.csv,,
2026-04-19 16:23:45,gateway,gateway_B,gatewayB,29,local_train,3,30,0.800000011920929,0.3425790965557098,30.0,RN_NO_ASCON,RN,plain,29,model_metrics_gateway_gateway_B_29.csv,,
2026-04-19 16:24:35,gateway,gateway_B,gatewayB,29,local_train,4,30,0.7333333492279053,0.4473688900470733,30.0,RN_NO_ASCON,RN,plain,29,model_metrics_gateway_gateway_B_29.csv,,
2026-04-19 16:25:25,gateway,gateway_B,gatewayB,29,local_train,5,30,0.8999999761581421,0.2794202268123626,30.0,RN_NO_ASCON,RN,plain,29,model_metrics_gateway_gateway_B_29.csv,,
2026-04-19 16:26:15,gateway,gateway_B,gatewayB,29,local_train,6,30,0.8999999761581421,0.2403567433357238,30.0,RN_NO_ASCON,RN,plain,29,model_metrics_gateway_gateway_B_29.csv,,
2026-04-19 16:27:05,gateway,gateway_B,gatewayB,29,local_train,7,30,0.9333333373069764,0.217982605099678,30.0,RN_NO_ASCON,RN,plain,29,model_metrics_gateway_gateway_B_29.csv,,
2026-04-19 16:27:55,gateway,gateway_B,gatewayB,29,local_train,8,30,0.8999999761581421,0.2674774825572967,30.0,RN_NO_ASCON,RN,plain,29,model_metrics_gateway_gateway_B_29.csv,,
2026-04-19 16:28:45,gateway,gateway_B,gatewayB,29,local_train,9,30,0.8999999761581421,0.1430569142103195,30.0,RN_NO_ASCON,RN,plain,29,model_metrics_gateway_gateway_B_29.csv,,
2026-04-19 16:29:35,gateway,gateway_B,gatewayB,29,local_train,10,30,0.9333333373069764,0.2022222727537155,30.0,RN_NO_ASCON,RN,plain,29,model_metrics_gateway_gateway_B_29.csv,,
2026-04-19 16:30:25,gateway,gateway_B,gatewayB,29,local_train,11,30,1.0,0.128269761800766,30.0,RN_NO_ASCON,RN,plain,29,model_metrics_gateway_gateway_B_29.csv,,
2026-04-19 16:31:15,gateway,gateway_B,gatewayB,29,local_train,12,30,0.9333333373069764,0.3296397030353546,30.0,RN_NO_ASCON,RN,plain,29,model_metrics_gateway_gateway_B_29.csv,,
2026-04-19 16:32:05,gateway,gateway_B,gatewayB,29,local_train,13,30,1.0,0.0655378550291061,30.0,RN_NO_ASCON,RN,plain,29,model_metrics_gateway_gateway_B_29.csv,,
2026-04-19 16:32:55,gateway,gateway_B,gatewayB,29,local_train,14,30,0.8999999761581421,0.3535162508487701,30.0,RN_NO_ASCON,RN,plain,29,model_metrics_gateway_gateway_B_29.csv,,
2026-04-19 16:33:45,gateway,gateway_B,gatewayB,29,local_train,15,30,0.8999999761581421,0.4186382293701172,30.0,RN_NO_ASCON,RN,plain,29,model_metrics_gateway_gateway_B_29.csv,,
2026-04-19 16:34:35,gateway,gateway_B,gatewayB,29,local_train,16,30,0.9666666388511658,0.0872103944420814,30.0,RN_NO_ASCON,RN,plain,29,model_metrics_gateway_gateway_B_29.csv,,
2026-04-19 16:35:25,gateway,gateway_B,gatewayB,29,local_train,17,30,0.8999999761581421,0.1893649399280548,30.0,RN_NO_ASCON,RN,plain,29,model_metrics_gateway_gateway_B_29.csv,,
2026-04-19 16:36:15,gateway,gateway_B,gatewayB,29,local_train,18,30,0.9666666388511658,0.1127675920724868,30.0,RN_NO_ASCON,RN,plain,29,model_metrics_gateway_gateway_B_29.csv,,
2026-04-19 16:37:06,gateway,gateway_B,gatewayB,29,local_train,19,30,0.9333333373069764,0.1678253561258316,30.0,RN_NO_ASCON,RN,plain,29,model_metrics_gateway_gateway_B_29.csv,,
